study_id,p0,p1,p2,p3,label,cv_fold
00086460a852,0.13698940215186348,0.3870674764624508,0.2993715167736407,0.17657160461204496,1,3
000c9c05fd14,0.1530943812336099,0.5898292577900333,0.2182375388246876,0.03883882215166924,3,1
00792b5c8852,0.5614092803152997,0.0909330865994874,0.3439799698192709,0.003677663265941959,0,1
00908ffd2d08,0.18739024868151272,0.44811317260026134,0.3480531087101536,0.01644347000807238,0,0
009bc005edaa,0.04324948161765367,0.8924654133250112,0.05260981527409268,0.011675289783242407,2,2
00a76543ed93,0.6481278872749513,0.19874224316233124,0.13609331618529313,0.017036553377424293,2,0
00a87235ca36,0.15434456744038463,0.7657473255499782,0.07785839840353527,0.0020497086061020352,1,4
00b33b3eb8d9,0.19722839131076939,0.44869496419572874,0.3310653684255539,0.023011276067947957,1,3
00c241c3fc0d,0.3927093352198915,0.4410825515105092,0.1512996820620211,0.014908431207578196,0,3
00c83e33588f,0.49575096031558813,0.09311433800580579,0.404545137911405,0.006589563767201045,2,4
00ccd633fb0e,0.5447759638297663,0.36154208200363525,0.07411439314870173,0.01956756101789659,0,3
00e936c58da6,0.6528883095816549,0.24130511287941608,0.10420933429606173,0.0015972432428672982,0,3
00fceac64e6a,0.07540999307456243,0.5470535218607568,0.26393120159727435,0.11360528346740642,2,1
00febcfee50b,0.7019408663436105,0.12981292932774946,0.15260874114753667,0.01563746318110334,0,0
01206a422293,0.03885097131050561,0.8021218541609778,0.15021848059540246,0.008808693933114148,1,0
012229ebd9b3,0.533306225446623,0.25083891881239617,0.10487321308993135,0.11098164265104969,0,3
013d698aeecb,0.7360096552367064,0.1047158349871393,0.15559683632638008,0.0036776734497742276,0,0
0142feaef82f,0.1312146191170462,0.7994574307403322,0.03377924062442357,0.03554870951819806,2,0
0147e3c530f2,0.31838835477851973,0.5237041374411555,0.10761597158070747,0.0502915361996171,2,1
01494b9b4423,0.5876798269144098,0.1763045265284226,0.22313905582333812,0.012876590733829369,2,3
015707c0e73f,0.08194490126548121,0.736479637650117,0.14916052575553254,0.032414935328869146,1,4
0159c2d40b52,0.021786014417273167,0.6373199110189357,0.3158544058920694,0.02503966867172173,1,3
016c1781fbb2,0.4445142623655588,0.15981355664503774,0.35656376793387273,0.039108413055530776,0,0
0172a5607c9d,0.09983198757410125,0.5706861269722865,0.3178440296331306,0.011637855820481654,1,0
018c5ec34722,0.09856122606132238,0.8559483690794968,0.02452562782267418,0.020964777036506538,2,0
018c96c9aeff,0.028295375790323665,0.8872745098805337,0.0766325478491089,0.007797566480033922,2,2
018cfcc1e851,0.02540064852006226,0.8888290417401462,0.08358781367040291,0.0021824960693886584,2,3
01934dbaf28b,0.8758382876763094,0.032761494693549595,0.09003550053416529,0.001364717095975787,0,0
019960c57d32,0.01599874423322494,0.9294713853820936,0.050952878214807706,0.003576992169873821,1,1
019aef94b388,0.7905249178472604,0.11946135599474633,0.06995824563633456,0.020055480521658602,0,0
01c6c27b82a4,0.47483097901446336,0.26196124748557936,0.25340882740633325,0.009798946093624174,0,3
01c8e624037b,0.6216904058077962,0.21244743023159643,0.13546768126534578,0.03039448269526159,3,1
01ce54f82d94,0.9001606973847727,0.016490490881320586,0.06826945009006374,0.01507936164384313,0,2
01e030757f57,0.07247240449742139,0.537779726425425,0.38164826102022653,0.008099608056927035,1,3
01e19055f756,0.6857904520771083,0.14706336810776738,0.16292998159073754,0.004216198224386734,2,1
01e830e3a965,0.12570243780054957,0.7300356303435158,0.09972128962443934,0.04454064223149527,0,2
01f104b42afd,0.012191077914137009,0.9045834020206792,0.07741949891309105,0.005806021152092722,0,1
01fc72cc1f1a,0.0024056355327622078,0.9806288871741586,0.015778254364473644,0.001187222928605361,1,1
0207ea0aaf24,0.07810633741066697,0.618703854527928,0.28944250828660334,0.013747299774801689,1,1
0212c908aa20,0.8936740583951273,0.03170190739975217,0.024560076385139417,0.0500639578199811,0,3
0213594439b0,0.0014757148426674898,0.9874046730271502,0.011056431766384224,6.318036379793393e-05,1,1
021986b21570,0.10463838298494119,0.7661317909650929,0.12037725706826222,0.008852568981703751,1,1
021a7bd50924,0.02871615959418973,0.7994611012287582,0.15145481231594735,0.020367926861104793,1,2
022f9b3cfd91,0.31900245881046513,0.5925739156840236,0.0874858584477853,0.000937767057725985,1,0
02401e15e783,0.06762073908355067,0.7591398574159867,0.17154650076431108,0.0016929027361516755,1,0
0287079f5a1a,0.5513339751850301,0.1615892894013417,0.12561031277717552,0.1614664226364527,0,1
028b79a357d6,0.11642970399125557,0.3990532362597847,0.47608092478264463,0.008436134966315005,2,4
02a0fd4d10d6,0.7774473901708567,0.13725245147994788,0.051460883201769274,0.03383927514742607,1,2
02accd5bab1f,0.9044244649274976,0.036771490118318574,0.03764247138164992,0.021161573572533815,0,3
02be71f8212c,0.010236172182110875,0.8938278324924644,0.08855272842755084,0.0073832668978739075,3,3
02bfa5949092,0.15336968301790654,0.7150591898271663,0.11603389857205489,0.015537228582872402,0,0
02e31620e4e7,0.07389603715478668,0.698062743790019,0.22611807145494653,0.001923147600247822,1,2
02e6db1dccd4,0.021210421789517517,0.7107688476026358,0.10335033601275659,0.16467039459509014,1,2
03169bde8e0e,0.23386469356823467,0.6594619934201436,0.06412957071173893,0.042543742299882885,0,2
03295f6c7460,0.09496286058318235,0.7671584906727075,0.13039170861600663,0.007486940128103512,1,0
032c262f65c0,0.8092321464234572,0.04345538624235344,0.1389515987739673,0.008360868560221946,0,2
032d9cc1e0ef,0.007298907190672655,0.9797600428908716,0.010036625167530188,0.0029044247509254738,1,0
03461d2a218f,0.11064652908136521,0.41885137165688313,0.0503945888651254,0.4201075103966263,1,1
035c61ec21cb,0.4265516409176992,0.2879257732961166,0.2750972321984362,0.01042535358774786,0,0
0369e0385796,0.01891066387733435,0.9303776652844766,0.03019692386927096,0.020514746968917894,1,1
038124609f4c,0.27511650262783566,0.3497681630498396,0.11210306021238044,0.26301227410994443,0,4
038891a2ca57,0.13102216780144585,0.7508839185198182,0.10399414130723805,0.014099772371497843,2,4
03920c119b2b,0.017686058139907895,0.9475923413950016,0.030870274717982753,0.0038513257471078388,0,0
03a549fc0402,0.03826108834415652,0.3778332978636578,0.5396753346520319,0.044230279140153726,2,1
03c62bc287b6,0.7173917110577259,0.12646024708204484,0.15255453364358867,0.0035935082166405874,3,2
03c8c9fe62ba,0.9678025623606701,0.015558959695049907,0.015303245640154835,0.0013352323041251567,0,1
03c94694e41e,0.0821941065865521,0.6243677625345148,0.27333015963884005,0.020107971240093066,0,2
03db5dc7f1a2,0.8315991387867934,0.060884142956183246,0.10554196485695302,0.0019747534000703524,1,0
03e9959341af,0.8919638171234668,0.07801728987525824,0.02730292265881525,0.0027159703424597843,0,2
03f7a5f8d8ea,0.07347026521247901,0.6799961414170378,0.2179318842081847,0.028601709162298393,1,0
0412ac22af28,0.01663442747537893,0.8965047849407081,0.07885139912268666,0.008009388461226563,2,0
0428b590379a,0.06702099428123702,0.6299101144476874,0.2672872282061475,0.03578166306492819,0,4
0444a957bb4d,0.2603307950120231,0.38125685009797067,0.3301115701092174,0.028300784780788842,3,1
0447a64e5813,0.29467847384075074,0.2681569873206771,0.4287482885519637,0.008416250286608471,3,4
0455eeb9fbcc,0.6206008230945848,0.11260890366892558,0.18573930237620898,0.08105097086028061,0,2
045762d32a15,0.00535884221348412,0.9534394447974769,0.034334929427699674,0.006866783561339193,1,1
0478ead3b8c2,0.05277820541925823,0.8514216213321619,0.08893264023588243,0.006867533012697371,1,0
047b450939fd,0.046563312042825065,0.6201208793939016,0.3209594609119418,0.012356347651331605,2,0
0482ed7dda6e,0.07546354724583516,0.6166604535343336,0.22162915164392094,0.08624684757591011,1,1
048616ba3fe3,0.021442349738506953,0.7813184057555811,0.14116781850491011,0.05607142600100171,0,3
0490450d954b,0.49006789007658336,0.25614644041716406,0.24331332994222163,0.010472339564030857,3,0
0490565dc4c0,0.13923380985933337,0.7746422458487034,0.07038708692324389,0.015736857368719395,1,1
04e04b1e22c5,0.062288461671802846,0.7581461295472856,0.1593249460833659,0.020240462697545772,1,3
04ebc4466923,0.8118584897308059,0.12152980688633477,0.05430638195782024,0.012305321425039121,0,2
04f115f14e1c,0.07679073039104875,0.8800129733002988,0.034855585233682825,0.008340711074969571,2,1
04fc265a693e,0.022674009084446552,0.7625681916542251,0.1440453434832867,0.0707124557780416,2,2
052693d6dfff,0.6298016643274573,0.171786236074409,0.1781707454615313,0.02024135413660238,0,1
0550e5868e2d,0.07590822784090269,0.7570736288343696,0.1487121598971843,0.018305983427543304,1,0
0556cdfa7299,0.6071797680014257,0.34103577894674164,0.04042108040463771,0.011363372647194973,0,2
055f0253e5cc,0.042095660833887896,0.8454182533754545,0.10154897032296135,0.010937115467696195,0,4
056126fb6e9f,0.1237410957942989,0.34174680635977084,0.45442922995175894,0.0800828678941713,1,4
057c02a959f1,0.29856705485647356,0.4923522808180803,0.07654402078456626,0.13253664354087977,1,2
0586a3fc149c,0.9470103404993226,0.01709618094342896,0.02770516642158136,0.008188312135667102,0,1
0591d7b2d734,0.10978597493285215,0.7090434345047459,0.16721659612782738,0.013953994434574608,1,0
059f8765a1c1,0.018360905128803853,0.9359254144823655,0.04234288048686081,0.0033707999019697366,1,0
05debac9c652,0.21354783217771175,0.7088799142946525,0.05551842540615162,0.022053828121484105,1,2
05f00e9a126b,0.024646876016278567,0.8877930222239582,0.08463304669805881,0.002927055061704673,2,0
05f42286c7a2,0.1840453364553469,0.7620728368651924,0.0333326531153568,0.020549173564103778,3,4
05f85b86cdd6,0.03176030246459741,0.7882339160748167,0.16437481057461395,0.015630970885972064,1,4
060ed64e8ea3,0.019277180248170517,0.9391744777676727,0.03781025714476832,0.0037380848393884576,1,0
060fbd1293ee,0.9798533574474491,0.005373332418880817,0.012712600878258212,0.0020607092554120157,0,4
061d2ddaddd1,0.03415150099530115,0.5145042148943577,0.4166630123873022,0.03468127172303898,2,2
065a7fafe1a7,0.06431030363306112,0.8813587446948187,0.04709481263955816,0.007236139032561915,3,4
066b12d875eb,0.014501062963105478,0.8423880924901577,0.13776359919309303,0.005347245353643835,2,3
066b28c3eb1e,0.8582226382596041,0.10191982418273365,0.03437324698930165,0.005484290568360645,0,1
067d0d1495a8,0.2975348876500257,0.4239042016059931,0.2730333665714544,0.005527544172526689,1,2
0680d8beb75f,0.07111336658661949,0.5709122393695297,0.2676845823104872,0.09028981173336374,2,3
068be3f82883,0.35805112463528826,0.2733432322069703,0.28944477181477507,0.07916087134296623,1,2
069f0610c6e5,0.09761250620490985,0.7866679909616535,0.11076945856606661,0.004950044267370026,1,0
06b01b8935cb,0.12880772379043406,0.7403485757351834,0.08249140781617718,0.04835229265820521,0,1
06b55d23496f,0.8039703124234596,0.10252630265761309,0.0766795804139251,0.01682380450500214,1,3
06dc92c4302a,0.25832247320714574,0.6779228566060398,0.045432942326777914,0.0183217278600365,1,2
06e5fcfcd2f8,0.5262121801815174,0.11308112724619639,0.35289098340756203,0.007815709164724202,0,4
06ee997f0ba0,0.08688201235510268,0.7286273995853718,0.048796293520239876,0.13569429453928558,2,3
06f711c020a1,0.20555097110301304,0.48038011366895866,0.30416590280896383,0.009903012419064461,2,4
07096154447a,0.04159927801482908,0.43685100209253996,0.5164141123959499,0.005135607496680989,1,3
070cbb72137d,0.9457820598144975,0.029724678889083766,0.021120927263022327,0.003372334033396636,2,1
07110539dce9,0.1147970216428874,0.8042041597454617,0.07789915344261882,0.0030996651690321218,1,2
0717c8ac304f,0.06481437591205101,0.3983017967026276,0.5076647914382647,0.02921903594705659,1,0
0718a591b693,0.348537272831872,0.3021506420311095,0.2860023774669703,0.06330970767004801,0,4
0725e859c8de,0.03624791710103479,0.8347723934242609,0.1253613654745993,0.00361832400010489,0,3
072ae7beb987,0.982870017159959,0.009636747484949566,0.005504584301750379,0.0019886510533409377,0,4
072f2a6a3afe,0.08734537756001462,0.8002452350881262,0.05596730024965809,0.0564420871022012,1,0
075544a7881c,0.013266087356069487,0.9521172956561781,0.03245689598075171,0.0021597210070007098,1,1
076451eaa633,0.18935376229958953,0.7470568811330606,0.0515655598831819,0.012023796684168224,0,1
0786e68c8c8d,0.9679938488641427,0.017461685606689623,0.009923440058138068,0.0046210254710295755,0,2
078e02e7614f,0.7592470821928761,0.16914686533587686,0.06777234608178657,0.0038337063894604995,2,4
07908d53db2b,0.027835499875445396,0.6604819302143481,0.219462498258781,0.09222007165142539,3,2
079e0cefd391,0.3538904904870972,0.3613168169072377,0.27048195745808884,0.01431073514757617,1,3
07a2358b4e59,0.9455477818076877,0.02028634551011765,0.0239009238703025,0.010264948811892194,2,4
07ab05ea79fa,0.043974309762026736,0.9103694779890379,0.03459075206123053,0.01106546018770484,1,2
07b01d3eb9d2,0.1308056299136604,0.4052805071638898,0.41387158494868215,0.05004227797376762,0,3
07caeab1de20,0.10255684859017526,0.48653040538025977,0.3907569390327008,0.02015580699686417,1,2
07d5f3e47055,0.01998204382414561,0.7008230798193121,0.27660371304526127,0.0025911633112810856,1,2
07ee38c90625,0.04990103123507694,0.3031573938040917,0.3623533101877066,0.28458826477312477,0,2
0809cb7a5f38,0.7922815267747388,0.0417952853232164,0.03598656723504938,0.12993662066699524,0,2
080c164369e7,0.13529095274390174,0.4318625376572364,0.21571265720961635,0.21713385238924543,1,1
08277cefd028,0.8850896704354579,0.05133654482676958,0.0375022767389898,0.02607150799878259,3,2
082f133bd70d,0.08573374868386698,0.7779095218409222,0.11066636502984616,0.025690364445364645,1,1
0833353809f6,0.6276241193389853,0.1536117887530437,0.2089922045282389,0.009771887379732143,0,4
0845243089f8,0.47593934792745746,0.477952866842029,0.03842423120365222,0.007683554026861449,1,4
0846afd21193,0.41451585453031925,0.4389724165233206,0.13951705693969757,0.006994672006662625,1,1
0847b3407f85,0.7428548561415999,0.15384076213255776,0.02207651648344114,0.08122786524240125,2,2
08493873ea34,0.050670220550917945,0.9100842091333645,0.0281312282185214,0.01111434209719608,1,0
0862f314ec92,0.8768439761086876,0.056098704221955856,0.048846828692346245,0.018210490977010284,0,3
086f0ab55636,0.12447233592080409,0.575076304412799,0.18301207652569795,0.11743928314069896,1,2
0878e798a4a6,0.01337151719741158,0.801222035854861,0.10557474833585262,0.07983169861187488,1,2
088317a7f035,0.00918390867761188,0.955312645733494,0.0345842138979599,0.0009192316909341978,1,0
088665db15b6,0.47279868898122024,0.41558804524968374,0.06786661941714152,0.04374664635195468,2,1
089b1ed81bba,0.09846271290443115,0.4296156457488688,0.4453936381574403,0.026528003189259703,1,0
08aad9bda74f,0.7021816603149571,0.15060181913226403,0.12842527420579747,0.018791246346981354,0,1
08b3ed9bd8ff,0.019455774223212083,0.8825734183774134,0.01518981562579566,0.08278099177357887,2,2
08bf9775ebfd,0.20961820529755876,0.47576059788599523,0.21485431282597856,0.09976688399046739,0,0
08c27d332b66,0.14784778821431677,0.5719171526579424,0.15811606114764806,0.1221189979800929,1,0
08c7df1f8eee,0.4876347886612572,0.14310340836111088,0.291559442320546,0.07770236065708601,0,1
08d64eda9bab,0.655390133426147,0.18832336584763276,0.140065974451743,0.016220526274477228,1,1
08e2e4a4410e,0.006459942040864539,0.973471464012449,0.018505150660092694,0.0015634432865937508,1,4
08ec6f5aa0df,0.04794986104109277,0.383994959182543,0.5582949259756216,0.009760253800742672,1,1
08ee3bc2ae53,0.3390802557641603,0.5454047980802843,0.10524407249386741,0.010270873661687953,2,3
08f053401845,0.009495429434780992,0.9277067997738347,0.05289737189753902,0.009900398893845313,1,4
090c33962b67,0.04731468859285047,0.8391336271209145,0.08084586731323604,0.032705816972998895,1,3
09249d4b7b53,0.2021304906308656,0.06757718155026458,0.699857657653183,0.03043467016568682,3,2
09419c95273e,0.08641341686083961,0.7267040562757704,0.16050574690031535,0.02637677996307452,1,2
09539e4d58bb,0.007561615395260082,0.825687972723583,0.16269512470823316,0.004055287172923804,2,0
095a25cc191d,0.5013199199384781,0.2659866953267307,0.18777965596189014,0.044913728772901056,0,3
096061261805,0.3907952811699535,0.2938582492250575,0.2955989256522249,0.019747543952764037,0,1
096c4eb10909,0.31023833393493877,0.4440065070945302,0.23690929146986694,0.008845867500664104,0,2
096eae67f478,0.7898063004665211,0.030155192013177352,0.15111737435276348,0.02892113316753806,0,3
0983897d389c,0.3064612718122418,0.6164972359751502,0.06178244461073857,0.015259047601869417,1,3
099f710eacfd,0.006120905810043503,0.9732400186297772,0.01961259947823181,0.001026476081947632,1,3
09a6c1515372,0.2539236548111291,0.577722401812201,0.10303035221942584,0.06532359115724404,0,2
09aa1559bcd4,0.1797545739115388,0.6404878388442501,0.17207970577792206,0.007677881466289098,2,1
09bb2eb902cb,0.013196167222225646,0.6866064708555889,0.15672190055752705,0.14347546136465825,1,2
09d8a69657ab,0.35836450397378256,0.4133103678370524,0.22109885684725517,0.007226271341910064,2,4
09dd3b736a69,0.025613925789437032,0.8223575384019933,0.09304016163572977,0.05898837417284,1,2
09eff3975c81,0.051086351998871696,0.829663155304328,0.11157948738701953,0.007671005309780742,1,2
09fb4da6ca2f,0.2927632298861276,0.39147325549706335,0.3112878027948997,0.0044757118219092935,0,2
0a1a3dd9e738,0.8777990057360484,0.07205605736488953,0.0481244649231507,0.002020471975911427,3,2
0a256a4617e8,0.04485755087230406,0.7820307940870366,0.1670530771466948,0.006058577893964558,1,2
0a29d44f380b,0.042078834600118464,0.7186975333695742,0.21208990333953545,0.027133728690771852,1,0
0a316256e7b2,0.053893491439647605,0.8747015948050546,0.06896834295118613,0.0024365708041115715,1,3
0a3cd97f740b,0.28494488044023775,0.4680799733516179,0.23559361068365345,0.0113815355244909,0,0
0a49309fc682,0.13453075086458968,0.6325967195594302,0.19835575609365008,0.034516773482330114,3,0
0a54c691d360,0.582836353919215,0.24419475434806662,0.09884284611303812,0.07412604561968036,1,0
0a5b9e289c44,0.47584396329753853,0.3200341011881775,0.16189315533758,0.042228780176703964,2,3
0a763df67cdc,0.0167779797497968,0.5547774466648875,0.3581630593382396,0.07028151424707628,2,0
0a903dd7283d,0.02882178229908496,0.673225648226118,0.28254074578472943,0.015411823690067728,1,4
0a9169b86b81,0.019248917954090485,0.8594459137548861,0.11260815073003463,0.008697017560988675,1,1
0a95fd575cf1,0.43536987968937163,0.31553839238554326,0.2052701856266827,0.04382154229840249,0,2
0ab744a0db95,0.5715321067933371,0.32718263116677054,0.06267614250765843,0.03860911953223401,1,0
0abb818755e4,0.06690058821769546,0.3360797164613519,0.5489650767619788,0.04805461855897387,3,4
0acf45b01bdf,0.10427588327823022,0.7030725647643328,0.161954922569158,0.030696629388278964,0,0
0ad39f5b94c1,0.011827407696822825,0.9177901570993282,0.05100044123209775,0.01938199397175125,1,3
0adaae6adf1b,0.5682226458932726,0.284170956067002,0.14263571354920923,0.004970684490516203,0,4
0adca2b37fe5,0.8834112348054372,0.05072362703409036,0.06284262738630732,0.003022510774165352,0,2
0adfd8d6f010,0.053844373944717715,0.7311479993342067,0.1676401773262657,0.047367449394809795,1,1
0af232c221f8,0.7721042387102919,0.08863981006043302,0.11642733809403562,0.022828613135239595,2,3
0b0449d32b66,0.1508340234403011,0.5027640286590958,0.1714770552969368,0.1749248926036663,3,4
0b152dc8af83,0.13698563504541572,0.70178265101236,0.1331812026767991,0.028050511265425127,2,3
0b1671929731,0.036215975496332514,0.1892545557809639,0.5919288168318247,0.1826006518908789,2,3
0b19774105f5,0.9914939737490163,0.002643094269597427,0.00491416274486824,0.0009487692365183876,0,0
0b457ab68e89,0.5585575549238209,0.11045990634732322,0.32672867433707314,0.004253864391782713,0,4
0b462ace8c37,0.013772743645582654,0.9496730327084157,0.032455235176073044,0.004098988469928759,2,4
0b5593ee3915,0.017903461153019034,0.9369111098954496,0.03697209899935409,0.008213329952177391,1,3
0b58306a56c9,0.2545163170755949,0.1556963176650904,0.5633933025794166,0.02639406267989815,2,1
0b6a57fb8aaa,0.08930914936648093,0.34382783582826687,0.5604819633443554,0.0063810514608966746,0,4
0b7a0022dbc8,0.016147254871486924,0.9020309803408426,0.048155104871391234,0.033666659916279255,1,1
0b89a95b6733,0.14259150557493186,0.5467050592131051,0.2170977804910246,0.09360565472093842,2,0
0ba072188224,0.023128318267022257,0.6534056897995039,0.2626552320187805,0.06081075991469341,1,3
0ba55e5422ab,0.796690646377785,0.1059855031124894,0.06384490066467902,0.03347894984504676,0,4
0baee5ac23b2,0.14246103305070631,0.6204110738430147,0.1589678196901898,0.07816007341608927,1,1
0bc5db15a5b8,0.5505802065741955,0.33463976181161903,0.09289788851360392,0.021882143100581626,1,1
0bc9b8eb7ead,0.4301734805252665,0.31940751837956005,0.19350246670198076,0.05691653439319281,0,3
0bdd22c68e47,0.052222583083658305,0.7722990874874103,0.1703042520050855,0.005174077423846051,1,2
0be731313053,0.8782421627060829,0.06000430846060718,0.05561055828212369,0.006142970551186191,1,4
0c19eb129296,0.08510681702619055,0.6779133998583557,0.20099606805252468,0.03598371506292908,3,4
0c30a9ded310,0.16623069605206348,0.6465024833142933,0.16058436947614912,0.02668245115749417,0,1
0c329e5c3715,0.19179200746563635,0.6729450363980813,0.08866686180587545,0.046596094330406915,0,3
0c3d6d108e07,0.0337455362867738,0.8652776093265712,0.08519330758244928,0.015783546804205725,3,1
0c4be0c6f78c,0.04113473812614787,0.8139375035718033,0.10751349220260643,0.037414266099442386,1,2
0c5c7da459a3,0.5064211052048558,0.2977156979606181,0.1806675906485641,0.015195606185961911,0,1
0c6ef19c59cf,0.0882557500783152,0.5024585725250152,0.4025467570181083,0.006738920378561148,1,2
0c7570079a16,0.7918839003152915,0.1527842279824625,0.05202312375704731,0.003308747945198659,1,1
0c795288aac0,0.2909834796465938,0.4070728072545597,0.2806308867357463,0.02131282636310011,0,3
0c890190c894,0.1429291337419182,0.6357039974060855,0.21139111942394573,0.009975749428050552,1,0
0c9b15035c41,0.11394778110346795,0.7947314522929864,0.08320506101214434,0.008115705591401434,1,1
0c9f6e26f5fc,0.04075161912425291,0.5529723110634036,0.2958815509208869,0.11039451889145649,2,3
0ca49b5d2be4,0.14915946476576125,0.7378686334053778,0.06895571750245105,0.04401618432640987,3,2
0ccf6bf856e5,0.8246155123663178,0.10284390725709447,0.0657189024767292,0.00682167789985861,0,0
0cd5e635c50c,0.3721587518327486,0.5301843391711029,0.08798865583851356,0.009668253157634981,0,2
0cde09614efd,0.21532517746221214,0.6852937233146121,0.0743327519477874,0.025048347275388405,1,0
0d12c6a46f62,0.055853712670023245,0.5509047784956741,0.37738692030710386,0.01585458852719885,1,0
0d1626be72d5,0.3983182361716917,0.27544481072209687,0.30407963495618257,0.02215731815002885,2,3
0d19a07bbff0,0.0683781371832596,0.555754636087746,0.32337476609274646,0.05249246063624789,1,3
0d49a20737e8,0.48628859081065184,0.1313914273098363,0.27669628332885915,0.10562369855065273,0,2
0d4f4da9dda3,0.6269124288303547,0.13613615527348089,0.22833912328823186,0.008612292607932536,0,1
0d5082a9a044,0.013915228863356974,0.6791725382613609,0.2615292379304549,0.04538299494482716,1,2
0d6d3f946d7b,0.03239505969524893,0.8951403291631107,0.03978088742488063,0.03268372371675981,1,4
0d6d908b3a21,0.02488197982653208,0.5943030279720619,0.3332283776390917,0.047586614562314375,3,1
0d806ffe4e77,0.4588913364438023,0.3121985656992735,0.22512767924919272,0.0037824186077313926,0,0
0d88a0777808,0.008100219243912127,0.9558276875089029,0.033560041363263036,0.0025120518839220323,1,1
0d8d0ec75a82,0.7411571335366696,0.16826146874746267,0.08370321196157066,0.006878185754297081,0,4
0d962bb4c9f2,0.6048705871051742,0.13712079726205126,0.11079311343529877,0.1472155021974758,0,3
0d9709b3af74,0.38680078798960926,0.06866587882815661,0.531177017639587,0.013356315542647183,3,0
0d9ebdd085fc,0.15126504445190214,0.587021809841146,0.21205899268523526,0.049654153021716545,1,2
0da60a794140,0.053718842598426075,0.8535849722278898,0.08188489494406667,0.010811290229617514,1,4
0dad96d7bb42,0.6522136994480507,0.17294485818245356,0.14063611488682026,0.03420532748267543,0,1
0dbfffc14b06,0.07221481435110287,0.7381066962325586,0.06562656902526208,0.12405192039107642,1,2
0dca97b508f0,0.15096601530484963,0.3053579168390979,0.33301163007538326,0.2106644377806692,0,0
0dccf6c8a734,0.034264665181489115,0.8603491084554532,0.09196658797623032,0.013419638386827493,3,3
0dda3b2bc0a2,0.17124448257784416,0.7924668515167982,0.03398315980984311,0.002305506095514491,1,1
0e073fd45001,0.8472509937045394,0.08719736197244507,0.05064189668858981,0.014909747634425654,1,2
0e1701865c35,0.022510629892157512,0.7644121560893483,0.21043011524954197,0.0026470987689520974,1,1
0e2a0ec6533d,0.47262826708567357,0.4211326320101111,0.0913910111646206,0.014848089739594707,3,0
0e3c57f50255,0.02800373747282041,0.6856715853456772,0.2667215518042655,0.01960312537723694,1,4
0e3eff99adbc,0.025643521681423528,0.7335021255380153,0.2078686543610239,0.03298569841953735,1,4
0e4c41d96006,0.8776404668141288,0.044068068998450664,0.061901859257962585,0.016389604929458058,0,2
0e62c82c7975,0.1097271091086461,0.7695560010372033,0.08585843806013245,0.034858451794018135,1,1
0e63ba149294,0.004538098987968996,0.9336155352722464,0.05941806789543634,0.0024282978443483038,1,0
0e698a56dcd3,0.9625691540321418,0.029069983797786036,0.004747700796248099,0.003613161373824303,0,3
0e76983343a5,0.6293262119174587,0.2687275604766442,0.09205234388560411,0.009893883720292842,0,1
0e873e593a75,0.04556155869459994,0.8317025766162813,0.09923270945483957,0.023503155234279188,3,4
0e89eeeb5eef,0.023033904956733353,0.9425408159537921,0.018696105922121675,0.015729173167352686,1,2
0e908a012691,0.03816182904700475,0.569183720634072,0.3829689633074296,0.009685487011493684,1,1
0e9bece7e297,0.038632833147361115,0.8307057838428915,0.12044787186623884,0.010213511143508519,2,0
0eb98db06f45,0.195856826905476,0.6425661976369718,0.1502832130567457,0.011293762400806645,1,1
0ec2cfa1e0ea,0.07880304918437815,0.5554405022575339,0.06878383086768948,0.29697261769039834,3,3
0ec2edfe7846,0.09725921753384578,0.8018303713145266,0.09122213572216824,0.00968827542945942,1,1
0ee1a62438bd,0.09536407432457297,0.6716176344215731,0.2287730213339695,0.0042452699198845655,1,2
0ee703df04a3,0.4132455253756282,0.39542355266354473,0.18591626744669415,0.00541465451413281,0,3
0efc048f9f22,0.15240258345433266,0.5557156743658824,0.24962690293885265,0.0422548392409322,1,3
0f0cda6d8d62,0.8694984713112018,0.08612215234582496,0.04099791792467376,0.003381458418299444,0,4
0f21dc4d6a38,0.04457415396891465,0.4959329048528239,0.2762430081371408,0.18324993304112078,2,1
0f2816e59e90,0.41214127187417277,0.17830948493875515,0.3914835153425303,0.018065727844541857,0,0
0f3963b5b9bc,0.3853856559339432,0.4294827156640362,0.17644047791718995,0.008691150484830682,1,0
0f61a1f7ed0a,0.028985292248404793,0.40822227015785495,0.5180006996304615,0.044791737963278774,2,2
0f6b7e2b8dd9,0.8587486384418237,0.04728320931892059,0.06724907046047339,0.02671908177878229,0,0
0f712cf8a226,0.8411709768613287,0.09526606471289886,0.05852716317646145,0.005035795249310929,0,2
0f86f48eeeac,0.17854509535765983,0.6801985755713106,0.11600268580232674,0.025253643268702806,2,2
0f903cf7e724,0.7916566125230442,0.16684498258739658,0.028291853694004367,0.013206551195554845,1,1
0f98e00ec7c1,0.728656936625305,0.13441579747688265,0.13364412277757756,0.0032831431202347155,0,2
0fb43e2250de,0.17757853169522897,0.5087958095166951,0.30650814263750037,0.007117516150575631,0,2
0fca95b2e96f,0.10609336116723157,0.6162846185477241,0.13059731660287055,0.1470247036821737,0,1
0fd2db233deb,0.046594285228876306,0.5601303859438517,0.329978213563751,0.06329711526352101,2,3
0ff3c25a854c,0.08219905276167391,0.5422263375785982,0.2937944927714161,0.08178011688831187,3,1
1011cb42537b,0.16954091851744796,0.703337944058985,0.1249601655922613,0.0021609718313058573,1,1
1014eb974c52,0.06287788006266076,0.1778366946246132,0.26115796814121006,0.49812745717151596,2,1
101c3d954b1a,0.4736391566932687,0.2531371131656174,0.2680437065906537,0.005180023550460044,1,0
10210984c4e3,0.9031887789383166,0.06689632722498517,0.01570847695242385,0.014206416884274271,0,2
1023832e4df5,0.0235748561216687,0.9234781213641178,0.03409575193206555,0.018851270582148034,1,3
102b9bd43e3f,0.08282969867032708,0.7914512151412768,0.07783571506531403,0.047883371123082004,1,1
1057c264185b,0.26100325436085364,0.5869261921552056,0.14335553727896055,0.008715016204980233,1,3
106749939445,0.32851986949342854,0.28388385644060476,0.3574856960634075,0.030110578002559264,0,1
109cf108fd45,0.042173492455235606,0.780104188514657,0.04835785423120509,0.12936446479890218,1,3
10b0f0913b0e,0.5224470890203244,0.18729676841629103,0.27075092282249,0.019505219740894416,0,3
10b30a720c5b,0.7256334567170583,0.18252845986090138,0.08597222831796766,0.005865855104072733,0,3
10bd268ba723,0.041093178229900724,0.6753391524816859,0.2780172670067296,0.005550402281683783,1,2
10c04ba1bd2b,0.00891268073326274,0.844094678877896,0.13407592416358527,0.012916716225255838,1,0
10c4ff4c9059,0.08666954034446746,0.6134404400948487,0.24173708567295882,0.058152933887724974,2,3
10e35f64fc16,0.18056952714055874,0.35378922233071103,0.4512094775993641,0.014431772929366196,1,3
10f0d04d472c,0.7857367440955755,0.06658463447028624,0.1321510962125929,0.015527525221545218,0,4
110f748ac87d,0.9356844594503689,0.021532797460920815,0.03813132035425424,0.004651422734456109,0,0
111796da8caa,0.2684389238136129,0.5548296937364058,0.16453907287129177,0.012192309578689598,1,0
111f1af1c3da,0.6850383260076592,0.19522836293816148,0.08303627317308176,0.036697037881097364,1,2
1124139f32e2,0.04377041312442752,0.8696700156973098,0.062038824534955704,0.024520746643306824,3,2
116aee0c66b7,0.5589115413367187,0.29642497271759227,0.12485625001979413,0.019807235925894784,1,4
1179757bcf68,0.43368805379063924,0.49018337032326054,0.06982110204931655,0.006307473836783607,0,3
1181dd47fe5c,0.014319018315552847,0.7766701626387987,0.15798592294601788,0.05102489609963059,3,1
11858d1119d0,0.6093451239591181,0.27867179295972505,0.1065455596639634,0.005437523417193533,0,0
11961f06a9b0,0.08162791937900417,0.48392012270909285,0.4161898163287692,0.018262141583133645,0,1
119f1eff7a08,0.03526516294567918,0.7566880999642928,0.12492416994262154,0.08312256714740661,2,0
11a47a5bfa3e,0.017755020909371214,0.898068306225161,0.08129593024022809,0.002880742625239602,2,4
11b52fbe26a3,0.2128348677338896,0.2153459025385986,0.5439139443588167,0.027905285368695163,2,0
11d06f38e6c7,0.5108518107939497,0.2888999772591922,0.17776308142331376,0.022485130523544353,2,4
11d1ba716865,0.10361931145395249,0.7953613929217782,0.08929708085059583,0.01172221477367347,1,4
11d3ee227030,0.043839082738076934,0.8662293053964414,0.08379659319503295,0.006135018670448641,1,1
11d461e08258,0.0290414916390274,0.5952315247201991,0.3149380323326281,0.060788951308145205,1,3
11dbbf7b8061,0.5382903115577107,0.34895081554499613,0.09875842496719382,0.014000447930099318,1,0
11dd0dac0097,0.08006450460211079,0.7965341515852447,0.1123344800144639,0.011066863798180698,1,2
11fc7a6b1309,0.8627139444971652,0.05444651714684934,0.07904828621725214,0.003791252138733324,0,2
122d8eb18755,0.015466476306575728,0.9477137766519285,0.034957410768522934,0.001862336272972984,1,3
12435b432178,0.04731225133534076,0.7017343452592024,0.23543970953799034,0.015513693867466536,1,1
12466f93afc9,0.418787164900044,0.38823545895932066,0.16390519468618453,0.02907218145445094,0,2
1264d1caa4ec,0.13118035187270966,0.4848242042478041,0.3308917178510958,0.05310372602839047,2,1
126aa6f8dd4d,0.002108973954246626,0.9693185546200511,0.026721580757173593,0.0018508906685286977,1,0
126bc37fb7cd,0.4394154091239403,0.1935879138936766,0.28443663943462555,0.08256003754775744,1,0
126d0f49608d,0.3433733046821687,0.32387100219307136,0.19737183673118913,0.1353838563935707,3,4
12a7e0fbe115,0.03926723981570748,0.4087735877161413,0.4971437995823886,0.054815372885762735,1,0
12aac2bc16f8,0.8188023528605205,0.0349035776339132,0.1417682199045736,0.004525849600992768,0,2
12d8e3dacf25,0.13934089964869856,0.8263660519651513,0.028920468728722972,0.00537257965742725,0,4
12d985bbeae6,0.8327181068964127,0.07566932572502154,0.04220851153737977,0.04940405584118623,3,1
12e41bdbf7d8,0.493388611687377,0.18107962366411787,0.18517204079367316,0.1403597238548319,3,2
12e8a13330c2,0.9361207473256753,0.02104538706754548,0.04207554881815285,0.0007583167886263028,0,1
12eb7f468be2,0.13515899930480105,0.4199622718664976,0.3718839835638198,0.07299474526488156,2,0
12ee3626ff46,0.017449775960968597,0.9431820515472996,0.0367797285281847,0.0025884439635472864,1,2
12fdd23605e7,0.3607614750288067,0.059749253696061114,0.5724432012506246,0.007046070024507669,0,4
12fe5d33abc6,0.06683070481947392,0.6187568315451806,0.31240704628854077,0.0020054173468046846,2,1
1310de79e289,0.4467058540409933,0.4381995216299247,0.04987010681635168,0.06522451751273023,1,2
1311dd0e5c64,0.08185958247488027,0.7654784111915339,0.14560116889563673,0.007060837437949232,0,4
131bc41b0023,0.10139794080715764,0.8023856763989831,0.08854766029717698,0.007668722496682404,1,4
132141473871,0.07058911469888667,0.6340179674447893,0.25819291340417516,0.03720000445214889,1,0
13320f26da3c,0.12410581018241852,0.6249598301268525,0.23674160536699407,0.014192754323734838,1,2
133a21a5280f,0.011440361496837845,0.6924273528421435,0.2413603023664962,0.05477198329452234,1,4
133f2685856f,0.163225144062462,0.711662607101913,0.11788025137356499,0.007231997462060059,1,1
1346f9458379,0.21168893862354043,0.6988216773629553,0.04886860145471071,0.04062078255879355,0,2
13481f97071c,0.046398624751692215,0.3564441825031366,0.5824863208249308,0.014670871920240316,1,4
13787cd0a611,0.06614325801871512,0.8594327009830682,0.060086715568012664,0.01433732543020404,1,1
138be234cb3c,0.14620660741504352,0.6306237116818709,0.205002791396276,0.018166889506809607,1,0
1392a9bbcbdb,0.04810070007172415,0.7663803390282318,0.18101459003578568,0.004504370864258284,1,0
13b60143c0f5,0.07012883390947212,0.8785791650128281,0.04858993718877626,0.00270206388892356,1,4
13bd1f239046,0.8066449298444953,0.0825779995758826,0.10831563432240511,0.0024614362572169457,2,0
13ce825a3cf7,0.10853370345894585,0.7585229692829614,0.1313315834944069,0.0016117437636858883,1,1
13def796c64d,0.0575366712832706,0.7584006935129026,0.12513668238581413,0.058925952818012606,1,0
13e21ab810f1,0.2910260122065969,0.40386182828266237,0.3008019506545131,0.004310208856227507,2,1
13eff8f19efb,0.11555011163481275,0.7793760077154851,0.09414855933676648,0.010925321312935901,1,2
13f1e5778385,0.023839759410198325,0.8836873428494479,0.09023358894534748,0.0022393087950060434,1,2
13f212585f43,0.1605659224428398,0.49460312939804946,0.3378895928175341,0.0069413553415766955,0,2
13f84be4b729,0.02978279822194962,0.9611637659849267,0.006921021696002498,0.0021324140971212394,1,4
14098d7c56bf,0.020306713437899828,0.8843397253686793,0.05074974820005653,0.044603812993364446,1,3
141cfd1cf748,0.8692884329719386,0.021390761714662056,0.10749045019802538,0.0018303551153741463,2,0
14204d559d6c,0.904615827280772,0.0682401598645564,0.024703584403728097,0.0024404284509435695,0,3
14214ff4686b,0.5889685661900161,0.25649283737059253,0.10722851825270978,0.04731007818668145,0,3
1427ed4ecdf1,0.41983467217765136,0.5116261062975924,0.06335373554625086,0.005185485978505442,0,4
1428fbfc536d,0.8315656043434118,0.03325466551869011,0.13329442407148867,0.0018853060664095558,0,0
143c466c5a41,0.28098972745297146,0.3599203453436867,0.27812776482418905,0.08096216237915274,1,0
1452424edbbd,0.09246208068000902,0.7850362885400543,0.11497345564917694,0.007528175130759752,1,4
145a2c752783,0.5060546202125311,0.20567705164202932,0.2526750608264866,0.035593267318952945,0,0
145ea107cfdf,0.058804943487890685,0.8487373712409373,0.04706074544725169,0.04539693982392024,1,1
1468f89958ae,0.28497627277835647,0.35491391074550965,0.32626503948654173,0.03384477698959213,1,4
1496ac223912,0.7926767703264065,0.06760928400191529,0.10548480492891885,0.03422914074275953,2,1
14b5805d90cf,0.7799670785187712,0.05951676878610652,0.1490363633292824,0.011479789365839868,0,2
14be42e4beee,0.09661141869868908,0.6246826646235465,0.2681072453268979,0.010598671350866506,2,3
14c938eebb45,0.0242254223787933,0.9175431545170722,0.054782803482159984,0.0034486196219742633,1,4
14e56e75b328,0.13140084580817682,0.6766875492932707,0.16227370687683473,0.02963789802171786,3,2
14f70dbb7730,0.09186597565226895,0.6206649935946523,0.2850157642859912,0.0024532664670876346,1,0
14fa513dbf03,0.1967747239059058,0.5665973893574004,0.21730847705812878,0.019319409678565016,3,2
14fc1724dc3d,0.1810858469598104,0.7842340015494883,0.029271922381461812,0.005408229109239462,1,2
150c8a29908b,0.47291154553556386,0.3633385920115569,0.1619426455979687,0.0018072168549107697,2,2
151097927345,0.04143860107632134,0.8158764801351118,0.12826370769696427,0.014421211091602562,1,0
152084ef57a6,0.8512462853618024,0.037748657585015645,0.10851914616280661,0.002485910890375452,0,3
153f72083ac5,0.004966039017257673,0.9782093200497053,0.015367888212900825,0.0014567527201361273,1,3
154b47e45726,0.4906030453910539,0.42742397796727294,0.06277035033024489,0.019202626311428366,0,3
1553091efbda,0.10476416577882032,0.6661850518815273,0.20632645184794457,0.02272433049170788,1,3
1554e808cb6d,0.3152906417297704,0.46399340437740505,0.18750696724959692,0.033208986643227724,0,1
155b096d1b12,0.9381552543488192,0.0483184420472892,0.007801510386751099,0.005724793217140743,0,1
1565a173b9e0,0.2553169248431001,0.31939722424960293,0.34255771386319095,0.0827281370441059,3,1
156e6297a136,0.8909913995620106,0.02740512220784273,0.06813169409767211,0.013471784132474659,0,1
158f4775c613,0.06787656749659089,0.5584272353728085,0.3475916012892057,0.026104595841395017,1,1
1594ca188938,0.010511635699555441,0.8567222125223333,0.11385814735265266,0.018908004425458615,1,3
1595bbc15964,0.5964024063067429,0.08469621545479637,0.1403726358180726,0.1785287424203882,0,1
15987bfb9f6c,0.5604117207366441,0.35257609866412093,0.07552310827287446,0.011489072326360438,1,3
159c607b0f88,0.8088368168785779,0.12734393451573583,0.05803063557582004,0.005788613029866165,2,4
159cbf48e73c,0.024097605954438342,0.9039271742090565,0.05402259362713839,0.01795262620936675,1,3
15ae12f7cfb1,0.1193121794776957,0.27123409100299345,0.3721998199373279,0.23725390958198295,1,0
15b667401963,0.022949295979146953,0.8458935123464544,0.11672862354905064,0.014428568125347978,1,3
15b8fbeb41a8,0.015725481748872252,0.8762533920851053,0.08697688044853591,0.02104424571748648,1,4
15bd754f1ec1,0.12812531314208844,0.6651299149919457,0.19495139977515655,0.011793372090809232,1,3
15cd3787bcc0,0.1472881339773802,0.6117432444011127,0.17483213657246616,0.06613648504904092,3,3
15e2f6a8e8fc,0.7571993495487185,0.15072325059889918,0.03758173154057046,0.05449566831181183,3,3
15e7f6ecc2c5,0.6669822401473773,0.17063735717574754,0.11146115841531755,0.050919244261557514,1,2
15f05ab2d893,0.11597488044632433,0.7108056345647287,0.10517568711085992,0.06804379787808706,1,2
15f599eeb81f,0.052911480128247014,0.6363468779718784,0.30380036976943986,0.0069412721304346805,1,3
15f749d8d34c,0.041403868224772065,0.9058095837387139,0.04590500256620827,0.0068815454703057884,1,2
15fe7f82b7e2,0.15374141575279515,0.694666043390689,0.14347568080807177,0.00811686004844406,1,4
160c3b649efd,0.2324965609145146,0.240210387713805,0.5146942251736946,0.012598826197985831,1,1
160c8b6c7e2c,0.05267783353008923,0.7180683054958434,0.1780497853690101,0.05120407560505706,1,0
161664ae65cc,0.11112693020512704,0.632060145650077,0.23673883088270525,0.020074093262090732,2,0
161875acf5a4,0.39858347358452995,0.25266749575984543,0.2931911082256399,0.05555792242998478,1,0
1618ee0e44de,0.18744818218528028,0.5592075269927145,0.18850059395237534,0.06484369686962992,1,3
161a333c9092,0.17376274471653685,0.6796316540275547,0.11726559384529286,0.02934000741061582,1,4
161d81d28399,0.4406865241527392,0.2775612902966111,0.27698570940898853,0.0047664761416612005,2,1
16203f0dd93a,0.6292282421495194,0.1641854009520102,0.20083749647190915,0.005748860426561122,0,1
162b49bd6d26,0.9274136570907738,0.04110197113450231,0.02456682688016394,0.006917544894559912,3,1
1665788ce755,0.009407035364791805,0.9124646915570206,0.05638913441851227,0.021739138659675403,1,3
1674ae57f764,0.6774444338792307,0.21259416455454883,0.09234822371514419,0.017613177851076356,1,4
168dddd3daa1,0.06837431361281712,0.7218684825218243,0.17528827717993398,0.03446892668542455,1,1
16954003ded9,0.8324996864855994,0.08068688003095506,0.07883309980720844,0.007980333676237083,2,4
1697e617266f,0.3525045589264187,0.5599799827201052,0.08584648014107114,0.0016689782124050126,1,4
16a13141a4ec,0.05969484478539931,0.8572751550731269,0.07840378123864224,0.004626218902831683,1,0
16a9737d2dff,0.7246832150497243,0.14638640392939103,0.07528403364466038,0.05364634737622411,0,3
16c0b52e5fa7,0.18837270895983207,0.5213053333360227,0.17781530782420932,0.11250664987993592,1,1
16d98c50e843,0.018999795168473887,0.6039157409292193,0.2119666521187403,0.16511781178356644,1,4
16fbc834dda4,0.21222526360199193,0.5274887266919577,0.18949195653810655,0.07079405316794388,1,1
170ac27f26c2,0.002362324275045976,0.9643001900957909,0.02731791002529534,0.006019575603867834,2,0
172e2caf0eb4,0.2612523118982787,0.5307713061314284,0.18119785926930754,0.026778522700985314,1,1
17493bd373b8,0.01645521025532746,0.9041846144304952,0.07656960001397106,0.0027905753002063272,1,3
17577170d7ca,0.7458423935895193,0.14655405702837623,0.10139978128064103,0.006203768101463338,0,2
1772697538d3,0.37764349090044,0.3213619170553687,0.29923425584927854,0.0017603361949127428,0,2
17a89ce1e5b3,0.8559132966338538,0.10564750374019397,0.033056313536470705,0.005382886089481315,2,2
17b73dde4491,0.19471519681647137,0.7129012427217872,0.0885879673793596,0.003795593082381748,1,2
17b7d506e666,0.04353380670975903,0.7758220747814559,0.15808772272871338,0.02255639578007177,3,1
17bb0bdd2f7b,0.007707747705145408,0.9782415396004274,0.01337273265857598,0.000677980035851301,2,1
17c04e889fdd,0.7413569739147646,0.0644341848423591,0.18691701497983465,0.007291826263041508,0,0
17c25c1ffb8d,0.8649547605714,0.08869872912157559,0.045227194353394645,0.0011193159536298444,3,4
17c64a6e2c5a,0.03395481901371627,0.9518035453571646,0.011835439155881915,0.002406196473237402,1,0
17da3bebe960,0.04866564185315877,0.8735513008733128,0.07043810004915937,0.007344957224368958,1,1
17e2c13b13a4,0.10370625094367099,0.5934942560105577,0.29640677669683774,0.006392716348933532,2,4
17e46fc66a16,0.012401891458307054,0.8829773098750231,0.10007380858845759,0.004546990078212363,1,4
181360cf5b3f,0.43847836573338467,0.1833593896508594,0.2660727468019526,0.11208949781380355,0,1
18156e6f27e8,0.33168480508776493,0.5517948796242211,0.1129145592759488,0.0036057560120652333,0,3
18211ed86296,0.8037374964432946,0.12266664936246195,0.06851880848814433,0.005077045706098889,2,1
184cd4d75979,0.09016127798228908,0.5964452232963345,0.29971498407011765,0.013678514651258843,1,3
185dd4caeaa6,0.00656347541829858,0.9834539707453034,0.00944805171569611,0.0005345021207021659,1,1
185ebc0fc39d,0.9558876790783316,0.021763516244077536,0.013818078809981298,0.008530725867609503,0,3
1882d31c20a8,0.015216821522504047,0.7899140115579155,0.1387086593615673,0.056160507558013176,1,4
18a530e6a802,0.3822822431307286,0.44905411923443866,0.09516948785509646,0.07349414977973609,1,2
18a979da66a5,0.16810849113647758,0.35975607976534785,0.2333523140221256,0.23878311507604894,2,4
18bcd9a1da10,0.021498242658600973,0.7227836198003562,0.23824897350792712,0.017469164033115634,1,2
18d48e95755f,0.5891617018201649,0.166168323261153,0.07831694985987478,0.1663530250588074,0,4
18f97a81047e,0.29349380630053007,0.3209120855201574,0.38391811830882605,0.0016759898704865783,1,1
19049e36a56b,0.022163810556431705,0.8150463082988025,0.107224240128581,0.05556564101618472,1,3
190f1d3cbb04,0.029692148652215273,0.80322193510546,0.14156278281062806,0.025523133431696626,1,1
1914c949b980,0.0057165128180024245,0.8733265797149682,0.11158994649990904,0.009366960967120475,1,0
192cb96503cb,0.5751582198456109,0.2612905415372122,0.1348729110795215,0.028678327537655347,1,2
1939753be279,0.05370444924924034,0.8121156443058271,0.12399243236285228,0.010187474082080513,1,4
193d3d99e496,0.13037962138344636,0.7421449084573798,0.09224889132683495,0.03522657883233893,1,2
19406db78215,0.12806303792568108,0.7702673850171127,0.0697036418769754,0.03196593518023071,1,1
1942df72cbb4,0.05012480074568296,0.8473004095300136,0.08411592392421528,0.018458865800088136,2,3
1948a0198a86,0.19087561953967652,0.7266430547078755,0.04906226617447973,0.033419059577968264,0,4
1956c85c146d,0.31122485915565856,0.5036803080997059,0.17344706189600007,0.011647770848635459,1,2
1964b644d7ef,0.178892149819691,0.251027852473568,0.5060249884391429,0.06405500926759805,3,2
1972681565cc,0.26830400335954285,0.3610642272712249,0.36019319581160103,0.010438573557631113,1,0
19905c7259b8,0.49805131058042024,0.3198885620126414,0.15037602129634056,0.031684106110597826,1,4
199ef8aace49,0.45742549036622676,0.35480584011406247,0.181592408355823,0.006176261163887857,0,4
19a2b2618a2b,0.6733323570862227,0.18287179386933677,0.1168654266447665,0.026930422399674,3,1
19a69f8ae995,0.0052626634167642836,0.7947581723217971,0.188610189381671,0.01136897487976758,1,4
19c6a6e0cb1c,0.07693037344056193,0.8518316239527148,0.04956237986694902,0.021675622739774133,1,3
1a03f0a16164,0.42945544294809657,0.3339651125960614,0.2047270451012993,0.03185239935454273,2,1
1a0409ee4b32,0.05160478478319048,0.8639515590727361,0.04123179866142139,0.04321185748265192,2,1
1a107c04965e,0.11023639994657845,0.5888065473971361,0.22400505044291738,0.07695200221336798,1,0
1a11cb490631,0.02672988165171407,0.9324158917107971,0.032626840417086196,0.00822738622040271,1,4
1a1a47e328f7,0.06836754474239082,0.4939722845842579,0.3927175490575059,0.0449426216158454,2,0
1a2cbb5c1a7f,0.18091106880330113,0.5709930898435782,0.1654120993367704,0.08268374201635036,0,2
1a3172a2e845,0.9171395913722643,0.04868081423615491,0.030696278789987496,0.003483315601593432,0,1
1a3e729f201e,0.47850299337935576,0.39676967272868363,0.07592291386389928,0.04880442002806133,3,0
1a404401eda8,0.5679747223562384,0.1688072472261665,0.19318272246732482,0.07003530795027048,2,0
1a4b245e03da,0.5109468184053709,0.24549467294623806,0.17459950026790896,0.06895900838048212,2,1
1a53a4506f10,0.32083125437113313,0.3040239748168805,0.3044428714773432,0.0707018993346431,2,3
1a6082c58f64,0.04673503185392092,0.8133681005541895,0.0956331130366871,0.04426375455520245,1,2
1a724e3102d0,0.0915813249406317,0.7266924588652358,0.14790804850775643,0.03381816768637612,1,2
1a8038230877,0.10049442359901621,0.7279632275498537,0.16746322691559873,0.0040791219355313536,1,0
1a8733a7c289,0.07650410201976506,0.8746378303130827,0.04686472085054854,0.00199334681660363,1,4
1aa21301e856,0.33980151243164525,0.5919330341125234,0.06491136705599374,0.0033540863998376713,0,0
1aacd741dace,0.09708406835852854,0.6501469937019073,0.22033698142350205,0.03243195651606212,1,2
1aaef9f47b25,0.006886068851805468,0.960568772075486,0.027951925788162132,0.00459323328454654,1,0
1ab52121be21,0.17371113680265657,0.5026357480520586,0.31733361835452445,0.0063194967907605005,1,3
1ac1de4ecb6c,0.4588666058205372,0.22705447590336225,0.2725389061307689,0.041540012145331505,1,0
1ac288b2ce23,0.018075193323765837,0.9401079237586556,0.03815032255961741,0.00366656035796119,1,2
1ad268f677fc,0.011805435742341136,0.8791753623061013,0.080601255461686,0.028417946489871615,1,4
1ad782651f09,0.27776495663747686,0.43225239508905466,0.26842928596347904,0.0215533623099895,1,0
1aecd8c867ac,0.09209256251470653,0.5597186003748,0.26261555958295585,0.08557327752753767,1,4
1af41c4cbf5d,0.07475195324839715,0.4588037366457912,0.0836154365282543,0.38282887357755746,1,3
1b427c519a72,0.8540770973731754,0.026900839412990186,0.11270922552262562,0.006312837691208959,2,1
1b49b7921474,0.02306470969699679,0.6943261246430785,0.16244902819650717,0.1201601374634175,0,0
1b5ca94ac38b,0.041353659736717216,0.5537569407289189,0.3562256980942137,0.0486637014401502,1,0
1b6250d23465,0.03984599476032469,0.9425098416518015,0.011330891188234197,0.006313272399639561,2,4
1b6eb0f6fcb3,0.5743308304458508,0.1949886766826076,0.19558793314205064,0.035092559729490984,2,3
1b80a4e2614f,0.04391885728106467,0.9043843829506926,0.03940945499796429,0.012287304770278503,2,1
1b8afd81f6a0,0.8702937777547066,0.03065107174167129,0.08913608947216758,0.009919061031454611,0,2
1ba5ddfad18d,0.557153621516396,0.3212837827739251,0.08355109031910006,0.03801150539057876,2,1
1baca8182bf8,0.17508213263928085,0.25661280000899395,0.4577496792550948,0.1105553880966304,0,4
1bc9965d033b,0.9568292787639726,0.020338557845304313,0.018615207268886998,0.004216956121836137,0,1
1befbaaa2bdc,0.3302118619459069,0.37464964260589595,0.2058048573285537,0.08933363811964358,2,3
1bf775c57c75,0.39458957318183097,0.46999803340959134,0.12204605537984502,0.013366338028732546,2,0
1c471b0d2fb4,0.7916498498354934,0.05229612252552205,0.14644137067865048,0.009612656960334025,0,0
1c47b7084ba4,0.38902454537015324,0.4316445124454001,0.1273866039052971,0.051944338279149606,0,3
1c47fb86c8e7,0.727822806049074,0.10131287938561599,0.15824362406685757,0.01262069049845232,0,4
1c48cbfea106,0.7371481337936238,0.16035915665757666,0.07726550979325442,0.025227199755544986,2,2
1c4a89d7a901,0.09740030564318974,0.8504120331147389,0.038581207645597186,0.013606453596473911,2,3
1c5a0cb3ebc0,0.03361275288677302,0.8693281286965805,0.08851950210001465,0.008539616316631802,1,3
1c790318b3ef,0.024929197708686516,0.8821463122059059,0.07149202306729158,0.021432467018116266,1,3
1c88dbf27747,0.1068944064693004,0.7149156852605976,0.16369494271775253,0.014494965552349639,1,3
1c897615664a,0.6647314171616929,0.23019704221788656,0.09235493298605459,0.01271660763436595,2,2
1ca63facc033,0.1049901982892351,0.5120151330666068,0.3791674218388399,0.003827246805318154,1,0
1cad23eae406,0.18480465380240896,0.6959987243121986,0.10543046508166065,0.01376615680373189,2,2
1cb23162d215,0.4742372816933086,0.339696575953389,0.1736078702184493,0.012458272134853022,0,3
1cbbe74b7fcf,0.0526699945671972,0.905751251848003,0.02678445228596564,0.01479430129883427,1,3
1ccd5ebd1ca6,0.9579540535145179,0.010388089574748596,0.014309897700425251,0.017347959210308503,0,0
1cd14dd22747,0.11105305594064221,0.6998779259460776,0.17716448910379265,0.011904529009487637,1,1
1cdcb65db764,0.02809276354447633,0.6053415413541982,0.27898763416547656,0.08757806093584893,3,2
1cdccea74613,0.8515807693439165,0.042034184401277014,0.08847216711549206,0.017912879139314462,3,4
1cdf13ab07d0,0.5154058798743888,0.29439516123555015,0.14180704199917485,0.04839191689088617,2,1
1ce3a5d2f184,0.08444442025246979,0.23819084413001815,0.6684093145514841,0.008955421066027936,1,3
1ce5a6058285,0.032439997294643974,0.957190608696086,0.003836082989413069,0.006533311019856851,2,1
1ceb2008c876,0.8915333786072651,0.05154612563331078,0.03595935711048259,0.020961138648941575,0,2
1cebae6715f0,0.10765989715109617,0.4346813166765498,0.4058257625507386,0.05183302362161529,1,4
1cf24b1b5615,0.2943397621606482,0.37669640268898874,0.3211309740545241,0.007832861095838816,1,0
1d01d5f6e570,0.660623385489004,0.255289232187835,0.04870570250662891,0.03538167981653205,2,4
1d079ba88b49,0.060323355645996404,0.4337525549598115,0.40904667370071546,0.09687741569347659,3,0
1d087706bfbb,0.105438582821941,0.33699315575333394,0.5499265360714842,0.007641725353240723,1,0
1d243015f1d5,0.1671904200689017,0.7036700305415424,0.10513615098608502,0.02400339840347091,1,2
1d28a8b7c0b1,0.054696836188408066,0.6494657270927577,0.22389542463275722,0.07194201208607687,1,0
1d2c03c45291,0.07141254869446838,0.4143830474097959,0.24125832684484244,0.27294607705089324,1,0
1d4b92eb1e86,0.2569997030003607,0.6265503018276223,0.09340184721118626,0.023048147960830753,0,2
1d667e9556ad,0.03752144843685462,0.925701083431677,0.035519448090243176,0.0012580200412250543,1,2
1d6fda0514c6,0.5784204754064519,0.16127972686286818,0.23791276057964866,0.022387037151031186,0,4
1d7af2de9365,0.006431093655338955,0.9393986591025931,0.04762416113771023,0.006546086104357676,1,2
1d81732ee787,0.3374257369808258,0.39620914870168394,0.19992768849426434,0.06643742582322588,0,0
1da8d77bfbbc,0.11914987341858664,0.6085309883277641,0.23341996668643405,0.03889917156721505,2,4
1dc051f3e900,0.1963408403027368,0.5901128386449969,0.1566497511408435,0.0568965699114229,0,3
1ddffdd81388,0.05756939150747459,0.18737547191789783,0.7062441129733028,0.04881102360132483,0,4
1de4e880cb3a,0.009221161628919389,0.9354047129486779,0.053599936440915597,0.0017741889814873678,1,0
1dec8f8a5290,0.14964175573325403,0.47482488466741085,0.2925546806092735,0.0829786789900615,2,0
1e0773b7e49b,0.3078097312278666,0.27315954386186936,0.08494619658973114,0.3340845283205328,1,2
1e1b4b1b53cb,0.35839058075712926,0.40138992498058634,0.22498429889102445,0.015235195371259972,2,3
1e1b97345c32,0.9045351841302981,0.039874618934183405,0.04810811074479959,0.00748208619071893,0,2
1e250701d101,0.030956780023563616,0.8216701873855884,0.12260288368433135,0.02477014890651655,3,1
1e26273cf072,0.002045928191230175,0.9710386174527172,0.026089550995080313,0.0008259033609722155,1,0
1e322d374cd3,0.07313468125642394,0.7975519861340614,0.11570980202910174,0.013603530580412804,2,1
1e3c3ffc9561,0.005029174732815338,0.6825906194228392,0.2904549821052973,0.021925223739048448,1,4
1e3f6f8e494c,0.024979992553444914,0.6378023124868099,0.2936180868144347,0.043599608145310595,1,1
1e4e4732d5e7,0.29134313879519597,0.2536072963844382,0.42264425192292526,0.03240531289744065,2,1
1e5680a65afb,0.9150012602024394,0.0602448983667922,0.01757167887894075,0.007182162551827728,0,2
1e5912d3fb31,0.8839693284267298,0.06135537308594545,0.0517553267654721,0.002919971721852604,0,1
1e7dc61b9022,0.5614602263989824,0.11763014475740467,0.30667635016115496,0.014233278682457898,0,0
1e7e77b791bd,0.8410146173498635,0.08513442997028862,0.05955494535497323,0.014296007324874635,0,3
1e96d5eb4c91,0.014556714917189698,0.9088565671587738,0.06331636018812169,0.01327035773591482,2,3
1e98661f8fb3,0.05580308763084328,0.79903331791751,0.13857191679958805,0.006591677652058519,1,2
1eafb760551d,0.10746866398920564,0.7634235433073396,0.0989279237312733,0.030179868972181202,3,3
1eb7f8425ce6,0.4703622017954529,0.3640779401106325,0.1591593227408711,0.006400535353043456,1,4
1ed21574ae51,0.09781094735981637,0.5466141496160919,0.2634436032688245,0.0921312997552672,1,1
1eef24598603,0.0046478488050517375,0.9741754550912847,0.019794351678314472,0.0013823444253490385,1,2
1ef81f7528ce,0.026660632706889717,0.670224754316044,0.12713357614932436,0.17598103682774194,0,1
1ef89135ba6e,0.015231651213934667,0.9579562072854491,0.015115440601199957,0.011696700899416405,1,0
1f01637439b3,0.8755417727240767,0.04304902748185186,0.05432639381530397,0.027082805978767388,0,2
1f294b434700,0.7986651162666831,0.10318336362619432,0.09376315155216021,0.004388368554962441,0,3
1f321faad845,0.2433273492707283,0.39014263046993564,0.18757376122903188,0.17895625903030427,1,2
1f44938d5c2b,0.17434363838505051,0.6353268682088394,0.17550000022691434,0.01482949317919576,1,1
1f4565e83b9a,0.10084335937072587,0.22815077283875868,0.2515757353290519,0.41943013246146355,1,4
1f4ded9818dc,0.10663577030432857,0.7377257984466693,0.08735859106688672,0.06827984018211551,1,3
1f64a498ff9e,0.11814464687333216,0.8327136459474708,0.04050890827159366,0.008632798907603566,1,0
1f89329fdcf2,0.5845638724681854,0.31280868777628024,0.09888421614686821,0.0037432236086661613,2,1
1f8c2590aa47,0.12645359961980332,0.7547925730698485,0.08167724880544418,0.037076578504904,2,0
1f96e6c401a0,0.2970280734821936,0.6619084112925422,0.035583007572607156,0.005480507652657016,1,0
1f970230eff3,0.0077502153280339025,0.9767015819796354,0.012949795801132693,0.0025984068911980855,1,0
1f988b9c498a,0.2060480104843212,0.6405921330351076,0.12077769230143778,0.03258216417913346,1,1
1f9fce7e4109,0.9398392389610412,0.0409758670836201,0.015742377699822712,0.0034425162555160142,0,2
1fa134cbb2f7,0.4177791877849269,0.30570829681790623,0.23778822310156203,0.038724292295604805,0,3
1fab0b8dc055,0.046042109040915005,0.5497209418633561,0.38058495024026184,0.023651998855467087,2,2
1fc1729b5b3c,0.11227536590681074,0.47760711560160846,0.3594184657164182,0.05069905277516256,1,2
1fc3de06c533,0.22053035398585913,0.5268099070948141,0.21363301215208308,0.03902672676724368,2,0
1fcc3fac4784,0.0672354894972951,0.5676771977414741,0.10224442548233102,0.26284288727889993,1,1
1fe87642bbc3,0.08891748508865656,0.6707751430773928,0.20451258245934714,0.03579478937460346,1,0
1ffbfb47b97f,0.06880981809946539,0.7867524985302305,0.13937126022540372,0.005066423144900463,3,2
1ffc645c759a,0.9779868217939219,0.003906663932314552,0.015995114290584797,0.0021113999831786005,0,2
200c39af6b9d,0.9787473410283487,0.004070581720866411,0.0049807810673027295,0.012201296183482199,0,4
201a708feae5,0.12903674443108226,0.5704285267961253,0.24466731188691343,0.05586741688587883,2,2
202662923e15,0.2013656425851927,0.5867520885844013,0.168958382862889,0.0429238859675169,1,3
20658524054c,0.9080493537935004,0.03683377646736326,0.04543081334822279,0.009686056390913685,0,3
2072fcb4eea6,0.4467449309766287,0.17426578298615877,0.3195432901115058,0.05944599592570679,3,3
207743ea0f6d,0.6451763449114568,0.17242871831202525,0.09811306685791206,0.08428186991860578,2,2
207758407af9,0.018494187003659946,0.6194987914603303,0.29540812311163445,0.06659889842437537,1,1
207fa6f82857,0.4343950385401849,0.3107324335445245,0.2343502050317621,0.020522322883528548,2,0
20a308389234,0.3459803607743281,0.23925880973836705,0.39020982759415485,0.024551001893150185,3,2
20a86e21402f,0.09163845683155895,0.7895575183933052,0.10652269517143402,0.012281329603701749,0,1
20b52d3e2fa5,0.6401351504955692,0.03614993927405722,0.32100768032448024,0.0027072299058931134,2,2
20d3ed4a413e,0.8277930174809675,0.06704193692966087,0.09280774341944507,0.012357302169926582,3,0
20e00874f8ee,0.1283602798066015,0.6802858845879226,0.17923783807934443,0.012115997526131536,1,0
20eb74deaf29,0.40867510737262525,0.30537518455474744,0.26029744622006407,0.025652261852563186,2,3
20f85a875621,0.018112930329422287,0.8796701237229333,0.0660540555059608,0.03616289044168355,1,1
20fa80f5619e,0.729052180220504,0.0598057029685396,0.20022133601132996,0.010920780799626427,0,3
210570d62277,0.6233112579784463,0.2760899083265261,0.0981678314628908,0.002431002232136856,0,2
2133352e9cde,0.011463428825016261,0.9622889882147994,0.02467932377123806,0.0015682591889462335,1,3
2135722ae069,0.02449461181535143,0.9027641008598726,0.06866280941680475,0.004078477907971236,1,4
21468541d7b5,0.44850357119348433,0.22693371609849255,0.30314515859860136,0.021417554109421758,2,4
214a48cfa07d,0.12426853712021056,0.7774721770651456,0.08813298103313562,0.010126304781508243,2,4
214c441d728b,0.2326780755395035,0.5969921953403196,0.12797239599615182,0.04235733312402512,1,2
215bc2b055e9,0.6658081639169352,0.12088849973497486,0.20098997113147155,0.012313365216618334,2,3
216e4a640f8e,0.3384077767781651,0.5425194194881205,0.08841958128733392,0.030653222446380555,1,1
218620841a93,0.12404785391164615,0.5303527565085667,0.31729826676920925,0.028301122810577947,1,4
2193df2f77b4,0.18572250215319952,0.5990556379338373,0.18786805996945197,0.027353799943511323,0,1
21b42c133cd2,0.1251405975480554,0.5647186783231005,0.2849569259240411,0.025183798204803123,1,0
21b8491fb0e0,0.017260524538466878,0.9292935218949281,0.048835216918153006,0.00461073664845214,1,1
21be1a5bfa64,0.12891933230441616,0.7865395832189914,0.08069755727188051,0.00384352720471191,1,2
21c44b9f3caa,0.27128064876478386,0.21078125506013468,0.5027176980984938,0.015220398076587554,2,4
21ce0d042853,0.6615804138876128,0.22907931910807533,0.07821005931144687,0.03113020769286505,0,4
21d30b087de5,0.25946387494209977,0.5201444647691627,0.20902286694683683,0.011368793341900692,0,0
22088825f165,0.9033367325815422,0.04396611142969619,0.04855007790464853,0.004147078084113111,0,3
2222b92077a6,0.1798142722314734,0.3876173248542162,0.40615323997747466,0.026415162936835553,3,2
22278d83c0ab,0.9579356235233166,0.016172827076961528,0.02330051164583362,0.0025910377538883107,0,2
22353f3ff2d1,0.4198153875394519,0.27728888765818877,0.2774660838298956,0.025429640972463696,0,1
2252ba87b56b,0.010278651986419252,0.9492061624367139,0.027191553404503795,0.013323632172363126,1,4
22555df670d7,0.4023596310903617,0.1304781653871833,0.45969735894257546,0.007464844579879635,0,2
2259b6d5ac66,0.07715663796898965,0.5132442250824605,0.1958106089767164,0.21378852797183345,0,0
22686edb0131,0.47571810353011507,0.4624881667662136,0.05883145876104578,0.002962270942625702,0,4
2280689e5dd3,0.062016982497186755,0.6814192134853747,0.25447027538719236,0.002093528630246274,0,4
22869b2939dd,0.14230011335935489,0.653231320449804,0.14690616332850737,0.057562402862333654,1,3
2287b570cdd8,0.11423554471881663,0.2662517488769509,0.535298038304708,0.08421466809952458,0,4
2296c0ca15df,0.022897639863527806,0.693449725433997,0.23108324155325882,0.05256939314921644,1,4
22adb7da3c70,0.8850837596509799,0.05646073915912614,0.052025695019697726,0.006429806170196161,0,0
22d433d1fe06,0.16560908371888222,0.5965143101744753,0.2323212343986431,0.0055553717079993795,1,1
22ebaa704ad4,0.031307585687900936,0.7739205912329458,0.14809121440959436,0.046680608669558775,1,0
230f160d4a7c,0.029377472079530526,0.7011113137873886,0.23058748112352098,0.03892373300956004,0,0
231a5f824249,0.033375643830974834,0.9153597844427499,0.025463308107967583,0.02580126361830744,1,2
232d23dcb5c6,0.12652015206426998,0.5453412247633395,0.11955326957492018,0.2085853535974705,1,1
23423a5342ea,0.3742475053184054,0.5803711344693872,0.028354427252344994,0.0170269329598625,0,1
23600e975e6f,0.26605633359299075,0.5739522524702002,0.1425802947482519,0.017411119188557127,1,1
2378d336c876,0.967969208174817,0.010919657104578633,0.010996132439869941,0.010115002280734338,0,2
237b80c8279f,0.09138238410015334,0.66929446581704,0.1871454449722933,0.0521777051105135,1,0
23818431bd20,0.0609599112718759,0.23249858599489132,0.6577290446591634,0.048812458074069406,2,3
2386196182fd,0.02891005293197368,0.8291235652560085,0.13123450180976512,0.010731880002252538,3,2
2386f261f756,0.42180112515292245,0.41733907439852863,0.13645114440414005,0.02440865604440872,1,1
2387e52d164a,0.12218242140693565,0.8330119182370032,0.03215627592382791,0.012649384432233266,1,2
2394a4ec8f4b,0.009542349015041845,0.9447619497825451,0.04314075965401703,0.0025549415483961876,1,4
23a38f510f64,0.2692853921980527,0.5790353224705389,0.1260558207209601,0.025623464610448322,1,1
23aa6dfe0d6f,0.11203451327022028,0.6959658964565347,0.11362683160061833,0.07837275867262657,1,3
23c3bf39df9e,0.11612587745234441,0.7544511438438557,0.10902657618915504,0.020396402514644807,3,1
23c62fb5991e,0.43812508259293165,0.18206701033950454,0.36394325083292406,0.01586465623463993,0,4
23d35c37a05d,0.7537049280411944,0.08681048062245565,0.1349386858078427,0.02454590552850725,1,1
23dc45d96978,0.2630747294944599,0.7000768412724112,0.031754581189156486,0.005093848043972502,0,4
23dd60be5ed2,0.034836692319993416,0.6208562491471736,0.3140480607535334,0.03025899777929955,1,3
23f0f99270d8,0.02146254605684756,0.8978809099692756,0.07415604337146713,0.006500500602409824,3,1
240198fc8e9f,0.5728968947553431,0.21626829598770383,0.18772836923194489,0.023106440025008303,0,3
242e4e777d68,0.45630936084895485,0.2199606633360855,0.2839973836243113,0.03973259219064838,1,2
2433f022b206,0.019081644955136593,0.9653581354483047,0.01218515875476525,0.0033750608417934458,2,1
2437e41f60ec,0.07045772908606782,0.6797383015215698,0.231160068333736,0.018643901058626317,1,0
243b7e22a6cd,0.9207427537639752,0.04024766306382341,0.02833434214987637,0.010675241022324974,1,0
244afdf83230,0.059285441163270274,0.8743963817365179,0.057737090104515824,0.008581086995696112,1,2
244e39a44d1e,0.16746036175662068,0.39584544650535647,0.41910668478542695,0.017587506952595852,2,1
245661629b65,0.24392249661616142,0.6251913107120725,0.12741952841101833,0.003466664260747801,0,2
2460844b8bd7,0.06762667296291146,0.7771950801692419,0.08926957528932927,0.0659086715785174,1,3
246130177bd8,0.08509596108226794,0.9023203062984434,0.00782011332334161,0.004763619295947275,1,3
24623d752845,0.038642332142022714,0.19083771550214565,0.7552240173937101,0.015295934962121437,0,1
247bc4bd6a73,0.04406582038123428,0.7749261161955319,0.1391370174487208,0.04187104597451292,2,2
247f40620c10,0.9057882769235857,0.019475892224561,0.05628755498457657,0.018448275867276733,0,3
2485bd38bf72,0.8410265603011957,0.05191942594189627,0.09774195341967731,0.009312060337230631,2,0
249fbbfd89d7,0.16807115244475324,0.7206110445440592,0.03585783379613633,0.07545996921505109,1,4
24aa73a20789,0.034555162937470095,0.8042459064547399,0.13772342288554035,0.02347550772224964,2,2
24b6dac13a27,0.9056825956439553,0.04339582194741572,0.036644437553035994,0.01427714485559294,0,3
24b7753e6ef2,0.2145161295081781,0.529591823016086,0.2327248425869394,0.023167204888796592,2,1
24c3867c5d29,0.19432193129584488,0.5812005368571903,0.1420250805435836,0.08245245130338126,0,0
24c727c4d278,0.05227109083484795,0.7588611307270419,0.0886181176324385,0.10024966080567162,2,2
24cb214dd7f6,0.9480447986038936,0.016253131845584072,0.029108234383933958,0.006593835166588255,0,0
24cd517d2846,0.11609015893871868,0.7252778063799662,0.1387950148830158,0.019837019798299545,1,3
24ddf88491ff,0.5422913558368595,0.1870297679899632,0.23945042386417298,0.03122845230900432,3,3
24ec174ef46b,0.010351618237508436,0.9413743034295038,0.0465370123261904,0.0017370660067974665,1,4
24edf21f4d5a,0.504913745080644,0.2722779836572185,0.16479091027017878,0.0580173609919587,3,0
24fa5cba4f71,0.01058195044405221,0.6021093291945211,0.3658817655206106,0.021426954840816206,3,0
25134b8c00cb,0.09454068927392227,0.8528114841343961,0.04086344421910581,0.0117843823725757,2,1
2514250a50ae,0.034595224145862316,0.7566680069895403,0.1863473584075924,0.022389410457005064,1,2
251753f7ee49,0.19127332613626677,0.6117203306814214,0.18231107265032154,0.014695270531990448,1,3
2534817120d7,0.6450220475081719,0.2032852287952118,0.06767975702022007,0.08401296667639614,1,3
253710fda754,0.5238922424979949,0.2975435679445824,0.09384097540728381,0.08472321415013889,1,3
253c261bde3a,0.1151174323683494,0.37124572811859075,0.4794588083247001,0.034178031188359825,1,1
2558428fe2a7,0.7856354652161642,0.09854140843702087,0.10913916308317125,0.006683963263643457,0,2
255b4b7dbc24,0.49369026002801175,0.3927040477218609,0.0936641952741349,0.019941496975992488,1,2
255e598df62e,0.0477711579864089,0.7862643118506444,0.16302135027818912,0.002943179884757551,2,1
25710be5e0bb,0.02711595831374486,0.6708267059859905,0.24382187322780152,0.0582354624724633,1,2
25a1c199f819,0.06685832081585012,0.901407016566128,0.028956370269652643,0.0027782923483690497,1,2
25a4b11a059b,0.07214846319068638,0.7430949940047448,0.15100658055436592,0.033749962250203006,1,2
25a7988bfc95,0.2095295369902924,0.4207170001492248,0.3175234633140113,0.05222999954647155,0,0
25aabc4c9c95,0.025159034302124985,0.8265297265851396,0.11314776231478235,0.035163476797952946,1,2
25aff4eb8fb1,0.08182103626367107,0.8737804750855145,0.026222622045068304,0.01817586660574603,1,2
25b65cff2f90,0.13824678809226276,0.6483182378567162,0.17166910221756912,0.04176587183345192,3,1
25b8ba43b5a2,0.11635180042105334,0.8180838470820524,0.05316240150451936,0.012401950992374858,1,0
25be7e269a87,0.15957828818886685,0.6731097821998325,0.12849810763476038,0.038813821976540264,1,3
25ce40175fd5,0.02270917257372904,0.9357866368023687,0.039640450583146664,0.0018637400407556836,1,0
25d7c75f0317,0.3175145941834065,0.2615345822494877,0.17679801725981442,0.24415280630729136,3,0
25e21353e24e,0.33605936712610485,0.3066515496248036,0.28394902994914567,0.07334005329994578,0,4
25e957bf9bc8,0.045624485160734425,0.6579326049845122,0.2862736531774987,0.010169256677254752,1,4
25f7ca4bed9b,0.14167541622545388,0.643319304174766,0.19974344517936699,0.015261834420413184,2,3
2605bf788ab6,0.6259512820644936,0.2691410615254938,0.08183316658501243,0.023074489825000145,1,4
26142fe8357a,0.07332743167270224,0.7859099200893144,0.11926528283770235,0.021497365400281188,0,2
262dd75dd358,0.06177830971289805,0.7372651086115163,0.1805134878514267,0.02044309382415895,1,1
263e1aad5f55,0.5338595507187498,0.2232327795534905,0.15289349742129532,0.09001417230646443,1,0
2647aa350094,0.022453491668084007,0.8823753319671773,0.0908969110765383,0.004274265288200221,1,4
2651f80c25b1,0.9341884467745377,0.0368628540687022,0.02344746245896206,0.005501236697798181,0,2
26648048b098,0.18678515543318036,0.7130540500184223,0.07274387878088312,0.027416915767514156,3,4
269a455c3c91,0.33383294131291774,0.4316027455535827,0.1674547721980152,0.06710954093548441,0,3
26ae7b9c9414,0.014823946164743253,0.7833453148251025,0.17375395763858076,0.028076781371573534,1,3
26b0111b51b9,0.24441163754470996,0.42316639901197883,0.2658369005715896,0.06658506287172158,3,3
26b07f9e9e24,0.40586548198293554,0.31340876019256486,0.1207505586740038,0.15997519915049588,2,2
26becb3b6c16,0.9620480219335934,0.015815140702005133,0.012864574748602616,0.009272262615798827,2,2
26bf9b216e9c,0.12496526814993772,0.6661609387964015,0.20074748758429573,0.008126305469365044,1,1
26d5f296c24b,0.13883921733666982,0.7844730104974533,0.02387659974446879,0.052811172421408044,1,3
26ec93608fcd,0.0660846273314575,0.7214200919628784,0.0938904902307892,0.1186047904748749,1,1
2708e654cd46,0.15221156534332822,0.44913036854750865,0.36641500692181894,0.03224305918734415,3,0
27153365136b,0.03565426987385478,0.9318048148982218,0.021271938181019138,0.011268977046904296,1,4
272233b43d12,0.16758825203211142,0.7413088746134087,0.03134640207692022,0.059756471277559675,1,3
272dfcc2c228,0.8066311985981761,0.10629119263692809,0.04725959727922297,0.03981801148567269,3,1
27307dc8cdb5,0.02565006431087362,0.9366514338285268,0.03567254524079785,0.002025956619801635,1,2
273cfc39402c,0.22699615236896684,0.46973966023301766,0.2891818757816261,0.014082311616389467,2,1
27438e27d86d,0.19954750140452854,0.32351023266243595,0.3769460282723077,0.09999623766072782,2,2
274ee714467e,0.26243975142833287,0.5351745371351412,0.17840905136289684,0.023976660073629048,0,3
27513bc45ebe,0.09694910585245804,0.7778196796533899,0.11357182334575072,0.011659391148401152,1,0
275219c98ac3,0.08361088304497839,0.8144864079015014,0.09218913662803954,0.009713572425480736,2,3
278fc970196c,0.8300956927664784,0.11193268749308424,0.04560265433826824,0.012368965402169195,2,3
279ff8b28326,0.30527255639336504,0.545532733790383,0.14352854033747292,0.005666169478778935,1,4
27c586844ff7,0.04442100432181172,0.9221616608850417,0.028960866176383392,0.004456468616763129,1,4
27db1806a764,0.14750345829989134,0.8065414361421955,0.030132600759506967,0.015822504798406033,1,0
27df06029861,0.07293379089855756,0.7544282570891427,0.14985176943457834,0.02278618257772132,1,0
27e863fac512,0.10922187790813473,0.659635194219775,0.2291346221054175,0.002008305766672902,1,2
27f620156b1e,0.880954992080745,0.06124566502765407,0.05281996060398376,0.004979382287617257,0,0
27f8616263ed,0.009131677846929387,0.9204909933346966,0.06600984622220674,0.0043674825961670955,1,3
280355493a53,0.07310995598616853,0.8913308507836467,0.02842375053099278,0.007135442699191993,1,1
280826f3c8cb,0.023145637969735136,0.8730953205430563,0.10055050863832538,0.0032085328488831873,1,1
2813f9090abd,0.2836940029248845,0.5810568839317312,0.07649356938640414,0.05875554375698013,0,2
281d15ca6f64,0.05211867200789018,0.7372704956115952,0.19111097367499547,0.0194998587055191,1,2
28353a62fc75,0.8981759285189947,0.060357506134209815,0.033703170447619925,0.007763394899175391,0,1
2838d8cb10ba,0.8949679825879959,0.061632688019415585,0.030983690108478033,0.012415639284110628,0,4
28449108106b,0.6589305625915475,0.2808969576500192,0.053722749215234615,0.00644973054319883,1,0
285d0448622f,0.5569436972859839,0.36476542126362926,0.04784543962401641,0.030445441826370476,0,3
2863afd4cd1e,0.0431143869647396,0.6883523193531885,0.24771646150348056,0.020816832178591385,1,4
2865cb42d240,0.5723010597162411,0.3324314529693807,0.08742969735760547,0.007837789956772643,0,3
287b389f997b,0.037016065342499266,0.8823169653278773,0.07294558954523186,0.007721379784391619,1,0
2883027e4eb2,0.5566857937208977,0.08184625073358694,0.3579164870649396,0.0035514684805757384,0,2
28a5850d4c73,0.0908765011595248,0.5924013097156429,0.3089783760880017,0.0077438130368306605,1,2
28b1968260da,0.21352091463993672,0.5258876050451154,0.18777769906397243,0.0728137812509754,1,3
28b923d25bb7,0.018477543999047105,0.9318564125619637,0.046214563202467494,0.0034514802365214876,2,3
28bd779b2f84,0.98901612371307,0.007228869581403632,0.0034671345048446567,0.00028787220068171197,0,0
28cd5ee432cf,0.531544015295441,0.18465170649153445,0.2670894690528817,0.01671480916014269,0,3
28ddb604e393,0.03583792654983793,0.935343298225,0.024977658255212486,0.003841116969949593,1,3
28dddc8559b2,0.49722041331877515,0.13325027730579148,0.33569428308627236,0.033835026289161026,3,1
28e1a974995b,0.05974480499010249,0.7546048783782799,0.17659896456360458,0.009051352068013007,1,2
28f828b5e399,0.9066519290604562,0.04152277072535389,0.04630633277070228,0.005518967443487565,0,2
28fa33eef652,0.14157391887277565,0.7324913476062629,0.11783371769490354,0.008101015826057944,1,2
2906f6903294,0.1663608540600036,0.7088752875020681,0.11507328110510474,0.009690577332823557,0,3
290727bac658,0.06645824048295489,0.5805066379347966,0.34762379606078747,0.005411325521461017,2,4
291df618f81f,0.06139935933511102,0.3752583109279891,0.5539202167405203,0.009422112996379649,3,3
29240c2eaf30,0.011037790677099243,0.9600990017959371,0.026357983379045446,0.0025052241479180592,1,3
2938b11fe3f2,0.01901594723725552,0.7183610797403784,0.033721590969766894,0.22890138205259922,1,3
2951b5526194,0.23587281591406045,0.6404387530492154,0.11483487616686298,0.00885355486986112,2,3
29552af481ab,0.35790651281899705,0.23630489714786695,0.23471233133091982,0.1710762587022161,0,1
29578de12813,0.056760631552555965,0.7640842355670484,0.13884473187977112,0.04031040100062456,1,0
295c226093ed,0.053719685778118836,0.9158915481368659,0.021949954938004043,0.008438811147011055,1,1
297e73031b62,0.060605375835063355,0.6851096496837087,0.21984233727677202,0.03444263720445599,1,1
2980304e9bfc,0.41298156855041795,0.5321963248918821,0.05078747268730114,0.004034633870398717,1,0
298767d24da4,0.5307433221514256,0.23439463833158336,0.22997815165949365,0.004883887857497308,2,4
2990579c982c,0.2639530385929635,0.3727723666427927,0.24489425600255432,0.11838033876168952,2,1
299201b9ba40,0.6235015072585158,0.2938988285150373,0.06376082052762967,0.01883884369881726,0,0
299de817cf02,0.26447536177660963,0.4412974048447876,0.20850204580644166,0.08572518757216109,2,4
299f34b2a99c,0.2398347005126148,0.6853011209648364,0.06483971921939476,0.010024459303154062,1,1
29afa03eedd3,0.3831014784479399,0.5061302065040069,0.08409821404654734,0.026670101001505953,0,0
29b7fce85c4c,0.028575416738348527,0.7413927844756933,0.20677668437024235,0.023255114415715875,1,2
29cd2e8cd19c,0.3936815564010805,0.21434010784004198,0.37902180371043537,0.01295653204844207,1,0
29df47042061,0.21430035111464366,0.6666726217709095,0.08259772656758216,0.03642930054686463,3,1
2a1768cea4ae,0.14554113407960848,0.7666739236646107,0.0328103001583625,0.0549746420974182,0,4
2a34f33583d3,0.4931152502150329,0.34210932080583817,0.16045158581613883,0.004323843162990245,0,0
2a35c8a7742b,0.5528341098904864,0.08838036245930572,0.34640640478499823,0.012379122865209532,0,3
2a457a88c49b,0.2605235782028547,0.3247047275151629,0.3175919798727136,0.09717971440926874,0,1
2a886a5ecdc0,0.7898433217970804,0.14482187597792587,0.05978916103034183,0.005545641194651895,0,1
2a8a246f1ebb,0.6558177652351992,0.20306220261925978,0.10110446118696022,0.0400155709585809,1,1
2a99eceed859,0.22174590077976808,0.28468650480341945,0.42362150119027775,0.06994609322653468,3,2
2ab426f9cfcb,0.23118830344389318,0.2776559261946576,0.48013438067666053,0.01102138968478851,1,0
2ac71ff83527,0.3711533160090834,0.49686462941953624,0.1089464548461392,0.02303559972524118,0,3
2ac74c9a0635,0.023930353236399856,0.9332573870778781,0.037633094799623595,0.005179164886098596,1,4
2acecb7b0b72,0.8649986512536973,0.030422914107818545,0.02506859891616793,0.07950983572231633,0,0
2ae591e11315,0.8693162837776413,0.04517755180173243,0.07081241509363743,0.014693749326988952,0,0
2afe9fa4b788,0.7682061431539656,0.08903675847192145,0.121343085764733,0.02141401260938,1,4
2b074ba8887f,0.021906949865746504,0.8446929748953942,0.12702342490110607,0.006376650337753166,0,0
2b2548a40da2,0.005068434875673725,0.958297505426972,0.03283326950845552,0.003800790188898718,2,1
2b26cc349c14,0.6470807405748845,0.10426237676518268,0.22073720146338727,0.02791968119654558,2,1
2b2ab9538843,0.058736144465243494,0.7404385556677829,0.19273958152249313,0.008085718344480394,1,1
2b2e8f74947b,0.6684223529574002,0.13253179359310358,0.1875325112966916,0.011513342152804716,0,0
2b2fb5f5273c,0.8813622065660704,0.0690645315394019,0.04620594272365825,0.0033673191708695326,0,3
2b4a46eb9079,0.08170379178772433,0.4926648517063229,0.3064939569276855,0.1191373995782673,1,3
2b6132fe557c,0.10633352695938746,0.6761395956245293,0.11165921559034377,0.10586766182573946,1,4
2b70f1b3b474,0.013923367165059692,0.8323669032706339,0.1283921446068351,0.02531758495747148,1,0
2b74c9c8b9fb,0.9328967113390325,0.026776903617759803,0.03837920732105978,0.001947177722147899,0,2
2b7dbc950356,0.9402530054083749,0.0136681555438375,0.04113960354334286,0.0049392355044447665,0,2
2b7fc6e4fd1d,0.7511743469973968,0.0918462782052496,0.13685802645511905,0.020121348342234564,1,0
2b8680eba187,0.04854386891598534,0.9240708572620948,0.017141210314221948,0.010244063507697911,1,3
2b9150b35d3a,0.1462660757975791,0.5543179517587746,0.27452719328361375,0.02488877916003254,1,4
2b9eb0cb1e87,0.01421702607189094,0.8706966104142625,0.0925604433334394,0.022525920180407076,1,0
2ba80f7a6982,0.9489341559947565,0.039077550550515525,0.010325232278675031,0.0016630611760530714,0,4
2bd907ae6451,0.14626846413480393,0.4871842465639929,0.3093150685287741,0.05723222077242908,1,2
2be25a892bbb,0.48139104184541676,0.13858921518084102,0.36427966724042243,0.01574007573331971,2,4
2be9fed93af5,0.040454013628762366,0.8985046012702304,0.05311425750655976,0.007927127594447752,1,4
2bfe8dcbdbf4,0.12033793351568302,0.518085491076361,0.2621017629589103,0.09947481244904571,3,4
2c082a595014,0.048569517550201995,0.2385699484721863,0.7068545643507425,0.00600596962686928,0,0
2c09d33b5038,0.03327244468072807,0.675405269238473,0.21889354620635024,0.07242873987444874,1,0
2c1e782a68d9,0.28881951584429283,0.4027478845072125,0.29171948893812377,0.016713110710370817,1,0
2c39d421bc0a,0.5819182291511965,0.14164952541646283,0.23603900556910806,0.040393239863232504,2,0
2c45ab64718f,0.026728760887414105,0.8842710091775762,0.036837887339401375,0.05216234259560842,1,4
2c5b54bddd52,0.46571357196346147,0.30130175398411085,0.12633199305403034,0.10665268099839732,3,0
2c78ef584129,0.08290976923126606,0.40106968860659725,0.1989080470548845,0.3171124951072522,3,2
2c7d0327a977,0.04722291558479593,0.8240463800608462,0.10467755587038166,0.024053148483976276,1,3
2c84e6b44349,0.1744203455939511,0.694004081053994,0.12355788381527895,0.008017689536775821,1,4
2c94d957e11e,0.10392766122433132,0.6628453318028058,0.2296183131254771,0.0036086938473857085,3,0
2ca53fb28d25,0.9354624222451218,0.025112197359857234,0.03747378971631933,0.0019515906787016533,0,4
2ca72ba9a015,0.01257860309288,0.8262498512532016,0.14809059375522748,0.01308095189869081,2,0
2cd2a236d885,0.3676967591878827,0.1857121790865083,0.4426758807889886,0.003915180936620486,0,1
2cd813a52fb6,0.11041510893947605,0.719465773672205,0.1663670423422927,0.0037520750460263673,1,1
2cda294cfd79,0.9267019799341415,0.021588371686887545,0.04421852874693676,0.007491119632034203,0,4
2cf18332758d,0.0029637034783732705,0.9517198008498303,0.03918033348446084,0.006136162187335672,1,3
2cf2b94084ff,0.09864261141173541,0.8443808955009875,0.041090242830862066,0.015886250256415185,1,2
2d0150e971af,0.9379757383657306,0.012200340729852443,0.043134482915251494,0.0066894379891656065,0,4
2d0316dc8a88,0.7264771060208302,0.16121898642663204,0.10755528459350644,0.0047486229590315895,2,2
2d0a69701602,0.19908607768439648,0.6925398090347817,0.0979391124141046,0.010435000866717298,1,3
2d14bd39454e,0.7601566609143603,0.07521808238587381,0.14958597853505876,0.01503927816470711,3,4
2d425408deca,0.0496866140756054,0.9224967320869415,0.0271194430052084,0.0006972108322448203,1,3
2d4e08bd3523,0.8069059688602033,0.05144358195806458,0.1410124108321553,0.0006380383495769202,0,4
2d51cfed3fed,0.827030740523432,0.102894768001364,0.06138227278725192,0.008692218687952178,1,4
2d5c41d6e69b,0.13423485905386792,0.8128432098272181,0.047845605992164524,0.0050763251267493216,1,3
2d5ede149efa,0.27471271096482575,0.4027447385989879,0.2851717362740206,0.03737081416216581,2,2
2d5ef00a9d18,0.9348928142151677,0.02387172571880828,0.03568118001646902,0.005554280049554956,0,3
2d7154c413fa,0.2282678515348436,0.5170664029899222,0.24809221624105635,0.006573529234177668,1,3
2d794121b64b,0.07416920082781168,0.7418097846626011,0.14276718194448215,0.04125383256510516,1,4
2d7e68ba5e8b,0.10341869406668598,0.606733969692582,0.22463317102717828,0.06521416521355379,1,2
2da89579be93,0.11623348280328226,0.6390429651508102,0.22501970603267502,0.019703846013232613,0,3
2dacdf109030,0.03353030067741079,0.7196302479321394,0.22420578976820524,0.02263366162224457,1,0
2dc2ece5a7b6,0.2760875641816032,0.35839677503511386,0.24609057222550373,0.11942508855777914,0,0
2dd2e2a2c848,0.9562888985038226,0.019734404292503747,0.021762545469533295,0.0022141517341403663,0,3
2dfe7f1a0fb7,0.044155724797227194,0.8893161168964213,0.06449995885761814,0.0020281994487331085,1,4
2e04415f03e4,0.8224641843744349,0.028560085330574882,0.14704631789819494,0.0019294123967952893,3,2
2e2d6ef7ecbd,0.6056981566138185,0.18912247434779136,0.1625685755442929,0.04261079349409708,1,4
2e34bd2e9262,0.11632062934709805,0.5478459739588857,0.24562087323026857,0.09021252346374771,0,4
2e44e9056939,0.10494263033971661,0.6213762018690309,0.24913395543890277,0.024547212352349763,2,3
2e47497e7ad0,0.9375462406250219,0.03802829013510862,0.02192193978966955,0.0025035294501997356,0,4
2e490d6ef2e1,0.47501125032565916,0.4839498963198882,0.025289335978016924,0.015749517376435533,1,4
2e52e7ea9fa1,0.2081031864915944,0.6859633674613771,0.08952997539676777,0.016403470650260654,1,3
2e58096bdbd9,0.8138970135790318,0.09330508402775664,0.07975972934684691,0.013038173046364713,0,1
2e6158c0eb68,0.2013857729913111,0.7603251129117209,0.031658703261886426,0.006630410835081614,1,1
2e6176e3daea,0.25205507235805996,0.5813660425841577,0.15994067683690488,0.0066382082208774435,1,1
2e8e6d58eccd,0.01003329012590158,0.9193440512124506,0.06131429886750932,0.009308359794138707,1,1
2e977a960427,0.13822108247816423,0.5368168430052918,0.26533630414140497,0.05962577037513907,3,4
2ea5d1b25a2d,0.690405033779155,0.11070618511397896,0.1889505321886871,0.009938248918178941,2,4
2ea7b438ec6e,0.821454117240672,0.07959340573565743,0.09360441256009355,0.00534806446357711,0,3
2ed4ce2d96bb,0.02805169761206152,0.8539768034608594,0.11584202030454376,0.002129478622535258,1,2
2ed67f90c729,0.35210964581641296,0.27862080959587004,0.3502710128496577,0.018998531738059276,3,3
2edb1488b0b2,0.07801660966792676,0.6335735420284774,0.21570148434673098,0.07270836395686471,2,4
2ef14d372428,0.086605689357485,0.8416540800645862,0.06683299114727112,0.004907239430657823,2,4
2ef198e99a5d,0.7235043179911141,0.1138894306152063,0.1613281130664162,0.0012781383272633625,0,4
2ef447a9a325,0.08876793106074178,0.6492006273101298,0.24692190503272105,0.015109536596407425,1,1
2ef5eac2100d,0.3549480702365702,0.5666163923420983,0.07017116750844796,0.00826436991288349,2,0
2ef93adeace6,0.7156029779172135,0.15765225655609383,0.09239317533531793,0.03435159019137465,0,1
2f21ed3dc84f,0.0911444396990986,0.5283946817028574,0.35882882314893844,0.02163205544910552,1,0
2f3b1d05c8c2,0.040625886610464415,0.7716001337325981,0.11776736411734819,0.07000661553958938,1,1
2f5749d77a09,0.654630909514465,0.24449014665121122,0.06647581398540667,0.03440312984891716,1,4
2f5d56af2a65,0.565624208326472,0.08183309877910504,0.34151791439417273,0.011024778500250316,2,1
2f606487f89b,0.17797502793986053,0.5698181674546772,0.12231126599796278,0.12989553860749947,1,2
2f6f6db14684,0.5088344914560474,0.2758547976058035,0.1988040919977831,0.01650661894036595,1,4
2f771861f952,0.11163583894693786,0.8181269721970612,0.06713208681827586,0.0031051020377251964,1,1
2f9310ed2cb2,0.029728103634580224,0.9096994233463319,0.05152703691783375,0.009045436101254021,2,1
2f969d2bbb31,0.07573542469585076,0.8827855069562016,0.03363743398502036,0.007841634362927206,1,4
2f9813ec9d81,0.01758290732355947,0.8826669122033056,0.056614419604925754,0.04313576086820936,2,1
2fac6ca52178,0.6685525656769791,0.161739798737651,0.08012908330003345,0.08957855228533662,0,0
2faea6510f1e,0.023985592693492416,0.6810736687277903,0.274246138654872,0.02069459992384531,1,3
2fcf66c1d5e1,0.04116735318898149,0.5548129025686515,0.3721825496245948,0.03183719461777237,2,3
2fe13c059026,0.08044864931120682,0.8072060393988827,0.048585729938627135,0.06375958135128312,1,1
2ffd353f8ba4,0.17486574674379202,0.7318701542338754,0.09262881294000055,0.0006352860823321063,1,1
3004fe97a3ca,0.874676709825197,0.05367528106612249,0.06790367875307718,0.003744330355603391,2,1
3011ca5b6f43,0.027164831750169153,0.8901637973082677,0.07770187893601394,0.004969492005549194,2,1
30177765470f,0.04575870215558517,0.8385564858133397,0.08752673541086547,0.02815807662020962,1,2
301e45e1e65f,0.03722214698449537,0.7767672250363686,0.12716291442753871,0.05884771355159734,3,0
301eeda8a014,0.14692622592203736,0.44574263349657195,0.2517903004822516,0.15554084009913904,1,4
3022c6eb64bc,0.03903186556957745,0.8382190676486155,0.09315251421242525,0.02959655256938189,0,3
3033f19402f6,0.02905774243488889,0.7552822481363749,0.18127395931242032,0.03438605011631602,1,1
304cbc1f068d,0.8425315562516098,0.09967905169383971,0.05301354553146381,0.004775846523086459,1,2
304f8125817a,0.17051281379000827,0.23537648245335047,0.5826444122591891,0.011466291497452217,1,2
3054a85afa87,0.059064577981569555,0.8404015416421109,0.051813367219947254,0.04872051315637219,1,4
3079db177db4,0.009117312101998041,0.939729532728544,0.0447490568017632,0.006404098367694902,1,1
308464f7fda3,0.0936616156360897,0.3190162130018835,0.5653127005444257,0.02200947081760116,1,0
3084edc5e8cd,0.21036594323337765,0.5791981201114388,0.12007825625037669,0.09035768040480692,1,2
30aa2c27d732,0.057806979717832635,0.8976569074351737,0.04233859507197264,0.002197517775021163,1,2
30c274c783a2,0.12063010762286701,0.3960466334160477,0.35077766987470255,0.1325455890863828,1,0
30c9e5013527,0.527302104203864,0.2751374240650453,0.18309865366420036,0.014461818066890227,1,1
30def70773d8,0.0173951219322878,0.9447179938123779,0.03430261539199862,0.0035842688633358467,1,0
30e45593ba08,0.08371786874240637,0.8173767572896269,0.08863804455256372,0.010267329415402912,1,1
30f89ad8f0d8,0.16760270703706842,0.5281375713889295,0.25797421227737877,0.046285509296623305,1,4
312b098c64a2,0.20068163398830866,0.42201701370892697,0.33088065743887857,0.04642069486388576,1,0
3130e60ab20d,0.7507148597496451,0.031818315190628665,0.17808117068582346,0.03938565437390277,1,1
3143117893c0,0.5922940552529083,0.10733937285155888,0.1411235694501614,0.15924300244537126,0,0
314432832e5d,0.06768055212706062,0.848500975158693,0.06197050244436203,0.02184797026988431,0,2
315654b04e6d,0.043152345726309466,0.8238044062513735,0.10845656654598444,0.02458668147633255,2,0
31585f62e64b,0.04324395333788584,0.849610275358743,0.09587228077227725,0.011273490531093845,1,0
31662d55ca54,0.8804084242773252,0.018739452915380664,0.0976841534490882,0.003167969358206118,0,1
316a5c0840f2,0.4163517801614738,0.4105256368579639,0.15015490242729698,0.022967680553265302,2,0
3171080f7d14,0.02122292200600452,0.9486483679412004,0.02675279697170612,0.0033759130810889276,2,1
3174008702cc,0.7145532561272155,0.21843809569727402,0.04595503189619863,0.02105361627931184,2,1
318ccb5d4c6d,0.01388316517445875,0.825245572314744,0.15392710049237587,0.00694416201842125,2,0
3190721e0a77,0.10080277435648095,0.7098289607951652,0.07721511666462591,0.11215314818372803,0,4
3193e2366c40,0.9202102965431642,0.022763886223507904,0.04681231612192719,0.010213501111400727,0,2
31b0af5bc54d,0.9119177594649311,0.0378980502207709,0.04240103244474502,0.007783157869553054,0,3
31b12697883a,0.19808292040322123,0.4690479354044734,0.3242580764483975,0.008611067743907947,1,4
31b95e5b35a7,0.1720049204297307,0.7562532825564623,0.05619131162932446,0.015550485384482554,1,3
31c8e40bf4bb,0.42439677594058917,0.34182538702677756,0.22465086983138383,0.00912696720124955,0,3
31cb04f8bc04,0.1687956854461971,0.5847567549401772,0.22833251838903798,0.018115041224587684,0,0
31d2ad10ba47,0.007671043616346703,0.8800980692259182,0.10881474821561295,0.0034161389421221706,1,2
3217a8869694,0.10431450122435526,0.366245923617072,0.5150262491012685,0.014413326057304266,1,0
3218844882c3,0.8544884268376958,0.12665172067787805,0.017249341100010845,0.0016105113844154526,0,2
32218484a1a6,0.04937608078816119,0.737040377005576,0.09804828542887008,0.1155352567773926,1,0
32240b045a58,0.0685636729345154,0.740616295808492,0.17042743296291513,0.020392598294077427,1,0
3234ad871f06,0.7811416714348193,0.12172471445469775,0.05994168633385839,0.03719192777662451,1,4
325163dca428,0.27333842540797326,0.5585031232794837,0.15864696852251844,0.009511482790024513,1,4
325c6a75b0a5,0.28012784452931566,0.5119526967588786,0.1976659556654654,0.010253503046340371,2,3
3271d3fa61e6,0.1132145915165515,0.4945848944682441,0.30587767372807273,0.08632284028713166,1,4
328c8b6431a3,0.0330835781199602,0.5166764223343058,0.21734681135284106,0.23289318819289298,1,2
328da94078ec,0.2355950589154028,0.5685028465141281,0.17587218924537618,0.020029905325092794,3,0
32a71d3ee25d,0.08199984896519534,0.7247193385223379,0.1609133370332145,0.032367475479252325,1,3
32bf7e54a7ee,0.06844762874230803,0.586957337561689,0.313361937418125,0.031233096277877934,1,3
32d20157a012,0.06633620585410478,0.6476039556604222,0.18092539653614054,0.10513444194933248,2,4
3309d981e5fe,0.1074055919886561,0.7972694088234124,0.07576671288996148,0.019558286297969893,1,1
3312377895b6,0.11231769061647567,0.7426209942711345,0.05559741638283131,0.08946389872955873,1,1
33198ca96dce,0.09499264072016438,0.4996920196302984,0.08451252537125357,0.3208028142782835,2,3
33354bc058ae,0.09191189924076655,0.7386452214415634,0.1457547354731237,0.02368814384454621,1,4
3340562b3fce,0.1687367594844244,0.4397848033194907,0.32062298746135465,0.07085544973473012,1,2
334ac465b405,0.17887649148270546,0.3820095841848179,0.3599601050229453,0.07915381930953147,1,1
336e2335b62c,0.767032054813656,0.15490441815071818,0.07328508262782925,0.004778444407796554,0,0
336f9f6681a0,0.027294276613788495,0.9108429015745922,0.061172960816492296,0.0006898609951268473,2,3
33711998b257,0.06631093052320862,0.7656616226246472,0.15319961006713015,0.014827836785014115,1,4
33745ae11797,0.0638215954430432,0.8431006601333318,0.08786650270230997,0.0052112417213148925,1,4
337a7a92aa4a,0.27117610911779244,0.3486234796670947,0.3135437640931692,0.06665664712194352,0,2
337e3525ca2c,0.13333230909447388,0.6753419768868976,0.14337717650094545,0.04794853751768299,1,4
33a89772f781,0.021311217682553896,0.9345875286599582,0.036394842713162755,0.007706410944325111,1,1
33b6e91fe73a,0.1312560209130906,0.2833135795538378,0.4520602826545963,0.13337011687847536,1,3
33fca09f2e00,0.13277508230920584,0.49958312805773497,0.35644506588057584,0.011196723752483309,1,0
340106349073,0.6348933738419528,0.10331512239003823,0.2083831676862787,0.053408336081730325,3,0
341323496486,0.5603891756310688,0.07218546038544443,0.3307505590366012,0.03667480494688542,0,3
341a8f794069,0.08122839982424727,0.569329268675197,0.3212086472005918,0.028233684299964,1,1
34366c4dcaa6,0.6096511047069909,0.3456601978376088,0.026519461214587856,0.018169236240812552,0,4
34483c9319e9,0.15765393131691477,0.41080038246054745,0.3850464182381535,0.04649926798438425,1,3
345d0da3ba63,0.02064808351298765,0.6324995270987098,0.327004860119748,0.01984752926855455,1,1
345f41e15373,0.4119649791903874,0.35643056349576246,0.2162822932442803,0.015322164069569802,0,2
345f8129863d,0.22322486939421474,0.4192028105642371,0.3460266018362539,0.011545718205294299,1,2
346c65dba4d5,0.49667598669060364,0.2556799164484697,0.14689134124707354,0.10075275561385306,1,4
347c521c9d97,0.016670136950567193,0.8739003925658526,0.10454769525558777,0.00488177522799244,1,2
347f9ca3f295,0.12507512026631035,0.40152414216973764,0.46219423473249355,0.011206502831458659,1,1
348bf841d923,0.5762320202274277,0.1436752103859513,0.25632179288551815,0.023770976501102846,1,0
34b3c1b15cde,0.05237150514278737,0.7318796886614429,0.21266277201868197,0.0030860341770877846,1,3
34cff27c2a43,0.009309959261902917,0.9360270103848733,0.03916260079163275,0.015500429561591067,1,4
34d360dd549f,0.7839470581133068,0.04432356671252171,0.16022770671254635,0.011501668461625139,0,2
34d7f214a7e5,0.982361848897352,0.007734718986850042,0.008613849585990882,0.0012895825298071977,0,4
34d9932348fd,0.9600986773023242,0.017321836057170147,0.019558115291180702,0.003021371349324765,0,1
34e76fd17a93,0.801047051998002,0.0987545891013704,0.09287468851993952,0.007323670380688194,0,4
34f012146c73,0.12288654491224167,0.5804153300437764,0.242451043899292,0.05424708114468994,0,0
35035b97e536,0.007572755623022796,0.8865184644801433,0.06269736648258618,0.04321141341424781,1,2
351c9f9580db,0.4106733280503841,0.3255882280762134,0.2499042542050004,0.01383418966840203,1,2
352cd75fce3a,0.01931941986594482,0.7955680404615939,0.1771972500958379,0.00791528957662339,1,4
3532ab7e51f2,0.9197907894594182,0.04116379557960614,0.02650057552716642,0.012544839433809052,0,3
353e8d1d3147,0.03436691732412568,0.6394061778662501,0.29088237710525056,0.035344527704373734,1,4
354ac6bf2105,0.03919258295473277,0.6741820065259745,0.2773526332969376,0.009272777222355165,2,0
354d310f53ef,0.08389543547350371,0.7683765175471229,0.1298985261703063,0.01782952080906724,0,0
354e69d0e3e4,0.5659875515139232,0.29735502256053636,0.09962449896353721,0.03703292696200324,0,2
35521a34aebc,0.1266440652354358,0.30077728852206814,0.46571371896193353,0.10686492728056254,1,4
35547e12df7f,0.78285855084279,0.14548370742787392,0.05935164353753932,0.012306098191796745,2,1
3572cab7a345,0.07838022754741822,0.48347751076285433,0.3837851206645583,0.05435714102516913,1,4
357734e7588b,0.12715213437162376,0.3725042474806431,0.4761767417363322,0.02416687641140105,0,1
358e736e289e,0.8369875663841864,0.03865237957669503,0.12248886635738906,0.0018711876817295169,2,4
35aff487b8ce,0.8788104325333104,0.057040834945363494,0.03219989909740859,0.031948833423917675,0,0
35e22da3e615,0.8460865177104854,0.09490785609192393,0.030482943722912152,0.028522682474678616,0,3
35eb68ca9b50,0.27410944684304867,0.3891204505976514,0.3274640804903069,0.009306022068993124,1,1
35f1420690fb,0.23743772290803758,0.5390354297191704,0.18200737778279713,0.04151946958999498,1,3
35f759f8d1b8,0.5906075591614766,0.2886757821073526,0.10408262341452948,0.016634035316641337,0,1
35fece530971,0.21305587697632006,0.6827598597300835,0.09480798583016056,0.009376277463436007,2,2
3605ff235600,0.04151777773840764,0.7668309763972831,0.18294923643511832,0.008702009429190997,1,0
360a419fd953,0.8435575116541084,0.09538750510060773,0.058599227104854816,0.0024557561404289652,0,3
360c787839e7,0.020093276860052297,0.3481604142880796,0.6210207723101421,0.01072553654172594,1,1
3617282997a6,0.13035363273792283,0.5692548695418262,0.23083550623666843,0.06955599148358248,1,1
361e431e4401,0.1502734815060878,0.6676482938468196,0.13068823132048554,0.051389993326607056,0,1
362a970635e4,0.5639248149648277,0.28991615162235157,0.1394398639828261,0.00671916942999456,1,3
363454850843,0.3222614824973169,0.3734488841088928,0.25935171293970033,0.044937920454089994,0,0
3638f959c7a3,0.8231965807410541,0.0661377345998276,0.09574076913099014,0.01492491552812809,1,3
363eb5029f21,0.16106892815747584,0.7440033496460564,0.09199534349068078,0.0029323787057868836,1,0
364f5d65a02e,0.03513946030363364,0.8229002813269879,0.101819431249066,0.04014082712031256,1,3
36582a5faf1a,0.5393092280701096,0.20551734738717678,0.21339431055674518,0.04177911398596842,0,4
366c5acac35b,0.4244636724562844,0.2090783198489799,0.3462436722034457,0.02021433549128993,1,0
366fc85a2ac8,0.15231320299784765,0.8140114201166812,0.024292338351529642,0.00938303853394154,0,2
36746fa2ffc4,0.0067391258852436955,0.9555933862121,0.03683402792628274,0.0008334599763736016,1,0
3694e0a1d9aa,0.19426188468418465,0.7307028602395026,0.06832254239154606,0.00671271268476683,1,0
36a0d836672c,0.7096815810166632,0.23615141409294868,0.04392198557327345,0.010245019317114662,0,3
36aafc1b1c20,0.03820023076074851,0.762799584376423,0.1630803350053125,0.03591984985751597,2,1
36b8b0686937,0.7781065672188022,0.1657022466512673,0.051341238169543287,0.00484994796038732,1,3
36badedeccd9,0.25899977541266683,0.47649785232996683,0.2009428579918248,0.06355951426554138,1,2
36bb4db0e4cf,0.23043488017775748,0.47369168008981266,0.041583015031063826,0.25429042470136604,1,2
36cbfe6f866c,0.25067007929496404,0.6536917310260033,0.047406211983905724,0.04823197769512693,1,1
36d6d8418099,0.9254455187415114,0.022374686493478565,0.04594724825482722,0.006232546510183017,0,4
3708f056c708,0.0900189989288127,0.7380879567498531,0.16281045582354528,0.009082588497789,2,0
371638df8cd9,0.5017233520846367,0.16527088558081482,0.32792495935236765,0.0050808029821808156,0,2
372796623006,0.7582187551456322,0.08501074623613124,0.1428680644290914,0.013902434189145177,0,1
3729a3c2fafa,0.3003774066545838,0.4469021390392735,0.20930115938883725,0.043419294917305395,3,2
372b63702c46,0.27201283689193684,0.23457884934918863,0.42528462407583817,0.06812368968303642,2,3
3741bdbdbd77,0.887156851832242,0.04925564184079089,0.061219096560200775,0.0023684097667665,1,0
3757a5a70aa8,0.3280584822980085,0.4198869631575326,0.21990717840094495,0.03214737614351389,0,3
375cac343d45,0.1677473064471644,0.48632029260503024,0.30874389286707543,0.03718850808072992,2,3
376a75f57405,0.18520227935771527,0.3026660756234622,0.3743868279705027,0.1377448170483197,2,2
376f075346cd,0.02504396340333804,0.94159470496216,0.01658961402965145,0.016771717604850616,1,3
378cee3c149f,0.29207672893750886,0.5015808822830325,0.15574563353171766,0.05059675524774096,2,2
3795c5ddd545,0.9432505491601427,0.036315124269598105,0.018142420726044318,0.002291905844214942,0,1
379799f990df,0.11151106629266351,0.8329940650370286,0.03623473903000403,0.019260129640303884,1,0
379b92fd1ab1,0.6646681215222419,0.26458587493029984,0.05884806288633942,0.011897940661118921,0,0
37b284b23465,0.008998583834178262,0.9683147729859288,0.019067582172744707,0.0036190610071484145,1,3
37befe3703ab,0.26641314046167724,0.507089989276014,0.14530134541678494,0.0811955248455238,3,3
37bfb5f1f1db,0.8435118218726273,0.03899836751238329,0.11370083506265385,0.003788975552335606,0,4
37caabf49a4e,0.30315651793166043,0.5772230630347781,0.1183689368522042,0.0012514821813572412,1,4
37cbbdceaef0,0.017434876662828985,0.8557468600959524,0.06341100760278592,0.06340725563843269,1,3
37cfe520e66d,0.5196113407800813,0.2136677626039081,0.24684108114813297,0.019879815467877603,0,2
37e18d937dcd,0.8251111685166318,0.09106398576160481,0.06892861647942797,0.014896229242335288,0,2
37e3551e2f47,0.48854505046090274,0.3160494472997575,0.18387224318210046,0.011533259057239438,1,4
37e503d42cdc,0.00704411740154986,0.8746843702470182,0.10821956683608215,0.010051945515349818,3,0
37f2b094c247,0.3428891634181208,0.1841810992032561,0.43816212716149333,0.034767610217129846,3,1
37f638aff743,0.12116639355750784,0.41188069997613874,0.44975627313048755,0.01719663333586587,3,2
37fda69f3467,0.16025196268912584,0.5820567137278719,0.2245962624640355,0.033095061118966575,2,0
37ffdf650199,0.3857971956642078,0.18683669658920563,0.38660439180018624,0.0407617159464004,1,1
38016f8471b2,0.2793439816503925,0.6492616881994139,0.06970427291848819,0.0016900572317054504,0,0
38111e7353fb,0.027686517332279177,0.6646182968640505,0.29678562919991813,0.010909556603752393,1,4
381951fcbfd0,0.26282158206945405,0.40402742144759135,0.29770805606741685,0.035442940415537666,2,1
3823cf1c6958,0.1277796720871011,0.8155143212823965,0.05187123724389819,0.004834769386604385,0,4
38322a96d92a,0.22153926820548056,0.7156750308397171,0.050195731729176,0.01258996922562642,3,2
383b6e0770bd,0.22468254072651236,0.351793821983136,0.42175431957580956,0.0017693177145420235,1,2
384d1d316992,0.2720664048357338,0.42755922842095256,0.24710459314707142,0.053269773596242284,0,0
384d84fbb4fe,0.016787659874412244,0.7485734983664849,0.09822380570507243,0.13641503605403058,1,0
386026264f01,0.07808049362587312,0.8587346431131991,0.025000351020061286,0.03818451224086651,1,2
386520e49eda,0.5912581428263007,0.10567514262758806,0.2816588388716018,0.021407875674509486,0,2
3865c0d08f85,0.21249460828667482,0.4744567699746265,0.3063835765301004,0.006665045208598267,1,0
38682a78a52d,0.7921690656556235,0.0732249642373836,0.08755739059408996,0.04704857951290298,0,2
386aa41785fa,0.6973838397608505,0.07268082958058403,0.22716266414448827,0.0027726665140772205,1,4
38705dba1a96,0.04531022043699514,0.8714493772641383,0.07614730575196635,0.007093096546900103,1,1
387733d739e5,0.190321790054516,0.6302969635218417,0.17150829239984616,0.007872954023796104,1,4
387984f51e7e,0.8408991667807699,0.02717288610375601,0.12519522860755639,0.006732718507917504,0,0
3882700d8f0e,0.4670145347400937,0.3726940848504858,0.1390754494532556,0.021215930956164974,1,2
38a1f0560e2f,0.07328223735037649,0.8379626681199216,0.041014682484385986,0.047740412045315844,3,1
38cce8d6f373,0.040326046198498396,0.8554996201239098,0.09140000162445855,0.012774332053133374,3,4
38d0b07a2c7d,0.6492352677466563,0.21886020136066955,0.1037936666786194,0.028110864214054735,2,1
38dbce9f5da1,0.07274143944924064,0.1801470948001998,0.719453434950155,0.0276580308004045,1,0
38ea4356df7a,0.24771570259842857,0.6472869156438289,0.05091870503974145,0.05407867671800106,1,2
38f2e947567f,0.5139199005543678,0.15625590788442076,0.31756854658491407,0.012255644976297435,1,0
3913b40864b0,0.13244320283658756,0.6032469015503182,0.25740777964484457,0.006902115968249777,1,4
39164e43c8bf,0.16027983236086932,0.6188743562313082,0.21222530070737497,0.00862051070044765,0,4
3920dc377214,0.9089567051858152,0.03990782125362987,0.029850299325800536,0.021285174234754334,3,4
3927f0e451cc,0.020462286788046218,0.8978845945872869,0.044851354478423776,0.03680176414624316,1,4
392a1b9dfb46,0.009395667020265074,0.8387045894435359,0.12044175226918175,0.03145799126701726,1,0
394a6b02efc9,0.04351611026800568,0.8798369280735227,0.07189633852275053,0.004750623135721116,1,3
394d1fbb6cc0,0.032208182498416914,0.7852909555585124,0.1704355746917394,0.012065287251331363,1,3
3965470a0126,0.26990124605111615,0.3385103665197906,0.3351716104379045,0.056416776991188654,1,3
3972d79dd977,0.08260429260648684,0.3862782154517059,0.4991846501707914,0.031932841771015956,2,4
3976f3f36b35,0.40654614758117963,0.39270549331821597,0.1902853577866656,0.010463001313938741,1,3
397ae205b6db,0.7058883490689187,0.2118315951885695,0.07723154804317535,0.0050485076993362875,0,0
397ae5aecf2a,0.15547792444822126,0.7004086929184878,0.12894260109598327,0.015170781537307686,0,4
3993e1dd3d8a,0.1017861549196243,0.6694791761445403,0.20689768721815227,0.02183698171768319,3,4
3995fbf3b106,0.2504933117760714,0.24000417765328472,0.30011824533030707,0.20938426524033676,2,3
399b7608576d,0.1548651524100192,0.59982783310543,0.23053379171816332,0.014773222766387576,2,4
39a56d7788fc,0.49369267912506554,0.15540663130110877,0.26101493306868856,0.08988575650513711,0,4
39a6ef0d976a,0.069848287721479,0.7862901880846772,0.1340929614756206,0.009768562718223312,1,1
39a80a14bfda,0.07116580361134592,0.46265799386947337,0.45788104438135324,0.008295158137827526,3,0
39a99407a17a,0.19345224443949688,0.7536855018584568,0.04924981007834273,0.003612443623703429,2,1
39ac58218ee3,0.835094518215945,0.07196329072632354,0.08829896937240332,0.004643221685328086,0,3
39b9303331d6,0.2638374807299219,0.664119898502725,0.06594539169627481,0.006097229071078368,1,0
39ca2531a729,0.013719203453518345,0.8865405953748015,0.07985063674633398,0.019889564425346343,1,0
39cfc88f6f20,0.132848931451345,0.6970518482085211,0.15954196254836053,0.010557257791773517,0,1
39d1962d37d1,0.006806084992263951,0.8995989996332919,0.07024153852932363,0.02335337684512049,1,0
3a01c7f8d00e,0.15168247383819575,0.6286249430528932,0.1731476998961287,0.0465448832127825,2,3
3a0391a11c60,0.019530288794816178,0.875400142844174,0.09894085044857508,0.0061287179124346475,1,2
3a07d9311567,0.15697183137685233,0.491178774623182,0.3283758102060241,0.023473583793941506,0,4
3a0ce16d6362,0.6543448444480449,0.13564061169328714,0.1491654083248126,0.06084913553385537,0,2
3a1aad9fe90f,0.2812492591869015,0.2648250128142515,0.3535461568119357,0.10037957118691122,2,1
3a2ab0d08864,0.21164275536528784,0.7288150865435763,0.04421352925354005,0.015328628837595936,3,3
3a3975e0fae6,0.47051197675102296,0.4252990143958513,0.09507924066116295,0.009109768191962566,2,3
3a3c198051f0,0.2598457915379863,0.5985311882847008,0.1317585258944761,0.009864494282836958,2,3
3a54ca31df78,0.13265115626815008,0.6818447379767832,0.1742817359725635,0.011222369782503216,1,1
3a65207debb0,0.8783710856856125,0.056707841906913435,0.061902055620318704,0.0030190167871551555,2,4
3a6c6141fdb3,0.6135540778916119,0.2481483105774574,0.1056694140142196,0.03262819751671111,0,1
3a7061149c0a,0.051585716770430175,0.6934590469854583,0.06742662679539378,0.18752860944871763,3,2
3a7cad485369,0.11218289876333953,0.6726504518644406,0.1868557599602176,0.028310889412002136,3,0
3a92284ff753,0.7697866436882468,0.16180473457688332,0.06455185440196849,0.0038567673329013958,0,0
3a985664cd4e,0.34712512431537557,0.31214631946342514,0.20461970928289522,0.13610884693830402,1,4
3a9d3f1fdd81,0.07664550466489398,0.5691767476922799,0.161624823702839,0.19255292393998716,3,2
3aa2fb153a2f,0.6852587522805653,0.26860455035071923,0.021361651457756207,0.02477504591095927,0,0
3acf095adbf4,0.9325356755552062,0.03847775640466776,0.02654866399719222,0.002437904042933893,0,2
3adf9086a151,0.8821712361347837,0.0456876247393165,0.04714736170477582,0.02499377742112398,1,4
3ae836708e67,0.7335727784021406,0.1890357823707646,0.06314177115740115,0.014249668069693772,0,3
3b205aad9af7,0.04827792853967204,0.7465149809600896,0.09214203929611572,0.1130650512041225,1,2
3b317a8d01e7,0.12087159787247059,0.6951189778343134,0.1778046378862253,0.006204786406990687,2,1
3b3f6099e50f,0.13471800684082386,0.65830743022056,0.1902268155379901,0.016747747400626043,1,3
3b4ad94ce2ba,0.8457466944028692,0.049430921641440494,0.09479759827461583,0.01002478568107437,3,4
3b4cdf9a776a,0.018383198447479033,0.9146882680574773,0.05557783934718197,0.01135069414786174,1,3
3b4ee5bd11b3,0.12979538636858176,0.7786298011496763,0.08703152986856307,0.0045432826131787465,0,1
3b5009bd67ab,0.4481761833361935,0.1492391472465333,0.2248100092884395,0.17777466012883356,2,2
3b5207b6f84d,0.03770269835853342,0.9083020023421108,0.04052836221964074,0.013466937079715049,0,0
3b57d6722817,0.19635577759404166,0.5262747356154825,0.12024131989193246,0.15712816689854334,1,1
3b69158045ec,0.6875562046010236,0.2470572986345631,0.04384805070520665,0.021538446059206684,1,1
3b842e573d63,0.42110774662856915,0.2477182359239634,0.2911800940261877,0.03999392342127967,3,0
3ba744292b92,0.09055746894725758,0.7418051910669932,0.16145760277218743,0.006179737213561664,1,2
3bb35461687d,0.010726963857997217,0.9282772494941115,0.05779133583603693,0.0032044508118544922,1,4
3bbcfe7bb63b,0.2142259005100502,0.3405259490935461,0.28253447822595684,0.16271367217044697,1,2
3bc25f4361e2,0.06174699900177326,0.7732011250322329,0.15514457629030626,0.009907299675687483,1,3
3bd90e114e5d,0.955614418045352,0.011787087701277621,0.02464021003867605,0.007958284214694354,0,0
3bdf88144fa5,0.9199762936986595,0.016510660878008163,0.060208801621151734,0.003304243802180643,0,4
3be9203f616c,0.2951299729988725,0.39200589078342646,0.29380776042162593,0.019056375796075057,3,3
3bf0ba9cac51,0.6908492750902749,0.20165066961653372,0.08122646348298888,0.026273591810202418,0,2
3bf5a489d804,0.04658670291152974,0.7940296356567654,0.14557333915464943,0.013810322277055377,1,2
3bfb13733ff0,0.11024029537018377,0.5631760671879443,0.2881809199092926,0.03840271753257943,2,1
3bff1d73230a,0.15682265003279994,0.7599425687736062,0.07424028414630073,0.008994497047293177,2,2
3c13375ee625,0.06303909923913048,0.864789839280131,0.04870382605006893,0.023467235430669618,0,1
3c13edac81eb,0.8355608020846411,0.11882491034033507,0.04192143131874934,0.0036928562562745355,0,0
3c3399f2170d,0.0036469568392601187,0.9433276034151723,0.04987022421974115,0.0031552155258262353,1,1
3c4bae86dd43,0.022603468024059277,0.4374372086455381,0.46047653995314874,0.0794827833772538,1,2
3c66c7eef4db,0.034181366783116215,0.9191886511888528,0.02787746712681877,0.018752514901212262,1,0
3c7633f8a03d,0.20754827906089626,0.4668673241586769,0.24150062504823705,0.08408377173218971,1,4
3c87dfa890fa,0.21357260441479953,0.5932402679080675,0.14417444524408907,0.04901268243304398,2,2
3c88bd82fb37,0.04910593766422089,0.7992498432896696,0.14733961966408984,0.004304599382019728,2,3
3c93b438df5c,0.44144455034215513,0.37731497338655295,0.12083377284812734,0.060406703423164614,3,1
3c9540566f10,0.46864917867028616,0.15840007952864943,0.3601352685813562,0.012815473219708303,1,2
3c97acaaf4e5,0.674654890384787,0.13395890395360457,0.14666397012995006,0.04472223553165837,0,3
3ca4e2ffedff,0.36582933210009755,0.42009137084928266,0.20995501954573847,0.00412427750488132,1,4
3ca7c79b3eac,0.45714238976672394,0.31364965885307605,0.1904649721306084,0.03874297924959168,1,2
3d0812e8b857,0.08357974838171352,0.7933893883717774,0.11215273643305601,0.01087812681345307,1,2
3d258ae21e22,0.06313516722330363,0.3726224971993981,0.5393379119873705,0.02490442358992781,0,0
3d33841de910,0.6387373137019384,0.23520717617521175,0.1150380904758741,0.011017419646975704,0,0
3d46777c79fa,0.08577750124961514,0.8080469316021847,0.10047813249008236,0.005697434658117977,1,1
3d4ceb0fe08e,0.05097885920136332,0.7574642554112462,0.1687313570574062,0.022825528329984215,2,2
3d5778dea835,0.28790284803665245,0.45835628017707103,0.23387228517258687,0.019868586613689676,1,4
3d6155f6d4e6,0.8039968178251352,0.06580847353329065,0.11801466897283744,0.012180039668736606,0,0
3d6a6a938f4d,0.04963553364244013,0.7935351785511241,0.10673285100920511,0.05009643679723073,1,0
3d6e135dc416,0.2880854988874527,0.5348200100683796,0.1594355895027413,0.01765890154142628,1,4
3d7a5814c41f,0.050182126569098595,0.7965230463259093,0.12397660089954714,0.029318226205444945,1,2
3d9b3b0801a9,0.10020260864752574,0.7444659453853701,0.04315761254520777,0.11217383342189627,2,1
3d9d054474b7,0.47584966950920654,0.3298634969194176,0.18741672763494377,0.006870105936432065,3,4
3da10090af63,0.7626539744086502,0.0313683970456398,0.16374677133892052,0.04223085720678952,2,4
3daae55407fc,0.9518465939813114,0.027577579319373807,0.013670095819493447,0.006905730879821166,1,4
3db73bde49a0,0.13666529571003602,0.4227766411926352,0.3642629209640642,0.07629514213326448,1,4
3dc69e5f2b15,0.014437960393988852,0.9745663776315899,0.00998892189108175,0.0010067400833395242,1,1
3de21b98d4b0,0.8118494560480044,0.11248399007202753,0.01783176038318236,0.05783479349678584,2,3
3de827a029ee,0.05969146438746719,0.9082249184457502,0.02363618810517748,0.008447429061605055,1,3
3dedb0639734,0.4616876542465743,0.09805330701257059,0.36946472629641175,0.07079431244444337,1,2
3deec0a549d3,0.16634462460152816,0.6077213875712649,0.2213431501746988,0.004590837652508092,1,2
3df22af63de9,0.6191280482762449,0.2574340881228574,0.08008670890175777,0.043351154699140075,0,3
3dfc66e41bd9,0.006144819709630207,0.9607614607429233,0.026473677512742422,0.006620042034704188,1,2
3e0dde11b059,0.016195657168850457,0.8046300884853097,0.1611317933361676,0.01804246100967227,3,4
3e22009db59b,0.08528679361048067,0.7997044302860045,0.09653268400278972,0.018476092100725126,1,2
3e2d6faac5dd,0.05588059152487204,0.5910699069232579,0.04634261567903654,0.30670688587283357,0,2
3e314f95dc5f,0.11463362150066393,0.6260537589043065,0.18738703331855172,0.07192558627647791,1,3
3e3329765aaf,0.6207709005852574,0.11131018583435702,0.21948243894929412,0.048436474631091374,0,1
3e4037b0506d,0.9623586651621209,0.013293344601063278,0.021802789342865624,0.0025452008939503465,2,0
3e51ede7ee7c,0.8638821543404221,0.09251836685161918,0.04193835362397797,0.0016611251839807582,0,2
3e585150ed8c,0.1224201713964635,0.7993342962115684,0.06181616078687722,0.016429371605090944,1,1
3ed3d85a4caa,0.8288442221761112,0.0890674902882861,0.07754505325659239,0.004543234279010171,0,3
3ed6283fd966,0.13859595438084443,0.6946518372857521,0.13901270379616348,0.027739504537239962,0,1
3ee0ccf7f5a7,0.07552785140543564,0.6039541122845687,0.1445730604598506,0.17594497585014507,1,2
3ee6ceb2040b,0.048107049383879955,0.8531211687513879,0.08518350922181743,0.013588272642914687,1,4
3f1e5e240522,0.1468365626121461,0.4566772540073769,0.39205679216618944,0.004429391214287522,0,0
3f2755948419,0.030341512338499403,0.915855079853608,0.04216044718880091,0.011642960619091562,2,4
3f2ca41bae34,0.9488040038031934,0.011168274644380125,0.038671820190106586,0.0013559013623197255,0,2
3f457bc13b99,0.09650524167095265,0.47666012809248826,0.4126471301450591,0.014187500091499853,2,0
3f4c9c73330c,0.11206927258870462,0.34117280678301304,0.4812053264976369,0.06555259413064551,0,1
3f667806b517,0.31874910998153294,0.3439616415808045,0.31829663736167063,0.01899261107599199,1,4
3f82bb3ef348,0.2986613825168693,0.3000915209830726,0.3547074565519098,0.046539639948148255,2,4
3f8ed621f16e,0.001994680986839471,0.9809641460172085,0.012891885545621937,0.004149287450329974,2,3
3f91d11cef59,0.23380405963572293,0.26506819431969064,0.47923902735713686,0.021888718687449592,1,2
3f984f0aa172,0.24319638927232157,0.3757325140553565,0.3733266280539696,0.0077444686183523416,0,2
3f98f789e62a,0.26879601534049774,0.23249275600001343,0.3805460930765207,0.11816513558296815,2,3
3fa878dddd94,0.9056267785925182,0.06539327248219683,0.02398191289149848,0.004998036033786408,1,4
3fcc2be34719,0.08974279118274522,0.3305132579899712,0.2706328935100726,0.30911105731721095,0,0
3fd1aead516b,0.01782826458362638,0.7250622271920255,0.24196184118301833,0.01514766704132969,1,0
3fff6c83cd81,0.5850170156838745,0.27865463903094784,0.13410583548035265,0.002222509804824942,2,0
400f0c7e4de4,0.2642062976497487,0.5335064113440675,0.17439189993639592,0.02789539106978789,3,0
402dfb591509,0.479743333999297,0.31664230181904124,0.08295761977204834,0.12065674440961345,0,1
403f9fb0ef31,0.022796044873828997,0.9326665770389336,0.042403252584479245,0.002134125502758051,1,3
40618161dddc,0.02049444182015709,0.8065598413210469,0.15938641165356582,0.013559305205230202,1,1
4063853b3cab,0.020100374764755683,0.9566277416192643,0.013997031367746878,0.009274852248233092,1,0
40689b3c62c2,0.09607278264521807,0.8526707666308099,0.0373411596780136,0.013915291045958449,1,3
40925ddc68c3,0.46660065451564203,0.27358201458050646,0.10605990476711655,0.15375742613673507,1,2
409d2496f978,0.12762650148931606,0.7779735279063394,0.08511544725512547,0.009284523349219148,1,1
40b6a080d09a,0.014512009510886345,0.8558198046073457,0.07520232459973034,0.05446586128203762,1,0
40d4ba72961e,0.08953762663624183,0.818895858881938,0.08547016067225675,0.00609635380956348,1,0
40d67faaee75,0.5539450063857445,0.34164341954415456,0.08169166645610756,0.022719907613993458,1,0
40d817276317,0.07612473969377882,0.5155097327896206,0.38878302158318706,0.019582505933413596,2,0
40faddf1bb05,0.20021648622564905,0.6777778535475422,0.10985017664260871,0.012155483584199947,1,0
410819eea797,0.09407764909103032,0.6513670143172966,0.2355631336120764,0.018992202979596643,1,3
411149653816,0.6026135988698251,0.2502205329783315,0.13742355390515054,0.00974231424669279,0,2
414a2893624e,0.11857997060313087,0.7113352039575651,0.1623479608345087,0.007736864604795333,1,2
416edca973f9,0.052923591853877745,0.5451782857389721,0.39505137909493976,0.006846743312210391,1,2
417584cecd96,0.049385529894197235,0.8734278796806421,0.0717390970957485,0.005447493329412059,1,4
41792cfb0e74,0.08225936554551062,0.7004142177341325,0.12944507869792052,0.08788133802243647,2,1
4180aa686422,0.16623062860907592,0.212879023482262,0.6003254075505778,0.02056494035808428,0,0
4189ab7c6027,0.9117790848643308,0.039481378257673005,0.03871251066448707,0.010027026213508915,3,1
419b460cc514,0.006045207856469813,0.9798234085263963,0.013443843088418886,0.0006875405287152899,1,2
41a4d1a7f399,0.03496954780104427,0.9049688862217216,0.05459781245852415,0.005463753518710085,1,3
41b664bf705e,0.18201379717908137,0.3453780783812463,0.47145182584075584,0.0011562985989166104,0,0
41b86a3012d5,0.02784131838868609,0.821466526835698,0.06368210848187876,0.08701004629373732,2,1
41c32b7a5b44,0.7252327623725147,0.13440092276158241,0.13248483381555426,0.00788148105034876,0,3
41da13080a64,0.23994381258384526,0.4492647232303399,0.2784393337517363,0.03235213043407856,1,0
41f2bb5ef2e9,0.15861290651558657,0.4734214671614528,0.3419897798391853,0.02597584648377533,1,3
42091afaa4be,0.14092300614834402,0.5317260443348982,0.045504869807512525,0.28184607970924525,0,1
420bb7be8ab2,0.6297900403403777,0.17665655418199275,0.15994936972217508,0.03360403575545454,0,1
420d52239d7d,0.2522630651259842,0.28933625070715674,0.37529459531164905,0.08310608885520991,0,1
4213b8c96b2d,0.16889757742950953,0.38829358016681137,0.1834527391073018,0.2593561032963773,0,2
421789206c7c,0.02380895489033157,0.7794454601758198,0.19436170540759617,0.0023838795262522655,1,1
422689777b34,0.2013076486836269,0.6192484065425721,0.13118462649191784,0.04825931828188317,1,4
423d5a5b56b2,0.005404741404195261,0.939959106751473,0.047136874330112814,0.007499277514218875,1,1
424fb90a4bc1,0.24858290622625998,0.5160086235610788,0.2212613145843073,0.014147155628354035,2,4
425baa3b6167,0.11032213904192303,0.7176104383343511,0.12463172757251638,0.04743569505120958,3,4
4278049d12e8,0.648209805339184,0.2530052355694436,0.08041714463559761,0.018367814455774765,1,3
429a5f79ac0f,0.10078981956972936,0.7806487268971051,0.1145258529350549,0.004035600598110704,2,1
42a5ef66e3d4,0.05111703912988973,0.6528466887917808,0.28956568060888477,0.006470591469444679,1,4
42a9025e9d29,0.6021906378803902,0.25372223089979234,0.06258717994205695,0.08149995127776063,0,2
42ad2e4feb4f,0.09334517145954545,0.7562754356728794,0.09149505028268912,0.05888434258488622,1,0
42c28fffc31d,0.5874536009580279,0.35261556840032354,0.05059523374094928,0.00933559690069924,0,4
42ce6191e14e,0.09711937903065587,0.790548031356821,0.10666298847176911,0.005669601140754107,1,1
43001c00ccca,0.08830281174305105,0.62483288467144,0.2590413738016141,0.027822929783894678,1,1
430855f2a4ff,0.3396955035023087,0.07694811195038445,0.4906564084409964,0.09269997610631063,0,0
43183eb0a475,0.16276139712384585,0.7206106859958364,0.09338534602541831,0.02324257085489953,0,0
43213dfca450,0.39573007207702565,0.5226062938053575,0.07775853636275934,0.003905097754857451,1,0
4323961acfb5,0.06596755339308259,0.6467570146630244,0.263327074447903,0.0239483574959901,1,4
433fdf0e14fa,0.6564939692035492,0.21758638916505396,0.121609490542971,0.004310151088425735,0,1
4344f4c7ca1a,0.08641120060639158,0.48221943535188133,0.4045431793703591,0.02682618467136787,1,3
436ce67eb424,0.744143588074701,0.14114486313617886,0.050701081749638895,0.06401046703948123,0,3
437964b36522,0.0905684484165971,0.8718707205160747,0.03227885886142869,0.005281972205899601,1,4
437efcc34243,0.15912562827899718,0.569037303825905,0.23181605547698328,0.04002101241811442,1,2
4384bea76688,0.7029521977793296,0.16413899560016304,0.05067478027001287,0.08223402635049455,0,3
4389b99b9c49,0.10335973484150261,0.7095056268213157,0.15692528291651725,0.03020935542066456,1,1
43ab168173df,0.18242932474471793,0.6164485718359142,0.1854475913963781,0.01567451202298998,0,0
43bcd9cbd79a,0.13814000796663115,0.6471971734888765,0.20885109612135438,0.005811722423137919,1,1
43c65f4830dc,0.7033975638207381,0.07149089864602133,0.21461742345445464,0.01049411407878581,0,4
43caab830455,0.2445591879267153,0.22804579803034514,0.4724295108283207,0.05496550321461899,1,4
43e05e0b34b9,0.06177827230609048,0.7562031373156743,0.15637241939706684,0.025646170981168392,1,2
43e48c2c4291,0.7576504578590265,0.036236645592408426,0.17159661167858506,0.034516284869979985,0,2
43e67cd54343,0.14751838126542097,0.6381376709915374,0.20394898846993756,0.010394959273104024,1,1
43f4282677e6,0.02740467172566298,0.7876000982046023,0.1775793324848622,0.0074158975848725404,1,2
4403b3a0764b,0.0808941747749264,0.7109711095761878,0.15250325335499682,0.05563146229388887,0,3
440cde50a7f5,0.4620412238943533,0.19601710661382712,0.3271511281524049,0.014790541339414803,3,0
44164216b8ef,0.12237905035629774,0.7027018786709249,0.16134273076042527,0.013576340212351944,1,0
442570bcd62f,0.05235424216418337,0.7830116406774704,0.06267719267839066,0.10195692447995532,2,1
4453f1641121,0.18040457955756448,0.5480596884613572,0.26548171728734665,0.006054014693731623,2,1
4463659093ea,0.024952374552239295,0.9096739961433546,0.05583533589619804,0.00953829340820801,1,1
4475325ffe2e,0.05968486521943638,0.8040713723326133,0.10019335158236761,0.03605041086558265,1,0
4486acc30384,0.06065587865109825,0.31481591593823127,0.6094394053393627,0.015088800071307609,3,2
4492a7f00b5f,0.04911304386108118,0.8945826891189249,0.05012552244178818,0.006178744578205855,1,1
4499cf9d764e,0.9339392369634464,0.025791249538310412,0.03806917790627303,0.002200335591970066,0,1
449a4e07e0a3,0.08198428840056152,0.7581923188615094,0.11765532403557329,0.04216806870235587,0,3
44b3c1b1bf89,0.1157280891108816,0.7304280704538829,0.14764611798530353,0.006197722449931971,1,4
44b6c4a4f9a7,0.9236982477257357,0.005450212972092867,0.06860420093634424,0.0022473383658272294,0,2
44d4bd051e1f,0.8550032531091492,0.0819197340081746,0.0400300464065028,0.02304696647617325,1,2
44fafe9c97eb,0.015496437867898736,0.9340464537034997,0.04487623433801103,0.005580874090590362,2,2
454cac81825b,0.6449516939945157,0.23578360690545047,0.08475144709645645,0.03451325200357735,0,0
455cbab8acad,0.23713807680350607,0.5672788126889473,0.09001177343393846,0.10557133707360819,3,3
45642bcec833,0.1375742150279276,0.6347532901233162,0.21757300404637683,0.010099490802379305,3,2
45666ba64453,0.43763316694980614,0.1814734532287563,0.27810705880139064,0.10278632102004708,1,2
456c2a3abcf7,0.061921693542968954,0.8741301052116008,0.05407685247402151,0.009871348771408578,1,3
456f61eec895,0.009677660217647236,0.9095290738295793,0.06770012944963791,0.013093136503135714,1,4
45725d3453c8,0.10240753181743109,0.8310577282667317,0.06268405296651934,0.0038506869493179006,3,1
4593937b2976,0.8798531433226807,0.06763921733476409,0.05099599135351867,0.001511647989036585,0,1
4595c11984c3,0.07080341573225077,0.7943196102878797,0.12978123759748475,0.005095736382384787,1,1
45ba102094d2,0.12147180930085352,0.6608128789837747,0.21293782846667314,0.004777483248698747,1,1
45dbef1cd1d7,0.010066923873708871,0.9020559735285846,0.06509563595353013,0.02278146664417636,2,1
45ef9c8f3a29,0.42125945744525983,0.374973733532506,0.1634396673715519,0.04032714165068223,0,3
45f32c71c022,0.1674088669808758,0.7573221115748597,0.047977357414008624,0.027291664030255725,1,3
46096e40afc4,0.02616358300810088,0.7963175954078249,0.15459625879401193,0.022922562790062346,1,2
460e1bb0eb6c,0.11358906593098234,0.7184217469382568,0.14639645522547376,0.02159273190528718,0,2
461eb648381b,0.01686498338233221,0.8003107561852547,0.0802961215423335,0.10252813889007947,1,3
4624eb6a47d9,0.13929093852186802,0.4429802996613702,0.39486868972488776,0.02286007209187397,1,3
467079e557f6,0.007045331955107459,0.9640396162738455,0.02339344681650237,0.005521604954544805,1,3
4676a91a79e1,0.5530520395588112,0.19627547380449903,0.24277610417537257,0.007896382461317311,2,3
4676ccc3da0b,0.12745395118016942,0.5859734953161743,0.2764797995022839,0.01009275400137245,2,4
46789391270f,0.021514702169305677,0.8445998109352489,0.06987823195634593,0.06400725493909937,2,3
4684064a1c67,0.29922316599581805,0.4275990266853083,0.20171848016385593,0.07145932715501767,0,3
46b5875e3f4b,0.00848278543186942,0.9797139986245899,0.009139194211962732,0.0026640217315779305,1,4
46b59bea8e92,0.005390865643858971,0.8755639797417424,0.1127390916979935,0.006306062916405294,1,0
46ee7cfd0bf8,0.5009549054593899,0.3770040363444457,0.11603125637477098,0.006009801821393554,2,3
470b3d8e543a,0.031648417552686776,0.9054271780038489,0.04133868965208635,0.021585714791378007,1,1
470d1f1abc74,0.138585869307951,0.632113935160302,0.20516421442702973,0.024135981104717152,1,0
47184d6ce9d8,0.004286017631313858,0.8408769072261222,0.14986799925585445,0.0049690758867095,1,2
471af1d3f5d0,0.09113311984640307,0.7813388023160242,0.12158986930427876,0.005938208533294006,1,0
474a199db1f7,0.05062762262639508,0.8077002461060842,0.12103231851351626,0.020639812754004533,1,2
47666c3cd3de,0.4282215625705587,0.29330016295853373,0.1932960846167635,0.08518218985414402,3,4
476c4e9bd0e8,0.2029974369310256,0.5014107673042456,0.2855461790030074,0.010045616761721414,1,0
478ecae73c0f,0.07997776722946073,0.43672823792226223,0.46558015420763105,0.01771384064064598,3,1
4797141539c1,0.009404440669004425,0.9355211825269522,0.041996203401516434,0.01307817340252683,1,3
47a20936e21e,0.0646284408280575,0.4657846985024412,0.27282619946970854,0.19676066119979277,0,0
47a8d29668f2,0.9474601294934694,0.01524972099640743,0.03672212630047782,0.000568023209645248,0,3
47af8c6239ff,0.18922150013822134,0.6652773022531874,0.12095027497188947,0.02455092263670191,1,2
47f9b7436c3f,0.8164520680723407,0.04455778165762083,0.13411635099657343,0.0048737992734651904,1,1
48115244cd07,0.10798747602749932,0.5093822189615445,0.2878286988874423,0.09480160612351389,1,3
481267fb221a,0.8413837738795696,0.09673315323466589,0.05564944145026507,0.006233631435499471,1,4
481522b95d50,0.03316373759812072,0.915316418866539,0.04658488262338162,0.004934960911958615,1,2
4838494c6cc8,0.0086225842472527,0.9270755035666696,0.059756804822237275,0.0045451073638404565,1,4
484e59c2708d,0.7749069175502681,0.09993332461578357,0.12153429861588547,0.0036254592180627954,1,4
485d4ccd3c0e,0.5249238894184645,0.4091027586500403,0.03321628504965314,0.032757066881842066,0,4
486c0b27043a,0.007267531676611317,0.9564453728920355,0.01813992391367828,0.018147171517675045,1,1
486e633a5721,0.3549675226040994,0.298241830864946,0.27179963281297076,0.07499101371798375,0,3
48889844ef56,0.3192467504432691,0.4014704659067257,0.2615792979139217,0.017703485736083623,1,2
488d48e19716,0.08445311357621836,0.7148791139019517,0.19601648749524087,0.004651285026589234,1,1
48d8abfbad2e,0.6950238157902631,0.16126766264953638,0.13662884815451437,0.007079673405686261,2,0
48e089b6f3cb,0.4519167136328781,0.20490584595025838,0.2820756464643749,0.0611017939524886,2,4
48e1cde4e995,0.019033590273387618,0.9386729555341775,0.04007791497678806,0.002215539215646954,2,4
4900ec5edaa0,0.06326074756998261,0.8806954971354509,0.01857873657956405,0.03746501871500252,1,3
490545ad8409,0.08107519557907886,0.7149077663632185,0.19028764188053052,0.013729396177172098,1,0
490fe3924dac,0.0720918192409285,0.8184832689339625,0.0942261683536402,0.015198743471468911,0,1
4911fa4de0f5,0.3092160110097738,0.16615930275791824,0.47978915205475,0.044835534177558076,1,2
4926141293e4,0.3463968912719513,0.5262697233045986,0.1034321776871396,0.023901207736310468,1,2
49358afcfb80,0.01234441507520769,0.9801872596413903,0.0037151930715912875,0.00375313221181075,1,2
49374ea79cdd,0.13110457835519265,0.6174115710429264,0.23006307229450274,0.021420778307378256,1,4
4944adbe3aec,0.27656973762863635,0.3113656735286336,0.38422019099559485,0.02784439784713515,2,1
4948bfd21ba8,0.1211103433188874,0.5503425938440328,0.31274058263425636,0.015806480202823332,2,4
494aed280098,0.6390121455151452,0.2081429365776983,0.12402252760397096,0.02882239030318552,1,2
494f4d7a1bed,0.007922788366161228,0.5918616443769688,0.3888488221163124,0.011366745140557659,2,0
49508eb834d6,0.5923419541810486,0.2622347078131961,0.13288599734499368,0.012537340660761577,3,1
495ab5cb9721,0.0041553342314315286,0.959814948072401,0.03437056013650892,0.0016591575596584822,1,3
4968d37e02cc,0.058331101931405206,0.5164177249707521,0.23276668066659478,0.1924844924312478,1,0
496dae9e8e48,0.09093320824630653,0.3961006510521644,0.4237469633523088,0.08921917734922025,2,1
49719e81744f,0.3162960306812855,0.4560646067813351,0.22528584664130433,0.0023535158960750952,1,0
497bf4b490c4,0.7139986321779772,0.18245197855458148,0.10096792444882656,0.002581464818614697,1,1
4986a30d2f81,0.3792673868281291,0.2566735072271189,0.34737407011836924,0.016685035826382633,3,2
4989ab8488fb,0.9256634739171721,0.021834884758853194,0.05040132004435753,0.0021003212796171203,0,4
4991160776f9,0.011337718575789808,0.9425648067244915,0.04191232823550242,0.004185146464216397,1,0
49a79f8222a6,0.22345018729872065,0.544715548644845,0.21530427287356063,0.016529991182873755,1,0
49c79f89893c,0.02881867960551409,0.9012233736188094,0.0374058503268385,0.03255209644883786,1,1
49cb0e4c4f6f,0.12241484678775748,0.6650278344784525,0.20231131145788334,0.01024600727590671,1,3
49f33fad39cc,0.1354430688685473,0.7461197755579192,0.09357818501125559,0.02485897056227793,1,3
4a0fb5ff55bb,0.11305314222836628,0.6879700157009748,0.16492846043706436,0.034048381633594554,2,1
4a161522e760,0.6550250785926501,0.09586791835699111,0.2257394966442455,0.02336750640611324,1,4
4a195eb75def,0.9587622071065867,0.008029897395455428,0.013084378228121056,0.0201235172698368,0,3
4a1e37b8cd8c,0.029868623048814425,0.8482421479250728,0.09345902152707304,0.028430207499039642,1,1
4a2ddd0dc53a,0.2951125779572059,0.5476538155869662,0.10650161403843254,0.050731992417395344,0,3
4a40923456d9,0.02125226016844237,0.5588340311270759,0.3911429245361726,0.028770784168309166,1,1
4a4163009281,0.00788373255397936,0.9691000620253309,0.013437937883135744,0.009578267537553945,1,2
4a41d40a63d3,0.47701721694679544,0.2979716096679808,0.218639067950183,0.006372105435040668,1,0
4a4e88562235,0.22894938024779338,0.6346522733424722,0.12733059119916793,0.00906775521056639,3,3
4a4f19493e91,0.22845997885957853,0.5785088073786776,0.1379376712813397,0.05509354248040406,1,3
4a5bba561d65,0.45578867693407554,0.2950431357412813,0.12397679187344812,0.12519139545119493,0,2
4a5d1728c12a,0.5921649068700724,0.26917664286588894,0.12042869153652763,0.018229758727511095,3,2
4a5e943d578b,0.01295950807862554,0.9677386254883281,0.012933216522762202,0.0063686499102841715,3,4
4a6290010ad7,0.49371544203384776,0.23268051486438168,0.2628079009670256,0.01079614213474505,2,3
4a683fc106eb,0.04047377316555957,0.8489837126609522,0.10751822642807059,0.0030242877454177454,1,2
4a6c95b0cc17,0.27063322874550394,0.42516487643157513,0.2993715611096514,0.004830333713269485,0,4
4a7253e116d1,0.8090015077179455,0.06807081956771804,0.09391659749315968,0.029011075221176838,0,2
4a746c1839d7,0.6673962141574274,0.24463430926688245,0.04769302796640768,0.040276448609282284,1,1
4a759252b405,0.9920791683266101,0.004188980553399609,0.0033181849098874137,0.0004136662101028795,0,0
4a9a960d2f8b,0.44316198680107893,0.19778698194484137,0.3102485853057288,0.04880244594835093,2,3
4aa11ef1fd38,0.42584950862475857,0.37781401554475375,0.17020762116470683,0.026128854665780844,0,1
4aa5037091ee,0.44948344600767387,0.1938794916299072,0.3162358536667298,0.040401208695689174,0,0
4ab7fae55612,0.5075102215441447,0.20851284297228098,0.2788117834994193,0.005165151984155101,1,3
4ac2b8f0d043,0.9388393239843048,0.030943477334130155,0.021043327329852535,0.009173871351712543,0,1
4ac6bbb98b57,0.04550468878465841,0.4881552448629511,0.3627618018000724,0.10357826455231818,3,2
4acca25f2444,0.9105049133153404,0.02306755221408745,0.06467767450626588,0.0017498599643064505,0,4
4ae37a325776,0.4462785720936209,0.4236933563241033,0.10939798549682546,0.020630086085450427,1,0
4ae89e667a24,0.05152442586222204,0.8711272230962569,0.06765696873833732,0.009691382303183945,1,4
4af510894843,0.1790372829445077,0.6929101922029788,0.10216107056754647,0.025891454284967093,3,4
4af9fd126565,0.08533381372349351,0.8544738930893899,0.053893757928119145,0.006298535258997398,1,0
4afcd8aa1ebd,0.04836277092963641,0.5873513910258982,0.32272673919039535,0.041559098854070074,1,0
4b009ead8ab2,0.6931223329057753,0.15923058842503815,0.11741717578156917,0.03022990288761737,0,0
4b04ef7e5a91,0.3916480349961194,0.3951802134915409,0.176463473655029,0.036708277857310664,1,4
4b0988ac86c0,0.6448145051609978,0.20184872193497516,0.09989306740044544,0.0534437055035816,0,0
4b0a5a40676f,0.0752862150689027,0.7701460658723761,0.14793998062116717,0.006627738437553811,1,2
4b0df75f21f5,0.031163328671361696,0.8322087446151823,0.12550123608125685,0.011126690632199279,1,0
4b1d718d562a,0.2977920971210865,0.3834350271389225,0.3009845989690103,0.01778827677098064,0,0
4b24276e0963,0.0028777448116229006,0.9540354610138405,0.03382275741645205,0.009264036758084543,1,4
4b263ebf9ad5,0.06413730793948919,0.8900071370553421,0.035904760447973985,0.009950794557194612,3,1
4b4d19205cf6,0.06789331645694194,0.5821319130180773,0.2810526291012074,0.06892214142377329,3,0
4b4fa74957a1,0.9607877663890841,0.010348391546690924,0.022449431360774024,0.00641441070345086,0,2
4b7578c84ffe,0.01816679051429694,0.8501985921326092,0.0931696079508,0.03846500940229382,2,2
4b7b9871f26f,0.21350622636291203,0.5678954443168587,0.2088363433545679,0.009761985965661368,1,3
4b916be9f189,0.8475453026213997,0.06925678235876782,0.07107432798984074,0.0121235870299917,0,4
4b93ca3c31ad,0.7294501069166277,0.09404653215946897,0.17272275063678838,0.0037806102871149098,1,1
4b9d49cd5e67,0.02556990222274139,0.6946294948461146,0.2604347616489136,0.019365841282230376,1,4
4b9f90e96569,0.052866551698383925,0.6815801729344936,0.22871178381299725,0.03684149155412529,0,1
4ba4eb1d380d,0.7308489495675548,0.08446906264176915,0.17638123747222298,0.008300750318453173,0,1
4ba755b48a9c,0.24670649104326392,0.42137545904134616,0.2675221688011176,0.06439588111427239,2,2
4bac6c7da8b8,0.034464693493625666,0.7658003401232404,0.17916539881915977,0.020569567563974135,3,1
4bb14a344446,0.48548815115754584,0.20529353537858805,0.25772678130765325,0.051491532156212994,1,3
4bb293489dde,0.9933693692719411,0.003635058389813533,0.0023891453445765553,0.0006064269936687722,0,1
4bb943c3001c,0.16563201472639125,0.49123066075336624,0.3370373576537596,0.0060999668664829835,1,3
4bc2eb20a505,0.8864809210634799,0.04165631302355412,0.04983140913803194,0.022031356774933952,1,4
4bdad39035b0,0.04574845956927325,0.8627517056372658,0.08885961124794821,0.002640223545512837,1,1
4be426760e00,0.7348427711244709,0.1049558782364133,0.13637129720878866,0.02383005343032711,1,1
4beb8e107830,0.9172750270712632,0.052160218022974374,0.0106640771906693,0.0199006777150933,1,4
4c053382f9ab,0.019566079341929297,0.6872223992717645,0.2569036848491058,0.03630783653720047,1,3
4c0a382bf349,0.013475276393107118,0.8913309728208656,0.07803295112541926,0.017160799660608045,1,1
4c1a8be87462,0.9624003140533972,0.023729274901874084,0.011269276940301028,0.0026011341044276442,0,2
4c1e5ca11b6e,0.17593001870387226,0.741259877615176,0.06566707082860355,0.017143032852348146,0,2
4c45ac349e3a,0.018408702906239985,0.6069799792847321,0.33920643757035557,0.035404880238672436,0,4
4c4a0eb38623,0.47498017063547604,0.3453913931643024,0.14226942075207838,0.037359015448143115,1,0
4c5bc626fee7,0.5565557301026954,0.19274716256689323,0.24304433748145238,0.00765276984895893,0,1
4c6ddbf0fabe,0.647697462872392,0.26945429568350665,0.06626606583855178,0.01658217560554968,1,1
4c74745605a9,0.07408848541748661,0.20902338091390998,0.7043891662325024,0.012498967436101002,1,1
4c74ab1c7193,0.7050920957113581,0.20730799237338401,0.06452793544743611,0.02307197646782172,2,1
4c8116b5ce1b,0.8580050623515059,0.025856785890318573,0.11528908567746214,0.0008490660807132927,2,0
4c96f8a99305,0.024202798286736417,0.42173870421625226,0.1508347842161445,0.4032237132808669,2,2
4ca61dd169d4,0.039815927557515125,0.7636956404715167,0.178904977734497,0.01758345423647123,1,1
4cb338b6e248,0.9623374312438884,0.021611766233786564,0.01199744571818396,0.004053356804141163,0,0
4cce09eca9ca,0.5262874490961034,0.2904156973438074,0.12552898247140376,0.05776787108868544,0,1
4cd37e041b4c,0.587346171589697,0.23735902166201367,0.1519298212627216,0.023364985485567685,1,2
4cd4a247bc30,0.1771436698775969,0.7785315898571629,0.036964310317097314,0.0073604299481431455,2,0
4cdca551d442,0.13238597926054868,0.7517638907141484,0.11146663046939283,0.004383499555910185,3,0
4d02730ae091,0.4775954988077459,0.4140052422016409,0.09306935895106203,0.015329900039551281,0,2
4d11294713ad,0.16352556744611726,0.4027872325849266,0.24556339849365832,0.18812380147529773,3,2
4d4042629e59,0.21964242046042076,0.6142504432223111,0.12826832905847832,0.03783880725878986,0,2
4d468b5b8cec,0.019591267736016046,0.792133323081909,0.17950060631060952,0.008774802871465457,1,1
4d53dbd5fc09,0.14921591612277055,0.2782545475200998,0.49052277429939295,0.08200676205773678,1,3
4d6c1133d688,0.026087111851648796,0.9084089451111834,0.059275499250123445,0.006228443787044173,1,4
4d70ab1d80d6,0.05032968254103445,0.7920022775343254,0.1273522666848955,0.030315773239744458,1,2
4d7a2748dfb1,0.15190204363970314,0.5264350553488597,0.3146564986547737,0.007006402356663455,1,2
4d8280d84b26,0.002698507982640577,0.8357207032761848,0.15212979788232667,0.009450990858847982,1,2
4db82e5d8079,0.4348645950716519,0.14513024800542113,0.41432052254262897,0.005684634380297826,1,0
4dc6197ec461,0.08936938530508619,0.7358442075472913,0.1722079806526584,0.0025784264949641803,1,3
4dd1c6cd167e,0.3132559115924044,0.2919517723532717,0.3099382354841225,0.0848540805702013,1,0
4ddbbdbf2690,0.0179430444403662,0.8041260451897527,0.16502462583145058,0.012906284538430526,1,0
4de525e4d09a,0.520233989796711,0.32787482353704167,0.1364299400158541,0.015461246650393227,3,3
4de6472758de,0.003842518794183067,0.940413627546209,0.027529160928745352,0.02821469273086248,1,2
4dfeb4d6bf0d,0.15173554852442503,0.725139742657187,0.10803443457869459,0.015090274239693462,2,2
4e3671f1dbf8,0.42482379184706953,0.44665299859636953,0.10754595890912935,0.020977250647431542,2,0
4e51ae89d35a,0.13730108746423775,0.7084030282399975,0.08080284737067152,0.07349303692509335,3,2
4e81deb94cab,0.04410394373909506,0.6834943242785796,0.2668860335753008,0.005515698407024487,1,1
4e9a365efc0c,0.1370720645062252,0.48807882397828406,0.15665050371695552,0.2181986077985353,2,1
4e9eb654f451,0.7731813922863731,0.054636218315631604,0.09796648877542842,0.07421590062256683,0,2
4ea356d57b10,0.5960046894147245,0.23976256667989704,0.15731353577523224,0.006919208130146138,0,0
4ea3d3aed9a6,0.04286906777365736,0.8491216642096423,0.09519934107078865,0.012809926945911605,0,3
4ea759eebb53,0.012763889384057345,0.9513779245773725,0.030248540541690905,0.005609645496879345,1,2
4ebaaa8b1eb2,0.05759829035915497,0.699111962932602,0.1799070498531768,0.06338269685506634,1,3
4ecbcabc9971,0.14255864545797728,0.6661036851361224,0.17153773053778748,0.019799938868112852,1,1
4ee4406b32a0,0.0011357273707514538,0.9269669718970387,0.0655025593679968,0.006394741364212925,2,0
4eea62413744,0.12036608053576514,0.8279658873766351,0.045818239728127576,0.005849792359471976,1,0
4f0201c0929f,0.9357712971956972,0.032625265282605245,0.03010828640778262,0.0014951511139149522,1,1
4f044c4aa6f6,0.018514599230059253,0.9115942733362065,0.05892161419969688,0.010969513234037444,1,2
4f22fc4115aa,0.09442074737965979,0.4770047994428401,0.34549416349602036,0.08308028968147983,0,4
4f3ac8ed6bc3,0.8943824471594947,0.05624419196606299,0.03363158838244559,0.01574177249199677,0,4
4f3ad9b6686a,0.08252126114073464,0.29955919305233714,0.6095639617134326,0.008355584093495513,1,1
4f429eb104df,0.009382713740789136,0.7939705496739297,0.18657939123373662,0.010067345351544733,1,3
4f4a405729f2,0.4607940552587123,0.24034737350821192,0.28803425945679073,0.01082431177628509,0,4
4f4ec43883e1,0.16999583186958345,0.34163362975790706,0.47992029888487864,0.008450239487630865,1,1
4f7282cd3316,0.6865308984644931,0.22311872102784244,0.08946114236493602,0.0008892381427285075,0,1
4f7398c0551c,0.08354853012169984,0.6131400456541857,0.23714498392749542,0.0661664402966191,1,3
4f76e9117edd,0.15082879115987446,0.7395179411069878,0.10158321275640636,0.008070054976731503,1,3
4f87a1a47342,0.014576216153788749,0.7121557919334478,0.23347927061393525,0.039788721298828066,0,4
4f882088da4b,0.06065274662259041,0.5481694019085469,0.33086962479702725,0.060308226671835434,0,0
4f93ae390464,0.769738551473316,0.08741836928364766,0.13186833282988142,0.010974746413154714,3,1
4f9e5a782721,0.9873505150330568,0.0051037520369400765,0.00240915008044477,0.005136582849558385,0,3
4fb1f71d298c,0.2765877539585679,0.6405614198385016,0.07062935798920801,0.012221468213722615,2,0
4fe046c0f566,0.034115830172668324,0.9006456333544395,0.05790738477294205,0.0073311516999500954,1,1
4fe89b3c7225,0.03801076873983626,0.7353564525635743,0.13804383073823587,0.08858894795835359,0,0
5011af7ced63,0.1435653276039638,0.6114800602382261,0.23696136525765665,0.007993246900153354,0,0
501f89688227,0.062440904028820805,0.8760938366536059,0.050080534675015644,0.011384724642557685,1,1
5024b6620c03,0.7831409556421713,0.10630213138359078,0.069240898824696,0.04131601414954184,0,2
50586fea5441,0.19435554660407484,0.5812448477122951,0.21840209269466374,0.005997512988966214,1,0
5062655a0c9f,0.12236607394212984,0.48709150099580534,0.20488335361683827,0.18565907144522653,0,0
50680af8f366,0.09312160583798604,0.46960404266743283,0.31315085257560527,0.12412349891897577,2,1
506e43568206,0.19819904118197187,0.6960933913105581,0.055461588033909416,0.050245979473560645,3,1
50787fecf4ce,0.008454334436776336,0.9729287810812886,0.009320105887673572,0.00929677859426167,1,0
50837951818b,0.0666918938967839,0.844510731245744,0.0688246186968539,0.01997275616061802,1,3
5083d7064601,0.012595343160986242,0.7767453192977058,0.2063677815452783,0.004291555996029729,1,4
508614a9c9ff,0.08454167259056976,0.4377405186377222,0.44824190121796437,0.029475907553743644,1,4
508b10b44ff6,0.18433298024132522,0.6889668178992389,0.1168090258605731,0.009891175998862835,0,4
508d6acdc4ce,0.12093312455869064,0.724794526857437,0.1339508771519257,0.02032147143194675,1,3
50ab8f13a325,0.0038667975671223256,0.9794202279971671,0.013389576048287692,0.0033233983874228525,2,3
50bbbabf06c6,0.6755713165811548,0.19960830678319993,0.11061331807818113,0.014207058557464148,2,3
50c72842fd87,0.022437745500888534,0.7260493061202306,0.1715393195555431,0.07997362882333793,1,4
50c7efb145ce,0.07152574369475437,0.8177554769492614,0.10184203755093343,0.00887674180505074,1,1
50d38e4b0732,0.14347678916282955,0.6636846373213214,0.14734181183346137,0.0454967616823876,3,0
50de43ee58c4,0.2769946316882165,0.5762282998395278,0.10425082470533317,0.04252624376692256,1,0
50e9384ca4c1,0.01868973539095143,0.845861048044433,0.08250260538057676,0.05294661118403879,1,0
5108dc02655a,0.03832372481202975,0.8826952340131442,0.059374695929132665,0.019606345245693293,3,4
510b4b2ae848,0.4956847066283231,0.21984078940969914,0.19883040109128605,0.08564410287069181,0,3
511b76817a88,0.05892626922707836,0.796044551338505,0.10454012518106141,0.04048905425335508,1,0
511f9a60ee5b,0.24341444506904497,0.521023161503669,0.17821381052486193,0.05734858290242414,3,0
5122ec355c24,0.0336576666410537,0.93186889263958,0.02225539592530854,0.012218044794057883,1,4
51294e64d81e,0.037441720255167774,0.8342655082548645,0.12315979668371067,0.005132974806257191,1,0
512a9622ca0f,0.1974820665066717,0.44546349353361897,0.3062922459088309,0.05076219405087833,1,2
512f55885e0b,0.14058955535746392,0.7067645882126437,0.12811523094329724,0.024530625486595233,1,2
512fbe9d996a,0.3072230953782402,0.1908750789599797,0.4636047265534229,0.03829709910835731,1,0
5133bbb7b75c,0.6109520965826168,0.29801324031477944,0.08553486793438773,0.005499795168215953,0,1
514b87b8275d,0.47328985703861776,0.10173489933735815,0.3241041539565148,0.10087108966750928,0,0
514f1f9f8912,0.13587116762721665,0.21674667521728727,0.6275547072565917,0.019827449898904302,3,0
51502fa7747d,0.474750241272776,0.3399265585225042,0.16308092423320372,0.02224227597151611,2,3
5170993e49dd,0.664443976239491,0.12450486406156482,0.20641585652544606,0.004635303173498108,0,3
5187caabdb51,0.04301428742059197,0.7697083842096294,0.1785626878765665,0.008714640493211993,2,2
51a10504052c,0.09952579221244313,0.32991591412684507,0.5450025899726247,0.025555703688087114,1,4
51c3b10f88d1,0.04479807407795218,0.38288130730262354,0.46503036872124154,0.10729024989818257,1,3
51e626885505,0.4942432375520997,0.19600041888268652,0.30617209859651856,0.0035842449686952268,2,0
51f479f9ac83,0.4213269261130932,0.1911801204926407,0.32058129368137406,0.06691165971289198,0,1
51fef9be5005,0.02562873475167162,0.9228657325172765,0.038795706343777506,0.012709826387274272,2,4
521c520f0d18,0.18740993228712371,0.7672437209132024,0.0387155268445745,0.006630819955099552,3,0
5249dd72e890,0.28901444823566574,0.4819999172613515,0.18600019940141355,0.04298543510156931,1,4
525baed75bc5,0.6679396803438525,0.27119562645240225,0.05556616187007118,0.0052985313336741235,0,4
525f144cecf9,0.3404988621690076,0.30339810152583613,0.3538744144961615,0.0022286218089946617,1,4
526393a46dcb,0.11377019776007519,0.4183469975446642,0.22763367096085588,0.24024913373440462,3,0
528aca245f9a,0.09576960959078291,0.48485521689133226,0.3758411959311624,0.04353397758672239,2,1
5292575d2789,0.03529668379458855,0.8758127739657031,0.04968701341252927,0.03920352882717903,0,3
52a07bdb51ad,0.015199785658933578,0.9026909096338588,0.07713075135101691,0.004978553356190689,1,2
52b4996cd35d,0.0012512101428894485,0.9738216440793679,0.020366892297100748,0.0045602534806418555,1,0
52ced5f7e2b3,0.8980385122757909,0.05799418529774074,0.03004522155374053,0.013922080872727748,0,0
52dc05bd4381,0.07026969861783437,0.3054787861738861,0.5203486691039878,0.10390284610429178,2,4
52e8c2d0de50,0.7394610104892408,0.2009372644218621,0.053557426494359246,0.006044298594537645,1,4
5304d41ea0a6,0.07257783976678377,0.7288899283376324,0.1732928616195968,0.02523937027598685,2,4
5304dd253880,0.495587562739971,0.16291673727838168,0.15980214004212615,0.18169355993952133,0,0
531c0554dc5d,0.8288271901694196,0.03899123091954328,0.1305569130919949,0.0016246658190422,0,2
53234761691b,0.0296538878424712,0.9412451961198519,0.02197511676448916,0.00712579927318764,1,2
53345381e15a,0.022624077537203982,0.7442190032926989,0.2281397933345778,0.005017125835519358,1,3
5359e47a53e0,0.016049788921852014,0.4019385412815406,0.5763059351767853,0.005705734619822043,1,1
535f8c7a5191,0.01609170075295544,0.8989501676972185,0.027710582047218196,0.057247549502608026,1,2
5368a8bec11f,0.030896570670546908,0.6504534731328837,0.31528724685095294,0.0033627093456164423,1,3
536ec36c3d62,0.9376543595895664,0.03784908618809711,0.018748245425934507,0.005748308796401921,0,3
537d1ce14277,0.3277890736485729,0.3646466922800112,0.2413799774056472,0.06618425666576862,0,3
537f2065d631,0.5704845248184239,0.20132024584573896,0.1227203234538329,0.10547490588200431,0,1
5380acab9ccf,0.7450824653846989,0.20803702052536577,0.03843279150339238,0.008447722586542932,1,2
5392f3af1472,0.42361411135793,0.24995431992677497,0.15997399871031162,0.16645757000498335,0,1
53a94edc58d1,0.01729584422884176,0.8702005509927428,0.10052632767720647,0.011977277101209117,1,4
53a991898080,0.05257123567279016,0.5363037963958365,0.3250979534660931,0.08602701446528031,2,4
53ab14d3aeff,0.07415668313791243,0.8292970907215944,0.05924332396053612,0.03730290217995696,1,1
53ab7bc1ca97,0.181250122526543,0.45002638902064235,0.0953942102360929,0.2733292782167218,2,1
53aed14e6386,0.7787246838207394,0.14720612570979924,0.060462652018196325,0.01360653845126501,2,4
53b2ff894bda,0.03239145092202745,0.8184847056591313,0.135766835085368,0.013357008333473334,1,4
53b974b2f19b,0.03728629436677711,0.9068216882904712,0.03895376339630609,0.016938253946445703,2,3
53c9dc786907,0.1286032330756597,0.7119157036551333,0.10102346540636417,0.05845759786284294,2,2
53e3f01fabe1,0.05935341812647703,0.6301761649638311,0.2849334948225092,0.025536922087182858,1,2
53f3c8c16f5d,0.09409673464673322,0.58394826418955,0.10912683299060569,0.2128281681731111,1,3
53fefa2635de,0.5956958779344457,0.1708895827740986,0.19186314478457223,0.041551394506883575,2,3
5400139d2bb4,0.010888862579684435,0.8934842572008398,0.07372844151751044,0.021898438701965228,1,2
5410626fc53a,0.0410989844756684,0.7583289621680512,0.08478116357276072,0.11579088978351967,1,3
5423b19fb38b,0.01653755965942192,0.8821385160862033,0.09700693833541936,0.004316985918955373,1,2
543ea3ce1275,0.04383717538370559,0.9029447115568504,0.05209523913586588,0.0011228739235779356,1,0
54600e52f553,0.70074844964367,0.21872682457780782,0.06996518564587081,0.010559540132651396,0,4
547aae81c04c,0.06554769752175155,0.7552445458199044,0.15198609589044976,0.027221660767894236,1,2
547b1dd0ebcb,0.6034376128458243,0.32519961379392587,0.062211685905716727,0.00915108745453294,2,1
549205ed957c,0.38714048703127263,0.2747473251822129,0.3258884907011029,0.012223697085411682,0,2
54a1ff4452af,0.1593373692704441,0.7475433627216319,0.0781857029525013,0.014933565055422777,1,2
54a72130e138,0.2036177627393361,0.7057334649327305,0.08373387593251175,0.006914896395421657,1,3
54bcc360cc71,0.6853584286535426,0.20236222268983664,0.0703582618162096,0.04192108684041136,0,2
54d2b19a59c4,0.44957437572681674,0.4144230938058629,0.13030192368508295,0.005700606782237539,0,1
54d3bd418490,0.06625599658333399,0.5498675568932102,0.2304574788803914,0.1534189676430644,1,3
54d87992ebd1,0.7389276864685709,0.12081386596787319,0.13378158871543,0.006476858848125964,0,4
55178967f39d,0.014529670002988352,0.9581668441170006,0.018517231618089297,0.008786254261921839,1,2
551ce2f497af,0.4649018251414572,0.1929175772568847,0.3125832224400084,0.02959737516164965,1,1
5545ef49ebfc,0.21284952432861864,0.6171482122752171,0.16741020733856765,0.002592056057596618,0,1
5553337f41b7,0.04413662348852375,0.8192541139889399,0.12944932589493136,0.007159936627605055,1,0
555aa3906759,0.08972684320108452,0.41843105626256416,0.42173172900968187,0.07011037152666948,1,4
556b76b37e6e,0.029109437324137538,0.8386310579660758,0.10148699777448815,0.03077250693529836,2,0
5590d0f84fb4,0.0454914092951764,0.5721161878931418,0.3040042915357541,0.07838811127592772,2,0
55a1e614cd5d,0.40061388180421614,0.3674954963619261,0.16073798898933628,0.07115263284452147,2,4
55bdad0b3d6a,0.48818799399821095,0.08649244556176337,0.4060242600213646,0.019295300418661097,0,0
55bf89ae74ea,0.5805191430634375,0.17808123295679149,0.23459458697901078,0.006805037000760279,0,0
55f9624fef0e,0.03821923742319141,0.8535455951573302,0.07935682786547864,0.028878339553999634,3,1
55fb3303c057,0.5805859654871696,0.14403174150043024,0.217070489221323,0.058311803791077144,0,3
561871085c06,0.26232708318132564,0.12172383530419023,0.5545250030472971,0.061424078467187115,0,4
5618efab082e,0.9143070971135353,0.036116713452586435,0.044658778419300806,0.0049174110145775414,0,2
5621dfc80f12,0.15903490530570422,0.40021194090987194,0.3739044854264437,0.06684866835798016,1,4
5623a3a86114,0.11997935143212941,0.6591792313491486,0.17133803285791746,0.04950338436080458,1,2
562b773e21da,0.2406627226434334,0.48554738080327675,0.2647122425779811,0.009077653975308785,1,3
565cf7dfcce7,0.10825192614376143,0.829068832771188,0.05481559018450699,0.007863650900543749,1,2
56688f5bde5c,0.034364112511459516,0.8624067203744348,0.09495260637979823,0.00827656073430748,1,2
566c4bfc22a4,0.15998745472700474,0.4410687944984354,0.15734297732953093,0.241600773445029,1,1
568691cc04c4,0.05123516748735784,0.8846853217074216,0.061076829256661525,0.0030026815485590295,1,1
56a69969ec4c,0.931277770541045,0.023971947095745932,0.04315815633743173,0.0015921260257773125,0,1
56a6a370c80f,0.18549612644348062,0.3248392984061137,0.352763706994354,0.13690086815605174,0,2
56b13bf13955,0.4009826374558893,0.45409113566022485,0.11882608679202031,0.02610014009186551,2,3
56ec96b96a1c,0.06433176531797533,0.8552465797991002,0.05775374010187369,0.022667914781050697,1,3
56fe338adcca,0.2064048513165595,0.5986960033730425,0.19164374956853525,0.0032553957418628987,0,2
5706623a8069,0.1593090993124335,0.677303580537346,0.15426692458408284,0.009120395566137704,1,3
57081e4ab3b1,0.7904368746922563,0.025305129118566683,0.12352581324220663,0.06073218294697023,0,2
570d6703b8bd,0.013377669369884682,0.8468719349412381,0.09838191604599593,0.041368479642881185,1,3
570e81ad62f3,0.06257790485239213,0.7963747558132886,0.13685531716173255,0.004192022172586835,2,3
570fd6af9eab,0.011007510420863275,0.9608156557772829,0.023071189077915572,0.005105644723938313,1,3
5753677905c4,0.008982811922520201,0.9717674297595584,0.015098783457624419,0.004150974860296893,0,1
5756aa070207,0.1718186064113536,0.8012477990137168,0.022803026016203355,0.00413056855872634,1,3
5758d3fadf95,0.3134531718142578,0.23748865273600078,0.4143776347675284,0.034680540682213,0,2
5772159e2645,0.03156342102449094,0.8909257758328738,0.045749566604350374,0.03176123653828464,1,4
57776e62829f,0.9310641708042299,0.05560075681884905,0.011662968757181579,0.001672103619739454,0,0
57850405120c,0.009010594630801706,0.9684191336892386,0.020554226293611214,0.0020160453863485236,1,1
57915fbd41fe,0.7491127144360278,0.10333162197052638,0.1419867159698334,0.005568947623612478,0,1
57b5cc0c0645,0.07172077472029587,0.6829904119268866,0.1077323310365747,0.13755648231624287,1,3
57ca1820340c,0.6310514417141463,0.15679809247779078,0.20630020215107475,0.005850263656988335,0,1
57de882902fc,0.45922709800897255,0.41624768342289503,0.08778492674693016,0.03674029182120218,1,4
57dfecfd86ff,0.05893796794442787,0.5914707787491995,0.09073612831843218,0.2588551249879404,2,1
57f81b7f45cf,0.6879157246829622,0.043315293539697965,0.2624400958208535,0.006328885956486281,0,4
58072ae8b0f0,0.04261266066600769,0.7232961642354525,0.1984185825478989,0.03567259255064074,1,2
582562f90e88,0.0501690713904302,0.7229428645550258,0.22252464504671693,0.004363419007827102,1,0
583b8489646f,0.974591983957626,0.006036960235390006,0.016244706969014637,0.0031263488379692367,0,1
583f34f5d5fc,0.882831234347695,0.07302420041033424,0.038801772638702534,0.005342792603268119,0,3
5840fda24291,0.04173969477193003,0.8494393371230943,0.052691234536846064,0.05612973356812978,1,0
5846e5cc51a2,0.12254392063133343,0.6824317430837219,0.16742418272413218,0.027600153560812465,0,1
58501082c63a,0.021501382638273895,0.8884828875699889,0.06311924068177491,0.02689648910996208,1,4
5861e8681425,0.43244025876337966,0.21705790805968525,0.30862968796356105,0.041872145213374255,1,0
586d54b2a31a,0.4069371674570252,0.46048537212356855,0.09420816935248545,0.03836929106692084,0,2
587699c00f43,0.892259125200453,0.03405962993867061,0.07059738165296728,0.003083863207909057,2,3
588b613b92af,0.9103162453977358,0.017633697911007242,0.05477682701804936,0.01727322967320753,0,4
58ad7c132f66,0.9669709298357712,0.016264086829687,0.0027024732308759724,0.014062510103665889,0,3
58bd213f054f,0.7247617906029672,0.1899450412273948,0.06092111312604516,0.024372055043592807,0,2
58c8cb4271bf,0.060433417233479295,0.868185876913243,0.016327197923507845,0.05505350792976971,1,3
58cc074e38da,0.12060098872260157,0.8142450366571509,0.03839003064522947,0.026763943975018044,3,3
58fd19f3e555,0.12280855659997104,0.5469494601970601,0.3028918410962538,0.027350142106715016,1,1
58ff60a8bc71,0.0013338053519901733,0.971027143634898,0.023422389286642472,0.004216661726469441,1,2
59227e05796e,0.9033312802500427,0.05548428110419778,0.025785006504977802,0.015399432140781818,0,2
59289712b7a7,0.09447542055256132,0.6947055754420112,0.20447831674229577,0.006340687263131816,1,4
5947be3fea54,0.6168814977964554,0.13250664283267838,0.22665090229059467,0.02396095708027157,2,3
594b6a49d2ea,0.018296670519135257,0.6206554628129894,0.31518174295960305,0.04586612370827222,3,0
594b82058ccd,0.9388042436374144,0.006756673297121969,0.05267593760085849,0.001763145464605122,2,4
5970de40ff73,0.11601739648859827,0.6480061348769988,0.2143879746675333,0.02158849396686967,3,3
597671ef6252,0.4228263618646228,0.42253979997722346,0.08692192405463008,0.06771191410352372,0,1
5979bc664c1d,0.04330928335120688,0.6401375718655358,0.3104308293204582,0.0061223154627992275,3,1
597f5f3f8751,0.20846837608275806,0.6774752451075969,0.1078986162957995,0.006157762513845443,1,4
598b2841a3d5,0.14234661618600422,0.7869081153419065,0.05568403810016773,0.015061230371921657,1,1
599645fe1eb3,0.9522047120370714,0.012026299171557857,0.028774112611648705,0.00699487617972198,0,2
59a91c5701e6,0.6365110409184427,0.038359615392102864,0.3160109606099722,0.00911838307948231,1,4
59ab0bb7cd92,0.9326592882376913,0.012992513510981034,0.05219125392215176,0.0021569443291760324,0,4
59be4450dac0,0.10348401638931154,0.7446204176472763,0.12206822104896962,0.029827344914442548,0,0
59cb862d37e1,0.13704053762825,0.5588520707157629,0.2880863145147434,0.0160210771412437,1,0
59d10129bc08,0.07281007186250266,0.6721846853205665,0.15124531345295977,0.10375992936397113,1,0
59e10fae4c81,0.13543500408624173,0.7250013195155172,0.13172221092253342,0.007841465475707708,1,0
59e137176570,0.8854401679071444,0.08479642383535053,0.022593308944832687,0.007170099312672243,0,4
59e43e0b66a9,0.09956692645604494,0.8080583113185765,0.08013307594387438,0.012241686281504151,0,3
59f38b6e1b6b,0.005690750734531766,0.9447093463987991,0.045568245524541584,0.004031657342127416,1,2
5a0e35234db3,0.8141388540836046,0.12947722899013134,0.05259997523657873,0.0037839416896853478,2,2
5a1b6052355e,0.179922487431961,0.4495413176464455,0.3634613373561638,0.007074857565429719,1,1
5a23fa5717a3,0.08721614885976679,0.8412698991033732,0.0554254283243906,0.016088523712469455,1,4
5a249578cf8e,0.5355277271946299,0.27539507317648876,0.18066476191038866,0.008412437718492677,0,1
5a37eccaeb4e,0.8351219116209707,0.1278656275196722,0.02763988903641414,0.009372571822943012,0,1
5a40b5567ce8,0.43208969917928775,0.4663007243703096,0.0987137990742242,0.002895777376178431,2,3
5a642870b814,0.10469422695107763,0.769335076817454,0.09821748806551456,0.027753208165953974,2,1
5a869900cfef,0.31314695090240136,0.2582469551767804,0.23054125276226792,0.1980648411585503,1,4
5a8eabd0dfbd,0.029278664211010393,0.821531980011396,0.13909326691042995,0.010096088867163585,1,1
5a9ef6342497,0.1377972844869997,0.41971144944732874,0.36700328026318313,0.07548798580248843,0,0
5aab89012cc2,0.024280977716833928,0.8027002193747427,0.1630834477548685,0.009935355153555018,1,0
5ab0afad9234,0.11412958494391232,0.3887821924668688,0.48522315992820114,0.01186506266101759,0,1
5ab46852e359,0.8990226240946012,0.054657725426718894,0.040630577566198915,0.005689072912481091,1,2
5abc0730eea5,0.008473038789006045,0.86703730169535,0.11971117165548256,0.004778487860161287,1,1
5ae77db07c44,0.39722244912827276,0.31608119987721267,0.18857958420219656,0.09811676679231808,2,0
5b059ef0f8ee,0.14871497928430105,0.5694208490653144,0.27817986573149234,0.0036843059188921773,1,0
5b09e5efc537,0.909408168080787,0.02396590221442654,0.06234551116002681,0.00428041854475974,3,1
5b380012edfc,0.35159869905628066,0.5593462479689014,0.023781858125357408,0.06527319484946065,1,1
5b399e31d07f,0.22234969844948402,0.7241236117955548,0.028300337240811445,0.025226352514149748,1,2
5b4320cfadc4,0.01888940600277511,0.930572820363262,0.046296547782554015,0.004241225851408719,1,4
5b5889f8e4b7,0.012647208503846888,0.9115412894474323,0.07512300734167127,0.000688494707049483,1,4
5b65a69885b6,0.06191534443398979,0.767123862859944,0.13073339416104615,0.040227398545020075,1,4
5b96a28a5ae7,0.03650306661967533,0.8661765320049674,0.09513224095814488,0.00218816041721242,1,4
5baf929549c6,0.1269402766469952,0.6433855871586973,0.2166110352731376,0.013063100921169945,1,1
5bbc4574f4ac,0.2849607775457281,0.598962749553399,0.07957478798265742,0.03650168491821566,1,4
5bbefa3819bb,0.6025098225338033,0.2313474268711139,0.12929379089917264,0.03684895969591021,2,3
5bc2b00f611e,0.028340823648700105,0.944687952091949,0.022192954270850468,0.004778269988500458,1,4
5bd7e722e24f,0.23878940191027112,0.7335200040332173,0.024586360768856386,0.0031042332876552348,1,1
5bea77df76eb,0.7966350304179414,0.15184809970382562,0.04843657208201125,0.0030802977962215965,0,0
5c20d46146b3,0.9114259456577457,0.03166858477495792,0.053635161756571834,0.0032703078107243167,2,4
5c3c9a303c13,0.9461767471278879,0.03014597221605569,0.01724614144415487,0.006431139211901553,0,2
5c4a2ed04ff9,0.006576956072080599,0.9648081474820641,0.0255064055065572,0.0031084909392981104,1,2
5c4e0bef2cc6,0.03765104092935247,0.5737113720551471,0.3875530418223799,0.0010845451931205366,1,2
5c5a8fe1d563,0.9055738676223397,0.05443209025731825,0.027580848568425045,0.012413193551916798,0,0
5c63bdd7a0a7,0.0150226072763865,0.7101913829935848,0.21211664974131603,0.06266935998871276,1,0
5c67abd0b49f,0.6332003848820417,0.3156449239370842,0.04086223077194787,0.01029246040892632,1,1
5c6b722a9a82,0.026825013062905353,0.824693474224221,0.14470743681825124,0.0037740758946223593,1,2
5c97fb42f06e,0.9557395577310627,0.023330330929851577,0.017822979554200025,0.003107131784885692,1,3
5cd6a7ebb37f,0.9167529921648736,0.01059905795610924,0.05892212281349393,0.013725827065523333,0,2
5cf8c5e5aa23,0.930664925610862,0.031983575158596164,0.03136463379045247,0.005986865440089469,2,3
5d09203da3ba,0.07902577448978318,0.8119607868834371,0.10628218724427795,0.002731251382501785,1,1
5d3619fd4540,0.4308961256066267,0.45842391215272343,0.0932081605390778,0.01747180170157201,2,2
5d5f5f5ec586,0.0519742836393159,0.5708737781445434,0.3641057530772694,0.013046185138871187,1,2
5d66b2f4c8e0,0.01207205567319828,0.5952413294002727,0.2896443902779272,0.1030422246486018,1,0
5d786634f354,0.017485962309843076,0.9533894066713372,0.024477393617571404,0.0046472374012484175,1,0
5d7a01890cb6,0.08972735749941468,0.8418119881401491,0.04135941425428242,0.027101240106153758,1,0
5d8bf0fa1ec0,0.47547390076729656,0.2904372359976903,0.1637340027502279,0.0703548604847854,0,1
5dbe5d09d8b4,0.09730993533067538,0.44468607922908954,0.3216963292408047,0.13630765619943042,3,1
5dcdd4c77f15,0.0320468757934094,0.691251667812536,0.20309706870470376,0.07360438768935082,1,3
5de1720c253f,0.0176478361943208,0.7217168249621907,0.20412102028968657,0.05651431855380197,0,0
5df3682bc713,0.9537565409708962,0.01874129234665123,0.01766316994483369,0.009838996737618802,0,1
5dfc819491fb,0.07766956056214015,0.6509270210775193,0.21692233763101051,0.05448108072933011,1,3
5e15393e8483,0.389774435463237,0.34408407310462985,0.24796680293340773,0.01817468849872543,0,2
5e1e833afeeb,0.9852676312341688,0.006628312055260154,0.00704715650473178,0.0010569002058391282,0,4
5e22d4f43674,0.09518013043698957,0.6433712148263451,0.22324471366113796,0.03820394107552738,1,4
5e3842ff3457,0.3645467579103819,0.36242030864074665,0.22100311281227092,0.05202982063660054,1,2
5e3a04aec6df,0.10955555523854238,0.8093921582230456,0.0763106602042527,0.004741626334159209,1,2
5e543578feff,0.33812816836544285,0.1431892106352372,0.2994562985214738,0.2192263224778461,2,2
5e5b8469395d,0.38863232693998045,0.31379310604952904,0.1099426286877132,0.18763193832277728,2,1
5e5bee2f9f08,0.46539068571386094,0.4066522629913805,0.10503814080272322,0.022918910492035198,2,4
5e64e42f9b10,0.00224551262933694,0.9903683324568656,0.005843337157172944,0.0015428177566245633,0,0
5e7386e9b570,0.9419458723816873,0.0356886597862632,0.017803901286735604,0.0045615665453138665,1,3
5e7e2e3b20f3,0.14475658677587194,0.6852082500151031,0.14859774852411084,0.021437414684914117,2,1
5e811e5fa7a8,0.18355767414933588,0.4790996045002669,0.2581833727847583,0.07915934856563887,3,1
5e8554463272,0.0023774262781134296,0.9754186566752796,0.020542719340285256,0.001661197706321593,3,1
5ea54f3cfdbb,0.08052814663127172,0.8544602565050219,0.058765083408835,0.006246513454871387,3,4
5eb39b25e6a2,0.03998652439349931,0.8588009904823689,0.09656342807855058,0.004649057045581185,1,1
5ebc6a206211,0.44412833032590393,0.4415648814220543,0.10817530115563535,0.006131487096406473,0,4
5ec612c367ed,0.5032846406995937,0.2940972058902394,0.18025974174884096,0.022358411661325923,0,2
5eca9e1472e6,0.9660142717003751,0.013270660645230862,0.013931106651109823,0.006783961003284029,0,1
5ee57e4e2a9a,0.12086382306320315,0.6488456605324697,0.09191156147914843,0.13837895492517865,2,2
5ef72546790a,0.03891948761070876,0.39704180626480134,0.18722554331061708,0.3768131628138729,3,3
5f0bc1dfa0f3,0.2367434676465953,0.3414218336223708,0.37009875163756045,0.051735947093473615,2,2
5f101534e80d,0.010802515505341946,0.9089243642846884,0.07708153965581561,0.003191580554154021,1,3
5f159e65db5b,0.18651123194370312,0.7432710572723394,0.06231380100936905,0.007903909774588394,1,0
5f1d8846918f,0.7985950380548892,0.0767196811389577,0.12227621789889072,0.0024090629072623998,0,1
5f214fc89978,0.01591425883818569,0.8000633343251219,0.1450306927934772,0.03899171404321533,1,3
5f23e39538df,0.8802649657753551,0.06425053852464255,0.045445285930289174,0.010039209769713231,1,2
5f262d843e38,0.02778337358560485,0.8870531408883056,0.08302345023030938,0.002140035295780221,1,0
5f4a1c18f73a,0.056647169848330334,0.849616798372655,0.08731936349756284,0.006416668281451902,1,2
5f68d62a53b2,0.6324160724923382,0.08996382413488163,0.2234689936298203,0.05415110974296,3,4
5f71657bb13c,0.12896997774521834,0.29821572353924075,0.36745367508800414,0.20536062362753676,0,3
5f72cd51c9d9,0.031597564523386634,0.7719081299111368,0.1942495838217627,0.0022447217437138027,1,2
5f866897e480,0.8812424816242739,0.03111625995150699,0.04313630206986025,0.04450495635435889,2,3
5f893a168417,0.5681837278468437,0.32931188932527933,0.07737630938661144,0.02512807344126565,1,1
5f9127732aa5,0.42981584502857156,0.21552258303770394,0.04812791431325071,0.30653365762047374,0,3
5f91c6b4a523,0.5136123977111897,0.13872262864065346,0.12279908529095857,0.2248658883571983,2,3
5f9315239590,0.7678862505755814,0.1740052638944731,0.056025070133350174,0.0020834153965954183,0,4
5fcb8bc7513c,0.05393204744528708,0.8529853853736011,0.06608264926751538,0.02699991791359637,0,0
5ffacabcbf60,0.28189551365325455,0.5925922016101859,0.10412720659199906,0.02138507814456052,1,0
600ab69570f2,0.5863720112169474,0.2634781317760598,0.10724626655724563,0.042903590449747314,2,0
601e2cbcc9f7,0.8340202243894054,0.15454447824297968,0.009713372256177633,0.0017219251114372264,0,4
6024ccb28c47,0.8459264078315156,0.03584235467133502,0.06838343034675659,0.04984780715039285,0,0
602ee70cb61a,0.07599950003222337,0.7071007068808717,0.137280283425798,0.07961950966110681,1,2
6039f7ffcc5a,0.03355651484005827,0.9332275164272681,0.032049894069084345,0.0011660746635893235,1,3
604e3942c322,0.7916220592902871,0.07505048356762249,0.09491140572086312,0.03841605142122714,0,2
60554eada6af,0.9101988421218361,0.019590823982073707,0.06530647819637243,0.004903855699717643,3,4
60582c2b6793,0.21157204633920046,0.3734991676544865,0.4024081278200164,0.0125206581862966,1,3
605a4e81d716,0.3627794448420739,0.5456401533907255,0.0458578166775087,0.045722585089691896,3,2
605f27e6f20a,0.07446372334827192,0.7264498723455161,0.16745753790432136,0.03162886640189063,1,4
6065262d57c0,0.16375114458448536,0.7197422204640321,0.11102360121985397,0.005483033731628502,0,0
606f749a9152,0.0474525512739271,0.7192127714731408,0.2153588253967372,0.017975851856195012,1,3
608311337d65,0.015219122869169287,0.6434549366033776,0.26234175491850026,0.07898418560895291,1,0
608c09cf07eb,0.23559604299999484,0.3114147505962379,0.4464356504428643,0.006553555960902981,2,1
60b01c86e9c8,0.010819542539690287,0.9697169022256507,0.008433169093584008,0.01103038614107503,1,0
60b307a1d9c7,0.5731142149252662,0.11707240774261295,0.3056856113346039,0.004127765997516962,0,0
60b889344085,0.5301278090364032,0.21801945444629212,0.21861456353058648,0.03323817298671811,0,2
60c6d93dbf6b,0.9240016188896792,0.030655445937107745,0.04157839406703367,0.0037645411061794673,0,1
60cdc5f41222,0.009578590824046194,0.8860627202728808,0.09961609093037924,0.0047425979726936655,1,0
60e1338439e7,0.043976292799066015,0.832130095065468,0.1216083894702947,0.002285222665171365,1,1
60ee48e72980,0.45545769312302314,0.20472618681748045,0.3213949298293727,0.01842119023012376,1,2
60f2bf33d1b1,0.1108816877589466,0.037252167125339845,0.7921816180203868,0.05968452709532687,0,1
60f874bde211,0.09214745991712898,0.8007623276684938,0.08894005131043801,0.01815016110393918,1,4
61007125e8a1,0.5846347474538945,0.27149902263260695,0.0597673716308638,0.0840988582826349,1,3
610b0e29d87a,0.2923099409077211,0.14381100794517007,0.5186457584387854,0.04523329270832341,0,2
6126faf783af,0.005720273668356844,0.8854091366865642,0.08015162715600811,0.02871896248907076,1,1
612db6880c2d,0.1312920683450722,0.6139316805881431,0.23700576061331793,0.01777049045346675,0,1
612ea5194007,0.502341105968094,0.33297081620795005,0.13595554413393526,0.02873253369002067,0,0
612f28c33ac0,0.9433979899696047,0.02657126296363183,0.025311393207961577,0.004719353858801975,2,2
6133f90e9453,0.24889149250591328,0.41637943272633504,0.32621687359558993,0.008512201172161919,2,0
614be300927d,0.11173857058283809,0.8442252411279894,0.026287111102015672,0.01774907718715684,1,1
616a679a7380,0.07918132574015223,0.7811552313726023,0.13665751994610106,0.0030059229411442223,2,3
616ec28bcb52,0.07946640663282706,0.788590173390062,0.07017200792690814,0.06177141205020277,1,3
617fdae2aaa1,0.7053159998485473,0.07555434006967231,0.183044089748054,0.03608557033372621,0,1
618056db0875,0.7440149906890221,0.10350784124234566,0.1123518311524331,0.04012533691619935,0,1
6188756af06d,0.3789544963763963,0.46643277845206643,0.14011342006142985,0.01449930511010748,1,0
618e7671d9c2,0.014857693912594718,0.7539964503466478,0.209827336475166,0.021318519265591477,1,0
619a6ab0ef11,0.1317634708667946,0.6034557196194563,0.23494855669998124,0.029832252813767963,0,1
619a7e7565ff,0.08650631894526546,0.8117137915077707,0.0981526088773436,0.003627280669620317,1,4
61a2545926a4,0.17421819331625346,0.6825884020232523,0.09835405261547502,0.04483935204501914,2,2
61bfc6b7b0a8,0.1393206285927717,0.6393940952800898,0.21017123326623718,0.011114042860901266,0,1
61ef666e618e,0.29349585728517347,0.1301154461355083,0.5501826199772533,0.026206076602064893,2,3
61f2e71f6a8f,0.09294168661236249,0.6349972418787891,0.25929514749337634,0.012765924015472134,3,3
61f60b0f22a7,0.4823567972333667,0.248367649369247,0.2541299288554613,0.015145624541924899,0,0
61f869d08130,0.03753034848582032,0.535631168402924,0.4106495043272877,0.01618897878396801,1,1
61ff519046f4,0.05158624037762259,0.68359493884207,0.24286284401849023,0.0219559767618171,1,1
620367287eaf,0.21713333733398038,0.6166201359125348,0.1231981627291661,0.04304836402431867,2,3
620c3af8a678,0.19391660643077166,0.25961207510294393,0.4463704241409283,0.10010089432535627,2,0
6216290b4e0b,0.33756853447429896,0.5155084893570421,0.11223286712813176,0.03469010904052708,0,4
622b22589a30,0.14142770820348985,0.31451815012011575,0.5061936474339173,0.03786049424247729,2,2
623fd21cb286,0.4973311306825173,0.380589423087872,0.1034983251696882,0.01858112105992256,0,3
62416d8ec296,0.028539358971107546,0.8774728916397848,0.0774659626700808,0.016521786719026797,1,2
62428c0ca6cb,0.12036914590698257,0.6747454697460014,0.07218599603458434,0.1326993883124317,1,2
6262f05749d3,0.960834070563224,0.011416624768598229,0.02713835128605232,0.0006109533821255234,2,2
6263c19334f8,0.7512242783609975,0.1247733513286877,0.12012880616296893,0.0038735641473458603,0,2
62754eaff473,0.018536203577494612,0.741199000325559,0.23783784306269196,0.0024269530342543753,1,4
627a4fc2a0dc,0.5839175869251382,0.30366915181181753,0.10248564373740218,0.009927617525642063,0,2
628ef26663bf,0.03433595054627161,0.8838462955460094,0.07539027614031005,0.006427477767409066,1,4
628fc5a824bb,0.1334108874395828,0.7235138397269054,0.14218216986508245,0.0008931029684293005,2,4
62afcd0adeea,0.10299105598745605,0.6937174659622941,0.07521518069199115,0.12807629735825876,1,2
62c027794523,0.009973828433513288,0.961150416326554,0.021240719429227086,0.007635035810705714,1,0
62d6d024bfe4,0.01508329700483961,0.7273179073709141,0.0580799572115655,0.19951883841268078,1,0
62ddc7a85907,0.20272738384063305,0.11533041007495339,0.6689810280962631,0.012961177988150552,3,3
62eb85e2e37b,0.015352342382511257,0.7842996093044745,0.14981205419578122,0.05053599411723294,1,2
630e1c371a8b,0.31736700427983766,0.39910064911608445,0.2301693993783443,0.05336294722573362,1,0
631509ad3765,0.18109578823955713,0.5721545244374169,0.20259534635794857,0.04415434096507747,1,1
6317840e9b47,0.1128606948210102,0.5235859112994328,0.3557409028655144,0.007812491014042618,0,3
63313ccf753e,0.8802325365174158,0.04659025647087639,0.06676933000057997,0.006407877011127874,3,2
63343210e844,0.020206891161560537,0.9163975477905075,0.05826079666418876,0.005134764383743258,1,1
633ad3666fe2,0.2010410396466409,0.45946970840659923,0.32126365356141595,0.01822559838534402,0,4
6354129bb2c3,0.17297087990045024,0.5684847594170601,0.2059536133378845,0.05259074734460517,1,2
635679335416,0.21881236390548933,0.32531193860046637,0.3760712606170986,0.07980443687694568,1,4
635afb883b30,0.02934665278005229,0.835436195146655,0.10419227475066704,0.031024877322625658,2,3
635d2d618260,0.1328559894931884,0.5391166637009218,0.323607266179554,0.0044200806263357435,1,4
637e273ff96d,0.04047905421882552,0.8064067073854179,0.15079886054748642,0.0023153778482702283,1,3
6395341ccdcf,0.20322584919268624,0.48462467605577547,0.23438411564933923,0.07776535910219914,0,4
63a1906b6403,0.9655393219132189,0.017085859449034728,0.013386708022488864,0.003988110615257385,0,2
63a5cd71557d,0.10631356386744856,0.7569957019952246,0.09792458775483658,0.038766146382490256,1,1
63a95293c73c,0.28643111168670987,0.4357455091426535,0.25573790150611425,0.02208547766452235,1,0
63ba14ce106e,0.1745840000123215,0.30573362914819474,0.454681657142713,0.06500071369677078,1,0
63ce3e6b048a,0.07055334143017498,0.7628842547517302,0.1529960127256453,0.013566391092449575,2,0
63de1ceb55b8,0.03645107638382651,0.8863174927755773,0.04794920348296169,0.02928222735763451,1,3
63e0c8d32ca8,0.20699660269367853,0.7133303140881826,0.07411174516956671,0.005561338048572084,0,2
63efba9a923c,0.18418675664783446,0.6455013363129978,0.1309910213318151,0.03932088570735264,0,2
63f0982859ed,0.3163406145706744,0.48763042717516386,0.11054032804939853,0.0854886302047632,1,2
6407edd84e3d,0.27264298062594333,0.18399994233298086,0.41892405123206017,0.12443302580901558,1,1
640fc90f4691,0.7978631912441407,0.17609739356879836,0.015534550481395648,0.010504864705665177,0,0
642ffa5c3a59,0.6298524424461993,0.24865559298329026,0.09157368944804281,0.029918275122467683,0,2
6441a00880e6,0.9301445263595806,0.02531562046181299,0.042228482367329796,0.0023113708112766787,0,2
644889784a23,0.4144806884846826,0.24116695990745352,0.3324252145151536,0.011927137092710174,0,4
64566b44c452,0.1769417590162383,0.7518696413289946,0.06214258062453401,0.00904601903023303,0,1
645e83638252,0.9480880492067115,0.03030471079756444,0.01778775373980071,0.0038194862559233454,0,3
646a81833c37,0.2296498850970387,0.4182572231911728,0.28186369502483616,0.07022919668695236,1,2
6480202c9a6a,0.04319800220559883,0.3686696394062359,0.5739723924989818,0.014159965889183331,0,4
6482765c23b3,0.5691747681145627,0.12612888970532962,0.27457341245566474,0.03012292972444294,0,2
648d90c47364,0.148605009876396,0.6424531438477747,0.19924471442646702,0.009697131849362293,2,2
6493554b3069,0.19596118193696924,0.3672307154784697,0.41694972107346956,0.019858381511091417,3,4
64af5726691a,0.6257779371991711,0.2604985841929885,0.09985077597867074,0.013872702629169799,2,2
64c7b678ff33,0.005921091961641763,0.9688501561434353,0.017900962264527406,0.007327789630395662,3,4
64c9a942dfac,0.1717826446840158,0.307545109674382,0.48679844318909515,0.033873802452507054,1,3
64ccc691d5b8,0.8696883498946966,0.0752870882751451,0.0444103561621917,0.01061420566796663,0,0
64def9970a5d,0.12276250811419254,0.15806073537084686,0.7119382841146066,0.007238472400353989,1,4
64f0e6e828c0,0.21893658667693228,0.7090115004050102,0.04093949294934636,0.03111241996871119,2,3
64fe1afb0534,0.3217803759111267,0.4059717517175301,0.24019665175652555,0.03205122061481764,0,0
6517ef244d5c,0.06005425209816215,0.5840066398057151,0.16833110375532565,0.18760800434079708,1,4
65442563a7ae,0.5386223559360611,0.09341161024012798,0.3434956270452405,0.024470406778570288,2,3
6551dc773a4f,0.14519871854604938,0.5653012672331272,0.22100301941286807,0.06849699480795539,3,3
655298dad8ed,0.5143319231665036,0.31811683940962326,0.12923962586176016,0.038311611562113046,1,1
6556bcef1015,0.03663488704307199,0.8901305953695791,0.07058571466832635,0.0026488029190225924,1,1
6566073682bf,0.9231281934010981,0.050250936992637794,0.020240790429098647,0.006380079177165498,0,0
6568580bafe6,0.005778208524192413,0.9453324638103737,0.04424380051214475,0.0046455271532890325,1,0
6588e42c7051,0.08348928753698864,0.6975912842845562,0.16564594210714534,0.05327348607130979,2,0
659e18eb801e,0.3038784919843982,0.4285076008631351,0.1955646721199917,0.0720492350324748,1,0
65a9ac85fb31,0.0070393068831348295,0.832451032947021,0.13856800357507063,0.021941656594773453,1,4
65b2d542a83f,0.11385065991738605,0.3534343987123026,0.2968211150388119,0.23589382633149952,0,3
65b95a01d61c,0.5114022442335521,0.43449212058742365,0.03708091236223094,0.01702472281679323,0,2
65c91ba5fd2a,0.6179719045705293,0.15259799847443756,0.20736478762724156,0.022065309327791577,0,2
65e2a7b0905d,0.17361143269054394,0.42323423463796545,0.25648625104085104,0.14666808163063957,1,0
65ead08a5f6b,0.2263166856851028,0.5229311366994407,0.2061197836156873,0.04463239399976925,2,1
66028624dad2,0.07244022629474271,0.8908302368602863,0.031985376202196526,0.004744160642774439,1,0
6618a84e2d7f,0.5308802976481557,0.21030857655762783,0.22629390566069915,0.032517220133517384,1,3
6626a3e68101,0.8158068162053921,0.024250689969161857,0.15338256094985867,0.006559932875587286,1,1
66541affb82b,0.0015568606075300373,0.9895674635450485,0.008424244466677302,0.0004514313807441617,1,1
6677528753f7,0.4163347054352983,0.3467016142585799,0.20920818159861956,0.02775549870750208,3,3
66a8b3010ac5,0.23738338235374826,0.6519617691160003,0.0901594878157127,0.02049536071453864,1,0
66c34b9e2573,0.13074190192276386,0.7233276187950697,0.08775705033482174,0.05817342894734464,1,0
66c8721f3b30,0.015809752403634036,0.8988258128452293,0.08170181088564492,0.0036626238654915424,1,0
66dd033c1bb2,0.18320039155589857,0.6606555657062244,0.14719025725026322,0.008953785487613712,1,4
66f126a8db9f,0.7523852570505201,0.16470150928329833,0.05356043942292447,0.029352794243257034,0,4
670ad2fc8a1a,0.006117981676142244,0.9452930661556067,0.04321073263403841,0.005378219534212507,1,1
67196f1a10bd,0.03321653701760242,0.9320002494688693,0.017405946981237725,0.017377266532290554,1,1
6721bc35410d,0.24592410492171027,0.408319015027006,0.34122680896048874,0.004530071090794929,2,4
67248a9a20b2,0.09537985518691144,0.7397355605908473,0.10347204388384156,0.06141254033839956,1,0
673e42f95093,0.8005272553515753,0.04096668685291576,0.14199465072970247,0.01651140706580643,3,0
673fa0edd187,0.26484222434167703,0.3703229343464078,0.3062072719263977,0.05862756938551748,3,0
675f6a17212d,0.039948729346028417,0.7540381291998902,0.10736112026051114,0.09865202119357017,2,1
6761361fb525,0.34301931506273914,0.4786857684886469,0.15998268071514984,0.018312235733464043,2,1
6764f0f90077,0.04782110878030047,0.7593419467754401,0.14755267085759882,0.04528427358666066,2,4
678c19bc184b,0.9079284827253593,0.03830556236175495,0.04821156928931661,0.005554385623569198,0,3
678ff202ffd6,0.08498811580734976,0.22786429792589843,0.6694596116020669,0.017687974664684823,0,3
67b9fe4a0b03,0.7980204890123999,0.06942457182107452,0.11668381207941471,0.01587112708711102,0,3
67c36705aa1d,0.562874816129027,0.2909826247776312,0.10500126471611142,0.04114129437723047,0,4
67d55d17a48d,0.044059810507653285,0.8955996020297182,0.05551524533806628,0.004825342124562067,2,4
67d896636fe2,0.5328310732839053,0.17210118229139346,0.29153076486867385,0.003536979556027382,0,1
67f18795f1c0,0.9540373017787375,0.01901497990252103,0.02075870381301447,0.006189014505726845,0,4
68370c4bcdc6,0.3563913776247636,0.08725862151336146,0.5440891987435437,0.01226080211833138,0,0
6845d1fb4095,0.29215277500137304,0.33636422689405604,0.34148524709880423,0.029997751005766623,2,4
686012381df9,0.8693314052342435,0.06796621871992327,0.05674104839645812,0.005961327649375311,0,4
6863735553dd,0.6888057876032326,0.08160597775008957,0.216878578824947,0.012709655821730748,1,2
686de7618a36,0.3164724490124677,0.391437452754618,0.2583387156740855,0.033751382558828744,1,0
68711c5bfca0,0.7683762900433638,0.13247018865472754,0.08595531626363846,0.013198205038270214,0,2
6873d2c34118,0.7590049044960886,0.076443419037904,0.056034027504205726,0.10851764896180162,3,4
6884d06dc7dd,0.4700318340969736,0.2906184737803635,0.22627471138640273,0.013074980736260327,2,0
688b9316db30,0.1867077542536035,0.7762251317365079,0.026642801496235154,0.010424312513653654,1,1
68912f28a690,0.9925423389339741,0.002311786936049513,0.0048994889099909025,0.0002463852199856355,0,1
6891e96a910e,0.43580142782917575,0.5337329384443286,0.028499206464809558,0.0019664272616860983,0,1
689e8924cae3,0.9512746774552902,0.01568344571093871,0.02599513393657359,0.0070467428971976356,0,2
68a7d37d581f,0.08847481556357285,0.8166853830173433,0.06843437213945225,0.02640542927963183,1,4
68a889e685a3,0.09775856669257911,0.5391978501064513,0.3082543886406288,0.05478919456034074,2,2
68abb2be3ba4,0.022218213710838833,0.8387919236547482,0.11434804341453124,0.02464181921988173,1,1
68adf82510a6,0.5980039744951909,0.1607738073132076,0.23661641668160646,0.004605801509994914,2,4
68b2e448f6ec,0.23918165335516142,0.4885252781554145,0.2367010895602273,0.03559197892919665,0,4
68be8460c512,0.10205947986391373,0.46328184471080713,0.19055958517967303,0.2440990902456061,0,3
68d167b7ed15,0.19412233690431782,0.15370957366057603,0.6251216991185741,0.02704639031653217,1,2
68d7d715efe4,0.8796111377279112,0.06290115949279408,0.05182382838306441,0.0056638743962302085,0,3
68d9575beb22,0.8108941320822106,0.05623408955030195,0.13248013595913188,0.0003916424083555535,0,1
68da89574353,0.036990289661150436,0.7198648365795196,0.21430031905853186,0.028844554700798174,2,0
68ebe7eadfc2,0.03704948504970362,0.7291817450985025,0.2168089541764829,0.016959815675310897,3,4
68edcbacd401,0.18768262211695233,0.7015707631846101,0.059061413640798505,0.05168520105763907,0,3
6909e8b953a5,0.0366233612522386,0.6522268061206877,0.2821690861080998,0.028980746518973862,1,2
690e42810486,0.6762684171830716,0.21485267545823464,0.07637850564487311,0.032500401713820654,0,2
690edf59a68d,0.01636680851747518,0.9604263116983025,0.022604726352942334,0.0006021534312798531,1,1
6915678cdfd0,0.08208806881552626,0.7236867406246517,0.18874465820743258,0.005480532352389531,1,3
691577f28973,0.1580138865141834,0.23548272613970464,0.49923242259157025,0.10727096475454162,2,4
691a323878a5,0.38172055539146976,0.37098081472865,0.21856613581870743,0.02873249406117274,2,4
6936f4616519,0.09367199657486808,0.6006019116227083,0.22492253049717031,0.08080356130525337,1,1
69584c7bb3f0,0.6077716373712712,0.221301669996683,0.11250847444731128,0.058418218184734694,0,4
695e7da261a2,0.01728269146376739,0.9291954900776486,0.050340274303907986,0.0031815441546760056,1,4
696814af65d5,0.13397680681420143,0.7033668572036108,0.14768437156580277,0.014971964416384953,1,1
698ec439ea71,0.3824826335974394,0.45906042416561244,0.13141439745047112,0.027042544786476923,2,0
69900354fd02,0.45353491728375994,0.3964628120643429,0.14644372023738753,0.003558550414509506,0,3
699611aaa3b0,0.3824014720029816,0.1254259859093335,0.48375200748094505,0.008420534606740039,0,0
6996bc393596,0.04234617820840022,0.7738788483990161,0.17473807888324927,0.009036894509334498,0,3
699f119d8555,0.12561336421806413,0.28996304685688673,0.442614518107656,0.14180907081739308,1,4
69a933e0ed96,0.10155032376277906,0.7901409348099195,0.10318543711090755,0.005123304316393937,1,2
69aa502599b5,0.9685871623083001,0.008247676159778658,0.02261168242355085,0.0005534791083704497,0,1
69c0923dac41,0.7975287905298859,0.17105921562795123,0.02686674155021631,0.004545252291946466,2,2
69ce4e6043bb,0.02395962800570663,0.662143373338034,0.29360128966465054,0.020295708991608707,1,3
69e33b894532,0.8739818740674992,0.05674459873608942,0.05129377032544913,0.017979756870962326,1,0
69f1fef9ba01,0.018836320206630685,0.9584140173465094,0.018722828376549,0.004026834070310973,1,4
69f2bd2ac9ae,0.02812467391120124,0.9042823184637614,0.061765668389315555,0.005827339235721908,1,3
69f765c5e52f,0.04043989902119689,0.8272208974244152,0.12305683273449852,0.009282370819889566,0,0
6a034051a411,0.02008815073337565,0.8776154620478948,0.0933803896732384,0.008915997545491253,1,4
6a11242aa493,0.03541833721433323,0.8905133572503316,0.04674266354036489,0.02732564199497019,3,2
6a160adfe649,0.11337298138929669,0.6681329176514632,0.20883126456724654,0.009662836391993614,1,1
6a280e4917c1,0.027394039802946718,0.9003004343357526,0.059374627037816936,0.01293089882348366,1,0
6a3350b438d8,0.4215171944531418,0.2065469221453017,0.2161574315400505,0.1557784518615059,0,0
6a41fee76a05,0.8823289315531968,0.08618706255825244,0.02779134117747275,0.003692664711078001,3,2
6a5a23f659e2,0.12443355853278619,0.2599733686284397,0.6125681784335177,0.0030248944052563317,1,1
6a6071a3d542,0.041752193518823574,0.8997528620893503,0.02205045862204543,0.036444485769780446,2,1
6a69771d343d,0.07745636818177822,0.7114934031179977,0.14201791070390454,0.06903231799631963,2,2
6a80b8290f19,0.08332429682563856,0.5789760074872381,0.3188582071199332,0.0188414885671901,1,1
6a91cf79b14b,0.3739069774744392,0.5310232225384434,0.07509358357582373,0.01997621641129384,1,1
6a9fa7dbed7c,0.4171274844009605,0.5203243453452048,0.05858812054111701,0.003960049712717899,3,1
6aa858b14f3a,0.14541199259234308,0.7846503459496178,0.0554587021891455,0.014478959268893643,0,0
6aaadabe4cce,0.11681719779796317,0.4856840355217216,0.23084424129064024,0.1666545253896749,0,3
6ab55b9459a0,0.16020290184885608,0.7019172044543218,0.1340465715915377,0.0038333221052844315,1,2
6ab6283bd80f,0.2060097663239369,0.705420965174208,0.07424152921572644,0.014327739286128668,2,1
6abd595dc9ac,0.3526413353792775,0.4644730657951185,0.14456135161655373,0.0383242472090503,3,2
6ac13e0b0083,0.5308393836596013,0.2745607518289473,0.17794276525752692,0.016657099253924605,1,4
6adfb7a6ead6,0.1180571810168138,0.552882673467979,0.2987791662527174,0.030280979262489884,2,0
6ae0779efffd,0.4699147632646842,0.25061775672111614,0.25390633356014425,0.02556114645405537,0,1
6ae8a88c4b0c,0.18673739526171967,0.7065056202326649,0.0928168995447246,0.013940084960890914,0,4
6af84ed188fa,0.023774694866077847,0.6694297870886428,0.30254733962715485,0.004248178418124565,1,4
6b02afdf2444,0.08007762858627908,0.74060742665517,0.12290531484091859,0.056409629917632195,1,2
6b08e639593c,0.9080585747940783,0.046952608344210486,0.040080779350027004,0.004908037511684175,2,0
6b16f7f2065b,0.07420722319562506,0.49363054852796345,0.3904821668922747,0.04168006138413672,2,3
6b20523f5b0c,0.770192945506712,0.1784829562834768,0.037104613164446236,0.014219485045364811,0,2
6b25cd407849,0.19678459024292463,0.6687044804965813,0.05924696382895996,0.07526396543153406,1,3
6b2ca1539348,0.07141546281870378,0.8653201935055883,0.05280870743601772,0.010455636239690242,1,2
6b35b67f1608,0.6712849168659614,0.12429975890633653,0.19090551305233122,0.013509811175371002,0,0
6b3dd41dcac9,0.0606273419141236,0.43852813956712755,0.37877546390883415,0.1220690546099146,2,4
6b50ada2cbef,0.6814052709770634,0.08921742388174343,0.22183197272577546,0.007545332415417858,0,2
6b9b82594fcd,0.3168850271144926,0.1750025367793657,0.4638227471256769,0.04428968898046458,3,1
6ba3acc30c1a,0.1922958783575282,0.2200409879992513,0.5761944503507918,0.011468683292428642,2,0
6ba5b0037757,0.9381608480094912,0.03546204228146189,0.019949153181092028,0.00642795652795496,0,4
6bb07353d102,0.19724608077257674,0.5441831841395859,0.21309031863222416,0.045480416455613154,1,4
6bb38a2b98f0,0.074455964924914,0.5285488471286434,0.21169164312164274,0.18530354482479988,1,4
6bc01f9a44a5,0.14039047219847056,0.7661908513003484,0.07829254797484317,0.015126128526337929,1,3
6bcea66a71ed,0.019060516324899024,0.616009737379281,0.33533556236063433,0.02959418393518579,1,3
6bd25e34b9bf,0.058490875592910704,0.8005493333273493,0.13409258395032828,0.006867207129411891,2,1
6be8198c605e,0.8861037261202495,0.02756557939294022,0.06714165226616577,0.019189042220644468,3,4
6c24f49a9da0,0.6036780683144247,0.13146825888237246,0.2530718627894323,0.011781810013770532,0,4
6c30f2ff1a9f,0.4283625399808563,0.35802155806670005,0.20415864239536358,0.009457259557079893,1,4
6c38af5d08ab,0.7364101634323718,0.1385343517378373,0.11348536309915636,0.011570121730634509,0,2
6c5894699b1b,0.016422795638154745,0.6239664354251601,0.09990663924283562,0.2597041296938496,2,1
6c7342c4e585,0.30194388187457416,0.46505724177704283,0.19651740121519506,0.036481475133187995,0,0
6c7422f3cd88,0.7302465570253482,0.21896920162230496,0.048538193455468566,0.0022460478968783187,2,1
6c78db9456a5,0.05742092501025166,0.6457836431328826,0.15702711073749703,0.13976832111936868,1,4
6c8f1d37069b,0.7906305949068144,0.1511702342535265,0.03887093243095732,0.019328238408701653,2,4
6c94a17753d5,0.9906539110087288,0.002939535338467638,0.004849263719606196,0.0015572899331972897,0,2
6ca510d3e776,0.3080993633084783,0.4282618575717656,0.23903409099507836,0.02460468812467788,1,0
6cad5f4723bd,0.01578307941724709,0.8190384125329133,0.14012386268443713,0.025054645365402407,2,0
6cb62181e4d4,0.01445391471491952,0.9628695428137668,0.021193933560054237,0.001482608911259317,1,0
6cd0d5caa9b0,0.0566595770481856,0.5443560386379106,0.3197395814286239,0.07924480288527978,1,0
6ce204b37e48,0.09273431980208426,0.5477674059064095,0.3193794667586753,0.040118807532830966,3,1
6ce2a9142829,0.707189011457486,0.1359437539210709,0.06228386682955683,0.0945833677918863,2,2
6ce6dde1c9a9,0.13397741834222746,0.19706274495762038,0.1546824961126006,0.5142773405875515,3,1
6ce999aa308f,0.13489319605094066,0.7370849319652414,0.08571407018702266,0.04230780179679518,0,1
6ceafcc1bebd,0.05392723472300938,0.9246268561956886,0.019024403048649975,0.0024215060326517844,1,1
6cef85af3be3,0.0643706173806525,0.7138397482306357,0.18204842849893768,0.039741205889774096,1,3
6cf1c5a113d2,0.017685676812364916,0.8910410676614167,0.08810050781221794,0.003172747714000566,1,3
6d0e33569c4c,0.01185099068920272,0.9280757984713949,0.05203991336347345,0.008033297475929051,1,4
6d10dfb48a68,0.22157996832599652,0.09550245936945291,0.6487322010889087,0.03418537121564178,0,2
6d172472504c,0.009624935421194518,0.9307464194457582,0.04453728602291522,0.015091359110132064,1,4
6d3dfbb13276,0.5906268607552303,0.26036753185521183,0.12559476278573106,0.023410844603826857,0,3
6d6965af3f63,0.5347004377228145,0.3056010622768637,0.1489622748653669,0.01073622513495486,3,1
6d735565d5e8,0.11211974336700396,0.39120189366122377,0.4621116118615213,0.03456675111025099,2,1
6d7efd97265f,0.15140960115846847,0.6818894823971956,0.16034846172790798,0.006352454716427932,0,0
6d83b6774b0a,0.08153930982616474,0.557248489970942,0.3122888001539202,0.04892340004897312,1,1
6d918a401365,0.33744952154095725,0.16149751480534325,0.12223185012736737,0.37882111352633224,1,2
6da07da4db19,0.7279464047190005,0.18538125324081334,0.08026849203215118,0.006403850008034966,0,3
6de130752a73,0.1537033906720828,0.7685302747818828,0.053897854427160906,0.02386848011887364,2,0
6de88cb78697,0.2559843715485774,0.2649416757223976,0.4438323064851431,0.03524164624388185,2,1
6df28558048b,0.14407845443674983,0.7916146516358925,0.053005591792857756,0.011301302134499864,1,0
6e1722a9f612,0.17615232502793232,0.7030892625416032,0.07795522604319383,0.042803186387270646,1,4
6e1af908f926,0.31264687740588626,0.637640552462089,0.04608130123926052,0.0036312688927643147,1,1
6e1e6e1f06d8,0.841188649073942,0.03428375160915946,0.11443330063443025,0.010094298682468344,0,0
6e2036e14c7f,0.02055987787974645,0.8305965930726784,0.13174729645208275,0.017096232595492346,0,0
6e2814381ad5,0.044547591767019126,0.7642095784253669,0.1337633250345613,0.05747950477305273,1,2
6e397c1d4ad8,0.0808441335955917,0.5677874749044273,0.32775106033713436,0.02361733116284661,1,4
6e3e83089363,0.13123393586190665,0.5251662931254322,0.33977315669895375,0.003826614313707522,0,1
6e4a0581cefe,0.01857012646629864,0.9715169754692811,0.007697218773808951,0.0022156792906111752,1,0
6e550fa78c6d,0.4291420200628427,0.42349882586029214,0.14119810202909663,0.00616105204776863,3,3
6e63af9d6140,0.08048135734947023,0.2136630279860929,0.6978500040739732,0.00800561059046365,1,1
6e7239f0b71e,0.13708659837494772,0.2909628581652103,0.5500968858887906,0.021853657571051472,2,4
6ea453b90c6c,0.7171713762674908,0.09803810615092128,0.16259514077379422,0.022195376807793724,0,4
6ea8cbf6da87,0.6234908772247548,0.05180299252454496,0.3181944903240097,0.006511639926690544,1,2
6ead8a34ec98,0.060876512139800665,0.2920641164192563,0.6376405336386396,0.009418837802303638,2,0
6ebb85e3ec55,0.5264876688430528,0.1952590820766418,0.2424462069340054,0.03580704214629998,1,3
6ebc9d6383f7,0.04031042881353698,0.3487083976548044,0.6005827753225654,0.010398398209093333,1,0
6ebfc762aa01,0.10141977805033234,0.7534103587562572,0.07597096089460406,0.06919890229880653,1,1
6ee4d806e567,0.5808709244828404,0.1435358073233404,0.2696143450206844,0.005978923173134837,2,0
6eec41aa515e,0.8791861590606529,0.059198599711573555,0.04120545080958345,0.020409790418190202,0,2
6ef10ae3338c,0.06884344354328194,0.6187139513297952,0.30383866281878347,0.008603942308139278,1,4
6f080807353a,0.027833887562163154,0.6375914966374245,0.31363777342620097,0.020936842374211295,1,0
6f0a11450459,0.09395906760183874,0.32757797104442327,0.47022699407081614,0.10823596728292184,3,3
6f29d576794f,0.255613167718778,0.20041104261031417,0.5170109395048764,0.026964850166031423,1,1
6f2af770938f,0.019211757055566776,0.9596252623304479,0.013238977940090364,0.007924002673894844,2,1
6f2c498c1bc1,0.15991396443796219,0.463491530246034,0.29698648398377137,0.07960802133223224,1,2
6f43b168f0c8,0.7107215303481372,0.21825316891411517,0.0616856189927776,0.00933968174497014,0,1
6f60cbbdff62,0.004433099660672053,0.8715146707214552,0.12216623668211388,0.0018859929357588957,1,1
6f6170503ca8,0.16932439969453564,0.7762291342877671,0.05272534097296506,0.0017211250447323138,2,3
6f640d05c3b9,0.0012638264224518233,0.9688270473153583,0.029069834160059937,0.0008392921021298403,1,0
6f6cf201e2e9,0.13488124695214695,0.4984593644317256,0.22620189585474107,0.14045749276138636,1,1
6f82787b77a9,0.33782145780138534,0.279216041572405,0.32137847671524017,0.0615840239109696,1,4
6f88ee365a75,0.038122607946890145,0.6976421699292185,0.10169937359775118,0.1625358485261403,1,2
6fa9fa493dd8,0.9356799250831667,0.01465625523887393,0.04041114353989689,0.00925267613806243,2,0
6fb902bf498b,0.30505992251812997,0.37105248335256835,0.3076643167857387,0.01622327734356303,1,4
6fc05a848fc4,0.08588798821656714,0.7163604308206724,0.1684831482676292,0.02926843269513124,1,0
6fc7c54a65f0,0.3237727246896205,0.5230800190475192,0.13529536519249338,0.01785189107036707,1,4
6fcd121e2158,0.5401660957248485,0.2765822928538013,0.14412052808990977,0.039131083331440504,0,3
6fcfdb41c627,0.15459845891797622,0.6206455478162674,0.20414452161136237,0.02061147165439402,3,0
6fd699f5e287,0.40300415446016147,0.26857685852071433,0.3012362013766004,0.02718278564252391,1,3
6fda1242f5e1,0.0148896719990848,0.8567013170587466,0.12053084826730107,0.007878162674867592,1,0
6fdb93227268,0.054219472961944154,0.8139589245920429,0.12492835225304244,0.006893250192970557,1,1
6fddebe03b95,0.003961794410245022,0.9663528347891883,0.021129402542863326,0.008555968257703283,1,0
6fe13adf23a8,0.020140844919626606,0.9031709849331774,0.009256077609442125,0.06743209253775397,1,4
6fe5d9760641,0.1849196789258238,0.6202503474813768,0.1448356602163203,0.04999431337647908,3,4
6fecf0039e87,0.02046876031504296,0.9230845747467056,0.045857325242796135,0.010589339695455202,1,4
6ff3619ba762,0.25416790677594625,0.5038964502655982,0.20426215718848462,0.03767348576997103,1,2
6ffc47a55a89,0.10220904490847522,0.5566636720950523,0.3243352280148249,0.01679205498164769,1,2
700f8b64c2b3,0.6601274219060728,0.1512316101528249,0.12078090078553762,0.06786006715556463,0,4
7015d3f8ad97,0.5780630516086133,0.13639061725303947,0.2702764939377772,0.015269837200569934,0,0
70181e40a550,0.5536099398225915,0.1803349242746084,0.14321866481465453,0.12283647108814551,1,2
7026a1d06acd,0.5648737920823911,0.08243208453116782,0.30039017289666614,0.05230395048977503,0,1
703862f77abc,0.18131480918608098,0.20589503669831305,0.5980244719676261,0.014765682147979908,0,4
70506829e724,0.4477008804441574,0.2566848455620932,0.2841026971900384,0.01151157680371096,2,4
705ef7c40475,0.017137999120337012,0.9068048638288764,0.0715089043083794,0.0045482327424072756,1,2
705f6121d2bb,0.1398827050469345,0.575160006920438,0.2749559721210808,0.010001315911546614,1,2
70623a0fc6da,0.0470679884232106,0.792127853361555,0.1399152792282992,0.020888878986935356,1,1
7064f1df2a5a,0.01742568711614798,0.967021480554788,0.012180225215941571,0.0033726071131225245,1,1
7082bf0562c7,0.05352779612401889,0.859946366827688,0.06858240501801496,0.017943432030278404,3,1
70885f674bb7,0.1707200195052239,0.615335256324156,0.15885032812019095,0.05509439605042927,1,2
708fe734309c,0.010192811366500522,0.9339836438902106,0.051885668072922775,0.0039378766703662745,1,4
70946a30bc87,0.6129775666354214,0.32258491824047675,0.05919310753726705,0.005244407586834742,1,2
70968f0162f7,0.5709064365621677,0.3110355530030277,0.10714238533418231,0.010915625100622186,3,2
70997208bbc3,0.7811227742731033,0.16361768618106615,0.043662317441450216,0.011597222104380214,0,3
70a770a53304,0.07271518087832556,0.8538285741844588,0.04371261053009828,0.02974363440711752,1,4
70bf1155c5c4,0.0124654267897417,0.938298185972118,0.018878877030971332,0.030357510207168936,1,1
70c36a2a918d,0.06948691671238338,0.6945128936742029,0.23195714157886108,0.0040430480345526295,1,2
70c5a1b111b9,0.35229854055239995,0.5909579282228149,0.04755069165496487,0.00919283956982026,1,4
70db5f349b02,0.40174429109197674,0.4441962705611018,0.07093929510932133,0.08312014323760011,0,3
70e4e4031f99,0.14471352242322558,0.5590340939124241,0.28475065392895516,0.011501729735395089,0,3
70ff97e1af81,0.03644413304338947,0.9122744929821931,0.014893754513111519,0.03638761946130575,3,4
71043aaa32c1,0.015617920449907783,0.9214499536459602,0.045949651117873906,0.016982474786258167,1,1
711e04fc0ec1,0.29057490884106174,0.5390094931526955,0.10749475888260723,0.06292083912363557,1,2
712a74acd2da,0.8142103664614537,0.16065672546467852,0.021625383541303632,0.0035075245325640334,0,1
713c1dacba37,0.7952216347301215,0.13148754422284456,0.057299721165051394,0.015991099881982416,0,0
7143ac3d6c02,0.37957267337456785,0.19102792886231434,0.4024700816593296,0.02692931610378827,0,0
7145f6e09e86,0.4377036886607516,0.4317779186538096,0.1038887557590155,0.02662963692642318,0,3
714f28824757,0.16236916506805066,0.37242522769021497,0.20824367800464613,0.25696192923708827,1,3
7154fd5f147c,0.3304980674342561,0.4507742401108748,0.1958093576539878,0.02291833480088126,0,3
716d94e2d49c,0.08757419637631797,0.45664726853086407,0.16001180199868323,0.29576673309413465,3,3
717649076168,0.041671068984545465,0.7900323818778577,0.16550079259948766,0.0027957565381091197,1,1
718e884695bc,0.21267023983243408,0.6348311347818734,0.07994579955662756,0.07255282582906504,2,2
71d1bdc6e89d,0.2875640250235346,0.5722096600974004,0.12494317450149199,0.015283140377573126,2,3
71d4e9b630fb,0.06493483191842787,0.7508890444914103,0.17221944584894874,0.011956677741213239,1,2
71d83087844c,0.7057332862917755,0.17644312085968755,0.10431009173942124,0.013513501109115771,0,4
71dad6eccd07,0.3522929447207734,0.2607045426156926,0.3558860289590004,0.031116483704533564,1,4
71e052c9da68,0.06857888351786331,0.5084364013706393,0.3259271489018335,0.09705756620966394,3,0
71f56b6a5589,0.06751757291056872,0.8667696461302351,0.037974404855144875,0.027738376104051245,1,2
71fb5ea71283,0.028944913958556907,0.8040566976929829,0.13038215422543703,0.036616234123023055,1,3
72044bb44d41,0.04170961667584289,0.8697950765601965,0.07184948414072337,0.016645822623237296,1,0
72096a738cea,0.05145061969984513,0.8783349840129222,0.06475017038772331,0.005464225899509353,3,0
720fb67abb1e,0.7374823457227303,0.05329143253664407,0.09759896478883547,0.11162725695179018,1,4
7213dcc54526,0.044245555249246,0.9285403808015736,0.0237246968989525,0.003489367050227874,2,4
7222149ad319,0.09223342922161565,0.7928144218786091,0.077353055199513,0.03759909370026215,1,2
72307dd985e6,0.3386453820017537,0.157298687619575,0.4844996656991396,0.019556264679531636,0,2
72425b393845,0.7476471720496853,0.13243717823484313,0.10788872129541452,0.012026928420056883,0,3
7249de10ed69,0.020104863779558196,0.9522449296861939,0.025786937653805866,0.0018632688804420565,3,4
724d6bc409ed,0.769811343562893,0.0410090473335404,0.18158911630326785,0.007590492800298858,0,4
72514d63484f,0.2566642861264015,0.6094035119351099,0.1206643763983297,0.013267825540158946,0,2
726c53df6609,0.06203184844314839,0.7131854041472354,0.21683404343235388,0.007948703977262297,2,3
726e81c6c735,0.33207364948710627,0.5669588548164148,0.03667046602948216,0.06429702966699676,0,2
727cdd8777b6,0.07985586156476622,0.7631126495241654,0.14647654854150816,0.01055494036956033,1,3
7282d136726d,0.7788543939562468,0.044464316368039505,0.15600357582695443,0.020677713848759303,0,3
72844dad85ba,0.4829275447239806,0.40766444112854305,0.10059997637820974,0.008808037769266565,1,0
729a96c67c8c,0.05656704686973542,0.887839075941778,0.04586750457220569,0.009726372616280817,1,3
72b5ff80fa42,0.3263747642391753,0.5532538649579726,0.11168195198883478,0.008689418814017354,2,1
72c48e3d0100,0.29373897733060544,0.40489564316888393,0.29656450657230254,0.004800872928208037,1,4
72d02af1f658,0.09567062770883315,0.8051728407531614,0.06386438333507963,0.035292148202925866,1,1
72f57941bed3,0.16887385789478876,0.7286962039300692,0.08966461994317484,0.012765318231967067,2,2
73049129c53a,0.08701820445100697,0.6937128395530736,0.13703209467740235,0.08223686131851711,1,3
73077ed6c5ca,0.1643183208754118,0.40337125364907417,0.4154553699104746,0.01685505556503947,1,2
730aca6abf73,0.5553498963838921,0.2556667602411968,0.1357056178604133,0.05327772551449787,2,1
730dde2edfc7,0.6297003467896634,0.16521556470586773,0.1865869592567977,0.018497129247671176,1,1
731f38a54d39,0.8756236585588416,0.06129301958813757,0.04140592160850748,0.021677400244513513,0,0
7320a49281fb,0.11061474894125192,0.4304841271501465,0.35263347079006985,0.10626765311853167,3,0
7322960be0a9,0.5661555106883077,0.2678783783484852,0.12799490245230374,0.03797120851090333,1,4
732475ef8c2c,0.005211052046476413,0.9508607848962232,0.016317175827507364,0.027610987229792962,1,3
733ed3e2cf92,0.2904727480640573,0.5552294622226572,0.14850526405157774,0.005792525661707757,0,2
735523d1689e,0.7825667295642336,0.12268912070275045,0.08370070907306221,0.011043440659953885,0,0
7359a4fd6f06,0.029813078491864084,0.8970833942815487,0.06961358431563514,0.003489942910952188,1,2
7367c35f74ba,0.7923087196457761,0.1401374489866059,0.0484025178457784,0.01915131352183943,0,3
737a25e956f4,0.8447287281892674,0.06188226683217886,0.08510340143526474,0.008285603543288961,0,1
7397c44412f2,0.03827735080475919,0.7132934905331678,0.24240917580368262,0.006019982858390155,2,2
73a7ea88d1c5,0.7358894670691197,0.15410466717387877,0.04321180856795367,0.06679405718904774,3,0
73be9646a914,0.014850447038715275,0.7970528625472763,0.1408038390447423,0.04729285136926617,2,0
73c516bcab83,0.02550499201415129,0.7951427509883815,0.1313034762080892,0.04804878078937798,1,4
73cc509a84f7,0.3402046360709447,0.3915065643267421,0.24810260976070808,0.020186189841605116,2,4
73daf4596bf7,0.004792572159738953,0.9190423595743703,0.06451163811285271,0.011653430153037905,1,0
73e3912f1d29,0.687006420249337,0.08845479636937689,0.2164725287661627,0.008066254615123331,1,4
740b0dab33ca,0.8667834415154665,0.017686909803733275,0.1114255509839301,0.004104097696870087,0,2
7416b5cbc531,0.3359675727017253,0.5400252101587455,0.1180422831902787,0.005964933949250627,0,2
741b969bba80,0.086407346629729,0.7530802560494919,0.1476505164506471,0.012861880870131926,1,4
742a1e1fff0f,0.4814345098693068,0.43367725503691784,0.05379080081831484,0.031097434275460516,0,1
7437ebff0c0c,0.17140691171308672,0.6717697514243987,0.134761757620227,0.02206157924228772,1,4
7442e4e2cbd1,0.8815080608931648,0.07054482197023652,0.03744570390324608,0.010501413233352595,0,1
7468e3ccba55,0.0747292727881105,0.762606647638335,0.1451380255740377,0.017526053999516934,1,3
7474d005a422,0.07303111403892283,0.7266085775442324,0.13469156076609481,0.06566874765074995,1,3
7475f784d4a1,0.013603201600613238,0.9325649200346727,0.04987456588388893,0.003957312480825092,1,4
7476f5857c35,0.07089482654963727,0.5641351430141279,0.32862703120875786,0.03634299922747691,2,4
747702a0bbc0,0.10210112373828471,0.8500649516989435,0.04012175504975309,0.00771216951301872,1,4
747af914db5f,0.23085310987307953,0.3571701661432855,0.35506057817752223,0.0569161458061127,0,1
7493e758bb52,0.32064303514651454,0.2681948603363892,0.3656210892241146,0.04554101529298158,1,3
74968646f9cc,0.4464252663145497,0.34094540471010953,0.20055733690152958,0.012071992073811056,1,1
74a87565a547,0.24898049157827812,0.3790608487406817,0.36103718844316995,0.010921471237870323,1,1
74ac2e1f23bf,0.23248037515965658,0.4350316197150227,0.3015091261820725,0.03097887894324821,1,0
74b07ad32cf1,0.6241925729202519,0.2337830355874983,0.11738339291313159,0.02464099857911817,3,3
74d11c0c0ea6,0.020016041828708454,0.9437961073323712,0.030911158243855073,0.005276692595065322,2,4
74dbd8125c6f,0.2319606899086833,0.5150696197573085,0.2264342066990858,0.02653548363492244,3,0
74dc38d75151,0.30274554931577324,0.36821646420515214,0.3048748896250736,0.024163096854001163,0,4
74ebe8edda5b,0.46504966458417196,0.38839109037687414,0.11128686666538903,0.03527237837356473,2,3
74f757451b08,0.24515833768078707,0.6420964883625635,0.1087064869206945,0.004038687035955072,1,4
753ee89d1fd6,0.0586123617500169,0.715547331727086,0.15546960408510171,0.07037070243779549,2,2
754759f9a637,0.14689864363023292,0.6375286571236367,0.20380405266912635,0.011768646577003921,2,3
755469264a39,0.4250377740774064,0.29711844670101556,0.27046238001759415,0.007381399203983936,3,0
757db9bd51a1,0.03729263519998063,0.6753103612567126,0.21973919402307812,0.06765780952022851,2,4
7585d5f73457,0.7138937946071962,0.10920394278878373,0.11057010016523316,0.06633216243878709,2,3
758eecca893c,0.028386361779612308,0.602174960364516,0.34663664133538374,0.022802036520487998,1,2
759a8e5cee9d,0.3356760831365314,0.46515327987315885,0.15711248017426743,0.042058156816042094,0,3
759fdf1aaf08,0.8530687540002351,0.053145722901814414,0.08834982491204,0.0054356981859104035,0,1
75a00272c6cb,0.7224807778551905,0.08872927275646725,0.1724223779525832,0.01636757143575905,0,0
75b33f606cf5,0.3508025841494688,0.34312424279903747,0.2606362434588255,0.045436929592668256,0,3
75bb6e197bbb,0.05266610092537706,0.8034612413990408,0.11930076474273078,0.024571892932851166,1,3
75ed74f9f238,0.8314049661858737,0.10063947589544135,0.05757934446681367,0.010376213451871159,0,3
75fc2de53d2b,0.7043559705142967,0.11347683681579768,0.1678207446612613,0.014346448008644284,2,1
75ff9d63f15b,0.2571291281721728,0.6208421561850633,0.1072391025787717,0.014789613063992164,0,2
7607adf7450a,0.3286585698800265,0.6229189461113254,0.04085137917607014,0.007571104832577959,1,0
760a7a9bb2a1,0.04478940585821944,0.743891824079836,0.19821347526161548,0.013105294800329024,0,2
7610dab485fc,0.01393610970636394,0.938208657453678,0.04339919418278438,0.004456038657173742,1,4
76122cbd97f4,0.042206104914074415,0.7727499305154201,0.1599930333710938,0.02505093119941178,1,2
761d01ff68fb,0.9270629936401217,0.021815037804484527,0.0494507198572865,0.0016712486981072334,2,0
761f0f4ecc85,0.1096519258177884,0.5224383865399913,0.2922446862626001,0.07566500137962008,1,3
76519081a45f,0.018479347962703542,0.9384684412705335,0.017444145388509306,0.02560806537825359,1,0
7654fff4b24c,0.034192657620529136,0.7943504532925861,0.16606509627156038,0.005391792815324355,2,1
7664ec8a8a19,0.22958641976867966,0.2760811385048423,0.13006604241810868,0.36426639930836935,1,2
766dc0e879de,0.010638972765253328,0.946753764403042,0.03734591779947471,0.005261345032229984,1,1
76916f737774,0.013159857239839182,0.8529169510858295,0.10188544362852325,0.03203774804580805,1,3
76938243a97f,0.8184611561792422,0.1188913840530628,0.05443786262904109,0.008209597138653992,0,2
76a35cf1cea0,0.6161914876999764,0.26434124921051466,0.10074244904356006,0.018724814045948855,2,2
76ae6588e5b4,0.09217912124794624,0.7941894575465007,0.09367178224198788,0.019959638963565108,1,0
76b5e2db22ba,0.06569495146455465,0.8753813753687785,0.05315510023091118,0.005768572935755666,3,4
76c9821a3d06,0.93429414709666,0.024440421475951525,0.03747190461503768,0.003793526812350856,1,1
76d3ada42326,0.05643584197374891,0.39854368326450546,0.4477672957011306,0.09725317906061495,3,0
76d8b00619fb,0.3361193769974635,0.16699371942913993,0.2279152058011472,0.2689716977722493,3,0
76f44ffa4441,0.06910697357075879,0.6023846667644818,0.1432602312640801,0.18524812840067936,1,2
76ff3ec3c022,0.016934475186899788,0.8041134882557837,0.17283815223694768,0.0061138843203688165,1,3
7703e1787577,0.027633925901952672,0.8635266130669034,0.08512274272906545,0.023716718302078523,1,2
771a4add61c9,0.9302557788356526,0.018799378539136477,0.0444762223618425,0.006468620263368441,0,2
77217025615d,0.12458400371563193,0.6207860163854094,0.16634763796298596,0.08828234193597272,1,2
772dbd065c7d,0.07952964159726085,0.8737016867413256,0.03342894536618212,0.013339726295231245,1,1
773f243da328,0.21603886594303998,0.5358825972968246,0.21969550605558105,0.028383030704554366,0,2
774720fb2a45,0.22174308694225653,0.6087669997905185,0.14492604290780192,0.02456387035942305,0,1
77539184cdaf,0.021569147432222734,0.9377470460331698,0.039777543263324326,0.0009062632712830759,2,2
775b359f53b6,0.32177156270751933,0.425097655902417,0.18365201897312602,0.06947876241693775,3,3
776cb995a1fd,0.18106661308249436,0.5372335552948391,0.1899043070689091,0.09179552455375746,1,3
7786df1d7d71,0.11640862118513784,0.8117985059706446,0.06362123074739358,0.00817164209682388,1,3
77955e62e6c6,0.19427911170353412,0.46577935445847174,0.2739175148844921,0.06602401895350192,0,0
77955e96a54c,0.1677727496853737,0.5576796158378723,0.25867862088555094,0.015869013591203063,2,0
77a0888b5ac1,0.1559012584827767,0.7841216939632887,0.05681239728594868,0.0031646502679860264,1,2
77b272cdda9c,0.13698917902642072,0.603365188329129,0.10453215426065375,0.1551134783837965,2,4
77b4e0d0a49d,0.3681143362807242,0.4028678798615863,0.20619518607374646,0.022822597783943147,0,2
77f901809e36,0.8826996021289472,0.06847333248441302,0.02510600479281716,0.02372106059382271,0,0
780ffa8abde3,0.2581553278900494,0.5996360360340525,0.11586640642104386,0.026342229654854075,0,2
78258aa63d76,0.17954898864505217,0.28011324496392986,0.3017149931370167,0.23862277325400122,3,2
782ab22207fc,0.034948299122363226,0.7014688872335343,0.2305271929741113,0.03305562066999113,0,4
782d728ee09c,0.6500580689126596,0.1297821118520929,0.1365540977415409,0.08360572149370671,0,1
7846f687646a,0.11560002751006525,0.5679323553080192,0.22050943397958486,0.09595818320233052,1,2
784af90e8cac,0.8723552586813399,0.0560079857704403,0.04027259916416191,0.031364156384057915,0,1
784afbafee30,0.6657320823997976,0.14298092680604307,0.1838123047157052,0.007474686078454223,3,0
78509f1ae31c,0.10252192847237483,0.7402823382721119,0.15234391588040672,0.004851817375106478,1,1
78543ff029b2,0.021295526987379677,0.9025088105835837,0.06622458524799638,0.009971077181040247,1,2
785e985b3a22,0.060670119913852946,0.7556630744056426,0.1293917415954106,0.05427506408509375,1,2
78661808d8d5,0.5371921847113399,0.1923977614593429,0.23807230096512372,0.032337752864193436,3,3
78688bfcd441,0.8760520463323925,0.04540257285696873,0.07493073085182943,0.0036146499588093294,0,2
78791be84503,0.5139891281214582,0.23604307987810172,0.16055441073348467,0.0894133812669553,0,0
78909b4d3179,0.02778013997663676,0.924115971221929,0.04649946914809908,0.001604419653334921,1,1
78e93504e04b,0.8477538328845933,0.03508095281553023,0.09316263967902767,0.024002574620848795,0,0
78f1e3db654c,0.492267286988533,0.3229097119880382,0.0422187640464789,0.1426042369769501,0,4
78fc07c1dd2e,0.9657719244848217,0.010193355949344346,0.016349077754108782,0.0076856418117251316,0,3
7902e534869e,0.17965172371302393,0.412260493453726,0.2892577895973832,0.11882999323586686,2,1
79140443c2e2,0.04995275234296743,0.9138131147371682,0.03278266133702021,0.003451471582844242,1,3
79144883061c,0.5348505843775647,0.1966745520893688,0.22179524769379722,0.04667961583926931,2,3
791bd51ede54,0.14439802052448059,0.6577915415215593,0.18901712370522677,0.008793314248733202,1,4
7931e444dbc9,0.14435387722796786,0.5255003952215778,0.3050633596603415,0.02508236789011302,2,4
79642d095252,0.024571279616246368,0.8844013578317839,0.07501069858382102,0.016016663968148735,1,2
7974c126e951,0.8904170632729279,0.09231820235894156,0.015433220878926252,0.0018315134892042443,0,3
79774c9d6ec5,0.3596865514588243,0.20515049142505237,0.430680832966346,0.004482124149777463,1,0
798c27690f1f,0.09397476590170177,0.2565813466457305,0.6477707460731084,0.0016731413794594373,1,0
798cdfa7890d,0.04386538615520351,0.6405492673568779,0.29871792523325924,0.016867421254659325,1,0
798f8e89c7a7,0.14932639101101572,0.7448194151417987,0.1010477069304022,0.004806486916783434,1,2
79a8a08dac37,0.11877115891693925,0.32393289825437765,0.5003098096089691,0.056986133219714026,1,1
79b0461d245a,0.6484211571217908,0.27645231856558883,0.06731589839628073,0.007810625916339506,3,0
79c3bf957d49,0.07953353030008554,0.8098769186416738,0.10630793220673636,0.004281618851504244,1,1
79cd05c9c1f7,0.7389994377692953,0.18345595499152462,0.07208089899669905,0.005463708242480999,0,0
79d4f7356c39,0.12832547826828491,0.7542345203318005,0.10357898065849871,0.013861020741415847,2,4
79d5d8448dca,0.08376449626818953,0.5933973382684983,0.13431635382874402,0.1885218116345682,1,2
79e2eafdb5cd,0.7048982648602099,0.19442924988071364,0.0856023424556103,0.015070142803466288,0,3
79ec91f1194c,0.17712813069835617,0.7266608745974852,0.05035489009177994,0.045856104612378906,1,1
7a06a32e54c9,0.06343230837389081,0.7665912753691924,0.070791195081338,0.09918522117557878,2,3
7a1023392e52,0.05916643521998333,0.8558926459592985,0.06810924119627143,0.01683167762444695,3,3
7a15889e036a,0.2729088540762372,0.14571780561561862,0.5554678263687857,0.02590551393935853,1,4
7a1934d2866f,0.11675142227009584,0.6964500501411518,0.08292277728734941,0.103875750301403,3,1
7a222273085d,0.0047444646819664975,0.9641334711805701,0.027893693079129436,0.003228371058333983,1,4
7a4341a6a2ee,0.1442196523286609,0.7366652765902817,0.09825704914430151,0.020858021936755986,2,0
7a5105c66642,0.15809172234417143,0.6358850987105342,0.14385749092604064,0.062165688019253755,0,1
7a69851883f3,0.2889891490503928,0.28604377563437206,0.3531799690593012,0.07178710625593406,1,2
7a8fb17a122b,0.2793912124002495,0.40531695439430576,0.22042786179580254,0.09486397140964226,0,0
7a9186d8ab3a,0.05954015504495922,0.7102810595736382,0.2053232628118418,0.02485552256956074,1,0
7a9a5b3ed60c,0.04407910733724826,0.7893492481822153,0.1448925359960669,0.02167910848446964,1,3
7a9b2f9aa761,0.13777023319638085,0.7530466989088387,0.09299302794587652,0.016190039948903986,1,4
7a9e0a0b31a1,0.07280972023620158,0.513954571512255,0.3044599602627393,0.10877574798880411,2,2
7aa4e85e5eb5,0.019325321652200588,0.9225525309057103,0.054084805041191286,0.004037342400897712,1,1
7ab1b20d8fe2,0.24466428214186411,0.3882713152391406,0.33563316445652275,0.031431238162472654,2,2
7ab568cc7d2c,0.7678243755342257,0.12425700927039332,0.09445601389446537,0.013462601300915625,1,3
7adea6f20461,0.021288343452114507,0.8815348012342543,0.04785916889454574,0.04931768641908541,1,1
7ae41bc8d8bf,0.7628972712479986,0.05548949635908967,0.17108012636154787,0.010533106031363948,0,4
7afa1e20a54e,0.18261071140788618,0.7092074834871372,0.1066168107929123,0.0015649943120642953,1,2
7afb581299a8,0.13185498541726037,0.6294594719741486,0.2084847724556132,0.030200770152977813,1,3
7afee3a6d7e4,0.9684440238717058,0.01786563194394688,0.010679486726726887,0.003010857457620417,0,0
7b00f77a1879,0.08957972012569737,0.8249889383296305,0.08073544728097938,0.004695894263692814,1,4
7b10c52613de,0.1396637446709314,0.6678282107283855,0.18635233544145421,0.006155709159228833,1,1
7b20d3520e9c,0.22991103268974425,0.5954436042342334,0.046435532004889944,0.12820983107113243,1,4
7b54de3984e8,0.21514871016166773,0.10004611643121446,0.6737770101527779,0.011028163254339899,0,4
7b5b31210030,0.18958871240064196,0.6556376257854978,0.12502430645433016,0.029749355359530088,1,2
7b6c49da06db,0.8333229773200542,0.12894821805168133,0.01936426819412283,0.018364536434141703,1,2
7b794c082812,0.7225241795053134,0.13008107812352976,0.13912680289457383,0.008267939476583072,0,1
7b8c999b8505,0.6734408287031397,0.2060649756990228,0.09386872840082566,0.026625467197011882,0,4
7bab30555627,0.6029342462524457,0.25353077346793323,0.13856272249840648,0.004972257781214622,0,3
7bacc2783fa7,0.017085647876017615,0.9572742208869922,0.022552465045149767,0.0030876661918404114,1,4
7bae3da7cc02,0.10489444900550815,0.49903258329034356,0.36690956480286435,0.029163402901283768,1,3
7bb06ca2150c,0.1364565842921465,0.7098849795233875,0.11387889853646373,0.039779537648002336,1,1
7bc704a7b154,0.4947546214895624,0.18464724197178906,0.16490403870306727,0.1556940978355813,3,3
7bd39a169837,0.18825679394788003,0.6085552870478518,0.19145219715626557,0.011735721848002638,1,3
7bdfad741d14,0.2793356255663598,0.37535585483071277,0.29889163788393647,0.04641688171899088,0,0
7be73deb61a8,0.04689178480874734,0.7436224608618411,0.20720621262844735,0.002279541700964169,1,2
7bf83b446661,0.13520537062574473,0.7379890833137851,0.111385129923464,0.015420416137006128,2,4
7c1c89a066e5,0.6749828411564603,0.1619120722866674,0.14351159021157775,0.01959349634529438,0,3
7c1dcb902f6d,0.019906415108777314,0.9196377541197208,0.052569459208242006,0.007886371563259782,2,1
7c3b534b7eca,0.38734515694073246,0.4127786607511321,0.16070962308182457,0.039166559226310925,0,4
7c4bfbefede8,0.7752840897746691,0.1689699368299483,0.0508582310514497,0.004887742343932919,0,1
7c5406d6328c,0.8403716697603598,0.12767727544946286,0.030924749981747695,0.0010263048084296691,0,0
7c6b51d6639e,0.8212147803141194,0.11791893126895224,0.058558868601424494,0.002307419815503816,0,1
7c818f4cbdec,0.029942194816970136,0.9201546869054669,0.0434809392112791,0.006422179066283992,1,4
7c96d6d546d3,0.33277037540002014,0.4933364779060805,0.15396568207640596,0.019927464617493507,1,2
7ca967363865,0.5161404555978084,0.13590468115441828,0.10720875566732645,0.24074610758044696,0,4
7cb0d082d21b,0.007155239278338876,0.9644490684532213,0.022878264545005623,0.00551742772343411,1,1
7cb0fdd18092,0.8102324582744442,0.09221212875514889,0.08654129509567872,0.01101411787472824,2,4
7cbbe81579da,0.09181998038596786,0.7978045569916584,0.0815707423171499,0.028804720305223557,0,3
7ccfe56da30b,0.07921289521161398,0.6005954658651548,0.2783720118406088,0.041819627082622525,1,3
7ce1ebc880e0,0.08385492882798835,0.5375255056073301,0.29453634813668966,0.08408321742799188,1,1
7d1c99d9eca8,0.059404189409875394,0.6183368878522507,0.30910593221435567,0.01315299052351823,2,0
7d26435833cd,0.020925015666940848,0.8884969878458349,0.0415689712060999,0.04900902528112436,2,1
7d28b814a4d4,0.7106461563478704,0.12303992557599991,0.14341152802477755,0.022902390051352174,2,1
7d2b67f6357e,0.14423826384067312,0.7595569898059175,0.0652781381308918,0.030926608222517794,1,4
7d2ca42f0906,0.08548185194403975,0.6264518079903536,0.19909950307070862,0.08896683699489814,1,3
7d38fbf46bbf,0.7300702431435578,0.2318772243397304,0.03614188880922358,0.0019106437074883139,3,4
7d3c837a7644,0.2938735705435645,0.5245212929201524,0.1466916757109563,0.034913460825326884,0,1
7d4971c1d0ca,0.38985926648371283,0.4712589090436444,0.1350014702689953,0.0038803542036474343,2,3
7d5282a52850,0.07082199326623982,0.6464227967485093,0.25922190365005415,0.023533306335196687,2,3
7d64b5b28306,0.3539123968445721,0.34058057467003316,0.19989419752285165,0.10561283096254312,0,4
7d70e90deb87,0.3715318698431808,0.4310733659264621,0.195209508268924,0.002185255961432951,0,3
7d82d53204b8,0.015057182820698846,0.955666711558063,0.02103733725762457,0.008238768363613643,1,1
7d9f72046513,0.06640818338600199,0.7987018604340835,0.10584312075345663,0.02904683542645779,1,0
7da2b553b5ce,0.14731080157412918,0.6071390488927669,0.2186748309287055,0.0268753186043983,1,1
7db18af1a9d1,0.666608378778734,0.1411522092891996,0.1505124337591347,0.041726978172931785,0,3
7dc1629a0438,0.5733877071949997,0.09197598894023658,0.324376765146067,0.010259538718696677,0,4
7dcc972565e6,0.040401643715782275,0.5594911406451888,0.36249098763493864,0.03761622800409035,1,4
7dd3347b0d10,0.24627489723732932,0.49481266143903957,0.2502380635426752,0.008674377780956017,1,3
7dd6835dfc59,0.11635230477252319,0.46614857676088983,0.39202630288879564,0.02547281557779128,0,1
7dd880b043d6,0.12773227729630798,0.5588331960720844,0.2799006577891092,0.03353386884249846,1,3
7ddb42c36bf7,0.08979619147315322,0.7576751388545006,0.13873458482757484,0.013794084844771218,1,0
7ddc4c9daa44,0.9504104987502199,0.022794413472066902,0.02603100067694611,0.0007640871007670686,0,1
7ddcf63a332f,0.16400101614640827,0.4995442054001133,0.1657025619382121,0.17075221651526631,3,1
7dfd6afee3e9,0.6756831402046646,0.18511663631392522,0.06289573491095242,0.07630448857045792,0,3
7e24eea87ca5,0.07310534005953602,0.8656463277314235,0.013864913614525484,0.04738341859451502,1,3
7e26e0963bac,0.003973952271126701,0.9400121719521585,0.004938913009909099,0.05107496276680582,3,1
7e285573bf0f,0.2032158324793911,0.5264013870143593,0.1906508493423523,0.0797319311638972,1,1
7e2fe165275e,0.16387570316447592,0.740169007593502,0.07135920850533457,0.02459608073668744,2,2
7e4059d6a0f9,0.8851046817901844,0.07337189614384043,0.03654024489231786,0.004983177173657542,0,3
7e4b2e28a241,0.38931492982536087,0.18201650257559984,0.4118879005307832,0.016780667068256105,0,3
7e5785e7fda6,0.02874527697835754,0.805666981098233,0.03405042944777353,0.1315373124756361,1,0
7e6c68462e06,0.15836606386746474,0.5580435470972196,0.25808393801338525,0.025506451021930533,0,3
7e6e49e5eea7,0.7878707016989666,0.14074197175435513,0.05907407027322565,0.012313256273452644,0,0
7e7701fec9ef,0.8087704252152008,0.1651640954205752,0.018370503698596136,0.007694975665627906,0,2
7e86ca47ec47,0.16317060562744182,0.5649709794392478,0.16413961113570222,0.10771880379760822,2,0
7e8be259013a,0.35709144873150667,0.21737532375196206,0.39402897532485015,0.03150425219168116,3,1
7ea118331dfe,0.12487934986205937,0.7110619074149476,0.14197598553666593,0.022082757186327184,1,0
7ea7f0ce6ba4,0.03337047934252042,0.4641513197661852,0.47124440979130255,0.0312337910999918,1,2
7ea86dbc72ee,0.6506445077301296,0.2230314810595375,0.11322863864847423,0.013095372561858646,1,2
7ea9b8b90bda,0.19361099159394055,0.6302248115248745,0.165614903717382,0.010549293163802993,1,4
7eb0a56757c0,0.20355006178465146,0.4425763959351344,0.30597252829108074,0.04790101398913349,3,4
7ecdff541fd7,0.7954466962912815,0.04525714470890007,0.1554729190395233,0.0038232399602951502,0,2
7ed9fad978ce,0.03879476904159341,0.38271242720697674,0.5598430691594273,0.018649734592002618,1,2
7eed9af03814,0.5499277965693651,0.1707853734715116,0.07380634447626415,0.205480485482859,1,2
7f00e5d4ac58,0.959428555022913,0.02400995343591086,0.012406379883563507,0.004155111657612691,2,2
7f0a5ea1b11b,0.027148497190002212,0.9000966995941433,0.05674704145522645,0.01600776176062808,1,2
7f4b1a1e987e,0.11074310531813109,0.39492004775469375,0.26116269453308866,0.23317415239408637,2,2
7f5a35344d25,0.1398146825914374,0.7607747872110127,0.07804350680090553,0.021367023396644407,3,3
7f68921f1b58,0.26651654310567324,0.1743038068508964,0.49239723798762763,0.06678241205580264,0,1
7f73780cf1f4,0.8153930204632762,0.04786709606167607,0.11869053843669361,0.018049345038354123,0,0
7f7379e733a2,0.9118058512475384,0.023343328138594428,0.06091439594420381,0.003936424669663257,0,3
7f773ab567dc,0.39841622630987505,0.3502338886262076,0.16186393516191724,0.08948594990200015,0,1
7f84d57bc1cc,0.8704279350881897,0.07947837928908594,0.04145976799587299,0.00863391762685135,0,1
7f88c3e4abca,0.6421965221681071,0.21725001275078631,0.1330910565296763,0.0074624085514303886,0,4
7f9619af434c,0.027266608277130084,0.7167937450419777,0.199414112645448,0.056525534035444226,0,4
7f9e2766281e,0.012239054721823035,0.9777988961951821,0.009649930922369562,0.000312118160625364,1,2
7fa441d1dd32,0.37066618339272617,0.21804409034213576,0.363540418887125,0.04774930737801304,0,0
7fac35c9e1f4,0.4446069742119001,0.39878862331651155,0.13922588354947737,0.017378518922111043,3,0
7fba08f9ba1e,0.027146968232177944,0.8532488339599646,0.09526870654831025,0.024335491259547096,1,1
7fc0becb14fa,0.015160867031318744,0.8319307293643723,0.1328787218477162,0.020029681756592803,1,4
7fd0efde20b7,0.0041476164952388775,0.8825470085608763,0.10780895773200817,0.005496417211876615,2,3
7ffb3015dacb,0.034112275526541745,0.6377140635718795,0.3164955213660881,0.011678139535490503,1,2
800c22b13e4c,0.059457166358734374,0.6920502668172007,0.23662102747877573,0.011871539345289289,0,4
80195e7d2700,0.21797599213525407,0.3705784732177563,0.3959635362745782,0.015481998372411362,2,4
801ff0c146b7,0.6279232271443332,0.15180090462332926,0.03231333138951402,0.18796253684282352,0,4
8021320a355b,0.496437925988388,0.3909971799942868,0.09912899805682993,0.013435895960495305,1,1
804119f6c0a6,0.08058905427994434,0.8427485289857759,0.0644825957258922,0.012179821008387479,1,4
80432401db2b,0.9270158112899586,0.05130880102298012,0.019574639473813358,0.0021007482132480116,0,4
8052009f6e35,0.09438639457381479,0.7759049873554452,0.10464382129686992,0.025064796773869972,1,3
805989876fee,0.3413224425726336,0.16541078708895238,0.47394532071787326,0.019321449620540776,1,0
806161ff1e51,0.6240373563113407,0.2680885088513675,0.07815230231576098,0.02972183252153082,2,4
8072ea43a9ef,0.5128280086185869,0.13285994523758538,0.34432005839923724,0.009991987744590454,1,0
8087e3bc0efe,0.13308950358433946,0.7263864269853385,0.1356056663891817,0.004918403041140377,3,3
8087ef52aff5,0.4000039236318259,0.27601458892111674,0.3160641502966838,0.007917337150373599,2,3
80a0658f585b,0.11884303247228842,0.15268407643947776,0.5119934210331745,0.21647947005505944,3,4
80a38757f6b5,0.9661761974750768,0.0070082718094858975,0.021885479924042623,0.004930050791394621,0,4
80a497a15df6,0.5138950740487727,0.23747189410456515,0.23702164057181974,0.011611391274842406,0,4
80a5f2f9ba0c,0.06688309169797675,0.8960466395417935,0.02878439746022854,0.008285871300000996,1,1
80b74df174a9,0.12788670770364613,0.6350167153132447,0.2133440986906226,0.023752478292486588,1,1
80b798963819,0.08398424625771118,0.8048296494487416,0.10341668727947173,0.007769417014075495,1,2
80b943fa8ecf,0.06386583443558061,0.8623431914339802,0.05984664742274244,0.013944326707696776,1,3
80ba72c35938,0.6550947342009568,0.15977889324622635,0.15768854139521785,0.027437831157599183,1,1
80c55ce81802,0.9341164324633517,0.04040034932756121,0.020516899261640884,0.004966318947446122,0,4
80e3f166ad2f,0.3064543804503744,0.6173511805366982,0.0438760328660616,0.0323184061468658,1,2
80ec7581b718,0.45859574662835817,0.22150094458633987,0.29701934693981225,0.022883961845489607,0,0
80f212c4109c,0.42783853196161803,0.34108447478285686,0.21323199250041902,0.017845000755106023,1,0
812fbc20eda8,0.3023013910182115,0.5800312468123653,0.09041920642571366,0.027248155743709594,1,3
81493310c235,0.05264808497237584,0.7565468698056511,0.1801928801375557,0.010612165084417273,3,4
814e0fdfde1e,0.0446064855600402,0.8181422820834506,0.13233697131421143,0.004914261042297836,1,0
815214972656,0.5795232420816396,0.23860062074925456,0.17108205218513178,0.01079408498397405,0,4
815278b6c176,0.019683461658748805,0.9053254956373735,0.06584143651439431,0.009149606189483225,1,4
8160bfb420dc,0.148619311024198,0.7961154170960546,0.05251064422500798,0.002754627654739385,1,1
81651ff35cb8,0.4105007375464118,0.3613735468071136,0.2022613180527421,0.025864397593732408,1,4
816ff8fa8f42,0.04154480418612411,0.7280592408797065,0.21600663819150992,0.014389316742659407,1,0
81711d215ec7,0.017837951657387423,0.8475498009255067,0.03992053200169923,0.09469171541540658,3,4
81718ce513ca,0.358787312679271,0.4668221740875036,0.12526298252328827,0.049127530709937084,1,1
8176a9253108,0.03015785535422074,0.6692123084163843,0.28549499999726685,0.015134836232127908,2,3
818bda3ca15d,0.8655715914616878,0.059734871264217976,0.0550597625048903,0.019633774769203815,0,4
818c3096a5c4,0.3842016425927461,0.1626382009704081,0.44359664021679984,0.009563516220046163,2,0
8195c077997b,0.025745721424880342,0.8809912237950285,0.08146960168167076,0.011793453098420328,1,1
81a3d149dcbf,0.8249898118092408,0.11585495506063632,0.04936194038491551,0.009793292745207257,0,3
81acc5470917,0.033185960708922546,0.9234899561440371,0.041117127359469485,0.0022069557875709286,2,3
81b0675331b4,0.0779262236316082,0.8568761543530119,0.039436746267090594,0.02576087574828928,0,4
81c1e36bdcff,0.10059940580382325,0.7454942718664008,0.13117387924031576,0.02273244308946014,0,2
81d2c8305d95,0.13932281493784326,0.720075790006043,0.12450210921334569,0.016099285842768145,2,0
81d4dbd5c6d4,0.1542780979982666,0.604087495732511,0.10099510819652426,0.14063929807269826,2,2
81e2d490e2dd,0.6336445989015527,0.26584233928825757,0.09714292884121722,0.0033701329689725993,0,1
81f6b4b343f7,0.014443341307352116,0.8989906768963792,0.07193155326265291,0.01463442853361569,1,4
820fc489e682,0.026408454421381896,0.9079420024219682,0.05259866197427357,0.013050881182376397,2,1
82120a4eebc8,0.015457350082542376,0.8836166368149404,0.09943581409773214,0.0014901990047850022,1,4
8221a4155cc0,0.06335289699631029,0.5884568965792251,0.33447088193791225,0.013719324486552482,3,2
8222875f1a91,0.10028188394992746,0.29556247188737667,0.5611064399178343,0.04304920424486166,2,2
822b399fcc86,0.4465740866435687,0.31581150765389276,0.22699577104603724,0.010618634656501265,2,4
823201a39872,0.02395474485708833,0.817648772337895,0.15104131227992817,0.0073551705250885875,1,0
8234b8dc3a41,0.05407382641417662,0.871235327237118,0.05223609100804265,0.02245475534066274,2,1
8237d25ed806,0.15617993723367232,0.7184224820497304,0.11126416833840343,0.014133412378193867,0,0
8240e63ae3b1,0.07569075259099431,0.6776384469778052,0.22777886644993026,0.018891933981270276,1,0
824374b82868,0.6288397649303831,0.324159696291292,0.038524823379547136,0.008475715398777946,1,0
824aac4d4e6f,0.9583888265929764,0.016079089649262843,0.017850449081877256,0.007681634675883587,0,4
8252bce4e90c,0.08979693620323784,0.6447840591515441,0.25658037592696925,0.008838628718248863,1,3
825e493ca940,0.09582728777518086,0.63546940485039,0.18643748429853324,0.08226582307589582,1,4
826272b8be99,0.09129890412675915,0.7463873567215378,0.1420559948300628,0.020257744321640323,1,3
8267fb6fc89f,0.27502499319288454,0.5049873778372492,0.194959044041754,0.025028584928112288,1,0
8276779107e0,0.08254474840178704,0.8637715938495043,0.052002361243675646,0.001681296505033067,1,4
82868316ea05,0.3242364427465632,0.5549824836250892,0.09694601736796046,0.023835056260387025,1,2
82bd4db9b87c,0.44427883002531293,0.4927959471663483,0.036054946565537246,0.02687027624280134,0,3
82d0600dbf57,0.06245894856571448,0.8643239643897602,0.06336107515795335,0.009856011886571809,1,1
82ed58c1b0db,0.0956484204496845,0.3045498277640294,0.4663500766418458,0.1334516751444402,0,3
82fde36914bc,0.4050421352215187,0.3499670055477201,0.2052594683211217,0.039731390909639626,1,4
83007940394a,0.033737072412800176,0.9092598663203297,0.054158146626457106,0.0028449146404128465,2,4
8303825d6924,0.1333001631688624,0.7080057052331581,0.12005292260894417,0.038641208989035315,1,3
83088a9ca2d2,0.8048838096180793,0.08991458157344652,0.09909945011378792,0.006102158694686393,1,0
830984d74452,0.03788368779722672,0.7739031900212149,0.18418374453701375,0.00402937764454457,1,0
830d41512494,0.11349962434709297,0.6751156307330747,0.19897998509468304,0.012404759825149214,1,3
83127fd75313,0.1995387415460275,0.40811042994820423,0.3733424550863365,0.01900837341943167,1,1
8315467702a2,0.5827747743690096,0.3281426602874905,0.07760261321137427,0.011479952132125668,0,1
8315b4f8b2c8,0.042428889677348355,0.7901384872646998,0.13351004267087305,0.03392258038707882,1,0
831cea12cf2a,0.2464889941934938,0.35749543283650737,0.3060876744718545,0.08992789849814437,2,2
8332bdaddb6e,0.19527687978311112,0.6955379310385587,0.033216520492267254,0.07596866868606314,0,0
834223220998,0.003576145119783265,0.9813581097365701,0.014532199099829385,0.0005335460438171757,3,1
8351c991c7c2,0.06098074570478958,0.7736469464626686,0.15010914708747475,0.015263160745067055,0,0
835dd3c81c51,0.006204394387705584,0.8146221464541114,0.15568768989352752,0.02348576926465556,2,2
835e83150535,0.5756441077170544,0.3622556192957839,0.042708587529053606,0.01939168545810806,0,2
8362bdc5c7f5,0.8991550560322887,0.0412653229714894,0.05649471084415803,0.003084910152063845,0,0
8367345da05a,0.7305881694585974,0.16904459185204188,0.09587302929258036,0.00449420939678044,0,0
83681c8b7743,0.050554179906066025,0.8713331455133089,0.06453327314475844,0.013579401435866683,1,3
836ca5c35bbe,0.7965759623422993,0.15972205019173158,0.03160452150207234,0.01209746596389666,2,2
837fc1ed550e,0.11330358532652347,0.7552196681426139,0.12279630182557047,0.008680444705292186,1,3
8383c0dba9bb,0.3126207898879267,0.5020560049312068,0.10712440601442749,0.07819879916643895,0,3
83a64f9d121a,0.33634841156479206,0.399073379064161,0.07762833538369295,0.18694987398735394,0,2
83b424ef8bb1,0.6052646720642647,0.16959092688885533,0.13431061440543218,0.09083378664144778,1,4
83b6679566b0,0.01749029169729475,0.9353883568890538,0.04404121926773967,0.003080132145911636,2,2
83f637917a44,0.03335012967471569,0.7707257271508826,0.16601421401464134,0.02990992915976026,2,4
841519065bd1,0.4176400628643117,0.3424319560846849,0.21942356900402235,0.020504412046981026,0,0
841dbb381261,0.10071150034687593,0.6424390850306754,0.2092235093784912,0.04762590524395743,1,0
841dfb2ad2ee,0.6087142106000628,0.3565789053784285,0.026169705913758518,0.008537178107750102,2,0
8420a2430b65,0.03617311187125506,0.9022714859734355,0.05702884006005462,0.004526562095254684,1,1
8423d0d5c0b5,0.3016061129951709,0.20198363865094446,0.41935637031388295,0.0770538780400016,2,4
842eea3e3951,0.07691898311996051,0.715167517887881,0.15557027465843856,0.052343224333719955,1,1
843eebbcc0d2,0.18887591608899312,0.6961849092607271,0.07125040832404962,0.0436887663262301,2,1
84407a15756d,0.025787610040839504,0.7604208045870581,0.1679386021424248,0.045852983229677534,1,3
8447b9e9ad00,0.07599474460480542,0.8106801123932281,0.06752495439215583,0.04580018860981048,1,3
8452bd412bba,0.017489795439121214,0.8957783566269477,0.0835257052984377,0.00320614263549337,1,0
84543edc24c2,0.33592938456973803,0.3252444680222458,0.315158346314108,0.023667801093908217,2,3
8454851c5270,0.32497072519116027,0.15725113438820082,0.49255540232744693,0.02522273809319193,2,1
84657bfd51ee,0.7281052898051993,0.04317631916277797,0.14707398029560198,0.08164441073642074,0,3
847ae068d771,0.07922526999407783,0.6284189063488365,0.20677555866156871,0.08558026499551699,0,1
84a72fcf010a,0.694401954668636,0.11006969758316074,0.18643262680883854,0.009095720939364803,0,2
84b117cebcc5,0.010588338829279662,0.941065768765119,0.027516997000910915,0.020828895404690448,0,2
84b4d7b819cb,0.006753375210193547,0.9463043876269555,0.04363008713551322,0.003312150027337904,1,2
84b9878362e2,0.07951367045973157,0.5924441242448847,0.22614224805739008,0.10189995723799364,0,1
84cb858a8b18,0.3947328502430995,0.3338857179386608,0.26616045763556434,0.005220974182675353,2,4
84ea93253e6a,0.9537361078151642,0.024748584044710042,0.01833764727103443,0.0031776608690913697,0,4
84f48ed1bafd,0.004389135150855273,0.987038792688676,0.001983319176393578,0.006588752984075007,1,2
8501ffeadc53,0.08230162391247722,0.7023734865860204,0.11273494227960941,0.10258994722189291,1,0
851fda48d245,0.6024777766021582,0.1390010861826498,0.2203459529206827,0.038175184294509175,0,4
852848545a6c,0.09100651615094593,0.09255517098642531,0.7438736934363274,0.07256461942630132,1,2
853df92b47be,0.0724506491691689,0.767663657083069,0.15213756824132502,0.007748125506436831,2,4
854d97049377,0.2688776248970749,0.36857995445802905,0.15818106223344852,0.20436135841144756,3,4
8557928e510e,0.013134334287657227,0.9260753544001868,0.058493189484661375,0.0022971218274944224,1,0
856020133090,0.5552886047891038,0.23438868569363278,0.14839989973932777,0.061922809777935774,2,3
857b9908a0aa,0.5726160421750341,0.30716798373282045,0.08297399541639033,0.037241978675755044,0,3
858725b534d6,0.03871331576874896,0.8266040376700974,0.10236516471852632,0.0323174818426274,1,1
858f01b51c3d,0.5171642635821538,0.2873724830776297,0.18625362486040958,0.009209628479806876,1,2
85a651285b8e,0.02568950318409252,0.7717290384927841,0.19103671499145533,0.011544743331667957,3,3
85da175299c4,0.9522540687495454,0.022596165014557388,0.020698817154007985,0.004450949081888969,0,3
85dc058820ab,0.056328068017058974,0.8135211467814459,0.10030629542396928,0.02984448977752586,1,3
85e721c2c2f7,0.06802659336223817,0.7238499027887163,0.15543958791893772,0.05268391593010775,0,2
85f8405ef40a,0.03698020467396857,0.8797815238750006,0.07988160759790844,0.0033566638531224084,3,2
860611cd1738,0.012256547551166534,0.9155138821014716,0.05960774217432002,0.01262182817304198,1,0
86092024d731,0.1973186554454577,0.5679518173527001,0.13713298241303554,0.09759654478880679,2,1
8609ebfada9d,0.09584394086522652,0.43027762134653147,0.4604468072548448,0.01343163053339713,1,1
862cdc30fb27,0.6964362301544204,0.24954592807681308,0.043468625863084136,0.010549215905682354,0,0
86323e8815ce,0.1213309632601209,0.6565801002323476,0.1656495733621132,0.056439363145418385,1,0
865cee33719e,0.7568195104432471,0.13730917855622418,0.07396569047444791,0.0319056205260808,0,3
8661a2df18d2,0.21678679198294215,0.4030366900566443,0.30058139668949113,0.0795951212709226,2,2
866879344af1,0.37539823629265784,0.2334662144414883,0.36177052035227625,0.029365028913577628,2,2
8672a27b3291,0.1888076484433118,0.7885673876670622,0.021938742158404564,0.0006862217312212725,1,4
8692c37fba6d,0.20586740773302079,0.4294581394876333,0.3068159028025629,0.05785854997678315,1,0
86aaf2215fd4,0.5153827097316481,0.27498133237877576,0.17226715119202257,0.03736880669755359,0,2
86ad90147e40,0.32948658913457596,0.48093192174654037,0.08029631928105153,0.10928516983783208,0,0
86b08ada55fa,0.07400343021059508,0.5495564241928418,0.2632333239495809,0.11320682164698223,3,4
86b2cddc9a96,0.7068590555829887,0.14644419817930404,0.1282563227031786,0.018440423534528613,0,1
86d7ce86d31c,0.14619181564877037,0.6873720339264932,0.07334643888449158,0.09308971154024488,1,1
86e209c99853,0.03949468917278311,0.5437266019696236,0.3945972883396563,0.022181420517937023,1,4
86ecdad652bb,0.18854080696117176,0.45270358968300267,0.33431422470581934,0.024441378650006125,2,2
86f0ced73df0,0.2790968677746861,0.516176492735933,0.18444825542963725,0.020278384059743575,0,3
86fbc6625250,0.9166743411287899,0.038122411487372505,0.040601457498296814,0.004601789885540824,0,4
8704605c8d78,0.06717231430109717,0.6797093552052639,0.22790447286820537,0.025213857625433676,1,0
8707f9b371b1,0.10185161201075703,0.8064693925834004,0.08892638241297093,0.0027526129928714606,1,4
871805a76116,0.029750537066156425,0.8550970089128028,0.0897505292416016,0.02540192477943927,1,3
8723fa61b4c9,0.1585150029077033,0.74320984927257,0.08787166471257696,0.010403483107149853,1,1
87463d16a03c,0.014182223296413117,0.9389452924219375,0.042073105446766505,0.004799378834882786,1,2
8762482fa9b6,0.8164193959202207,0.06695365332268058,0.10508345753336287,0.011543493223735754,0,2
87664803e3cd,0.05566631155678325,0.8445247866667642,0.06371455524339403,0.03609434653305857,1,4
8771126854cb,0.8520719112158875,0.02115197586165403,0.11004234696417256,0.01673376595828592,0,0
8797c00011a7,0.14215326801572586,0.3519743684205818,0.49755547223701696,0.008316891326675456,1,3
87ad926c7cd5,0.4210701834653324,0.2235920197207525,0.17125245028331762,0.18408534653059735,2,2
87ba5ef70efe,0.0506758203080734,0.911195299057951,0.01857343437964001,0.019555446254335574,1,1
87d8d1d29655,0.055689039605339524,0.8022509758403704,0.10044974364182574,0.041610240912464236,1,0
87e342354d85,0.6749342254768123,0.14638146943208197,0.17364700884160655,0.005037296249499145,0,3
87f4d0c6babd,0.7824828703476716,0.12899370197147544,0.0791425321829711,0.009380895497881726,1,4
8805b17f963a,0.06745334561217776,0.4308044405054965,0.2941996543433755,0.20754255953895023,1,2
880760598f51,0.050033891239465736,0.8305433137267714,0.10708518801816469,0.012337607015598226,2,1
880ef66733bf,0.08018157121479083,0.7179322775246725,0.1906987570844554,0.011187394176081238,0,4
881057f737e0,0.8071926434419793,0.04868453563480101,0.12560199845216036,0.018520822471059236,0,0
881fc5cfb469,0.14108974404627672,0.2589265814284113,0.531942179015864,0.06804149550944796,3,3
883ec957d088,0.011679615767628772,0.9136708510210594,0.046067796227205346,0.028581736984106394,1,2
884ae726c5fa,0.631863772218841,0.19633375779439086,0.1414592745751427,0.030343195411625543,0,4
8855be1da6d3,0.9319344930630765,0.03434463033704927,0.03144253297343276,0.002278343626441363,1,4
885dd0b39eb1,0.04019827489529016,0.6953665662816321,0.11988156706221613,0.14455359176086166,1,2
8861d23685ef,0.34007094877726574,0.4526535580502515,0.14484933444171816,0.062426158730764444,2,1
88678531fd19,0.03425899425512587,0.4516144246020735,0.4592075056500638,0.054919075492736835,3,4
88787efdd3d9,0.31456766113668166,0.2228227107614633,0.4406208225986689,0.021988805503186108,0,4
8879adb07db4,0.6333561842537712,0.18660155379688412,0.16953884998837435,0.010503411960970377,0,1
889b5893c83d,0.030642434630508007,0.674331637434685,0.2499163807922756,0.04510954714253147,1,1
88b7b5dcfd30,0.05009088444150664,0.46216464927097256,0.4451905865286331,0.04255387975888753,1,4
88cb519feae6,0.3867139332882522,0.4642866548017637,0.13315588381226426,0.015843528097719824,1,3
88dbdcdb59c6,0.10194012054545852,0.6581135607530479,0.22728436653455586,0.012661952166937636,2,1
88f2e452d4b2,0.5256952485635529,0.3322596106702124,0.12130644487223627,0.020738695893998398,0,2
88ff3858d82c,0.3865843249545552,0.438520867082323,0.1694598028316847,0.005435005131437153,3,0
890bbfb62803,0.5470668745674958,0.2796924874164777,0.049454977544481485,0.12378566047154499,1,2
89195455e6ff,0.03563419366144613,0.7097003166243289,0.2074763961918193,0.04718909352240569,2,0
891dccc7f408,0.00995008661562047,0.9247102620144774,0.05221457957745893,0.013125071792443306,2,0
8937a100c4b1,0.056423729453043345,0.8406156901106734,0.028276324920232805,0.0746842555160505,1,4
8943d1d85097,0.04471697107278247,0.7248277218136974,0.2144814530643599,0.015973854049160272,1,4
8945d312af6a,0.05139126965241863,0.607502424313759,0.2578131919478017,0.0832931140860206,1,4
894cf780d724,0.566785402799625,0.1597682928001299,0.24038117978168175,0.033065124618563445,2,1
895c41c283cd,0.6129837939207053,0.2040647908019125,0.1662071099919698,0.016744305285412233,0,3
896ab1acf6f2,0.02590092543474461,0.9041783740032858,0.039098462473233564,0.030822238088735986,1,0
896ea179cbae,0.011916519191012727,0.9304176797132779,0.04255074178312953,0.015115059312579828,1,2
896ff6f04d0e,0.011974605797096608,0.8400209027552535,0.06220841117315671,0.08579608027449329,1,1
8976a065ab10,0.9443837277149884,0.01854169681696277,0.022870610315839056,0.014203965152209693,0,2
897ab7243051,0.032068115694149975,0.6524583741434838,0.27123021695529703,0.04424329320706902,2,4
89921b036cc3,0.35809149696667875,0.2966037423507914,0.32993736694119313,0.015367393741336709,0,2
89ad8581ccaf,0.4274070762351293,0.3567320021581882,0.17814826628892017,0.0377126553177624,0,0
89b8af016a97,0.1852511566045459,0.6167851863630042,0.16098400571634272,0.03697965131610717,3,4
89c6489e8df7,0.10394871358445204,0.804880013694347,0.0889916491989084,0.0021796235222924106,1,0
89cb02de68a7,0.05673914054435164,0.6886436319303668,0.24332775378364013,0.011289473741641506,1,1
89cc008ddabf,0.1372970783445633,0.7493705434470316,0.09568233981551565,0.01765003839288939,2,2
89cfe8497e68,0.10501169258013898,0.744652824028894,0.06355937851458524,0.08677610487638175,1,2
89d2589d197c,0.35151860380189015,0.21746096879863097,0.2650668246074954,0.16595360279198346,0,3
8a0139211dd5,0.05471371166594678,0.8716552254552006,0.05404025227456301,0.019590810604289677,2,4
8a0bb2abd955,0.4534146359276249,0.1290270626676453,0.4011847135298266,0.01637358787490322,0,0
8a0e92da8c69,0.0399509589911777,0.8877452954273971,0.06692946456027539,0.005374281021149731,1,3
8a3b38dbc12d,0.011291534755354847,0.9043163824980308,0.07774642043710335,0.006645662309511133,2,4
8a435c339b1e,0.11330574215058255,0.5977017148003886,0.24994029026580003,0.0390522527832288,0,2
8a606a964b1d,0.09551049735594604,0.6551352486672419,0.2112326625773478,0.038121591399464305,1,1
8a6b5f89162a,0.11780436247698708,0.6978808253180064,0.17204225846491003,0.012272553740096342,1,3
8a7c3c0d189c,0.4607346826111691,0.28720369669203105,0.1963774342284082,0.05568418646839151,2,3
8aa587a862e8,0.16094718470536734,0.6499865649736913,0.17367975428702892,0.01538649603391232,1,3
8ad88b978f87,0.41264790598883216,0.5167038824447931,0.0644304187894929,0.006217792776881885,1,3
8ae458411c33,0.1390288118819199,0.7716379336323262,0.08637819078427492,0.0029550637014788004,0,0
8ae943cc3a16,0.03198066387800544,0.7126862875756168,0.20909968976880067,0.04623335877757722,1,4
8afc6567147a,0.3149754817012264,0.5075293400139796,0.16899460051015208,0.008500577774641865,2,1
8b059659257d,0.7618304286002615,0.19191912457946808,0.03807795374618399,0.008172493074086486,0,4
8b18f1963aff,0.023337578799145407,0.7820168005588491,0.1936100051711796,0.0010356154708258663,1,1
8b1b8b42cbd2,0.282422926041885,0.40668991500469964,0.3001025731012751,0.010784585852140259,0,4
8b41c96e9f63,0.00743728375887405,0.951545818776717,0.02841564307904895,0.01260125438536001,1,1
8b4741c28384,0.5086728623096413,0.3629132177379341,0.10088044185601243,0.027533478096412177,1,0
8b52cf335c4d,0.8079352655252711,0.01770866820589317,0.17265758206209383,0.0016984842067417967,2,1
8b5efcadabf9,0.824187739312959,0.10954024212250053,0.04708695355351163,0.019185065011028762,2,0
8b5f06c0671d,0.06328258797558102,0.8155761853845057,0.11596366943861523,0.005177557201298113,1,3
8b7d91225bc5,0.16445992486326472,0.4623731126345656,0.3477184455510932,0.025448516951076378,1,0
8b7e0c35fd8f,0.6058188778963601,0.10098564142316385,0.2852221649210737,0.007973315759402265,0,4
8b86c273f095,0.06580021016575843,0.70132750118376,0.13691028356768212,0.09596200508279949,1,4
8b8d05db440e,0.9591047271554217,0.024961034615065606,0.014104435002262158,0.001829803227250579,0,2
8bd4738d4f00,0.5223941333585856,0.34484664511990987,0.08445719802701135,0.04830202349449315,0,3
8bd62094ea13,0.36132989765440116,0.508565717106443,0.11916243979336592,0.01094194544578978,2,2
8c15768ece37,0.5857612217007883,0.13662341618548945,0.2644428935102368,0.013172468603485454,1,4
8c1872520275,0.006662207294751319,0.5421708753828889,0.40948542988366166,0.041681487438698046,2,4
8c19695fed29,0.053758902717386384,0.8937710477630227,0.042209508948794196,0.010260540570796624,3,0
8c1c165022b6,0.3113643677559809,0.3654321746573086,0.2805956909965062,0.04260776659020422,0,4
8c1f2172bcf0,0.12863399152116933,0.7927918223169896,0.058196159240215733,0.020378026921625412,1,4
8c272c45e4bf,0.019131149191709416,0.850101646503969,0.12666243952303743,0.00410476478128418,1,0
8c382f780705,0.7215741196420046,0.14003804246790766,0.1190578652218662,0.019329972668221666,0,0
8c46388eee54,0.01314739363808305,0.6507004078567644,0.30293527738481585,0.033216921120336786,3,0
8c5533597dc0,0.7073254330278437,0.25293688090400346,0.027188290264130298,0.012549395804022602,2,0
8c81896e7e55,0.040661818410202374,0.9055000849102303,0.02615961190537429,0.02767848477419309,1,4
8c93b1d9363b,0.30300279515992534,0.42611246726884766,0.20620791779168024,0.06467681977954666,0,4
8c94a7329137,0.07383306483213765,0.3874188663275365,0.5333907854631063,0.005357283377219659,1,3
8c9bb70fac25,0.015091169024478102,0.8982587419703042,0.07739711382920188,0.009252975176015728,1,3
8cc1d57b3142,0.9566421455573499,0.013126860817123033,0.024403713520223042,0.0058272801053040986,0,1
8ce7315d04b1,0.0997946907902236,0.7584280082445993,0.13843866330679971,0.0033386376583773225,3,0
8ceba80333df,0.08850488815599607,0.7559659018781275,0.11302652542880923,0.042502684537067195,1,3
8cec64c8a30a,0.15202421903223107,0.5848060818993323,0.09285077562764092,0.17031892344079574,0,1
8cef368b3a7d,0.47862995431133143,0.13683865045200658,0.36283197440732495,0.02169942082933699,0,3
8cf2f88c1831,0.7937451665629552,0.08845981990119818,0.10212824611657609,0.01566676741927047,0,4
8cf5886a6526,0.9158208645389929,0.03152957136890917,0.041543754090300714,0.011105810001797157,0,3
8cf883e963b2,0.34061221540117276,0.3762070061901612,0.2263028815507526,0.05687789685791344,0,3
8cfd81b6304b,0.10637173329465661,0.36765546574375085,0.5010582578737043,0.024914543087888312,1,1
8d04e38ff3cc,0.2812936761962195,0.3642294050895973,0.3523599511661237,0.0021169675480596046,2,0
8d05f7a01571,0.03936705720715719,0.8389074757981034,0.11619021467206152,0.005535252322677974,1,0
8d107e939496,0.06374150279573122,0.908834454378658,0.024577119986667895,0.002846922838942886,1,2
8d119ef46916,0.044463624386561304,0.7642901318095984,0.12025274518801592,0.07099349861582444,1,4
8d1bb5055032,0.08495242766816732,0.5468470288294223,0.30579458993723985,0.06240595356517059,0,4
8d1e97279e94,0.02593954486788281,0.3775240131444046,0.5337740305574347,0.06276241143027783,2,4
8d266ade4183,0.6440931335757522,0.2509279752340761,0.07553454445442476,0.029444346735746845,3,0
8d2c21678869,0.1193739161352795,0.7320548392569967,0.11808833197441819,0.030482912633305697,1,1
8d3cf4f69a12,0.9726820294112987,0.007207756979629602,0.015882954093165317,0.004227259515906602,0,1
8d4380e847cd,0.23292605005543782,0.5111238618889316,0.21230739331714635,0.04364269473848431,2,2
8d4af13cfe6e,0.17337936780871543,0.7228870276943338,0.09223506757569952,0.011498536921251294,1,2
8d603dc4f0fc,0.12483140439156805,0.6722835503837167,0.19881504225658822,0.004070002968127003,1,4
8d6424e7fe13,0.9434821651003181,0.02216999999398275,0.029162766869768427,0.005185068035930669,1,1
8d98b1ffe5cc,0.2770055372368477,0.6011189686674391,0.02719173185686819,0.09468376223884506,1,1
8db3c6dd3bc8,0.14552309873337876,0.7429845978839432,0.08961665777830226,0.021875645604375774,1,2
8dd03d75fbbc,0.040446108336731824,0.9132930233437184,0.04239708395339829,0.003863784366151331,2,2
8dd2336dc141,0.3688135448421822,0.32956674203488057,0.2823365292798434,0.019283183843094,1,2
8dd9d392745c,0.06230338936143925,0.3835963394633531,0.5321100949030133,0.02199017627219437,1,0
8de0328fef41,0.051697718196709555,0.8490157067344337,0.09523526881562261,0.004051306253234171,1,0
8dec4313cf31,0.16200332205277052,0.5848519801102517,0.1903745679156869,0.06277012992129069,3,3
8e0e8fb16772,0.7809274368289453,0.15027108509771295,0.062083218759039355,0.006718259314302526,2,0
8e207d306f5a,0.008447277635178238,0.9531577532701392,0.027769666449284358,0.010625302645398318,1,0
8e3028ee83b7,0.3520448559515853,0.49413708016600894,0.1407892232347292,0.013028840647676579,2,3
8e303eb56993,0.09508883347487587,0.8378512692606312,0.054340346466987544,0.012719550797505209,1,0
8e589a80dc42,0.05685264896507375,0.5413215074935135,0.34976027672814713,0.052065566813265615,2,1
8e592ea3b990,0.23087321013494294,0.5545574163062642,0.14210627675868923,0.07246309680010359,1,4
8e66608fcb8b,0.6755857678616393,0.12915894060619879,0.13057772753342817,0.06467756399873376,1,2
8e696c58fe5a,0.5749867935865431,0.06853805849070801,0.3444041360304537,0.012071011892295109,0,1
8e6f3fef011b,0.013475299585740314,0.9138564402254863,0.05136435045515782,0.021303909733615504,2,2
8e844d4f4027,0.496896680055857,0.32055565482224757,0.16985831202483817,0.012689353097057331,0,1
8e88d7565396,0.017320512318325935,0.9072503754018071,0.04220352351000417,0.03322558876986284,1,1
8ea4a61f36d5,0.048178794783523514,0.6806845779103556,0.24693229728283775,0.024204330023283118,1,3
8eac27104552,0.5436676406800619,0.20905558957618556,0.18696700594674126,0.06030976379701123,1,2
8eb7415fd75d,0.8921770798521511,0.035311165666927505,0.06279894134134352,0.009712813139577742,0,1
8ebfb520f2cc,0.282913155210414,0.3547858548074122,0.33230013663499663,0.03000085334717713,1,3
8f08039e8b7f,0.002053676255351463,0.8855537959439763,0.046837435805776706,0.0655550919948955,1,3
8f0cd3800684,0.271752590816557,0.3880009933735089,0.3315607177045083,0.0086856981054258,1,0
8f1242af7d14,0.05523942064099305,0.8298540963039417,0.07990441609889096,0.03500206695617439,2,3
8f22d79a5ba0,0.34981120118109843,0.4634482021955603,0.12230467507728766,0.06443592154605378,1,3
8f25ccd15213,0.018781662490683016,0.888120149075418,0.06489655936415493,0.028201629069743824,1,4
8f3131f02439,0.8050581857039679,0.1468493008491863,0.04364853006870717,0.004443983378138381,0,4
8f3a2c63b390,0.29720070282250777,0.2966989012757858,0.3582520165745943,0.04784837932711214,1,1
8f3f2c566e2e,0.03819242964755416,0.684981583789187,0.26766256955618406,0.00916341700707458,1,0
8f40087975d6,0.09540764804765416,0.6557265690159585,0.19601296283739789,0.05285282009898941,1,1
8f43952cb2e4,0.29821256676284663,0.2590879757512112,0.25864150360477517,0.18405795388116714,1,4
8f460f57d325,0.010647391879923548,0.972561532231686,0.014975210331335373,0.0018158655570550358,1,2
8f59e4041fb3,0.7928857549803987,0.151651957649386,0.044163343396003835,0.011298943974211419,2,2
8f668881cb15,0.1842301090431748,0.4329286335430654,0.12342778145286219,0.25941347596089764,1,0
8f67031d69a9,0.7873709629404203,0.18124384010338193,0.022831496188019905,0.008553700768177953,3,4
8f67f991ed01,0.22843850553087391,0.6528061126128193,0.11020299966591475,0.00855238219039194,2,1
8f8c93da549d,0.05213665045132022,0.8027678401547691,0.12025123692210454,0.024844272471806168,1,0
8f969a767c03,0.10023687200448644,0.7991124469832805,0.09684744177335924,0.0038032392388736482,1,4
8f9900d6dd98,0.6098512231898204,0.046735932720427996,0.3407411294118213,0.002671714677930303,0,1
8f9f2fcd1101,0.059618931388144024,0.9001225980053985,0.03723503170815668,0.003023438898301015,1,3
8fa13c443211,0.09949353318968164,0.7116309900147492,0.17709777166021284,0.011777705135356198,1,0
8fc0ab15fbba,0.37950863082566527,0.4608229358560858,0.15546636510627934,0.004202068211969528,0,4
8fc46a1ef7d6,0.1175122788452766,0.2693970833603167,0.5508239655233343,0.062266672271072375,0,0
8fcb4fdefa9b,0.11873112259274132,0.8261709094490134,0.04635900650820759,0.008738961450037759,1,0
8fd26a99fddf,0.060891472602634354,0.7525530104270312,0.1768786507955871,0.009676866174747471,2,0
8fd6cbf80a60,0.046861054869165114,0.8071198069771378,0.1407291747700391,0.005289963383657979,3,4
8fde67c815d9,0.21082969527220277,0.6621406826477519,0.11657152868593988,0.010458093394105576,1,3
8fe8e5f3d9f2,0.024942196076148147,0.8935648386555752,0.07737645521785391,0.004116510050422673,1,1
8fece7358b68,0.8693790204140303,0.059416580105042326,0.0439107599456482,0.027293639535279197,0,1
900f971c9d9d,0.06470972252289275,0.3711224587169806,0.5475121983546526,0.01665562040547409,2,1
901033aaf100,0.0068312243820031465,0.7415296117156062,0.22661750577749645,0.02502165812489431,1,2
9010d82f158b,0.07731685795993308,0.7718558091058509,0.1390755281124262,0.011751804821789964,2,1
90128165c011,0.06555413619891229,0.8108378929037036,0.07700110933941814,0.04660686155796602,2,4
9027e97cec00,0.6054536816319412,0.1249303264735464,0.2452638359871299,0.024352155907382395,1,1
9032f7dfa5b7,0.07403803725469042,0.8527971561196012,0.06777117485845877,0.005393631767249436,1,3
9039045a41db,0.7855432585998385,0.07779617379644573,0.11046491731237669,0.02619565029133904,0,1
9039323ef12d,0.8908727758508905,0.058905277664580785,0.04911982040550894,0.0011021260790197494,3,1
904b2fc4d66c,0.1883681984451623,0.5906410974113565,0.14432214319271097,0.07666856095077011,2,2
90563a9f1f5c,0.5311904814419559,0.3552350694953206,0.08176605950924813,0.03180838955347526,1,1
906b1c0633c1,0.7766375376949,0.0772723560721932,0.13383868821700748,0.01225141801589928,0,1
90857afa360f,0.3293368153433454,0.378592151814491,0.21714721551382207,0.07492381732834139,3,1
9092b76fd394,0.03454675795016109,0.5399639169031883,0.363558525651329,0.06193079949532169,1,4
9099a377b0ba,0.012873639522234307,0.9549851389522725,0.02735857446982947,0.004782647055663878,0,1
909b093ebd7b,0.027123773586849854,0.962401580081741,0.007003247079032174,0.003471399252377066,1,3
90bbbbe42dcf,0.12753523840781109,0.48986086521239686,0.3150486175423702,0.06755527883742184,0,2
90d2406651aa,0.024608775162131245,0.7339189521319054,0.20189821800838767,0.039574054697575814,2,4
90ebb1c07f60,0.83969209962913,0.03229742805459908,0.12036539762950595,0.007645074686764971,0,3
90f926079a8b,0.9133239347597376,0.018078331338177628,0.04312858728322407,0.025469146618860756,0,1
910fd590ada8,0.30197583277604517,0.37310937553862866,0.27666981115580086,0.04824498052952528,1,4
9113eb5c46c2,0.14124602068356218,0.6195498229915117,0.1668155305656169,0.072388625759309,1,1
9115e6b5aef1,0.7255031725486673,0.17573320060748973,0.06811945358078403,0.03064417326305891,0,1
911de1f9cbc8,0.10843339665913064,0.6223224465045728,0.23337786399899976,0.03586629283729673,1,4
912c5491499a,0.021186219387411276,0.7299535685532521,0.1369074303885142,0.1119527816708224,1,3
912f0bf73b2c,0.2524954106234818,0.6776905833683783,0.06366670110993271,0.006147304898207208,1,2
913182869146,0.14671852809802816,0.6331361538122315,0.20291918152924887,0.017226136560491434,1,1
914fd6a59eb7,0.0334373379194471,0.9075316824784629,0.047467510216126205,0.01156346938596398,1,0
9168248b2ad7,0.048474987111494665,0.7659498111901153,0.0824031282131275,0.10317207348526262,1,4
916911dbc503,0.05113414966020283,0.8191238356026441,0.07387502334124094,0.05586699139591208,1,0
9185f141a3c9,0.1188560458536471,0.6207143906429874,0.23142401284905062,0.029005550654314777,1,1
919d121c32c5,0.17335521672778081,0.609315976589554,0.14098997298245813,0.0763388337002069,1,4
91a2860aecda,0.10624886608145731,0.6295346535643568,0.2401779038608926,0.02403857649329344,1,1
91a5b9eda347,0.26990583363505855,0.599030959577986,0.10175980192542841,0.029303404861527046,1,3
91bd57a2c56d,0.2210404791450843,0.3830344656553552,0.38337624957299526,0.012548805626565268,2,3
91ced42c375c,0.05500002870049357,0.8402607389881003,0.08002903319608365,0.024710199115322372,3,4
91dcfcaf5ee0,0.03248268335646506,0.8640346151923702,0.10253620189989524,0.0009464995512694075,1,1
91e00c3ee94b,0.15469293413058047,0.6555759206406131,0.1830537479960503,0.006677397232756216,1,0
920248f0e483,0.22686760635485415,0.4169529614185013,0.21982132345144595,0.13635810877519863,1,2
9225830ff6e8,0.09639105364683269,0.6518134974825114,0.22348713242220533,0.02830831644845053,1,1
922ecebef0a6,0.10567433835756154,0.6303991990496843,0.22493320505878928,0.038993257533964897,2,0
924f402e5f21,0.31290527276223273,0.24674197530161215,0.4070011296489485,0.03335162228720666,2,4
926375b034e2,0.8391479879370392,0.11009622922893106,0.0365980253059822,0.014157757528047646,2,4
9273fc8c7085,0.8894800385622378,0.06668433708537813,0.03362093533161415,0.010214689020769864,1,4
9276f2d48294,0.3275980278659602,0.37239488087747724,0.199614968190476,0.10039212306608672,0,0
9283b3ca7c42,0.08627088473016745,0.7810583304326679,0.12320754609278625,0.009463238744378193,1,0
928e54bf8b2c,0.08455692652139087,0.5208620134500219,0.3045893464615048,0.0899917135670823,3,2
9291a5debee0,0.03797507374706869,0.840714624584806,0.1042992571022729,0.017011044565852618,0,0
9298dad2b9d5,0.039756440261850684,0.8413677798975168,0.10650952966436521,0.012366250176267439,1,1
92a134ec6693,0.23555126228701417,0.5440625979037151,0.2155645479338261,0.004821591875444558,0,0
92a2802a224d,0.21463723680455857,0.4316529193236761,0.33116926559924087,0.022540578272524522,2,2
92aacc2910ce,0.9638899553675954,0.016744113169429743,0.015799137857146848,0.003566793605828156,0,0
92aae4899047,0.875785009099934,0.04113340714163834,0.08091639040769845,0.0021651933507291507,0,1
92db40d7a773,0.5532074191213813,0.26609620497873077,0.13655069497893485,0.04414568092095309,0,2
92e2158a09b7,0.04312196981825322,0.8889326846618546,0.06202353692209527,0.005921808597796858,1,4
930457b2b7fc,0.007379544275575715,0.9518150120780862,0.03807222440363359,0.0027332192427044506,3,1
93137dfd6a8b,0.01542313491395005,0.887395202904408,0.08179147199078071,0.015390190190861372,1,4
9315df5edab8,0.08448944600452596,0.863176648221564,0.025542373970368296,0.02679153180354168,0,4
932c6343566e,0.8590560201956663,0.10227571454198402,0.032973322715613915,0.0056949425467358455,0,3
9330e8848d54,0.1878950090435603,0.5886021225991576,0.2150519647453774,0.008450903611904748,1,3
9345d903a235,0.07466596579677219,0.6486042066406355,0.19688316706913142,0.07984666049346087,1,2
9348d63bc024,0.7807385422675682,0.15479599902971264,0.05983986708007162,0.004625591622647411,0,3
936046fa7b66,0.26808421253467274,0.5869820861257086,0.10584568576063048,0.03908801557898823,0,4
936679c7b27c,0.07460419665030005,0.47883275297347977,0.37879118170267584,0.06777186867354423,2,1
936867da7b98,0.19232175777656252,0.6341404317661997,0.11718625203841873,0.05635155841881894,1,3
9376fced310c,0.8502733742172363,0.032086835758878426,0.10970815824834229,0.007931631775542985,1,3
93882c2250e5,0.16994722498735534,0.6708108573736085,0.1249760551497933,0.03426586248924303,1,4
93915d2e405c,0.05576914831651132,0.6319940600432143,0.3019494066614135,0.010287384978860727,0,0
9392e6a8e272,0.4015345048370625,0.4879367459735285,0.08507925456487607,0.025449494624532776,2,4
93b2c01193e9,0.06965646043377376,0.8861833770903209,0.03724523396670086,0.006914928509204479,0,2
93c6a74d9ef2,0.29117123127967276,0.6218041835323641,0.08195828306415887,0.005066302123804392,1,2
93c9ce299102,0.05384602835941723,0.8639559350257966,0.06079740454342675,0.021400632071359477,2,1
93e8a7d28f91,0.9292946479072965,0.025245499064003814,0.02279990004758668,0.022659952981112744,0,2
93eaff86bff6,0.9134981575245478,0.04227082773488219,0.03941111645507063,0.004819898285499613,0,2
940927eb98cc,0.28707697423369866,0.4137632358128641,0.22930481331671163,0.06985497663672556,0,1
9424c80e0448,0.597496790988338,0.2931988044434049,0.10008946823587517,0.009214936332382009,2,1
943486bb3aac,0.01626053724805566,0.8668201058923463,0.11298463955039904,0.003934717309198991,1,3
943d27c0247b,0.4160815642629858,0.3941371056233646,0.17363149424335161,0.016149835870298144,1,3
943eaf84ee7e,0.05819831518853812,0.7566969732104478,0.1239712036271831,0.061133507973831026,3,3
944341248373,0.14119538407346288,0.7498094724350572,0.10642738005715943,0.002567763434320343,1,3
945d11f79ea4,0.017066911418970106,0.9369404803859402,0.03746547650716953,0.008527131687920004,1,4
94708a574bf1,0.20370691176922415,0.4226120519401015,0.3433625629484287,0.030318473342245682,2,3
947af0140d33,0.11653719845957734,0.4102863521362687,0.43180376870995446,0.04137268069419959,1,4
947bec537575,0.013515476768153156,0.9064794045371547,0.07634280454836102,0.0036623141463310825,1,4
948a3520b1f3,0.3031829355880865,0.43389918254605025,0.25151456775988945,0.011403314105973771,0,2
948b59d6a856,0.06616489192684293,0.5914982293228677,0.3033270627976164,0.03900981595267292,1,1
948cbaad29d8,0.17137036552210225,0.4817556353289018,0.1028626384606317,0.24401136068836432,1,2
94a3a166d2e6,0.17985610414544018,0.6865777733135464,0.1273304564472524,0.006235666093761035,2,2
94a65a60dd0f,0.38656084666040674,0.44819969688683464,0.14568606540634016,0.019553391046418303,0,2
94df074651a2,0.4776156289991037,0.32064045530833324,0.143549370971206,0.05819454472135707,2,2
94e318e3c980,0.062288899312168786,0.8025743562313075,0.12754452421641732,0.007592220240106445,1,3
94eda787df5b,0.008284945832701564,0.9637935764715281,0.02421391975184915,0.0037075579439212773,1,1
9506596cb1ab,0.7242258709288332,0.11852706917664253,0.09726662056839513,0.05998043932612914,0,3
951400899440,0.19621406772591274,0.708654790292549,0.07950139709074652,0.01562974489079175,1,3
951b8755c772,0.0027754545146116668,0.9887334959854951,0.007701854743295212,0.0007891947565981794,1,4
952077ae882b,0.9503083274592993,0.017323219909489353,0.014706448908339255,0.01766200372287215,0,2
9526218fe33d,0.006813430279776781,0.8040884076237818,0.18257019491562124,0.00652796718082033,1,0
952f04d9cfcc,0.2233157255898876,0.6679320887193274,0.08582277485325474,0.02292941083753027,1,1
9533d6931fc7,0.10826187874770646,0.8091660423230083,0.07737586644264778,0.005196212486637567,1,2
953e5e477eaa,0.11929028752211926,0.6243678598377738,0.24496238035574036,0.011379472284366591,0,4
954f8acb98dd,0.8057300592990432,0.028480326839094693,0.15718416956311776,0.008605444298744375,0,1
9554527fd4a5,0.14265840168256397,0.5412664185688008,0.2967586480896034,0.01931653165903183,1,0
95566106ef97,0.24434065124291848,0.6666766725368559,0.07832621085015873,0.010656465370066898,1,4
955c9a911fd0,0.3989182410785684,0.4913394494427787,0.05996163265706495,0.04978067682158795,3,0
955e9f43b034,0.02337012847437094,0.846661448798401,0.11096683555775307,0.019001587169475025,0,0
956d5ff78f91,0.3009969793062365,0.39838593166461783,0.21993859089804912,0.08067849813109652,1,3
95728086046a,0.7064070035959571,0.12811483384734576,0.13012157431956312,0.03535658823713409,1,4
9575884bee6b,0.012369953056982304,0.8210940020974756,0.13028754882950658,0.0362484960160354,3,0
95843bf24ddf,0.39285540504827143,0.2484253436131652,0.2382169176827693,0.12050233365579396,1,1
95857167b435,0.08496086677840659,0.8307992051499572,0.07009453580638236,0.014145392265254032,1,2
95940c3f283a,0.613949808366393,0.25968073092038196,0.09572944766812345,0.030640013045101704,0,2
959d3d0d8199,0.04678573312109966,0.693641126769099,0.22770601039458888,0.03186712971521244,1,4
95ad3f9aa671,0.6268712005136561,0.1403985948167044,0.22251049527035424,0.010219709399285301,1,4
95bdaffbc7a2,0.011779885240957548,0.9510164339802123,0.029632841561148888,0.007570839217681357,2,4
95c2b109d0d4,0.14703613829063178,0.6584041797985513,0.07226085785252977,0.12229882405828714,2,3
95c3cd8b0bba,0.41497351172373464,0.4646608069342047,0.09731104042231557,0.02305464091974507,0,1
95da43e095d3,0.6245069026520722,0.20195369317831738,0.16824851312183314,0.005290891047777167,1,1
95dba116ccd2,0.25106266974332464,0.610065216761373,0.12072118308759551,0.018150930407706767,2,3
95eb56f807cf,0.3949450628718504,0.34714316136995754,0.16504923622809722,0.09286253953009481,0,3
95fcf5433b40,0.24054142201764472,0.5169822867500768,0.23803177907043455,0.004444512161843878,1,0
95fd7cfafd10,0.11419560683099717,0.766701974334852,0.10790215444099382,0.011200264393157086,2,0
96067887a106,0.893653654712017,0.03152776493747238,0.07068199007029691,0.004136590280213798,0,3
960d37415757,0.09985713148423338,0.4871832075887604,0.37533567749848046,0.03762398342852573,1,3
961761c43308,0.03243732605708809,0.43811090307162887,0.42168696060756,0.10776481026372299,1,3
9618c3ca410e,0.08398250941053383,0.6800147521328521,0.21640494374363395,0.019597794712980104,1,0
9624ffcd114a,0.11184869067647905,0.4611708397101254,0.13534195183375047,0.2916385177796451,1,1
962b514336b7,0.0450189694765427,0.9043898900845387,0.044857792832869135,0.005733347606049601,1,3
9639e228b628,0.12320545157068963,0.18181888908632857,0.6800241856844618,0.014951473658519909,1,2
96427109f6d1,0.16674863545749938,0.5621145812633073,0.2009923260743446,0.07014445720484881,2,2
96448f229e67,0.14997276096395684,0.46099065507531267,0.3611733544939994,0.027863229466731004,2,1
96533d9801a9,0.2631803090099035,0.49799466394517056,0.1389572379000724,0.09986778914485343,0,3
965aa8281388,0.07160640413766295,0.901885654405996,0.02319644604162653,0.003311495414714566,1,2
966247fbd8dc,0.24069341231844557,0.5300773366162258,0.19834128103887652,0.030887970026452178,0,0
966b3f33b181,0.003207762705976437,0.9802919617819819,0.015290435916653798,0.00120983959538793,1,1
966cf034dd4c,0.032085191218255586,0.9085495499265335,0.052757258037282616,0.006608000817928225,1,0
9672beea2200,0.34911689611665436,0.4755506912484059,0.1608876228300797,0.01444478980486003,1,2
9680b6bc8e55,0.12312778346611992,0.46543336749318753,0.3254382449744411,0.08600060406625139,2,4
96847884be69,0.012382699136056009,0.7943626203366249,0.17680576029248354,0.016448920234835542,2,2
96991f19b1f9,0.8835827172040769,0.012807669775579199,0.10278636904298614,0.0008232439773578687,0,2
96b52adeeca5,0.0175470387173857,0.8859440816274204,0.06808825683033243,0.02842062282486143,3,0
96d1f9ad6e80,0.013351260679607553,0.9178296949712175,0.05343171946517662,0.015387324883998368,1,1
96d6988dafa4,0.8445490017599376,0.05298855882320971,0.06229877065611073,0.04016366876074196,1,2
96d9d0f47cbd,0.527344814490416,0.2771060634060529,0.1682498817383434,0.027299240365187567,0,0
96dfa1261098,0.9164913577820509,0.027619852725246263,0.030085464644865372,0.025803324847837573,0,4
96e0daba7ca8,0.04773387115193049,0.701906458541292,0.18396436080463893,0.06639530950213866,1,2
96fa47f2b83f,0.7813365133832157,0.0805030052821453,0.10690541556802886,0.03125506576661002,0,1
97020cda085f,0.15566667868720674,0.7246286776839691,0.09404693882361918,0.02565770480520516,0,3
9704fd5364eb,0.7826260610508066,0.08165832739829013,0.1262256754954067,0.009489936055496662,0,4
970c96c9fa5d,0.027594511256205597,0.8833164649431792,0.06769083914277339,0.021398184657841924,1,1
970e477a229f,0.9675433401468368,0.003785341020033544,0.019972147921375975,0.008699170911753512,0,3
973c7216c8d4,0.9105330668394128,0.04765983105074884,0.03571945302650186,0.006087649083336447,0,3
97674ac9caab,0.011200877325579834,0.8677715205241034,0.09545969791846494,0.02556790423185168,1,4
97692c000b63,0.012480480704419933,0.9504820981172504,0.03414835147626706,0.0028890697020626794,1,4
9776469ed2a5,0.9703447031646384,0.01838510023981236,0.0062907719091561684,0.004979424686393115,0,4
977af8f945cf,0.5596967543050448,0.2853741546875774,0.1396576447368143,0.015271446270563467,0,3
9785b5d2ce37,0.5983714594827213,0.3196923529639649,0.06569369626751217,0.016242491285801595,1,3
9788d6db5ccf,0.6403889921651867,0.11861290571954095,0.232770711839303,0.00822739027596923,0,0
9793d59830f1,0.8631560904628444,0.0586553190476715,0.06525603793832137,0.012932552551162673,2,1
979f302a2fef,0.2132554810981148,0.7085049441321858,0.06730890384268935,0.010930670927010038,1,4
97a4dc6f1f5f,0.030476630474940623,0.8310090751885278,0.1295738786809895,0.008940415655541989,2,4
97ef8dddd102,0.03263051169736751,0.31765229717906507,0.4949933702059914,0.1547238209175761,2,2
98023f79d14d,0.011076714436896623,0.8467765850944243,0.13751941423493558,0.004627286233743461,1,1
980351f05de0,0.7877836155592992,0.12342285691654543,0.0813574513469102,0.007436076177245092,1,1
980a690320eb,0.05307570247047018,0.8628713627155811,0.07842727376767837,0.005625661046270265,1,1
98177d6d0db0,0.028896936549066464,0.8878952699526675,0.04120737575584117,0.042000417742424745,1,1
9817859ffa87,0.09912824595299746,0.7950749337467623,0.09587954385947484,0.009917276440765586,3,2
982b445c0d1b,0.023413905939831982,0.9457871156291873,0.02176175703678976,0.009037221394191042,1,0
983579cf7e1a,0.13685415023353145,0.771426162911411,0.07835640550644705,0.013363281348610605,1,4
983673fbc3e3,0.04042936919136871,0.916416548592473,0.03945745812811853,0.0036966240880399077,1,1
9842ee31aee8,0.015940439445981225,0.8883772416532183,0.09148595151968941,0.0041963673811110545,1,0
9847df53f2f7,0.8520106828639181,0.06432886437558731,0.08167143765721405,0.001989015103280434,0,4
984ce6dfbc51,0.06104383253274483,0.6745276596681956,0.22757131132803285,0.0368571964710266,3,1
9855cbfdcb71,0.17136289834258103,0.5388989535301243,0.26995511454614946,0.019783033581145328,0,2
985b26811cf7,0.06488825020560499,0.7539880813326216,0.09045115793024568,0.09067251053152758,1,0
9862e4094231,0.055689418282164505,0.3083293710421488,0.5331875721698982,0.10279363850578854,0,4
98696039f5a0,0.15229033569696362,0.12893334811321658,0.6683884804339452,0.05038783575587466,2,1
9872417abeed,0.7901807075966132,0.15680105905578545,0.030584059060338575,0.0224341742872628,2,4
9878f8b090bd,0.43041167602845654,0.2570556372738456,0.2732685442929562,0.039264142404741534,0,2
98868469e23c,0.23604448716401194,0.6216129562830729,0.12063132586496195,0.021711230687953238,1,1
98a3f60e39a1,0.6915734815889597,0.18194343079094386,0.07355421664161285,0.05292887097848365,0,4
98bbbab1a415,0.1678081911488365,0.7207381759802215,0.09441518116533539,0.01703845170560663,1,3
98c6965e9185,0.17397023948685506,0.5565885486251645,0.13599844564102698,0.13344276624695334,1,2
98ca208a6e43,0.04266826123859654,0.5113184518647499,0.3233594630715635,0.12265382382509013,2,2
98cd48a41756,0.1301694858978139,0.6781044420286289,0.1613269134612882,0.030399158612269057,2,1
98cd793644aa,0.39703134831148973,0.41565698694220243,0.1828335343833544,0.00447813036295353,1,0
98d13a3c4060,0.5051559501977513,0.2600471921025606,0.22666402742158706,0.008132830278101012,1,1
98d246dec8db,0.9211719020017136,0.01469927904375269,0.044088333275670494,0.020040485678863088,2,3
98e5ea7a176d,0.16275225844143945,0.18746018721671717,0.5857565581410139,0.0640309962008294,2,0
98e86888141f,0.06714795808603839,0.7493828470728165,0.1318831108195967,0.051586084021548344,1,3
98f14a54fa31,0.028149113513298508,0.7929223326921551,0.08688256466851718,0.09204598912602922,1,1
98f702bb9649,0.1024893771234487,0.531490438867965,0.35521699865458123,0.010803185354005092,1,3
990642807f68,0.7179362123856885,0.1692509716404749,0.10994121212963603,0.0028716038442005197,0,1
990da56b9183,0.2932892487806682,0.40711779681613125,0.28278023796565155,0.016812716437549096,1,2
990fc38a16ae,0.03951504586296906,0.6412452761508822,0.26689400863850427,0.05234566934764458,1,4
9911a3ab56c2,0.4437286366436181,0.1058985143106444,0.41312165092368375,0.037251198122053714,0,3
9915d9038245,0.14853572094143574,0.8018140208976469,0.027056494743302233,0.022593763417615115,1,1
991c7282e91c,0.7625259631203581,0.15638536119951155,0.027063944537976496,0.05402473114215393,1,2
991e39f747a1,0.982135842850608,0.00460523506643153,0.012065585952720802,0.0011933361302396094,0,1
9927fbe86982,0.17648085236273683,0.660815705279846,0.1385475813991054,0.024155860958311834,0,4
9945a45c802e,0.09133684815111377,0.711424364478475,0.06849315385928782,0.12874563351112345,3,0
994885f06db4,0.09426058602582353,0.7998894860738605,0.08938345864647437,0.01646646925384151,1,1
99499db74741,0.05839934061553175,0.38348020388522697,0.5403365387669813,0.017783916732259944,1,0
995b90d044b3,0.009703012747182055,0.9500300851038231,0.03392922111766434,0.006337681031330352,1,3
99606cd849bc,0.8506774159767405,0.07470119488890495,0.07038337447701752,0.004238014657337078,2,1
996e865f85d2,0.03263094467896324,0.9127968952863909,0.04443968436165355,0.010132475672992353,1,0
997985cf7142,0.8275602156823011,0.07850295218511891,0.06852450023575743,0.025412331896822488,1,2
997b769bd2bd,0.16910984864249243,0.5410457884631538,0.21448025906682266,0.07536410382753109,0,2
99a33da42b9f,0.14430263783537753,0.27145377548573146,0.5452736739115179,0.03896991276737302,1,3
99aa2bb52d7e,0.5414106301378449,0.15336039214307207,0.29876682917659436,0.006462148542488735,0,0
99ba95380399,0.8705345676108667,0.06472734806907919,0.05843369572555226,0.006304388594502057,0,1
99c1585d12cb,0.01774026779331132,0.9316028092688315,0.04423571335136311,0.006421209586494065,1,2
99c38d2b32b3,0.10044655157988089,0.7108083515858353,0.1788493441731244,0.009895752661159328,1,4
99cb5766690f,0.23425295790763262,0.65788780576759,0.08207350317594413,0.0257857331488332,1,2
9a0b8204400b,0.05541021200621529,0.3203225265973352,0.6047764562863311,0.019490805110118394,3,4
9a19d3c19232,0.24808907435377536,0.4332842436423377,0.31421493915251825,0.004411742851368772,0,4
9a2ad069cce4,0.03318170853603135,0.9367963819454831,0.02402555320325633,0.00599635631522918,1,3
9a493656953a,0.37772056874130855,0.422281576024677,0.18926637219255343,0.010731483041460927,1,3
9a4a6abdf776,0.4114873326240689,0.3722607013251905,0.20649874737133297,0.009753218679407491,2,1
9a769075f534,0.9514924812976385,0.021270395682418532,0.023392717572474898,0.003844405447468045,0,2
9a7b51f98ab5,0.2978009888649498,0.12136396833651063,0.5177158207865175,0.06311922201202211,2,2
9a9306122b73,0.49680580965809407,0.08891952626652329,0.39244508586782784,0.021829578207554736,1,1
9aa19b9ab337,0.011192331602668394,0.9071608191936446,0.06444320406552352,0.017203645138163564,1,3
9ab36af82642,0.11807083347402332,0.4821551424452026,0.29022898029289046,0.10954504378788368,0,4
9ac50f02c18c,0.8655320030840512,0.036520233524766146,0.08685826942557755,0.011089493965605046,0,0
9acd72663429,0.010620264304816307,0.9230300495390441,0.05556840077985106,0.010781285376288495,1,1
9ad7aec257e6,0.008221490365786496,0.9542189103427743,0.031742814465234775,0.005816784826204507,1,1
9b1d142bd9a9,0.02004259728346189,0.9037323974807341,0.07215115816252564,0.00407384707327822,1,2
9b1e813ea349,0.2555320516739847,0.6711661547492335,0.0623094378563337,0.010992355720448169,2,4
9b350fdf9d64,0.8144110937440371,0.11638548130800841,0.060284534602800165,0.008918890345154303,0,4
9b3748a1c634,0.6943981852531403,0.13658014478442915,0.13629559416131526,0.032726075801115265,0,4
9b4bd818dd00,0.032416225510345495,0.39464708400800097,0.38015768535310085,0.19277900512855267,1,3
9b5b8816a625,0.044879647205172776,0.6694208094874478,0.21663564174372646,0.06906390156365301,2,3
9b645ac3442b,0.1767880547988168,0.7732459890477179,0.028136105122860883,0.021829851030604426,1,4
9b6ddea1d71e,0.09917889545623464,0.35060210898737776,0.4381692203067331,0.11204977524965441,1,4
9b7abbb52fe9,0.029766081447764516,0.8982390919371309,0.06841907030674045,0.0035757563083641964,1,2
9b978a92670c,0.6934955324387743,0.2639440241469985,0.040243242464662814,0.002317200949564283,0,4
9ba12eba8ede,0.22285801647335457,0.642493164550373,0.11453726100762113,0.02011155796865135,1,0
9bc0baeae132,0.7986505899431812,0.07811654653205945,0.0990410253639392,0.024191838160820014,3,0
9bc1a2bcd4b7,0.025353639587003002,0.8451721555213919,0.1210982571112364,0.008375947780368653,1,0
9bee391e272c,0.050070686111310776,0.6389607513861546,0.2762475384568339,0.034721024045700655,1,4
9bfc747353b9,0.017007706251399836,0.8899166282947025,0.08240171657863957,0.010673948875258254,1,1
9c03092ea533,0.0293079905243059,0.8805086366739172,0.08888534120395594,0.0012980315978207936,2,3
9c1f5a410926,0.10676042515945076,0.7430647323626841,0.06998995251691992,0.08018488996094511,2,0
9c7647d1c27a,0.6479899439122747,0.24505938677200012,0.07881646088529819,0.028134208430427018,0,3
9c9195463881,0.5975513012850895,0.20168218916730593,0.10700045608367954,0.09376605346392507,1,2
9c95946da400,0.11686338429358496,0.6525419512886748,0.21142267546801263,0.019171988949727634,2,3
9cb94320645e,0.4033935442811552,0.48036628528326464,0.11379114180784959,0.0024490286277306294,1,3
9cceed954b94,0.1751925932856359,0.5960743930267646,0.22193424076792004,0.006798772919679333,1,4
9cdcb56eaaae,0.6252086544379314,0.23698325169315188,0.12335103002063162,0.014457063848285202,2,2
9cdd781b61ab,0.30357119043928243,0.3713666201842914,0.15566492377823563,0.16939726559819057,3,4
9cdeca924178,0.9695274185193212,0.019783776817552005,0.00883120089758647,0.0018576037655403696,0,1
9cece086de6f,0.8625266634661504,0.05962547559395066,0.05743859762716152,0.020409263312737402,0,0
9cef4ea2d3e6,0.8175610180812782,0.08027765121618329,0.09079506365202042,0.01136626705051804,0,2
9cf41cd052f7,0.19029432160942764,0.6937456346437338,0.09417515071284467,0.021784893033993846,0,0
9d0157caf088,0.778577113473997,0.10617241740249192,0.10918794394341172,0.006062525180099269,2,3
9d07514a1023,0.8154785601566801,0.09098671130879239,0.04239504314428179,0.05113968539024565,1,1
9d17eb56c1ab,0.15863535899033795,0.788696087058256,0.01664918894603904,0.036019365005366906,1,2
9d1c6d0be5b2,0.6184909751468521,0.18242489125260722,0.1845338783219456,0.014550255278595235,2,3
9d2251392b2d,0.2685405855982245,0.33072117717691735,0.3929902241023342,0.007748013122523977,1,3
9d2c1cb6203f,0.009274865890759711,0.8043923821753077,0.18063173690727022,0.005701015026662385,1,0
9d41436ab64b,0.8853633134292352,0.055975984259901114,0.027772071734641492,0.030888630576222192,2,4
9d46d14396b9,0.0746241292808238,0.29763996386641833,0.5509104216419337,0.07682548521082411,2,4
9d514ce429a7,0.021125176649676614,0.9265413694967537,0.047202427345370467,0.005131026508199263,1,0
9d553ab91801,0.9410703087927845,0.013458783534580064,0.03817922843116752,0.007291679241467976,0,1
9d55b43150e5,0.6543588698868867,0.2783565138119712,0.021270526425094468,0.04601408987604764,2,1
9d5a724952f4,0.25679672582645746,0.1326580142172727,0.5796462876599708,0.030898972296299145,0,0
9d5fb048b2e3,0.9022404165302537,0.05228902305812062,0.03354821039005457,0.011922350021571182,1,0
9d6647847383,0.16515927645912032,0.7768879333186476,0.05169183260797839,0.0062609576142538025,1,1
9d66cc2c906f,0.6210443303441495,0.17540454636735772,0.1725800892882605,0.030971034000232194,0,2
9d85cfba99ae,0.004277490816536611,0.9729083587963956,0.018901171467731258,0.003912978919336671,1,4
9d8fb5abccc3,0.005979667269414021,0.9628427835036917,0.02758487895128659,0.00359267027560771,1,0
9da3efcced2e,0.0062151064100056655,0.9534721234788319,0.029645519785780696,0.010667250325381702,1,0
9dc2ebecf986,0.2411920313814336,0.3817848422177479,0.3466236140176295,0.030399512383188942,2,4
9ddd0027433b,0.023890453928465196,0.8796246927217697,0.08503786219041697,0.011446991159348162,2,2
9deb368bf67e,0.7590055036279044,0.10951356062861611,0.06942280807910542,0.06205812766437405,0,3
9e1b05a7acb8,0.6751085424719128,0.07831508522834693,0.2340630122821303,0.012513360017609783,1,0
9e203aeed99f,0.10643306929341328,0.4133363981911619,0.3970222746889146,0.08320825782651022,1,4
9e2ce8e735ab,0.19283474075657905,0.41120256738251965,0.39020681917322153,0.0057558726876797495,0,3
9e344b8a4fdf,0.026470834909758108,0.7520568829705252,0.2022058437862095,0.019266438333507118,3,2
9e3727c8eb64,0.05909940120322018,0.8076890444302999,0.07516513196958918,0.05804642239689077,1,1
9e49c8e24623,0.3145167060589535,0.38433675589560373,0.2632538589777129,0.037892679067729806,0,3
9e4d14c0491a,0.4276930621149082,0.28095113015693857,0.2854081640760095,0.005947643652143717,1,1
9e54c4048c29,0.703041453717906,0.06510517263055275,0.12753763715747649,0.10431573649406475,0,3
9e5cb858ff8a,0.3399531167239601,0.4224889030147135,0.03934964386250893,0.19820833639881733,0,2
9e5cdeb53c06,0.9299684394526911,0.015984373017513546,0.012777336096811155,0.04126985143298385,0,0
9e61d18ded2f,0.03002896192574824,0.8718635165212434,0.07005046478748965,0.028057056765518736,1,1
9e649215f5a8,0.8751022626130343,0.08544344692188283,0.0363078750330708,0.003146415432012015,0,0
9e6e8142ca4f,0.12202873993902844,0.5611455891741524,0.30616716786645565,0.010658503020363499,2,1
9e70afac2591,0.7058184042774157,0.2604492174540543,0.030841839788550807,0.002890538479979261,2,4
9e99231860d5,0.029748339943185508,0.8996580333584331,0.06591829948664948,0.004675327211732044,1,4
9eabf871003c,0.017650224995442436,0.8199364168777121,0.1413653850553419,0.021047973071503568,2,1
9ef4fd7b2557,0.01996735764079079,0.8418443905873423,0.1323672327752092,0.005821018996657679,1,3
9f0ec4c9eba3,0.0996750696563369,0.7666542330390569,0.12685372466398237,0.006816972640623821,2,1
9f18402a0625,0.005411670435365591,0.9604976354396814,0.03181604873779454,0.00227464538715846,2,1
9f2c8b935d12,0.45018021729990076,0.31102006826127687,0.21468062271683128,0.024119091721991143,1,3
9f46e9ceed53,0.705731893092419,0.12413163181445452,0.16826418037548424,0.001872294717642174,0,3
9f61fffd8a09,0.28563349395143545,0.5781674261103136,0.12055049662984764,0.015648583308403435,0,4
9f95066c5136,0.17196911180719232,0.6997951799284194,0.12087377727998819,0.007361930984399945,1,0
9f980fd8cfa2,0.0435647296656304,0.7737693103186132,0.17827439643026402,0.004391563585492371,1,1
9fa2ca50548e,0.14210551107484612,0.1853194760474567,0.647327966441478,0.02524704643621913,1,3
9faedba4b8f9,0.19607181247592786,0.725351454036765,0.06046428048907405,0.01811245299823312,1,2
9fd6d2ef1078,0.08851236195719184,0.8116900312306239,0.09643275497079769,0.0033648518413864795,1,2
9fdc942fef5a,0.1730486042662018,0.4399180537572944,0.15697115198238704,0.2300621899941167,0,3
9fe9b5770dcb,0.8970399448396624,0.057652283181119306,0.03341721433985133,0.011890557639366816,2,2
9ff049a6b395,0.6304130601199013,0.24742526891419306,0.101988617132538,0.0201730538333677,1,2
9ffca298e56d,0.1280639602245455,0.4511748695292666,0.10661154817010197,0.31414962207608577,2,2
a00e889aef1b,0.3588117225522128,0.42160387023204327,0.20201487359436926,0.017569533621374665,0,3
a00ea9526864,0.07069782395086772,0.7845432057686655,0.13629281510947688,0.008466155170989843,1,4
a010493089f1,0.09478784762366949,0.8178095123614307,0.05490340499395214,0.03249923502094762,3,3
a01635a34416,0.19284171092390728,0.5917158069288793,0.14753157776447723,0.06791090438273621,2,2
a0254bf8a96e,0.658929893156831,0.14663928963663314,0.17687690758525162,0.017553909621284274,0,2
a03475617868,0.03810212867903051,0.8475082782569643,0.09231952635577009,0.022070066708234987,1,1
a039c3e66fe8,0.16971734480845876,0.7312103182248831,0.07525976189628193,0.02381257507037618,1,0
a03daefd7f50,0.02636636929884877,0.9022743152511119,0.06702545232044047,0.004333863129598953,1,0
a049406d1973,0.22291490658860388,0.4302013550669836,0.3241071265296071,0.022776611814805458,2,3
a059024800d5,0.7589167297486529,0.1347588017748043,0.08630269699389456,0.02002177148264838,0,2
a05e3567f7f8,0.35906960817636563,0.4098346731854344,0.10998046060650281,0.12111525803169723,1,3
a0627abab45a,0.00492449380527477,0.957201838907212,0.03412748559720184,0.0037461816903114134,1,0
a072ab44ba69,0.3880441082251998,0.41594951177178996,0.15362405451754085,0.04238232548546948,1,0
a0927e51897c,0.16596487697648923,0.681519291131205,0.12426392158611776,0.02825191030618802,1,3
a0aeed6297e4,0.6392297787446235,0.12340365601518502,0.20449412035025075,0.03287244488994076,2,2
a0cb0b96fb3d,0.27249065395088995,0.6716215216969025,0.03927459633970936,0.01661322801249829,1,4
a0ee0882a1af,0.8300479920011762,0.09976871112472559,0.06851253942142844,0.0016707574526699481,2,0
a0f781c851b5,0.08337182404008915,0.6328507970629536,0.21829405193431303,0.06548332696264424,0,1
a0fa0c688236,0.03872922106557238,0.9107218056895204,0.04498403728156776,0.005564935963339388,2,4
a0fa7251455a,0.4729878440006777,0.2917968961943779,0.21820392589497145,0.017011333909973003,1,0
a1052bbfc9b1,0.22011420145582467,0.6740454418533927,0.0838432699016746,0.02199708678910803,2,3
a12376c1eb75,0.10378455995376812,0.1915223615769968,0.6817286398019579,0.022964438667277202,2,2
a12656e39aaa,0.03126831309799808,0.9398110236664182,0.024366377528382693,0.004554285707201048,1,3
a129df480e7f,0.0710305469433399,0.36797825919567045,0.4943585469308941,0.06663264693009548,0,2
a12f0ab3d7ed,0.17016249943943296,0.5961299397211351,0.21775874915999982,0.015948811679432028,1,0
a15ae5112312,0.558739686584294,0.1848958781478718,0.24048020768752393,0.01588422758031024,2,1
a170d9c2a410,0.037336842359678324,0.71614994139429,0.22882928264855507,0.017683933597476758,1,3
a173eb366e83,0.023519222685089863,0.8982675501129318,0.07490276085616235,0.0033104663458160197,1,4
a17c8a3c6416,0.09871231790571183,0.5090134489938047,0.2874358654826521,0.10483836761783125,2,2
a17dffb1dcf9,0.23035873640429705,0.6219292105426828,0.10696928402309726,0.04074276902992287,3,0
a180e392df12,0.6098329950764853,0.20222228146140064,0.18116930139140355,0.006775422070710601,0,4
a1844a4ba6f2,0.19623553613700478,0.6614078523705473,0.12424391072896863,0.018112700763479234,1,1
a1864aaf556e,0.02683388950657083,0.9144804411590989,0.057061665593069445,0.0016240037412607812,1,0
a19382e3cce5,0.08478127743862887,0.7820904700773577,0.103914323500968,0.029213928983045492,1,0
a1a0ff86b50f,0.005911423012261706,0.9571892108234077,0.01907323797700957,0.017826128187320964,1,1
a1adb406b342,0.06449610716841096,0.7590146573350255,0.13928711926858608,0.03720211622797731,1,2
a1ae5f6f0d47,0.06540379033494403,0.7633564550909677,0.1269425715081402,0.04429718306594808,1,4
a1cc057809db,0.4367356427455075,0.11577617163307134,0.4107422303168748,0.03674595530454624,1,2
a1d3defcc10e,0.33966385557785395,0.33803607586015794,0.2986863745687797,0.02361369399320847,3,2
a1d3ecf7c3d7,0.2558119295289991,0.24588296893925196,0.48041101026897465,0.01789409126277423,0,4
a1df5617626b,0.2857268197459833,0.5955162036009735,0.05421961691558787,0.06453735973745536,1,3
a1f9e53e9270,0.7508130061795103,0.20413533160174857,0.03851136088845104,0.006540301330290076,2,4
a1fca1702255,0.6661895690757071,0.1585239581629178,0.15819698638293175,0.01708948637844326,0,4
a2040274d57b,0.07030032733214191,0.6019969670131569,0.28024907175975655,0.04745363389494459,1,3
a20916a9f4fe,0.2290159064462636,0.5568345898560381,0.2105124465134492,0.0036370571842489754,2,2
a20c8c388d36,0.01927880211465098,0.8207712472473563,0.13790527041573275,0.02204468022225993,1,3
a20f42a2f5b0,0.03829471355797694,0.8927086353694653,0.0668908589359464,0.002105792136611301,1,2
a21b244030e1,0.8064267731621448,0.05487797693452132,0.08731212014291617,0.051383129760417735,0,3
a21d04e8fbe1,0.0321825047134389,0.8245565835345889,0.13849778217230205,0.004763129579670217,0,0
a241b8b55623,0.1596433766275669,0.4934411091244565,0.3266914494913341,0.020224064756642606,1,0
a25113d5cb14,0.7882080227268388,0.17079358369660258,0.0395770540753637,0.0014213395011950327,0,3
a26315a4a01f,0.04216814328023627,0.8072078682065127,0.13985908649954515,0.01076490201370608,2,4
a26c23e61853,0.09163618895586702,0.5427189027772419,0.3477640496269127,0.01788085863997845,2,1
a27ab5ca843e,0.4908616669803637,0.2883130157493232,0.19738395507726483,0.02344136219304828,3,3
a286861ce88f,0.769978307174969,0.13112348288969725,0.05002837132708216,0.04886983860825162,0,1
a286afd80fbe,0.7289342855580382,0.14584948028749464,0.06762449518309001,0.05759173897137727,0,2
a292b1d0cce3,0.050630435161610574,0.7360676336707224,0.20679786303237152,0.006504068135295436,1,2
a29b6e721a2d,0.4420496797690778,0.32669973906554983,0.22457803762552253,0.006672543539849935,0,2
a29dd9b40ef0,0.27738043636480575,0.5617302405890772,0.14610952266557536,0.014779800380541693,1,0
a2b155b28828,0.30404585893559416,0.4897118469172645,0.1949101575668723,0.011332136580269155,1,0
a2c18811ac63,0.9587185529575111,0.02077918630566789,0.015999561166663876,0.004502699570157243,0,4
a2c441a9a2fa,0.47466920028800513,0.4269873103202399,0.07592409478534323,0.022419394606411805,0,1
a2ca59370337,0.19645371407772907,0.7230318947190303,0.041600487488801685,0.03891390371443883,2,4
a2dab8d548ca,0.015684697489922666,0.7774698720177666,0.10492127501958813,0.10192415547272249,3,0
a2e68abf134c,0.006469754325251334,0.9774024741788664,0.01453836785810138,0.0015894036377808905,1,2
a2ea009b52fd,0.00729374153979827,0.8728137277739111,0.09637749384480272,0.0235150368414879,1,2
a2f3fa59d0cf,0.0892747541387096,0.8484002554499652,0.04758200819368609,0.014742982217639256,0,2
a2fd15d23a65,0.17310156861326875,0.55228733067222,0.26620610716606125,0.00840499354844995,0,1
a2fd48c105c1,0.018379224593389497,0.9668888046357129,0.006315929693823725,0.008416041077073898,2,3
a30df02de39d,0.8803768695743767,0.031774514733104366,0.08040174951153929,0.007446866180979844,0,2
a312d66f0f1c,0.04959978862230392,0.7306566953053959,0.1420326456275262,0.07771087044477398,1,2
a3262ea06be3,0.06632440917410466,0.707118358358572,0.20475057650342202,0.02180665596390136,1,3
a335674d8416,0.6588609654060363,0.22314497365866987,0.10184067548953361,0.016153385445760244,0,1
a33697e797cc,0.3674893739748554,0.3753498199060824,0.17820528051847515,0.07895552560058702,2,2
a336bfc009da,0.5845080069970192,0.19808760347481774,0.1477190413610937,0.06968534816706945,2,4
a3385095361e,0.0052527674402784216,0.865687966735157,0.06986363678778545,0.05919562903677919,1,1
a33d67387cbb,0.24751193580189393,0.28589739531592173,0.452048964011484,0.01454170487070042,0,3
a34bfa3e0298,0.062463634223140295,0.7578303894973429,0.12582766890008576,0.0538783073794311,1,4
a34fefe62a8c,0.5931225874892879,0.12829357824243726,0.26395454620838343,0.014629288059891443,1,4
a375e7272183,0.017667563925973982,0.8829951702755787,0.0844057059488283,0.01493155984961901,1,2
a3816b3911d8,0.9442464175699073,0.019252771113664833,0.028998728537546998,0.007502082778880939,0,2
a39c8877e5f3,0.27559675474743184,0.36113645349925455,0.33884675267162667,0.024420039081686974,3,0
a3a97e9826f2,0.0742440740962618,0.4513509507813744,0.37714071095509316,0.09726426416727059,1,0
a3b3e87e80c5,0.01305883730164833,0.8434968821334413,0.12284892839540125,0.020595352169509144,3,0
a3ca77fe7d3e,0.06559673683002976,0.13588689113287394,0.7118974795088675,0.08661889252822873,0,0
a3e0a4f98acf,0.025972129018008574,0.8891893012037498,0.08108815822409382,0.0037504115541476543,1,0
a3f6bc388702,0.973323160616959,0.015427802293320853,0.007460859406908689,0.0037881776828114725,0,0
a3f959cfb652,0.1129531957310064,0.5057016715255588,0.35425387415261256,0.02709125859082239,0,3
a40024c82acc,0.05334395418638591,0.8166262333045975,0.11613857957004944,0.01389123293896716,0,4
a40158c68404,0.6068439846116513,0.2266018725192749,0.15094350132383552,0.0156106415452382,3,0
a417b008dd8c,0.0552935036016811,0.7078710476249886,0.20684349649111253,0.0299919522822176,1,0
a41ae95d5d0f,0.05604905567739685,0.8148176332207037,0.05260336472969278,0.0765299463722068,1,2
a421f856fe02,0.020947336199967543,0.6311408088109006,0.346865578079432,0.0010462769096997158,1,3
a42ae62f7181,0.13339072739765667,0.574930288338406,0.23277596011549653,0.05890302414844077,1,4
a435175b518a,0.09497029967072013,0.7541265696695421,0.1348653691993793,0.016037761460358436,1,2
a4429932fae7,0.9367047322276654,0.01985395648924114,0.028528183519302065,0.014913127763791457,0,3
a44afa4fa73d,0.8607649254411274,0.10563405043927036,0.030207654380230185,0.003393369739372016,0,0
a45728df9fa0,0.13024805612972545,0.8525135356806531,0.012688116416658098,0.004550291772963471,1,1
a45b8266678e,0.01508466466389223,0.5423468324326397,0.3850843482693318,0.05748415463413623,2,2
a45fbd22e4b2,0.44768171715789395,0.18854857014183835,0.32046752541708123,0.04330218728318649,2,1
a47390d298a2,0.006284754681797995,0.9595998262000759,0.0225165057285547,0.011598913389571483,2,1
a47b48392e9d,0.17578867590067745,0.6770871990412738,0.1418624269538053,0.00526169810424335,1,0
a4856003f5c1,0.005885341280472049,0.983240623318184,0.006037072529553308,0.004836962871790683,1,3
a4a423ac8d91,0.11422721975338909,0.8042931253667207,0.06948035794458526,0.011999296935304975,3,2
a4a51116a876,0.4882220320101766,0.32145862271044534,0.12467612710583034,0.06564321817354772,0,4
a4b311d1dc4b,0.9868996545212432,0.008932697219310599,0.0039808478744376525,0.00018680038500850336,0,4
a4b902e30c61,0.32370008831077024,0.4974882290158951,0.1529968873156511,0.02581479535768353,0,4
a4bf95ce9c17,0.030959091303413615,0.8478750773585076,0.11374463424132362,0.007421197096755059,1,4
a4c2231544cb,0.3887971532275611,0.4174328264935576,0.17316531058200432,0.02060470969687689,1,3
a4c81006c600,0.08097809701616314,0.16124171340563548,0.7185994667362746,0.03918072284192676,2,4
a4cb6223131e,0.3651721074893441,0.5286088736398139,0.09831555510060272,0.007903463770239327,2,0
a4cc472d2a30,0.10846232655388124,0.6903436993451313,0.1551804425712773,0.046013531529710126,0,1
a4db0d4869c5,0.5211458292819535,0.3159431141827759,0.056656087163949286,0.10625496937132127,1,1
a4e94133d95a,0.008726076499828159,0.7891239752024702,0.04705936910029667,0.15509057919740482,1,0
a4fa1a3f4931,0.2121571176348352,0.2724066942075867,0.38580911816883534,0.1296270699887428,0,3
a50b43f24453,0.001105811128263682,0.9791520472430836,0.017728799145910412,0.0020133424827421583,1,2
a516d0dd7c9e,0.301448216829377,0.5084041652572442,0.07755951104496328,0.1125881068684155,1,3
a5203b903444,0.15798921403490587,0.32960633716007187,0.466932705405585,0.045471743399437235,3,2
a52265dec2ad,0.34195527591244484,0.47163303139027674,0.1337704176941844,0.052641275003093985,0,4
a52862899ae4,0.844641407848135,0.01915252731340088,0.13400071154501267,0.002205353293451389,0,1
a5303f2a4c73,0.2739807553718677,0.5699312987715809,0.09822882651268443,0.05785911934386715,1,1
a5305e516c54,0.048816147746210535,0.8549965078879846,0.08793109279514638,0.008256251570658346,3,3
a5400b659f7f,0.030492170369964273,0.868884581402564,0.08402948870460747,0.0165937595228641,1,1
a541ccade574,0.38227096282125456,0.4728839891722858,0.13856440059596345,0.006280647410496181,2,3
a54e0662895a,0.9900494927923182,0.00391687233501741,0.005083161013530197,0.0009504738591341468,0,0
a5591a2fd5d8,0.3191079154237725,0.2836183060559151,0.3504027916674839,0.046870986852828526,1,1
a562e6aaeed3,0.12477508666005892,0.8440422762778282,0.028988726898976,0.00219391016313659,1,4
a5656b78cc0e,0.031398502435201044,0.891934480585536,0.05663605431926786,0.02003096265999509,1,0
a56a373f11f7,0.8884755919298856,0.053437030258170905,0.03755978490710332,0.02052759290484018,0,0
a57441f93f98,0.006775546678557084,0.945501928663331,0.0308853546238749,0.016837170034236938,2,3
a5810f9d2099,0.8858095162435234,0.0479283109028392,0.05643271684048352,0.009829456013153746,0,3
a588a2d63baa,0.040620814473283876,0.7028905063106249,0.20674614245044975,0.04974253676564141,1,4
a5958238aa4f,0.6947768279493414,0.18453076693512913,0.09394052857437707,0.026751876541152415,0,2
a5af28176585,0.09115304403091,0.8667071901037535,0.039572343448442494,0.002567422416894079,1,0
a5b9482cfa77,0.029809015122954533,0.9413314297683497,0.025078274158536206,0.003781280950159474,1,4
a5c349de688d,0.2179879772538848,0.5292696515138953,0.20075037133542414,0.051991999896795725,1,1
a5cbe7d78172,0.12282136823382048,0.7198634221972516,0.11525357318213919,0.04206163638678864,1,0
a5cd73b4850d,0.7826670600175967,0.12754550778974844,0.07526269236770348,0.014524739824951317,2,2
a5e58b48fde6,0.053025241439752104,0.7197861245842921,0.20180081349887072,0.02538782047708513,1,2
a6053c14099b,0.21525282565953666,0.38633543626483047,0.3622729927611787,0.03613874531445413,1,2
a606d1cb54cf,0.04592975433567062,0.8239167897798443,0.10985412184697729,0.020299334037507714,1,4
a6393aff012f,0.3116497224236536,0.500850647063353,0.05964490034458457,0.1278547301684087,2,2
a65bcb6bbd21,0.4105168600408454,0.31907094210418896,0.2602082211929471,0.010203976662018612,1,1
a67f882788f7,0.017692852176651095,0.8659627147818072,0.09338966220719569,0.02295477083434609,2,0
a68885796918,0.07636443479150687,0.3205866709696916,0.5873704117240773,0.015678482514724184,3,0
a68ac3632126,0.07451755570797192,0.7098007222304322,0.192615516701261,0.023066205360334942,2,0
a6c79f136694,0.9520665720796417,0.015394859825225215,0.024225451293891063,0.008313116801242236,0,4
a6e088644d5d,0.6543510072918148,0.25872591767099645,0.07215830842085875,0.014764766616329996,0,3
a6ee878fe655,0.09662469995506051,0.6179324561509997,0.26395363047209247,0.021489213421847238,1,0
a7030c1f5a47,0.33869378729270966,0.6087256757759315,0.04000955049839628,0.01257098643296257,1,2
a706d8ac9dbd,0.038387148680169146,0.5537130484367405,0.4025515495023509,0.005348253380739492,2,4
a70bc81f81c0,0.08054664240247324,0.3141684166768765,0.5670587968239963,0.038226144096654,1,0
a70d50759dfb,0.1122164216489655,0.812181198099168,0.04184333050037918,0.03375904975148725,1,1
a71df1f07bde,0.037188656725096185,0.5989772649075086,0.3497677442017101,0.014066334165685191,1,1
a7289f35fab3,0.5152593621783575,0.23994205878418493,0.20602509402686378,0.038773485010593654,0,2
a7335b2f9815,0.9006683258482572,0.021078393712937866,0.07328321298902106,0.004970067449783872,2,1
a73d9e158691,0.0717715937029437,0.8091676861117596,0.11523523291376155,0.003825487271535227,1,1
a74fe5607fb8,0.20813837733917856,0.4868255185429159,0.24458870909598593,0.060447395021919606,1,1
a76a593c467d,0.03222710332099537,0.7832364389722113,0.1821038299200857,0.0024326277867076328,0,2
a791b775061f,0.6855636596173372,0.12934942605754413,0.15556580149474372,0.029521112830374934,1,0
a7931ddb1010,0.2318874957796185,0.1317587408729923,0.5934507104530987,0.04290305289429044,3,1
a7b4d14caf36,0.677554275415314,0.18107936020621468,0.1302306238951854,0.011135740483285984,1,0
a7c0ee2766f9,0.2615899087802658,0.45558188630475127,0.27102503575878245,0.011803169156200432,1,3
a7c66f4267fd,0.12543434270699533,0.7248537040376885,0.07313882053330346,0.07657313272201288,1,2
a7d2a7380ba6,0.5016912629551251,0.3865603364427664,0.1078911408619286,0.0038572597401800002,1,4
a7e94066fbf8,0.27200147071245845,0.5293574930902479,0.19042785841070736,0.008213177786586088,2,1
a7f1ea850ad8,0.4866525258593522,0.20784505899405945,0.2766633295868716,0.028839085559716808,1,4
a803abc3bd58,0.787774206649793,0.07364779408980068,0.12000479995844751,0.018573199301958814,0,0
a80f1386b01b,0.846101502027313,0.017628901832861667,0.12840523022197295,0.00786436591785233,0,2
a81e1c6fc22e,0.19850603108167808,0.2498072680648992,0.454924583222508,0.09676211763091476,0,3
a820390aef69,0.5551031084394238,0.31836637751813407,0.10123411018955787,0.025296403852884224,0,1
a8351982c575,0.8908911176688226,0.04889933949069661,0.056626843899726685,0.0035826989407540407,0,3
a842d9e96828,0.22253799027192694,0.5500628316674334,0.1293443073894991,0.0980548706711407,2,3
a84d1f0c2ea2,0.5748207182044309,0.30256815020586453,0.107095387432125,0.015515744157579473,0,1
a85adc24df0a,0.2928656320763218,0.44433688763201307,0.17209117002165114,0.090706310270014,0,2
a862fd88bd49,0.5652296273763519,0.23467857486181928,0.15302997724224257,0.047061820519586205,2,2
a86697ca60f2,0.02058637184288116,0.9605576410118122,0.01326544560481411,0.005590541540492548,1,4
a87414206bcf,0.08128191333075586,0.8546496816617148,0.05281165668459787,0.011256748322931399,0,1
a874435f5b2d,0.06129173098354974,0.8523234517913372,0.08520376821158197,0.0011810490135310766,1,2
a87879343eb4,0.056169560841444484,0.598730638938579,0.25887882598421974,0.08622097423575681,1,0
a880ba760a7f,0.17312401845879352,0.558515133312138,0.25830372330465945,0.010057124924409052,1,2
a88363cb1f70,0.02437904373320309,0.5509573359514477,0.3872914505755249,0.037372169739824365,0,4
a891e4625f8f,0.3917311110607211,0.40842656980256425,0.1874106171246853,0.012431702012029443,0,4
a89c1f3470e1,0.1289393685895637,0.6832445443133839,0.17631613995234394,0.011499947144708585,2,0
a89d9679bdf0,0.1661904320908246,0.7392344323512948,0.08110407419810614,0.013471061359774467,1,1
a89df9ce879b,0.17272061273093373,0.7758393660019329,0.03919384212866157,0.012246179138471671,1,1
a8a91d572566,0.12461415415456442,0.39252452346255234,0.45712143294134594,0.02573988944153735,1,2
a8aa15852dfa,0.027459379097161875,0.9348934175206651,0.025177872282527613,0.01246933109964541,1,2
a8ad69453683,0.04210001982962747,0.8585796451474741,0.04747583995244905,0.05184449507044951,1,3
a8b36d06c030,0.10123099225026413,0.3850984808643072,0.45059054609250676,0.06307998079292201,1,3
a8c60c0ef43e,0.08093150607376114,0.8379804896321824,0.07587071855452754,0.005217285739528851,2,2
a8f1280e52ba,0.8216761153235184,0.061798505692606504,0.07775859045710562,0.038766788526769534,0,3
a8f1c2912768,0.21090645499894597,0.6224641411895613,0.14920971717430126,0.01741968663719146,2,3
a907108f72e7,0.665073202728023,0.08616787152755162,0.23668678582326952,0.012072139921155925,0,1
a90de7edd9b7,0.8147320242956271,0.10865874889387078,0.059441100217145715,0.017168126593356457,2,2
a91f96dac3cd,0.03254839025648448,0.8260451083181801,0.13799096971094496,0.003415531714390408,1,2
a93183bb781c,0.4134400853891506,0.31201409522206613,0.22193786891423106,0.052607950474552176,0,0
a937614104e3,0.7545217805222819,0.1359800345003518,0.05300709479880489,0.05649109017856148,0,4
a93eef7b3676,0.6849930650890196,0.26339660209266075,0.03433402604267861,0.01727630677564106,0,1
a9414722ad35,0.8303193461617641,0.0269209284086575,0.1379928055446217,0.004766919884956641,2,0
a94358cbd9f3,0.4121510201885993,0.2930696497297969,0.2610153537435067,0.03376397633809711,2,2
a94e15ea47c9,0.08603616122811673,0.6386040108079621,0.2682793999864921,0.007080427977428934,0,3
a95bcd8ba9ad,0.5743746874765304,0.06715169592638978,0.3542211549620959,0.0042524616349839854,0,3
a96e94314925,0.07488562220370969,0.7932331563849426,0.10056178916135403,0.03131943224999386,1,1
a96f2b221dd0,0.25733151806381077,0.6244201815638223,0.08355195222535955,0.03469634814700738,0,1
a9734406aa90,0.045679429000140874,0.3384887128459268,0.597179750611443,0.018652107542489332,0,2
a97f1cd45b2b,0.5062346209319657,0.2005501082901943,0.15230237867273289,0.14091289210510707,0,0
a98995d04eb3,0.3820198670264305,0.2900023756998413,0.2279273539629249,0.10005040331080331,2,2
a98a217fe57c,0.06950089110069288,0.8548455188854603,0.059088766356124395,0.016564823657722584,3,2
a99534146bde,0.765641806534958,0.06945893152775227,0.15476985325171283,0.01012940868557709,0,3
a9a8f500fea0,0.00689254308259085,0.7325436362290743,0.09522638820274305,0.16533743248559188,2,1
a9ba9da7582a,0.14764804217296962,0.6988855857840155,0.1162660835560785,0.03720028848693634,1,3
a9d37ebfe0e8,0.34366507799508916,0.39032035836262935,0.23668989948357685,0.02932466415870468,1,3
a9df86ee71d5,0.5205133843300122,0.12810519680861296,0.16670029588353946,0.1846811229778354,1,1
a9ef2636d4ac,0.5503587287482289,0.3094980099127633,0.13201504871232025,0.008128212626687455,0,1
a9fcf78c3469,0.06227973730747273,0.7804246909120087,0.1288693983345969,0.02842617344592173,1,3
aa01253a3226,0.026676895505796536,0.9117107420999914,0.05761251433999649,0.003999848054215656,1,0
aa0420c82f8e,0.12934523516535296,0.5461332728346775,0.24026478242341995,0.08425670957654956,1,2
aa20aaac8504,0.1295842826680707,0.7157375449443264,0.14012502579207,0.014553146595532867,3,2
aa6bbda8865b,0.038919882783134845,0.5034125728726773,0.4488258431927463,0.008841701151441487,1,4
aa6f4d3e11d9,0.11232715259939674,0.7517535387992282,0.12601890725048567,0.009900401350889229,1,0
aa6f86d26781,0.10420037158613878,0.47912853736347816,0.3766580053769715,0.04001308567341143,2,2
aa749b4d6cdd,0.04781714602200234,0.8315297687186506,0.11701489853861193,0.0036381867207352842,1,0
aa7cea654180,0.8998191685055871,0.035612287955093705,0.05487768965235008,0.009690853886969225,0,0
aa7dce7556b0,0.03349648608766089,0.8820547409715574,0.06275704065528855,0.02169173228549309,2,1
aab3267c0c17,0.840691371349823,0.11152568104815708,0.038767941393936356,0.009015006208083452,2,2
aab84245d034,0.9743671250217019,0.006916950706158199,0.017380922779632317,0.0013350014925076984,0,0
aabe07602051,0.007260765050806188,0.9060768239061444,0.07693157584694538,0.009730835196104085,1,0
aac325aaa28c,0.8202281077753893,0.04488785803669183,0.06657969352910337,0.06830434065881544,0,2
aacd7ff3bbae,0.0742333573218013,0.7962531209700513,0.09381028289960595,0.0357032388085414,1,4
aaf19284ce23,0.028146035061321784,0.9196693544996826,0.048201909573559965,0.00398270086543565,1,3
aaf4645886fc,0.027099378347150756,0.8238091957441614,0.10691761307216524,0.042173812836522606,1,3
ab22e9457bfe,0.9284580815660364,0.021797543502546195,0.020913084226653247,0.02883129070476431,0,3
ab2560a15171,0.026452166496973732,0.8527489610456597,0.09546689149977261,0.025331980957593883,1,1
ab2b4ff9c9e8,0.4542659968591085,0.36112197795795886,0.15527063042707018,0.029341394755862355,3,0
ab325bee36de,0.29204364741299876,0.2618779801329937,0.4266671186471001,0.019411253806907607,3,1
ab3a9cde6e06,0.05869541240169937,0.7274587297941156,0.20958630890494226,0.00425954889924281,2,2
ab6ef957fd8c,0.1688272882767166,0.5774521905840168,0.18191579930723456,0.0718047218320321,1,4
ab8205541661,0.02169812702893781,0.8824455483364627,0.08301601340327759,0.012840311231322073,1,4
abb899fcafc6,0.07658342767591131,0.6770306273397076,0.2169188337453203,0.029467111239060567,1,2
abcffc36ff79,0.18423329895662646,0.5555820684308762,0.20824060546608797,0.051944027146409284,1,1
abd0c3d9c5f6,0.7974542922653206,0.04828052982186707,0.1448578684411177,0.009407309471694431,1,3
abdaeba121f8,0.02049782835804337,0.9687212494025911,0.007548709323844816,0.003232212915520932,1,2
abdb858bbb81,0.3676146799668042,0.3556723205443853,0.27093852571908916,0.005774473769721304,2,4
abe76d6fc929,0.003412460501243869,0.9061966267904131,0.08244031345809746,0.0079505992502455,1,2
abf7cffb3176,0.21815896920905334,0.6164510636475206,0.1257227187320122,0.039667248411413725,3,3
abfcd1e7c6d0,0.08080043029864863,0.6050552283510064,0.16054382445336624,0.15360051689697865,1,2
ac150a3b291d,0.0307883363760811,0.842195394127121,0.10773849519798757,0.019277774298810477,1,3
ac3004ea0405,0.016934638419830457,0.8925580385045253,0.08051708277545701,0.009990240300187182,1,3
ac46cbde0e0e,0.032581562707827846,0.3434377418516305,0.6110598691485882,0.012920826291953545,2,4
ac55dc119f5a,0.006013765909640137,0.9545541665999391,0.037646732477193766,0.0017853350132270782,1,4
ac91c4c4a63e,0.9752525029362457,0.017280801018532917,0.00416738044288295,0.0032993156023385577,0,4
ac9fa71e33c8,0.1157161741514776,0.6514220620475062,0.19279806976922342,0.04006369403179271,2,4
aca4d52c2f82,0.7200577273718827,0.12912490130131868,0.1168992316104458,0.033918139716352796,0,4
acacf54e2e13,0.012286639993015236,0.8909013279847214,0.08235616331490567,0.014455868707357622,1,1
acc1d221470b,0.013666636898887172,0.8141881659347122,0.12666063024425914,0.04548456692214137,1,3
accb3f0a6276,0.02921481182878612,0.9434414948144103,0.020259788087532433,0.0070839052692710965,2,3
acd13733a711,0.1422147725820534,0.5718233929681905,0.27880170524644576,0.007160129203310319,1,4
acdc669b1e06,0.36986577007291455,0.23477471790003843,0.37409521857600614,0.02126429345104079,0,1
aceb84a579e9,0.17198532772859917,0.5114426001100445,0.2924724580454588,0.024099614115897415,2,1
acec33076f73,0.06862327000896716,0.6535543721835062,0.2266813728400911,0.05114098496743554,1,4
acec4f0cbd17,0.023821841570072215,0.8989299321172138,0.07585355535629348,0.0013946709564204103,1,1
acf13f7ab5d7,0.8830617631756762,0.06465338732086844,0.047126870679659705,0.005157978823795564,0,0
acf8c450efb2,0.016672600636609733,0.9085659431909141,0.05659634611699812,0.018165110055478148,1,1
ad057569e00c,0.09103812943353279,0.6224322774889035,0.27396442945072763,0.012565163626836236,1,3
ad23cbda5b1c,0.024309016607874205,0.8204112406306563,0.10870400104676621,0.046575741714703515,1,0
ad2e47a1a1f4,0.0700221944876147,0.8842977651318016,0.023415314418924162,0.022264725961659636,2,1
ad3ec5a0e7c9,0.06657227952895103,0.8506657228742233,0.07714021010715924,0.005621787489666618,0,4
ad40119bb875,0.04386276146374254,0.43536894582139357,0.4776497077963276,0.0431185849185364,1,4
ad4e4f09c5f2,0.015064676578343057,0.8024350595804502,0.13864483943825928,0.04385542440294754,2,4
ad5c640225b4,0.08910999724377207,0.5020395191477693,0.3990991486115668,0.009751334996891731,1,2
ad5ff8dc5e00,0.14003413476396548,0.6449245175689009,0.10114752719812845,0.11389382046900517,3,3
ad6bc3c59891,0.7837917108518778,0.14728797869934124,0.06257740995844227,0.0063429004903385895,0,3
ad6fb71d384a,0.8013953830864851,0.15787071082165152,0.03342228035552249,0.007311625736340848,0,2
ad97fa89b0b5,0.04754493453539062,0.8227179285052009,0.11308323818183233,0.016653898777576306,2,2
ad98b8875f75,0.20350109565165708,0.36421830953903644,0.31719938561542305,0.11508120919388341,3,2
ada4737c1d3f,0.3267939111107414,0.3965663893028742,0.24432128668954226,0.03231841289684212,1,0
adbc10bde10e,0.24447667588379993,0.28844258534943934,0.3921639114174501,0.0749168273493106,3,3
adc53823a49f,0.021788869457425027,0.837654877379012,0.13574175107043057,0.004814502093132508,1,2
ade84200b83a,0.03776082481253514,0.9279695113499064,0.02234710317394624,0.011922560663612285,2,0
adee0c7ec155,0.11714855641818274,0.666890376159231,0.2080521645120147,0.007908902910571494,1,2
ae12c55d7e47,0.5419716285232473,0.2295578019885083,0.2122955689470181,0.016175000541226368,0,0
ae3a97ad1c07,0.584634343637101,0.14275514456976332,0.24517743826307778,0.027433073530057844,0,3
ae3c8cba22ec,0.022884508870086404,0.7774277231514766,0.19220061395514487,0.007487154023292049,0,4
ae439b24ddc3,0.01950707747867089,0.9329161699393343,0.0463794001857904,0.0011973523962043565,1,0
ae5b75e08fe8,0.28134314348552003,0.506179301955472,0.16231130433880525,0.05016625022020282,1,0
ae601aa924ea,0.9462480467549566,0.02974874939003743,0.014954919828175707,0.009048284026830576,0,2
ae6fdbc90bf6,0.5077152866094837,0.23776365733499097,0.20113190731992536,0.053389148735599974,0,3
ae70fa66b983,0.29773590404522504,0.36538746748094547,0.2075451987800045,0.1293314296938251,2,2
ae7519c9d04c,0.0901400763346799,0.7382433043405962,0.1132975147158493,0.05831910460887469,1,1
ae9ae4deef75,0.2909517911717993,0.3873300324654859,0.3009214216021544,0.020796754760560327,2,0
aeb8b1d755ab,0.2824597810375938,0.5992694753016723,0.07826868069680548,0.04000206296392847,2,3
aec0c258907d,0.13693951336350071,0.5471134795050819,0.3057059189644086,0.010241088167008765,3,4
aed115d939ff,0.21775946368108143,0.27045618805170624,0.5065161623860147,0.005268185881197536,2,4
aed885bf91c3,0.03558116967682068,0.820751436134528,0.033197985971884926,0.11046940821676655,1,4
aee6f16805c5,0.9239536802051092,0.010499383162399078,0.06490021805727503,0.0006467185752166893,3,4
aef234262d84,0.013169957931704819,0.9076383116863111,0.06816760382549979,0.011024126556484371,1,0
aef7218aa071,0.03976678679226552,0.806744782695169,0.14024824108792044,0.013240189424644964,1,4
af0e1211b9c6,0.5937192315170602,0.34949498217150343,0.051405188503195975,0.005380597808240453,0,0
af0f0c129645,0.886001725933616,0.043899675773853515,0.06280234256579531,0.007296255726735205,0,4
af481c1cf248,0.36145444105090196,0.5718720800094951,0.05832640880649563,0.008347070133107252,3,4
af571ffc5313,0.7380453181050178,0.06340616658664865,0.18969750904716318,0.008851006261170436,0,4
af7f93704ff3,0.24697289185571078,0.14799851808367487,0.5893729315716388,0.01565565848897551,0,2
af93e125375c,0.4600145360704355,0.11134160891826478,0.42291631881763664,0.005727536193663068,1,1
af986679340b,0.010398346090959833,0.9450532807212227,0.043697789713415654,0.0008505834744016119,1,4
afbb7840bab0,0.008371220764839513,0.8039994689339754,0.18682055796812144,0.0008087523330636245,1,4
afc2b295485b,0.7383965823534233,0.15106097046622596,0.10953044885374963,0.001011998326601144,3,1
afc40988867b,0.24332156299648777,0.5227856036454067,0.22849446685828334,0.005398366499822124,3,3
afd34e28aba2,0.8990337691188887,0.02772847048201825,0.07148707642381623,0.001750683975276944,0,1
afdda33a1265,0.24366263332029064,0.6052170773847629,0.11417238376997993,0.0369479055249665,2,1
afe34bf97c4a,0.03375874938803035,0.9019521642587732,0.06243593800462008,0.0018531483485764535,1,4
b00d45ea85f4,0.0036934907123491252,0.8873430061813748,0.10649852865368373,0.0024649744525924145,1,2
b031bc52f736,0.9583055408888395,0.013310175775477556,0.023846300423589383,0.004537982912093639,0,1
b032c22da2f7,0.38663366675911465,0.08940418209667644,0.4661612996507522,0.05780085149345683,0,2
b04cbb8b7815,0.45045579081137754,0.1871707096768522,0.141979375286216,0.22039412422555432,0,0
b06c31c60c7e,0.7706250627778621,0.035516761184883526,0.18873714158672042,0.00512103445053386,0,1
b07b1a96e24c,0.01660555962874306,0.8993116469828489,0.06104084750239891,0.023041945886009104,1,3
b08ae0efd88e,0.045782814196880614,0.6210378887723816,0.27540493785186787,0.05777435917886981,1,3
b08f573ccdf4,0.07571654053568797,0.8591211269244471,0.06289006648826824,0.0022722660515968112,3,3
b09b0258b2ae,0.11967559313729212,0.3884630011373806,0.42751297426712415,0.06434843145820332,1,0
b0b4d4ae4e0a,0.04603096430274173,0.7158146448815128,0.23191068994464673,0.006243700871098726,1,2
b0be172528e7,0.2317967103005457,0.49843960093006995,0.26037932214343656,0.00938436662594774,1,3
b0c72167073c,0.9497729105283563,0.013648520896024799,0.03357172536007424,0.0030068432155447486,0,3
b0c942f7403e,0.946811492035663,0.030000817849761576,0.018736267959445142,0.004451422155130324,0,4
b0d86dd860de,0.046625627397397944,0.9197093520331108,0.031108206958086936,0.0025568136114043254,1,4
b0e043232ff9,0.01076682100032978,0.9221217794720374,0.05460284183755349,0.012508557690079046,1,4
b0e4f3d07735,0.4695956702801345,0.15592366945611216,0.36481814195355805,0.009662518310195262,0,0
b0e8205dc1ca,0.02961063955755743,0.6993008101192205,0.2500243878862541,0.02106416243696789,1,0
b0ed9f24e855,0.42558912816541355,0.4250497428759653,0.11114079283125146,0.03822033612736955,0,4
b117715cbf64,0.07089781893188792,0.46862238053367455,0.2632817751850653,0.19719802534937214,1,4
b119ef635297,0.5609509437306356,0.15860391229620666,0.273607413043511,0.00683773092964682,2,2
b121e6f58d1e,0.016614563026120015,0.902052693631698,0.07591362044787937,0.005419122894302677,1,2
b12798f33ac5,0.040725571945741265,0.7855797438351054,0.10605317435920249,0.06764150985995074,1,0
b127e8b39bcc,0.04643010409976655,0.8630460769649496,0.08223896344507603,0.008284855490207656,0,4
b134a98f78d7,0.5240716502055524,0.4309387884492515,0.03573519073737191,0.009254370607824244,2,4
b13d71d1edde,0.08430053243871206,0.7755168399751673,0.06794243855834614,0.07224018902777453,2,1
b13f18dfaa08,0.08629485945439527,0.5726926503918025,0.23463461523573026,0.10637787491807188,1,3
b14d98b9ac8a,0.11964170033849933,0.7053591070916032,0.14861845388699915,0.026380738682898183,1,4
b1678815a5be,0.09171645803802322,0.41113362832487665,0.4841660645828738,0.012983849054226292,2,1
b167fbe5e1a6,0.0845821774248078,0.5952900136234818,0.27466722675669475,0.04546058219501583,2,4
b172a04e7bd1,0.052856224794290974,0.8532134913712175,0.08348757758895514,0.010442706245536455,0,2
b185438c915c,0.44202007669826304,0.35234757554373425,0.1297274182737144,0.07590492948428824,0,2
b19d188bd240,0.05331148759615425,0.8811656676449001,0.04534602631492367,0.020176818444021836,2,2
b1a4fd2a22fd,0.29363857551968997,0.37098383709679583,0.2821316094925839,0.05324597789093032,2,0
b1a9bd35559d,0.9779780475434062,0.006082576004960166,0.010527949278384813,0.005411427173248813,0,1
b1afd60f2d1d,0.3984145031824417,0.350471175194172,0.22722378704973348,0.023890534573652897,3,4
b1c31c1e103a,0.3991840032804936,0.24617451873262736,0.2884358505412762,0.06620562744560284,1,1
b1ca7dd14da1,0.06288560933949847,0.8635893826058536,0.06451376405511577,0.009011243999532147,1,4
b1dd1ed88f54,0.25240598640224543,0.6221101517741332,0.12250793624551176,0.00297592557810953,2,1
b1dd8130cbf3,0.4824906296262833,0.374374463743139,0.12445138497557957,0.01868352165499813,2,2
b1e74e9f7555,0.7550869736418626,0.11431017149826464,0.11160882089559261,0.01899403396428002,1,3
b1edc75f25bd,0.2584266011941714,0.5321431428158432,0.1956852435467391,0.01374501244324632,2,2
b1f21c64a26c,0.08341282204185035,0.6633523306107635,0.23888138342271842,0.01435346392466759,1,4
b20646e12fbe,0.0008925785094903328,0.9763775898699495,0.021966824577069263,0.0007630070434909897,2,2
b206fa11bca7,0.4000598596969217,0.2754734912909988,0.27135953396990686,0.05310711504217266,0,2
b227864cd72e,0.20554932022207253,0.24672142422470958,0.5222461595388632,0.02548309601435471,0,1
b23a892a29d8,0.9031213439605079,0.03894453121040777,0.05436486852096617,0.0035692563081181745,0,3
b242d9b6f327,0.016706288759240077,0.8050897871041158,0.12877967799218262,0.04942424614446159,2,3
b2626fe919b8,0.46507745071042583,0.3607770792221181,0.16151178874123437,0.012633681326221557,3,0
b266d836e091,0.03577000394704593,0.6697887837293686,0.2558808677493942,0.03856034457419138,1,2
b27172e0b2f1,0.009942610024554734,0.9641064432601262,0.02394053520982246,0.0020104115054967882,2,1
b27e356820f7,0.05207617047830612,0.5336850247905307,0.32176200551524453,0.09247679921591855,1,0
b27fe12f2fc0,0.648946827827794,0.2587056476365203,0.08632881771910059,0.006018706816585079,0,1
b28ad4ebc3f5,0.058400685641930676,0.8904520382349452,0.0441634056395294,0.006983870483594652,1,0
b28ce384008f,0.06269444440997202,0.8990089164249364,0.0363328903995583,0.001963748765533234,1,0
b291fa8c6b02,0.046919790645803594,0.7940583933578086,0.14407158618136856,0.014950229815019228,2,3
b29bffb0d4a3,0.21393347269547858,0.4765499042543495,0.2664442594133299,0.04307236363684215,3,0
b2ad788bfc3b,0.0043640468853315476,0.9294497876512059,0.06465134331002288,0.0015348221534395908,1,4
b2b9fffd2865,0.23157272591226324,0.6372982818404629,0.11843619789556872,0.012692794351705174,1,3
b2bac61abbe2,0.6950147643165494,0.2498449437300002,0.021752200065970582,0.033388091887479696,0,1
b2e1d9261b55,0.3308935935104144,0.26384260676083504,0.13386043612422738,0.2714033636045232,0,1
b2ea554a013a,0.015333213910775315,0.9630552754405016,0.012060270506114263,0.009551240142608957,1,4
b3034a39ab25,0.02765104760258223,0.7577156941104554,0.10334154368837785,0.11129171459858454,1,2
b30c87707a75,0.07806116313308038,0.6400245375090068,0.2187695371404178,0.0631447622174952,1,1
b32c3695dd40,0.0670631191421372,0.4581629075034399,0.2583795998291017,0.21639437352532118,3,2
b35b5e223ed1,0.1570561380144944,0.787739088423601,0.048261124736566775,0.006943648825337761,1,1
b36a47fb5f1f,0.6065806255308,0.261900207417679,0.12314300733212603,0.008376159719394963,0,2
b3715ae5290f,0.12627621697471106,0.7524962890966275,0.10103332873717925,0.020194165191482195,0,1
b389d4881747,0.010364132474489852,0.9064770273953899,0.07912183962080513,0.004037000509315013,1,1
b394cd076dc9,0.046029959754534354,0.7734799846487195,0.16664910246130415,0.013840953135442013,1,1
b39b524d798f,0.6355665197544346,0.23217009536158414,0.12537530658283186,0.006888078301149288,0,3
b3c5eea8f3b6,0.015015850241718098,0.9017604726994003,0.07616782074635566,0.007055856312525796,1,3
b3cf474bee3b,0.8966743821736204,0.061975298487999674,0.012612070862831403,0.028738248475548588,0,1
b3d2c3f6ba5c,0.35954819528434595,0.4306030719962919,0.1349123824478027,0.07493635027155957,1,3
b3e4687e4793,0.08275243366034228,0.6156176474604733,0.287066495141642,0.014563423737542441,3,2
b40c57c36cbf,0.12508380331433977,0.8065154098622943,0.05216164861755088,0.016239138205814962,1,3
b40f174f19a6,0.13031269607177487,0.51010188580478,0.27229237402844564,0.08729304409499948,2,0
b41f3ff4504e,0.563507574660624,0.3561335474331106,0.06282937708339756,0.01752950082286792,0,3
b437cb4c577e,0.591391352414007,0.3630521408152604,0.03535666210113692,0.010199844669595705,0,2
b446d79ee8f1,0.0446843071838937,0.8767942067089233,0.07158982776188612,0.006931658345296981,1,2
b447179f34cf,0.9640989353722335,0.012809383132198404,0.019720514321916485,0.0033711671736515836,2,2
b449b8c43f5c,0.7117165133833574,0.1457901199334511,0.12408251147225499,0.018410855210936418,1,1
b45b05909f01,0.0023721419052277547,0.9723260679106346,0.020320570123487897,0.0049812200606496795,1,1
b47a01dbca0f,0.1251647179127534,0.3486062895620977,0.46399626416811496,0.06223272835703381,3,0
b49952dcdb83,0.7319184550642163,0.1066585477163138,0.08928677178595247,0.07213622543351753,3,2
b4dc310fc95f,0.22302064417694487,0.559824190947002,0.20606444073309893,0.011090724142954205,0,1
b4dcf0375a27,0.8999569720995306,0.019048238136837016,0.04118756150531609,0.03980722825831624,0,4
b4f16c10bd10,0.11301256387335284,0.7662611740325898,0.07862849362765488,0.042097768466402584,1,2
b4ffce3b60b9,0.10908141775105763,0.6676084346043075,0.136567470832977,0.08674267681165777,2,4
b50ffb872dd3,0.052158437426988676,0.793332609233424,0.08606559975045212,0.0684433535891351,1,1
b522753ecc9a,0.46995547065483806,0.23479513497490626,0.22792123545537907,0.06732815891487662,3,2
b524c80e729a,0.31966660851180234,0.1570694238575448,0.4346843893753412,0.08857957825531167,0,2
b54b96343f1d,0.03168189108956298,0.7008003472494122,0.24762355009381734,0.019894211567207522,1,1
b54bbad84888,0.28733511334086476,0.6589170613920431,0.032177474623543936,0.021570350643548307,3,0
b5582e7bcb41,0.8884957777726612,0.02017167863212739,0.08562711538438952,0.005705428210821858,0,1
b562944eb64a,0.050298443813256495,0.7678167353624789,0.16960868659899192,0.012276134225272848,1,2
b568a6326154,0.22321918209526853,0.3416013705232612,0.41680829828789845,0.018371149093571834,1,1
b569148041f7,0.36164973134482087,0.4848876679917683,0.13932753753969868,0.014135063123712105,0,0
b57abcba61a3,0.12130812835892253,0.7128037081005113,0.16081465861601837,0.005073504924547808,2,4
b58d8a8771c4,0.08795659072299376,0.8023835517644384,0.06622003325491145,0.04343982425765622,1,4
b5962d47cea2,0.012528909755213705,0.8726544873657608,0.10819561376894996,0.006620989110075442,1,4
b59f90739827,0.13606967726545652,0.7506293807757894,0.10228488038376202,0.011016061574991909,2,0
b5a166179242,0.026341267862291674,0.9089511348891149,0.047985347803717084,0.01672224944487631,2,2
b5a1a36a6a17,0.34831278542640964,0.1995618360286295,0.2654250063082692,0.18670037223669156,2,2
b5bc8aa87423,0.06601848617390939,0.8415019969331319,0.08379380274844672,0.008685714144512214,1,2
b5c9316de211,0.026714326731406047,0.7102068792756826,0.24346334867482566,0.019615445318085664,1,4
b5ced8a554bc,0.0048497423570420025,0.8730771499381503,0.019254843072148933,0.10281826463265845,1,0
b5e67f04dd09,0.5548612288338451,0.14330907838825918,0.2711448232407162,0.030684869537179457,0,1
b5e8188b8e79,0.8663745748211377,0.03458899722308328,0.09096841228091804,0.008068015674861028,0,2
b611e772ca7e,0.004414343885376652,0.9708238960481455,0.02246453803770107,0.002297222028776752,1,3
b616aba4c37f,0.08755712140710319,0.6246326648456726,0.2613375173670898,0.02647269638013448,1,0
b61bfb1fdb36,0.008159428719548162,0.9364494281779352,0.019337591576213856,0.03605355152630284,1,3
b6219d540374,0.40710040267519587,0.3953309619391586,0.1899008395613443,0.007667795824301083,3,1
b6278022ae0b,0.9727641022423544,0.008058924074133455,0.01636431667350132,0.002812657010010896,0,1
b63076e4c6e9,0.22237170242785048,0.4315591059224444,0.31277999241723436,0.03328919923247072,1,0
b64ca770e9de,0.8655459432856477,0.094341856859661,0.03843869463339678,0.0016735052212944975,0,0
b65443c55896,0.9251800920056651,0.04007267386267758,0.02582243722160592,0.008924796910051382,0,4
b65b351871ed,0.11596365916217323,0.49020652212276433,0.37853005410924295,0.015299764605819582,1,3
b665f2996ab9,0.014543998503834659,0.9661449543366869,0.01875241879684349,0.0005586283626349086,3,1
b66a03d385b2,0.044989985660493906,0.5775454806634106,0.3074700767430456,0.06999445693304988,3,1
b66ff916214c,0.3667437283364034,0.33895060686165474,0.27160812083851515,0.022697543963426593,1,0
b677082ee199,0.24984804843574737,0.48596161442422586,0.20848533179583045,0.055705005344196167,1,4
b69c11090417,0.797639175510339,0.13149371965667261,0.057389164410642665,0.013477940422345779,2,3
b6a175212044,0.04916352264476075,0.886677365779217,0.06244906205413562,0.001710049521886733,2,3
b6a1aa419995,0.009308302557442406,0.8366727545198214,0.1349188295379533,0.01910011338478282,1,2
b6ad22a7487e,0.6820909668472227,0.11670454051599057,0.0875435177402297,0.1136609748965571,1,2
b6b4bdf92b3f,0.12456981006522726,0.6403894761557162,0.19463326643039403,0.04040744734866261,1,2
b6b6ccce4a2b,0.26547810029716923,0.6732984760667055,0.056033131004240073,0.005190292631885139,0,1
b6d5e818679f,0.5365284543982928,0.38442249586596294,0.07831792113090338,0.0007311286048408939,1,0
b6dd2dfbfe52,0.17512054948079891,0.713520847148106,0.08990161080469962,0.021456992566395404,1,0
b6e467a93579,0.005468434102390158,0.9323676026898053,0.05743134491465675,0.004732618293147613,1,1
b6eab0a3cd1b,0.5318243948744799,0.3162790177071376,0.06289106728104667,0.08900552013733597,3,3
b7065c7e72dd,0.08767531330927258,0.762942693675533,0.14758079921532793,0.0018011937998664808,2,1
b70f41a05b87,0.015790131674881025,0.9234397481718861,0.05093718762299179,0.009832932530240977,0,1
b714907cbdc7,0.5717389673339274,0.0960241891402388,0.3137186723575528,0.01851817116828104,3,4
b7159866a9ad,0.7212086073183509,0.06847344675339062,0.20315263559300142,0.007165310335257226,3,2
b72a1d6732d8,0.005521426598796211,0.9714358317846483,0.021465966103457645,0.001576775513097838,2,3
b7378896c37c,0.05202322868402407,0.39869435291390404,0.509942930947907,0.039339487454164865,3,2
b73f2014a696,0.1443722989946014,0.6588327203360365,0.14961839521485193,0.04717658545451024,1,1
b744c6f3c22e,0.013915328382928584,0.7308250893905537,0.20368515012024446,0.05157443210627314,1,2
b74b3d2dd83d,0.0247912296374246,0.952148247789158,0.021151467054447943,0.001909055518969507,3,3
b74f12b5ba5f,0.13564901563610116,0.39637922717344826,0.4535559852910653,0.014415771899385515,2,0
b7543bd8af0c,0.03301852324545899,0.8956769695023443,0.055101540216107026,0.016202967036089685,1,1
b770e72feae8,0.49641918052636214,0.3778849126077327,0.10265890720566087,0.023036999660244285,1,4
b776a1192e48,0.032615704871248104,0.8167971004302577,0.14861207551543157,0.001975119183062678,1,0
b790bca0f34c,0.21016528001766518,0.23079788763364328,0.5507210558976985,0.008315776450992986,3,2
b792f371d0e0,0.37833789962948244,0.49805170726292636,0.11577255118582103,0.007837841921770073,2,4
b7a31943f6b6,0.32090759869767593,0.5866724901778188,0.07041818292041174,0.02200172820409353,0,0
b7a4443ddd3e,0.23626127091732574,0.4706758734364134,0.23829910477403113,0.05476375087222977,2,3
b7a8295b6531,0.10145311611052804,0.764872871910697,0.12317942673017208,0.010494585248602866,1,1
b7ab5977dc47,0.910097578846911,0.020460444160295285,0.06054453155448011,0.008897445438313679,0,0
b7b44d65e1e0,0.024653895333342578,0.9077297270589443,0.06361209786789264,0.004004279739820519,1,3
b7bad61f1aed,0.9864268086124379,0.0032153166877265556,0.009003203173093081,0.0013546715267422434,0,0
b7bc624cf296,0.14834906371416587,0.2562843221441338,0.578196418968371,0.017170195173329406,2,0
b7c96dfb1284,0.8515947252324987,0.09831466823741714,0.03319346703641694,0.016897139493667192,2,4
b7d22144ac7c,0.01263780360008069,0.9591741664946044,0.02544511610858964,0.0027429137967251694,1,2
b80302d5de11,0.8118649953941168,0.09273462866773532,0.09002558090967518,0.00537479502847261,0,2
b807413abe93,0.17255110203256174,0.34289349658317964,0.47099581979828803,0.013559581585970749,0,4
b80f219a0a8b,0.09001060423624684,0.7829475387987853,0.08801909824220268,0.03902275872276506,1,4
b81cbac55d0d,0.015009596902342272,0.9631750848597231,0.01480589128311887,0.007009426954815676,1,3
b82dd18307b0,0.1424374331770928,0.3947320843971214,0.4455383759469505,0.01729210647883541,1,1
b835688d7cc6,0.05108751523867701,0.9124047432898953,0.025337625276432848,0.0111701161949949,2,4
b840c460b426,0.9633687007246838,0.014857960348958709,0.02048156511135575,0.0012917738150015315,0,1
b84c4b17a655,0.5741460906017223,0.22098328287253854,0.16411341370142668,0.040757212824312446,3,1
b8544e55f55e,0.07296119564446799,0.7968993850113197,0.1266691569243783,0.0034702624198340564,1,4
b85454dbd9b1,0.03172039015680977,0.5275744303245736,0.3345512582500707,0.1061539212685459,2,4
b86b6912b970,0.1227233901649162,0.6493924234906672,0.1799620677010349,0.047922118643381674,1,4
b8727a84ded6,0.37652166817923144,0.2264980601844087,0.2699059526702696,0.12707431896609026,0,2
b878791caa1a,0.48257992926828375,0.3553472891018066,0.11207909950243972,0.049993682127470046,1,4
b87d30f0afbd,0.1754194117740001,0.10883378142598112,0.6740208127076005,0.041725994092418325,0,2
b89d2e52d790,0.5893683086221674,0.21115424447810918,0.15348904564094903,0.04598840125877443,0,3
b89d40fe2918,0.42065340027851505,0.2553588793934228,0.3192580002854273,0.004729720042634827,0,2
b8a9bf2fa391,0.5112189455612535,0.19306198563916038,0.2761180694617586,0.019600999337827562,1,1
b8e15549c0f4,0.17370790124303817,0.28472719899736737,0.47444492720174547,0.06711997255784907,1,3
b8e8e84eaafa,0.030799054924686133,0.8535296048707851,0.10401793268597857,0.011653407518550266,1,3
b8f4e76bbd2f,0.05707974582432376,0.5109250031204005,0.34706752660348344,0.08492772445179227,1,4
b8fafbc2ad5c,0.034815301489873475,0.8728571004556335,0.0634397059732027,0.028887892081290244,1,0
b92eb37d3456,0.04276961231977845,0.7651187779848577,0.11466250052941142,0.07744910916595245,1,3
b93fcd443349,0.16838479383093496,0.49477686659034303,0.2900564061741572,0.046781933404564775,1,0
b949689a9ef1,0.31459210080002786,0.22844596167870276,0.4472347703304005,0.009727167190868923,2,4
b94e0c41bcee,0.51077595835262,0.299180667230252,0.16397226329762915,0.02607111111949886,2,3
b972189fc63f,0.029807154509653506,0.7975794000596749,0.1452718090484544,0.02734163638221701,1,4
b97ba5f9676e,0.85964201976243,0.09389596510994694,0.038735090859625926,0.007726924267997169,0,2
b9835e921f4a,0.08075247487366001,0.6995966429366032,0.13111839458719413,0.08853248760254256,0,2
b999a7493ffc,0.7222473729327765,0.10497004183960017,0.1614769451388099,0.011305640088813408,0,3
b99ab479998f,0.3276114436360287,0.4418218737499716,0.2052828663509547,0.025283816263044878,1,4
b9a84edbb4d7,0.41916696782230084,0.36703126589230267,0.12035106697521647,0.09345069931017994,0,4
b9aa4efa289f,0.020285528582924064,0.9310995473649974,0.03511444888866719,0.013500475163411371,2,2
b9b701be58a3,0.03496982779662955,0.6862941122837474,0.25665095377633235,0.022085106143290633,0,4
b9b8a810f2d0,0.03663906929149571,0.6894194529095998,0.2349195682490307,0.03902190954987364,2,1
b9eeafea5c41,0.06513120229515888,0.39642574033867606,0.11564235012857936,0.4228007072375857,1,0
ba01c7ed330f,0.060693046475625345,0.7277238511364347,0.15673139041418208,0.05485171197375789,1,3
ba07cc459be2,0.02629653426317668,0.8395215735054201,0.0817546447236572,0.05242724750774598,1,2
ba0d3ee90ce9,0.030683473143094706,0.8819223962147241,0.07698277610031631,0.010411354541864834,1,2
ba29ba23321b,0.26858449148789765,0.35460688587420397,0.1844076202420062,0.19240100239589222,1,0
ba2b03725d21,0.4567204122923021,0.3136524909147453,0.2109930118091016,0.018634084983850992,0,4
ba359fc9666f,0.07103288703389549,0.3608244714344346,0.5103343866805802,0.05780825485108966,1,0
ba382e0d8931,0.24322311145415146,0.5481886226844785,0.11976671219862198,0.0888215536627479,1,2
ba401a51fdee,0.9563542178192996,0.02077956622140187,0.020483894205857524,0.002382321753440898,0,2
ba463f69de41,0.015441409501422188,0.9270678205618915,0.04486326311609888,0.012627506820587464,1,4
ba482ec6743a,0.03196591936497684,0.8054990674235648,0.1611533550048311,0.001381658206627294,1,0
ba4f73c2aff2,0.04685658074760875,0.7312198249044509,0.11006138676956012,0.11186220757838022,2,3
ba50bfcf4757,0.635052013649207,0.24611222809117506,0.06326874594523532,0.055567012314382755,3,3
ba54f0062738,0.22933758408765678,0.7296086382507199,0.039958138397870054,0.0010956392637533109,1,1
ba72d9d6b562,0.9556625362656027,0.02629873776098588,0.016432792995150675,0.001605932978260789,0,4
ba7e0977f38b,0.946314862264444,0.01576332231329952,0.029894282496181413,0.008027532926075038,0,3
ba7e67ba6f98,0.010941541311468904,0.6747814497230171,0.29591157174821486,0.01836543721729925,1,4
ba8f9647f1ca,0.4174679769130189,0.42906187370913157,0.14400494068049785,0.009465208697351736,1,1
bab9f823eb40,0.09132934428595346,0.4603155225989574,0.36870432417523363,0.07965080893985549,3,0
babc74e64174,0.978799816590143,0.006251516505794289,0.0091496809495575,0.005798985954505339,0,4
babd2d68bb87,0.10682477191678905,0.4901998647137108,0.2390970346021777,0.16387832876732247,3,2
badb8a6379ac,0.010210228438905445,0.8591595669766665,0.0779218410574274,0.052708363527000555,1,2
bae29add20cf,0.1445715525805533,0.4926086577921337,0.27412508550377884,0.08869470412353404,1,0
bae502afd0c2,0.5885948321188128,0.33769101934802326,0.06816213273418423,0.005552015798979792,0,3
bae643d12bd6,0.056241518257853784,0.7572996305812857,0.11287577859730508,0.07358307256355547,1,0
baf7f4d4a312,0.06659492984125756,0.6996203096501578,0.212016612734412,0.02176814777417279,1,0
bafb7e87a1b9,0.5399442030084342,0.12284194672571112,0.3347548831983545,0.0024589670675000887,0,3
bb251f790a9d,0.03993794899075349,0.9237434307014514,0.028247180354327737,0.00807143995346741,1,3
bb268ee80de6,0.26464037688778486,0.6040965895762569,0.12431638630232045,0.006946647233637858,0,1
bb316c570dea,0.021996192310444612,0.8173449667714187,0.08498816912544138,0.07567067179269528,1,0
bb4e52abc3e7,0.00957260867526538,0.9487892733327297,0.040489892650319756,0.0011482253416851811,1,1
bb5d71cc0b7c,0.7417007825099328,0.13922539998483657,0.11216518315104565,0.0069086343541851745,0,1
bb676fbfcf2f,0.017157176558680088,0.9628519874392598,0.016886491164983496,0.0031043448370765897,1,1
bb74de6c12d6,0.5834751760086484,0.2771466162658354,0.06310699138122125,0.07627121634429496,2,3
bb765720c618,0.01345591313030907,0.9467723851006565,0.03389142342417684,0.0058802783448573485,1,4
bb8a2eded898,0.2253671682955055,0.5810481004318524,0.17240935676266356,0.021175374509978535,3,1
bb8d7ff318fd,0.19900381613605836,0.6929517822057938,0.08209319342809056,0.025951208230057195,0,3
bb8f28b5c369,0.9099278927130772,0.0038796618371048025,0.08362826102704922,0.0025641844227690205,0,3
bba84cc338c3,0.1003309971921552,0.2931809311682345,0.45957816281377806,0.14690990882583227,2,2
bbc14136a5cf,0.04894998906505804,0.7280486172379269,0.19236696133897896,0.030634432358036087,1,3
bbca377a9bed,0.556096353809957,0.2026731254521547,0.23762581894639165,0.0036047017914965906,0,3
bbd9439c6bac,0.2559276627831065,0.4801363086546155,0.17649183912350852,0.08744418943876958,1,0
bbe2678852f9,0.47963945281821846,0.4093535570528733,0.10137716651104314,0.00962982361786536,1,2
bbebf4a7d2df,0.9613682685081114,0.00790650493267625,0.02587325212357841,0.00485197443563393,0,0
bbecf7f6c880,0.05285439923415832,0.8849585315513576,0.05470790943150981,0.00747915978297439,1,1
bbfcab526b80,0.5925319692478673,0.3191966375913855,0.06277268560017986,0.02549870756056734,2,2
bc086ebcfdd4,0.6379929670102242,0.167296393768537,0.09846546998619539,0.0962451692350435,1,1
bc1596dfd0ec,0.032182528429824005,0.8482537986658162,0.11226317802716998,0.0073004948771897464,1,4
bc18de2898c2,0.858883476957447,0.02828023424150374,0.039885971838430914,0.0729503169626183,0,0
bc27460a2859,0.36255880402376905,0.36619853946427117,0.23355977560291594,0.03768288090904381,0,3
bc2b65a2e0e0,0.44951540097443826,0.4911663253125043,0.04349888418150499,0.01581938953155234,1,4
bc3e009078ca,0.015279098612224056,0.4906335664947056,0.4133686713088992,0.08071866358417126,1,3
bc4f1a8bd241,0.4900171384414895,0.3756212665799939,0.1292822373912009,0.005079357587315692,0,3
bc5d38c88259,0.02035726489469931,0.9536589772941653,0.021141439251713714,0.004842318559421707,1,0
bc641c321681,0.04256549464501693,0.8875223299239574,0.06590292673761336,0.004009248693412209,1,3
bc78728ff8a2,0.033618816347741866,0.43326590895740114,0.48567292482135443,0.04744234987350262,1,1
bc7b9c7f6db0,0.1939722953545274,0.5968418686269962,0.1561280259414833,0.05305781007699312,2,1
bc84d476388e,0.849871162869536,0.04112884356999054,0.07393590885873955,0.035064084701734013,0,4
bcc7cc108014,0.12552900348501997,0.5139178331240288,0.3464347384634181,0.014118424927533051,2,1
bcd4b22a208f,0.9765480566368646,0.00919695440225679,0.013013889310528614,0.0012410996503497626,0,1
bcdfafac68b7,0.36232989495299384,0.4688017964277388,0.16163116951580372,0.0072371391034638565,3,1
bce35dd6fafd,0.019134581064380204,0.8766845090773374,0.09422712964090736,0.009953780217374877,0,2
bcee64e12aa2,0.043808069966020144,0.8461153524460198,0.09131116608191314,0.018765411506047127,1,1
bcfb73eb7ad5,0.05041466741717249,0.8624864237242187,0.0743466943456662,0.012752214512942481,1,2
bcfeb0f76b80,0.22155739692138707,0.47682774502125785,0.13305009014839708,0.16856476790895794,0,1
bd0695952ade,0.3073871947816338,0.3117107915145049,0.37599485076976696,0.004907162934094419,2,3
bd0783c01abc,0.09741604642744535,0.7636726042790013,0.13485091734918125,0.004060431944372029,1,2
bd07eaf2191a,0.09705740277792252,0.5616167872934171,0.30730775080814665,0.03401805912051371,1,1
bd1003a23104,0.8526831638534023,0.07022557666571218,0.07208215829779417,0.005009101183091315,2,0
bd65f1e9450d,0.4934259014198113,0.36031470678928196,0.14159246111374224,0.00466693067716447,1,0
bd7354e80f27,0.08805871266565349,0.4542710627078206,0.1926533538088805,0.2650168708176455,0,1
bd9c555b3306,0.06211559705318746,0.9071861589536951,0.02360153975147853,0.007096704241638911,0,1
bda053990c9b,0.5620803185972386,0.20663035391761847,0.22517241314520284,0.006116914339940095,1,1
bda0602c708b,0.2829349213022878,0.5693604337275807,0.12135164754081479,0.02635299742931669,3,3
bdaa322433dc,0.008363830585704713,0.9532353868313694,0.035259429227918034,0.003141353355007875,1,4
bdb9c7c83922,0.20512752337002205,0.19833533122999777,0.5907677505725544,0.005769394827425775,3,0
bdc6b580adb7,0.9532341869297074,0.02334550597806078,0.01976505820577948,0.003655248886452307,3,0
bdd6949b330c,0.33450640035710194,0.45027221555218916,0.189810405265594,0.02541097882511479,1,1
bdd87dcce3de,0.20411413697833775,0.20868238242220188,0.3085252887028015,0.2786781918966588,0,4
bddc88dfb40f,0.7884978138976048,0.14449388247511685,0.05836071620367163,0.00864758742360671,0,3
bde318b15e1e,0.14824067867707627,0.778020386299472,0.06706442616178596,0.006674508861665774,1,2
be0ebd3113b1,0.08455278369534941,0.6387339823300711,0.27179447649406785,0.004918757480511608,0,2
be10f1ab3655,0.16606979510347522,0.33526043262267596,0.4378778276463046,0.06079194462754421,1,3
be16979f2071,0.7778117582225499,0.06428909771792632,0.07306766891411107,0.08483147514541269,3,0
be1a7ddcc19d,0.01558364088741841,0.9224506666533006,0.0589434474925192,0.0030222449667617096,1,0
be27e91fa4a7,0.2541812495234398,0.4839309288802868,0.1865707911956055,0.07531703040066783,2,2
be27ee4c4df3,0.5435040107702712,0.40783287017778186,0.036024367632324084,0.012638751419622913,2,0
be3713bb7bdf,0.12620425712486624,0.6731083095131767,0.14551763651358224,0.055169796848374926,1,3
be64cd408bf7,0.004074627692400166,0.974675771504204,0.007709272537532463,0.013540328265863332,1,1
be71112b8c0e,0.1776524061174622,0.5185300989971229,0.2971218118597797,0.006695683025635221,2,0
be71d3607cf2,0.19669223262417423,0.4712142760421898,0.21575038258756563,0.11634310874607018,2,2
be7bfd0b2237,0.034437379258082705,0.6486216150064011,0.29306485977546926,0.023876145960046915,1,4
be7ff7307411,0.013219046631751724,0.8830243075502378,0.10101397192465132,0.0027426738933591342,1,3
be8295a3e3f1,0.5492159218201356,0.08813009724788173,0.31712182955950835,0.04553215137247429,1,4
be86e0fdf9f3,0.006146807891670742,0.9330855668914935,0.053195554321804055,0.007572070895031713,1,3
be8966fdac91,0.09882919702872621,0.6681667672251763,0.22368027065965373,0.009323765086443801,0,1
be920463ac73,0.13815947959899702,0.6932749686851921,0.16452429507988905,0.004041256635921791,1,0
beb058ee419b,0.832970690228959,0.04403165318629209,0.11650760375142381,0.006490052833325185,0,0
beb148677aba,0.07585763485912582,0.7168150047610446,0.12319199638982953,0.0841353639899999,1,1
beb39eada193,0.8103665923725061,0.059592289086600504,0.10280922561935774,0.027231892921535654,0,3
bebaafc7bfbe,0.02244272683967631,0.9155359785043229,0.02268365988576193,0.03933763477023883,2,1
bec6fb240456,0.06610700753526078,0.6597911326322756,0.2519984079482916,0.022103451884172,1,4
bedd74e98d2e,0.9579531569063865,0.01667146149871737,0.01362111181824457,0.011754269776651519,0,0
beeb9195fe52,0.056416675727155544,0.6296736167386237,0.28722764359007147,0.02668206394414935,1,1
bef9268e8897,0.31749431765503566,0.5432871846814327,0.12468310987835686,0.014535387785174827,1,1
befd9a5119eb,0.10070891213556395,0.6189011895909392,0.25404967714885646,0.026340221124640257,1,4
bf0f4d0e3474,0.0033820943410909914,0.9710241077590797,0.023464658780947088,0.0021291391188822516,1,3
bf1a41bf2a35,0.252851727062979,0.446739486264273,0.23287824680956176,0.06753053986318634,1,1
bf21ae96901c,0.7252681480290385,0.22550832569233026,0.028128754494517585,0.021094771784113793,2,4
bf35d36cf961,0.08390182898753278,0.6890718910187048,0.15570581994099686,0.07132046005276559,3,2
bf3653da2444,0.30830307697446596,0.5512887567700168,0.12134882071963589,0.01905934553588153,1,2
bf3ba5075cab,0.018976554697066914,0.8477909631382782,0.12302528765992378,0.010207194504731005,1,4
bf443fd8264c,0.053516849549701075,0.44461326959598896,0.48555988268895994,0.016309998165350264,2,0
bf503a60ff23,0.86674449842745,0.06777488669722294,0.05304237891772595,0.012438235957601188,0,2
bf529579241b,0.5167503730545474,0.2942208594021661,0.1743067825917101,0.014721984951576427,0,2
bf6bb812ec63,0.9877272495020116,0.00461458797746143,0.0059088352746429615,0.0017493272458839369,0,3
bf6f81be0705,0.2831711415864097,0.4937049984291358,0.2165448582661478,0.006579001718306561,0,3
bf6f84cba47f,0.02286862656680458,0.39817817983854586,0.4823492301639282,0.09660396343072122,2,4
bf718904b796,0.023185876488490246,0.8456210821635165,0.12263613754516965,0.008556903802823456,1,2
bf88ddc2621c,0.048094823162055406,0.8501195666325518,0.07125551465533768,0.030530095550055075,1,3
bf89768fd788,0.15479493366509212,0.21021190759646796,0.6069107875184262,0.028082371220013662,1,4
bf912917376f,0.13686616239161328,0.7705428135682978,0.07735991741072853,0.015231106629360395,1,4
bf9f49c46709,0.3124343213216343,0.5753004609951015,0.09899802822546681,0.013267189457797516,1,2
bfb004fb2bb7,0.4521268947553078,0.49240297476827205,0.03703103343258143,0.018439097043838577,0,1
bfd9d34295ba,0.6018688045630055,0.05968776733227526,0.331217246615024,0.007226181489695311,0,2
bfea52f3ba2e,0.13331001164966078,0.7029524231040856,0.14535311785131877,0.018384447394934895,1,4
bff5c52b5fdc,0.47182519087318786,0.27890103061926946,0.22175748984017724,0.027516288667365493,0,3
c0101bf708f1,0.051801189289143665,0.24018620158843756,0.6807307347173087,0.027281874405110085,3,3
c010f88a494b,0.3765317296603792,0.21124429798490596,0.39396346022746476,0.01826051212725001,0,3
c01889462e54,0.4027694700862777,0.499139646542376,0.09099672434301094,0.0070941590283354105,3,3
c01c4998eddd,0.6854172480127849,0.11636508312106411,0.1837576787947964,0.01445999007135482,0,0
c0319257bdb1,0.13107560091794804,0.6202545825213164,0.18651224569742345,0.062157570863312146,1,2
c0527255e849,0.18475667321891276,0.538989953608408,0.2095350775738859,0.06671829559879341,1,3
c05506118d89,0.05256491316496856,0.9055037329687853,0.030455495059454624,0.011475858806791356,2,3
c065c89e797e,0.757087963315457,0.08180507162135024,0.15636529146240927,0.004741673600783409,0,0
c08ddce7c535,0.06095562776521607,0.8611434913112169,0.05906660926104584,0.018834271662520982,1,3
c08deac36ae6,0.5662523126298246,0.33549358586382044,0.073963859996193,0.024290241510162017,3,4
c08f28069408,0.03213780089528165,0.8166806773718867,0.14722376914406277,0.003957752588769009,1,0
c0a5c404506f,0.004927601857594872,0.1421500489901741,0.8498700508840402,0.0030522982681907016,1,2
c0b31c4ca617,0.39085035203025115,0.07075902133158353,0.513430550452349,0.02496007618581636,2,4
c0b825a70867,0.43902322496518975,0.36292403722581545,0.16694951535517094,0.031103222453823902,2,3
c0be57645ef7,0.05225154517073506,0.7107390558446305,0.09459278159410009,0.14241661739053427,1,1
c0d6283aba70,0.20968643717140403,0.6875430653969057,0.07946959034191947,0.023300907089770964,2,3
c0e02c0cd817,0.7439144981523441,0.08085166858470132,0.1375007273906264,0.03773310587232817,0,4
c11804d10775,0.4040970930011889,0.36108993017359414,0.18368492065524475,0.051128056169972104,1,4
c13f13201af8,0.7204815102111515,0.08908974503227425,0.1866434429995952,0.003785301756979046,2,0
c140fcf4dbce,0.7911782050312324,0.06888994520937948,0.12024536857702757,0.019686481182360452,0,0
c158be090c57,0.07267772877020037,0.8174853051968298,0.08722828625292309,0.02260867978004673,1,4
c15c667317d8,0.05220841801497223,0.7285901418118444,0.19596031565182553,0.023241124521357834,0,2
c15db163ce39,0.00852834730360956,0.8213375788579935,0.15237740552005993,0.017756668318336798,1,4
c18d22653598,0.414617403656618,0.48661985431286553,0.09432668746652585,0.004436054563990441,1,4
c194eef4058d,0.6954313576701024,0.23434250775720816,0.04420349003812419,0.026022644534565296,2,4
c1a4593e3210,0.804725953217548,0.06395009414557896,0.12171918112278136,0.009604771514091717,0,1
c1b4cc5a3d82,0.08019761873120909,0.8419608249947441,0.04975403341551341,0.028087522858533522,2,2
c1ba276f8ca1,0.520888386157622,0.30197686129338486,0.16829572244168126,0.008839030107311947,0,3
c1ba4d912111,0.6954401539998009,0.1600267165427406,0.12546154235774573,0.019071587099712954,1,4
c1d61c52bdfd,0.012793869039282512,0.6827415690121976,0.3006626290602107,0.0038019328883090587,2,1
c1d724ba4d21,0.6250672429416284,0.0924216551877576,0.255154408672193,0.027356693198420823,2,0
c1da0e5b5e7f,0.005611655820138982,0.9807986552499922,0.011555273192066859,0.0020344157378018694,1,3
c1ecb74c1260,0.1322562927928685,0.8153755145908613,0.02838570476872999,0.023982487847540104,1,2
c1f2fb51a794,0.05340704104959213,0.5229939677448295,0.36174035976182894,0.06185863144374949,1,1
c2168febb64d,0.20876847270067447,0.6178037498405171,0.15079373965293336,0.02263403780587502,0,1
c21b75627e3b,0.5052807215590228,0.2470797880498827,0.11870497154791565,0.12893451884317883,2,3
c22387a717a0,0.04759686974584163,0.7295510828212279,0.20007979470086446,0.02277225273206579,2,0
c229eccad476,0.3922343249406425,0.37878697258409466,0.2103968748619021,0.018581827613360802,1,0
c22d3ee72d3f,0.04515063305561779,0.7986839514069346,0.15438558863987442,0.0017798268975729873,2,2
c23033b658e0,0.18972577705276242,0.5774498253703602,0.22283281938244276,0.009991578194434757,1,3
c2317b1e87a8,0.4162665526342546,0.44327746893900044,0.13494123178694786,0.005514746639797036,1,0
c2349438eb7d,0.24820724243400388,0.5104282052873962,0.2022133879195834,0.03915116435901641,2,1
c23f590fff4f,0.018186866020066177,0.6741153615959906,0.3049023276840098,0.0027954446999334187,1,0
c24d4d4534d4,0.9156356237838424,0.046700977799107084,0.03498394386457622,0.0026794545524742594,0,1
c24d9ce8858f,0.708468640636688,0.1332897152620041,0.1324025439566938,0.02583910014461412,1,4
c25107e62d1e,0.0030302808235578753,0.9785618337099531,0.00888677142302063,0.009521114043468504,1,1
c251f8956347,0.47102135368822295,0.4181599965912431,0.1056071866289555,0.0052114630915787085,1,2
c256d52076a4,0.291708715307881,0.2847058662055669,0.40254337294840814,0.02104204553814392,1,4
c25d9133b16e,0.07356712989200172,0.863867418877859,0.05034277596470109,0.012222675265438132,1,0
c26bc0272129,0.5262120226581256,0.2798272088165342,0.1693338776458153,0.02462689087952495,0,1
c27577f295b8,0.95705470140449,0.01180797430043556,0.02854972745939859,0.002587596835675879,2,4
c27f7fb9e1db,0.5859933035263584,0.23608246830000804,0.10232771225954158,0.07559651591409197,0,2
c29970048923,0.14369373961414422,0.42742559730371504,0.37322867140804855,0.05565199167409228,1,0
c2adb9afbb5f,0.06288263782008191,0.2388136252906541,0.646921510676549,0.05138222621271497,0,1
c2c53475d6c8,0.17464650623196598,0.6444150871582556,0.13277910259627432,0.0481593040135041,2,4
c2d117c7b9fc,0.1482336274489592,0.7923980679972129,0.029033986091485466,0.030334318462342556,1,4
c2f87da261ed,0.04803867453797286,0.7396305180880293,0.14633303310736565,0.06599777426663211,1,0
c3009b38115d,0.0392829046227062,0.6578070316132228,0.2506689232609722,0.05224114050309875,1,1
c3107aac6a7d,0.041216379748617256,0.5858552563091125,0.28542795882381283,0.08750040511845737,1,3
c3200a1427a8,0.13373974549862988,0.6681619619658196,0.1579348950229922,0.040163397512558464,2,3
c32b58cf3fcf,0.5529346077199009,0.21230402065149995,0.22469456717860864,0.010066804449990592,1,3
c33551d1160d,0.22681034048760296,0.49799045037920864,0.14987900098714418,0.12532020814604428,2,0
c336b6ddd31e,0.5807114971823809,0.24567717956934598,0.15531471553936893,0.01829660770890415,1,3
c346c7718800,0.08815237251744389,0.8536485124800403,0.028435064418622622,0.02976405058389335,3,3
c34c3d0cb965,0.015390315320604543,0.9479265351293915,0.03379893244739469,0.002884217102609189,1,1
c35596515b04,0.057857522161444366,0.826290932425202,0.09953838064294368,0.016313164770409904,0,3
c36730438f84,0.66757751384136,0.13648000038163505,0.1747450037674834,0.021197482009521675,0,1
c36802596bf8,0.07985937182660247,0.7772255281714049,0.1359100888008623,0.007005011201130471,2,2
c36cde17cd04,0.023572431721626402,0.5867738251223703,0.34777456055396966,0.041879182602033785,0,1
c3835f6d361a,0.03154310514511394,0.8504671579311481,0.07745862779588232,0.04053110912785564,2,4
c38afaf25923,0.27279264891237714,0.43715903961764835,0.2743429772278068,0.015705334242167652,0,0
c39d68397d84,0.2633012487235987,0.6466511169605763,0.06792694114611866,0.0221206931697063,1,1
c3a48893191e,0.4540910585560791,0.47498854642979293,0.048095740200414266,0.022824654813713527,0,0
c3b236f3b68d,0.7069633661391752,0.10012258492215297,0.17963097438815537,0.01328307455051643,0,4
c3b54c0f1f3a,0.13247403712938743,0.7005687097471619,0.13503633501078305,0.03192091811266768,1,2
c3c51d97acf5,0.3571291679806883,0.27367122207749733,0.3211420968776359,0.04805751306417852,1,3
c3c8292e31e4,0.9933582438394987,0.002157446289826474,0.0031421355412474547,0.0013421743294273765,0,3
c3cd6826fd20,0.26479697417587367,0.3729049164195059,0.2256710311462265,0.1366270782583941,2,4
c3d5876a73a1,0.04205970255618855,0.5635075345067454,0.3909803623457503,0.0034524005913158544,2,2
c3da9334b162,0.04586339217727403,0.6228712936672907,0.2732066290980216,0.05805868505741375,3,1
c3f453d9e744,0.03663767236423861,0.854423834911699,0.08739478579157199,0.021543706932490355,1,0
c410870ee506,0.3391113362612399,0.2261969691490618,0.4302516102032024,0.004440084386495762,0,4
c41c937123f7,0.025901294185420403,0.8278665279849202,0.12918694362183533,0.01704523420782414,1,2
c4201775db63,0.13174505725457422,0.18957842275090753,0.6539750215200789,0.02470149847443933,0,0
c4272626019e,0.24998365642240872,0.40660878418754526,0.3124773761706473,0.030930183219398714,0,4
c42bf9c1becb,0.5888279342705457,0.17942816094779315,0.2185548856598715,0.013189019121789707,0,4
c4328d32e545,0.0267440434004652,0.9223825619936701,0.04980996590000049,0.0010634287058642613,1,2
c445c6365449,0.5796961052451632,0.26858098293078714,0.14074939147680376,0.010973520347245807,2,3
c45d664b2d3b,0.047189851287786584,0.8608393730546932,0.05748484656351702,0.034485929094003345,2,0
c471f279da8d,0.06270634873538722,0.33647856608585985,0.23922347747045938,0.36159160770829357,0,3
c4749d8f848a,0.008736777333970045,0.8567790074984234,0.11410469466920527,0.02037952049840155,2,2
c474e013e0af,0.035303204321686876,0.895312746912738,0.0655467666259499,0.003837282139625226,1,3
c4870e289de7,0.059746991043487185,0.7327146892691927,0.16607624875207128,0.04146207093524893,1,0
c48aac4f37c3,0.3954938523796118,0.44069926073071136,0.14748368002513446,0.016323206864542427,1,3
c4a1e07b68b8,0.5313057648963083,0.28500758247086205,0.1704601395111322,0.013226513121697434,0,4
c4ac6f824edf,0.5346002535927371,0.19548744763196332,0.07120244062616442,0.19870985814913517,3,1
c4b86ed06eba,0.22043374306289223,0.4879260204477435,0.23236583866287763,0.059274397826486636,1,4
c4bc22f2003f,0.7658642967019448,0.08694777804712474,0.1418294651940205,0.005358460056909917,0,3
c4c9da010bb7,0.4384161224611763,0.49670655639756134,0.04586486205573409,0.019012459085528424,0,0
c4dceddea945,0.2819708791280517,0.40033074987040407,0.3130446141002654,0.004653756901278755,2,2
c4de7c5901ce,0.7699767976247047,0.03394340063754478,0.1955444631129949,0.0005353386247555183,0,3
c4ded198c3f1,0.003989182937696361,0.6149221898828954,0.30216999623610374,0.07891863094330454,1,3
c4fab7c2a354,0.1634333420803449,0.5480530504899725,0.24957480262987536,0.03893880479980719,2,4
c50020785833,0.6961343487608278,0.04886357149112934,0.24934320950364502,0.005658870244397773,0,0
c50278df84d0,0.027134191613502244,0.572267787942269,0.3832516795065399,0.0173463409376889,0,3
c508e7ff4063,0.09058269448596858,0.6376861528632901,0.25764596391630673,0.014085188734434591,2,3
c50ade6786c1,0.03672605389630132,0.6113924945296673,0.263118901545146,0.08876255002888556,1,4
c51701835609,0.06784443385686567,0.8895073192303877,0.012025611229331365,0.03062263568341522,2,3
c52f27b9bff5,0.048997609610318515,0.23562902795606847,0.0901214078919521,0.6252519545416609,3,1
c539ad81cc2b,0.09477106232991608,0.4946897229602403,0.3701621124139765,0.04037710229586712,1,0
c544a46adac8,0.011234849214511483,0.9070398917302069,0.07184684502281737,0.009878414032464212,1,1
c553748e7049,0.3063774450105764,0.5195518535779375,0.1628600023494281,0.011210699062057987,2,2
c55dcf172e5b,0.018912105697011863,0.6918835084470065,0.27555695933619173,0.013647426519789752,1,4
c5634cea013f,0.1171328231921545,0.6270757035917692,0.16453571657848837,0.09125575663758781,1,3
c56bbac149cc,0.006837554763279074,0.9589749954269753,0.028120645392523264,0.0060668044172222674,1,4
c57c345cc6a1,0.4481726788284424,0.23211956414301962,0.2252595401495582,0.09444821687897963,2,1
c58d3494fd01,0.014285225165255457,0.7513704220026258,0.2049181789432291,0.029426173888889535,1,2
c58f890db01a,0.5195781284832579,0.3514030053133132,0.11749031466627531,0.011528551537153578,0,4
c5a5dd5ecc62,0.5824336927614009,0.1912728586408088,0.09603467636385699,0.1302587722339334,0,2
c5ae5513399f,0.09978002062358474,0.5513954635020192,0.3241328454944588,0.024691670379937334,1,0
c5af2a9953f1,0.18552841970101672,0.7282131575188311,0.07555603763232374,0.010702385147828432,1,1
c5bed0d55643,0.18498475113076773,0.4672661475081074,0.30688235456610685,0.040866746795018144,1,3
c5c7c1b15da4,0.0571766811828788,0.8396530262405312,0.0888106141849998,0.014359678391590488,1,1
c5f847a87bd2,0.4580850341298569,0.34269722460042645,0.15319411300078412,0.046023628268932394,0,3
c612fea06981,0.030816078028995768,0.8657515380731228,0.054805943875059084,0.04862644002282247,2,3
c61ce24f4011,0.05629254236615696,0.8431005110234369,0.02162933622489164,0.07897761038551444,1,1
c631e5f031a9,0.06673796646948195,0.8127477122353199,0.06915028829632487,0.05136403299887321,1,0
c63c77cebf53,0.4761110936846898,0.2972591264290091,0.1907940586742087,0.035835721212092386,1,1
c640c29623c8,0.7985252678813276,0.07383292475952105,0.11990342350386789,0.007738383855283339,2,0
c640e58f2c3e,0.1400961294511144,0.4693911247307816,0.3782264532998015,0.01228629251830249,0,4
c64a6fceed0e,0.00867999407131053,0.9690602708165845,0.019626894546766444,0.0026328405653386054,1,1
c6583ca18178,0.6374403551038619,0.2534136647552249,0.07894279930287691,0.030203180838036303,1,3
c65ed6750934,0.009378349734566525,0.7597284365095125,0.22250089307166,0.008392320684260964,1,3
c6621edbc480,0.05132770684053075,0.8336795771322131,0.09835535308534461,0.01663736294191167,1,4
c662e2746cbf,0.04051958090776621,0.7538957371146404,0.17007299471877624,0.03551168725881714,1,1
c671c042f2c2,0.3704530776749891,0.5066985194779944,0.10500607593301607,0.01784232691400054,1,2
c67a9e39ade5,0.5443580357887126,0.27528055415524927,0.0909268502034981,0.08943455985254002,1,3
c69bf860eb88,0.6941561244647163,0.2672371696156666,0.033628676346555475,0.004978029573061526,0,0
c6a376032cfd,0.5139158220345265,0.30166426975331984,0.12733461648412128,0.05708529172803243,2,0
c6a5e29975eb,0.3000861593088794,0.65449609550493,0.041596707228661975,0.0038210379575286456,1,4
c6ab9c7ba459,0.04617553424897568,0.4517477965309946,0.4952932332176518,0.0067834360023778005,3,4
c6b1e11a8f4e,0.053857357450883284,0.5747825385328351,0.19136219722556008,0.17999790679072158,1,0
c6c5e04f3a24,0.653043478712775,0.0713772456455273,0.23582662033926716,0.03975265530243044,3,2
c6d8c8e90ab4,0.0277335251296033,0.891053162502168,0.06572340909550707,0.015489903272721713,1,2
c6db7683f622,0.44954189202093253,0.3772853536722925,0.14580436638764463,0.027368387919130533,2,2
c6deeff2bd56,0.6379749960386387,0.24084520343417404,0.11472010360752855,0.006459696919658671,2,0
c6e15cb1f2a8,0.005839176159288835,0.8621352405745414,0.05784145625078999,0.07418412701537985,1,4
c6e1b0f07d2b,0.03727070591461227,0.8414416253400051,0.0973729145344788,0.023914754210903742,1,0
c6e9ee8fbf4e,0.08496570828502609,0.8478662479746479,0.055380350479388586,0.011787693260937438,2,3
c6ed4ed3f93c,0.09435069483365989,0.12969469588264557,0.060749753694203226,0.7152048555894912,3,4
c6f036281ae4,0.617533279873472,0.14734835184831743,0.22226063730407786,0.01285773097413266,1,0
c6f8052c3084,0.2936458738876539,0.6182707190757326,0.07110942122580761,0.0169739858108058,2,4
c6fd58768e03,0.9417026563040346,0.006937293732403322,0.04856014303900268,0.0027999069245592824,2,0
c70369caef91,0.018015143175335042,0.9166300864377082,0.061738382943113894,0.003616387443842983,2,1
c712a4ef7476,0.15801603196267616,0.7659875530039002,0.07185691976287459,0.00413949527054905,2,1
c71c8eb2df69,0.15112071277967046,0.5886274398859057,0.18412237791815178,0.07612946941627194,1,1
c7291b008baf,0.0668381139903377,0.8992296299440297,0.021443332540187855,0.012488923525444747,2,0
c732dd163d0d,0.6128806461311498,0.0969082444105362,0.24090486554325452,0.049306243915059486,1,1
c7426be07170,0.01133698313801213,0.4968538091384609,0.4533322573704339,0.03847695035309322,1,4
c74b100b835f,0.5319129779672866,0.3076277854506854,0.1272677894656492,0.03319144711637866,0,4
c74f9b3910a5,0.19787367865360586,0.6884715247981256,0.09781336858434943,0.015841427963919148,0,4
c75957219940,0.03601849080129228,0.8833882276248258,0.07604828517739229,0.004544996396489461,1,4
c76676090cdc,0.2919833258839963,0.4465412087677449,0.24586208007657417,0.015613385271684762,1,4
c766fc255651,0.13836938826539832,0.49121302725191945,0.2974090860958335,0.0730084983868487,2,2
c76b8d3f1402,0.5470621719972297,0.08200036365510105,0.3351251913626927,0.03581227298497649,0,3
c77364a32ea4,0.2165858206201628,0.35646302783930006,0.40312056449006506,0.023830587050472196,0,2
c77ad8c72093,0.004311421380985214,0.9880090436676691,0.005769621934719123,0.0019099130166268278,1,3
c79e944eb6ae,0.31111089368901906,0.47147246844277496,0.1245294973110067,0.09288714055719931,2,3
c7be24e7b7c0,0.07455233494798406,0.4565722428755491,0.45302686527442304,0.01584855690204373,3,2
c7c00de9cb9f,0.4939433127459736,0.36479108702642377,0.13822757993865006,0.0030380202889524577,3,0
c7c53a0fcccc,0.1475298944067894,0.3608298036366103,0.48042372578065123,0.01121657617594905,1,3
c7cb4bb07b69,0.7522326157335509,0.21167813042073658,0.02334393664463415,0.012745317201078434,0,2
c7d21e91ecb8,0.15341414309110496,0.4461084057390157,0.3540045822933559,0.04647286887652344,0,0
c7d9660daaa5,0.060164494234351315,0.7875000168360212,0.136705257382203,0.01563023154742467,0,1
c7da9786faff,0.469496507472315,0.421619688167092,0.08696349441659436,0.02192030994399871,1,1
c7f9cb4677dd,0.8987819416576396,0.061037662694424864,0.031031816055595657,0.009148579592339985,0,1
c7ff315a07d2,0.33568754297133907,0.2982903312435331,0.35864247175165476,0.007379654033473116,2,4
c804cb63b917,0.10361953215711348,0.681572394690334,0.18681225762919365,0.027995815523358863,1,0
c805bfb98923,0.5095295065493458,0.3261329547657948,0.08850797659800334,0.07582956208685608,1,2
c806bfda328f,0.12065536387728786,0.24696596562455886,0.5399888922887335,0.09238977820941974,0,1
c806e55aadeb,0.06633756965555394,0.8705588436593782,0.05739825429658229,0.005705332388485408,0,1
c8113e6ba961,0.9321097938658021,0.018538890260187877,0.04083385645381717,0.008517459420192785,1,1
c85b74b2f14d,0.18270169500657277,0.11745518659461704,0.6417609007865425,0.05808221761226762,2,3
c87797d3e4a4,0.7461898362074338,0.1391382004587214,0.10484426269796769,0.009827700635876943,0,3
c8787f51904f,0.10792212450211143,0.6666504550084665,0.20011222344639457,0.02531519704302749,1,4
c878e9f77705,0.03512552678419276,0.5592315819525513,0.318674020570916,0.08696887069234005,0,3
c87a812df3e3,0.8944175355349112,0.05423070875869065,0.0369731163928936,0.014378639313504648,0,0
c87fc2d62863,0.3281891211249311,0.5965505546926113,0.045213130720959685,0.030047193461497916,0,0
c889f01b32c4,0.04848622950682546,0.8989822695656486,0.047114312063079096,0.005417188864446729,2,1
c8939c198758,0.0867244068938897,0.8851305198001739,0.021595043912592905,0.006550029393343499,0,4
c8970add821a,0.06320631444282236,0.8237222285810775,0.09113950132776041,0.021931955648339687,1,1
c8a262f4d593,0.6370227029173195,0.12378267496630452,0.23202620531467003,0.0071684168017059745,3,3
c8b578ee523f,0.2686574285794355,0.6646281334536973,0.061174649402721167,0.005539788564146049,2,4
c8d0b3531ba0,0.04413075431136233,0.6047562621956021,0.2357957567706686,0.11531722672236709,3,1
c8ec0362eb1d,0.054842785854907226,0.8423932802280449,0.06923137349003156,0.03353256042701612,1,1
c8ece2a8d2b4,0.9602922293532025,0.029043542801524533,0.0067469664578611995,0.0039172613874117615,0,0
c8fba581da8b,0.9273681793873363,0.03795167471764731,0.012853660443392511,0.021826485451623846,2,2
c9171bcfd1f9,0.938878825806578,0.016697258780951928,0.043166459779080124,0.0012574556333898048,0,1
c925ca312688,0.24675924416070583,0.49549460627895126,0.2430645770050104,0.01468157255533236,0,3
c92965e46fe3,0.5109685494233848,0.17207579502069975,0.3070856779399342,0.009869977615981289,2,3
c9377445d2c5,0.10045292837917075,0.8051354702798417,0.08429320752001247,0.010118393820975192,3,4
c942b7beb3c8,0.1145508466854865,0.32937716148798435,0.23071389917022583,0.32535809265630333,3,4
c963416e4f73,0.9469091887333029,0.00979283258769605,0.04286983742863898,0.000428141250362,0,4
c9a187b33acc,0.046909077099813255,0.7063561436260423,0.1896503411237409,0.05708443815040359,1,0
c9b48db00217,0.25477527935507577,0.25377216537905767,0.4713903093122266,0.02006224595364003,1,3
c9bf4ff8d7e8,0.9395740048596726,0.012723099408239513,0.024657879525870986,0.023045016206216958,1,2
c9cbca627e30,0.006018980225054194,0.9723356975482661,0.0158989772348974,0.005746344991782543,1,1
c9dfce6a3b7f,0.03874127716499805,0.8680830659261243,0.03466746791266971,0.05850818899620789,1,3
c9e4975d5ae8,0.002750990884761331,0.9769640900051265,0.017584970539083894,0.0026999485710280996,2,3
c9fb827e89a4,0.10609188659778895,0.7585008729198668,0.11960310762330137,0.01580413285904304,3,4
c9ffe6312921,0.09954069914412682,0.5745940343407079,0.3057523442824218,0.02011292223274364,1,1
ca0faad019c5,0.045238793761233465,0.7898628579610592,0.13465201187449186,0.030246336403215585,1,0
ca12997e60a4,0.6420295965839589,0.16556883772007094,0.16389462295438878,0.028506942741581463,1,0
ca1c191b5af2,0.017197746929756327,0.9034493261707114,0.060374027924257063,0.01897889897527536,3,1
ca306996a98d,0.1232783990932707,0.7613321441412408,0.10753329567550671,0.007856161089981845,1,3
ca37589b5766,0.5023851017048387,0.3355149839718912,0.11301011436033448,0.04908979996293559,0,0
ca436c68f046,0.01939386171575608,0.9648756726055592,0.009549559584982728,0.006180906093701955,1,3
ca4ae1f8356a,0.1097728149872658,0.7456307329497255,0.12068715622982713,0.02390929583318148,2,4
ca4bd49ea348,0.09163510098962886,0.6088023834478825,0.2610850918694789,0.03847742369300969,2,0
ca54d15e5311,0.40797284257330085,0.20288899774134198,0.3634467444919203,0.025691415193437032,1,1
caa1a1861fab,0.6705284996884345,0.17061239349718038,0.1567215723466373,0.002137534467747762,2,1
caae1729c701,0.32221294864231537,0.5080667077671439,0.13873381900830664,0.03098652458223411,2,3
cab686c551eb,0.8087122208993021,0.048795222433784154,0.1302653135201602,0.012227243146753672,0,3
cac4d4c92312,0.20050010760599823,0.3426213887583993,0.4330225009879845,0.023856002647617922,2,4
cac903938518,0.02764202507084692,0.8125867250246191,0.15571772055268135,0.004053529351852538,1,4
cacc8f5f2c2e,0.052392616257835936,0.8819482494322827,0.01580544688545105,0.049853687424430235,2,2
cad19e55e9f8,0.01092382945232302,0.9069239228871555,0.08093224690199853,0.0012200007585229124,1,0
cb04434a6c7e,0.4448847228864029,0.34952648384112106,0.17658006749860225,0.029008725773873697,1,2
cb0d6854e691,0.07398159964051144,0.37947024129523343,0.5245901022778853,0.02195805678636984,1,4
cb2949b1aa32,0.07565405932401317,0.6851646029195014,0.218074929092738,0.021106408663747384,1,0
cb4d8159a8bf,0.1100435028561998,0.3968188119484084,0.45920811849040544,0.03392956670498643,3,0
cb542a3e1086,0.09169976608883702,0.7365536742316176,0.1473293281660522,0.02441723151349311,1,2
cb6673ee6433,0.7549449602598433,0.10130563946067665,0.06380022339758447,0.07994917688189565,2,4
cb8d01dc0d0b,0.017806273403460346,0.9501474535343994,0.020209255734502933,0.011837017327637355,1,2
cb9e68a7ddc6,0.19399957608991453,0.6161611594455649,0.1792929388647307,0.010546325599789892,0,3
cba7dd0a06d2,0.36394949677736155,0.3340258364456128,0.29970715311438634,0.002317513662639341,3,4
cbaee64f9d29,0.6032070601215452,0.3238468957338347,0.06857709810973385,0.004368946034886165,1,3
cbb7b764ca87,0.8554481414107519,0.03676229437773227,0.07747697516142463,0.030312589050091293,0,3
cbbc6e5e7141,0.5339868854493431,0.3614059125510323,0.0957673729855471,0.008839829014077488,0,4
cbc5b788ab7d,0.11404296346042304,0.7058286458984416,0.14948113429253473,0.03064725634860073,2,2
cbcc9c2bfaa3,0.04586790971498229,0.872867191204121,0.08017115493059401,0.001093744150302546,1,1
cbe28b52b282,0.023531019968064754,0.8313863932367154,0.05017624865007441,0.09490633814514558,2,2
cbe5d39a75bd,0.18056952714055874,0.35378922233071103,0.4512094775993641,0.014431772929366196,3,3
cbf3b338fae0,0.020546177144481155,0.7575751544858577,0.18438032725179151,0.037498341117869725,2,2
cc127cda72f8,0.22306657646037653,0.4164885951488985,0.35672999835722763,0.0037148300334972585,2,4
cc214df24ffd,0.15821396469120383,0.518413994689592,0.2698307474965223,0.05354129312268189,2,3
cc4e5235357b,0.2523882472143827,0.13495489509029648,0.5549153136593824,0.05774154403593845,1,3
cc4f74e87040,0.29564506354416714,0.5106634969977195,0.18264066229233786,0.011050777165775481,1,1
cc5dac252ddf,0.002823957494719371,0.9663487788205724,0.029843023172762554,0.000984240511945596,1,2
cc5ff5b6356f,0.09790196926121113,0.7158558189081102,0.1582871830045802,0.027955028826098332,1,1
cc7cafd867f1,0.003974334373640235,0.93387306032665,0.05846639833668201,0.0036862069630278905,1,0
cc7fff1668bc,0.09698001569807523,0.68223009934933,0.1885094980973767,0.03228038685521808,1,1
ccb2bb7d0986,0.02271078853513191,0.9582074417096076,0.013815304900885101,0.005266464854375466,3,3
ccb8df9dddce,0.04988414474218482,0.813698106564736,0.11170407445406236,0.024713674239016978,1,0
ccd2dee9eaf9,0.1397998759991278,0.6397885881421976,0.15130425153856772,0.06910728432010683,2,4
cceb9796da02,0.9462793529786836,0.0272223393873261,0.02484210014642893,0.001656207487561279,0,1
ccf4402a880e,0.787066114537775,0.13858739481741975,0.05520759298975289,0.019138897655052483,2,4
cd009edaae20,0.44408243467006514,0.3616106546836244,0.17808652326397117,0.01622038738233927,2,3
cd082bbb2799,0.21402711843527397,0.741783368698361,0.03742599138759398,0.006763521478771106,0,4
cd22baf7bb69,0.8430489468234397,0.06955337947390827,0.0777073643765662,0.009690309326085953,0,1
cd26a806db43,0.6073542146785679,0.22393573323027433,0.16446446216343377,0.004245589927724173,2,0
cd3829a517ea,0.4170797635093979,0.41012835147033316,0.1484810943822565,0.024310790638012347,0,4
cd3f1572832b,0.13199245734699888,0.6361327841523803,0.15758687761834086,0.07428788088228,1,2
cd430a024263,0.03865118543170424,0.8924503887583324,0.04361996094058719,0.025278464869376245,1,4
cd4526f0c63a,0.07051572279638665,0.8177671989777667,0.10090441895098841,0.010812659274858066,1,3
cd50cfa54f6d,0.8600616311999117,0.08653323470575754,0.05184915524065921,0.0015559788536713946,0,2
cd5dd5e6f3f5,0.27995180755710736,0.4101049645261686,0.2905829278408505,0.01936030007587354,0,0
cd6d6e960d3d,0.14741764496185006,0.5119176362791813,0.31566532247139234,0.024999396287576234,1,4
cd7b8745e046,0.44490188750162446,0.3511954230538164,0.19105602824704607,0.01284666119751302,0,1
cd8dc0c789ae,0.023306038850576628,0.9344847681997729,0.018001318972556732,0.024207873977093567,1,2
cd97a120b1e0,0.02075772971090733,0.2491711359148762,0.4467491314358216,0.2833220029383949,1,4
cd9eb8ab35bb,0.883301281792261,0.05665938351422287,0.05949166706568789,0.0005476676278283209,0,0
cda63d7fef2c,0.10271830825475971,0.27515413058346505,0.5643555212778953,0.05777203988387997,1,1
cdbd8e529c4f,0.13685534152092224,0.268732912372777,0.4058535305322427,0.18855821557405794,3,1
cdbe08f51795,0.041069939112950066,0.7928246751476394,0.14842453678920361,0.017680848950207034,2,1
cdd15519ddb1,0.06538214655024899,0.9006437699756173,0.032099936277912564,0.0018741471962212012,1,4
cdd75add0930,0.00868530548621122,0.953082372501232,0.01263709946555577,0.02559522254700118,2,3
cdda51ee9f0f,0.03690603623265475,0.7397762050949307,0.21800061415842842,0.0053171445139861065,1,2
cde0ab9526da,0.3875922905644115,0.2599477231817775,0.29319837997852,0.05926160627529095,1,2
cdea7e206121,0.27312170326288254,0.5298249067965686,0.1076391712462649,0.08941421869428394,0,0
ce193df4c0fa,0.26090811488300975,0.7184047657133987,0.017871352210924358,0.0028157671926671807,1,1
ce1bc101c635,0.05310285419877241,0.8234614530145694,0.11925262437473234,0.0041830684119257494,1,3
ce20472bb087,0.21508573124290709,0.7361476097357451,0.04292301323682966,0.00584364578451821,1,4
ce2cb41ebc7c,0.12165302413571158,0.4088512586354322,0.4458669612027647,0.02362875602609146,2,4
ce55217f14e9,0.5117598048085655,0.2852450469983936,0.16802408219332593,0.034971065999714994,2,3
ce5c24b1bb3a,0.12359612986334326,0.6111756200467012,0.23925397722559225,0.02597427286436321,1,3
ce61060be9c9,0.014786309455014798,0.6959106423781857,0.27471324371831685,0.014589804448482669,1,0
ce63acbfe9b9,0.5034647446365891,0.3013343095468025,0.189443921240825,0.005757024575783417,1,4
ce65f4a0c584,0.1041696917633866,0.41594720983585354,0.19967374191504583,0.28020935648571405,0,4
ce67c56d3bf0,0.02858656473793228,0.848164432096794,0.1186960638708056,0.004552939294468145,1,4
ce7450de80f5,0.35813589798024414,0.5078968817817028,0.12094566151100973,0.013021558727043324,0,3
ce9c6941be72,0.013427462712812062,0.9068084819408958,0.06436656315441842,0.015397492191873724,1,4
ce9fab84f90b,0.46016387786133817,0.47428705757110257,0.06145466777154887,0.00409439679601023,2,4
ceb994683b51,0.18843095409152472,0.7481946824308987,0.05394029734468508,0.009434066132891446,2,0
cec0cef8568d,0.8004865192242852,0.10241359384249027,0.09181425971982365,0.005285627213401104,0,4
cec6e9fb134a,0.29401059692705284,0.5635839276635691,0.09154579215830093,0.05085968325107709,2,2
cf002a39bb2d,0.016997387917375335,0.5755312121933269,0.355264038574828,0.052207361314469694,1,3
cf03351eb58e,0.005004936042315907,0.9102550417611485,0.08427387343933468,0.00046614875720106975,1,2
cf14bc7095a1,0.15027989321378094,0.07831547778938668,0.7276693872269135,0.04373524176991887,1,3
cf1a94eeef5d,0.06034598844595132,0.4188924134735798,0.08446125591369837,0.4363003421667705,1,0
cf201551aaec,0.8375312230915185,0.055809717865264175,0.08700898728298471,0.019650071760232684,0,0
cf2bccfe763c,0.9095252481486024,0.013197029357355231,0.07243608070279772,0.004841641791244667,0,4
cf6018adf8b8,0.5506893557658811,0.3088341625913902,0.1084982620203669,0.031978219622361935,2,3
cf62b87ad83f,0.6642811994179982,0.27989850600411487,0.03510584858250572,0.02071444599538114,2,1
cf6b1f181849,0.000641275205520109,0.9871728999210664,0.011468980747640871,0.0007168441257727018,1,2
cf70a03d178c,0.05334491408177661,0.47414907792365757,0.40757481312248456,0.06493119487208113,3,0
cf7676dce2ad,0.02687184197357023,0.7306023222801666,0.17405179799075557,0.06847403775550746,1,2
cf7ca67c9c68,0.05943005953971947,0.7671052913012965,0.16105090286730095,0.012413746291683209,1,1
cfa126dc4fe9,0.004366289704250678,0.9778634108094321,0.00901414721935434,0.008756152266962938,1,4
cfba05e7880c,0.0217511389491906,0.9291728175961669,0.03325349615442236,0.01582254730022004,0,4
cfc48a3e03b9,0.06374260301860991,0.8703506460332148,0.06105763206536385,0.004849118882811344,1,1
cfccf6cf66a1,0.6266786274365068,0.21244555343082874,0.13421534584953104,0.02666047328313348,1,1
cff920a92b58,0.24566979908870246,0.3495961298693052,0.31441066114218147,0.09032340989981089,0,1
d00803e34bd5,0.0549067692507418,0.44612318811992024,0.4057124061789566,0.09325763645038154,1,3
d00ba06748c5,0.2776993385714122,0.269241149925813,0.40192239953078496,0.051137111971989946,2,1
d00f5621947f,0.06488517400110262,0.5982318542892376,0.32567857329784744,0.011204398411812354,3,4
d02dc4dbc13a,0.10706489300428661,0.6898625047421351,0.19567045160834787,0.007402150645230525,1,3
d02f7a78a972,0.036122975538870006,0.8243874396777262,0.13457961871872376,0.004909966064680033,1,3
d030fc74ae1a,0.20441283329751286,0.3429994747668991,0.19861154541239878,0.25397614652318934,3,4
d036460bb847,0.10079807577541354,0.5896005435387164,0.1483262638377188,0.16127511684815124,3,4
d03988d6ee6a,0.438816753327588,0.15572859012634696,0.38042533015287083,0.025029326393194225,0,2
d0696b014aca,0.28998600718146844,0.48815661288020157,0.19083479815237234,0.03102258178595754,0,1
d07ea6d8fcd8,0.5822591421449412,0.33611675549669967,0.07021231828345197,0.011411784074907077,0,2
d07f235fa353,0.12085140898631361,0.37990180457976275,0.4904433532486143,0.008803433185309245,2,0
d0906bce2ac6,0.17431158991180049,0.4733462200862624,0.32654606048274226,0.02579612951919485,1,4
d0bdcd1a721d,0.21822098553079775,0.6163883462970485,0.12192297781813685,0.043467690354016854,2,1
d0e43623f62e,0.2254130369718981,0.5196575735115322,0.10211103437350669,0.15281835514306302,1,2
d0e855bbced0,0.005736709199112302,0.9464615892484702,0.046735194387492414,0.001066507164924945,1,3
d0fb37d9aeb8,0.1551537859353369,0.606314746907489,0.15984232552715844,0.07868914163001561,1,0
d0fdb5a98cb9,0.22360756688647754,0.2136404169363129,0.5161060381735696,0.04664597800364004,0,3
d0ffd118611e,0.7865933882474486,0.04829540190825669,0.09093424228294754,0.07417696756134722,0,4
d0ffd8ac78ea,0.2510682273437345,0.5157580634288651,0.22608750670828637,0.007086202519113922,1,2
d104cfbe1544,0.058796033712525134,0.7882735704927852,0.1485990088238639,0.004331386970825737,1,0
d120a0459e17,0.029934670252139865,0.9277792904274659,0.026527193603577536,0.015758845716816707,1,2
d129ac8188d6,0.8068585525589203,0.04302787314041929,0.14698303514666627,0.003130539153994277,0,1
d12e087e9621,0.7432698787329742,0.07081696549234097,0.11753733209918436,0.06837582367550048,0,0
d14a2b12e580,0.8065502024478435,0.07333662777091861,0.10909676458934571,0.011016405191892044,0,3
d16a188feaf1,0.037447588699538785,0.9267529600432642,0.02086629776422247,0.01493315349297465,1,1
d172b5d65314,0.4674422737486532,0.10008894589568079,0.35527839725263927,0.0771903831030267,0,4
d17a6c6eccdb,0.006622751716144757,0.9066866712575418,0.05435843008180959,0.032332146944503974,1,0
d18ee0cc36c9,0.487800116271121,0.3818475299574919,0.12585404355334778,0.004498310218039394,0,2
d191addc1610,0.11370875381308128,0.2980584976698285,0.11711530952504276,0.4711174389920475,2,1
d195eac8f7c5,0.5218197027987753,0.16657977776569347,0.08191179965736191,0.22968871977816935,0,2
d19d0011c3cd,0.8946969735869453,0.03871026010167949,0.03624868415935034,0.030344082152024807,0,0
d1b3ad13fb12,0.5889611638541952,0.12455944475998589,0.1568614185885609,0.129617972797258,3,3
d1b3fa229418,0.18197887252215952,0.6266029517064976,0.1713903922493707,0.02002778352197229,1,1
d1b8da8b457b,0.25572243653678606,0.6458187861231145,0.09220383311565603,0.006254944224443584,3,2
d1d5510f37cd,0.23315014511357435,0.6576078668054884,0.07663500605662794,0.03260698202430916,2,2
d1df45f6463e,0.6290261873121835,0.12052121710455553,0.24506423651275727,0.005388359070503743,0,1
d1e8cfaae748,0.06523825289372301,0.7266443633122387,0.19721400959755414,0.010903374196484131,1,2
d1e9e0136254,0.9096899101863553,0.057607137282324854,0.027127237021079116,0.0055757155102406945,0,3
d1f080b7cba8,0.05545437244739301,0.7613550312014767,0.18037458160835404,0.002816014742776234,1,1
d220d8aa68c4,0.01854965990879834,0.8249186200066118,0.05694499845922427,0.09958672162536553,1,4
d22cb5396003,0.9316590332714376,0.04332855450614354,0.014557973120673052,0.01045443910174575,0,0
d2381fceb7ba,0.019075555511221337,0.9023451472791734,0.06872840283047983,0.009850894379125322,1,2
d25eb664a30b,0.1530884633089022,0.6596738240926842,0.18133563599213676,0.005902076606276932,3,4
d261ac4d6627,0.13311438362202394,0.25836556348245227,0.44301272087343163,0.1655073320220921,2,4
d27919d385f8,0.027001789587893645,0.8999844778197659,0.0473747731711223,0.025638959421218157,1,2
d290c990efc9,0.9811975402691137,0.004127356769949034,0.01219822329047946,0.0024768796704577847,0,2
d29dcb216021,0.751076037700493,0.08062621532900162,0.16000193796720297,0.008295809003302363,0,3
d2be5fe90e29,0.9776926144686882,0.006941736077472517,0.014619957858040307,0.0007456915957990358,0,3
d2c013dd8ce4,0.07899178768910974,0.8822628061644443,0.03788121686491434,0.0008641892815317502,1,4
d2c1d0cb3f1b,0.09409309342113016,0.4921510970189417,0.34933609689482253,0.06441971266510561,2,4
d2cc49d90758,0.09948599862649667,0.7736990567155901,0.09360587078386144,0.033209073874051774,2,2
d2cf237688a4,0.6991824734229473,0.11252905576371475,0.18596541037734138,0.002323060435996605,0,0
d2d3cdb4272e,0.03054908889890245,0.8522703777443864,0.10766823208291304,0.009512301273798056,0,3
d2ddeca64f16,0.05023848927905219,0.8615438761684227,0.07138427859157916,0.016833355960945987,1,3
d2f74c94238a,0.061717982013642474,0.6674678459141838,0.25636767887985046,0.014446493192323315,1,4
d30474806223,0.21464273952738197,0.2736577189866901,0.3641518322412829,0.1475477092446451,2,0
d3253e0cdc4b,0.19193096687393793,0.5395052659442002,0.22143076325518904,0.04713300392667286,2,4
d32d755c49d7,0.12265259497790425,0.3250162344427975,0.3806647544726647,0.17166641610663355,1,0
d34ad0ebb757,0.2083235738631177,0.7436274516820173,0.024122088753962167,0.023926885700902994,1,3
d3539d3b0022,0.690739339909948,0.21820359366164804,0.08751494099639986,0.0035421254320040464,0,1
d35441c203d8,0.38866790260547707,0.39110822178676075,0.2028104896041433,0.017413386003618823,1,2
d35ec785b6d9,0.8085196536462921,0.06917780910611615,0.1201420942886102,0.002160442958981653,0,0
d3746284b4db,0.17716560369654774,0.5881012270709223,0.21446374145885527,0.020269427773674638,2,1
d3751dde942a,0.08811082796298082,0.7549297789573971,0.101470199165106,0.05548919391451606,1,2
d380c0640d52,0.19136378339100982,0.5403163750512173,0.2580078985390823,0.010311943018690648,2,1
d390bbdb6eae,0.02937845201005726,0.9037313675409915,0.06340111500183525,0.003489065447116119,1,4
d393eb921fce,0.9267483359702761,0.04556067708597902,0.016082222307183362,0.011608764636561644,0,0
d3b32d6522e6,0.009794032807835048,0.9274399073257099,0.03349152434289751,0.02927453552355756,1,4
d3c58aec7ef5,0.9020511381048748,0.0400663548964453,0.043913443465497345,0.013969063533182334,0,1
d3cf46c2aa95,0.950625203279065,0.02861845412886925,0.00934748294684933,0.011408859645216322,0,1
d3d092d9884a,0.031724927074494653,0.8520708880286523,0.06950766498388988,0.04669651991296298,1,4
d3da34d7982c,0.04590029178527108,0.5520033289173885,0.3812571923258549,0.020839186971485568,1,2
d3e83031ebea,0.04704010489222997,0.5796470194345404,0.35853724768833134,0.014775627984898244,1,2
d40a26be9a1f,0.057517612550996,0.8124331798730658,0.11894171812050297,0.011107489455435132,1,4
d40b3798bbaf,0.009181035334674618,0.954238161247915,0.035380289064366584,0.0012005143530438897,1,2
d41577cf0009,0.7485132517100404,0.10978811792051825,0.11970813255259749,0.021990497816844038,0,2
d419cd169212,0.009331784482728875,0.8924985860571142,0.01880695949758204,0.07936266996257474,0,3
d41cace53f70,0.8086374461113243,0.03444107882979692,0.1529904848283947,0.003930990230484271,0,3
d422862db292,0.9218089730497521,0.016051789443609354,0.03789138789372461,0.02424784961291391,2,3
d42be282a595,0.376506866267438,0.3273977142975576,0.2759372491636461,0.020158170271358314,0,0
d4335c32ac91,0.04139896341847746,0.8614584727335132,0.07015440710813971,0.02698815673986985,1,4
d435148e61a4,0.009285071291895909,0.9771814495075917,0.011637979519542272,0.0018954996809702814,1,3
d45764216b95,0.1757172359443151,0.402258921373307,0.4036040243957489,0.018419818286628975,3,0
d45793c3466b,0.035003413837925525,0.8531581725397757,0.10559785680503635,0.006240556817262282,1,0
d46dc030a427,0.3466671674524116,0.3727696289910321,0.26569844503402645,0.014864758522529924,0,3
d4891fb41daf,0.3129640221841093,0.5120464086671447,0.16167503252027324,0.013314536628472873,1,0
d493a19fdc27,0.029616481682577783,0.8665641820726139,0.09228470527198382,0.011534630972824514,1,4
d4a13c7d0be6,0.8823523152414363,0.0669167017017351,0.042833581205927125,0.007897401850901636,2,2
d4ab797396b4,0.9466108923137856,0.0375258108587702,0.013183193394646929,0.0026801034327972656,0,2
d4ba14d5248e,0.06226066709241805,0.3394237449980705,0.5009241487142891,0.09739143919522235,2,2
d4d230450196,0.9404663999235355,0.02484033402044556,0.030978531942038156,0.0037147341139807614,0,2
d4d4ad4ecf8a,0.050600680064665046,0.8676456252310699,0.06988242110364005,0.011871273600624916,1,2
d4fd13f5456d,0.045307489648833285,0.5823518698570876,0.3417823539381113,0.03055828655596769,2,0
d4fe511721c0,0.01562145680165272,0.9608611376098194,0.019078560350146156,0.004438845238381792,1,3
d50c91728f09,0.6260693923917807,0.22941178860964823,0.13418796281180242,0.010330856186768477,0,2
d51b5cef170b,0.016657736705972287,0.8094756643691297,0.07653525536365119,0.09733134356124677,1,0
d522ef41a34e,0.23908319494997246,0.6133631348452729,0.1300665603249692,0.01748710987978545,1,2
d52a34a2589e,0.02630074812043571,0.7644555400663359,0.19622895903429494,0.013014752778933545,1,1
d52f1544921e,0.15844339748434078,0.496963028905835,0.13519538534766226,0.20939818826216197,1,0
d53147ecb090,0.9490007789682021,0.0155419987303775,0.0327895138496568,0.002667708451763625,0,2
d55d019b0687,0.05153437668457955,0.5544916927802909,0.3571457234597794,0.03682820707535017,1,3
d569759613ad,0.013972369177056845,0.8804377836633078,0.0976422579302842,0.007947589229351142,1,4
d57d1c13a875,0.13798718670846627,0.802350165663453,0.03261882890029876,0.027043818727781957,0,2
d5b987cc8efd,0.889043428386197,0.04582488566790221,0.06116188701629842,0.00396979892960233,0,4
d5c12a5ebb06,0.16914853710140026,0.7982154635163192,0.022358364837610983,0.01027763454466951,1,1
d5c20d6a24bc,0.07632990408040047,0.8042950520041721,0.06222355942981965,0.0571514844856078,1,1
d5dd9cdb375a,0.0686793825684734,0.5927170302382581,0.3147449960860133,0.023858591107255314,0,2
d5e940685d00,0.13283809725604392,0.3923436253358753,0.35110961353105613,0.12370866387702466,2,2
d5f194b6bff4,0.1062112956140276,0.6265541675642509,0.08378447738274006,0.18345005943898138,2,1
d601d93c351c,0.35271451704179163,0.31317882359138544,0.3101216665400517,0.023984992826771186,1,0
d602b556cb9d,0.42103587710594287,0.2606486683844619,0.29463364111038787,0.023681813399207458,1,4
d603bdeca20e,0.9080779157954927,0.045869725163839255,0.04457974369318538,0.0014726153474826638,0,0
d604aae86dd4,0.5871142424247523,0.25168467951917717,0.15647957163286857,0.004721506423202092,2,3
d61e065cdab0,0.861521928623356,0.07520221070215213,0.05311756489728017,0.010158295777211643,0,1
d6338ff2cfd8,0.23394997712584975,0.7287288681881284,0.03374180355307532,0.003579351132946501,2,1
d64f793908fa,0.3121468731082278,0.1426548956318327,0.48897554943236704,0.056222681827572535,2,2
d65c634447c4,0.1636690084255066,0.7780625657517198,0.04805600478856333,0.01021242103421025,1,4
d662a384288c,0.7410104446703241,0.053582900607789925,0.17535058373271448,0.030056070989171475,2,3
d668a99691f6,0.8074188691531559,0.11245821537388732,0.059186884170483976,0.020936031302472798,0,1
d66df386831f,0.05332012078285705,0.8665531881839978,0.059935588532390456,0.020191102500754662,1,1
d670149083bf,0.01036624922151827,0.8533178120173261,0.13291313736007473,0.003402801401080847,0,1
d68217d20b03,0.041267599403653106,0.4526508573620992,0.48442710960426805,0.021654433629979496,1,1
d6a591a5b3fc,0.06107490766088566,0.7227634631997647,0.17118259377423994,0.04497903536510966,2,2
d6ce804409dd,0.016735835231994078,0.7136884757929799,0.2580034373139245,0.011572251661101535,3,2
d6d45608c97a,0.018703078131026916,0.8369983925756254,0.13713687779910558,0.007161651494242113,1,4
d6fe234594ab,0.5614828445530198,0.3586316741686556,0.06936482208994747,0.010520659188377081,0,3
d70a1e0863fc,0.15217933840734896,0.4086685794585373,0.4359411908015131,0.0032108913326007135,1,4
d715b966355d,0.1794228820185424,0.781083129481959,0.026719923654246962,0.01277406484525161,0,3
d745f58d5aff,0.02076495402592085,0.9030785422559481,0.07498300396366518,0.0011734997544657086,1,2
d74b6ea0d497,0.7889482501742173,0.11520116553695656,0.05006415606000392,0.04578642822882219,1,0
d74c849b795b,0.4777606498003173,0.2685799175951265,0.2377481941880751,0.015911238416481052,2,0
d74dcd7ef5ff,0.02322031943795243,0.8834625216425607,0.0860336211211439,0.007283537798342997,2,4
d7561eaf0b7d,0.3215397923390437,0.4745320811877392,0.1876957087556668,0.016232417717550317,0,1
d757af907e33,0.6164089666167321,0.2726802276485355,0.10438708849187085,0.006523717242861574,1,2
d7775f0cace2,0.011238487231887438,0.588931901597284,0.389190819479915,0.010638791690913424,1,4
d7942d6c2d17,0.5297264098350527,0.36290353768635636,0.06592437694210021,0.041445675536490804,2,2
d79d38bcd191,0.31542392240353057,0.4493518863101017,0.1470726577951594,0.08815153349120831,1,1
d7ab3582e476,0.05911355816432742,0.765008299528345,0.09524423389701568,0.08063390841031172,2,2
d7c0a0524f8f,0.8098123031845874,0.06254715918990168,0.11654706177651626,0.011093475848994767,1,0
d7c21278a0ae,0.02292197801228405,0.7807332346210444,0.1677024880786826,0.028642299287988907,2,1
d7c37316355d,0.42563652395317086,0.19272681305380485,0.3638448095819043,0.017791853411119937,0,0
d7c6e17080cf,0.007445740775537463,0.7379276135230736,0.24838236320635743,0.006244282495031534,1,0
d7cbe5e26ec0,0.6786781361566128,0.14320946053399525,0.06535726746829555,0.11275513584109648,0,0
d7cd1349ab41,0.7921119301761594,0.12534521216663644,0.03921029557814259,0.04333256207906155,1,3
d7dcd6e0f47a,0.01833839850369188,0.9031627544471135,0.06463880179226598,0.013860045256928487,3,0
d7ef8f508b5a,0.22716750304902997,0.4706500042661727,0.27962445144822007,0.02255804123657714,1,2
d7f739cf4bb1,0.021159705724271484,0.9535936657102786,0.014304574588002345,0.010942053977447448,1,0
d7f85b6dc2ea,0.020035544670336813,0.8996871679111285,0.07289038932658358,0.007386898091951195,1,1
d7faada10efb,0.5560443420904371,0.30203547573554923,0.12423272611417395,0.01768745605983983,2,0
d809db32456b,0.37226129008184644,0.5850681216970447,0.02513646716600915,0.01753412105509971,0,3
d81666456423,0.07677199813821399,0.5670080441762775,0.25836544954737484,0.09785450813813365,3,0
d82241b7d468,0.06548385803240132,0.715733288632437,0.20955180116888295,0.009231052166278796,1,4
d82f8ac5c3aa,0.31623466001252654,0.3083410185547872,0.3143309412017249,0.061093380230961475,1,3
d83df000b7a6,0.8888875444515142,0.06423227654114821,0.020559263845854422,0.026320915161483226,1,2
d8476a95f6c5,0.18594374761322263,0.39780833596774584,0.4092765419431941,0.00697137447583757,0,1
d86be7c7defa,0.08743245039431895,0.3518617532367476,0.5304733216048627,0.03023247476407078,3,1
d89e6a53c322,0.10298188676074946,0.7364415466345616,0.15160447225526286,0.008972094349426177,2,3
d8a361473402,0.19506241493490048,0.22376514531779745,0.4848023885936107,0.09637005115369127,2,4
d8a982947210,0.22098134368564293,0.35937095314055817,0.37519426943547,0.04445343373832883,0,0
d8b2815cc382,0.6792233560894415,0.24701529299765998,0.0577374620454549,0.016023888867443683,3,1
d8ba78ed0420,0.021462206033867802,0.9393726196452079,0.036981983550605786,0.0021831907703185765,1,1
d8c69cd001b1,0.011663552349178638,0.9724502241832889,0.012838391230760788,0.003047832236771831,1,4
d8d5a42411d1,0.029793303217112533,0.75448644526181,0.210764169979561,0.004956081541516483,1,3
d8e18f22e6a6,0.051685108804237594,0.9048065795705832,0.03636781006835582,0.0071405015568233605,1,3
d8e2fa906f30,0.23223746483132557,0.5285447814053145,0.09460929938573973,0.14460845437762018,2,2
d8f2c08dd86a,0.8898183350164564,0.06992240165561474,0.03720291355497639,0.0030563497729524077,0,2
d8f567817b2d,0.2228498330014051,0.31184673013318953,0.42088003110945826,0.04442340575594717,0,0
d8f6fee0e95e,0.15593244819121746,0.5103787059718979,0.3162664815126225,0.01742236432426209,0,4
d8fa04c1d853,0.029431063525816707,0.6568738228619008,0.30695594307279717,0.006739170539485473,2,3
d8fbcfc37ef6,0.07500850367860913,0.3120271373011909,0.6086688333077391,0.004295525712460896,0,0
d8fd9bb19828,0.27549091082497335,0.4795853458845476,0.23869276884187834,0.006230974448600677,0,1
d90748e85b6b,0.051763596745199106,0.8784880868935377,0.06830814097667548,0.001440175384587614,1,3
d928ebcc2528,0.2727039938396043,0.4155856403123304,0.2838387643708252,0.027871601477239938,2,0
d93242ee3944,0.02233293623109707,0.9016391507057752,0.03463098589114141,0.041396927171986606,1,1
d932662b13ea,0.11644679179483111,0.5775627472171745,0.2997591524620481,0.0062313085259463556,3,2
d95d173b60c4,0.727156371896686,0.2134863098804278,0.05452583893355205,0.004831479289333908,0,4
d97364c9384a,0.48392348640123334,0.17672733227338677,0.13577033250242218,0.20357884882295765,1,2
d97dffd12359,0.2593723783921823,0.3911295395290945,0.34104047559015943,0.008457606488563776,0,1
d9869f667b54,0.40361693466735155,0.18301221858775468,0.3939362766469162,0.01943457009797747,1,4
d996de7dbaf3,0.09030638146348875,0.8114907216190486,0.07748145897347536,0.02072143794398734,1,4
d9a638d70bce,0.029585896219460284,0.926658361363546,0.038864528027277044,0.004891214389716613,1,4
d9a899cb5686,0.2087810055500068,0.11092491076469932,0.6626823776683185,0.017611706016975405,0,0
d9c139995f71,0.20017001098615456,0.32196540300379345,0.45249520988038683,0.025369376129665118,3,0
d9c245fb1e90,0.2569003520353288,0.2772909929492395,0.4347907099286025,0.031017945086829198,2,1
d9c3624b9ca6,0.6095243372756995,0.3483447052648736,0.032755912579955346,0.009375044879471491,0,1
d9ccda507d0d,0.026492593274179806,0.5155853217336505,0.45451618860084075,0.003405896391329024,1,1
d9ed94436325,0.06312779251856336,0.677663321422988,0.10815117261231377,0.15105771344613486,0,4
da0412fab70b,0.0044459793493550875,0.9695954803659009,0.017877062739817335,0.008081477544926377,1,3
da08e385dcb7,0.2127274972979755,0.22191093264370954,0.30750246208587106,0.2578591079724439,2,3
da0d817b69fe,0.19104656547917967,0.3452738456420644,0.44805023858913784,0.01562935028961804,1,1
da286c1597b0,0.451036731075165,0.21033628469373805,0.30624657983568343,0.032380404395413585,0,0
da30dbd6033a,0.8076570467769805,0.04195539930672787,0.1339453433496363,0.01644221056665549,0,2
da418ab5c65a,0.16501894274442336,0.29320529452275546,0.42888233687126026,0.11289342586156095,2,4
da45c7393783,0.3929513947171205,0.24181831300566645,0.34700249345222983,0.018227798824983266,2,0
da507be5f7be,0.12323074654000186,0.5665898212221757,0.28219976301812905,0.02797966921969337,1,1
da535a527858,0.14007016684632484,0.6194758699670785,0.2209131803406685,0.01954078284592821,1,3
da5783a467ea,0.2858139038816399,0.3398947628454544,0.3594380535337615,0.014853279739144196,1,1
da63a5ea2b12,0.004286751689305516,0.9659980372601784,0.027893684756024884,0.0018215262944912421,1,3
da879ffcc1f9,0.3206277426758621,0.6061074119215005,0.047459808465072695,0.02580503693756464,1,2
da9b63d2f697,0.1953578610794623,0.7351442449546092,0.05202970958330336,0.01746818438262525,2,2
daa2aba8e7b0,0.020457307924313425,0.9000081889625191,0.07503816037748245,0.00449634273568508,1,0
daacf4460a62,0.40429850107961335,0.3404345495885719,0.18929181823453176,0.065975131097283,0,4
dacea3ad99e0,0.03590637995262318,0.7534253008192251,0.20279021043604942,0.007878108792102306,0,1
dad2c0ee2607,0.20347448417217218,0.5275126620566402,0.24598804814136827,0.023024805629819362,2,1
dad30bc7ff47,0.021770563516245154,0.8735507509084781,0.06026194437071501,0.044416741204561745,1,2
db06909d6c78,0.02437211210055212,0.7585389679224546,0.0996729154464478,0.11741600453054563,2,4
db14e640e037,0.5012793340756435,0.13370188659367083,0.36255125539042077,0.002467523940265072,0,1
db1bb68655fc,0.09206464880874765,0.8040664222760057,0.10186035141695036,0.0020085774982965404,1,1
db29f6ed9d3a,0.9544842649240892,0.01937683682024443,0.024678766810685177,0.0014601314449811476,0,0
db2c984ad877,0.0855554757408822,0.6943546102912386,0.20054096979086922,0.019548944177010058,2,2
db406f865d2c,0.9469540835744874,0.01093832153288316,0.03988221523327666,0.0022253796593527603,0,4
db48ecc61b3d,0.608590080064174,0.1846839583601171,0.19680009323618539,0.00992586833952353,0,3
db4d0ddc1235,0.16816404671358942,0.61700609013708,0.19531196068584675,0.0195179024634838,2,0
db5be2895a72,0.23921536396745344,0.7053061726221629,0.04248421384545396,0.012994249564929564,1,2
db70f01df58b,0.03838237532088459,0.6163175572422697,0.32600419973639416,0.019295867700451688,2,0
db7bacaad1ca,0.09956951412242457,0.8506186562533469,0.039471685286747285,0.010340144337481384,1,3
db7e1c572d15,0.06264097301285446,0.7316752958897269,0.1983543164955042,0.007329414601914376,1,0
db8d0318b5af,0.5003899105749925,0.2824481416603146,0.2056835254872206,0.01147842227747224,2,4
db9298d9ded8,0.012178929908330952,0.9177343680202822,0.06447525741768663,0.0056114446537003865,1,2
db97eeddf9ef,0.19869171424621984,0.517299544271283,0.274358053933341,0.009650687549156264,1,4
db9f9c62dc00,0.8267286411105288,0.034378443257440286,0.12273024715480031,0.01616266847723059,0,2
dba658c69988,0.19019729845106964,0.7345010692405933,0.057930195336677336,0.017371436971659597,1,2
dba690393e1b,0.21099976520153302,0.4625248172269858,0.3217560928761991,0.0047193246952821144,0,2
dbb6d75304ef,0.8470850691623413,0.10278510204320904,0.03847677954455,0.011653049249899683,0,3
dbf005c67f42,0.5380065960966388,0.2521297925094352,0.20169821660829482,0.008165394785631164,0,3
dbfb54d68d5c,0.6557437205140324,0.16366902551374643,0.1663975782640648,0.014189675708156317,0,0
dc074c261a90,0.5981150564906971,0.23735611137201645,0.146864098161287,0.017664733975999568,0,1
dc0fed8c8737,0.008567679794246292,0.9682259716202112,0.021326700775606784,0.0018796478099355994,1,2
dc2115b5198d,0.020004904367438788,0.9412315388164463,0.010074883333615921,0.028688673482499136,1,3
dc290fedef27,0.05911382918126246,0.780319683852899,0.15413579615481177,0.0064306908110268795,0,4
dc2b14b11aaf,0.09220119503117291,0.5684255397672106,0.25705487121612275,0.08231839398549387,1,2
dc3c2c613d0c,0.05711670107767925,0.3915102577550987,0.4790632436407334,0.07230979752648871,3,4
dc5ad30410e4,0.006042981781213287,0.9075987626592721,0.07846196126022564,0.007896294299288953,1,2
dc5e5ab68387,0.5725034000229501,0.20063553999914938,0.21704958924117324,0.009811470736727203,0,2
dc632437d7c9,0.28354030001340197,0.4204917168813503,0.2283074642018028,0.06766051890344492,0,1
dc6ce7c92fe6,0.30650030272925427,0.5659486385381199,0.1179376118222659,0.00961344691035988,3,4
dc7ddcf65b4c,0.08136560341189639,0.7077638327886228,0.18454452527940982,0.026326038520071125,1,2
dc8dd6a3ae7d,0.21762854877054486,0.5612128733095921,0.20382221468744852,0.017336363232414432,0,3
dcaa76ec8d44,0.12124783921539314,0.7461575696047843,0.12140777335400361,0.011186817825818986,2,0
dcc6632b56b4,0.11226421246901314,0.5079638744217393,0.34909498593390353,0.03067692717534415,1,3
dcd5cc87f977,0.2954836075896675,0.4212597316113441,0.2784289749575991,0.004827685841389258,1,3
dcd9d77c6ac6,0.4275896945391446,0.37266982793376924,0.17803305348615486,0.02170742404093133,1,1
dcea6c3e62bb,0.015718713116930794,0.8359092243873736,0.12488758885101324,0.023484473644682494,1,2
dd08a4d54544,0.2372901247062315,0.6314556282622968,0.12525918393328606,0.005995063098185572,1,4
dd148f46bf1d,0.1578346547581495,0.7488213771258014,0.06518385822321593,0.028160109892833,1,0
dd31f8f3d087,0.017480530139450313,0.6989531202023495,0.2721314312448924,0.011434918413307866,1,2
dd39287d4cdf,0.013593907139511427,0.9037471634655804,0.06763366253134824,0.01502526686355993,1,4
dd47f215e92a,0.8711933154470585,0.09995975792317309,0.023107138658466236,0.0057397879713021755,0,2
dd4ce54aef62,0.6085167246584384,0.2523221057220545,0.13294649307656972,0.0062146765429374525,2,2
dd50b4d48244,0.22920745383296542,0.25778152996818515,0.46207682662972793,0.05093418956912152,2,3
dd55cdedbede,0.09433123591562184,0.7906633956426867,0.11320865025078614,0.0017967181909053572,1,2
dd60b8bfb2d2,0.3354551374517124,0.4550695903393312,0.19616574403909257,0.013309528169863749,2,0
dd7ae61dc7e5,0.13674086034628924,0.5312011646152756,0.32775508536359754,0.004302889674837625,3,4
dd7aeb805eef,0.2804282636441126,0.6245127043826061,0.08850870981814173,0.006550322155139583,1,4
dd8b8a5c9307,0.13941639055063132,0.29778557624554164,0.544072159019973,0.018725874183854137,2,3
dda0d73e068c,0.9735281834720108,0.007174324130504021,0.01876144731787858,0.000536045079606685,0,1
dda1563c0620,0.04869789898153832,0.904946228566722,0.04602186888683594,0.00033400356490363383,1,1
dda68db29fdd,0.3331589460982975,0.31988089305303025,0.27834396920248733,0.06861619164618496,0,3
dda7e9290f64,0.1575305856642273,0.2673754679735966,0.5720947591577987,0.0029991872043773496,1,0
ddb8e432479a,0.4171059400701508,0.3750416985064604,0.059699798038018344,0.1481525633853705,1,0
ddbe636ad06c,0.035373325227298164,0.794937307099079,0.08897573980181506,0.08071362787180773,2,0
ddc659c2e59c,0.7556570269592945,0.20943390580772508,0.026419977027181952,0.008489090205798517,0,3
ddc87971f87e,0.4107043462362356,0.31760084735904964,0.22102991663838556,0.050664889766329116,2,0
ddd30a3355ab,0.027248909365501468,0.8143447853703475,0.1472844527025204,0.011121852561630494,1,1
dddc5467ff7a,0.6114667848735063,0.17200055388534383,0.19023426816079247,0.026298393080357536,0,3
ddf50c05459b,0.09050532240147333,0.4538734277635949,0.38582628942664976,0.069794960408282,0,1
de1f16eadd95,0.17412874246957238,0.6864873214228261,0.07653953655879117,0.0628443995488104,2,3
de2d1a60c2af,0.7952021871966907,0.08287902835008315,0.07932764163172468,0.04259114282150151,0,2
de333ed072c8,0.6596626372556061,0.3060644611809085,0.03192567654593545,0.00234722501754996,0,3
de33d3a51e83,0.9032850794943379,0.012107134250512823,0.07011141621883575,0.014496370036313627,0,2
de44f6af8b10,0.43427989191702554,0.40887798046004076,0.14584767096330792,0.010994456659625722,1,4
de4ad8d40fdf,0.09253575262335641,0.8457052752369296,0.04650835035116353,0.015250621788550316,2,4
de53947e43b9,0.007785443780171143,0.8724421556801595,0.11407404486080011,0.005698355678869159,1,0
de76a012b637,0.09351175093218432,0.5350855312914884,0.3166233365109535,0.05477938126537373,1,3
de7934b835ca,0.9527616918785271,0.025200860834506057,0.018891842718437718,0.0031456045685291684,0,4
de81caee7374,0.4322592744230687,0.4115996691848076,0.13940236346020204,0.01673869293192159,3,4
de975d080334,0.0476188588967385,0.8166164629506092,0.02693632868096799,0.10882834947168438,1,4
dea5608c3e0a,0.021388101507137252,0.8787210751653511,0.08873215058622916,0.011158672741282604,1,2
deca3972c352,0.03197385165823854,0.7968625817500414,0.13177712889630755,0.03938643769541249,1,1
decc8130c6bf,0.38708216580578797,0.47012605840698224,0.13449973721929148,0.008292038567938444,0,1
ded38a5051da,0.26507824849181433,0.45333319359563606,0.19861312726281904,0.08297543064973043,3,4
ded489f168bc,0.5345642443665745,0.25390334133344583,0.19807650366121557,0.013455910638764198,0,3
deee69329e9b,0.11919928032571023,0.6566684883780572,0.16621930946440436,0.05791292183182811,1,4
def37f7cd713,0.9661472035987453,0.011411165606935725,0.017945571966272084,0.0044960588280468766,0,3
df07c0223107,0.4185838944887611,0.2773067369187863,0.2958798489627534,0.008229519629699275,0,4
df1750048937,0.029842284763603323,0.920080519035592,0.04842759924979413,0.0016495969510106183,1,0
df21842cfe5e,0.021365862345147157,0.8704641460682446,0.05280809247683017,0.05536189910977826,1,2
df37fe53632e,0.43219884979359163,0.21562687875067077,0.29853996707432195,0.05363430438141545,0,3
df453764e19c,0.5902319849773086,0.21977227562724774,0.07108055759446802,0.11891518180097572,2,2
df45b695ea21,0.4935551085137926,0.30556173516379825,0.19090425987388138,0.00997889644852762,1,4
df4722bbd29a,0.10382409876536913,0.790080492172142,0.0737469585007461,0.03234845056174266,2,3
df4a3d3d27ba,0.934429003256034,0.030378084226045276,0.03316654323247264,0.0020263692854480555,0,0
df68e31da347,0.2873753437880224,0.3209097279340475,0.3573653647272291,0.03434956355070091,2,0
df6b420aaa31,0.2168195454977604,0.36839270198761054,0.4054777610270873,0.009309991487541629,0,1
df6b45073c39,0.47170923921965713,0.40579482270981726,0.11179032102611915,0.010705617044406228,1,3
df74415b31d9,0.21441173362134827,0.4224407520423864,0.2301012695047292,0.13304624483153604,1,2
df89af5f42ef,0.08386701715728888,0.7468810192089295,0.15298799932265486,0.01626396431112681,1,0
df89f8a12033,0.9971925033671724,0.001103354641484094,0.0014008203221263361,0.0003033216692171109,0,0
df924511c439,0.6676466886743007,0.11562704616508455,0.17153556039637438,0.04519070476424042,0,0
dfb6127e91ca,0.6813521588676218,0.21841102068692664,0.07886082676855587,0.021375993676895653,0,3
dfbe54ad1d85,0.9421487306115982,0.02067448401559534,0.03558446871134372,0.001592316661462718,0,1
dfc0decef09f,0.03204465102914388,0.6333240430160538,0.18171002382717794,0.15292128212762438,1,2
dfd673001c50,0.3746380752143348,0.3810490535036696,0.1948735481222002,0.049439323159795344,2,3
dfdf3913f6eb,0.00510973460552337,0.9655606326332472,0.024365356605493653,0.004964276155735779,1,0
dfe556626958,0.07068520421447247,0.48094323637732167,0.18525847222260572,0.26311308718560006,3,3
dffe7deb873f,0.03312571427053727,0.8799698306901257,0.07821453148393474,0.008689923555402124,1,1
e00eb01eab38,0.08506099214894881,0.5067487716831341,0.37837769122867,0.029812544939247017,1,0
e02bbb13a371,0.366013544907097,0.45355939219550406,0.10029466341191953,0.08013239948547944,2,2
e02f99a44c18,0.9646153590154801,0.013444343628763898,0.019188591028356537,0.0027517063273994466,0,2
e033c4a5100b,0.06488328941463943,0.7454559598432615,0.17989154487704806,0.009769205865050947,1,3
e03476810a2d,0.10037310354196315,0.7708926899874863,0.10416260386501708,0.02457160260553362,1,3
e03fb79d272e,0.2065022100097851,0.5518040461133339,0.22306285906277837,0.01863088481410269,1,2
e092291d0802,0.016859459753663198,0.874908863247757,0.09731333599425704,0.01091834100432293,1,4
e0944b64b80c,0.9238587579264481,0.022373757903909008,0.018913697691004826,0.03485378647863815,0,4
e094984999c2,0.051450921437957355,0.7749071024239682,0.13120316022450593,0.04243881591356846,1,3
e0b5009d6492,0.06998873281100194,0.39954297210088036,0.5258475705716402,0.004620724516477404,1,2
e0d90a4de0c6,0.010997322027938022,0.7830539021603589,0.20415385354694404,0.0017949222647589767,1,1
e0ee01a012f0,0.5660912935801873,0.25659782163424333,0.1565414217974996,0.020769462988069785,0,4
e105b07fb9a8,0.5045599774783156,0.26604669052665303,0.1449945613726207,0.0843987706224107,1,4
e10ad2e7182d,0.024301767239929124,0.9288901818532731,0.038227699380880276,0.008580351525917622,1,4
e10ae9dd5000,0.2596860706111356,0.5525344444759712,0.1532572186019889,0.034522266310904125,2,0
e11d6e9affa1,0.04468197743250965,0.8436673550323125,0.10491846183080189,0.00673220570437576,1,2
e126d9d23457,0.3920769821513207,0.28619602243515324,0.28452179010107703,0.03720520531244909,0,2
e12de19718d2,0.8781185654828998,0.018834591193671264,0.03840875413405877,0.06463808918937022,2,2
e13e117a8d82,0.5888294212460955,0.23096000522826537,0.11943298912749976,0.06077758439813936,1,2
e156dd640b9c,0.007068530546207954,0.9644935934296681,0.02610297042357402,0.002334905600549891,1,1
e15b98946bf7,0.0658708327559218,0.9216201194657515,0.0076936123332044,0.0048154354451223225,0,3
e164f3b294e9,0.2288081786419201,0.6308674158945632,0.07390022672102498,0.06642417874249175,1,3
e171596e4b75,0.4002541676756768,0.5172509200250448,0.07438574288886889,0.008109169410409591,1,4
e17921c991eb,0.6035919830345062,0.3625539293796979,0.030969250106248982,0.002884837479546836,2,2
e17a546bc355,0.2690870854097214,0.5359225282807014,0.1706021900370925,0.02438819627248478,3,2
e18155c4762b,0.5156632439643497,0.17053015475928096,0.305778256113853,0.008028345162516274,0,0
e19121eb93f0,0.45261300757975037,0.45646726020029743,0.07443433581411106,0.016485396405841242,2,4
e19849e1c8ae,0.7887232290608193,0.1412671700432577,0.06425583401953086,0.005753766876392113,0,2
e1c1ad4b1e61,0.1399590087057556,0.4109473833017974,0.43961598742379426,0.009477620568652657,1,4
e1c473641416,0.9033121658414333,0.03801670806212716,0.05780680488402991,0.0008643212124096639,3,4
e1f5682712bd,0.04563690889612369,0.8549294566151275,0.07587856559536127,0.02355506889338753,1,1
e20a1e0b539e,0.9203454510835539,0.03407693288352576,0.036035373496146585,0.009542242536773838,1,3
e21989eb3b6c,0.3040145837958156,0.08585662041989024,0.6043273849201822,0.005801410864111834,2,4
e24e639f39a9,0.041531916127587075,0.9218897048901367,0.034325621303406766,0.00225275767886946,1,2
e25f6e723ded,0.7842892690464315,0.09373906041112817,0.10240496621364896,0.019566704328791373,0,4
e27dbf267565,0.4676883162565138,0.45512787899983453,0.05791492905510272,0.019268875688548875,1,1
e2822dd69c4b,0.5586032601647519,0.18428469330203998,0.24928182054218426,0.007830225991023723,2,1
e284cafd4bdb,0.570259317481236,0.3348240572418038,0.07264752734825637,0.022269097928703702,2,4
e28655aad4a9,0.08022485970764993,0.6652039073626276,0.2118979065986012,0.04267332633112127,1,0
e29617323fef,0.046780650684458774,0.8485782726876488,0.08327510276372858,0.02136597386416381,1,0
e2998bb6695c,0.011930956102604364,0.9621435803597914,0.010606362399786334,0.015319101137818043,1,4
e2a9723236ca,0.008998831439766446,0.9664340175022278,0.009879505370769263,0.014687645687236307,1,1
e2adde6885e0,0.21180108138648523,0.6849698818080192,0.07902870123366934,0.024200335571826062,1,3
e2afeb565737,0.10901013377737509,0.825530039589992,0.02567460035024841,0.03978522628238462,2,1
e2c18c715bb7,0.060209673860799964,0.835621385132159,0.09571939816712569,0.008449542839915246,1,0
e2cbe011b94d,0.007856975223206322,0.7978993087244378,0.12544769419206536,0.06879602186029066,1,4
e2d20a5c9d8f,0.03908150806399132,0.9393414853430212,0.012738644231276677,0.008838362361710851,2,1
e2e852552b7f,0.7078587103410108,0.07332094520900796,0.19217253438517568,0.026647810064805422,2,0
e300a4e86207,0.023319480627050113,0.7193813798094516,0.21367126045623497,0.043627879107263484,3,3
e3209b62ec59,0.2568853983527454,0.6054670675526963,0.08671266758508132,0.05093486650947686,1,3
e32e5c4bb5c2,0.003415343342053902,0.9740605506561592,0.02020954126477553,0.002314564737011371,1,2
e34c6533b5d2,0.2593043143453838,0.3956273700299578,0.1608643219769933,0.18420399364766504,3,4
e3508efe3bb8,0.4108409979143058,0.2662857640986065,0.30622951239234797,0.016643725594739762,0,3
e3628650afa3,0.01736957432542474,0.952947608659667,0.027401414443483554,0.0022814025714244742,1,0
e36dac4d5aca,0.320528664659792,0.1073942485561389,0.5661956265074718,0.005881460276597329,1,1
e37291d60bf5,0.02277535254324581,0.7716343853636631,0.06916580892955188,0.13642445316353918,1,2
e389cb066bd8,0.19863186731715943,0.5063822055936901,0.20061124093658406,0.0943746861525665,0,0
e38bf848a4b2,0.02129016676332412,0.8544181570561062,0.12038774019316052,0.0039039359874090767,2,4
e395615a9a0d,0.019836292249182028,0.6629847209031714,0.17732834034225786,0.13985064650538867,1,4
e39daf2d9636,0.14030161324139162,0.5453719952621945,0.30518225192133897,0.009144139575074945,2,1
e39f4a252cb5,0.9170494529823447,0.05554868576956712,0.026164270003981513,0.0012375912441065812,0,3
e3a350da2859,0.017543287790098065,0.9431869884121762,0.030829290333126744,0.008440433464598973,1,0
e3a355a01aac,0.04332580790254035,0.7549065529090221,0.1940105842159824,0.007757054972455257,1,1
e3a68b6c54b5,0.09086418514522107,0.6168723931283366,0.25905921296890205,0.0332042087575403,1,2
e3a9b892e7c1,0.3014361241180157,0.31748381290880123,0.3659960178106737,0.015084045162509371,0,1
e3b546093b7c,0.022735996516764126,0.8685872063291565,0.10270484603146761,0.00597195112261161,1,2
e3e0b34968ad,0.06614090267658397,0.4993767444574071,0.332065014384328,0.10241733848168093,0,2
e3efcee5464d,0.04925483730692942,0.6755317081312062,0.25383021296119773,0.021383241600666514,1,4
e416f944cb42,0.5585974214158176,0.16619423060779603,0.23755765621386965,0.03765069176251679,0,0
e427306ddc9a,0.34386994233353646,0.24547265408111393,0.40561663845268725,0.005040765132662401,1,4
e43ad5b5e137,0.06159974086204362,0.6284580715061756,0.3001259744439335,0.009816213187847237,1,2
e43c10ce7933,0.021136367857780135,0.8776480726520504,0.09611365806010715,0.005101901430062297,2,0
e44d13263cba,0.8486642065962662,0.09389925896883429,0.05017991588025388,0.007256618554645613,0,4
e44d1faedace,0.28047895645257803,0.43578511578504464,0.17209729967133264,0.11163862809104468,2,3
e45231baa93f,0.13015923620795655,0.3334451618743965,0.5326863454701882,0.0037092564474586883,1,2
e462b50ef489,0.14115183691131547,0.7231161668056469,0.10301179315818432,0.0327202031248533,1,3
e4645a71f19b,0.7962148430059446,0.1492648539995502,0.04430090730521382,0.010219395689291378,0,2
e479851df410,0.04483052176240415,0.8937432511730636,0.04117637195500638,0.020249855109525674,1,3
e487f7e3b6a5,0.533829680932691,0.315482191265163,0.13353162871391663,0.017156499088229204,3,4
e48cc454acd6,0.005358190468463904,0.9329250687413537,0.0612200435082403,0.000496697281942041,1,2
e4a4248cf6fc,0.35576798348556576,0.527500084693035,0.04483217761908436,0.07189975420231486,1,0
e4aa7df34266,0.19337369278765953,0.38516677014801387,0.40892203646441255,0.012537500599914018,2,3
e4b2c5f23e08,0.039317433694221936,0.6074259768351888,0.3370673306001449,0.016189258870444454,0,1
e4b50e7402c3,0.06346584251915478,0.49850625097151013,0.3791629295880433,0.05886497692129189,0,3
e4d47cc836a1,0.13150845706645672,0.36785935630080885,0.46085619128256894,0.03977599535016555,2,0
e4f280b01af5,0.23912611576059445,0.6511425808282236,0.05904190854838582,0.05068939486279614,0,2
e4fd12eef363,0.8175142293521996,0.10776311862562403,0.0702137097755436,0.004508942246632916,1,0
e509fde57a70,0.06232972228294454,0.7826531657701928,0.142089471700887,0.012927640245975468,1,2
e50d56f75dc9,0.1078601169755751,0.548618407134144,0.3088538236852237,0.034667652205057145,1,3
e51850dddb1d,0.062478621594441404,0.5241492365813641,0.387231032940282,0.02614110888391242,3,0
e51b2fc7f149,0.09569778424332182,0.5413819373019133,0.32874298360329074,0.03417729485147406,0,2
e51c3f2307f8,0.17923327765901423,0.7196302687370957,0.04515942722358103,0.05597702638030913,1,0
e52bdc15086a,0.02610019427042109,0.8815484111173442,0.09015613019779428,0.0021952644144404847,3,0
e53355bac9ce,0.13303863048212194,0.3000090330327775,0.46204161599047955,0.10491072049462104,2,0
e550c0ee9fc4,0.6581420186400868,0.09719716491231062,0.21933742899892253,0.02532338744868012,2,0
e562c9ac6268,0.011798798556081517,0.9513691987253894,0.03275945970149704,0.004072543017032119,1,2
e56e71389ba2,0.19180819169861882,0.3497299928593661,0.4529482971224109,0.005513518319604132,1,0
e578212ad3a6,0.2711910954832855,0.5120346837884995,0.1827672682066915,0.03400695252152351,1,0
e58718f4aa74,0.004798044423986425,0.9530221923512047,0.034368414224915295,0.007811348999893689,1,1
e598f9bfe550,0.3390038630184771,0.500873233405088,0.14894569240142397,0.011177211175011002,0,2
e59ac8552f60,0.3228042462461965,0.5133926747184949,0.10493650568343102,0.05886657335187752,2,3
e5a7aeedd323,0.00608634714368694,0.9763270781586342,0.013781089582293888,0.0038054851153850222,1,0
e5e19b32a270,0.08843834388686302,0.6816796624107945,0.1424734461141028,0.08740854758823988,0,0
e5e2dbcbd9d2,0.2578439969763053,0.5901685895829366,0.13264965517783378,0.0193377582629243,1,3
e5f1860bc360,0.9161332804474586,0.010653438929201764,0.06818853331568077,0.005024747307658872,0,3
e5f97fa3f2d0,0.15802744602826402,0.6809924271170062,0.12846310143793443,0.032517025416795395,2,3
e5ffc5baa978,0.05903086089971984,0.5631479561784897,0.33547442406701744,0.042346758854773146,2,0
e6069f2cab57,0.506927525991249,0.29391781233453307,0.13114241491495743,0.06801224675926042,0,1
e60a0bcf8160,0.630302889922088,0.24906878090470277,0.089434149116751,0.031194180056458295,0,2
e61140a68866,0.046640607108052415,0.7264380089702084,0.19986848694725098,0.02705289697448833,2,3
e615b95130a4,0.8719528708416718,0.09028736334290213,0.030992779533470967,0.006766986281955211,0,1
e619787c1a07,0.04571438602378447,0.6507805902920017,0.2392097691119023,0.0642952545723115,1,0
e63929e6add1,0.028846602248242884,0.9568743644902189,0.013819609689450995,0.00045942357208716386,1,1
e63cd8a6d04d,0.038877982517216525,0.816181476710939,0.1364418537241674,0.008498687047677115,2,3
e63e246debfd,0.1867992507599494,0.5956647733891577,0.15268464913451676,0.0648513267163761,0,2
e6505c104184,0.8923381635859596,0.07967953324813018,0.02281218766210861,0.005170115503801568,0,2
e65207f12ea2,0.02521552667392842,0.9046382113290745,0.05898352797506809,0.011162734021928989,1,1
e67619d00b58,0.018428845813938083,0.855711032444342,0.0825941012624498,0.043266020479270216,1,1
e687b28d3864,0.6988366493784974,0.10772205856711554,0.1880950356228129,0.005346256431574123,1,0
e6961147acfd,0.45690559274376213,0.25200418937650804,0.2194009057562473,0.07168931212348248,0,2
e696904df3be,0.3009110229554269,0.36257365898685207,0.3114818765653602,0.02503344149236084,1,0
e699535e65da,0.8900711443404087,0.05822714538288732,0.04927725495781579,0.0024244553188881354,0,0
e6ade0ee672e,0.0361713258702687,0.926881184849748,0.03283855732227627,0.0041089319577070375,1,0
e6dd6efb3de0,0.5400254931512566,0.3932674478296506,0.04940893242328019,0.01729812659581261,3,4
e6de6fbdcd67,0.09888506548136272,0.7248190895917704,0.11022668397620666,0.06606916095066026,1,0
e6e361d6a84e,0.3059510820414254,0.55977905836116,0.10837026400261889,0.02589959559479551,1,0
e6e404e7db47,0.020129294435620976,0.466411903832709,0.5001482489686165,0.013310552763053539,1,2
e6e920ea0609,0.014115442873516635,0.5893618070795618,0.07672301524256527,0.3197997348043563,1,3
e6ee4827951b,0.18492544884820014,0.7236733488907893,0.08178492410054272,0.009616278160467812,1,2
e6f3ba0b25c5,0.0881450522212959,0.8146802273488467,0.09571847155487023,0.0014562488749869705,2,2
e705df6bf622,0.004726149996437142,0.9817277852533111,0.010335633340843624,0.003210431409408258,1,4
e7108595fb09,0.030548398362524334,0.8825430193047115,0.084317137526814,0.002591444805950291,1,3
e713de5fa2f1,0.786568608582863,0.12450246015644882,0.07588441095446607,0.013044520306222062,0,4
e714c61cedb5,0.011922827552474919,0.9486382230212015,0.03296623793861974,0.006472711487703831,1,0
e719973c92fb,0.896776514179674,0.06332788805462361,0.036628929296813696,0.003266668468888959,0,3
e72c3641aff5,0.03706787094263049,0.5754939268385011,0.2454074455571486,0.14203075666171985,0,0
e737a74a9830,0.07718959975536074,0.6621572052415707,0.18441988952762825,0.0762333054754403,1,4
e740a2577d7c,0.9613279220706614,0.023387684947084347,0.013781048300710875,0.0015033446815434677,0,0
e750ed589351,0.9273357475406099,0.04332319775265233,0.021262436042052295,0.008078618664685509,0,1
e751ae5d2da4,0.03661340300126051,0.8847202439033819,0.06339695475150567,0.015269398343851682,0,3
e752b12382d1,0.03251269144725503,0.4869675574774409,0.2610990989623101,0.219420652112994,3,2
e764f1cb364c,0.9189027542772851,0.02214801893762697,0.0573291246803211,0.0016201021047668159,0,2
e7652a255494,0.4875623023966776,0.29541184354747185,0.17707794082222994,0.03994791323362072,3,4
e770c3c0df1a,0.15936350879871286,0.12444569425422172,0.7067360052872955,0.009454791659769998,2,1
e773dcdd7200,0.06322531019083193,0.7559522652833196,0.1738146495285451,0.007007774997303455,1,2
e78731870e9a,0.038848757501369596,0.8757642205998715,0.06702271855742287,0.01836430334133602,1,3
e7991479fcde,0.6799353941024078,0.16351774198843028,0.12246345622104611,0.03408340768811572,0,2
e7b519c4b318,0.9006528727886279,0.07784430694176112,0.0076403189266243295,0.01386250134298675,0,3
e7bc5f198df7,0.05014581776163614,0.8617561667112689,0.08407106215794254,0.004026953369152463,1,0
e7c4f060e6d4,0.053890683985997175,0.9146068183274862,0.03080791269928491,0.0006945849872316475,1,4
e7c75b329ac7,0.7970258186943198,0.1390064223596789,0.03437937814615783,0.029588380799843578,0,4
e805aa5e9f9d,0.5533498778122954,0.26369741026364085,0.14782883820797452,0.035123873716089146,3,3
e80a00183db9,0.1364662154725042,0.7437944649545959,0.11283933627194144,0.0068999833009586245,1,2
e81975072f7a,0.3487210121088599,0.5169041169386825,0.11591980701650816,0.018455063935949364,1,0
e82dabeb2c01,0.4730023496334579,0.45218231325603636,0.061876058693006976,0.012939278417498954,0,4
e82e8c609e01,0.8209466173149408,0.08410923839702523,0.06463794679312534,0.030306197494908444,1,1
e832781629fd,0.2902782140928106,0.5101440154351781,0.13856889933200095,0.06100887114001023,1,2
e83599857d12,0.02339938673880339,0.8751972199002719,0.0997165208556244,0.0016868725053002355,1,4
e867ef0d690a,0.052659560727885225,0.4639255311219028,0.419342949939233,0.06407195821097898,1,1
e86da5ced3d9,0.04040664673655084,0.7798419044661421,0.15468891250951466,0.025062536287792442,1,3
e8738bc58dca,0.5797205331193018,0.3576220922938707,0.046745478819258605,0.015911895767568796,0,4
e8752745d466,0.19945857016496676,0.702564323230149,0.09373068558191597,0.004246421022968207,1,2
e87937446df8,0.00037901981897959906,0.9860547893390368,0.013140284658999529,0.0004259061829839929,2,1
e87a9de37972,0.9419160384901065,0.009595743598898082,0.040702098074526134,0.007786119836469238,0,1
e87c1dfe1c1f,0.606962297468977,0.31034566945912134,0.07372194609643966,0.008970086975461878,0,2
e8956cd9117c,0.28283656738072527,0.414242642210557,0.29820642672420145,0.00471436368451633,2,1
e8ad62a8f5d4,0.022715802748395048,0.8974138780083271,0.07686306549909712,0.0030072537441808364,1,3
e8b4637a1396,0.2880874743631939,0.5795005186325403,0.11126962812810676,0.021142378876159083,2,4
e8ca5a4146ab,0.11392143166549688,0.6785313648669016,0.08305735089590305,0.12448985257169849,1,0
e8cd174b1e73,0.022749602359306568,0.9392450461214911,0.03485382008417966,0.0031515314350225717,1,1
e8cdd5d7becb,0.12053662720775192,0.5755745181338561,0.27156539240636446,0.03232346225202745,0,0
e8da31ab0da5,0.016582141443225642,0.913526968400725,0.042241392443177574,0.027649497712871673,1,3
e90d4db7ddd4,0.39579167820108,0.1033110629792594,0.46735462351141643,0.033542635308244265,0,0
e90dd06ea8a1,0.021257729700570323,0.7784121997103473,0.17064723342339058,0.029682837165692054,1,1
e9268097a0d1,0.05713779764225525,0.7967313949175068,0.05069910055896052,0.09543170688127744,2,1
e93a46774f00,0.3627848861394182,0.14268507579345563,0.2626272520785326,0.23190278598859357,1,1
e93b8361bfd0,0.5678794406904568,0.21605907920492148,0.16610111338747943,0.04996036671714227,2,4
e94ccb56b277,0.07567515485263993,0.5200213726061779,0.36825917559911936,0.036044296942062945,1,3
e96f12697ca3,0.16395940914636303,0.7115324139984726,0.11213846039170677,0.012369716463457825,0,0
e97d25d7e522,0.11720482929044361,0.4627239933749157,0.29482007076571626,0.12525110656892455,0,2
e97d79485202,0.4608567561440243,0.43533853151892843,0.0923487631881135,0.011455949148933834,1,0
e9875afe7532,0.03016287475997588,0.7765651704311111,0.19125260430194704,0.0020193505069660642,1,1
e9ce880f2202,0.03025299821931874,0.7875374525145858,0.17678811048139664,0.005421438784698849,3,1
e9d5e9c6fd14,0.02263516757910532,0.8903368151331281,0.07877481588709483,0.008253201400671708,1,3
e9ede9640810,0.8107693403166161,0.08582143424032693,0.06567503583454408,0.037734189608512776,0,2
e9f977bc280f,0.022403748107366818,0.9291232820194492,0.046953613710524866,0.0015193561626592152,1,4
ea095c5991c3,0.717419140458685,0.1948356266117022,0.06263198631362385,0.025113246615988884,0,2
ea1b70752c62,0.01306411175419185,0.6893730875045095,0.14119872646653742,0.1563640742747612,1,1
ea1bf78bc0ee,0.0304215279938876,0.774491509683004,0.1886720654504301,0.006414896872678376,1,4
ea2d09b4a59f,0.18957096633139725,0.47096932177827394,0.3357805138993287,0.0036791979910000463,1,0
ea44061da219,0.03250769496529439,0.8742268374252828,0.056862168831851856,0.03640329877757097,1,0
ea4e755480da,0.0563601149668566,0.8862878661527102,0.01992738337387799,0.03742463550655547,2,2
ea71dbbcf2ab,0.04249076164554152,0.7443599293039833,0.18961914121857856,0.023530167831896733,1,3
eaac01660339,0.12428886394545517,0.7427083111316639,0.12750916491831224,0.005493660004568511,1,1
eab43c22f6e3,0.06934238955293485,0.784635975107461,0.1290261742879049,0.016995461051699214,2,1
eadbd008393b,0.17292949358877432,0.7269420971535542,0.06723189110225128,0.03289651815542017,1,0
eae003afb999,0.5969915767047919,0.3106915986875601,0.0801864148806439,0.01213040972700423,0,3
eaf7e92ddbd6,0.0362019061717668,0.6844945069285081,0.2634432016815129,0.01586038521821212,0,0
eb17643599fd,0.6870158682281847,0.28766788395680254,0.01471704654819422,0.010599201266818476,0,4
eb1e40c40c88,0.07014838378017538,0.4637774533217484,0.3860054533138471,0.0800687095842291,3,0
eb25647982fe,0.041964021767564454,0.9405834235933493,0.013803647277527564,0.0036489073615587116,1,0
eb28eda6261a,0.9181022997038077,0.01629208245139553,0.05875718496711453,0.006848432877682176,0,4
eb30f3452fc6,0.13973136246659168,0.6043998309386974,0.19840236928872676,0.057466437305984136,3,3
eb3e488b900d,0.6933734728561483,0.24890793766140884,0.04832974776828559,0.00938884171415728,0,0
eb3f608c965d,0.100436983718063,0.7445319742736012,0.14015742593876682,0.014873616069568937,1,4
eb41a8fdece4,0.42473445616560895,0.3438563112879553,0.223458572566473,0.007950659979962665,0,0
eb4f7a7c46c7,0.9202361258383718,0.0535466143703384,0.01112847056525234,0.01508878922603749,0,3
eb5090e6fdc2,0.014628938482811524,0.9099054714540211,0.05575737587353131,0.01970821418963606,1,4
eb6c62925d9c,0.8993193358675343,0.029988653910570415,0.05673578832183993,0.013956221900055233,0,2
eb76ebad1c23,0.20545485992112306,0.4272381018586083,0.31766376826533776,0.04964326995493084,1,0
eb8b05df8563,0.2206397220515029,0.4326608748616236,0.3241359358912091,0.022563467195664377,0,0
eb9dc561833d,0.222628558973213,0.7123229125853512,0.04400480146411181,0.02104372697732404,1,0
eba05ee2d7da,0.039871581697673346,0.6877116266292265,0.26505766548414955,0.007359126188950651,1,4
ebb0b75bd4de,0.0030064348254530793,0.9741210008126566,0.01646057002759855,0.006411994334291879,1,4
ebbd78acb0e0,0.0428594208320016,0.8603815298934236,0.07102256806166082,0.02573648121291407,1,4
ebd126be46e8,0.9101385025173127,0.03702735403544732,0.0468316756497675,0.006002467797472467,0,4
ebf4d14f8094,0.05003105150211936,0.6187393507493201,0.3240135065326326,0.007216091215927839,1,1
ec14ca35f6d8,0.022025739449737736,0.9380949895949612,0.035500624807524035,0.004378646147777004,1,4
ec2491ff28f2,0.024160765314649234,0.6672497370617988,0.3004621883519314,0.008127309271620654,2,4
ec43b49013d3,0.3328192403862678,0.5173337251764055,0.11619630221634553,0.033650732220981264,1,1
ec459b9efc52,0.37820453513758495,0.2993673876411093,0.29973330575255325,0.02269477146875237,0,2
ec60a9077385,0.07607661124293864,0.7508859463631271,0.15641774651536575,0.016619695878568604,1,4
ec614c61cdc1,0.433401128763784,0.3428036537174974,0.18644500146889884,0.03735021604981984,3,2
ec69b2c23b7a,0.2325423741349882,0.22220137421533845,0.5039396360562288,0.04131661559344456,0,2
ec6e91420f3a,0.024134957035678438,0.8663937350708216,0.10371569595963247,0.005755611933867603,1,2
ec969fa94baa,0.6000615173041829,0.15934759500979395,0.08592321975799808,0.154667667928025,2,2
ec99ea1e7890,0.022497766175176858,0.9494556964049189,0.02125857646555359,0.006787960954350763,1,4
ecb369802701,0.875749933988915,0.02362873474941874,0.0979772297159218,0.0026441015457444963,2,2
ecb8f4c2606c,0.09932804330076965,0.5753154573476325,0.2895216889200274,0.035834810431570524,3,2
ecc8f5b0842b,0.6078475173670502,0.1482609533414525,0.23032531340761137,0.013566215883885886,0,3
eccebc4009a0,0.031699740412577455,0.8781907413409396,0.08544571483836891,0.004663803408114089,1,0
ecd0dea97eef,0.605914346942763,0.27678156352962496,0.08133175116903334,0.03597233835857873,2,0
ecd883ed5c12,0.04120799427509153,0.9142311762157357,0.03629564382529575,0.008265185683877012,1,2
ecdfc29912ee,0.06763019237111556,0.6239206247244621,0.24971384419419923,0.05873533871022309,1,1
ecf019f00e3d,0.6806232567799041,0.2848720706474686,0.032025301806903966,0.0024793707657233253,0,3
ed0825c7df20,0.12275481729838882,0.7207210790555325,0.13845348792919981,0.018070615716878853,1,0
ed49428432a7,0.03715706898372525,0.8280239868706613,0.05384076714799589,0.0809781769976175,2,0
ed513f058147,0.002866727625474588,0.9615163494601522,0.03361921894209204,0.0019977039722812017,1,0
ed5c290105e0,0.8169830467913791,0.0784297262370672,0.08933602848921396,0.015251198482339665,2,1
ed5d94f5100d,0.07863197553002846,0.8942877278568317,0.02177061499515421,0.0053096816179853635,2,0
ed6218993ed0,0.931918421018088,0.01665369777335178,0.03702700181422605,0.014400879394334124,0,0
ed7af0f6cc7f,0.23880556997446642,0.6524690863398573,0.08590162436170977,0.02282371932396653,1,4
ed7cc735db6c,0.0302895676600757,0.778527999801537,0.10575793412814362,0.08542449841024376,1,2
ed849e809c1c,0.8988944388060534,0.021051284999978433,0.07777290512061188,0.0022813710733565174,0,0
ed855d09ffd4,0.16614659671187768,0.6609195666563668,0.15390299431278742,0.019030842318967976,2,1
ed8cc5fd07f1,0.17239155256651195,0.6980326223355963,0.1019968491328493,0.027578975965042444,2,3
ed9792ecb546,0.16619430200793156,0.556165247650622,0.2703430791307321,0.007297371210714309,1,0
ed9fc7d10eba,0.04425266294339961,0.4713012991037728,0.4730673170602541,0.011378720892573376,1,1
eda00b808607,0.02789814174682878,0.9442360842084211,0.025436662341964636,0.002429111702785329,2,4
edaf69ec10f6,0.5445786091536318,0.18486680139936823,0.1437762520473032,0.12677833739969674,0,0
edb5e43491c4,0.038673483735149075,0.9016507152081228,0.043449616595433935,0.01622618446129417,1,2
edd21ee3c460,0.16105801479105575,0.6119584028632322,0.07369986768298695,0.15328371466272506,1,1
edff2028722a,0.3589397125197067,0.331806213078554,0.24933247582429252,0.05992159857744677,0,1
ee18a08e02d1,0.08369968443801498,0.38679732242184905,0.42124232901998876,0.10826066412014718,2,2
ee22d804e868,0.0504894135836861,0.8321455418774475,0.026611169845449437,0.09075387469341714,3,3
ee4155767b5f,0.038744107893077875,0.11705201586919188,0.19736280709921036,0.6468410691385199,3,2
ee4440d41ee6,0.5910939852878127,0.22336857395437723,0.1772866919817215,0.008250748776088631,3,2
ee59b3ab54f1,0.010869773015128892,0.7897806578646113,0.1910359246748597,0.00831364444540009,1,1
ee5af3809557,0.01534563777619697,0.9068589381754195,0.0634008757133344,0.014394548335049084,1,0
ee5ea1ff9f13,0.6234147248551413,0.12873037494617046,0.20845694530528439,0.03939795489340397,0,4
ee5f0438b183,0.3403203698396362,0.38800237692727885,0.22835909410001584,0.04331815913306923,2,1
ee65eee3a327,0.9003307191954423,0.06555164851959615,0.029173026454862697,0.004944605830098893,3,3
ee783fcfed40,0.3378394377507423,0.506756657827867,0.1292412641292187,0.026162640292171805,0,4
ee8920d4faeb,0.10869489870448999,0.6985739720437398,0.14636414408105763,0.046366985170712464,1,3
ee8c14899dfa,0.026438816141367304,0.835636496838927,0.13447942026920046,0.0034452667505050862,1,1
ee8cf2f50c90,0.46933901881538925,0.22932168141019185,0.28980400463316786,0.011535295141251048,1,1
ee946ca9c50d,0.7360341215741558,0.058512241605912056,0.12585554287766462,0.07959809394226758,0,1
ee980e0dc7d1,0.5317844859312606,0.3941788124457881,0.05866339672489638,0.01537330489805497,0,0
eea9ab1e6c53,0.4465052026117066,0.24050808853524278,0.16462596249174394,0.1483607463613066,0,0
eeab05ccb1a5,0.7467740344384951,0.07114962702175276,0.10773382718986324,0.07434251134988903,0,3
eebaa7b747e2,0.07374848804026803,0.6978735489163187,0.21647811448143553,0.011899848561977676,1,1
eed043f0a603,0.2097064680387318,0.545301874309485,0.18395051979487703,0.061041137856906146,1,2
eed9b6596e6d,0.015651633849741196,0.9359451902637249,0.03426672801729565,0.014136447869238126,1,4
eee88e3f416d,0.019471786262696324,0.8819658407581088,0.09653672976529953,0.002025643213895448,1,4
eeecfd50b220,0.007266881062977202,0.9640551330180995,0.025346491293760678,0.0033314946251625883,1,2
eef237fc67b9,0.49086704559308114,0.3162048097941184,0.090384823016316,0.1025433215964845,1,2
eef6300c5540,0.046583971376084755,0.608242951146184,0.2771429804481027,0.06803009702962864,2,1
ef2903498dc5,0.11626356386868979,0.7872921862287495,0.05119698596978178,0.045247263932778996,1,0
ef303ca23c79,0.14013030866518797,0.7318737868311507,0.11458228230754904,0.013413622196112139,2,2
ef3e7ae6e700,0.6402470652646919,0.24882331243802389,0.0903893817920971,0.020540240505187147,1,1
ef45370d19a4,0.8796659200494121,0.011733958639649118,0.10106446200209532,0.0075356593088435455,0,2
ef45c1184249,0.13302934853193887,0.8327815274136224,0.03225478607111895,0.001934337983319782,2,4
ef6713d49378,0.06969837961961695,0.7113308796085083,0.10728704067429168,0.11168370009758319,2,1
ef8fedf0d644,0.059471959077805836,0.5175151337990223,0.40569682145864766,0.017316085664524306,1,2
ef90d5cec0ec,0.1535327717741409,0.7309126481581284,0.10196077529967906,0.013593804768051504,2,3
ef984f6fa70c,0.1275183882925511,0.7616457603067044,0.10196911795046845,0.00886673345027615,2,4
efb9bc675820,0.5965976445333164,0.2957310180986885,0.09120299960351427,0.01646833776448077,2,1
efd4278840ce,0.02039159681862684,0.8072886119351417,0.11316388025271824,0.059155910993513354,3,4
efefa03de088,0.14332598397597057,0.6691312839978902,0.17656140790264524,0.010981324123493952,2,2
eff72b9f6efe,0.22587286297310694,0.39670701028672567,0.31947715590442705,0.057942970835740265,0,2
efff0a2821eb,0.09885776776947969,0.5478930252456276,0.34401147384874053,0.009237733136152074,1,2
f00a7f15f367,0.009636699151578833,0.8589398839538502,0.12929319236839645,0.002130224526174266,1,1
f00ed1bca2c4,0.05361209269121892,0.9201000079987931,0.024031418349416418,0.002256480960571477,1,0
f0156675755a,0.705939689038231,0.16892969415265863,0.11245918483026537,0.012671431978845085,0,2
f01b33e3ce9d,0.21632420709975417,0.3385335196389823,0.4275073094006447,0.017634963860618906,1,0
f025d675b893,0.24240870870732384,0.15989518944802195,0.5917111089693394,0.00598499287531467,2,4
f028f4a45ccd,0.045087248533123604,0.25522140353246786,0.3739487921076773,0.32574255582673123,3,0
f03cec43a0c6,0.2759483645262199,0.5885395913030476,0.11435067978511734,0.02116136438561508,0,2
f04ff90a3dd9,0.9293890883108273,0.04097990836465149,0.02020977803538382,0.009421225289137379,0,4
f0512f3b3a6e,0.2654815597008709,0.6288439892302633,0.09007464939262107,0.015599801676244729,1,2
f05fc3dd7653,0.3881826102311155,0.22486399432106802,0.21696151011949502,0.1699918853283214,2,3
f0637f0d7719,0.21643068324659298,0.17973570914120024,0.5561797001542629,0.047653907457943845,1,2
f07ec852f8c2,0.3499502470192526,0.4132296951750939,0.19151442763528947,0.04530563017036395,0,4
f08ec6272e48,0.8996095362822034,0.06641368109712324,0.03193100582172501,0.0020457767989483042,0,0
f0a6dc99b78a,0.008157593289118779,0.9128703582562604,0.0718896254414263,0.007082423013194593,1,3
f0a7a52f661c,0.30716272537877326,0.47827571973784405,0.199453633300776,0.015107921582606758,0,0
f0bee4584261,0.13745153785100678,0.6602264160168749,0.19035744152239595,0.011964604609722403,2,0
f0bfb67c18bc,0.030422969259413502,0.8898250536347089,0.07102174090613533,0.008730236199742305,1,2
f0c4dc3b247c,0.2104202357597848,0.5927330656990574,0.18323092422688794,0.013615774314269876,1,1
f0c5e85b5e86,0.43475066648255317,0.3514893044292193,0.21077521130956106,0.0029848177786663426,0,3
f0dfde16feec,0.6578470280028236,0.1911191660776337,0.10786557067005148,0.04316823524949113,2,2
f0e023959894,0.02839386936420214,0.9197088884182624,0.020404707751496748,0.03149253446603865,2,1
f0e40c184d36,0.11247306904763839,0.6625711944047398,0.16732846017087394,0.05762727637674779,1,3
f0e99a9fd724,0.24269315721911622,0.5520065262287654,0.16350905139782632,0.04179126515429201,1,0
f0f8ccd8b0a0,0.48040422190919907,0.2889227774699923,0.1720391748771219,0.05863382574368682,0,0
f1043ac7271b,0.6406733711371835,0.24210694072308717,0.10641568496342257,0.010804003176306764,2,3
f1063f4acf08,0.008319267261424207,0.9842250177226123,0.007130679419459562,0.0003250355965040591,1,2
f108d58e9f51,0.10465076263653023,0.6792812405351573,0.1874204913909761,0.02864750543733643,2,0
f109811743c5,0.3789138704330921,0.49374601445599314,0.12318629699377256,0.004153818117142202,0,0
f10d919f319b,0.6470411801544401,0.2630404480139606,0.08443825371327297,0.005480118118326343,1,1
f11ab7648eb2,0.36476810821297445,0.5378956470674338,0.0734617736103911,0.02387447110920072,1,4
f1236049dc34,0.18177358821460687,0.7233324377315282,0.07245301825579668,0.022440955798068103,1,3
f134eb1b9f3e,0.5788912242874291,0.17350433338327428,0.20667918813656228,0.040925254192734385,0,0
f13c5fb56a73,0.28325680783698887,0.46416886158926035,0.2488498872491493,0.003724443324601341,1,0
f14cc84c4e69,0.08922845191569952,0.6051270505659169,0.3016488550177894,0.003995642500594225,2,0
f15583c5d579,0.28077329103206333,0.4388560873060057,0.26619644030690026,0.014174181355030794,1,2
f17037e3c5a5,0.019793191858386402,0.8540246742546626,0.09832653602869192,0.027855597858259237,1,1
f171762263b3,0.8493840682155377,0.08549738645890792,0.046967284034150174,0.018151261291403962,0,3
f17665afc4c2,0.10435948169219034,0.4564977138682811,0.4334062096399821,0.005736594799546446,0,4
f1788303c669,0.4066335195461948,0.4129330415245028,0.17677777844359682,0.0036556604857055403,0,1
f17f7d44b959,0.15012996724110683,0.538220272552358,0.3050288737231637,0.006620886483371338,2,4
f18fc8dcef6d,0.0939248613778406,0.8628284717664358,0.029615760012863937,0.013630906842859666,3,4
f1a643119e8d,0.044421112830089315,0.8831496646283592,0.02846738015374049,0.043961842387811104,1,2
f1ab0d2dcd7b,0.003942214392709294,0.9569607433798796,0.03745478498229748,0.001642257245113656,1,0
f1bf16aa4bb7,0.002343755601851238,0.9923641501262671,0.0043681691833258466,0.0009239250885558328,1,4
f1d8d7ca8477,0.05103106113197716,0.6553065895736213,0.13420773482429957,0.15945461447010195,2,2
f1f663bb5ba6,0.4131167519650926,0.481563420747555,0.09810006282842637,0.007219764458926118,1,2
f20576257dc2,0.6797803138743032,0.2666499940286361,0.046324090493368365,0.007245601603692241,1,4
f206c90d6bf9,0.024220143738092184,0.9384201053860074,0.024509896907919312,0.01284985396798103,1,4
f20d2ff64006,0.00915213652810462,0.6657514923260264,0.3175802511083781,0.007516120037490865,1,3
f20ea4a7e55d,0.09703822809512695,0.7415640459356603,0.1178315107984064,0.043566215170806354,2,2
f21f4dd7e3b5,0.81199971415987,0.1404916649776881,0.03838996562064387,0.00911865524179792,1,0
f2241ca2d0ff,0.006389404790997759,0.8911909627057694,0.09207194568236798,0.01034768682086486,3,1
f254d359e0ef,0.8668998261836841,0.04369197677872314,0.06161433832580259,0.0277938587117902,0,1
f26c50ef1bd0,0.10667911084590151,0.47893134059103487,0.20504658990151356,0.2093429586615501,3,2
f2a899251da3,0.04583203075239098,0.825818154176364,0.08625215650695725,0.04209765856428787,1,0
f2a9e6e67eda,0.08449243281113922,0.7497049881368577,0.14146933157603958,0.02433324747596353,1,0
f2b77c3c70c5,0.854097895309819,0.09959382010546623,0.028767536026126507,0.017540748558588216,0,4
f2bf2f65fe68,0.09509065937350293,0.8550723936139764,0.0404315002959474,0.009405446716573309,1,0
f2d30ac37f7b,0.14938127407107504,0.34415385507249574,0.47831562872911154,0.028149242127317786,3,2
f2d5dd65d7d2,0.08542203028221636,0.44307452039206857,0.19046237594143495,0.2810410733842803,2,4
f2d890d8bea3,0.4274213426651851,0.20498802087107199,0.3291428180028321,0.03844781846091094,2,4
f2e430c3888c,0.09934293735078303,0.762465410369422,0.10778414844700547,0.030407503832789447,0,2
f2e5da098e85,0.01594601579237665,0.7558234826279622,0.22599017945017866,0.002240322129482405,1,2
f2ee15af6c4d,0.19350281607776912,0.6728981267380766,0.12467255333345778,0.008926503850696498,1,4
f317383c5831,0.5450087010298862,0.2629891386234226,0.10196904169410392,0.09003311865258723,2,2
f32dd337bd1a,0.4110270684335404,0.43791473659746827,0.09050732373805805,0.060550871230933404,0,4
f333eadeca7f,0.7398317195133977,0.09565711690514636,0.11952599340314612,0.04498517017830984,0,1
f338a2ae96bb,0.9110625798635785,0.01447259427561593,0.06425753995938906,0.010207285901416573,0,0
f36b9bbd21ed,0.016921685317030408,0.8039114598451035,0.16371258812582917,0.0154542667120369,2,4
f36bc38a2660,0.08639007768680247,0.7760042033952065,0.11352282030462835,0.024082898613362526,1,3
f36ed95de256,0.7288233561728641,0.0852927889142082,0.1807296549044381,0.00515420000848968,0,1
f371fa5e17ee,0.027806292937197226,0.6384799310375869,0.3226605563768294,0.011053219648386386,1,1
f375191afe2d,0.5577509418729751,0.18053187404442714,0.2275948046297083,0.03412237945288959,1,3
f383a0b4d02a,0.10864684674474195,0.696616506369254,0.17568912229289768,0.01904752459310631,2,3
f3968991ea72,0.012538223504134055,0.8991448677738273,0.060579178955334385,0.02773772976670428,1,1
f39f4119d62b,0.7217691709484293,0.25645706036314075,0.019992794752991056,0.0017809739354388951,2,1
f3a123432445,0.10701736603080886,0.5609552110754789,0.3224557310576247,0.009571691836087616,1,1
f3a9bde37ea8,0.5143060143928484,0.3521507550715356,0.08590928216533371,0.04763394837028228,0,3
f3c36d0f9736,0.009934887207184332,0.871493380121875,0.1089486983332469,0.009623034337693842,0,3
f3cab48d1e7c,0.011260739847362537,0.9263065846235402,0.04673859206166375,0.01569408346743345,1,4
f3d1eeb66284,0.016231876106889535,0.8701551397359413,0.08681010085479637,0.026802883302372685,1,4
f3df81aafa5b,0.0510267908774496,0.7703304088998434,0.16197332288685856,0.016669477335848497,1,2
f3eb906bdb01,0.1974326285846667,0.5334498883009946,0.23626374280819387,0.03285374030614477,0,4
f400c9a139bb,0.11321434627202097,0.805505389913663,0.07906827512908451,0.0022119886852314126,1,4
f40b5a31d1f4,0.030814773156463655,0.7687677007283734,0.19424179990623713,0.0061757262089258665,1,1
f40f145b6d3a,0.02934216072148441,0.9091109589062181,0.04575570054909899,0.015791179823198474,1,4
f41d7c33e0fb,0.16562758916077677,0.6744632562307268,0.13714940983548202,0.0227597447730145,1,3
f42ff739afee,0.018473760684678178,0.9302138751696912,0.04765342788044522,0.0036589362651853175,2,4
f44b14970f3a,0.9759321286318475,0.018377263896376537,0.0038519686435065236,0.0018386388282694637,0,1
f45612bd7e0b,0.028497208334711716,0.89623597918833,0.06060813333030813,0.014658679146650267,2,2
f457ac57e4f6,0.03295518971279205,0.8321621366380604,0.06588989908478667,0.06899277456436087,1,2
f46cb3c9593d,0.2972663301500705,0.49973791025600445,0.19215080307185467,0.010844956522070341,0,0
f472abdca5e0,0.26464106754630096,0.5086310774529106,0.18358808381145217,0.043139771189336235,1,4
f4833c3311e2,0.026503773700845536,0.8859384094822724,0.08486391946597217,0.0026938973509100963,1,0
f49511663558,0.0023546127698131857,0.9805677059801738,0.015665950665295594,0.001411730584717205,1,1
f49a276f76f2,0.16163998841989763,0.6642899624009154,0.15984701600457416,0.014223033174612898,1,1
f4a638dc3304,0.08547072996447401,0.4834879898043527,0.4207859269066343,0.010255353324539045,3,1
f4b2c6d0edca,0.3272537453610745,0.4307363462521082,0.17897095228481436,0.06303895610200308,1,1
f4c4177e4ca9,0.730351620716819,0.06989728095006918,0.13696575943956296,0.06278533889354883,2,1
f4e21bf210a3,0.48907547634346743,0.4315522272351308,0.05368070311766542,0.02569159330373625,1,2
f4ef01a6e0f1,0.4123329651582331,0.35387932932164484,0.16236488671597105,0.07142281880415105,3,2
f4f08a1bbea9,0.05045981180529259,0.8936870951238858,0.03319855030590277,0.022654542764918902,1,3
f4f5bbdf7a00,0.07388171484974679,0.7712226664288014,0.14608906810138284,0.008806550620068966,1,1
f518654dc20e,0.02244301993430339,0.9504823416824271,0.026167188840176707,0.000907449543092674,1,0
f5239c4023a0,0.26285303743061456,0.5293653617356048,0.1891561520263824,0.01862544880739827,1,0
f5293dfeedda,0.918828371367463,0.02441773162236953,0.05407443783470854,0.0026794591754589867,1,2
f556a329c873,0.2869157741621983,0.4910513057488524,0.21533473719646273,0.006698182892486488,2,0
f55866b3c793,0.003273997327203246,0.9622529179253944,0.0265831401218926,0.007889944625509794,1,0
f5658ffaf0d3,0.18684288083339015,0.4377473649521899,0.2131910130355772,0.16221874117884263,1,3
f56638b54fa1,0.08335783511747112,0.7320444383007741,0.14721226456714387,0.03738546201461089,1,0
f58cb6670e91,0.1183881890422734,0.508501331800534,0.3372921364534262,0.03581834270376631,0,0
f5a635890da2,0.003948101261674373,0.9487756712359651,0.03131934341559555,0.01595688408676499,3,2
f5a76ea09507,0.3077666260274162,0.21183506736244337,0.3962587298136021,0.08413957679653823,1,3
f5b4675f5f11,0.029408958079214988,0.9082886740972028,0.050442509300598966,0.011859858522983263,1,3
f5babfb67083,0.1717314630113387,0.8036435708182816,0.0230204854675443,0.0016044807028352717,1,1
f5c94b5db0cd,0.7209622509579919,0.07613940517874614,0.1125144849780434,0.09038385888521873,1,1
f5cd2d815be9,0.10579580471247493,0.7092253000512999,0.13360697229461088,0.05137192294161449,1,2
f5d1abcf5693,0.5076961962158761,0.35708275277786194,0.12985017656866746,0.0053708744375944185,1,4
f5d2f5175421,0.07132665298424269,0.37788963611920945,0.5420778481724129,0.008705862724134919,1,0
f5f8f43fece0,0.023360021241463965,0.7064909873244477,0.2517042968246658,0.018444694609422555,2,1
f5fd72a88ab9,0.13840472092954123,0.48265959786842827,0.3075737223874485,0.07136195881458185,3,2
f604af7af626,0.13809167173252654,0.7763363240295739,0.05543450648606193,0.030137497751837744,1,4
f6286092ca27,0.07608994915498227,0.6855138889368719,0.21592820939291843,0.022467952515227377,1,4
f632b46fa980,0.03027952057245826,0.8845002833206238,0.07715745678505334,0.00806273932186469,1,3
f64c3d12ddd7,0.07277011981492253,0.6344582758524312,0.2573059270693604,0.03546567726328588,1,1
f65a185b5aaa,0.22124074246681227,0.27880735486733577,0.142484322732758,0.35746757993309397,1,2
f65b67d0fae5,0.15764325721731823,0.6003588319400059,0.20113762261914378,0.04086028822353205,2,0
f674b3cf60f7,0.018291758202923395,0.896226267306861,0.07410133636978664,0.01138063812042926,1,0
f689f3fba17a,0.04161356077737913,0.760885337957515,0.1818314144506187,0.01566968681448703,1,3
f6c14c65ff4f,0.08372968838846297,0.7851030644511791,0.11585101580237585,0.015316231357982048,3,0
f6e480fe97af,0.034105332454722484,0.8133011332247269,0.11698273097894356,0.035610803341607114,1,3
f6ee6d94f030,0.19472035702189755,0.6251569229199906,0.16341050111853617,0.016712218939575727,1,3
f6ffe212deeb,0.11459727538951872,0.8239346281826708,0.054836440317201654,0.006631656110608888,0,3
f7087535a63a,0.39474220463082443,0.4290155231964349,0.15730362183025526,0.018938650342485625,3,4
f73ff8c2182d,0.5400692919991023,0.3704081981724683,0.07665789356959779,0.012864616258831613,0,2
f744da386f96,0.005675969872688262,0.9785233607214142,0.015413677774370865,0.00038699163152685294,1,0
f747a0ab20b3,0.14216935046273846,0.696628438308616,0.15363306560330559,0.007569145625340063,2,3
f74f0c0db300,0.042153459231741804,0.6423765159988767,0.30540710917389763,0.010062915595483985,2,0
f75774536369,0.05605900315388287,0.8551728270560081,0.06589030269237722,0.022877867097731673,1,1
f76c899a8e19,0.0027974893567494392,0.9715858185834774,0.023946480052518693,0.001670212007254661,1,2
f779ee1077cb,0.06766994996875271,0.6973619117112095,0.2208812921800476,0.014086846139990096,1,0
f7859a6e1ae1,0.17828503915277494,0.6253393575160674,0.18676213033882083,0.009613472992336941,0,3
f7974b5d939e,0.02808181743330321,0.7396419238424949,0.22387940074052964,0.008396857983672228,2,4
f7a24c01093c,0.14349535442483902,0.4148841239519376,0.41661587196890604,0.02500464965431732,0,1
f7ae051fa2f4,0.18335920705375106,0.6803193890866008,0.10431236393465121,0.03200903992499687,1,1
f7baa94b8333,0.013870438192677704,0.6909097713486315,0.28656565025870856,0.008654140199982254,1,1
f7bef9f1161a,0.05343661356266548,0.7124624979889282,0.18502696648754818,0.04907392196085818,2,0
f7c01c47e966,0.9716172679568401,0.013825088795346168,0.00892083259818914,0.005636810649624568,0,3
f7d8873478ac,0.2538983843677506,0.43101587564013577,0.2681490738501347,0.046936666141979,0,1
f7e60ddc0f80,0.329734428725128,0.2168989304576841,0.4512053188022276,0.002161322014960439,0,3
f80048310b29,0.9610184164831052,0.017529531310541628,0.01647286493229367,0.004979187274059551,2,2
f8038bf5a049,0.486561178986021,0.30906453533413525,0.19880123786411652,0.005573047815727124,0,3
f807cd855d31,0.1613714201859305,0.42752369276182334,0.22935389271821233,0.18175099433403383,3,1
f83b4b1d4a28,0.32450877013095347,0.2514661048542593,0.41661950481956644,0.00740562019522079,1,0
f83e25510eb9,0.44610864633014596,0.3161286025327791,0.2232782458892026,0.01448450524787229,1,2
f8483372c4ff,0.9187807134778905,0.01730379274112389,0.04540612015016511,0.0185093736308208,0,3
f84e46c75e24,0.13226621223456297,0.5547091988554389,0.16601459691390305,0.14700999199609507,2,3
f8567c73e039,0.8353328152903322,0.11077275286950264,0.04665466526437215,0.007239766575793106,1,4
f865b83af346,0.02188549738988821,0.9213900041696965,0.01180944018235684,0.04491505825805856,1,2
f86b1c64bf80,0.8062488411912814,0.13383185947155404,0.04762396846238939,0.012295330874775181,0,2
f871e115903e,0.7904680378404688,0.07407965562485773,0.12599714943916432,0.009455157095509254,3,3
f87baaa34bec,0.03103939069215856,0.6525968855691198,0.3090269082373377,0.007336815501383993,3,1
f8a3d75d02bc,0.1579832890917315,0.5211338425039367,0.31196189701936894,0.0089209713849629,0,2
f8aea676f0a6,0.3241705073427316,0.5975651586589803,0.0720605183823549,0.0062038156159331705,1,0
f8bdffa59cc1,0.02949144389675461,0.7659173977370202,0.16424923446584933,0.040341923900375824,1,1
f8c006d79bd7,0.06825251985331256,0.8435088582076514,0.05372856900950615,0.034510052929529904,1,0
f8c0c4c6a036,0.09235655032838223,0.6388416609466929,0.25086392717559625,0.017937861549328554,2,1
f8c0c6d203ad,0.12461988405249637,0.55754363109021,0.2545271313963417,0.06330935346095194,0,2
f8d8e382f2e6,0.0021253490313656747,0.9867550313754614,0.008713925502000097,0.0024056940911729155,1,2
f938e8a612a8,0.7498794733859124,0.13409784586144097,0.11465163663345379,0.0013710441191927165,2,1
f947db14b9ee,0.3517824557184098,0.6171598219952447,0.02777620480617816,0.003281517480167216,1,4
f95e25cb4206,0.8971509003720357,0.05208047576296897,0.036460764600967935,0.0143078592640276,0,4
f975ce4319f4,0.08933618602499413,0.3291129442549744,0.5395582887920712,0.041992580927960196,1,0
f98438a1cf12,0.14271326423668362,0.7788927004648649,0.061852844169903734,0.016541191128547773,1,4
f99cfe0bbe0c,0.40596154305687054,0.4743695086896282,0.0741346154111487,0.04553433284235245,2,1
f9ad24c6c692,0.46014985430551136,0.2834222814923001,0.234665465930451,0.021762398271737725,0,0
f9b47fe9bcb5,0.04901014140192669,0.4598824612575942,0.38254691953517955,0.10856047780529958,1,1
f9b6922fda66,0.24401738748472235,0.5896678889776008,0.13140396512057495,0.034910758417101895,1,3
f9cc68d54cb4,0.07058196814568485,0.827350493211242,0.06556521296851096,0.03650232567456248,0,3
f9d95dc20962,0.03789358933859344,0.7242992258861731,0.21452467803182465,0.02328250674340869,1,4
f9e4fc65f2ea,0.4617968776583497,0.18953484789777067,0.3232137411070085,0.025454533336871008,0,3
f9f022de357f,0.07550998917811648,0.8879676620613259,0.03364511428713555,0.0028772344734220886,1,0
fa146053ba25,0.3904005988759261,0.41249360256013834,0.09164739028472332,0.10545840827921221,0,0
fa1c23bc4d54,0.024836632159918298,0.9351557547305649,0.03814440645741668,0.001863206652100236,1,4
fa27a6b3551a,0.8903686294503169,0.05439504654938161,0.04752137440550915,0.007714949594792432,0,4
fa2e157f2acc,0.202438783538727,0.7281724619603245,0.06100450973666754,0.008384244764280832,3,0
fa41c6bf6cd3,0.26178112982982277,0.43496440600506114,0.2789769786289012,0.024277485536214866,2,1
fa57c8fc7906,0.8776046620555903,0.04772310828585299,0.07261360304852901,0.0020586266100276088,0,4
fa58b6e83e6c,0.024549446476004183,0.9149268882819857,0.04919277795941171,0.01133088728259867,2,4
fa6d3b56e333,0.05120497391591564,0.7898228105531654,0.1406381277801591,0.018334087750760023,1,3
fa749cb9895e,0.19500958028345525,0.5809252109903861,0.21520616131418807,0.008859047411970529,3,3
fa79b1765773,0.2906213640404215,0.6570111722395191,0.04924643341491077,0.003121030305148558,1,4
fa8a5228f38b,0.23245694956754182,0.4858341591706398,0.23788566419522883,0.04382322706658958,0,0
fa8e92ee028e,0.3469465435116173,0.4580576099954716,0.1408505800194907,0.054145266473420293,2,2
fa9766f49a25,0.41385626073697,0.40092539195610705,0.07654146689266278,0.10867688041426023,2,4
fa9ea207e240,0.12074638907274683,0.5868335747868446,0.17020440259166408,0.12221563354874435,1,3
faa6a62e025c,0.6008081918624008,0.1681161788537035,0.21672451954095892,0.014351109742936836,0,3
faaf89353e32,0.17552930880929007,0.38267399187978446,0.42743455284365917,0.014362146467266268,2,1
fab641b3ce7c,0.3172037596580737,0.5684809011011634,0.09919886026622694,0.01511647897453607,3,0
fabeecea5a9f,0.3516069415312458,0.2639756324133048,0.31396680292645335,0.07045062312899611,2,1
fae06a05819a,0.04001186375488116,0.7980444110808845,0.1364404656007664,0.025503259563467866,1,0
fae99afb074d,0.024748799812389564,0.8623404092441492,0.11092267602380089,0.0019881149196602226,1,1
fb18563e2a98,0.02018735596385381,0.8371627611602843,0.08866109022267812,0.05398879265318385,2,3
fb24a702b87b,0.12599984503953682,0.6516903756948711,0.21786972379563616,0.004440055469955814,1,4
fb255b926b51,0.7755630155910822,0.07528731971819014,0.14255270110300683,0.0065969635877209465,1,1
fb2654cffc9e,0.8395524070283659,0.05455557721437731,0.07587858607061926,0.03001342968663756,0,0
fb4399c644e0,0.25764055053035934,0.6827410478547942,0.053939559565440234,0.0056788420494062785,1,2
fb47f989bbcb,0.14711194754620655,0.39274531567443327,0.44887608217044067,0.011266654608919605,1,0
fb4ddcf7f9d6,0.019795675915243033,0.8374083526842052,0.13431722183576297,0.008478749564788793,1,1
fb5044f382e3,0.7737345509196062,0.0865201599118494,0.1289948850832101,0.010750404085334115,0,4
fb5a3285aaa8,0.15466400228883537,0.6247963746204596,0.21163173322935136,0.008907889861353685,1,4
fb6a47691101,0.12153063582601155,0.7462409592028229,0.12262895747376083,0.009599447497404684,1,3
fb6b862b6145,0.2845895136973146,0.09955017267770067,0.5931161904149213,0.02274412321006334,0,3
fb8430889b41,0.03666088526577725,0.45866586258347625,0.48660275631767297,0.018070495833073436,1,3
fb8c469d8dfa,0.07295789510365318,0.7911902025725255,0.11681561769333262,0.01903628463048857,1,1
fb913c5f28a1,0.060325515918676534,0.1580745917106242,0.7156853220782514,0.06591457029244795,2,1
fba292caa45e,0.21842812701083955,0.7241049969229694,0.037710052898718587,0.01975682316747257,1,3
fbcb95b52844,0.8883396947422355,0.04254774575526945,0.06532581641775054,0.003786743084744693,0,4
fbe9974ec5b3,0.025153458181800346,0.8672996814623819,0.08711332111601452,0.020433539239803337,1,3
fc01bbfefaee,0.0977096066927,0.3810372451101802,0.45928319927794536,0.061969948919174296,0,1
fc1a3a2c2e77,0.024934932205432015,0.9212755964418256,0.04415552591892808,0.009633945433814576,0,3
fc3caa4d9eec,0.07063584399226899,0.740731259619564,0.17586563973048772,0.012767256657679272,0,2
fc42a9c84eb5,0.005467824788446657,0.9624998462706191,0.02404889553565279,0.007983433405281487,1,3
fc63422eca1c,0.7988673608094893,0.11195468005302081,0.08439583149964752,0.004782127637842489,0,4
fc6b2aa453eb,0.11252343156222294,0.655067746675668,0.20568175618100148,0.026727065581107635,2,4
fc76d65f316a,0.07517703011633904,0.7581811840321198,0.14741727771724603,0.01922450813429519,1,2
fc7b87a31179,0.11337066558949244,0.5071266596794499,0.3424576009123465,0.037045073818711215,0,3
fc96b65aa265,0.07944124805567523,0.39784718602596625,0.47728303643204845,0.04542852948631004,0,1
fc9a57e4f583,0.9640310646874786,0.01587972754239309,0.01891501065414406,0.0011741971159843565,1,0
fcaa54dda5f3,0.16657639854118556,0.6531016517503343,0.17571573176526747,0.004606217943212744,2,0
fcb2e43ec0fb,0.13554648229936503,0.5507334195250471,0.28128838905909886,0.03243170911648904,1,2
fcb3ecf7568a,0.049992962755339494,0.7896060605381879,0.14327968835763777,0.01712128834883479,1,3
fcbe8b4eed91,0.08995707239039472,0.8374689045857115,0.06104502172346883,0.011529001300424812,2,1
fcda620cd4ab,0.011321384981295982,0.7811604832723921,0.18902817439163125,0.018489957354680602,2,0
fcf51aeb5fab,0.23008788105385436,0.6294142031633722,0.12536052279685067,0.0151373929859228,3,4
fcfef81a42ba,0.022929877167391276,0.8091547316157893,0.10646345084044413,0.061451940376375074,2,1
fd0cd3ed85bd,0.06985216555900224,0.9081133151130492,0.020902743129399767,0.0011317761985486963,1,0
fd2947c154c2,0.7652204915256273,0.1418466279785114,0.051630313641178746,0.0413025668546824,0,2
fd2acdca6a22,0.9490412250087844,0.034202435513568635,0.014249340631702903,0.0025069988459441514,0,1
fd33d1e13711,0.15634497052723673,0.6028558512167842,0.23376759888871979,0.007031579367259238,0,2
fd34648eeaca,0.8139426151708976,0.1421504616947554,0.034569119932284204,0.009337803202062692,0,4
fd62a2e871fb,0.0017317995646311144,0.9773149105696831,0.012699993601817004,0.008253296263868741,1,2
fd657558f339,0.1597725491271311,0.552670663710721,0.19769591271211523,0.08986087445003269,3,3
fd712fae87c0,0.08207981053101136,0.6073390609024502,0.2407683874627395,0.06981274110379904,1,4
fd8c61575a7d,0.04658829692338729,0.8185783741070869,0.12075032573057934,0.014083003238946536,1,0
fd8f50efba72,0.7582697895918945,0.13876837445549606,0.05554154628134835,0.04742028967126114,1,0
fd90f27b813a,0.5056144356497076,0.35785235803193294,0.11917764723825297,0.0173555590801065,0,1
fd92c6f2b2e6,0.1677842256517877,0.7253684780171678,0.08181333970869098,0.025033956622353602,0,3
fd9bc8ec9c4b,0.009936535165723695,0.9406087180127607,0.03889007133132716,0.010564675490188418,1,2
fd9d8a24f167,0.9683912463759047,0.008670667353151808,0.022360955883418392,0.0005771303875252237,0,1
fda24ef37907,0.025120780398248894,0.7937996843051057,0.17803424703168583,0.0030452882649595232,1,2
fda2cd74ad14,0.7394115185607598,0.17431392229962306,0.07686342569480178,0.00941113344481532,1,4
fdb3f0146f58,0.07920438941697171,0.8322172913521948,0.06707903793935742,0.02149928129147601,2,4
fdb830b6745f,0.43864388425445827,0.18524075728538253,0.3518997126429906,0.024215645817168712,0,0
fdbf84b3fd88,0.15206464412089177,0.7703273552027541,0.0568850277349781,0.020722972941375994,1,1
fdc5e14139d7,0.1224479964994871,0.5548512888501629,0.31442299672367685,0.0082777179266732,1,0
fdcc6f504d49,0.3338416687286625,0.491942200421745,0.13051314383515344,0.04370298701443904,1,1
fde8d14e4c31,0.07806278496307001,0.5604981083842487,0.20693398467773938,0.1545051219749419,3,4
fdf9cb6b052d,0.034916621640560294,0.8881022403297983,0.07192506825301294,0.005056069776628408,1,2
fdfd07901483,0.8786597794823778,0.07611960567076093,0.03423916590130041,0.010981448945560721,0,0
fe0b9c37645b,0.17598784205653376,0.30235101382581187,0.4480217085778078,0.0736394355398467,3,0
fe0be2315bf0,0.30828431261902217,0.4457369573082122,0.20300162983162995,0.042977100241135824,0,4
fe139f2b6429,0.13233664281459157,0.6267690474184272,0.23432584108842897,0.006568468678552287,3,2
fe1d8ff109c1,0.24957675091826567,0.20775987605376015,0.5366263541950345,0.00603701883293975,0,2
fe4db0232dad,0.2579394057724919,0.5956987126067176,0.07932763218169554,0.06703424943909506,0,2
fe6b58e8499f,0.05953245094539781,0.7485370615318802,0.1597558530830724,0.032174634439649547,2,2
fe6b9118cf57,0.21288932558072904,0.20448972014179184,0.499883314979444,0.08273763929803504,1,3
fe7b14312526,0.07280745102710157,0.6394198993157164,0.282553021510122,0.005219628147060056,1,1
fecb27d2edca,0.9418322264137496,0.036822520311041,0.01615646918881176,0.005188784086397396,0,1
fecddac318f7,0.41845454840106205,0.21690079121826175,0.2937893657045279,0.07085529467614839,0,3
fee1b3d702a5,0.9382253959463587,0.02649968345960443,0.02915401870555473,0.006120901888482137,0,1
fefbd0c403c1,0.2666349496280493,0.28884479648048716,0.4261459113568889,0.018374342534574706,2,3
feffa20fac13,0.9547602603563604,0.03232954662738525,0.008932517153539113,0.003977675862715059,2,3
ff0879eb20ed,0.19741658167993587,0.6525143491060468,0.09160742989416303,0.058461639319854396,0,4
ff0bf9cae3b3,0.2541223827267703,0.5408509747201767,0.20284050043644195,0.002186142116611025,1,2
ff19b8e99b4b,0.8695049192727423,0.0804121331374301,0.023770027605768546,0.026312919984059113,0,2
ff3bc8d91f5b,0.176301246641115,0.7066552392623039,0.09867783993288681,0.0183656741636943,1,3
ff3e6f379834,0.12985212968659565,0.6687048835498903,0.10864337660699423,0.09279961015651988,1,4
ff3fc3faf1ca,0.9294976002654608,0.020895979413765343,0.0456570751532228,0.003949345167550988,2,2
ff4c1c2444fa,0.11250868486574354,0.5457466003243573,0.3295979640227418,0.01214675078715733,2,0
ff4d28f1b11e,0.9199498761299656,0.02037149706531401,0.04689773491002059,0.012780891894699765,1,0
ff5948fb8ea9,0.01314080037963027,0.841065384158022,0.1430826447026634,0.0027111707596842215,1,1
ff631db5f6d4,0.08594443918816018,0.4619847447822448,0.3783265907788496,0.07374422525074527,2,0
ff7ffd9c6c80,0.6328150567565962,0.1452251880068601,0.2171846103784459,0.004775144858097737,0,4
ff8c65c0cb53,0.09100417689045885,0.17588053935102438,0.6356412383372209,0.09747404542129601,3,4
ff9f78aa56a3,0.04640206380303323,0.8422630904137339,0.10608889452441497,0.005245951258817961,0,1
ffa332785df4,0.75535419891538,0.13599804351316636,0.09892039620761214,0.009727361363841468,1,0
ffc3fa3a1911,0.27165752814298366,0.5215823367345079,0.16423460996313896,0.042525525159369394,3,4
ffc6679e82d6,0.04451150010642478,0.7035419258941819,0.2263083814273652,0.025638192572028057,1,2
ffe4d6e8fbb0,0.08739130822758362,0.3245117282732177,0.3651779211642454,0.22291904233495324,1,2
ffebf1ef4a9c,0.4092339806349433,0.433188900094395,0.1469290437762122,0.010648075494449417,1,3
