study_id,p0,p1,p2,p3,label,cv_fold
00086460a852,0.043698543344899844,0.31104763861046164,0.5387032497708576,0.10655056827378095,1,3
000c9c05fd14,0.36143062226762396,0.54272923008855,0.05162665268394889,0.044213494959877135,3,1
00792b5c8852,0.6846289210323373,0.06267701215545604,0.23658973182781662,0.016104334984390085,0,1
00908ffd2d08,0.1510711392759285,0.7786659637505196,0.06040811354758358,0.009854783425968343,0,0
009bc005edaa,0.05637127149663661,0.9075292271208307,0.027868765376924655,0.008230736005607885,2,2
00a76543ed93,0.6628723726779728,0.20800593189605662,0.10306350195485947,0.026058193471111015,2,0
00a87235ca36,0.04355847018220798,0.7225090459865687,0.22932748533790306,0.004604998493320159,1,4
00b33b3eb8d9,0.13892854483595432,0.5816137101365764,0.2659246115609079,0.013533133466561492,1,3
00c241c3fc0d,0.6043321881754494,0.24944543678464157,0.1412054452165024,0.005016929823406565,0,3
00c83e33588f,0.7329617139383627,0.2397040898636224,0.02345318503938442,0.0038810111586302736,2,4
00ccd633fb0e,0.38599897479723894,0.20120924591135814,0.38165244408055,0.031139335210852964,0,3
00e936c58da6,0.7966507580762656,0.10900080687303344,0.05087543129405029,0.043473003756650606,0,3
00fceac64e6a,0.09001892132694954,0.736350653598028,0.15627313908550577,0.0173572859895167,2,1
00febcfee50b,0.5680833145411183,0.04212771336693255,0.37654456004105996,0.0132444120508892,0,0
01206a422293,0.05941074327127245,0.8934765983127233,0.041726289818689956,0.005386368597314347,1,0
012229ebd9b3,0.5235012330053986,0.27712607698608516,0.11232135666446334,0.08705133334405284,0,3
013d698aeecb,0.45986274924317494,0.11199566197911115,0.3977576327625709,0.030383956015143085,0,0
0142feaef82f,0.251746389676217,0.5664807667456735,0.15782023513082635,0.023952608447283228,2,0
0147e3c530f2,0.4167298406593547,0.37343117377089174,0.1832310009762399,0.026607984593513614,2,1
01494b9b4423,0.6697304108614971,0.08662572421875313,0.22789698981584117,0.015746875103908466,2,3
015707c0e73f,0.3107550909714874,0.6275118012305209,0.04653386998182281,0.015199237816168904,1,4
0159c2d40b52,0.02869963568638107,0.8188340765785609,0.14526145388682207,0.007204833848235936,1,3
016c1781fbb2,0.4899108971271012,0.338493940312478,0.16033236867351738,0.011262793886903473,0,0
0172a5607c9d,0.07027185969059635,0.8092092103609981,0.0775168263330068,0.04300210361539878,1,0
018c5ec34722,0.43836696240345785,0.46225999337539475,0.08044594277098821,0.018927101450159127,2,0
018c96c9aeff,0.012741476867960061,0.9437080531749797,0.04089039171363397,0.002660078243426377,2,2
018cfcc1e851,0.14108720944608177,0.7362134435937288,0.11841510132377156,0.004284245636417819,2,3
01934dbaf28b,0.9414424445684284,0.021060630755132953,0.03630641683322889,0.0011905078432098049,0,0
019960c57d32,0.07577638582885553,0.7098426351983472,0.2042704358816423,0.01011054309115486,1,1
019aef94b388,0.6406720782864371,0.24643447521159703,0.07829133228300707,0.03460211421895883,0,0
01c6c27b82a4,0.3124469857352381,0.5797551676021987,0.07302249248152733,0.034775354181035764,0,3
01c8e624037b,0.5340368675596862,0.22967117300275883,0.2148167589022152,0.02147520053533975,3,1
01ce54f82d94,0.9313160131884729,0.014327225181738647,0.04612029613088166,0.00823646549890696,0,2
01e030757f57,0.03059129175456643,0.5925911480306241,0.34051744961368113,0.036300110601128324,1,3
01e19055f756,0.8707746056553342,0.050514926172492626,0.07466790718652214,0.004042560985650996,2,1
01e830e3a965,0.039018442275435376,0.7599749874062007,0.18924578243340756,0.011760787884956317,0,2
01f104b42afd,0.009861973224100965,0.9419668842986142,0.0454370415447011,0.0027341009325836355,0,1
01fc72cc1f1a,0.003973317720003407,0.9679368551485658,0.02591513616250555,0.0021746909689254,1,1
0207ea0aaf24,0.041379527201155154,0.7715487530382509,0.17560324600168603,0.011468473758907895,1,1
0212c908aa20,0.9547946802070914,0.010163477504924053,0.00771835462761139,0.02732348766037309,0,3
0213594439b0,0.006472631447322352,0.9712493202681932,0.021478195026463535,0.0007998532580208654,1,1
021986b21570,0.44228624670525074,0.40246925541800366,0.1403217167036423,0.014922781173103378,1,1
021a7bd50924,0.03841898596294907,0.8404135330532839,0.1159144394993586,0.0052530414844083086,1,2
022f9b3cfd91,0.2637311891868364,0.6005348711404369,0.13021872085443165,0.005515218818295001,1,0
02401e15e783,0.014127440583342088,0.9060254761361346,0.07459409466077548,0.005252988619747795,1,0
0287079f5a1a,0.5663645691734881,0.16150265533217717,0.144758941368822,0.12737383412551254,0,1
028b79a357d6,0.10023219978629212,0.6052018549792373,0.2750329643636981,0.01953298087077244,2,4
02a0fd4d10d6,0.8329901274658493,0.12300004839622874,0.029564709519534535,0.014445114618387487,1,2
02accd5bab1f,0.9221139024412125,0.023092053613399638,0.024974271051119143,0.029819772894268542,0,3
02be71f8212c,0.01628783000556432,0.9368724928077669,0.03646623166539333,0.010373445521275669,3,3
02bfa5949092,0.08218642560970925,0.7570646683079992,0.13215165318951194,0.02859725289277965,0,0
02e31620e4e7,0.3405624246741137,0.42488547223006357,0.22773236552010206,0.006819737575720697,1,2
02e6db1dccd4,0.007965270098510772,0.7124516484878914,0.24451459632843597,0.035068485085161694,1,2
03169bde8e0e,0.17038332524526506,0.6432586513810669,0.09688973692190918,0.08946828645175903,0,2
03295f6c7460,0.13178275248663646,0.6321151358550133,0.23078620891316518,0.00531590274518503,1,0
032c262f65c0,0.7137278718638591,0.14821142156686015,0.13634137642456834,0.0017193301447124844,0,2
032d9cc1e0ef,0.01783664678387228,0.9662493923923202,0.015003211045407706,0.0009107497783998114,1,0
03461d2a218f,0.2859422819839838,0.5192065642755656,0.11339280068749105,0.08145835305295958,1,1
035c61ec21cb,0.645618828737921,0.13557941632538914,0.1721112396229227,0.04669051531376717,0,0
0369e0385796,0.015642326126019172,0.9077383587673398,0.0422889431628341,0.03433037194380704,1,1
038124609f4c,0.5042923242873727,0.28801854847113606,0.07245066010671487,0.13523846713477639,0,4
038891a2ca57,0.09161096734178417,0.749686234945432,0.08725043889023211,0.07145235882255178,2,4
03920c119b2b,0.05672470984598125,0.7951548726126855,0.10200098235281514,0.04611943518851822,0,0
03a549fc0402,0.07631062293938001,0.47136201811079337,0.3993416813346859,0.052985677615140635,2,1
03c62bc287b6,0.6805367697514949,0.18008094712426742,0.13071573440612075,0.008666548718117045,3,2
03c8c9fe62ba,0.9529488873140014,0.01959493607774087,0.027002021945780125,0.0004541546624774119,0,1
03c94694e41e,0.026045620842345532,0.6377183109411824,0.3322156100886933,0.004020458127778738,0,2
03db5dc7f1a2,0.533596141267395,0.17239046037365852,0.2729084013650858,0.02110499699386065,1,0
03e9959341af,0.7401528570953254,0.13248391457031222,0.12335099210198776,0.004012236232374583,0,2
03f7a5f8d8ea,0.103434638602935,0.19034226171526053,0.5181152493390369,0.18810785034276756,1,0
0412ac22af28,0.022681720797312354,0.8221997745586349,0.1307767041267302,0.02434180051732242,2,0
0428b590379a,0.08723317591655648,0.5249428188389696,0.35441398069447105,0.0334100245500028,0,4
0444a957bb4d,0.13454964675256173,0.7606805746713611,0.07634546102904163,0.028424317547035536,3,1
0447a64e5813,0.4225426099655566,0.2705810108794908,0.29634008106462484,0.010536298090327875,3,4
0455eeb9fbcc,0.44173223931302164,0.09874047845745866,0.4226414884326846,0.03688579379683518,0,2
045762d32a15,0.01928536269678555,0.883332230334879,0.08097248595005412,0.016409921018281183,1,1
0478ead3b8c2,0.18681966146827092,0.536244701431233,0.25701196252007397,0.019923674580421956,1,0
047b450939fd,0.04665633714594485,0.18617236968818976,0.7513626910147758,0.015808602151089438,2,0
0482ed7dda6e,0.041802969512678985,0.7767881089636056,0.1307453571512669,0.0506635643724486,1,1
048616ba3fe3,0.05626010015822707,0.7346232730250297,0.07361384475562828,0.13550278206111488,0,3
0490450d954b,0.409635876426223,0.2625507628786177,0.2759084370909253,0.051904923604233995,3,0
0490565dc4c0,0.20733308494698632,0.7320602458115182,0.04180814888972421,0.01879852035177123,1,1
04e04b1e22c5,0.1944793391876016,0.6900887834244906,0.07432010654681781,0.04111177084108994,1,3
04ebc4466923,0.7356849512798035,0.1872925715534494,0.0644174485975772,0.012605028569169941,0,2
04f115f14e1c,0.028662842184748606,0.8103043399348893,0.15575885120853805,0.005273966671823999,2,1
04fc265a693e,0.011615068185003137,0.9030293821963786,0.033109907085401805,0.05224564253321634,2,2
052693d6dfff,0.2709997941470964,0.43800621921495386,0.23046461835097365,0.060529368286975936,0,1
0550e5868e2d,0.005097972793565944,0.9437192297737745,0.030240112010973624,0.020942685421685932,1,0
0556cdfa7299,0.6453371426421527,0.2991660331520147,0.017854448307157034,0.03764237589867551,0,2
055f0253e5cc,0.01016175332139121,0.9184346094458459,0.06803982128001863,0.0033638159527440625,0,4
056126fb6e9f,0.31296691288146794,0.5819112647624042,0.04399229678550507,0.0611295255706229,1,4
057c02a959f1,0.06956503488716331,0.7714918945066472,0.06927357665868158,0.08966949394750781,1,2
0586a3fc149c,0.9177073414995578,0.029625047822788953,0.04439881368996802,0.008268796987685347,0,1
0591d7b2d734,0.11611222982669632,0.33531159144491285,0.5446156589751994,0.0039605197531915074,1,0
059f8765a1c1,0.046181231081622254,0.8650565985794179,0.07473556402192141,0.014026606317038445,1,0
05debac9c652,0.14639191452062997,0.80540568029657,0.033301902373901626,0.014900502808898465,1,2
05f00e9a126b,0.19249273513478163,0.6829165508814106,0.09561216137251048,0.028978552611297403,2,0
05f42286c7a2,0.2297633678657915,0.7336964464660484,0.02700768885369051,0.009532496814469608,3,4
05f85b86cdd6,0.023881860242825743,0.5670813450066993,0.3773528072405936,0.03168398750988129,1,4
060ed64e8ea3,0.015313022496663204,0.944148730057707,0.033142313817718344,0.007395933627911249,1,0
060fbd1293ee,0.982737216311332,0.0067482177482927575,0.007686683325666834,0.002827882614708347,0,4
061d2ddaddd1,0.010261332391174494,0.9201154696716829,0.05116869294515042,0.018454504991992225,2,2
065a7fafe1a7,0.028708091277437887,0.8600298442897238,0.1010884701661305,0.010173594266707891,3,4
066b12d875eb,0.027139640029700277,0.8351805761627515,0.13117068904940216,0.00650909475814593,2,3
066b28c3eb1e,0.8320465679691083,0.07820451278507437,0.06962634359839259,0.02012257564742497,0,1
067d0d1495a8,0.5519884159048326,0.25865546215032875,0.18401931197989982,0.005336809964938795,1,2
0680d8beb75f,0.1314101964385655,0.73392484856797,0.08366060452798646,0.051004350465477945,2,3
068be3f82883,0.20462230615307492,0.49944482582003175,0.19357774742347875,0.10235512060341469,1,2
069f0610c6e5,0.2281428797037303,0.7190094830436209,0.049468707404189106,0.0033789298484596933,1,0
06b01b8935cb,0.172066070837657,0.695467274015841,0.11240496639571648,0.02006168875078556,0,1
06b55d23496f,0.6845656705691967,0.19901995451550078,0.10011336769703508,0.016301007218267435,1,3
06dc92c4302a,0.23336470292525227,0.5405892863118885,0.21556956976721162,0.010476440995647648,1,2
06e5fcfcd2f8,0.43029392913246345,0.14236971575947638,0.4167494998667997,0.010586855241260452,0,4
06ee997f0ba0,0.08618646545933696,0.5967427985154794,0.2500638375262528,0.06700689849893089,2,3
06f711c020a1,0.3105418167837881,0.5702963319154645,0.10923719306712414,0.009924658233623262,2,4
07096154447a,0.02641631800255766,0.6953826419526644,0.26677893177979944,0.011422108264978484,1,3
070cbb72137d,0.9216670409654837,0.025411841698663905,0.0490405547391521,0.003880562596700452,2,1
07110539dce9,0.22497487401362581,0.5953679174444199,0.17362194867013628,0.006035259871818143,1,2
0717c8ac304f,0.05821042470804394,0.7788169920980912,0.12775625038998398,0.03521633280388096,1,0
0718a591b693,0.4124015952703419,0.3913768875532567,0.15011292855242903,0.04610858862397235,0,4
0725e859c8de,0.030573582224022157,0.6136623285998044,0.35058376579891387,0.0051803233772595506,0,3
072ae7beb987,0.9511644807286231,0.020394886478718535,0.025364613499767392,0.0030760192928910315,0,4
072f2a6a3afe,0.20337383530864134,0.760482095374447,0.03353712988154737,0.002606939435364455,1,0
075544a7881c,0.00652070941146831,0.9801446923900263,0.011710313307798856,0.0016242848907063933,1,1
076451eaa633,0.2744539354571922,0.4203980773505978,0.2755906181304797,0.029557369061730034,0,1
0786e68c8c8d,0.8927301034526458,0.05391244181687261,0.04720663492273972,0.0061508198077417095,0,2
078e02e7614f,0.469863173908743,0.25294605290279093,0.256598720830492,0.020592052357973966,2,4
07908d53db2b,0.029298830929253023,0.896606044942484,0.0610326816199141,0.013062442508349061,3,2
079e0cefd391,0.255762943426977,0.3128362335160018,0.4011261593462717,0.030274663710749453,1,3
07a2358b4e59,0.698802609768975,0.1329526628145737,0.12719991169979813,0.041044815716653,2,4
07ab05ea79fa,0.025972585076175666,0.6898578884964085,0.25111599852741595,0.03305352789999995,1,2
07b01d3eb9d2,0.20196844496156885,0.39289717457663315,0.3303973177344444,0.07473706272735356,0,3
07caeab1de20,0.35472680726541395,0.24824911243198436,0.38920670526755285,0.00781737503504871,1,2
07d5f3e47055,0.04193876335754956,0.6847512931587558,0.26448687704268076,0.008823066441013784,1,2
07ee38c90625,0.2858740344701422,0.41599555866275867,0.2598889881214727,0.038241418745626414,0,2
0809cb7a5f38,0.891244948255232,0.01977676713694385,0.05855141444364551,0.03042687016417857,0,2
080c164369e7,0.12078569395640437,0.6076558367685391,0.23089367563316834,0.04066479364188825,1,1
08277cefd028,0.7011995035109613,0.20061490002911023,0.08040165870279228,0.01778393775713622,3,2
082f133bd70d,0.040827174047788364,0.796230305162313,0.1565075297772084,0.006434991012690413,1,1
0833353809f6,0.8469726240753422,0.06199325208210521,0.07720297362786921,0.013831150214683206,0,4
0845243089f8,0.09889269034420019,0.8233175737457139,0.04997649615203996,0.027813239758046036,1,4
0846afd21193,0.44264712077011087,0.4788073673193645,0.0759911706518397,0.002554341258684895,1,1
0847b3407f85,0.5838118796186014,0.3448458565490208,0.03750331730854958,0.03383894652382832,2,2
08493873ea34,0.01716030580763938,0.9219848700495727,0.05731499214691928,0.0035398319958686933,1,0
0862f314ec92,0.8276683414357772,0.06970427171963019,0.09956190062365407,0.0030654862209385683,0,3
086f0ab55636,0.0822800268261506,0.659855595249609,0.21003287023594647,0.04783150768829394,1,2
0878e798a4a6,0.04911092547480053,0.6565194450958965,0.24775914184828762,0.046610487581015436,1,2
088317a7f035,0.02501299363861004,0.9104653249942458,0.06230811375731063,0.002213567609833556,1,0
088665db15b6,0.7741298438906551,0.1596137417679295,0.038733088983431356,0.027523325357984022,2,1
089b1ed81bba,0.05978173577774724,0.5826147080852551,0.30751979902267185,0.050083757114325854,1,0
08aad9bda74f,0.3192145631233229,0.4549767292953262,0.21301565628658325,0.012793051294767738,0,1
08b3ed9bd8ff,0.09710242472707742,0.6679875070329974,0.05429470759361322,0.18061536064631198,2,2
08bf9775ebfd,0.15093886669769288,0.5075123387070011,0.3093041971409875,0.03224459745431837,0,0
08c27d332b66,0.105360653203498,0.7759534274908514,0.0878665669250211,0.03081935238062943,1,0
08c7df1f8eee,0.45408014224139515,0.3940490840005189,0.13158760989347706,0.020283163864608898,0,1
08d64eda9bab,0.5223655273811051,0.22871979956619368,0.2291356171727727,0.019779055879928426,1,1
08e2e4a4410e,0.006618112619989273,0.9765130763649629,0.01262751073718832,0.0042413002778594775,1,4
08ec6f5aa0df,0.04244738457325777,0.2606821444461664,0.6603954462131889,0.03647502476738686,1,1
08ee3bc2ae53,0.550352103026381,0.3007318665842742,0.13832727314219967,0.010588757247145135,2,3
08f053401845,0.032779154877552986,0.8029167429172381,0.13568470155911852,0.028619400646090386,1,4
090c33962b67,0.1275648310479261,0.7550370924226596,0.08729600054604765,0.030102075983366644,1,3
09249d4b7b53,0.4443838216538775,0.1290563769554914,0.3510058000657309,0.07555400132490026,3,2
09419c95273e,0.14375962576758705,0.5302959692101279,0.3043617126432491,0.021582692379035925,1,2
09539e4d58bb,0.029943535195250216,0.5855951710850983,0.3626219794630919,0.021839314256559512,2,0
095a25cc191d,0.41951856365880313,0.10015447914871947,0.45898067089665884,0.021346286295818667,0,3
096061261805,0.6004539043350321,0.15556682145810388,0.23808980395861323,0.005889470248250641,0,1
096c4eb10909,0.2668824657914301,0.5621608620296844,0.14669107377430635,0.024265598404579074,0,2
096eae67f478,0.6912507550635313,0.18807239255375327,0.11088503621391267,0.009791816168802868,0,3
0983897d389c,0.39443484080457586,0.36839904479964203,0.19264166517679862,0.04452444921898337,1,3
099f710eacfd,0.015244599878594448,0.955618776020748,0.025587952618964932,0.003548671481692776,1,3
09a6c1515372,0.3029692311205952,0.49294981474405936,0.18901843140990535,0.015062522725439993,0,2
09aa1559bcd4,0.15564216421583452,0.6255892055093797,0.2088498684091348,0.009918761865650936,2,1
09bb2eb902cb,0.030127183189152203,0.6143361918678485,0.15583326224682026,0.1997033626961789,1,2
09d8a69657ab,0.238567156391275,0.6186857986813606,0.13275436485607653,0.00999268007128776,2,4
09dd3b736a69,0.07778405755531283,0.698453495454604,0.20379099351281865,0.01997145347726452,1,2
09eff3975c81,0.1595787124523728,0.634130183904779,0.20059933274610325,0.005691770896744954,1,2
09fb4da6ca2f,0.11969452281119915,0.7307355796620447,0.1445748589774613,0.0049950385492947705,0,2
0a1a3dd9e738,0.8616817845037323,0.051448815589973676,0.08173811307606128,0.005131286830232593,3,2
0a256a4617e8,0.014208017463536539,0.653863585376514,0.3216923073174074,0.010236089842542158,1,2
0a29d44f380b,0.2735450729082254,0.40822818075892114,0.26940959065839365,0.04881715567445985,1,0
0a316256e7b2,0.12221173902125085,0.8329028457491385,0.04240872735910666,0.0024766878705039137,1,3
0a3cd97f740b,0.34942790805161095,0.3487787631205568,0.2646383513513859,0.037154977476446374,0,0
0a49309fc682,0.24014148744094102,0.36285899355653806,0.3350318795614331,0.06196763944108786,3,0
0a54c691d360,0.5170753912288633,0.2792042095113496,0.08207934668827013,0.12164105257151696,1,0
0a5b9e289c44,0.20029704744524868,0.6654845016876011,0.12687378665448043,0.0073446642126698035,2,3
0a763df67cdc,0.018006744435494392,0.5483644228162626,0.36071338390048474,0.07291544884775829,2,0
0a903dd7283d,0.018011646003754492,0.8587377732729021,0.10486247761388913,0.018388103109454143,1,4
0a9169b86b81,0.12245273565027548,0.7381560146554553,0.13570185637928736,0.0036893933149818557,1,1
0a95fd575cf1,0.2821044247337347,0.32487776349231495,0.3107638585993859,0.08225395317456442,0,2
0ab744a0db95,0.5572307116959982,0.12809190984515192,0.1705643969978477,0.1441129814610022,1,0
0abb818755e4,0.05568574183985756,0.43378509482945976,0.48348032066077273,0.02704884266991005,3,4
0acf45b01bdf,0.04805249087999461,0.8274546176700296,0.10687568735732515,0.01761720409265065,0,0
0ad39f5b94c1,0.01773818624949873,0.8607941326638701,0.11043095435199203,0.011036726734639308,1,3
0adaae6adf1b,0.2141222585485608,0.6157475305097253,0.15749094696727262,0.012639263974441229,0,4
0adca2b37fe5,0.8538660653476599,0.0351782071330466,0.10514065851625165,0.005815069003041914,0,2
0adfd8d6f010,0.04318183087764613,0.7207800340814271,0.18437233929326483,0.051665795747661974,1,1
0af232c221f8,0.7388575316194581,0.1433839458590396,0.10964228706385362,0.008116235457648644,2,3
0b0449d32b66,0.13748423002070256,0.6593034818356488,0.14236115367948116,0.06085113446416758,3,4
0b152dc8af83,0.06600281953085378,0.7524177584447554,0.11224454552069343,0.06933487650369737,2,3
0b1671929731,0.023339583737341997,0.7103335024544739,0.10896336290393169,0.15736355090425233,2,3
0b19774105f5,0.8902402391348462,0.02859412306647583,0.07864113007770285,0.002524507720975066,0,0
0b457ab68e89,0.6223904196841737,0.1622716817226848,0.1972722639980708,0.018065634595070677,0,4
0b462ace8c37,0.047785501850723194,0.9022423519807103,0.04645818924463415,0.0035139569239324908,2,4
0b5593ee3915,0.009058652176227835,0.905368476626677,0.07388422129301453,0.011688649904080762,1,3
0b58306a56c9,0.11788290205258915,0.1738004433424065,0.6909889045533223,0.01732775005168209,2,1
0b6a57fb8aaa,0.1209102367338184,0.3808412925496262,0.47615221454494105,0.022096256171614287,0,4
0b7a0022dbc8,0.0257549913859542,0.8266292961898372,0.07544037064925091,0.07217534177495775,1,1
0b89a95b6733,0.04157329950824998,0.48903742591797567,0.45149504554127123,0.017894229032503216,2,0
0ba072188224,0.05239478050331766,0.8414930353463635,0.08977135285259347,0.01634083129772541,1,3
0ba55e5422ab,0.9361415286900271,0.04094452146539302,0.017993573033197294,0.004920376811382603,0,4
0baee5ac23b2,0.10538195211793742,0.519667058328307,0.35246159348502926,0.02248939606872646,1,1
0bc5db15a5b8,0.31858078811125595,0.4331926602084187,0.23057158244769752,0.017654969232627757,1,1
0bc9b8eb7ead,0.42169765813167337,0.25079787571200857,0.26878638145637046,0.058718084699947486,0,3
0bdd22c68e47,0.09994780816747949,0.6673642020953746,0.2076340078879904,0.025053981849155443,1,2
0be731313053,0.7680202984656137,0.13004851417303023,0.08153595833109167,0.020395229030264483,1,4
0c19eb129296,0.033057114230178486,0.4147818086562135,0.5411428596637045,0.011018217449903438,3,4
0c30a9ded310,0.42400807478584146,0.11600291372171224,0.381247006387669,0.07874200510477736,0,1
0c329e5c3715,0.33676598936393787,0.5536187480514257,0.0783457154776814,0.031269547106955106,0,3
0c3d6d108e07,0.010482407271495702,0.9368228674028354,0.04297249267113805,0.009722232654530748,3,1
0c4be0c6f78c,0.05191024343266048,0.8804021677182475,0.047369653477845435,0.02031793537124664,1,2
0c5c7da459a3,0.5877646912554424,0.2990164310415771,0.11044687595314723,0.0027720017498333678,0,1
0c6ef19c59cf,0.2829783672829292,0.58613746791569,0.05491549370814522,0.07596867109323567,1,2
0c7570079a16,0.4480918738167186,0.417665382416184,0.11320586056041021,0.02103688320668725,1,1
0c795288aac0,0.2813723960070065,0.3482959628505146,0.26178222365566317,0.10854941748681565,0,3
0c890190c894,0.054991153556554595,0.7493306495258607,0.18782404524683013,0.007854151670754619,1,0
0c9b15035c41,0.07245129483147908,0.8908867345788943,0.03066476610645644,0.005997204483170177,1,1
0c9f6e26f5fc,0.047431850989849304,0.5223379362841781,0.386706949887498,0.043523262838474616,2,3
0ca49b5d2be4,0.24514746553253508,0.392440403349301,0.32768264037250555,0.03472949074565826,3,2
0ccf6bf856e5,0.7780357758733222,0.1385529412177835,0.07951898488308563,0.0038922980258088717,0,0
0cd5e635c50c,0.5183294667695248,0.3789838184684998,0.08591642071486949,0.016770294047105783,0,2
0cde09614efd,0.21237345820306974,0.567036977702672,0.2035241797406765,0.017065384353581712,1,0
0d12c6a46f62,0.1279722335088132,0.5745126634130859,0.27963007337249585,0.017885029705605068,1,0
0d1626be72d5,0.45376782991941,0.29272891398775047,0.2308639823789181,0.0226392737139215,2,3
0d19a07bbff0,0.13557599377582868,0.4683243138132075,0.3681808471125116,0.02791884529845214,1,3
0d49a20737e8,0.8088573558879188,0.04237160585256441,0.09756633735016755,0.05120470090934917,0,2
0d4f4da9dda3,0.6649857268352212,0.20170798904523585,0.10395588576780244,0.029350398351740598,0,1
0d5082a9a044,0.025320450585307522,0.7734969023281056,0.15217693030934515,0.0490057167772417,1,2
0d6d3f946d7b,0.04197799381494426,0.8388834849332717,0.06619296699090564,0.052945554260878415,1,4
0d6d908b3a21,0.05252106566954905,0.4772764342208117,0.43693965174485333,0.033262848364786046,3,1
0d806ffe4e77,0.3144166592509825,0.39680035450465534,0.2678969645391385,0.020886021705223592,0,0
0d88a0777808,0.009890186678093174,0.950222350468425,0.036192673366236244,0.003694789487245668,1,1
0d8d0ec75a82,0.2753095205157695,0.5752376112234758,0.11833950841433576,0.031113359846418904,0,4
0d962bb4c9f2,0.3781018258271585,0.12143856694753095,0.4578848252115539,0.0425747820137566,0,3
0d9709b3af74,0.4481152911607893,0.2930028596001601,0.13162628142690957,0.12725556781214098,3,0
0d9ebdd085fc,0.030186087571544635,0.8686558065323434,0.06847566496037785,0.03268244093573419,1,2
0da60a794140,0.014265895773528388,0.8674879118806742,0.11478143177548185,0.003464760570315658,1,4
0dad96d7bb42,0.4853626626912757,0.38649908226916124,0.09871891567053064,0.029419339369032387,0,1
0dbfffc14b06,0.13150256960521065,0.6733227094164959,0.14504502284287682,0.05012969813541667,1,2
0dca97b508f0,0.11747182153694394,0.3933723324900333,0.2937550178066637,0.19540082816635915,0,0
0dccf6c8a734,0.12759565335379827,0.7922844145262614,0.05492546658280888,0.025194465537131387,3,3
0dda3b2bc0a2,0.17280773272413424,0.673383830795003,0.14913083872976585,0.00467759775109678,1,1
0e073fd45001,0.587361323322953,0.305733431743731,0.06964193802048954,0.03726330691282644,1,2
0e1701865c35,0.06850563702345462,0.8623888496916057,0.062061034129090795,0.0070444791558489425,1,1
0e2a0ec6533d,0.6600301119614951,0.19491482564360307,0.03923204636188294,0.10582301603301894,3,0
0e3c57f50255,0.09098940698515189,0.406036543810952,0.4225313268446408,0.0804427223592554,1,4
0e3eff99adbc,0.03566091602424397,0.6668570294806444,0.10598194324581565,0.1915001112492959,1,4
0e4c41d96006,0.9223134172461172,0.03649940647837447,0.03326735270687805,0.007919823568630323,0,2
0e62c82c7975,0.060681872651851945,0.6638632037787677,0.2724717761366246,0.0029831474327557516,1,1
0e63ba149294,0.039883635260645194,0.8003615243075285,0.15140408655203175,0.008350753879794509,1,0
0e698a56dcd3,0.8812198620212658,0.11037000853451821,0.004769766690025739,0.0036403627541904586,0,3
0e76983343a5,0.8511364322084091,0.08819986027242974,0.0598776853626819,0.0007860221564794342,0,1
0e873e593a75,0.055421069769893194,0.7172686455834066,0.1830993324413364,0.044210952205363675,3,4
0e89eeeb5eef,0.10812763110334606,0.8081521245270658,0.03331478765038146,0.05040545671920666,1,2
0e908a012691,0.03677210608099579,0.8397045863385441,0.08869204306559123,0.034831264514868995,1,1
0e9bece7e297,0.1514108222578865,0.6522644101958898,0.14960763483697248,0.046717132709251236,2,0
0eb98db06f45,0.4375298334015516,0.45925912403214697,0.09420829963154716,0.009002742934754292,1,1
0ec2cfa1e0ea,0.07680046401610754,0.3580143633851152,0.0384926390863833,0.526692533512394,3,3
0ec2edfe7846,0.10179149825017042,0.8493011529819415,0.03452682895484179,0.014380519813046302,1,1
0ee1a62438bd,0.1112913756621503,0.6095226007743333,0.2563203602556757,0.02286566330784081,1,2
0ee703df04a3,0.22944500742620877,0.628119281131387,0.13819092569646332,0.0042447857459409,0,3
0efc048f9f22,0.14039185244695138,0.7999403748123526,0.04177355842319349,0.017894214317502658,1,3
0f0cda6d8d62,0.939695329412757,0.03658166332280216,0.018683496430172475,0.00503951083426827,0,4
0f21dc4d6a38,0.11448917698647545,0.6120748087447192,0.23334727430492658,0.04008873996387882,2,1
0f2816e59e90,0.4682481246373806,0.15064227786316267,0.2674913881051634,0.11361820939429351,0,0
0f3963b5b9bc,0.03233696808682356,0.8137366624562853,0.14616306225001563,0.007763307206875623,1,0
0f61a1f7ed0a,0.07006885043809488,0.3824181294073004,0.5056995783153175,0.04181344183928709,2,2
0f6b7e2b8dd9,0.847517760785573,0.060582623691077,0.07354667437537372,0.018352941147976427,0,0
0f712cf8a226,0.8134001153913946,0.12043226905379618,0.050690964534557036,0.015476651020252388,0,2
0f86f48eeeac,0.04546707506170208,0.8645463162146421,0.07538295552971674,0.014603653193939005,2,2
0f903cf7e724,0.692762292105314,0.09346886515219595,0.19381232565619663,0.019956517086293354,1,1
0f98e00ec7c1,0.851133531738476,0.056232273388837004,0.08852320140930768,0.004110993463379228,0,2
0fb43e2250de,0.42881470126918303,0.4861243143313511,0.07848065819712075,0.006580326202345255,0,2
0fca95b2e96f,0.14192621997569232,0.5667897182243113,0.1651333297778196,0.12615073202217683,0,1
0fd2db233deb,0.0703498412522047,0.48771258809616164,0.3910632400178715,0.0508743306337623,2,3
0ff3c25a854c,0.05107684295216795,0.5540731098046022,0.23664537847856104,0.15820466876466885,3,1
1011cb42537b,0.037256537590031655,0.9032607930863241,0.058096401670772346,0.0013862676528717617,1,1
1014eb974c52,0.20004004084352772,0.28487040679628417,0.30046512230542666,0.2146244300547614,2,1
101c3d954b1a,0.4367422683057466,0.428065063723758,0.11339414878720577,0.021798519183289573,1,0
10210984c4e3,0.8962357666756182,0.06368878828837624,0.03495468248278042,0.005120762553225166,0,2
1023832e4df5,0.03494928942374086,0.8614103059002979,0.08907931970204712,0.01456108497391414,1,3
102b9bd43e3f,0.24928289612329946,0.23188934144828144,0.18036525274994003,0.33846250967847896,1,1
1057c264185b,0.2922878162661977,0.22916881887818213,0.47380964372588447,0.00473372112973571,1,3
106749939445,0.06889201193592467,0.4724365140818891,0.3961661665689702,0.0625053074132161,0,1
109cf108fd45,0.05293128415344188,0.8073771902882234,0.07384357286520887,0.06584795269312588,1,3
10b0f0913b0e,0.3889200614612454,0.4083912951641526,0.1359780197423814,0.06671062363222062,0,3
10b30a720c5b,0.6406255335293297,0.24876082405246525,0.10512775908924045,0.005485883328964576,0,3
10bd268ba723,0.11600393736795023,0.8156956808416336,0.045699818286325106,0.02260056350409098,1,2
10c04ba1bd2b,0.05114791576091531,0.7564154138337006,0.18779116469735405,0.004645505708029914,1,0
10c4ff4c9059,0.021572963977492903,0.8932122245531492,0.04293668525838313,0.04227812621097473,2,3
10e35f64fc16,0.42270849836247043,0.30897858390464317,0.2560430184751912,0.01226989925769515,1,3
10f0d04d472c,0.7708135419629757,0.05135411885281767,0.10965895014766154,0.06817338903654495,0,4
110f748ac87d,0.7866615043634919,0.1102762289258567,0.08911837004839172,0.013943896662259552,0,0
111796da8caa,0.3588526577720237,0.3421788178169587,0.2737395172212047,0.025229007189812882,1,0
111f1af1c3da,0.1900111840912947,0.658564845654141,0.1483970711123303,0.003026899142233989,1,2
1124139f32e2,0.021721790661252523,0.9048463486844643,0.03499077278128894,0.038441087872994266,3,2
116aee0c66b7,0.15345172533905435,0.647062240330692,0.15384716093490827,0.04563887339534539,1,4
1179757bcf68,0.31000780694826574,0.5875836094920129,0.0959876049232001,0.00642097863652118,0,3
1181dd47fe5c,0.09915803501600276,0.7146057703202978,0.1254456583368132,0.060790536326886316,3,1
11858d1119d0,0.8106768144828055,0.1392306049634811,0.03795974306059336,0.012132837493120196,0,0
11961f06a9b0,0.2816499281119578,0.4555777127454561,0.2358246564800534,0.026947702662532755,0,1
119f1eff7a08,0.04778346798398003,0.7163206626186281,0.2064181465170984,0.029477722880293416,2,0
11a47a5bfa3e,0.03903929252985546,0.669110922741622,0.28377839744562966,0.008071387282892839,2,4
11b52fbe26a3,0.2898345214135552,0.2836493702185481,0.35194755765667085,0.07456855071122585,2,0
11d06f38e6c7,0.22728391138411425,0.3743970988404226,0.3137448343844239,0.08457415539103919,2,4
11d1ba716865,0.31193697131310855,0.5718724363726501,0.10994585123615376,0.006244741078087527,1,4
11d3ee227030,0.0622488198171652,0.9051475451286793,0.029785746709091544,0.002817888345063798,1,1
11d461e08258,0.05098132338280512,0.3251810275719447,0.5861998540491891,0.037637794996061125,1,3
11dbbf7b8061,0.6318044256351868,0.322917334609164,0.03782701772736246,0.007451222028286873,1,0
11dd0dac0097,0.09089004803804558,0.724716070029986,0.1625825741969583,0.021811307735010034,1,2
11fc7a6b1309,0.8786909060368578,0.05520421283897379,0.05248229239105064,0.013622588733117915,0,2
122d8eb18755,0.007606761080714425,0.9505253131788255,0.039413934065559285,0.002453991674900802,1,3
12435b432178,0.1063195885404337,0.506317164779626,0.336080106817022,0.051283139862918395,1,1
12466f93afc9,0.16929768442183477,0.2788582789140584,0.5445694699795675,0.007274566684539322,0,2
1264d1caa4ec,0.05524330748660802,0.6813529821092433,0.2431538892879561,0.0202498211161926,2,1
126aa6f8dd4d,0.005335378094431997,0.9823826608254888,0.010934914274903588,0.0013470468051756178,1,0
126bc37fb7cd,0.5111924813473756,0.3143655393616105,0.11926924915396507,0.05517273013704886,1,0
126d0f49608d,0.249854002585596,0.5788754188935807,0.14613493634487315,0.02513564217595011,3,4
12a7e0fbe115,0.0626662028871121,0.5108799848449967,0.342442030123873,0.08401178214401829,1,0
12aac2bc16f8,0.6161325736952595,0.0729478448809067,0.3088997118633352,0.0020198695604986684,0,2
12d8e3dacf25,0.12107331277517297,0.8239138578336874,0.048484350172050196,0.006528479219089414,0,4
12d985bbeae6,0.6147615515281336,0.3220707419745604,0.053382708273344,0.00978499822396199,3,1
12e41bdbf7d8,0.5256827915571979,0.2300255762541686,0.19092484537866927,0.053366786809964394,3,2
12e8a13330c2,0.9729457771577597,0.008281717207989201,0.018059163929682844,0.0007133417045682396,0,1
12eb7f468be2,0.050090547082122024,0.23648401799678878,0.4645100182463594,0.24891541667472977,2,0
12ee3626ff46,0.035262758541999895,0.8571191243162388,0.0678924012286678,0.03972571591309356,1,2
12fdd23605e7,0.25122315094261966,0.38354163061873936,0.3325171231418155,0.032718095296825546,0,4
12fe5d33abc6,0.10076069270588822,0.4591683382231224,0.416991298151594,0.023079670919395504,2,1
1310de79e289,0.4449570694945784,0.4623563426452001,0.07440492642452398,0.018281661435697514,1,2
1311dd0e5c64,0.2804209253791271,0.6685865850650156,0.04107832278577061,0.00991416677008659,0,4
131bc41b0023,0.1261085020402606,0.7400196503723928,0.11814838306179423,0.015723464525552233,1,4
132141473871,0.02329400417104047,0.675815777874933,0.2821164777788121,0.018773740175214416,1,0
13320f26da3c,0.1036171909983885,0.5029583981676057,0.33831677617746264,0.055107634656543246,1,2
133a21a5280f,0.01865229153898619,0.808828314824419,0.1416405346190517,0.03087885901754291,1,4
133f2685856f,0.13860645047454537,0.46137122109754514,0.3745861911349054,0.025436137293004174,1,1
1346f9458379,0.6772086045320164,0.2582861252706872,0.04876491504384033,0.01574035515345634,0,2
13481f97071c,0.045183937777210505,0.7135914926857144,0.20715883503294846,0.034065734504126546,1,4
13787cd0a611,0.045338878361812704,0.7327410302336725,0.21852907708150357,0.0033910143230110536,1,1
138be234cb3c,0.18607073843320868,0.31522025279156896,0.4859050012485635,0.012804007526659058,1,0
1392a9bbcbdb,0.05413302205574087,0.9003122329722357,0.03741120483775908,0.008143540134264165,1,0
13b60143c0f5,0.014685863008672764,0.8503864326061726,0.13314063030936607,0.001787074075788574,1,4
13bd1f239046,0.9110030811384008,0.06008854718879382,0.027661616654282278,0.0012467550185231947,2,0
13ce825a3cf7,0.10405452343844311,0.8246289513329955,0.06497681861208864,0.006339706616472696,1,1
13def796c64d,0.034139935589608116,0.8169325001622305,0.10695301076853087,0.04197455347963052,1,0
13e21ab810f1,0.29130376439147976,0.4065259661194116,0.29521576789281884,0.006954501596289736,2,1
13eff8f19efb,0.31570168162974943,0.5090781413868706,0.11748199092062145,0.05773818606275844,1,2
13f1e5778385,0.04161978227351975,0.6312919594589245,0.29660438208152884,0.030483876186026968,1,2
13f212585f43,0.1570695889533007,0.4367766705443405,0.39464529709633556,0.011508443406023354,0,2
13f84be4b729,0.018006738081508385,0.9320929938498982,0.04344986585645715,0.006450402212136381,1,4
14098d7c56bf,0.02772776018436605,0.85426449693087,0.09195609245204418,0.026051650432719693,1,3
141cfd1cf748,0.6467795140952735,0.1160476582427741,0.22957597768024168,0.007596849981710801,2,0
14204d559d6c,0.8016487756835056,0.04923687561325778,0.14039647361095808,0.008717875092278459,0,3
14214ff4686b,0.7205957402101008,0.1993930807475364,0.064935844280281,0.015075334762081736,0,3
1427ed4ecdf1,0.5191903181521983,0.4249758440446282,0.04041909663727328,0.015414741165900333,0,4
1428fbfc536d,0.5996848330654213,0.19042834035905196,0.20400722350734263,0.005879603068184029,0,0
143c466c5a41,0.06827943129792885,0.46640473125554655,0.2883362826286694,0.1769795548178551,1,0
1452424edbbd,0.1552798406063334,0.7291535315608788,0.09444183100180557,0.021124796830982197,1,4
145a2c752783,0.2593523376715884,0.4555319848377007,0.2759600953653568,0.00915558212535423,0,0
145ea107cfdf,0.0933632490517225,0.7416759678387256,0.1226884884909581,0.04227229461859398,1,1
1468f89958ae,0.38629696587751455,0.5709918348331426,0.037630344401939166,0.005080854887403657,1,4
1496ac223912,0.505138384667559,0.3352198881784714,0.09531181769239017,0.06432990946157943,2,1
14b5805d90cf,0.4421215736813811,0.12005702508435943,0.4103793250241405,0.02744207621011897,0,2
14be42e4beee,0.07914894104013677,0.6547874172258887,0.2537256385985105,0.012338003135463979,2,3
14c938eebb45,0.08512174253992494,0.758387179463834,0.13270262033790514,0.023788457658335836,1,4
14e56e75b328,0.07925648482368768,0.6606096945538139,0.2519548484317907,0.008178972190707727,3,2
14f70dbb7730,0.18064034630052178,0.5773946284376507,0.23544548887641203,0.006519536385415559,1,0
14fa513dbf03,0.2562555279242269,0.5467972955853184,0.17533429645103263,0.021612880039422053,3,2
14fc1724dc3d,0.302758430485022,0.6285206212873752,0.05040706089100154,0.018313887336601317,1,2
150c8a29908b,0.38346316803020325,0.34676053653597155,0.25738839588859536,0.012387899545229793,2,2
151097927345,0.12862101725751274,0.6679495804221595,0.16430926849527833,0.03912013382504942,1,0
152084ef57a6,0.903539200101577,0.027965460436417188,0.06699600437715904,0.0014993350848467916,0,3
153f72083ac5,0.0204864376402994,0.9075971706226623,0.0487054213526833,0.02321097038435499,1,3
154b47e45726,0.7433013129329217,0.20283092873948827,0.04486710819458987,0.009000650133000254,0,3
1553091efbda,0.11472516732017703,0.8382134784989619,0.03183441400143526,0.01522694017942559,1,3
1554e808cb6d,0.1393467245746882,0.6517601215191201,0.18248126157058903,0.026411892335602708,0,1
155b096d1b12,0.702024207056251,0.18134514795948478,0.07916834384114299,0.03746230114312114,0,1
1565a173b9e0,0.297064243370405,0.30233643658441656,0.3170687295533075,0.08353059049187087,3,1
156e6297a136,0.5424222096787961,0.23961690913773515,0.2122820758636189,0.005678805319849811,0,1
158f4775c613,0.09284271007690009,0.5808031213159455,0.30986685980236633,0.01648730880478818,1,1
1594ca188938,0.10873192472429656,0.6792190481324692,0.15377024023043737,0.05827878691279682,1,3
1595bbc15964,0.5473721415641157,0.06155341062661858,0.14781388331552003,0.24326056449374556,0,1
15987bfb9f6c,0.4726812346001678,0.3721180011386716,0.13814851656188612,0.017052247699274447,1,3
159c607b0f88,0.4185387964799021,0.17274946731860732,0.39712855486284654,0.011583181338644086,2,4
159cbf48e73c,0.028100920469235968,0.8925325402623555,0.04988894635960058,0.029477592908808074,1,3
15ae12f7cfb1,0.06680166002053155,0.550576057385384,0.3086206371513049,0.07400164544277968,1,0
15b667401963,0.1936701462781428,0.46589762173157767,0.3040693157098037,0.03636291628047567,1,3
15b8fbeb41a8,0.013280897792453256,0.715099549100479,0.17784709774340904,0.09377245536365883,1,4
15bd754f1ec1,0.2439519578929763,0.5650408352266524,0.18804680581134844,0.002960401069022899,1,3
15cd3787bcc0,0.19454076357766342,0.3589482654788073,0.40560551245091303,0.04090545849261632,3,3
15e2f6a8e8fc,0.904267656988543,0.049847983333578705,0.025762664344902965,0.020121695332975476,3,3
15e7f6ecc2c5,0.5536051184235862,0.14603870655639145,0.254747483302113,0.045608691717909426,1,2
15f05ab2d893,0.008954691233889738,0.9446324247928577,0.0445917212366021,0.0018211627366502788,1,2
15f599eeb81f,0.31303107294469895,0.3852308576344674,0.2831466139283309,0.01859145549250271,1,3
15f749d8d34c,0.09727781424556407,0.7271329295838106,0.11859099465648136,0.05699826151414404,1,2
15fe7f82b7e2,0.13711965931666728,0.5834470139963152,0.26408296725384767,0.015350359433169914,1,4
160c3b649efd,0.2581414174204732,0.4475291672981747,0.2935208579444692,0.0008085573368828611,1,1
160c8b6c7e2c,0.054887144811678924,0.6799211162447185,0.26080411038834383,0.004387628555258735,1,0
161664ae65cc,0.16610598723653064,0.550523401720789,0.2729454580517692,0.010425152990911365,2,0
161875acf5a4,0.23491142694307354,0.49193419681393635,0.24808297575350394,0.025071400489486192,1,0
1618ee0e44de,0.16077193674968568,0.557041777949192,0.2377689356928175,0.04441734960830502,1,3
161a333c9092,0.016655531861625685,0.9031873038290779,0.0741130470069233,0.006044117302373137,1,4
161d81d28399,0.4540113197134454,0.1502214976461201,0.395059702520785,0.0007074801196494236,2,1
16203f0dd93a,0.7656865640921633,0.09149240991166394,0.130863178971587,0.01195784702458581,0,1
162b49bd6d26,0.75119825660503,0.13265144472747387,0.10736783857308937,0.00878246009440669,3,1
1665788ce755,0.03045915878740458,0.5710172309883996,0.2574687730991433,0.14105483712505248,1,3
1674ae57f764,0.5421866718965346,0.2564603808242081,0.17020568102895928,0.031147266250298084,1,4
168dddd3daa1,0.07830710320631148,0.341679239724256,0.5700615246605959,0.009952132408836443,1,1
16954003ded9,0.8004320922590241,0.0761113170670342,0.10070548968587079,0.022751100988070847,2,4
1697e617266f,0.22504653963290702,0.5440147280411136,0.22869814862116933,0.00224058370481009,1,4
16a13141a4ec,0.07344649108827224,0.8595087825181519,0.055400144424218804,0.011644581969357137,1,0
16a9737d2dff,0.8341149660756193,0.05441013070426177,0.07479114002781873,0.036683763192300184,0,3
16c0b52e5fa7,0.13409391034675805,0.8122318099857995,0.03324613390135509,0.020428145766087487,1,1
16d98c50e843,0.0570027933850955,0.6688743356609316,0.18559460336413386,0.08852826758983902,1,4
16fbc834dda4,0.11743658331557312,0.5965576828342173,0.2137905981706379,0.07221513567957163,1,1
170ac27f26c2,0.016546284275228165,0.9351114386815484,0.034013586080944194,0.014328690962279057,2,0
172e2caf0eb4,0.4053808283728109,0.4686760682631468,0.11693140736877909,0.009011695995263143,1,1
17493bd373b8,0.03315267515074376,0.7967436861002287,0.1688843367620722,0.0012193019869553743,1,3
17577170d7ca,0.700165339516675,0.06299899754595624,0.22335235447625293,0.01348330846111578,0,2
1772697538d3,0.3418961371837885,0.45278596283636446,0.20352080888429075,0.0017970910955563732,0,2
17a89ce1e5b3,0.8369380964554505,0.14729610158597561,0.00997866748316189,0.0057871344754119305,2,2
17b73dde4491,0.2877217386725619,0.5590137074473526,0.09138442374031959,0.06188013013976585,1,2
17b7d506e666,0.006000959727006887,0.9798812602585244,0.011000397847685193,0.0031173821667835177,3,1
17bb0bdd2f7b,0.01376273583516697,0.9688602776214652,0.015435305769345336,0.0019416807740222821,2,1
17c04e889fdd,0.888997544680675,0.017445784659122124,0.09098765612377711,0.0025690145364256896,0,0
17c25c1ffb8d,0.8094003445844444,0.13432554356484275,0.04963563516171229,0.0066384766890007,3,4
17c64a6e2c5a,0.1645767192847307,0.7928954576918833,0.03739304507495847,0.005134777948427644,1,0
17da3bebe960,0.04695497896455521,0.846677645285719,0.08551572827657018,0.020851647473155446,1,1
17e2c13b13a4,0.05382174959645326,0.7144231393356582,0.22264325276610902,0.009111858301779645,2,4
17e46fc66a16,0.026207503319167085,0.8909496061903459,0.07852070435631102,0.004322186134176027,1,4
181360cf5b3f,0.43685034457788846,0.27069268046590284,0.23419104402240926,0.058265930933799386,0,1
18156e6f27e8,0.13041731271703835,0.7884811233409029,0.06726100898552755,0.013840554956531078,0,3
18211ed86296,0.9281868664491383,0.030149152290599994,0.023851128678494832,0.017812852581766795,2,1
184cd4d75979,0.06197984822921009,0.7834758250573886,0.13736961298917902,0.017174713724222298,1,3
185dd4caeaa6,0.01574529049884809,0.927029055183347,0.05578640446320202,0.001439249854602979,1,1
185ebc0fc39d,0.9178016909424579,0.027489818648838007,0.0508747380031686,0.0038337524055354327,0,3
1882d31c20a8,0.021732867875693545,0.6850809180760995,0.26049186529396534,0.03269434875424165,1,4
18a530e6a802,0.2476440245767289,0.5955990811361328,0.08890953098837172,0.06784736329876664,1,2
18a979da66a5,0.10723396847867457,0.556352795278007,0.23669185797518294,0.09972137826813551,2,4
18bcd9a1da10,0.024432441148855535,0.7801448385160519,0.15275699581308863,0.04266572452200388,1,2
18d48e95755f,0.8031161324445469,0.08618231489061483,0.061612011978241274,0.049089540686597134,0,4
18f97a81047e,0.12314828708864695,0.7192329865945654,0.15724429351755506,0.0003744327992327089,1,1
19049e36a56b,0.03669188792780464,0.8411495593327539,0.06658750323451833,0.05557104950492312,1,3
190f1d3cbb04,0.01969013597614023,0.9353343093842248,0.033192906578930856,0.011782648060704256,1,1
1914c949b980,0.09935347310723643,0.7643943890551821,0.059236904155278845,0.07701523368230255,1,0
192cb96503cb,0.320216919923188,0.3498704689195132,0.2939905461040308,0.035922065053268,1,2
1939753be279,0.07990645677104906,0.6995730011466407,0.20675308778801965,0.01376745429429072,1,4
193d3d99e496,0.07788653418884828,0.8632756556744893,0.03490416841931339,0.023933641717349106,1,2
19406db78215,0.209459245795099,0.6880697813840333,0.0731982449292995,0.029272727891568092,1,1
1942df72cbb4,0.03867960362800732,0.916344349391977,0.03308992097336624,0.011886126006649565,2,3
1948a0198a86,0.08342037461422801,0.663062489444984,0.10435320144420204,0.14916393449658596,0,4
1956c85c146d,0.27709888105586605,0.321643212213693,0.3763049689159947,0.024952937814446227,1,2
1964b644d7ef,0.3059882094183112,0.37024519712531856,0.3078484990464574,0.01591809440991281,3,2
1972681565cc,0.08163845986312607,0.5041904746443309,0.4075409411069813,0.006630124385561731,1,0
19905c7259b8,0.5787223097673357,0.3278453309981272,0.08335489428449105,0.010077464950046001,1,4
199ef8aace49,0.7036174957508965,0.17591649735597173,0.09491203048638575,0.02555397640674619,0,4
19a2b2618a2b,0.22626201278377472,0.6341924296356093,0.11630069662456927,0.02324486095604659,3,1
19a69f8ae995,0.00976115163374342,0.9346570749126809,0.05327279596137927,0.0023089774921964774,1,4
19c6a6e0cb1c,0.18970136780167027,0.7047902548043248,0.08815616139595651,0.017352215998048585,1,3
1a03f0a16164,0.603490189578608,0.18074605168089466,0.1574132926730475,0.05835046606744972,2,1
1a0409ee4b32,0.13921368995422503,0.6358009525167577,0.17128832806892155,0.05369702946009569,2,1
1a107c04965e,0.14195460423157327,0.3908251967882381,0.4077535532612014,0.05946664571898721,1,0
1a11cb490631,0.05930803219133296,0.8697714606169094,0.06781670434292938,0.003103802848828478,1,4
1a1a47e328f7,0.07150827375774266,0.5987293681743988,0.32173653795333973,0.0080258201145189,2,0
1a2cbb5c1a7f,0.13225947859899384,0.5356479258901962,0.29873552726678043,0.03335706824402954,0,2
1a3172a2e845,0.9441728553331449,0.03251065214131273,0.020680358121597638,0.002636134403944837,0,1
1a3e729f201e,0.33178765696758494,0.24528740772793345,0.39135135805408655,0.03157357725039493,3,0
1a404401eda8,0.43925415435287746,0.25269985735090295,0.23653549684154465,0.07151049145467493,2,0
1a4b245e03da,0.5420517327518547,0.34703125504454296,0.09327310105786214,0.017643911145740036,2,1
1a53a4506f10,0.3566891271491008,0.17032670484348214,0.4179557468448119,0.05502842116260521,2,3
1a6082c58f64,0.026717367471732815,0.8813083597980977,0.07433065470765757,0.017643618022511794,1,2
1a724e3102d0,0.24339337094630698,0.5756449826764213,0.16417487220860855,0.01678677416866316,1,2
1a8038230877,0.09013248774692571,0.8397156313435802,0.0644583653969954,0.005693515512498778,1,0
1a8733a7c289,0.13238141141195994,0.6977436001913143,0.16141294721375976,0.008462041182965807,1,4
1aa21301e856,0.47965427223098506,0.3929732948701728,0.09499407869649806,0.03237835420234399,0,0
1aacd741dace,0.12064593630454955,0.4028087322205799,0.43970781213889476,0.036837519335975795,1,2
1aaef9f47b25,0.05927650508008062,0.8370775375748621,0.08449996684917507,0.019145990495882254,1,0
1ab52121be21,0.11450569129487305,0.8058463754376136,0.07593221102467722,0.003715722242836154,1,3
1ac1de4ecb6c,0.2423498378630742,0.1972865935636816,0.4777555746575951,0.08260799391564906,1,0
1ac288b2ce23,0.012472617956844045,0.9064089632825668,0.07748534008841053,0.003633078672178578,1,2
1ad268f677fc,0.029365297986317113,0.6912330630501328,0.14036020203823943,0.13904143692531068,1,4
1ad782651f09,0.19789534339437728,0.4868799183342132,0.31249229158328107,0.0027324466881285094,1,0
1aecd8c867ac,0.12132887480152725,0.31663891888006657,0.5212159973681316,0.04081620895027458,1,4
1af41c4cbf5d,0.165490098495763,0.3297446958699877,0.25462123996648983,0.2501439656677596,1,3
1b427c519a72,0.7039778249647222,0.08582264237855924,0.041589976507213924,0.16860955614950465,2,1
1b49b7921474,0.022428102604999525,0.44558531743194896,0.49210157745411176,0.039885002508939824,0,0
1b5ca94ac38b,0.02516999987396682,0.6418224269176357,0.31645626261218907,0.016551310596208423,1,0
1b6250d23465,0.06921271469149981,0.8916321321610039,0.02700689265271531,0.012148260494781005,2,4
1b6eb0f6fcb3,0.30905133872420554,0.46998523755332466,0.1991763602895656,0.021787063432904194,2,3
1b80a4e2614f,0.032836680647227494,0.5338794477256199,0.11951606114522152,0.3137678104819311,2,1
1b8afd81f6a0,0.9301540789433933,0.022165305495708325,0.043459034469495804,0.004221581091402723,0,2
1ba5ddfad18d,0.44040964090279444,0.2826965901369559,0.2677745445587892,0.009119224401460386,2,1
1baca8182bf8,0.2260594580394618,0.47865789867057273,0.22479918052510936,0.07048346276485612,0,4
1bc9965d033b,0.9409095301088095,0.03283629212054938,0.009672714170495223,0.01658146360014581,0,1
1befbaaa2bdc,0.21082645007065953,0.4940908400919052,0.2401351831405136,0.054947526696921795,2,3
1bf775c57c75,0.16395614204318926,0.6138049696529406,0.16960473109878946,0.05263415720508075,2,0
1c471b0d2fb4,0.6104249179199749,0.1454051382832787,0.2189917199260459,0.02517822387070042,0,0
1c47b7084ba4,0.10886314720306117,0.5957483285461997,0.19074236412472703,0.10464616012601193,0,3
1c47fb86c8e7,0.3896480011825579,0.31900783388762305,0.2366702517967229,0.054673913133096226,0,4
1c48cbfea106,0.5771608107503099,0.18854367642505826,0.22402285149419401,0.010272661330437942,2,2
1c4a89d7a901,0.14184347734037633,0.6310197750004704,0.171466384613746,0.05567036304540739,2,3
1c5a0cb3ebc0,0.07514702744147886,0.750750569304184,0.13831434287164457,0.03578806038269238,1,3
1c790318b3ef,0.05039283248343615,0.8082161054485492,0.09891864184754823,0.04247242022046642,1,3
1c88dbf27747,0.0953727528669142,0.7138095228607532,0.14823592030359098,0.042581803968741616,1,3
1c897615664a,0.5240426296968671,0.3364493394134848,0.1185946563137463,0.020913374575901634,2,2
1ca63facc033,0.14995239180303666,0.6472489139764983,0.19722724536744063,0.0055714488530242854,1,0
1cad23eae406,0.31354941600863045,0.5506971937638984,0.12573096625062366,0.010022423976847552,2,2
1cb23162d215,0.4649294313417776,0.4067427792215823,0.11094437948285506,0.017383409953785088,0,3
1cbbe74b7fcf,0.02951640854716762,0.9148862132604705,0.03500795576687071,0.02058942242549117,1,3
1ccd5ebd1ca6,0.9395744363191754,0.02328272897612954,0.020561830364780764,0.0165810043399142,0,0
1cd14dd22747,0.03989718473886721,0.7575799833387946,0.164107414373478,0.038415417548860104,1,1
1cdcb65db764,0.02477698889480809,0.6717540828174792,0.23794112905848613,0.06552779922922645,3,2
1cdccea74613,0.9360310755109958,0.02103039505288052,0.031018510836657104,0.011920018599466531,3,4
1cdf13ab07d0,0.6047649155408922,0.20260108694119483,0.1799568535198637,0.012677143998049204,2,1
1ce3a5d2f184,0.07547995148997974,0.5178558355508455,0.3971493160536391,0.009514896905535534,1,3
1ce5a6058285,0.07325304479975815,0.873858752067339,0.018077232052681014,0.03481097108022184,2,1
1ceb2008c876,0.9766082842431429,0.013683091912875193,0.008914800213904507,0.0007938236300770687,0,2
1cebae6715f0,0.0665192446505683,0.692071081034896,0.20314785604658805,0.03826181826794762,1,4
1cf24b1b5615,0.22425718611326176,0.3695875277983597,0.399596810371259,0.006558475717119527,1,0
1d01d5f6e570,0.6370789557058985,0.15113950592274694,0.19837051055609353,0.013411027815261049,2,4
1d079ba88b49,0.045651916204437815,0.6189527991823918,0.3052281566959483,0.03016712791722188,3,0
1d087706bfbb,0.2678343160081314,0.4827275316890654,0.21360308593967695,0.03583506636312634,1,0
1d243015f1d5,0.3185966236362532,0.3304934329719351,0.3034165297899158,0.04749341360189576,1,2
1d28a8b7c0b1,0.03160103288992606,0.4722605177853022,0.4381507925337016,0.057987656791070076,1,0
1d2c03c45291,0.25253681412807316,0.45182706789424093,0.28191553166651084,0.01372058631117503,1,0
1d4b92eb1e86,0.2739708203774709,0.5721261546686354,0.14930850451404054,0.004594520439853168,0,2
1d667e9556ad,0.0547137570843465,0.7644682004168414,0.17969668257179108,0.0011213599270210083,1,2
1d6fda0514c6,0.443431666269754,0.32102816017315267,0.23222046468444232,0.0033197088726511217,0,4
1d7af2de9365,0.04674968147041587,0.8109274979649316,0.12831068506700918,0.014012135497643425,1,2
1d81732ee787,0.6230760422775902,0.18426130146805295,0.1378612058821847,0.05480145037217224,0,0
1da8d77bfbbc,0.19143520792129196,0.5592291314156606,0.11254171478492579,0.13679394587812171,2,4
1dc051f3e900,0.11747105960759732,0.6555320663013496,0.17767444087421855,0.04932243321683454,0,3
1ddffdd81388,0.1342717608545517,0.426002447037287,0.39157639379152426,0.0481493983166371,0,4
1de4e880cb3a,0.03005378834340198,0.9236727467098261,0.04347641851187358,0.0027970464348985244,1,0
1dec8f8a5290,0.1721329247594764,0.5743472885481108,0.2388975743308055,0.014622212361607356,2,0
1e0773b7e49b,0.2518771787308428,0.5893501241717884,0.12875148570161468,0.030021211395754144,1,2
1e1b4b1b53cb,0.5381100939675203,0.35276200854870293,0.1025843599472796,0.00654353753649717,2,3
1e1b97345c32,0.9188337159121868,0.04765883665708181,0.019200794707396787,0.014306652723334756,0,2
1e250701d101,0.027388542978634127,0.8625774557376403,0.0871262202093201,0.022907781074405283,3,1
1e26273cf072,0.003903252701269526,0.940695844286009,0.054268006117772195,0.001132896894949223,1,0
1e322d374cd3,0.08035934815849241,0.8168968063865478,0.09623916237203681,0.006504683082923029,2,1
1e3c3ffc9561,0.01648240406100424,0.8302504061280115,0.14021277149441963,0.013054418316564365,1,4
1e3f6f8e494c,0.030228716936629624,0.6206163722760926,0.26516989235376764,0.08398501843351014,1,1
1e4e4732d5e7,0.6292861080415891,0.11826135535490781,0.2394754195538541,0.012977117049649028,2,1
1e5680a65afb,0.8403450804485008,0.0824366439617006,0.010278318136520899,0.06693995745327784,0,2
1e5912d3fb31,0.7811082744038716,0.1669566318782346,0.034797259464000675,0.017137834253893158,0,1
1e7dc61b9022,0.6966844433669394,0.06612656182657031,0.22588391378305084,0.01130508102343954,0,0
1e7e77b791bd,0.964715677368241,0.016450313492827877,0.017694761515158662,0.001139247623772434,0,3
1e96d5eb4c91,0.09822518682658983,0.7524832602490857,0.09886486203625995,0.05042669088806458,2,3
1e98661f8fb3,0.023542237946485987,0.8876787862523381,0.07474888522374773,0.014030090577428071,1,2
1eafb760551d,0.10170936720536083,0.7951612484871808,0.07008329184804626,0.03304609245941212,3,3
1eb7f8425ce6,0.5001525752170469,0.4287417580177615,0.06332706124976498,0.00777860551542658,1,4
1ed21574ae51,0.04150459190718859,0.7751768021267247,0.17423136057536007,0.009087245390726504,1,1
1eef24598603,0.008488014083308175,0.9558865664090089,0.027408696843923806,0.008216722663759064,1,2
1ef81f7528ce,0.016423239328643126,0.9225570328164306,0.03237174626588641,0.02864798158903993,0,1
1ef89135ba6e,0.011683666227075883,0.9254767512388153,0.057428296103206544,0.005411286430902332,1,0
1f01637439b3,0.700127485852945,0.15668929372631482,0.14012295190643506,0.0030602685143050977,0,2
1f294b434700,0.3100595475060733,0.4212143799578843,0.2674226985054296,0.0013033740306127898,0,3
1f321faad845,0.22160616861878013,0.3923872136834489,0.36894604819842347,0.01706056949934745,1,2
1f44938d5c2b,0.0805079659817848,0.8508464421453313,0.023997669898974665,0.04464792197390906,1,1
1f4565e83b9a,0.22100378683214225,0.30803078577049964,0.283079920813079,0.1878855065842791,1,4
1f4ded9818dc,0.012626890807826249,0.9360570325099183,0.04974009759959648,0.0015759790826588105,1,3
1f64a498ff9e,0.45988270383698227,0.43750370745857703,0.09476391308748174,0.00784967561695884,1,0
1f89329fdcf2,0.5498369061281209,0.33240950240352674,0.10242004797723292,0.015333543491119461,2,1
1f8c2590aa47,0.07824930235877404,0.8485360568436607,0.04876711340145676,0.02444752739610828,2,0
1f96e6c401a0,0.15874503677638221,0.7289569751932605,0.10588825810039845,0.006409729929958722,1,0
1f970230eff3,0.008070882170550298,0.8101864299168111,0.1770442778314634,0.00469841008117515,1,0
1f988b9c498a,0.20035699350001757,0.5278702336293539,0.23125057218332437,0.040522200687304104,1,1
1f9fce7e4109,0.9485067241042278,0.01772850327356582,0.02975054927134494,0.00401422335086133,0,2
1fa134cbb2f7,0.3687202126788898,0.4965852970303713,0.10988962903343645,0.024804861257302517,0,3
1fab0b8dc055,0.23777739726066177,0.5712731410383396,0.14625205331807634,0.04469740838292234,2,2
1fc1729b5b3c,0.17984052294633074,0.7187870294452626,0.06483226060609219,0.03654018700231447,1,2
1fc3de06c533,0.6088045171941285,0.2830809252032697,0.09920054948774419,0.0089140081148576,2,0
1fcc3fac4784,0.02338914159205157,0.8665655867302167,0.03488990658589976,0.07515536509183192,1,1
1fe87642bbc3,0.2742706296319394,0.5743771442201127,0.11496127169391518,0.036390954454032856,1,0
1ffbfb47b97f,0.24790650096794917,0.6590179270752526,0.08798734337995823,0.005088228576839856,3,2
1ffc645c759a,0.9660407452592505,0.017294764868555884,0.01329986415168824,0.0033646257205055628,0,2
200c39af6b9d,0.925482017137703,0.025549152272679957,0.019540857669558376,0.02942797292005873,0,4
201a708feae5,0.14322740011209134,0.6964017048307201,0.13695057765745858,0.02342031739972998,2,2
202662923e15,0.24849282059807817,0.4415196570325928,0.29075136682125663,0.01923615554807232,1,3
20658524054c,0.9608614395903102,0.008461942371226635,0.012726512408406882,0.01795010563005639,0,3
2072fcb4eea6,0.26996752068535723,0.10935285937743709,0.586239702499616,0.0344399174375896,3,3
207743ea0f6d,0.5535319109390793,0.28033363699759745,0.15158521442396705,0.014549237639356316,2,2
207758407af9,0.00493329442700356,0.926953486361378,0.0516536974263237,0.01645952178529456,1,1
207fa6f82857,0.4926020520313834,0.20529225374364152,0.26913522040018284,0.032970473824792124,2,0
20a308389234,0.27830860753486036,0.2670239228560715,0.24210031272001586,0.2125671568890523,3,2
20a86e21402f,0.11023062603443554,0.7333618417030805,0.14619001925689287,0.010217513005591311,0,1
20b52d3e2fa5,0.6174752324103734,0.15224450808961207,0.21845304416446665,0.01182721533554797,2,2
20d3ed4a413e,0.6822195345379398,0.1328721288403185,0.1436608420462571,0.04124749457548465,3,0
20e00874f8ee,0.15078139815022132,0.6197166799074446,0.2145363024327456,0.014965619509588626,1,0
20eb74deaf29,0.7194095017140264,0.215512792529108,0.05009356341030488,0.014984142346560711,2,3
20f85a875621,0.1021828310465004,0.6903398788579892,0.07132048615059135,0.13615680394491897,1,1
20fa80f5619e,0.5451218065859691,0.20616174988663366,0.2367494143251892,0.011967029202208096,0,3
210570d62277,0.6841929026064069,0.27986174492975935,0.02774518514908354,0.0082001673147503,0,2
2133352e9cde,0.038143233195224335,0.6873947857623434,0.27166097851311627,0.00280100252931605,1,3
2135722ae069,0.02674874689664682,0.9162398024094479,0.055811437051876876,0.0012000136420284744,1,4
21468541d7b5,0.09903580722573488,0.7051122391738368,0.18489854025849178,0.01095341334193644,2,4
214a48cfa07d,0.22736679414003075,0.7069758016255162,0.0551770904436776,0.010480313790775398,2,4
214c441d728b,0.2934220431393715,0.5709550180811899,0.12027874769992421,0.015344191079514466,1,2
215bc2b055e9,0.5660711584218447,0.2659797562965397,0.14514174260846588,0.022807342673149752,2,3
216e4a640f8e,0.3775641610149432,0.5570160688635,0.049297108833366236,0.01612266128819049,1,1
218620841a93,0.165583019328649,0.3963004622522098,0.3306829680003424,0.10743355041879889,1,4
2193df2f77b4,0.17502037863886835,0.5868002419188368,0.229890514811211,0.00828886463108389,0,1
21b42c133cd2,0.156997852659069,0.3221379583742858,0.4192859972532225,0.10157819171342285,1,0
21b8491fb0e0,0.05953883943062874,0.8595358815117713,0.07122014416206138,0.009705134895538665,1,1
21be1a5bfa64,0.26007857037532495,0.4654189763268241,0.2674795922231462,0.007022861074704672,1,2
21c44b9f3caa,0.23858087412894652,0.3314855477569864,0.4240672679997668,0.005866310114300277,2,4
21ce0d042853,0.7752710999447137,0.1629621124772443,0.05142352360152157,0.010343263976520488,0,4
21d30b087de5,0.23641574346797609,0.5014447066627856,0.25240986819678374,0.009729681672454457,0,0
22088825f165,0.7509777556039104,0.05096488038103929,0.17357294113206234,0.024484422882988018,0,3
2222b92077a6,0.33014913869059037,0.5661967413559111,0.08845777191574553,0.015196348037753072,3,2
22278d83c0ab,0.9673807368430805,0.007860744903567855,0.022465845044329337,0.0022926732090223557,0,2
22353f3ff2d1,0.7359521969559856,0.1414240791181036,0.11803416339366493,0.0045895605322458875,0,1
2252ba87b56b,0.037158541941026774,0.9076910282496023,0.04983642403414358,0.005314005775227226,1,4
22555df670d7,0.42729057317657493,0.2411214572473393,0.31933845117956056,0.012249518396525261,0,2
2259b6d5ac66,0.08730771872307722,0.6683154402070163,0.198365280377483,0.04601156069242359,0,0
22686edb0131,0.24950527767036584,0.6329372716420053,0.10715081037271353,0.010406640314915465,0,4
2280689e5dd3,0.0314699709915233,0.9255979444851807,0.04021201333455413,0.0027200711887419605,0,4
22869b2939dd,0.15324301150335887,0.7174944798747723,0.0986407633870172,0.03062174523485158,1,3
2287b570cdd8,0.1493315069780753,0.24156369038189182,0.5163377790711998,0.09276702356883305,0,4
2296c0ca15df,0.07010683636029467,0.7250657321162948,0.11172786830505675,0.09309956321835383,1,4
22adb7da3c70,0.6991852295351804,0.09894117761408464,0.19421086517815064,0.0076627276725843565,0,0
22d433d1fe06,0.06539447095979901,0.7959467039581852,0.13428826877510902,0.0043705563069067295,1,1
22ebaa704ad4,0.019739284385086635,0.8414449438995587,0.10884233598698821,0.029973435728366426,1,0
230f160d4a7c,0.035697870053110585,0.5507005489610916,0.37930501872985306,0.03429656225594486,0,0
231a5f824249,0.013525433480211709,0.932836774180999,0.04923302529299141,0.0044047670457978035,1,2
232d23dcb5c6,0.04860426586904695,0.7545614281441541,0.15743736859389448,0.0393969373929046,1,1
23423a5342ea,0.7274927789693423,0.18753119841219298,0.0575193342120305,0.027456688406434192,0,1
23600e975e6f,0.4533299597585746,0.47477454872538916,0.06512790322827532,0.006767588287761056,1,1
2378d336c876,0.8033565722373444,0.09578039432211019,0.08909528232436911,0.011767751116176322,0,2
237b80c8279f,0.38706682717458923,0.37960112583021965,0.1524065448715952,0.08092550212359603,1,0
23818431bd20,0.18128034502222684,0.3712635485388035,0.4178826204758206,0.02957348596314898,2,3
2386196182fd,0.05129182042591747,0.8052802059736158,0.11201419028642103,0.031413783314045665,3,2
2386f261f756,0.38558015301176746,0.5475324626216276,0.05588006461504141,0.01100731975156346,1,1
2387e52d164a,0.16443191968244902,0.7221213426880964,0.08901240512286968,0.024434332506584923,1,2
2394a4ec8f4b,0.019621889968599652,0.8886767999905253,0.08422207528238693,0.007479234758488133,1,4
23a38f510f64,0.05679893992775018,0.8310425167770504,0.09968843947440843,0.012470103820790782,1,1
23aa6dfe0d6f,0.1967269478254139,0.4127552742580799,0.3208755360911087,0.06964224182539751,1,3
23c3bf39df9e,0.1298825361418609,0.6492782170178337,0.18381973130961043,0.03701951553069485,3,1
23c62fb5991e,0.4429229620847705,0.19325617126582653,0.35248812026794984,0.011332746381453025,0,4
23d35c37a05d,0.7256349023715153,0.15830062772980508,0.06164518154008921,0.05441928835859054,1,1
23dc45d96978,0.1458509941331981,0.8215865996998846,0.026247976400357604,0.006314429766559866,0,4
23dd60be5ed2,0.047371586109453225,0.7633719939450708,0.14838163211565164,0.04087478782982422,1,3
23f0f99270d8,0.08902544159215527,0.5434933577351622,0.2903677547210933,0.07711344595158925,3,1
240198fc8e9f,0.47583920536129215,0.3070993083147107,0.2040879514526116,0.012973534871385594,0,3
242e4e777d68,0.28743347651838197,0.5288017434002766,0.17169515488445308,0.012069625196888359,1,2
2433f022b206,0.020769277581122125,0.9702040709434377,0.00602941974219153,0.002997231733248631,2,1
2437e41f60ec,0.05164339153627152,0.6691583897255353,0.25864274982498603,0.02055546891320709,1,0
243b7e22a6cd,0.8068707415240393,0.04385052860552378,0.13883096708083004,0.010447762789606926,1,0
244afdf83230,0.030293339488913114,0.9454161057191366,0.021456754592289913,0.0028338001996604015,1,2
244e39a44d1e,0.12792176463114507,0.6202005596676929,0.2454864611056281,0.006391214595533779,2,1
245661629b65,0.3476399445107905,0.4625764729632485,0.17314704012923024,0.016636542396730777,0,2
2460844b8bd7,0.0455687119115439,0.8597974451447193,0.055614122699377586,0.03901972024435919,1,3
246130177bd8,0.09991605154709692,0.879797171038436,0.018554234362897295,0.0017325430515697834,1,3
24623d752845,0.018697661742086594,0.6510254667487757,0.3018169428748857,0.028459928634251938,0,1
247bc4bd6a73,0.08595579168394177,0.7659633608276925,0.08162687780747854,0.06645396968088724,2,2
247f40620c10,0.9538739406006362,0.024597759339241375,0.015836167537120208,0.0056921325230020765,0,3
2485bd38bf72,0.5930486681132114,0.2201255448822898,0.13017010790772848,0.05665567909677043,2,0
249fbbfd89d7,0.243986917042973,0.6631071942063135,0.045264055956185115,0.04764183279452842,1,4
24aa73a20789,0.24262929723805246,0.5607585563918721,0.16238939986830886,0.03422274650176643,2,2
24b6dac13a27,0.9044937802226717,0.03334347220649598,0.057012437029403056,0.005150310541429491,0,3
24b7753e6ef2,0.26364237250931777,0.5520317917612316,0.17371110799599687,0.010614727733453743,2,1
24c3867c5d29,0.21263434927538305,0.48684502285146075,0.14781318182558745,0.15270744604756878,0,0
24c727c4d278,0.07761444249018239,0.787766799311521,0.10792897087311716,0.026689787325179366,2,2
24cb214dd7f6,0.9312982299587873,0.00739687458938295,0.05186041376831793,0.009444481683511889,0,0
24cd517d2846,0.1117254128554463,0.8101527886177535,0.06515498720694514,0.012966811319854919,1,3
24ddf88491ff,0.27428991170928485,0.1645533671439377,0.5033190337928983,0.05783768735387908,3,3
24ec174ef46b,0.2276566898847503,0.4949792713105436,0.2738957248740063,0.0034683139306999457,1,4
24edf21f4d5a,0.334831606685354,0.35208990833517617,0.1850301658140173,0.12804831916545242,3,0
24fa5cba4f71,0.02627863798021382,0.7379735145861732,0.22280411673299605,0.012943730700616917,3,0
25134b8c00cb,0.32518099249784727,0.5634972684316748,0.10772654375377538,0.0035951953167023937,2,1
2514250a50ae,0.07587824666396159,0.8630178230155781,0.020744511796825155,0.04035941852363508,1,2
251753f7ee49,0.11147285222395205,0.7282164276193258,0.12405777474363014,0.036252945413092076,1,3
2534817120d7,0.48211600291251305,0.3899411978873282,0.046906783427761944,0.08103601577239677,1,3
253710fda754,0.40447805151055116,0.31838216926162083,0.17813225002945518,0.09900752919837283,1,3
253c261bde3a,0.09625627252593108,0.49844862263444234,0.3416578715314807,0.06363723330814573,1,1
2558428fe2a7,0.643669796344711,0.0928155767322761,0.24334941739310006,0.020165209529912808,0,2
255b4b7dbc24,0.38421515405739043,0.46048848193318365,0.1434234475037471,0.011872916505678838,1,2
255e598df62e,0.028122184484331264,0.8329064345103399,0.13649077841365156,0.0024806025916772672,2,1
25710be5e0bb,0.059058817842309076,0.6176170187781174,0.31408376596282567,0.009240397416747863,1,2
25a1c199f819,0.2714579432291962,0.6915657819233539,0.034784787887939005,0.0021914869595109007,1,2
25a4b11a059b,0.12768843231229723,0.6992304351538199,0.10994788848272585,0.06313324405115701,1,2
25a7988bfc95,0.2816242332945288,0.42017636364675465,0.25508475862022184,0.04311464443849461,0,0
25aabc4c9c95,0.02572203636701786,0.6961790910416901,0.2108155063621375,0.06728336622915455,1,2
25aff4eb8fb1,0.09362978076496702,0.8596988833163417,0.0389238592514435,0.0077474766672477975,1,2
25b65cff2f90,0.05989332332525563,0.6784779459943361,0.2470258658696536,0.014602864810754781,3,1
25b8ba43b5a2,0.06894369601084005,0.6296908484134207,0.2703058999521294,0.03105955562360963,1,0
25be7e269a87,0.207692051358881,0.5851264073348214,0.19779732630769445,0.009384214998603157,1,3
25ce40175fd5,0.010653480653925476,0.969267302502917,0.01958604622498301,0.0004931706181745918,1,0
25d7c75f0317,0.207663082384884,0.28116227774406044,0.3675527892032027,0.1436218506678528,3,0
25e21353e24e,0.44254369112311986,0.4012471227812046,0.07886222414081968,0.07734696195485585,0,4
25e957bf9bc8,0.06497846323252811,0.9044723732506001,0.025916421047887075,0.004632742468984479,1,4
25f7ca4bed9b,0.17715868269624527,0.21140790250163827,0.5854129723853282,0.026020442416788282,2,3
2605bf788ab6,0.8689643923794462,0.10531048300508335,0.010489298719129772,0.015235825896340595,1,4
26142fe8357a,0.05302305883953199,0.8638823793428789,0.0759602766281109,0.007134285189478333,0,2
262dd75dd358,0.07254272972483963,0.47354762782595833,0.4241207992590196,0.02978884319018255,1,1
263e1aad5f55,0.3374830763683086,0.31973571772276094,0.29667121294938226,0.04610999295954832,1,0
2647aa350094,0.08665029305553044,0.7395839509793702,0.171291349194149,0.0024744067709501346,1,4
2651f80c25b1,0.9849074360453707,0.004753218576236747,0.007312181513619678,0.0030271638647727406,0,2
26648048b098,0.13105474609633647,0.7680784420923457,0.07745489362871129,0.023411918182606642,3,4
269a455c3c91,0.34919275099663233,0.40361142019136975,0.14290802055377147,0.1042878082582264,0,3
26ae7b9c9414,0.010696723064974795,0.8853236745697671,0.09578892188747247,0.008190680477785576,1,3
26b0111b51b9,0.20065421225725513,0.688061986003149,0.07722645272195781,0.03405734901763803,3,3
26b07f9e9e24,0.7031763947196319,0.16399572624577066,0.06313078289170279,0.0696970961428946,2,2
26becb3b6c16,0.9158369678962889,0.02293395902439418,0.04439552029996901,0.01683355277934798,2,2
26bf9b216e9c,0.07694216082383375,0.4766337518534475,0.4166329273486127,0.02979115997410589,1,1
26d5f296c24b,0.03249120620454595,0.908816270193864,0.044747094487467234,0.013945429114122977,1,3
26ec93608fcd,0.040170581754693166,0.8219570533114413,0.1288812739724844,0.008991090961381076,1,1
2708e654cd46,0.0374590667664337,0.296697012590812,0.5869929780388414,0.07885094260391289,3,0
27153365136b,0.03102759657787561,0.8092308078406119,0.14904811813301458,0.010693477448497973,1,4
272233b43d12,0.18524950803700047,0.7575143437390243,0.037056105723254316,0.02018004250072097,1,3
272dfcc2c228,0.6835753649112184,0.16049312555901363,0.11904165867791687,0.03688985085185111,3,1
27307dc8cdb5,0.05099509285144784,0.9216732418993814,0.02615602000733815,0.0011756452418323815,1,2
273cfc39402c,0.15755590488021398,0.49076178018246314,0.3431559344743239,0.008526380462998855,2,1
27438e27d86d,0.431699456155985,0.2332434393548406,0.3166586661674575,0.018398438321717135,2,2
274ee714467e,0.10817097871850306,0.7003495009825186,0.1619443850198493,0.029535135279129092,0,3
27513bc45ebe,0.14983973966033598,0.35849768880963195,0.4722124638975757,0.019450107632456363,1,0
275219c98ac3,0.051124604116584656,0.9080933609434516,0.03449425002131661,0.006287784918647331,2,3
278fc970196c,0.806177742128933,0.1481799540904639,0.04101551048327798,0.00462679329732517,2,3
279ff8b28326,0.08423397509454164,0.7538169191225123,0.14921383122169662,0.012735274561249552,1,4
27c586844ff7,0.021192877587481666,0.9046813412900355,0.07205596724694785,0.0020698138755349364,1,4
27db1806a764,0.06854233189076034,0.8499117536164027,0.06818819201840105,0.01335772247443604,1,0
27df06029861,0.12361368793545931,0.8058066079827451,0.05822150444479622,0.01235819963699945,1,0
27e863fac512,0.14929027858328858,0.722166915345847,0.12434899088706612,0.004193815183798322,1,2
27f620156b1e,0.7373694696829876,0.0527795608965565,0.16935392349149972,0.04049704592895628,0,0
27f8616263ed,0.005570334236600426,0.9683099868579459,0.014128794963860377,0.011990883941593197,1,3
280355493a53,0.0626423626034702,0.9063712892085536,0.0236241610757261,0.007362187112250157,1,1
280826f3c8cb,0.009073540914887972,0.9246864674510124,0.045549704045523755,0.02069028758857597,1,1
2813f9090abd,0.12365086441588698,0.7146526743641344,0.1510808113228251,0.010615649897153637,0,2
281d15ca6f64,0.08415338000369313,0.6544761312560895,0.18009351158117293,0.08127697715904438,1,2
28353a62fc75,0.836970944858885,0.09639225597910141,0.05924097644215491,0.007395822719858728,0,1
2838d8cb10ba,0.8437002046515444,0.09366646151586412,0.034443381480695964,0.02818995235189552,0,4
28449108106b,0.5584145724821389,0.25959040388044785,0.16972987417886826,0.012265149458545038,1,0
285d0448622f,0.714193520154022,0.0621472330589821,0.21541022750801583,0.008249019278980028,0,3
2863afd4cd1e,0.04205519407671577,0.7602590295923094,0.16117393006355488,0.03651184626741985,1,4
2865cb42d240,0.7653890845793676,0.06327126367089474,0.16459697722525055,0.006742674524487165,0,3
287b389f997b,0.019608344612918917,0.9464517570975924,0.03153333520718225,0.0024065630823064186,1,0
2883027e4eb2,0.7012437928636126,0.1405855900765552,0.15395503870899716,0.004215578350834975,0,2
28a5850d4c73,0.06788618842286617,0.5822813938502165,0.33861007209982613,0.011222345627091127,1,2
28b1968260da,0.3151083071080757,0.5227645036457328,0.09715165494080762,0.06497553430538393,1,3
28b923d25bb7,0.01915255990724732,0.9506722765526313,0.027634669843894427,0.0025404936962270712,2,3
28bd779b2f84,0.941807595462597,0.02675738091693768,0.024797731603852537,0.006637292016612937,0,0
28cd5ee432cf,0.7949876013732013,0.06951167279630639,0.11187319568232525,0.023627530148167004,0,3
28ddb604e393,0.020967983224775007,0.8672359048993435,0.09788518534354906,0.013910926532332342,1,3
28dddc8559b2,0.8000178469032376,0.07721431679826833,0.08486682441754888,0.03790101188094508,3,1
28e1a974995b,0.02413401440414034,0.529486263508121,0.4270554842602684,0.019324237827470194,1,2
28f828b5e399,0.767600855847908,0.09988003066943348,0.10617967016885736,0.026339443313801343,0,2
28fa33eef652,0.16410215392935198,0.5424008059739192,0.2828854662043986,0.010611573892330214,1,2
2906f6903294,0.45373977049735176,0.16298372750101195,0.3751954779474162,0.008081024054220145,0,3
290727bac658,0.10947692564787036,0.6450787411512228,0.2387652967471456,0.006679036453761281,2,4
291df618f81f,0.03621928565023485,0.42879133203197695,0.5034352509518173,0.03155413136597108,3,3
29240c2eaf30,0.004650645813593534,0.9496968201659058,0.02286289830862639,0.022789635711874246,1,3
2938b11fe3f2,0.025362717449342022,0.936825573842648,0.027866528976752597,0.009945179731257447,1,3
2951b5526194,0.2812610549217957,0.4892179613635458,0.1672868861420373,0.06223409757262127,2,3
29552af481ab,0.5177058325022816,0.12800465627242427,0.25030059132770704,0.10398891989758713,0,1
29578de12813,0.025463990026741296,0.852393388035682,0.11529068027212543,0.006851941665451457,1,0
295c226093ed,0.0932631957295939,0.7921840605759931,0.1085499902526404,0.00600275344177245,1,1
297e73031b62,0.05386428968936332,0.6178657176948386,0.30261916126718125,0.02565083134861701,1,1
2980304e9bfc,0.2563609143704734,0.5710727867995478,0.16804870636469252,0.00451759246528622,1,0
298767d24da4,0.5244806597529492,0.26597139826607247,0.1820979741677601,0.02744996781321821,2,4
2990579c982c,0.4071967651994596,0.483984327916523,0.07489462314977134,0.03392428373424608,2,1
299201b9ba40,0.111510066915936,0.8484682016303622,0.03641219231791875,0.0036095391357831032,0,0
299de817cf02,0.43558641062452524,0.26902087231369143,0.2065206105911193,0.08887210647066385,2,4
299f34b2a99c,0.3832894852497954,0.43482839994439604,0.12430920202155152,0.05757291278425717,1,1
29afa03eedd3,0.8574396717795201,0.053390299171934386,0.07898100841882354,0.01018902062972191,0,0
29b7fce85c4c,0.020666456283372384,0.6026054671906691,0.3576628306408217,0.019065245885136674,1,2
29cd2e8cd19c,0.28097638862914787,0.5782536738671917,0.11692123131011996,0.02384870619354045,1,0
29df47042061,0.1900609287129223,0.43510709926483954,0.3690555884534702,0.00577638356876783,3,1
2a1768cea4ae,0.09483224679060602,0.7689132146049175,0.09201653586461381,0.04423800273986256,0,4
2a34f33583d3,0.17530869925134543,0.46005669010794875,0.3514398805851872,0.013194730055518605,0,0
2a35c8a7742b,0.6556682853648385,0.13280118347642633,0.19156046111333588,0.01997007004539934,0,3
2a457a88c49b,0.20769829819685923,0.4845073829222541,0.29959724471843063,0.008197074162456141,0,1
2a886a5ecdc0,0.6467520513467315,0.16994353313073374,0.17086246638567398,0.012441949136860688,0,1
2a8a246f1ebb,0.4134896157968997,0.25595059861808184,0.3262949162778386,0.004264869307179801,1,1
2a99eceed859,0.10583549375381548,0.3953899426760844,0.4736753940306203,0.02509916953947965,3,2
2ab426f9cfcb,0.40185050838376396,0.12250537792746083,0.4524534237605389,0.02319068992823625,1,0
2ac71ff83527,0.33742372303826645,0.5162384306909009,0.13741108331442228,0.008926762956410395,0,3
2ac74c9a0635,0.024396344731082157,0.7899183131081322,0.12619896536694705,0.059486376793838724,1,4
2acecb7b0b72,0.9589865235589246,0.009604379062688104,0.00686267767399691,0.024546419704390414,0,0
2ae591e11315,0.6485036686048764,0.18736038332410165,0.15149876216450148,0.01263718590652034,0,0
2afe9fa4b788,0.7764919986625456,0.11682723144466342,0.07395752785662187,0.03272324203616908,1,4
2b074ba8887f,0.026736174503735794,0.8574353929645869,0.10508398262710046,0.010744449904576816,0,0
2b2548a40da2,0.042230027459643306,0.8401386322518096,0.10664166353898902,0.010989676749558095,2,1
2b26cc349c14,0.6787503448995441,0.08052432410588009,0.21454746196226585,0.026177869032309866,2,1
2b2ab9538843,0.04943555591690152,0.7939916663232408,0.1490718980645268,0.007500879695330873,1,1
2b2e8f74947b,0.6142070864412333,0.21324749733926093,0.16860107493065096,0.003944341288854803,0,0
2b2fb5f5273c,0.8155735951658245,0.09058514796059657,0.08786753872185385,0.005973718151725074,0,3
2b4a46eb9079,0.039807702216071994,0.8296920144934301,0.12042940992923046,0.01007087336126738,1,3
2b6132fe557c,0.26593199101349824,0.3713366426414034,0.3329198268146192,0.029811539530479204,1,4
2b70f1b3b474,0.004033992017642071,0.9398842251983516,0.04999228382652683,0.006089498957479615,1,0
2b74c9c8b9fb,0.9462583830166247,0.02143239862550372,0.01960990531960303,0.012699313038268488,0,2
2b7dbc950356,0.9002869091205292,0.041997605807407135,0.05434186169056831,0.0033736233814953627,0,2
2b7fc6e4fd1d,0.6097727796772088,0.2081278815793325,0.1381005494772477,0.04399878926621095,1,0
2b8680eba187,0.037962986282202175,0.9205682735327176,0.024888064955373247,0.01658067522970684,1,3
2b9150b35d3a,0.046615151346600575,0.8711900816032002,0.04068295026456297,0.04151181678563634,1,4
2b9eb0cb1e87,0.026490288028045348,0.5834619560265567,0.36877967748927243,0.02126807845612546,1,0
2ba80f7a6982,0.8595075175031208,0.09607134936586953,0.020438322323765266,0.023982810807244542,0,4
2bd907ae6451,0.17735621464481233,0.3759823972257455,0.4228183321354683,0.023843055993973853,1,2
2be25a892bbb,0.4850311264627828,0.11437728068955534,0.3801254323738108,0.02046616047385098,2,4
2be9fed93af5,0.03530878609193059,0.8756218400760019,0.06754097543385941,0.021528398398208075,1,4
2bfe8dcbdbf4,0.33061127560889253,0.24371711461853943,0.38706385043785974,0.03860775933470821,3,4
2c082a595014,0.04338589338231479,0.45025834931739916,0.4643566734716784,0.04199908382860768,0,0
2c09d33b5038,0.10234942981291224,0.6738294044688118,0.15431365910552572,0.06950750661275021,1,0
2c1e782a68d9,0.22176055932267208,0.4128568775196908,0.25160634994377795,0.11377621321385911,1,0
2c39d421bc0a,0.3230422901862192,0.27970937895432707,0.2617828246568255,0.1354655062026281,2,0
2c45ab64718f,0.017401034306517963,0.8846293440608657,0.0852455517699465,0.01272406986266971,1,4
2c5b54bddd52,0.11686020575043607,0.1601375767642968,0.4057742837272465,0.31722793375802066,3,0
2c78ef584129,0.08678258585592138,0.5463528801277456,0.24235116394634965,0.12451337006998328,3,2
2c7d0327a977,0.06815424554753959,0.8148665044712153,0.046490022650379985,0.07048922733086523,1,3
2c84e6b44349,0.3685086557188209,0.48392043836303167,0.13762220272717804,0.009948703190969268,1,4
2c94d957e11e,0.14500098464499167,0.5418721857035317,0.286116091598817,0.027010738052659772,3,0
2ca53fb28d25,0.9120456885982733,0.035136830872281775,0.05080502485293251,0.0020124556765125905,0,4
2ca72ba9a015,0.016327328973936902,0.8861371568332732,0.08436440329609877,0.013171110896691032,2,0
2cd2a236d885,0.2676736998638935,0.22396019473401943,0.505809312582884,0.0025567928192031333,0,1
2cd813a52fb6,0.05130179393496028,0.88643313636088,0.05645655443507445,0.0058085152690854685,1,1
2cda294cfd79,0.8907844073149335,0.04704810056255486,0.048987609964528556,0.013179882157983231,0,4
2cf18332758d,0.003611916003017219,0.9781317396677377,0.01757272158595862,0.0006836227432863434,1,3
2cf2b94084ff,0.019974125051304917,0.86128457570995,0.11417707004492582,0.004564229193819423,1,2
2d0150e971af,0.9331386790640871,0.020773418276472385,0.033281068368498375,0.012806834290942107,0,4
2d0316dc8a88,0.2220429243933975,0.17837791287462937,0.5770178747779313,0.022561287954041807,2,2
2d0a69701602,0.34898475781154753,0.35619381910312864,0.2754576280591777,0.019363795026146113,1,3
2d14bd39454e,0.91190443686564,0.018868732760863156,0.031057324285605575,0.03816950608789112,3,4
2d425408deca,0.1979825732604933,0.7730688319645423,0.026894739148013325,0.0020538556269509515,1,3
2d4e08bd3523,0.9379402936177879,0.05125231143689475,0.009436194818483892,0.0013712001268335093,0,4
2d51cfed3fed,0.7766078930711218,0.10992769052883725,0.10432145175966316,0.009142964640377733,1,4
2d5c41d6e69b,0.08205077949684836,0.8248762601151732,0.06991274210797678,0.023160218280001636,1,3
2d5ede149efa,0.1792337610751531,0.30151159100242514,0.4613556855313253,0.057898962391096515,2,2
2d5ef00a9d18,0.7176060193405694,0.1360565482359844,0.10114526942749755,0.04519216299594856,0,3
2d7154c413fa,0.5934718321327945,0.3462059912986075,0.050891820633834906,0.00943035593476294,1,3
2d794121b64b,0.10754870588881314,0.7705950233654664,0.07343239300799977,0.04842387773772059,1,4
2d7e68ba5e8b,0.040421333696956704,0.7507022321107002,0.18952897894971685,0.019347455242626387,1,2
2da89579be93,0.17446665886695814,0.31669245322139383,0.4789062936782821,0.029934594233365985,0,3
2dacdf109030,0.10044235951561609,0.6739577121603133,0.19260583167822357,0.032994096645847036,1,0
2dc2ece5a7b6,0.6406419159323559,0.1066066029882049,0.14253776806611645,0.1102137130133228,0,0
2dd2e2a2c848,0.9484674536708275,0.018246933827455406,0.031872405496913565,0.0014132070048034813,0,3
2dfe7f1a0fb7,0.028249296321963973,0.9059995482171449,0.06268111734006454,0.0030700381208265018,1,4
2e04415f03e4,0.9156851228275628,0.03365384209854128,0.04647772039432342,0.004183314679572554,3,2
2e2d6ef7ecbd,0.4383332303446618,0.38543829369165317,0.09844561746257045,0.07778285850111448,1,4
2e34bd2e9262,0.1820056792967445,0.37339878753192096,0.36431463404283554,0.08028089912849903,0,4
2e44e9056939,0.18720513685183768,0.5205729129866286,0.26199624653348413,0.030225703628049688,2,3
2e47497e7ad0,0.9622814258040157,0.024431849746009596,0.01290898680644216,0.000377737643532514,0,4
2e490d6ef2e1,0.20609250223568737,0.692146026155298,0.07574265633193633,0.02601881527707814,1,4
2e52e7ea9fa1,0.2641409926427875,0.59980526774871,0.12557585473664318,0.010477884871859258,1,3
2e58096bdbd9,0.7238349968829334,0.13201851992069955,0.12269259722145641,0.021453885974910384,0,1
2e6158c0eb68,0.10742456415387186,0.8585474698789013,0.031742055991253744,0.002285909975972998,1,1
2e6176e3daea,0.13993105309713894,0.7912069111192397,0.0630730204097865,0.005789015373834861,1,1
2e8e6d58eccd,0.01794464505072845,0.9060147696492155,0.060738667002726586,0.015301918297329494,1,1
2e977a960427,0.3216813834065953,0.5234966996526631,0.05740164588696225,0.0974202710537795,3,4
2ea5d1b25a2d,0.8660421438096996,0.048543607164506224,0.08325093741791117,0.00216331160788311,2,4
2ea7b438ec6e,0.9287923794989582,0.029373427880026438,0.03711241888784719,0.0047217737331683,0,3
2ed4ce2d96bb,0.009594220706287768,0.9412629984504268,0.04664806293962324,0.00249471790366213,1,2
2ed67f90c729,0.4888738095606643,0.1342790880195713,0.36695306471648864,0.00989403770327564,3,3
2edb1488b0b2,0.03912208358958429,0.565477945741865,0.3799868928438621,0.015413077824688589,2,4
2ef14d372428,0.024444360916489844,0.9165353620488184,0.055535501660261305,0.003484775374430505,2,4
2ef198e99a5d,0.5469050136043919,0.2691658796561187,0.18070963677960633,0.003219469959883056,0,4
2ef447a9a325,0.06878078446577093,0.46728656255802725,0.45948307320247544,0.004449579773726352,1,1
2ef5eac2100d,0.8214316958687751,0.11275708153234157,0.06036454935932323,0.0054466732395601234,2,0
2ef93adeace6,0.8575136278413951,0.08264115583138863,0.055685349602515005,0.004159866724701247,0,1
2f21ed3dc84f,0.20167990286771423,0.351994644056498,0.433748097940019,0.012577355135768771,1,0
2f3b1d05c8c2,0.03857861776403869,0.4784414352200201,0.367251079632069,0.11572886738387225,1,1
2f5749d77a09,0.3422862055167301,0.5071357225075486,0.12462669431209782,0.025951377663623466,1,4
2f5d56af2a65,0.8140731548475276,0.08306663320833138,0.10094280744049672,0.0019174045036441452,2,1
2f606487f89b,0.2478466637524648,0.48651321691590466,0.22175726138167315,0.04388285794995735,1,2
2f6f6db14684,0.6183090591907442,0.19132646303592238,0.18100747625917232,0.009357001514161098,1,4
2f771861f952,0.023550240552484752,0.9443603427477568,0.03131424031820612,0.0007751763815523682,1,1
2f9310ed2cb2,0.025484326115056133,0.8003474903912493,0.061405566116445515,0.11276261737724913,2,1
2f969d2bbb31,0.008077722336741857,0.9594115302747318,0.031070879958043484,0.0014398674304827994,1,4
2f9813ec9d81,0.034978173483105834,0.8906095960064164,0.06706412356525498,0.007348106945222632,2,1
2fac6ca52178,0.40318767485963386,0.35577327303060874,0.18890925758737726,0.052129794522380236,0,0
2faea6510f1e,0.09267477831887656,0.693995121456304,0.19178960744657486,0.021540492778244304,1,3
2fcf66c1d5e1,0.052901490665264395,0.8423278735334206,0.08700695250942839,0.017763683291886587,2,3
2fe13c059026,0.014917543137929855,0.9543572475438438,0.01751583938402226,0.01320936993420417,1,1
2ffd353f8ba4,0.3029128757054508,0.6090740418482725,0.08624432521605024,0.0017687572302265218,1,1
3004fe97a3ca,0.9029657004558889,0.025523287965453133,0.06703146040636633,0.0044795511722916905,2,1
3011ca5b6f43,0.11578774900829512,0.7106869957067431,0.15341566171193896,0.020109593573022784,2,1
30177765470f,0.02773768261962286,0.8602288345628447,0.07727077654532997,0.03476270627220248,1,2
301e45e1e65f,0.0660404313084439,0.7388455086603753,0.18006088540019774,0.015053174630983069,3,0
301eeda8a014,0.14060654275472334,0.7527479392708569,0.0669002171868589,0.039745300787560764,1,4
3022c6eb64bc,0.03880745902425416,0.9281755181327228,0.023348840955325162,0.009668181887698062,0,3
3033f19402f6,0.024919296112196402,0.8125528550469114,0.13643594565906067,0.026091903181831563,1,1
304cbc1f068d,0.512039518988753,0.3770735509803287,0.09924557638268403,0.011641353648234383,1,2
304f8125817a,0.11184628899438105,0.6630115611929888,0.21468102070082096,0.010461129111809277,1,2
3054a85afa87,0.2789308484951942,0.5721062597096227,0.12081187597983921,0.028151015815343898,1,4
3079db177db4,0.030421991943515626,0.8463374310934849,0.11115675589032227,0.01208382107267721,1,1
308464f7fda3,0.10046107346170431,0.3925148478226514,0.4910639111784501,0.015960167537194158,1,0
3084edc5e8cd,0.1754828233669438,0.3721504385170917,0.381916868140312,0.07044986997565249,1,2
30aa2c27d732,0.12285509432281155,0.8334854650755801,0.017043972049580566,0.02661546855202769,1,2
30c274c783a2,0.09627779821077764,0.42025331396367255,0.1376488723807866,0.3458200154447633,1,0
30c9e5013527,0.33029009922898395,0.5218162995015279,0.11644748907845494,0.03144611219103325,1,1
30def70773d8,0.019400303723826555,0.9331225964468449,0.04463965693729375,0.0028374428920347108,1,0
30e45593ba08,0.4258934480758083,0.45960987121975566,0.0962817733979169,0.018214907306519118,1,1
30f89ad8f0d8,0.43725229331892296,0.22424726279752788,0.22543479472236289,0.11306564916118633,1,4
312b098c64a2,0.10119918989968789,0.42202200966102327,0.3532575924024791,0.12352120803680976,1,0
3130e60ab20d,0.5290605802029458,0.06211240910497799,0.2121438989849736,0.19668311170710254,1,1
3143117893c0,0.5373930581585951,0.1397907967454469,0.25285472210490617,0.06996142299105189,0,0
314432832e5d,0.2259061049855719,0.35535920294898987,0.3728859353998044,0.04584875666563397,0,2
315654b04e6d,0.03422825721546244,0.83799496173314,0.12369967853943295,0.004077102511964696,2,0
31585f62e64b,0.025147054863012715,0.9026251492266547,0.05933626199950596,0.012891533910826663,1,0
31662d55ca54,0.8811031927267222,0.021974399452690342,0.07485700831705601,0.02206539950353152,0,1
316a5c0840f2,0.44766519897097734,0.39870470491023363,0.14305248293056913,0.010577613188220009,2,0
3171080f7d14,0.06344330145984955,0.8671796935125959,0.06166818168816355,0.0077088233393908644,2,1
3174008702cc,0.9302853034365991,0.04602149282735482,0.02096541332796168,0.0027277904080842443,2,1
318ccb5d4c6d,0.0142256820419904,0.9048522016298507,0.07839224758595031,0.0025298687422084655,2,0
3190721e0a77,0.02658806892925237,0.9225963505773199,0.034821623467443,0.015993957025984756,0,4
3193e2366c40,0.8737652585325307,0.05751965703572739,0.06700928507568832,0.001705799356053663,0,2
31b0af5bc54d,0.9379844200611324,0.032850024771969036,0.026125189736082657,0.003040365430815715,0,3
31b12697883a,0.17456332580311648,0.5148962769471613,0.2855825077963598,0.024957889453362334,1,4
31b95e5b35a7,0.260931201071199,0.38893992991488874,0.2967855260410101,0.05334334297290202,1,3
31c8e40bf4bb,0.6788873046579564,0.21637341702589544,0.040000433271039505,0.06473884504510857,0,3
31cb04f8bc04,0.16120730304865033,0.16026014959975235,0.6540905622355658,0.024441985116031503,0,0
31d2ad10ba47,0.03551136525027421,0.8849413749235092,0.07658538332268156,0.002961876503535038,1,2
3217a8869694,0.21782054541277956,0.4023098606585057,0.3693737361598644,0.010495857768850396,1,0
3218844882c3,0.7372059590065776,0.18303114157820585,0.06882468654529382,0.010938212869922794,0,2
32218484a1a6,0.10493744602316167,0.5590667745315456,0.2989910943259932,0.03700468511929955,1,0
32240b045a58,0.18833679030002967,0.5214486610399794,0.1653765749068471,0.1248379737531437,1,0
3234ad871f06,0.5615448007263327,0.2388915930186921,0.14278306835704077,0.05678053789793451,1,4
325163dca428,0.05266247807422157,0.826323384813846,0.1066807244487228,0.014333412663209586,1,4
325c6a75b0a5,0.29966072875899485,0.46295731036850485,0.06816337091948496,0.16921858995301522,2,3
3271d3fa61e6,0.7322671265381127,0.16470431971445734,0.07906273232542864,0.023965821422001557,1,4
328c8b6431a3,0.014545416006411148,0.6396263262575148,0.33943878159089624,0.006389476145177755,1,2
328da94078ec,0.2945195129754153,0.3155501642706063,0.3636406260717337,0.026289696682244807,3,0
32a71d3ee25d,0.24238048827296269,0.46296426623780956,0.2837896320998165,0.010865613389411277,1,3
32bf7e54a7ee,0.07600621023214767,0.7272427225121527,0.14935937855280138,0.04739168870289822,1,3
32d20157a012,0.07849729240922546,0.6992380582318117,0.1672082148937738,0.05505643446518902,2,4
3309d981e5fe,0.3114098121415145,0.6180282926724363,0.05114551104456191,0.0194163841414874,1,1
3312377895b6,0.041528057333399725,0.6300448391162148,0.15547728152276755,0.1729498220276179,1,1
33198ca96dce,0.2752829993097841,0.21714174674937603,0.30670824552918985,0.20086700841164992,2,3
33354bc058ae,0.03334046571804923,0.8853545648826127,0.06726803123419159,0.014036938165146675,1,4
3340562b3fce,0.13873182807590942,0.784556009556831,0.056153547832151283,0.02055861453510821,1,2
334ac465b405,0.08258896502157545,0.5196214652461714,0.37921143200763624,0.01857813772461699,1,1
336e2335b62c,0.8395063604911374,0.06383117487106083,0.07766686192161062,0.018995602716191294,0,0
336f9f6681a0,0.1543598116401473,0.7223754361825717,0.12000478960235686,0.003259962574924013,2,3
33711998b257,0.02815139802921828,0.7183044215471406,0.22142859036836832,0.03211559005527263,1,4
33745ae11797,0.19113967577481333,0.7617279716594783,0.04140674702788122,0.005725605537827102,1,4
337a7a92aa4a,0.30987039674025774,0.45237547084418833,0.055193203181800154,0.18256092923375383,0,2
337e3525ca2c,0.0962374055879309,0.6954178223801394,0.17121368594674136,0.03713108608518831,1,4
33a89772f781,0.015216746325437774,0.9033509936782523,0.07728543424461634,0.004146825751693817,1,1
33b6e91fe73a,0.25470954551387104,0.37850109674513654,0.18822284769324232,0.17856651004775007,1,3
33fca09f2e00,0.34523989577853487,0.5408833512049539,0.08667035250777512,0.027206400508736104,1,0
340106349073,0.5162138935852278,0.2561877226414469,0.19889409162124952,0.028704292152075657,3,0
341323496486,0.8285689967281682,0.043302468039779086,0.11276980105086674,0.015358734181186036,0,3
341a8f794069,0.15066427696294385,0.455714160606722,0.3671811742072516,0.026440388223082572,1,1
34366c4dcaa6,0.44160697362429074,0.4918110886829091,0.06445957677702067,0.0021223609157795197,0,4
34483c9319e9,0.21420812525268476,0.5907727763213951,0.15053051993161484,0.04448857849430521,1,3
345d0da3ba63,0.06764138545986535,0.7135960945438322,0.2109645728257295,0.007797947170572996,1,1
345f41e15373,0.14258225936820693,0.3496990425663097,0.5027878236387031,0.004930874426780237,0,2
345f8129863d,0.4053121788615009,0.35999407213824497,0.1846653413395034,0.05002840766075075,1,2
346c65dba4d5,0.10170439990845463,0.5133208263080095,0.3612875682634295,0.023687205520106457,1,4
347c521c9d97,0.01831952640026016,0.9105955957959878,0.05495516906454927,0.016129708739202785,1,2
347f9ca3f295,0.3232504925507833,0.19544296101889808,0.45154999312729316,0.02975655330302544,1,1
348bf841d923,0.45075868336872593,0.19194736656696043,0.2913139436881541,0.06598000637615956,1,0
34b3c1b15cde,0.09169237953573824,0.4214144249356764,0.4823933134601136,0.004499882068471889,1,3
34cff27c2a43,0.019327285698157944,0.9175351922224784,0.0452623192571563,0.017875202822207597,1,4
34d360dd549f,0.4318121124104345,0.09270607297364335,0.4644899860442323,0.010991828571689765,0,2
34d7f214a7e5,0.9181627889546301,0.04865800536844009,0.02128360885840906,0.011895596818520598,0,4
34d9932348fd,0.918439662123438,0.04019812948416305,0.03878146599592116,0.0025807423964777196,0,1
34e76fd17a93,0.7639792596532959,0.1403322703230583,0.08488077355326674,0.010807696470378948,0,4
34f012146c73,0.46346527090915796,0.28042554223913274,0.20242463072365757,0.05368455612805164,0,0
35035b97e536,0.038297481303159776,0.3066285098369782,0.17817481495323176,0.47689919390663027,1,2
351c9f9580db,0.27094631916544404,0.6109360029633621,0.07424392664264448,0.04387375122854941,1,2
352cd75fce3a,0.014919202200561421,0.8983803035803853,0.07824924565585556,0.0084512485631977,1,4
3532ab7e51f2,0.6990707864150476,0.23215086102318414,0.060950411943252736,0.007827940618515628,0,3
353e8d1d3147,0.0900603548034351,0.7095570268599386,0.17580205543105681,0.024580562905569404,1,4
354ac6bf2105,0.03258397771355239,0.7782893189422697,0.1725553880079496,0.01657131533622851,2,0
354d310f53ef,0.10207742604411203,0.7070658995531053,0.1580154639140003,0.03284121048878229,0,0
354e69d0e3e4,0.7655338609758413,0.15842046105542035,0.06215122725020393,0.013894450718534412,0,2
35521a34aebc,0.12794014907939466,0.23174141000697324,0.4856938729901508,0.15462456792348128,1,4
35547e12df7f,0.8192671354693761,0.10462686895653284,0.06015384421236667,0.015952151361724076,2,1
3572cab7a345,0.05105254860736372,0.4209088966114011,0.47097607420013915,0.05706248058109607,1,4
357734e7588b,0.041195649841098254,0.6402355811033688,0.2616403562745165,0.056928412781016444,0,1
358e736e289e,0.7517067566650267,0.10815977826773752,0.1354177146895991,0.004715750377636684,2,4
35aff487b8ce,0.861193179894859,0.08275671342218682,0.04303505945460037,0.01301504722835379,0,0
35e22da3e615,0.759085431600555,0.18026401446197518,0.03300105474507962,0.027649499192390323,0,3
35eb68ca9b50,0.3111363985133838,0.31461465850221765,0.3694797108181037,0.004769232166294866,1,1
35f1420690fb,0.4128151723036816,0.4722744857846652,0.10925257754967406,0.00565776436197899,1,3
35f759f8d1b8,0.7398009466248564,0.14455237062977638,0.10828556029989497,0.007361122445472248,0,1
35fece530971,0.2755365713863691,0.3360694576809551,0.36752431767965,0.02086965325302571,2,2
3605ff235600,0.09623689765092297,0.835521023344446,0.06772659455236865,0.0005154844522622272,1,0
360a419fd953,0.8003869747649015,0.10340135205170595,0.08446549836498012,0.011746174818412428,0,3
360c787839e7,0.18520234401402577,0.5217266625995998,0.26533181151404,0.02773918187233451,1,1
3617282997a6,0.061019605497861784,0.33225698844766866,0.5781093891206229,0.02861401693384655,1,1
361e431e4401,0.08338191106062212,0.7583075096688637,0.14019882680632959,0.018111752464184536,0,1
362a970635e4,0.4004002989545258,0.402918212788603,0.19174744961634313,0.004934038640528275,1,3
363454850843,0.1559575717052639,0.4808751013190944,0.3591997386867723,0.0039675882888695,0,0
3638f959c7a3,0.5124977928564062,0.1485307366834247,0.3351594331151322,0.0038120373450369143,1,3
363eb5029f21,0.05312426272447527,0.8333850909059931,0.06467616165439838,0.0488144847151332,1,0
364f5d65a02e,0.12831024506032085,0.7227939171518822,0.04823249110224837,0.10066334668554855,1,3
36582a5faf1a,0.1788062199789282,0.4886161044954494,0.226157858259918,0.10641981726570438,0,4
366c5acac35b,0.13511129930560065,0.6026425444458337,0.2385494784807011,0.02369667776786473,1,0
366fc85a2ac8,0.1077478733692089,0.8461859290149265,0.03856454456714056,0.007501653048724032,0,2
36746fa2ffc4,0.023461116696095043,0.9279434029222671,0.04109116070311122,0.00750431967852671,1,0
3694e0a1d9aa,0.1909239746047015,0.5842392984929429,0.18353192648430533,0.04130480041805018,1,0
36a0d836672c,0.5740539380162266,0.30612200026253955,0.1032980982397275,0.01652596348150638,0,3
36aafc1b1c20,0.38711217403212594,0.2959871488680744,0.29454855848232225,0.022352118617477344,2,1
36b8b0686937,0.5699034941120295,0.3237931616325308,0.10456227119669036,0.0017410730587494613,1,3
36badedeccd9,0.22336104496954673,0.6951415369024811,0.05516506865776703,0.026332349470205043,1,2
36bb4db0e4cf,0.1402031008894462,0.790743134504378,0.03742552241985693,0.03162824218631883,1,2
36cbfe6f866c,0.2811838644995598,0.5820633411635509,0.09933915859446014,0.037413635742429174,1,1
36d6d8418099,0.9364581820958489,0.02101792801297269,0.029457101816455628,0.0130667880747226,0,4
3708f056c708,0.008200412874802979,0.9631691313642543,0.027905318205557236,0.0007251375553855584,2,0
371638df8cd9,0.4415235677088837,0.2511869971998852,0.2997191102188052,0.007570324872425882,0,2
372796623006,0.8682793686109812,0.06244758768594328,0.057539193664362755,0.011733850038712837,0,1
3729a3c2fafa,0.2173561838619116,0.66022125379569,0.06812560954297922,0.05429695279941905,3,2
372b63702c46,0.1921877556369451,0.3651258015202733,0.2857307679297376,0.156955674913044,2,3
3741bdbdbd77,0.7935561119487204,0.10520696664974882,0.0975302591704624,0.0037066622310683757,1,0
3757a5a70aa8,0.3580793983862619,0.5229456424532891,0.11569771922467176,0.0032772399357770903,0,3
375cac343d45,0.07495674300474928,0.5494640701611148,0.35164376203683323,0.023935424797302717,2,3
376a75f57405,0.12817099815366714,0.6064458911030641,0.2429794440178364,0.022403666725432463,2,2
376f075346cd,0.011792290405747993,0.9685531955571095,0.012203495249246004,0.007451018787896635,1,3
378cee3c149f,0.17890208188609413,0.49804772702595174,0.2161725288547715,0.1068776622331826,2,2
3795c5ddd545,0.817678633730449,0.1054475146291548,0.07058102223893811,0.006292829401458215,0,1
379799f990df,0.1695191069630112,0.7447318566530873,0.06514428798537775,0.02060474839852394,1,0
379b92fd1ab1,0.5074135813140138,0.37891891308807835,0.10031423475705786,0.013353270840849899,0,0
37b284b23465,0.0316190330089395,0.9268639404270085,0.036592688245586584,0.004924338318465458,1,3
37befe3703ab,0.6031662068985197,0.172504794846155,0.060668945398770345,0.163660052856555,3,3
37bfb5f1f1db,0.816944483640332,0.03596011664078061,0.14395771823301454,0.0031376814858729038,0,4
37caabf49a4e,0.19664415335672036,0.6294947047561849,0.1711501480818848,0.0027109938052098754,1,4
37cbbdceaef0,0.03519032065566649,0.8834836564259883,0.059753061143235815,0.021572961775109534,1,3
37cfe520e66d,0.15245973294292822,0.4164744013698747,0.40793844504784194,0.023127420639355138,0,2
37e18d937dcd,0.5815310485442103,0.3485548570555196,0.05663914076468854,0.01327495363558141,0,2
37e3551e2f47,0.30852423909762194,0.4929110326100971,0.15514170486216586,0.043423023430115,1,4
37e503d42cdc,0.03588821060087661,0.6334343090490406,0.317250292092406,0.01342718825767657,3,0
37f2b094c247,0.5123929330359784,0.1586678860506521,0.3180434735867736,0.010895707326595873,3,1
37f638aff743,0.28679453305420194,0.3864665826334803,0.2582267171833531,0.0685121671289647,3,2
37fda69f3467,0.18502262465102742,0.4240378407661951,0.3620839408671432,0.028855593715634367,2,0
37ffdf650199,0.40254476167600783,0.2587674426946181,0.3160199183109673,0.022667877318406887,1,1
38016f8471b2,0.24662280670398853,0.6799526456650218,0.04361144129108647,0.029813106339903406,0,0
38111e7353fb,0.013448061361135567,0.844746428918236,0.1249513878951683,0.01685412182546007,1,4
381951fcbfd0,0.13103875168524703,0.4215368222734507,0.4320532526487645,0.015371173392537789,2,1
3823cf1c6958,0.2246334540245301,0.6744812916695881,0.07418144939907077,0.026703804906811072,0,4
38322a96d92a,0.34638682336969406,0.4301249152295433,0.12174663214183684,0.10174162925892569,3,2
383b6e0770bd,0.610815513283928,0.10544024986425372,0.277203210793893,0.0065410260579252975,1,2
384d1d316992,0.06833420811865072,0.5610754893970528,0.3438365396545909,0.026753762829705593,0,0
384d84fbb4fe,0.07493968025586628,0.6824291546506762,0.2289662027991477,0.013664962294309689,1,0
386026264f01,0.022425752984816485,0.9049597432927239,0.02421160646865165,0.04840289725380793,1,2
386520e49eda,0.7684672561892809,0.09917123094599582,0.10276910837946132,0.029592404485261938,0,2
3865c0d08f85,0.22367864537458762,0.5926823958848095,0.14414412467100915,0.039494834069593567,1,0
38682a78a52d,0.7732809233989283,0.14905809907887302,0.06346877437166058,0.014192203150538157,0,2
386aa41785fa,0.9102754085262348,0.03461684963117215,0.051444634776351646,0.0036631070662412574,1,4
38705dba1a96,0.10053977701992603,0.7982306904652268,0.08204924423804699,0.019180288276800298,1,1
387733d739e5,0.043649306274427695,0.866846461695066,0.07888709907151192,0.010617132958994609,1,4
387984f51e7e,0.882601646317116,0.021766767230591625,0.09028185466495571,0.0053497317873368,0,0
3882700d8f0e,0.49317735605277874,0.4052699819053226,0.07823203325436813,0.023320628787530676,1,2
38a1f0560e2f,0.1032027564143461,0.7052679810188391,0.16465116750707257,0.026878095059742136,3,1
38cce8d6f373,0.03062303189327062,0.8079623190564589,0.11403248204961564,0.04738216700065476,3,4
38d0b07a2c7d,0.378666206429777,0.3793414810695402,0.2197303526403471,0.022261959860335773,2,1
38dbce9f5da1,0.10009747392059472,0.6584858526477189,0.23710053168276798,0.004316141748918442,1,0
38ea4356df7a,0.2501945638308061,0.5278393658382785,0.20979850721801022,0.012167563112905172,1,2
38f2e947567f,0.633771280964117,0.22193037875065302,0.13216230949667054,0.012136030788559505,1,0
3913b40864b0,0.09352918559786318,0.8302181242950888,0.06961220361348312,0.0066404864935648645,1,4
39164e43c8bf,0.3559877475305589,0.37886695345200205,0.22603201088014807,0.03911328813729097,0,4
3920dc377214,0.9080171285966082,0.03588633474286453,0.05312584898504586,0.0029706876754812973,3,4
3927f0e451cc,0.0651725279329592,0.7766229836939795,0.1349267302091411,0.023277758163920238,1,4
392a1b9dfb46,0.011011265845791126,0.8839023861631017,0.07090226725224691,0.03418408073886051,1,0
394a6b02efc9,0.027242955898726277,0.8422399444212534,0.10717507942271297,0.02334202025730749,1,3
394d1fbb6cc0,0.043500989597243495,0.5822174393203725,0.33017190290327486,0.044109668179108934,1,3
3965470a0126,0.0905633878000546,0.7343475421806274,0.1651887279076726,0.009900342111645465,1,3
3972d79dd977,0.12472804122738353,0.6337397973425984,0.15441398409579424,0.08711817733422371,2,4
3976f3f36b35,0.8186403179589965,0.12918495521017442,0.035788957858154676,0.016385768972674287,1,3
397ae205b6db,0.9073659784586354,0.05576925178732358,0.03509438018349268,0.0017703895705484072,0,0
397ae5aecf2a,0.2852155919054845,0.6057474678961929,0.08375471091010017,0.02528222928822241,0,4
3993e1dd3d8a,0.22905636223069986,0.43333147232744323,0.3156348565237767,0.021977308918080116,3,4
3995fbf3b106,0.15367786675410233,0.3673647544290447,0.4249214128878614,0.054035965928991674,2,3
399b7608576d,0.06811894539972232,0.7970151786002586,0.10937637457633997,0.02548950142367909,2,4
39a56d7788fc,0.40210375774016277,0.3424537589539948,0.13950926945080686,0.11593321385503567,0,4
39a6ef0d976a,0.11785222443301327,0.8063962109251799,0.06956748198460855,0.006184082657198463,1,1
39a80a14bfda,0.2848694511376991,0.37550340461094,0.33453728316549114,0.0050898610858697915,3,0
39a99407a17a,0.08924904836926882,0.7507638452462836,0.1463786228201343,0.013608483564313299,2,1
39ac58218ee3,0.9397081761108798,0.032608743341818056,0.02277903966915749,0.004904040878144933,0,3
39b9303331d6,0.07386198247583241,0.898977329453487,0.02181790654011347,0.005342781530567159,1,0
39ca2531a729,0.012651510927399164,0.8927767524677818,0.06287813495331385,0.03169360165150524,1,0
39cfc88f6f20,0.1898245417603018,0.67483827178805,0.12381154067486662,0.0115256457767815,0,1
39d1962d37d1,0.022610190740811092,0.8541995203547866,0.11832783690035331,0.004862452004049061,1,0
3a01c7f8d00e,0.400828856777427,0.3425955959631011,0.1533175352073392,0.10325801205213275,2,3
3a0391a11c60,0.023121327723871828,0.9081599698546071,0.021656070780679614,0.047062631640841485,1,2
3a07d9311567,0.40662213141079145,0.39298860105910033,0.19336075062637198,0.007028516903736242,0,4
3a0ce16d6362,0.6326702522472274,0.28324948678933953,0.06076208140647989,0.02331817955695312,0,2
3a1aad9fe90f,0.1566467547034332,0.6090273164113916,0.22924737084648544,0.005078558038689713,2,1
3a2ab0d08864,0.1227007403468722,0.794210480441481,0.07612457457651171,0.006964204635135087,3,3
3a3975e0fae6,0.39530890770875665,0.4826310921752622,0.09108575500103268,0.03097424511494848,2,3
3a3c198051f0,0.16702322904308084,0.5301594691490291,0.29111742771341376,0.011699874094476233,2,3
3a54ca31df78,0.1492923692153804,0.7526971063657619,0.04585417237998818,0.052156352038869425,1,1
3a65207debb0,0.952371625895178,0.018431885971053948,0.025958631912440144,0.003237856221327952,2,4
3a6c6141fdb3,0.5718633080745975,0.15574598782571786,0.18481019339897037,0.0875805107007142,0,1
3a7061149c0a,0.37330251006755194,0.5280198209467185,0.05540968611593621,0.043267982869793345,3,2
3a7cad485369,0.10202642466108074,0.22852520972095847,0.6351604337393296,0.03428793187863114,3,0
3a92284ff753,0.7731183355108676,0.18004708647251538,0.03416743292185618,0.012667145094760903,0,0
3a985664cd4e,0.07534970105758335,0.1673310137612869,0.7031321227970848,0.05418716238404501,1,4
3a9d3f1fdd81,0.08165494006715633,0.7335783902785271,0.14748760385705045,0.03727906579726617,3,2
3aa2fb153a2f,0.7063974946299869,0.16672787353550858,0.09328624697888964,0.03358838485561494,0,0
3acf095adbf4,0.6993490427662877,0.14788726051529,0.14955054280814598,0.0032131539102762405,0,2
3adf9086a151,0.8712262221088936,0.07205462711746298,0.0548089602757976,0.0019101904978458112,1,4
3ae836708e67,0.46675843512008863,0.41740231904218805,0.08364271882028287,0.032196527017440406,0,3
3b205aad9af7,0.08351921185250048,0.7188247300938962,0.15369150242782909,0.04396455562577422,1,2
3b317a8d01e7,0.30308802594889583,0.5295327142405796,0.14611027205987973,0.021268987750644803,2,1
3b3f6099e50f,0.10494257113317701,0.7648617683549835,0.12883755676241357,0.0013581037494257578,1,3
3b4ad94ce2ba,0.8400519117357803,0.04466292063825736,0.08706215403531431,0.02822301359064809,3,4
3b4cdf9a776a,0.013540623353419415,0.9465790748423089,0.034746403957590405,0.005133897846681117,1,3
3b4ee5bd11b3,0.1307868948631393,0.8022710521467803,0.06245917504784335,0.00448287794223698,0,1
3b5009bd67ab,0.5325622347593695,0.3615331893250028,0.0974906037819483,0.008413972133679365,2,2
3b5207b6f84d,0.08831978831986718,0.833476710294772,0.04800817261085868,0.030195328774502112,0,0
3b57d6722817,0.08507590341044388,0.8170928426576005,0.07395159882971322,0.023879655102242377,1,1
3b69158045ec,0.6528490444132415,0.15899478077028237,0.14485151788983952,0.043304656926636584,1,1
3b842e573d63,0.5254681211158777,0.10967564160972071,0.34396372650739043,0.020892510767011097,3,0
3ba744292b92,0.04146863256970912,0.8894840352405238,0.06152291704753749,0.00752441514222957,1,2
3bb35461687d,0.020850742934973243,0.9261405013394687,0.04534154442736208,0.007667211298195882,1,4
3bbcfe7bb63b,0.04802836538570334,0.3080290710453797,0.6297625687196305,0.014179994849286254,1,2
3bc25f4361e2,0.10093207224114302,0.7864639913515534,0.10342542473135224,0.009178511675951224,1,3
3bd90e114e5d,0.8466920821399053,0.07199289128264913,0.06897969446375062,0.01233533211369514,0,0
3bdf88144fa5,0.831381735302601,0.01782819600249064,0.14518782170512476,0.005602246989783653,0,4
3be9203f616c,0.16341413734565877,0.3834951842738446,0.38726277414193466,0.06582790423856191,3,3
3bf0ba9cac51,0.1570353573146793,0.7165110951614074,0.12244196952543689,0.004011577998476413,0,2
3bf5a489d804,0.059268718880211735,0.8173819928427843,0.11927538848388938,0.004073899793114618,1,2
3bfb13733ff0,0.039151248235826594,0.9283940857099491,0.025238170548491937,0.007216495505732314,2,1
3bff1d73230a,0.063765719026838,0.8889401315749678,0.03306090163172373,0.014233247766470605,2,2
3c13375ee625,0.0903539534426958,0.8578809804385779,0.03469160129939795,0.017073464819328324,0,1
3c13edac81eb,0.8460399902844291,0.11590794583962569,0.03001550461658783,0.008036559259357288,0,0
3c3399f2170d,0.008081369131276234,0.965039046981845,0.02514671603555268,0.0017328678513262024,1,1
3c4bae86dd43,0.05309069932910187,0.48728987707729926,0.42230982469815154,0.037309598895447306,1,2
3c66c7eef4db,0.03511208397930864,0.8748626430142031,0.06547444400740132,0.024550828999086935,1,0
3c7633f8a03d,0.15063919907463802,0.6262830707930512,0.13771564126151642,0.08536208887079436,1,4
3c87dfa890fa,0.2874075601867461,0.4085779951011571,0.18707720318792032,0.11693724152417642,2,2
3c88bd82fb37,0.10319768541364026,0.7282846906947903,0.15384701256974137,0.014670611321828104,2,3
3c93b438df5c,0.0859332303855711,0.5909536600780743,0.2034671401961323,0.11964596934022219,3,1
3c9540566f10,0.25552272565162926,0.5343118122146738,0.16874711210155974,0.041418350032137195,1,2
3c97acaaf4e5,0.3572174351039435,0.3519012593830434,0.22721278057055122,0.0636685249424618,0,3
3ca4e2ffedff,0.23496463510048213,0.5264625391133132,0.23310355446364348,0.00546927132256113,1,4
3ca7c79b3eac,0.4172482534734589,0.40593021111237476,0.14273208255239053,0.034089452861775754,1,2
3d0812e8b857,0.03925482179027756,0.8700054024651641,0.08524586769013963,0.005493908054418757,1,2
3d258ae21e22,0.23266773689355896,0.2962061954382294,0.43819752103695114,0.03292854663126036,0,0
3d33841de910,0.7834955371905206,0.17521300060339887,0.034855226824581975,0.006436235381498618,0,0
3d46777c79fa,0.17277423799341574,0.6290842591558553,0.16552097374512031,0.03262052910560853,1,1
3d4ceb0fe08e,0.05580335916502554,0.7094381902633289,0.08676828366728136,0.14799016690436406,2,2
3d5778dea835,0.2913759152928703,0.49596886357042597,0.20938556974730435,0.0032696513893991893,1,4
3d6155f6d4e6,0.8272681446955118,0.06855409919645393,0.09271070418365589,0.011467051924378264,0,0
3d6a6a938f4d,0.015354952441492242,0.9026478572248625,0.06057171842510126,0.02142547190854394,1,0
3d6e135dc416,0.4285904083429146,0.504189195362037,0.06064681328001368,0.006573583015034701,1,4
3d7a5814c41f,0.02555913417058236,0.9322091238361523,0.025247650779856298,0.016984091213409155,1,2
3d9b3b0801a9,0.2139107230127241,0.6369995680940036,0.11080705840216461,0.03828265049110771,2,1
3d9d054474b7,0.26086961746839166,0.3382192990099509,0.38313163477246087,0.01777944874919646,3,4
3da10090af63,0.43410080523944183,0.044150306831348754,0.30075473236050687,0.2209941555687025,2,4
3daae55407fc,0.9263493738014857,0.047649562176990526,0.012257767607054094,0.013743296414469646,1,4
3db73bde49a0,0.06665348086203388,0.5997367664514645,0.19238880280400752,0.14122094988249423,1,4
3dc69e5f2b15,0.01734157656875669,0.9495786301053832,0.029898845367719112,0.0031809479581410725,1,1
3de21b98d4b0,0.8670958256866994,0.0786524137470165,0.03214629691103476,0.022105463655249343,2,3
3de827a029ee,0.17214287097388786,0.714112091686721,0.07946836741629067,0.03427666992310065,1,3
3dedb0639734,0.5899049338891947,0.1820957646109428,0.10525881575530896,0.1227404857445536,1,2
3deec0a549d3,0.3764390975689448,0.35298491635047,0.26812130117366983,0.00245468490691539,1,2
3df22af63de9,0.7805079234444636,0.08776966983393998,0.08336269836327628,0.0483597083583201,0,3
3dfc66e41bd9,0.014499452331627095,0.9270983772420976,0.05537771532717965,0.0030244550990955027,1,2
3e0dde11b059,0.007624423982275517,0.8557595657267492,0.10013948131887963,0.03647652897209564,3,4
3e22009db59b,0.018253255464896128,0.949372475637771,0.02900806798306127,0.0033662009142715163,1,2
3e2d6faac5dd,0.31864005363439674,0.4993046428522631,0.1328881413067943,0.049167162206545864,0,2
3e314f95dc5f,0.038048078103411966,0.7445153134507331,0.2066000488816941,0.010836559564160906,1,3
3e3329765aaf,0.2176999494010389,0.16108615871172718,0.5823366602358894,0.03887723165134455,0,1
3e4037b0506d,0.9534050806109836,0.023563295754465863,0.02152441821564394,0.00150720541890667,2,0
3e51ede7ee7c,0.9271114068982084,0.05204697118841921,0.016013121317501003,0.004828500595871576,0,2
3e585150ed8c,0.08393520800982616,0.7728146190379336,0.13719982238586564,0.00605035056637467,1,1
3ed3d85a4caa,0.5199167733244089,0.3358869454710074,0.12746260812965401,0.01673367307492971,0,3
3ed6283fd966,0.04453004865253544,0.8461899323760385,0.0608071570882846,0.04847286188314153,0,1
3ee0ccf7f5a7,0.09759405699621929,0.49359703266103344,0.2222700640823749,0.18653884626037232,1,2
3ee6ceb2040b,0.11226495025703298,0.647348636100876,0.23205830708169786,0.008328106560393064,1,4
3f1e5e240522,0.5023376018108703,0.19027228658462436,0.2926250112470988,0.01476510035740666,0,0
3f2755948419,0.008999670397402197,0.9583928530007856,0.019461710436396818,0.013145766165415181,2,4
3f2ca41bae34,0.9355951686503337,0.02337752749938176,0.03940415809896622,0.0016231457513183327,0,2
3f457bc13b99,0.14422875152466139,0.7096175982883923,0.11824357206671617,0.027910078120230077,2,0
3f4c9c73330c,0.06446770775695256,0.6871110537489089,0.2019707806409397,0.046450457853198866,0,1
3f667806b517,0.11046108633615499,0.7400329323204238,0.13380931624377648,0.015696665099644673,1,4
3f82bb3ef348,0.362414581113901,0.3204328671552807,0.14381456242036816,0.17333798931045027,2,4
3f8ed621f16e,0.035848939961026186,0.7578933057317063,0.1850718495647319,0.02118590474253565,2,3
3f91d11cef59,0.2765429593838854,0.5141009990791808,0.2047662312866738,0.004589810250260082,1,2
3f984f0aa172,0.5130071088929237,0.3100063227314769,0.16048349028429068,0.016503078091308843,0,2
3f98f789e62a,0.5288919975487556,0.1638554367148298,0.1501462603775805,0.15710630535883408,2,3
3fa878dddd94,0.8375834187079547,0.09659850991652745,0.06204890702881483,0.003769164346702952,1,4
3fcc2be34719,0.16232081601167783,0.3466609367039241,0.42639083498176833,0.06462741230262971,0,0
3fd1aead516b,0.043169369563633944,0.8179102398795621,0.12777864887337154,0.011141741683432264,1,0
3fff6c83cd81,0.10675309050300712,0.7363994136142312,0.15006165569598182,0.006785840186779724,2,0
400f0c7e4de4,0.24639625501840368,0.462332201403148,0.20605135132487995,0.0852201922535683,3,0
402dfb591509,0.600289294997502,0.24808532760567673,0.09721930623856447,0.05440607115825671,0,1
403f9fb0ef31,0.19755773854051173,0.6978913373464561,0.10230638097799194,0.0022445431350402415,1,3
40618161dddc,0.05158704229248962,0.6620978387549873,0.2690984224699307,0.017216696482592348,1,1
4063853b3cab,0.01097307212369223,0.9767689023380028,0.011643941428320334,0.0006140841099848334,1,0
40689b3c62c2,0.12628321382045565,0.7190016967893602,0.12426867578054432,0.030446413609639914,1,3
40925ddc68c3,0.5369514090799232,0.20938330655844262,0.06700446470598567,0.1866608196556484,1,2
409d2496f978,0.10384727501251222,0.7389999554708286,0.131827140482024,0.02532562903463518,1,1
40b6a080d09a,0.029202433991365698,0.6667955846116438,0.17883221750023579,0.1251697638967546,1,0
40d4ba72961e,0.18874155098371867,0.5701431298333183,0.2131144677472472,0.028000851435715672,1,0
40d67faaee75,0.3200093308600713,0.4374287184322932,0.22747618443848905,0.015085766269146487,1,0
40d817276317,0.0957103503280205,0.5594891415885566,0.3259703608029448,0.01883014728047827,2,0
40faddf1bb05,0.21838853465662317,0.5990711855928783,0.15296076959764174,0.02957951015285667,1,0
410819eea797,0.17817018452909378,0.6300766188894237,0.15173960631155564,0.040013590269926874,1,3
411149653816,0.6462948146733609,0.17226047820749846,0.17145353292831048,0.009991174190830242,0,2
414a2893624e,0.025706284731646583,0.9478439633044262,0.020077814154186153,0.00637193780974096,1,2
416edca973f9,0.0637204002826558,0.5239324291959415,0.19641035060949402,0.21593681991190875,1,2
417584cecd96,0.04586232477266043,0.8726678441868386,0.05637869455167212,0.02509113648882888,1,4
41792cfb0e74,0.15068767322543794,0.6656712065621152,0.1632832428267211,0.02035787738572586,2,1
4180aa686422,0.14968662165323493,0.6033007925918531,0.24330685153407877,0.0037057342208331808,0,0
4189ab7c6027,0.9590222513869213,0.016091518032572933,0.01996571506650961,0.004920515513996203,3,1
419b460cc514,0.014940808163171913,0.7799513297346359,0.20281831190221733,0.002289550199974909,1,2
41a4d1a7f399,0.03354108409830255,0.9385124186880063,0.014446904243039432,0.013499592970651704,1,3
41b664bf705e,0.1585825183010494,0.5120472550921297,0.31765495366423063,0.011715272942590158,0,0
41b86a3012d5,0.0593737359838973,0.8495464475717984,0.07760301076099259,0.01347680568331174,2,1
41c32b7a5b44,0.7900503117351441,0.14837164633859148,0.038210993327418,0.023367048598846432,0,3
41da13080a64,0.5143658613855908,0.269904429601816,0.18773719584199897,0.027992513170594282,1,0
41f2bb5ef2e9,0.24307672724546078,0.3442922965850829,0.3024957882386631,0.11013518793079313,1,3
42091afaa4be,0.12963593615731347,0.5024317955964709,0.11366681408894805,0.25426545415726765,0,1
420bb7be8ab2,0.6637870495480284,0.18161870471700187,0.14421538247827384,0.01037886325669591,0,1
420d52239d7d,0.27466421716145795,0.5085479568458761,0.21145076889114656,0.005337057101519448,0,1
4213b8c96b2d,0.34867130642421573,0.3518330161991492,0.11827336084501286,0.1812223165316223,0,2
421789206c7c,0.13106356905004632,0.7907170558779224,0.07468754387932272,0.0035318311927084473,1,1
422689777b34,0.11095643450579543,0.8026339138563302,0.07731306826798931,0.00909658336988505,1,4
423d5a5b56b2,0.01380595967300437,0.9238406876357522,0.0541544483045386,0.008198904386704883,1,1
424fb90a4bc1,0.5251701076840738,0.31563622727318896,0.1496486867384622,0.00954497830427504,2,4
425baa3b6167,0.11729494278387352,0.626740815391105,0.16238580489088808,0.09357843693413334,3,4
4278049d12e8,0.47261522599043754,0.2540700989583215,0.25856551336102374,0.014749161690217233,1,3
429a5f79ac0f,0.13810234097113383,0.6481640518885552,0.2084127583165727,0.0053208488237384294,2,1
42a5ef66e3d4,0.08228204579182494,0.8557187477970661,0.05569460309647786,0.00630460331463121,1,4
42a9025e9d29,0.8317955145820871,0.12096764632740199,0.02951885075387988,0.017717988336630814,0,2
42ad2e4feb4f,0.04607850665771236,0.8431414261259285,0.07637819520285634,0.03440187201350294,1,0
42c28fffc31d,0.6143725033061559,0.27274227900242354,0.09918683539471641,0.013698382296704151,0,4
42ce6191e14e,0.06795947660229922,0.815476243700179,0.10256404875082308,0.014000230946698796,1,1
43001c00ccca,0.21066207561020175,0.5844533190436243,0.18878789163291357,0.01609671371326041,1,1
430855f2a4ff,0.5642883022585811,0.12654735235118472,0.24695512478087556,0.06220922060935873,0,0
43183eb0a475,0.024347352328895636,0.7452079811668462,0.18751081414651133,0.04293385235774696,0,0
43213dfca450,0.13236980166295845,0.8055378003623334,0.060751760884012615,0.0013406370906955396,1,0
4323961acfb5,0.05226934009971576,0.8157920010553157,0.017304643408996963,0.11463401543597156,1,4
433fdf0e14fa,0.3800759135738557,0.22959164466192605,0.36738852867419575,0.022943913090022458,0,1
4344f4c7ca1a,0.19891668429360362,0.40324391109374724,0.3789904945213804,0.018848910091268833,1,3
436ce67eb424,0.8340391526723517,0.11301486431114309,0.03748449167858473,0.015461491337920477,0,3
437964b36522,0.09895481983026441,0.6859407480177298,0.1946450890453256,0.020459343106680235,1,4
437efcc34243,0.256885095332878,0.5389862640475399,0.14692118568971627,0.05720745492986576,1,2
4384bea76688,0.5999325866919176,0.15012893285695555,0.05106244393622619,0.19887603651490052,0,3
4389b99b9c49,0.1341154635129385,0.598046850990129,0.20780537588072492,0.06003230961620767,1,1
43ab168173df,0.08202296170796128,0.6941758080073518,0.2103770455638533,0.013424184720833648,0,0
43bcd9cbd79a,0.1035529096370744,0.6153548659182602,0.2685095039340315,0.012582720510633897,1,1
43c65f4830dc,0.9117286109392352,0.03032514120336944,0.038171823539247786,0.019774424318147396,0,4
43caab830455,0.10249996755505011,0.7374311807929631,0.1513576436872201,0.00871120796476671,1,4
43e05e0b34b9,0.044677332329278986,0.837972682790217,0.10411798928377995,0.013231995596724114,1,2
43e48c2c4291,0.8987059328649475,0.038823264518997785,0.04861044390482823,0.013860358711226586,0,2
43e67cd54343,0.25954687475043975,0.6893493238539846,0.044516491883186314,0.006587309512389453,1,1
43f4282677e6,0.019933637064888047,0.9268832019053523,0.04807329335562277,0.00510986767413689,1,2
4403b3a0764b,0.17325741741117845,0.6735410908272617,0.09143621179598876,0.06176527996557116,0,3
440cde50a7f5,0.47221973295239145,0.3257549298986688,0.10592725284532045,0.09609808430361923,3,0
44164216b8ef,0.07103338795028279,0.8040504000818705,0.11684087625491273,0.008075335712934112,1,0
442570bcd62f,0.06721787344688954,0.3567145859908899,0.21057262062866575,0.3654949199335548,2,1
4453f1641121,0.21620465595583965,0.5339519848465666,0.23403499880780504,0.015808360389788813,2,1
4463659093ea,0.008073878278510098,0.9502442468477715,0.037696944063889945,0.003984930809828559,1,1
4475325ffe2e,0.06624725849930564,0.627780017934702,0.25757809708539137,0.04839462648060093,1,0
4486acc30384,0.1044518396530262,0.48689151547594584,0.3892544233599485,0.019402221511079405,3,2
4492a7f00b5f,0.028914629285035225,0.9262515994826884,0.03961746053456752,0.005216310697708836,1,1
4499cf9d764e,0.9785625964012187,0.007901264360723784,0.01215157023941644,0.00138456899864116,0,1
449a4e07e0a3,0.07579474158869061,0.829387527658415,0.06441367316133277,0.03040405759156156,0,3
44b3c1b1bf89,0.04105348805459666,0.8815181643645805,0.07523260812296355,0.002195739457859382,1,4
44b6c4a4f9a7,0.8558217906112922,0.022246815184797583,0.1183722617640724,0.0035591324398378883,0,2
44d4bd051e1f,0.9531136966530113,0.01856331364654552,0.02166670361678904,0.006656286083654222,1,2
44fafe9c97eb,0.013578218572413423,0.9694245433733841,0.011283955433833833,0.005713282620368615,2,2
454cac81825b,0.8002322960597402,0.10968714984076229,0.06467728111312598,0.025403272986371572,0,0
455cbab8acad,0.1319392132473561,0.7848037474721855,0.061594285382895464,0.021662753897562965,3,3
45642bcec833,0.2591348889356339,0.6112760308163511,0.11669181039829282,0.012897269849722186,3,2
45666ba64453,0.5613397675154415,0.14334043913836922,0.25677092968224424,0.038548863663945124,1,2
456c2a3abcf7,0.01440256704507054,0.9247558575607526,0.05878009023914891,0.0020614851550278365,1,3
456f61eec895,0.049339763741790055,0.8618543946255965,0.06448031355032553,0.024325528082287943,1,4
45725d3453c8,0.06336438665781734,0.833435986055224,0.04433115712110368,0.05886847016585506,3,1
4593937b2976,0.8868512762661624,0.045047805300383804,0.06509318976863424,0.003007728664819626,0,1
4595c11984c3,0.10639950177007731,0.8197059276697597,0.070855749637725,0.0030388209224379687,1,1
45ba102094d2,0.0674685184674408,0.8844981645158325,0.0435916028916653,0.004441714125061239,1,1
45dbef1cd1d7,0.023990478600386455,0.7268798597124232,0.20448651826512276,0.04464314342206752,2,1
45ef9c8f3a29,0.2864235542778065,0.3268757768397029,0.20482041441542073,0.1818802544670699,0,3
45f32c71c022,0.2849860135469156,0.5840852432445659,0.10433447052849149,0.026594272680027058,1,3
46096e40afc4,0.05864677240585186,0.7688696463619287,0.13445455826043082,0.038029022971788506,1,2
460e1bb0eb6c,0.10691821516342882,0.673916549570237,0.19288141247984694,0.026283822786487332,0,2
461eb648381b,0.010703416253452008,0.8998239182648212,0.04846515206984117,0.041007513411885674,1,3
4624eb6a47d9,0.16862020774660802,0.242215246227113,0.5630040203981629,0.02616052562811609,1,3
467079e557f6,0.004962906392376086,0.9353559730769706,0.05398405107362455,0.005697069457028886,1,3
4676a91a79e1,0.8191487749830706,0.09108712820838263,0.06812104194990949,0.021643054858637205,2,3
4676ccc3da0b,0.19752677987983097,0.6045289816708598,0.19164564555211852,0.006298592897190613,2,4
46789391270f,0.027073118819498997,0.8394534812946044,0.10115217377436987,0.03232122611152675,2,3
4684064a1c67,0.7724574335969527,0.09043587811781742,0.10922159479380852,0.02788509349142127,0,3
46b5875e3f4b,0.018071642951488154,0.9236327391386833,0.046755037356553696,0.011540580553274773,1,4
46b59bea8e92,0.014782958553174075,0.6470302260122418,0.3159530044669377,0.022233810967646393,1,0
46ee7cfd0bf8,0.4397462613823699,0.2559211676005824,0.29194039297339025,0.012392178043657357,2,3
470b3d8e543a,0.026611703479350376,0.8246827468616358,0.10403595379747035,0.04466959586154355,1,1
470d1f1abc74,0.05796236608894462,0.8175655077910451,0.119452990305342,0.0050191358146685445,1,0
47184d6ce9d8,0.001414634686607363,0.9885296268510876,0.008573605576998896,0.0014821328853059717,1,2
471af1d3f5d0,0.022001985894420973,0.9104735681863501,0.06255546789144424,0.004968978027784642,1,0
474a199db1f7,0.35653689138158934,0.51613102014544,0.11258949357542397,0.014742594897546661,1,2
47666c3cd3de,0.728644463401855,0.09627474946199932,0.15980921945354856,0.015271567682596998,3,4
476c4e9bd0e8,0.3030268826988136,0.6050742833302737,0.07906422737165397,0.01283460659925868,1,0
478ecae73c0f,0.048862661973021436,0.5236833836705349,0.3930500563934094,0.034403897963034134,3,1
4797141539c1,0.043854184691966266,0.9074499488266883,0.0372135866223017,0.011482279859043787,1,3
47a20936e21e,0.3400837655053462,0.4470838646256581,0.16235631945612267,0.0504760504128731,0,0
47a8d29668f2,0.9795340619449547,0.006303641122875067,0.013137989652143491,0.0010243072800267697,0,3
47af8c6239ff,0.12822053035846623,0.7522309433484694,0.08372379432226275,0.03582473197080163,1,2
47f9b7436c3f,0.887327574951337,0.04031714604789099,0.06797189200869298,0.004383386992079148,1,1
48115244cd07,0.0386456423609964,0.889192480201795,0.039561646024169735,0.03260023141303891,1,3
481267fb221a,0.3826637395056774,0.36033901422295483,0.24257836882425987,0.014418877447107898,1,4
481522b95d50,0.16455240693104975,0.681144010249743,0.1441304658837339,0.010173116935473289,1,2
4838494c6cc8,0.13288512092341884,0.6308777499142619,0.16414460963629146,0.07209251952602781,1,4
484e59c2708d,0.6742387276905035,0.15255253462408055,0.09618549236796879,0.07702324531744703,1,4
485d4ccd3c0e,0.2761240477942957,0.3704110232715581,0.1445281736848344,0.2089367552493117,0,4
486c0b27043a,0.007024541878511686,0.9791211786276356,0.011663503594288853,0.0021907758995638885,1,1
486e633a5721,0.2298120121000881,0.6101644991740085,0.11753347759262073,0.042490011133282726,0,3
48889844ef56,0.16045906627636217,0.5345071531133841,0.2947276978675285,0.010306082742724997,1,2
488d48e19716,0.33617788482088734,0.4587423791982465,0.1892829497722193,0.015796786208646822,1,1
48d8abfbad2e,0.16838338708842893,0.25007573001079625,0.5696665361697539,0.011874346731020875,2,0
48e089b6f3cb,0.26796223212875847,0.3707038644244199,0.3283453670998714,0.03298853634695029,2,4
48e1cde4e995,0.06405552167524262,0.8502961775114516,0.08097058103117681,0.004677719782129025,2,4
4900ec5edaa0,0.04899184863656682,0.817416370680309,0.07920955217567903,0.05438222850744521,1,3
490545ad8409,0.17533731350137957,0.5902030430333617,0.21710252472680133,0.01735711873845738,1,0
490fe3924dac,0.10520974897281957,0.6499909791248873,0.20419035384397707,0.040608918058315874,0,1
4911fa4de0f5,0.4157421188484932,0.3328318980633949,0.20211982171522436,0.04930616137288769,1,2
4926141293e4,0.14392728576025823,0.7423033259367893,0.09853554294915837,0.015233845353794163,1,2
49358afcfb80,0.009258019719896093,0.9817905731531739,0.007386819188303186,0.0015645879386269167,1,2
49374ea79cdd,0.04287556602965039,0.8082798369133761,0.13603378147122694,0.012810815585746555,1,4
4944adbe3aec,0.4358811991462648,0.31127028877473656,0.23031405898359206,0.022534453095406613,2,1
4948bfd21ba8,0.07719363752900567,0.7829442694684675,0.1066305738037947,0.03323151919873224,2,4
494aed280098,0.2859339451477598,0.4032517353375439,0.2550190467413233,0.05579527277337294,1,2
494f4d7a1bed,0.046280176652882206,0.7754052961598378,0.14462832477816184,0.0336862024091181,2,0
49508eb834d6,0.8758885224069493,0.08543182857928633,0.033265050792540704,0.005414598221223587,3,1
495ab5cb9721,0.029763583122669742,0.8181820843480038,0.13664566135225148,0.015408671177075084,1,3
4968d37e02cc,0.09232302525266635,0.6562654539188097,0.20610882909531128,0.045302691733212726,1,0
496dae9e8e48,0.15864419446975622,0.6657878764517288,0.15032292661623037,0.025245002462284633,2,1
49719e81744f,0.4918489586133353,0.3927758797732205,0.09580032123899317,0.019574840374451088,1,0
497bf4b490c4,0.35082470020995815,0.4187703877936089,0.22713160456068074,0.00327330743575224,1,1
4986a30d2f81,0.4249565696879391,0.360832718006758,0.16922999564796742,0.04498071665733543,3,2
4989ab8488fb,0.9015676013877311,0.04605735207975178,0.037699641198663196,0.014675405333853824,0,4
4991160776f9,0.03989211196024055,0.8678455171925616,0.08499943585775548,0.007262934989442263,1,0
49a79f8222a6,0.16310361139955587,0.616911532703058,0.19025856901229443,0.029726286885091945,1,0
49c79f89893c,0.010176484555843494,0.9466459067172132,0.029773959927638486,0.013403648799304873,1,1
49cb0e4c4f6f,0.031453926171926175,0.8251558217923824,0.14054393493789755,0.002846317097793895,1,3
49f33fad39cc,0.11952422414078336,0.5546541968223568,0.31486867103848903,0.010952907998370818,1,3
4a0fb5ff55bb,0.637156727753005,0.16921855039601885,0.16058150520174191,0.03304321664923416,2,1
4a161522e760,0.712165164189631,0.10214933627373725,0.16524833919705392,0.02043716033957774,1,4
4a195eb75def,0.9112840587172564,0.014146401647415988,0.06815760946435759,0.006411930170969991,0,3
4a1e37b8cd8c,0.12339890746124331,0.7837744458345748,0.08026576606734355,0.012560880636838507,1,1
4a2ddd0dc53a,0.6934238315580367,0.2257378355496229,0.04850192381762615,0.03233640907471449,0,3
4a40923456d9,0.02962988091080896,0.6601630147862034,0.26360624861069576,0.046600855692291894,1,1
4a4163009281,0.021007206747256566,0.9126813778785133,0.06342277940230591,0.0028886359719240326,1,2
4a41d40a63d3,0.37096143389995506,0.5289936193610982,0.09323520649289052,0.006809740246056142,1,0
4a4e88562235,0.5137374828620725,0.42440198076754526,0.05656671967719905,0.005293816693183166,3,3
4a4f19493e91,0.09744719076946216,0.5896881412923183,0.23093549709714897,0.08192917084107064,1,3
4a5bba561d65,0.4457610647210524,0.2929171433777845,0.23923017598250343,0.022091615918659685,0,2
4a5d1728c12a,0.459506514177262,0.24871995797733726,0.2651396561709256,0.02663387167447506,3,2
4a5e943d578b,0.0069082468972015846,0.9484142208414102,0.04053621989708245,0.004141312364305901,3,4
4a6290010ad7,0.26266796469208276,0.6618804585898472,0.06898827825033614,0.006463298467733849,2,3
4a683fc106eb,0.0661136522338256,0.7659024696840412,0.16536692276268525,0.0026169553194479024,1,2
4a6c95b0cc17,0.23877229948058723,0.583616597022225,0.1674576486590249,0.010153454838162759,0,4
4a7253e116d1,0.8666391330886579,0.03807076854586955,0.09110921223827255,0.004180886127199863,0,2
4a746c1839d7,0.6121859130502909,0.22172567819244715,0.07793259405916302,0.088155814698099,1,1
4a759252b405,0.9918971525545003,0.0044360155314815885,0.0023709718800037404,0.0012958600340142582,0,0
4a9a960d2f8b,0.30026899190625755,0.34066928617448816,0.3220103401348406,0.037051381784413744,2,3
4aa11ef1fd38,0.7402868372725877,0.19844457120142356,0.04783965492841707,0.01342893659757162,0,1
4aa5037091ee,0.5004042705310535,0.23865579075246035,0.24797388484214755,0.012966053874338582,0,0
4ab7fae55612,0.5821297308028247,0.27701584294534237,0.10456535988881618,0.036289066363016764,1,3
4ac2b8f0d043,0.8654231810659117,0.07777465641679271,0.02986085388613023,0.02694130863116551,0,1
4ac6bbb98b57,0.0543628166736604,0.3262187148420618,0.4341710849367059,0.18524738354757184,3,2
4acca25f2444,0.8997087752486569,0.01935207076613658,0.07327521573831969,0.007663938246886823,0,4
4ae37a325776,0.3696422508310141,0.39923965914799514,0.22006434681119316,0.011053743209797448,1,0
4ae89e667a24,0.1397721904700248,0.5391427084019076,0.18529717437810578,0.13578792674996185,1,4
4af510894843,0.1524674096626644,0.7926601672275266,0.048659147369806005,0.006213275740003126,3,4
4af9fd126565,0.15966688491005274,0.7604997031216741,0.07417937272303915,0.005654039245233866,1,0
4afcd8aa1ebd,0.19391050828573592,0.5376690571447952,0.25338797061518936,0.015032463954279448,1,0
4b009ead8ab2,0.8648183113934224,0.053898390430083154,0.06679325330918746,0.014490044867306933,0,0
4b04ef7e5a91,0.5473608159096444,0.30318756786897755,0.1047519103695481,0.04469970585183002,1,4
4b0988ac86c0,0.8656779575158432,0.10773641803606473,0.022592359309399297,0.0039932651386927875,0,0
4b0a5a40676f,0.06976696700064257,0.7054163663281717,0.19451975798037144,0.030296908690814396,1,2
4b0df75f21f5,0.021501568100110464,0.8731121704037079,0.09158502377526381,0.013801237720917767,1,0
4b1d718d562a,0.07047473942728598,0.689142131495357,0.17899996055098,0.061383168526377076,0,0
4b24276e0963,0.03857662851550285,0.7270466182788832,0.06302110166230983,0.17135565154330418,1,4
4b263ebf9ad5,0.05141166816219924,0.8680386823983776,0.06537695653514186,0.01517269290428133,3,1
4b4d19205cf6,0.035980236560076054,0.7323139128444668,0.12006531434674213,0.11164053624871513,3,0
4b4fa74957a1,0.909194854289569,0.04616059295115993,0.03762996922606495,0.00701458353320603,0,2
4b7578c84ffe,0.016779972101636034,0.8890207204067258,0.09078287523378685,0.0034164322578514447,2,2
4b7b9871f26f,0.07880208827499843,0.7271149236564732,0.17717739385958667,0.016905594208941766,1,3
4b916be9f189,0.9509933240682588,0.024939064311576747,0.01975465170866719,0.004312959911497244,0,4
4b93ca3c31ad,0.8636294585196044,0.048045165093224,0.08671779795522555,0.001607578431946146,1,1
4b9d49cd5e67,0.026679218618771122,0.7392698445063063,0.17542723080559997,0.058623706069322615,1,4
4b9f90e96569,0.04480829403744382,0.8908746728120168,0.03770322052505329,0.026613812625485983,0,1
4ba4eb1d380d,0.637514123808606,0.07061226532367587,0.2742063666443639,0.01766724422335443,0,1
4ba755b48a9c,0.31220934804072037,0.36687062091809436,0.2657154447298514,0.05520458631133383,2,2
4bac6c7da8b8,0.10696963449796568,0.6092169427053232,0.07574163805402205,0.20807178474268898,3,1
4bb14a344446,0.8296034630084632,0.10866504945229398,0.05679395445061693,0.004937533088625661,1,3
4bb293489dde,0.9870115756724996,0.0037295763136191954,0.0061433372144426256,0.0031155107994384115,0,1
4bb943c3001c,0.03985738826014505,0.9209171020674821,0.023204547495097247,0.01602096217727564,1,3
4bc2eb20a505,0.7860514460527884,0.10535130962712627,0.08080250021049692,0.027794744109588494,1,4
4bdad39035b0,0.04536877722912964,0.8894973993961962,0.061075558389756875,0.004058264984917206,1,1
4be426760e00,0.7925416384255812,0.11316634277060052,0.08906634252395983,0.00522567627985865,1,1
4beb8e107830,0.8931894923957737,0.08575936600523129,0.014924666569149845,0.006126475029845092,1,4
4c053382f9ab,0.02927493908001536,0.8710027054772148,0.06341862189964194,0.03630373354312796,1,3
4c0a382bf349,0.005188726600225967,0.9756386907017102,0.01639325829892031,0.002779324399143362,1,1
4c1a8be87462,0.9816318633978598,0.009090282422049456,0.007751498672819815,0.0015263555072709267,0,2
4c1e5ca11b6e,0.16752687243063133,0.6750476102657569,0.10921183391689551,0.0482136833867163,0,2
4c45ac349e3a,0.045003317030166065,0.8991149002942398,0.035682368245193545,0.020199414430400575,0,4
4c4a0eb38623,0.22763336252393687,0.5611831147128101,0.14627726116214929,0.06490626160110376,1,0
4c5bc626fee7,0.7628625940125741,0.07721470615966111,0.15740993399841738,0.0025127658293472898,0,1
4c6ddbf0fabe,0.6978135236312357,0.2398842583343811,0.05740933135700583,0.0048928866773774275,1,1
4c74745605a9,0.009281021976104335,0.2599095884449248,0.7180482868403646,0.012761102738606237,1,1
4c74ab1c7193,0.45566992591591504,0.4308540417555438,0.1090392822187385,0.004436750109802568,2,1
4c8116b5ce1b,0.8294336298146434,0.07583432177973151,0.0391635701708064,0.055568478234818655,2,0
4c96f8a99305,0.16083515754827218,0.5337273226181191,0.20169930557711527,0.10373821425649349,2,2
4ca61dd169d4,0.12762311539517504,0.5930077304105935,0.26967287711126864,0.009696277082962829,1,1
4cb338b6e248,0.9447729689291237,0.010387342618579116,0.027451211840968857,0.017388476611328377,0,0
4cce09eca9ca,0.6481220908351687,0.13342653610347527,0.20496860657679514,0.013482766484560831,0,1
4cd37e041b4c,0.681910518901019,0.09825974538485599,0.20697780856446932,0.012851927149655691,1,2
4cd4a247bc30,0.36959256132379203,0.5943269985724201,0.031012295559321484,0.005068144544466315,2,0
4cdca551d442,0.02849770569637534,0.8640084873118434,0.07057935029669062,0.03691445669509053,3,0
4d02730ae091,0.5231778563804922,0.41758357877126134,0.05385399768654403,0.005384567161702434,0,2
4d11294713ad,0.050026816933197826,0.7451159935111775,0.12635597302008525,0.07850121653553946,3,2
4d4042629e59,0.09602704206776362,0.7069993235602365,0.18153082250022332,0.01544281187177643,0,2
4d468b5b8cec,0.026402359843816843,0.7183140670302965,0.24064399125198527,0.014639581873901311,1,1
4d53dbd5fc09,0.10597085038354347,0.20355179299945184,0.5319860859212173,0.15849127069578747,1,3
4d6c1133d688,0.022598072660285014,0.9591412796430514,0.01541961236500453,0.0028410353316591077,1,4
4d70ab1d80d6,0.0331317529031549,0.6829140012949313,0.2755406175800149,0.008413628221898771,1,2
4d7a2748dfb1,0.05175004574422402,0.7557122463371374,0.18652344416012506,0.006014263758513376,1,2
4d8280d84b26,0.015494945366666778,0.8394186493653925,0.13241740273292468,0.012669002535016079,1,2
4db82e5d8079,0.36560304970752716,0.4699873456046165,0.13195864871980773,0.03245095596804861,1,0
4dc6197ec461,0.004844763348869559,0.9604161425315366,0.034433444717946876,0.0003056494016469923,1,3
4dd1c6cd167e,0.3904882002371087,0.29901678567483003,0.2903807016599732,0.020114312428088112,1,0
4ddbbdbf2690,0.05191843588560744,0.8500538280480436,0.07390653401328728,0.0241212020530617,1,0
4de525e4d09a,0.7806620908632905,0.10183437745214347,0.11119012078316345,0.006313410901402598,3,3
4de6472758de,0.004135962485174315,0.9525091175023086,0.033169738335950195,0.010185181676566738,1,2
4dfeb4d6bf0d,0.6216852414206326,0.27316477806045103,0.09845964368578926,0.006690336833127062,2,2
4e3671f1dbf8,0.4495114886851003,0.22414275533960787,0.3148553767175824,0.011490379257709179,2,0
4e51ae89d35a,0.27316897148495634,0.5988791896129826,0.09181634866131498,0.03613549024074616,3,2
4e81deb94cab,0.0983251150521214,0.6230078167045469,0.22408363213349006,0.05458343610984174,1,1
4e9a365efc0c,0.09793437923788383,0.7744752342830695,0.08650503153003976,0.04108535494900675,2,1
4e9eb654f451,0.6849595216576562,0.14950300075763426,0.15058983641797544,0.014947641166734162,0,2
4ea356d57b10,0.31548691601547085,0.42035704817913727,0.23759789950346605,0.026558136301925696,0,0
4ea3d3aed9a6,0.027059352732947097,0.8842857045263918,0.07487118587501292,0.013783756865648143,0,3
4ea759eebb53,0.006099760604185153,0.9683989968631216,0.017487205007105704,0.008014037525587454,1,2
4ebaaa8b1eb2,0.05044907204096571,0.5816905673550633,0.31938587410397934,0.04847448649999169,1,3
4ecbcabc9971,0.5720596149223688,0.37527353397652813,0.04049821529158061,0.0121686358095224,1,1
4ee4406b32a0,0.00214167666414551,0.9170366436152512,0.0735443709654466,0.007277308755156692,2,0
4eea62413744,0.06395376149181815,0.8135206864788177,0.09646825990408986,0.026057292125274422,1,0
4f0201c0929f,0.7492142134914014,0.1017769188029382,0.14401350898936555,0.004995358716294905,1,1
4f044c4aa6f6,0.018982271891784315,0.8060992291833096,0.14007794340714877,0.03484055551775725,1,2
4f22fc4115aa,0.1612334977405034,0.32254955854474704,0.3941808198342517,0.12203612388049799,0,4
4f3ac8ed6bc3,0.6842904353589448,0.182741408861685,0.10412701057542006,0.028841145203950164,0,4
4f3ad9b6686a,0.14735435851160647,0.5181617141713247,0.3299190074294078,0.004564919887661009,1,1
4f429eb104df,0.04033554291272104,0.8767435068476758,0.07621912522399789,0.006701825015605146,1,3
4f4a405729f2,0.7052368135543711,0.13559177398086367,0.15044719853455887,0.008724213930206443,0,4
4f4ec43883e1,0.17437836531539125,0.23020869267042884,0.5910729971448139,0.004339944869365888,1,1
4f7282cd3316,0.8871815302828703,0.055221314882902016,0.05675534403839515,0.0008418107958326143,0,1
4f7398c0551c,0.10727163163210786,0.6456365760443797,0.14557684134933818,0.10151495097417425,1,3
4f76e9117edd,0.1895752603934308,0.7161635344374452,0.06895186659588648,0.025309338573237524,1,3
4f87a1a47342,0.0319765929910611,0.6217277176926501,0.2869761939235863,0.05931949539270243,0,4
4f882088da4b,0.3063749405051578,0.3839665464739862,0.25591949000727504,0.05373902301358096,0,0
4f93ae390464,0.7504823478738045,0.1709369724161964,0.07332217443432133,0.00525850527567771,3,1
4f9e5a782721,0.9348226596292553,0.005098371174870554,0.0446400975105231,0.015438871685351222,0,3
4fb1f71d298c,0.32153752911686445,0.5789800294509971,0.08977824204129238,0.009704199390846043,2,0
4fe046c0f566,0.07881620361735235,0.8128203016659773,0.08837089420900757,0.019992600507662894,1,1
4fe89b3c7225,0.137657365325347,0.6483724228631448,0.10601305131371937,0.10795716049778883,0,0
5011af7ced63,0.16241030067928947,0.48139207819115926,0.3468029205380589,0.009394700591492439,0,0
501f89688227,0.08928038488433265,0.8321099761731506,0.05479564429870008,0.023813994643816585,1,1
5024b6620c03,0.8481330363468783,0.07073251143762094,0.06252568488691797,0.01860876732858255,0,2
50586fea5441,0.30251713190278673,0.60448354843908,0.09195324549266441,0.0010460741654688597,1,0
5062655a0c9f,0.3939453067050708,0.39103143937107504,0.11413399404904519,0.10088925987480905,0,0
50680af8f366,0.015837271449786895,0.5239411391194246,0.1179222852746091,0.34229930415617926,2,1
506e43568206,0.11756872012345826,0.8435552250523399,0.02842836953056529,0.010447685293636577,3,1
50787fecf4ce,0.022897270529216595,0.8665385895978062,0.10242079977363622,0.008143340099341114,1,0
50837951818b,0.0693250393606091,0.7796928816990351,0.13580152759314598,0.015180551347209836,1,3
5083d7064601,0.054350547690934864,0.7890469740131622,0.12340665846697586,0.03319581982892705,1,4
508614a9c9ff,0.06884359472590713,0.750368324619419,0.16013378590725902,0.02065429474741494,1,4
508b10b44ff6,0.1458617064283289,0.7501155525420199,0.10118432526611479,0.0028384157635363404,0,4
508d6acdc4ce,0.05149612509204075,0.7801297449023045,0.16372221608987017,0.0046519139157845035,1,3
50ab8f13a325,0.0038166774732837643,0.8987103508658097,0.0825404394828172,0.014932532178089288,2,3
50bbbabf06c6,0.6274614468883187,0.3075064295411444,0.05587986320254892,0.009152260367988038,2,3
50c72842fd87,0.11371145028974845,0.5287221704662759,0.20715041006082452,0.15041596918315114,1,4
50c7efb145ce,0.0170211174572508,0.9458142083491072,0.03321169110006066,0.003952983093581183,1,1
50d38e4b0732,0.4195903682890839,0.43714797318735515,0.08649790515200745,0.05676375337155344,3,0
50de43ee58c4,0.3623018490600409,0.4599390488551794,0.1386742015224785,0.03908490056230106,1,0
50e9384ca4c1,0.0044204767071896744,0.9250905622180309,0.030783980506766933,0.039704980568012575,1,0
5108dc02655a,0.005375810253619221,0.9757841121888366,0.011445043202417089,0.007395034355126965,3,4
510b4b2ae848,0.8046002794260676,0.1297070880778636,0.03830051139347215,0.027392121102596593,0,3
511b76817a88,0.046755720226842906,0.6520227932037582,0.2717464723275498,0.029475014241849107,1,0
511f9a60ee5b,0.18934791424956257,0.6350977747835498,0.13107456897584488,0.04447974199104266,3,0
5122ec355c24,0.01110147858457296,0.9076474415811563,0.029391204570671934,0.051859875263598906,1,4
51294e64d81e,0.029896624172165365,0.8952150343935584,0.06555995004204715,0.00932839139222907,1,0
512a9622ca0f,0.08779563210969162,0.28171374011076455,0.6025418946051251,0.027948733174418806,1,2
512f55885e0b,0.07421936017843675,0.8006520395158438,0.11622036468962452,0.008908235616094766,1,2
512fbe9d996a,0.4967813379199424,0.4329261324789769,0.05004645203557919,0.020246077565501532,1,0
5133bbb7b75c,0.4493872350513034,0.38653593317069457,0.15655588736211085,0.007520944415891253,0,1
514b87b8275d,0.1411989689942316,0.5806118392754268,0.24029892584016602,0.037890265890175606,0,0
514f1f9f8912,0.581314922099832,0.1876503936207367,0.20213012139884418,0.028904562880587202,3,0
51502fa7747d,0.2661173303273382,0.5003915967823486,0.18670662638714247,0.04678444650317076,2,3
5170993e49dd,0.8929462113547526,0.035828348529631175,0.06929075682635476,0.0019346832892613865,0,3
5187caabdb51,0.015126642685420296,0.9423088211862095,0.03452659221957573,0.008037943908794323,2,2
51a10504052c,0.009687157695389827,0.2680782692336078,0.6453529668170037,0.07688160625399858,1,4
51c3b10f88d1,0.11661998853711529,0.28451835776581513,0.5455959347066728,0.05326571899039685,1,3
51e626885505,0.7810074776660899,0.09429102308844485,0.1134404184578114,0.011261080787653876,2,0
51f479f9ac83,0.5904416137260301,0.07944655005880495,0.1929689568341463,0.1371428793810186,0,1
51fef9be5005,0.07367369612987558,0.7875045040426326,0.13088719923565975,0.007934600591832125,2,4
521c520f0d18,0.10297372738212011,0.7867540900002941,0.034003095872268574,0.07626908674531742,3,0
5249dd72e890,0.23164016486174996,0.48953238194331306,0.27127000856598077,0.007557444628956265,1,4
525baed75bc5,0.856882327429615,0.05855013137539554,0.06757879852245056,0.01698874267253895,0,4
525f144cecf9,0.5920359687232916,0.34104586376107776,0.0644463563009505,0.002471811214680097,1,4
526393a46dcb,0.06539108621680845,0.3641909699215853,0.5037157956516097,0.06670214820999655,3,0
528aca245f9a,0.416707831403754,0.2904129162159951,0.2488002508205865,0.04407900155966437,2,1
5292575d2789,0.018939616636653257,0.7984984005041332,0.1458027997915749,0.03675918306763882,0,3
52a07bdb51ad,0.034767068932766196,0.9261147834899066,0.03397666216343168,0.005141485413895443,1,2
52b4996cd35d,0.017311607493910898,0.8431547566290267,0.07308365904662137,0.06644997683044097,1,0
52ced5f7e2b3,0.681587415470573,0.04528732252599626,0.08183745599818867,0.19128780600524223,0,0
52dc05bd4381,0.0415685682045334,0.3754851728800883,0.557868194612809,0.025078064302569224,2,4
52e8c2d0de50,0.6428731943841964,0.2599155187151301,0.08545422926561871,0.011757057635054722,1,4
5304d41ea0a6,0.038397826945838855,0.7526645532032344,0.16510590681463577,0.043831713036290854,2,4
5304dd253880,0.23171858953747634,0.4297855343802799,0.1900717027481379,0.14842417333410587,0,0
531c0554dc5d,0.7821410280280234,0.10322012302711873,0.107150637218762,0.0074882117260957745,0,2
53234761691b,0.08717895731166068,0.7131304748632558,0.1822949337235644,0.017395634101519158,1,2
53345381e15a,0.004115666573162181,0.8565667758756011,0.12838557794345365,0.010931979607783174,1,3
5359e47a53e0,0.01710920870532655,0.33024829583548654,0.6467301386939667,0.005912356765220348,1,1
535f8c7a5191,0.02359108048034381,0.8977829106093645,0.010619797981334285,0.06800621092895744,1,2
5368a8bec11f,0.05130249232571407,0.6107010433391198,0.30764517679551434,0.030351287539651998,1,3
536ec36c3d62,0.7875620050758296,0.0773380504730047,0.0833798736172756,0.05172007083389006,0,3
537d1ce14277,0.288771622621659,0.447294227555011,0.12050462398146562,0.14342952584186436,0,3
537f2065d631,0.8323166919336006,0.05041276751725232,0.10529520625770435,0.011975334291442928,0,1
5380acab9ccf,0.5160061053671832,0.3599681158314695,0.08877133375633249,0.03525444504501489,1,2
5392f3af1472,0.7450619695143241,0.11979517992168189,0.06638167796163547,0.06876117260235859,0,1
53a94edc58d1,0.03736486541569362,0.8072890252075426,0.12688349073196806,0.02846261864479566,1,4
53a991898080,0.10676942042623476,0.43111534480423896,0.4394330179451439,0.02268221682438255,2,4
53ab14d3aeff,0.11585257985706186,0.7937959553248597,0.06965659936074653,0.020694865457331783,1,1
53ab7bc1ca97,0.21471139042400994,0.43519795787381377,0.1998518513556701,0.15023880034650616,2,1
53aed14e6386,0.9389729414118188,0.04024827040445582,0.013523539841369043,0.007255248342356536,2,4
53b2ff894bda,0.0907328669165034,0.7100468900478587,0.09911253241836929,0.10010771061726866,1,4
53b974b2f19b,0.058654367182742896,0.8299979704998953,0.09623159508165381,0.015116067235708143,2,3
53c9dc786907,0.17832969381148406,0.4475572375568579,0.24063508175253617,0.1334779868791219,2,2
53e3f01fabe1,0.05340693776958936,0.6182787498192478,0.30452737901109467,0.023786933400068083,1,2
53f3c8c16f5d,0.0756415888193624,0.7633827840188565,0.06549056688614659,0.09548506027563446,1,3
53fefa2635de,0.6471743386210588,0.1862548299073763,0.16448338424761266,0.0020874472239523767,2,3
5400139d2bb4,0.006130989752699263,0.9234238207179831,0.06280000405605311,0.007645185473264655,1,2
5410626fc53a,0.06905175186656183,0.6062960682975483,0.2652861268713974,0.059366052964492454,1,3
5423b19fb38b,0.020994440889511023,0.836973855553099,0.14040238920703835,0.0016293143503516103,1,2
543ea3ce1275,0.14873986937636174,0.47013733337548197,0.3747664152017021,0.006356382046454239,1,0
54600e52f553,0.4208511466665903,0.37117648318663554,0.1999455668087597,0.00802680333801446,0,4
547aae81c04c,0.04834122402953845,0.8280817436977882,0.0880189312045647,0.03555810106810879,1,2
547b1dd0ebcb,0.3656955501602421,0.5600755050415975,0.033081197322763795,0.04114774747539658,2,1
549205ed957c,0.2859435234650389,0.24549328822850613,0.45283743303991886,0.01572575526653618,0,2
54a1ff4452af,0.3060062119047689,0.6326876379390847,0.05222554103310647,0.009080609123039866,1,2
54a72130e138,0.09424741405967924,0.8689892014060929,0.02508614291512831,0.011677241619099788,1,3
54bcc360cc71,0.6539718912654251,0.2770061132063995,0.06842963719876068,0.0005923583294145798,0,2
54d2b19a59c4,0.2069772268610965,0.7257677382549833,0.0553826892081237,0.01187234567579659,0,1
54d3bd418490,0.14151608948258396,0.7505329403713453,0.09479940683816632,0.013151563307904254,1,3
54d87992ebd1,0.1856959689876094,0.17219887495249228,0.6304756570433728,0.011629499016525468,0,4
55178967f39d,0.015048142654749902,0.9023634850071707,0.07838246242024619,0.004205909917833166,1,2
551ce2f497af,0.17825636922614593,0.5344048785923763,0.2704042033514007,0.016934548830077036,1,1
5545ef49ebfc,0.06575487157996125,0.7935290759232331,0.13862288729528213,0.002093165201523577,0,1
5553337f41b7,0.10147995183167693,0.6438830524461706,0.228918394458849,0.02571860126330338,1,0
555aa3906759,0.04042785865301732,0.41011712289071095,0.46257465301535333,0.08688036544091848,1,4
556b76b37e6e,0.03934172670459307,0.914356328592577,0.043413157098498016,0.0028887876043318735,2,0
5590d0f84fb4,0.11890126988230454,0.6094399922365885,0.19391638653414403,0.0777423513469629,2,0
55a1e614cd5d,0.08582644398819674,0.7922629515293326,0.10961949067294091,0.012291113809530024,2,4
55bdad0b3d6a,0.6492226375928962,0.1597994909393093,0.1656898573989092,0.0252880140688852,0,0
55bf89ae74ea,0.09903035435721817,0.19103215146093533,0.6767806561345519,0.03315683804729464,0,0
55f9624fef0e,0.11907848928952583,0.6533713409098663,0.20047031988487563,0.0270798499157323,3,1
55fb3303c057,0.5753799918027903,0.11113234765691767,0.19361307349070467,0.11987458704958744,0,3
561871085c06,0.7179278009413651,0.07687136418209016,0.09646786311381153,0.10873297176273315,0,4
5618efab082e,0.8353878227149577,0.07677990068532162,0.08464673113841906,0.0031855454613014533,0,2
5621dfc80f12,0.017771674759716725,0.9638731566823275,0.014544218185059082,0.003810950372896485,1,4
5623a3a86114,0.1893382944860556,0.5069314211956478,0.24175261574957477,0.06197766856872178,1,2
562b773e21da,0.1058928298750942,0.5869262224766281,0.29769340001695005,0.009487547631327803,1,3
565cf7dfcce7,0.014188376444630233,0.9167879248048816,0.05029481798405511,0.0187288807664332,1,2
56688f5bde5c,0.0669738291091868,0.5637496119617715,0.33698859042661256,0.03228796850242923,1,2
566c4bfc22a4,0.06530965762708223,0.8134051713466925,0.107808628655787,0.013476542370438252,1,1
568691cc04c4,0.044016716769931484,0.9143196531590293,0.03957074645101986,0.0020928836200193304,1,1
56a69969ec4c,0.9527720181149968,0.01992394648731653,0.02442098758754313,0.002883047810143675,0,1
56a6a370c80f,0.3785958233304528,0.2975703379506127,0.2764395955849377,0.04739424313399681,0,2
56b13bf13955,0.10037130656688002,0.8321424174182274,0.03982136726481969,0.02766490875007312,2,3
56ec96b96a1c,0.1930123539457439,0.6272391799244119,0.1581882186917592,0.02156024743808498,1,3
56fe338adcca,0.0348789031538307,0.6146652110231108,0.2725524310960725,0.07790345472698604,0,2
5706623a8069,0.24042973929197783,0.5746545762966634,0.1633352060218391,0.021580478389519674,1,3
57081e4ab3b1,0.7837546126847933,0.0527359076652567,0.13947373663858909,0.02403574301136093,0,2
570d6703b8bd,0.05047232580087645,0.7543850002234115,0.10402752127630784,0.09111515269940426,1,3
570e81ad62f3,0.12268778046570367,0.7927315767297619,0.0760470720878479,0.008533570716686435,2,3
570fd6af9eab,0.033057065867877045,0.9460254392766129,0.01946509663723673,0.0014523982182732566,1,3
5753677905c4,0.003725025709857134,0.9588223904234794,0.034108805220223276,0.0033437786464402056,0,1
5756aa070207,0.10165219723638398,0.8582021127598738,0.03737309470377105,0.0027725952999711873,1,3
5758d3fadf95,0.3586445639448739,0.20808455957259778,0.30703961702117455,0.1262312594613537,0,2
5772159e2645,0.06103789838457766,0.8562090301444335,0.06908476280071672,0.013668308670272097,1,4
57776e62829f,0.6830670692876879,0.15565598913699094,0.14783445704013307,0.013442484535188034,0,0
57850405120c,0.13723623860184606,0.8216281597549576,0.035399748369380035,0.005735853273816271,1,1
57915fbd41fe,0.8060270365269108,0.03453536321416384,0.15285677153589983,0.006580828723025466,0,1
57b5cc0c0645,0.040562499361961706,0.6669465013478464,0.18926267951071307,0.10322831977947883,1,3
57ca1820340c,0.8330284879708643,0.08515769770651574,0.07636738412142671,0.0054464302011932595,0,1
57de882902fc,0.19668109683893378,0.35879503474419366,0.2953027857046249,0.1492210827122476,1,4
57dfecfd86ff,0.23933262842401778,0.2807950459042024,0.12857444538849,0.3512978802832898,2,1
57f81b7f45cf,0.8268558952428827,0.07440723000225584,0.08607397366187372,0.012662901092987611,0,4
58072ae8b0f0,0.03839461134291995,0.7286318699073132,0.15560135932085759,0.07737215942890945,1,2
582562f90e88,0.04747732703046888,0.8708349909725978,0.06455477361576309,0.01713290838117036,1,0
583b8489646f,0.9887106597744529,0.0022786573454613027,0.005531671924123179,0.0034790109559625065,0,1
583f34f5d5fc,0.8397023891702242,0.08296240553255528,0.07399607078961856,0.003339134507601723,0,3
5840fda24291,0.016713767567261693,0.6503834343949375,0.30524284554758924,0.02765995249021146,1,0
5846e5cc51a2,0.10351776578722142,0.32066151756400274,0.5717682125758737,0.004052504072902102,0,1
58501082c63a,0.04888848797121565,0.8885599006010887,0.049479244275134476,0.013072367152561147,1,4
5861e8681425,0.5725427166310397,0.24511123620954153,0.15000990062478076,0.03233614653463786,1,0
586d54b2a31a,0.6108098759746046,0.27046657410234703,0.09681942837586636,0.021904121547182107,0,2
587699c00f43,0.6285852184223963,0.14464237777314018,0.20694526688254822,0.01982713692191516,2,3
588b613b92af,0.8034926954456948,0.06234018264447415,0.07210236605185603,0.06206475585797509,0,4
58ad7c132f66,0.9627015782243314,0.015901977587569383,0.017003207042154148,0.004393237145945113,0,3
58bd213f054f,0.46717764920175814,0.4313095682417054,0.07858425794187195,0.02292852461466445,0,2
58c8cb4271bf,0.1002552904454227,0.8176326624613331,0.03320390780392621,0.048908139289318,1,3
58cc074e38da,0.16682348972545552,0.4503640205002975,0.22093515436021247,0.16187733541403437,3,3
58fd19f3e555,0.07782194685592143,0.5722083806676629,0.33403233253608733,0.015937339940328272,1,1
58ff60a8bc71,0.011810298295011599,0.942496078688697,0.031226351253026866,0.014467271763264442,1,2
59227e05796e,0.9608644490811027,0.03188934421768786,0.003026624922099747,0.0042195817791095954,0,2
59289712b7a7,0.20147643742410254,0.5540978823830203,0.23531613641126006,0.009109543781617204,1,4
5947be3fea54,0.3334580111005437,0.4267820319482573,0.21518030239411282,0.024579654557086186,2,3
594b6a49d2ea,0.034418154215008,0.8433894608299073,0.057327269722236944,0.0648651152328476,3,0
594b82058ccd,0.92847043275759,0.012489506776132867,0.05031650925223172,0.008723551214045317,2,4
5970de40ff73,0.14375579889744516,0.7114325923685718,0.08730394163986815,0.057507667094114964,3,3
597671ef6252,0.4498889740097689,0.40027905351076537,0.12719378736761452,0.022638185111851145,0,1
5979bc664c1d,0.16927312613288445,0.37117036462782654,0.45584732995353544,0.0037091792857535904,3,1
597f5f3f8751,0.1297990803221776,0.30183597352150154,0.5663719281410902,0.0019930180152307147,1,4
598b2841a3d5,0.20618026537870685,0.5983188834043177,0.16605897633793565,0.029441874879039716,1,1
599645fe1eb3,0.9253251450203182,0.03055362386263924,0.03361524631067173,0.010505984806370801,0,2
59a91c5701e6,0.8775127639131358,0.061811123439577245,0.043603154671508965,0.017072957975778045,1,4
59ab0bb7cd92,0.9402255431724527,0.016526593974042568,0.037179733666756414,0.006068129186748386,0,4
59be4450dac0,0.10687054917845105,0.8194285509174081,0.06466220657039566,0.009038693333745237,0,0
59cb862d37e1,0.24563018248684146,0.6083039321584515,0.13290891509499797,0.01315697025970914,1,0
59d10129bc08,0.03266463102481707,0.5899607507744106,0.35801927179562015,0.019355346405152088,1,0
59e10fae4c81,0.16772030025805812,0.5916343160308123,0.22072961826621113,0.019915765444918323,1,0
59e137176570,0.7525468093245214,0.1195712118723113,0.1035006010118536,0.024381377791313465,0,4
59e43e0b66a9,0.09238034741268654,0.8017898628980468,0.07630766331031902,0.02952212637894767,0,3
59f38b6e1b6b,0.008521624726025506,0.9259877814246731,0.06239593854650515,0.0030946553027964264,1,2
5a0e35234db3,0.40561402968964183,0.5150237297960514,0.05363191189301456,0.025730328621292205,2,2
5a1b6052355e,0.048213971612137675,0.6970635585386252,0.2529368931316547,0.0017855767175823866,1,1
5a23fa5717a3,0.17182428770702793,0.6995868629406148,0.11937432359911558,0.009214525753241767,1,4
5a249578cf8e,0.8098707293414902,0.11608589936083415,0.0652728851767467,0.008770486120928948,0,1
5a37eccaeb4e,0.4511629934631524,0.45670337034255687,0.07800839222717716,0.014125243967113487,0,1
5a40b5567ce8,0.7046257119006235,0.14968954054745284,0.13456371808827614,0.011121029463647354,2,3
5a642870b814,0.17586283439125136,0.5478211970036596,0.23253011780054397,0.04378585080454491,2,1
5a869900cfef,0.19222977092417662,0.2967906796433083,0.47919385206134985,0.03178569737116528,1,4
5a8eabd0dfbd,0.029790737081127172,0.8242641232393163,0.10962893874728323,0.03631620093227337,1,1
5a9ef6342497,0.05420025458374214,0.5398467006075112,0.3637056938888915,0.04224735091985529,0,0
5aab89012cc2,0.01408479851817224,0.890700286662382,0.09123414796367674,0.003980766855768973,1,0
5ab0afad9234,0.09153251523595607,0.42766623889462624,0.4633582848182271,0.01744296105119061,0,1
5ab46852e359,0.8672491140993349,0.06502069616200383,0.03408146487367988,0.033648724864981494,1,2
5abc0730eea5,0.019486970629578347,0.8687220478988398,0.1081745099390743,0.0036164715325075307,1,1
5ae77db07c44,0.1903523424866798,0.5758786648990595,0.21000041045405093,0.023768582160209887,2,0
5b059ef0f8ee,0.08632049297585265,0.5905711393992141,0.30218372568806,0.020924641936873194,1,0
5b09e5efc537,0.852933879772084,0.039636634096869745,0.08580399194873531,0.021625494182311016,3,1
5b380012edfc,0.1129829939874336,0.8000797994151432,0.046339097098208944,0.0405981094992144,1,1
5b399e31d07f,0.02853620597440503,0.9507893713697207,0.017702685555550792,0.002971737100323395,1,2
5b4320cfadc4,0.06136482109420973,0.7620107104250021,0.1316437803948693,0.0449806880859189,1,4
5b5889f8e4b7,0.03331390955254581,0.9264266489802604,0.039216967674259695,0.0010424737929340968,1,4
5b65a69885b6,0.030422470144325975,0.8942013101242675,0.07324422281958946,0.002131996911817176,1,4
5b96a28a5ae7,0.193368309140343,0.6336039452707829,0.16739990515914716,0.005627840429726953,1,4
5baf929549c6,0.04626615281132585,0.7647995747949414,0.16037114841219968,0.028563123981533066,1,1
5bbc4574f4ac,0.011582062163504232,0.9520966986341244,0.02480424046600377,0.011516998736367532,1,4
5bbefa3819bb,0.27120912243405504,0.403823018230163,0.2970127441265209,0.027955115209261142,2,3
5bc2b00f611e,0.056519874420099134,0.915648099849757,0.024160517225785796,0.0036715085043580184,1,4
5bd7e722e24f,0.1710506973645093,0.6737010844908862,0.14066297537173142,0.014585242772873213,1,1
5bea77df76eb,0.8538333369527862,0.11501549173500904,0.029522200430936854,0.0016289708812679134,0,0
5c20d46146b3,0.5139490712931069,0.29898307737485014,0.18192195864522143,0.005145892686821402,2,4
5c3c9a303c13,0.9369368129745028,0.04412367210796347,0.013262709678817054,0.005676805238716716,0,2
5c4a2ed04ff9,0.017935195744696868,0.9072817323636297,0.056197909358566736,0.018585162533106585,1,2
5c4e0bef2cc6,0.0490329618958648,0.7776148672809291,0.17162574308491785,0.0017264277382883807,1,2
5c5a8fe1d563,0.7172337832199732,0.2183708578715818,0.05639912667750365,0.007996232230941239,0,0
5c63bdd7a0a7,0.13911964186986162,0.6048274142809268,0.2186834311284551,0.037369512720756386,1,0
5c67abd0b49f,0.3837542322204308,0.5604765399264345,0.04980983653915046,0.005959391313984284,1,1
5c6b722a9a82,0.03514773253996889,0.9055388042741811,0.055884540505657956,0.003428922680192087,1,2
5c97fb42f06e,0.8950949831195052,0.023899812723364798,0.07766799578915327,0.003337208367976663,1,3
5cd6a7ebb37f,0.9201474321241068,0.02965858734394015,0.03516881909063165,0.015025161441321544,0,2
5cf8c5e5aa23,0.8794848287500401,0.07238127875867603,0.02520693814606974,0.02292695434521415,2,3
5d09203da3ba,0.2457332160811056,0.5383970485011582,0.20542923728327614,0.010440498134460153,1,1
5d3619fd4540,0.5971226285364527,0.24115201718233095,0.15107003225156565,0.010655322029650765,2,2
5d5f5f5ec586,0.12093287683981006,0.6383164702070372,0.22322301105946166,0.0175276418936911,1,2
5d66b2f4c8e0,0.030937019961404518,0.40466284471934927,0.39375880403728986,0.1706413312819563,1,0
5d786634f354,0.012414953640204241,0.8797679266525942,0.07344560947590133,0.034371510231300466,1,0
5d7a01890cb6,0.09815552482230339,0.8437878579872317,0.017037059047191654,0.04101955814327314,1,0
5d8bf0fa1ec0,0.4922307455741328,0.43439041447493715,0.060237691398766884,0.013141148552163138,0,1
5dbe5d09d8b4,0.06303973079639386,0.5256460705431636,0.36915588810676214,0.04215831055368041,3,1
5dcdd4c77f15,0.13548755695998227,0.6256998326776687,0.1972737329897911,0.041538877372557924,1,3
5de1720c253f,0.085342424667981,0.7921504329989307,0.11430553517340825,0.008201607159680132,0,0
5df3682bc713,0.9404885454136142,0.022117007400076164,0.017095524912705003,0.020298922273604914,0,1
5dfc819491fb,0.050178027981814324,0.5975260385957248,0.33233283557076887,0.019963097851691893,1,3
5e15393e8483,0.3594373072358285,0.4418601665785251,0.1595782349564781,0.03912429122916823,0,2
5e1e833afeeb,0.9791289484112792,0.006048019547108084,0.009246490546864492,0.005576541494748336,0,4
5e22d4f43674,0.09492030272156204,0.5279248315096862,0.3583493971672727,0.018805468601479244,1,4
5e3842ff3457,0.11577904133558009,0.6161685175608667,0.20736485100372584,0.06068759009982732,1,2
5e3a04aec6df,0.07740111455370904,0.8346440031366136,0.08262339957358,0.005331482736097214,1,2
5e543578feff,0.10868386352563016,0.2738884724660936,0.4013735583019681,0.21605410570630817,2,2
5e5b8469395d,0.12505213517618888,0.4787602587672873,0.3290411386239307,0.06714646743259314,2,1
5e5bee2f9f08,0.43828363806699017,0.5221680721824938,0.03266878894209293,0.00687950080842314,2,4
5e64e42f9b10,0.005912439899708161,0.983558089509044,0.009038986512199405,0.00149048407904842,0,0
5e7386e9b570,0.9477643440413145,0.01285960870791536,0.03401668475348361,0.005359362497286418,1,3
5e7e2e3b20f3,0.16043394777448863,0.4015955532169869,0.3442766510231127,0.0936938479854118,2,1
5e811e5fa7a8,0.15465322721762512,0.5388473895120335,0.29591113591319207,0.010588247357149163,3,1
5e8554463272,0.0201650404866767,0.9382360477005328,0.03045760664431773,0.011141305168472806,3,1
5ea54f3cfdbb,0.11011919239411361,0.8119052287013577,0.0752067353109896,0.002768843593539104,3,4
5eb39b25e6a2,0.06679746356692176,0.852899487207304,0.07462316733308022,0.005679881892693849,1,1
5ebc6a206211,0.41167100966876036,0.47560323459960197,0.10655285881671657,0.0061728969149210215,0,4
5ec612c367ed,0.5002323326371123,0.08747101278660324,0.3917110769166865,0.020585577659597922,0,2
5eca9e1472e6,0.9619713673957224,0.009033736170165518,0.02429305633796612,0.004701840096145897,0,1
5ee57e4e2a9a,0.13601284586651927,0.5649218728631171,0.18307217990216423,0.1159931013681993,2,2
5ef72546790a,0.033719613338255724,0.7187359756754145,0.09388763143167841,0.1536567795546513,3,3
5f0bc1dfa0f3,0.20707404490367817,0.6590593156508103,0.11503913137225252,0.018827508073259,2,2
5f101534e80d,0.035973960478578086,0.8593233555412605,0.09023438653138532,0.014468297448776169,1,3
5f159e65db5b,0.06133380588866333,0.801664245884057,0.1251632133514302,0.011838734875849475,1,0
5f1d8846918f,0.9101533544951138,0.03170888656014703,0.03795340919957137,0.02018434974516751,0,1
5f214fc89978,0.027415571269233358,0.7620962233120735,0.15450584770269662,0.05598235771599657,1,3
5f23e39538df,0.6137162030673811,0.1826934385225292,0.18871082807187564,0.014879530338214122,1,2
5f262d843e38,0.036065095968854044,0.886525639206954,0.07250314729230882,0.004906117531883081,1,0
5f4a1c18f73a,0.13718337767877328,0.8086625075200101,0.0472345949835962,0.006919519817620382,1,2
5f68d62a53b2,0.5675608323420281,0.13772522522984929,0.1425640034237231,0.15214993900439952,3,4
5f71657bb13c,0.269644093910484,0.2570249777023439,0.2611919389509302,0.21213898943624188,0,3
5f72cd51c9d9,0.08994144507757056,0.7062802698318036,0.18465624268335584,0.019122042407269987,1,2
5f866897e480,0.7609910594559212,0.13701960793309495,0.0848623404306071,0.017126992180376725,2,3
5f893a168417,0.12199735012628084,0.7977620338358234,0.041071854251629576,0.03916876178626618,1,1
5f9127732aa5,0.2634661007795711,0.2444770884109077,0.17926396045809975,0.31279285035142146,0,3
5f91c6b4a523,0.5686179159491325,0.18807563502831687,0.19717259436034204,0.04613385466220874,2,3
5f9315239590,0.7351713014543267,0.08564410439749864,0.16992703034973333,0.009257563798441296,0,4
5fcb8bc7513c,0.03473358958609331,0.6514082490679457,0.09631574664585539,0.21754241470010566,0,0
5ffacabcbf60,0.6727225075605457,0.2173126426618795,0.10786644529703658,0.002098404480538103,1,0
600ab69570f2,0.13049556330372933,0.5856650956216094,0.222106201111917,0.06173313996274431,2,0
601e2cbcc9f7,0.7727173903909474,0.18312010659765857,0.040753396640503856,0.0034091063708901457,0,4
6024ccb28c47,0.842323145639538,0.06072994474238339,0.07092739074238451,0.02601951887569404,0,0
602ee70cb61a,0.18873233203871445,0.3376963754924122,0.29140395130789476,0.18216734116097857,1,2
6039f7ffcc5a,0.058409897142374365,0.8700456213710844,0.06754514188924614,0.003999339597295031,1,3
604e3942c322,0.4120996478949012,0.24327073197291285,0.29630101319325575,0.04832860693893018,0,2
60554eada6af,0.7744907019696569,0.09149613545283047,0.13055429320285236,0.0034588693746604557,3,4
60582c2b6793,0.40491023128506226,0.1607224055929125,0.42896279013802807,0.005404572983997185,1,3
605a4e81d716,0.43569835343302143,0.3627254825159018,0.15207570947002855,0.04950045458104839,3,2
605f27e6f20a,0.180428476769773,0.5600128718137517,0.2489298342099727,0.010628817206502576,1,4
6065262d57c0,0.22135581471518775,0.6390942277222157,0.12905284236730605,0.010497115195290556,0,0
606f749a9152,0.019131008557220455,0.8891371440443989,0.08640606322548636,0.005325784172894277,1,3
608311337d65,0.036710586006443155,0.28804051943768444,0.6532561366218758,0.021992757933996576,1,0
608c09cf07eb,0.30189024971135797,0.5112264865418594,0.14617005083333742,0.04071321291344526,2,1
60b01c86e9c8,0.022527997663174724,0.9256604672177619,0.03554366058751072,0.016267874531552845,1,0
60b307a1d9c7,0.40097155952748925,0.31025971654061535,0.20106038144479488,0.0877083424871005,0,0
60b889344085,0.44364046118972383,0.30482205208643975,0.2304884789395423,0.021049007784294197,0,2
60c6d93dbf6b,0.8707087825333455,0.055905701616159334,0.07092272403590785,0.002462791814587278,0,1
60cdc5f41222,0.0547027375228988,0.789925244875038,0.15168317425886038,0.0036888433432027525,1,0
60e1338439e7,0.308388865792297,0.4823759979105476,0.1786932912202561,0.030541845076899294,1,1
60ee48e72980,0.42619690960108586,0.10566994841547507,0.41978951057265823,0.04834363141078085,1,2
60f2bf33d1b1,0.17832194660443548,0.2982956452224365,0.49368813487367047,0.02969427329945749,0,1
60f874bde211,0.13132571569836238,0.6733094939718524,0.13239482081381707,0.0629699695159682,1,4
61007125e8a1,0.43023226501709977,0.4317670702016563,0.05872309377878717,0.07927757100245675,1,3
610b0e29d87a,0.7394573057528433,0.1048346292054332,0.14735346798939733,0.008354597052326143,0,2
6126faf783af,0.008038486173934328,0.9334878380078998,0.05195005605749033,0.006523619760675656,1,1
612db6880c2d,0.13978591753317787,0.7589423694800135,0.09316204155530214,0.008109671431506557,0,1
612ea5194007,0.504863067402556,0.23867330734711384,0.24340982000382125,0.013053805246508786,0,0
612f28c33ac0,0.9547465671061005,0.021800973076123834,0.0205989858526415,0.002853473965134134,2,2
6133f90e9453,0.5213170804847757,0.27884381889769383,0.18406940642505018,0.015769694192480335,2,0
614be300927d,0.14631413512426236,0.7767298427696456,0.03658219985345047,0.04037382225264163,1,1
616a679a7380,0.02819515426947545,0.8930625104496469,0.054256270526270925,0.024486064754606858,2,3
616ec28bcb52,0.12409554186882028,0.6636976788895155,0.15950736408861843,0.05269941515304588,1,3
617fdae2aaa1,0.6255154692936198,0.22457446133982903,0.09218234609921645,0.057727723267334635,0,1
618056db0875,0.7711064595408442,0.1533880771887678,0.05639589965154866,0.019109563618839216,0,1
6188756af06d,0.2513420250825439,0.5405458371397874,0.17750597699091303,0.03060616078675556,1,0
618e7671d9c2,0.14182269722092689,0.39350696223428056,0.226917108711748,0.23775323183304461,1,0
619a6ab0ef11,0.5960045419003188,0.2363884478181561,0.15333282141974572,0.01427418886177947,0,1
619a7e7565ff,0.09304515357975496,0.6018681369236606,0.2618895693861125,0.04319714011047199,1,4
61a2545926a4,0.3104314108451196,0.3737916074065117,0.18983024848385052,0.12594673326451808,2,2
61bfc6b7b0a8,0.13925702590205694,0.6824003348615454,0.17465407266768368,0.003688566568713952,0,1
61ef666e618e,0.5727555281144666,0.24338417783598526,0.1374716703228069,0.04638862372674121,2,3
61f2e71f6a8f,0.039645649960600826,0.6016954955290033,0.3140658145157359,0.04459303999466014,3,3
61f60b0f22a7,0.47709791592875517,0.17580028114953067,0.33688828447577335,0.010213518445940921,0,0
61f869d08130,0.11725582047687258,0.5410041093907698,0.2805462875688776,0.061193782563479925,1,1
61ff519046f4,0.03595360174278099,0.8552465772401666,0.07320719131369462,0.03559262970335755,1,1
620367287eaf,0.09038326374755021,0.7736477692154251,0.12075237414200993,0.015216592895014584,2,3
620c3af8a678,0.10798720339376386,0.5371858328220454,0.3233697556529791,0.031457208131211764,2,0
6216290b4e0b,0.045456620410122064,0.8896051877007115,0.05625824484634948,0.008679947042816917,0,4
622b22589a30,0.17368117520969525,0.3369982465814962,0.39575370014195876,0.09356687806684985,2,2
623fd21cb286,0.25073228172879225,0.3803428121077435,0.32744737294098314,0.04147753322248117,0,3
62416d8ec296,0.07665555807502748,0.8193832055425762,0.09268335142070577,0.011277884961690725,1,2
62428c0ca6cb,0.1047932171378692,0.7754289327473536,0.020948904667731943,0.09882894544704532,1,2
6262f05749d3,0.9079191926032085,0.025687934327498052,0.06533693168477903,0.001055941384514516,2,2
6263c19334f8,0.8527924348401704,0.07361346577112612,0.060333045788922006,0.013261053599781372,0,2
62754eaff473,0.007536815721485159,0.9283854085093314,0.0627948447077896,0.0012829310613938518,1,4
627a4fc2a0dc,0.5334577516003346,0.3236250507654176,0.09347164463785944,0.049445552996388475,0,2
628ef26663bf,0.09354888971807282,0.6984617261300025,0.19086475660748028,0.017124627544444503,1,4
628fc5a824bb,0.2474478712174603,0.6732898675273726,0.07307449326739425,0.006187767987772749,2,4
62afcd0adeea,0.48859297833680454,0.4013903404323062,0.07885916173373919,0.031157519497150007,1,2
62c027794523,0.009914647058721462,0.9607622289878334,0.025257813576215295,0.004065310377229756,1,0
62d6d024bfe4,0.030765712377365143,0.9051492729292984,0.04558833261510474,0.018496682078231765,1,0
62ddc7a85907,0.23579081425997275,0.3722321556027571,0.36979512191377134,0.02218190822349876,3,3
62eb85e2e37b,0.03133170724375794,0.6543341982847256,0.266585081463692,0.047749013007824456,1,2
630e1c371a8b,0.08676513793932097,0.4081872103308094,0.3533746902901512,0.1516729614397183,1,0
631509ad3765,0.1921862207946829,0.5209899048314618,0.1610920261794382,0.12573184819441718,1,1
6317840e9b47,0.16224518294213797,0.4252901390929782,0.3638899096262668,0.04857476833861686,0,3
63313ccf753e,0.8317447352501818,0.04047772278639627,0.12465822644568049,0.0031193155177415915,3,2
63343210e844,0.00704002792586863,0.801136824055301,0.18646980011646677,0.005353347902363456,1,1
633ad3666fe2,0.11493541955376231,0.6018921527526475,0.2751583641133532,0.008014063580236937,0,4
6354129bb2c3,0.24978277696429024,0.6261031377300049,0.11408213565250301,0.01003194965320188,1,2
635679335416,0.3151979814938109,0.4547169552949999,0.20795863743608647,0.022126425775102695,1,4
635afb883b30,0.1275339166758287,0.5890514280312312,0.14755086304954446,0.13586379224339562,2,3
635d2d618260,0.2143863713133276,0.6670828553034661,0.10890125625624265,0.009629517126963683,1,4
637e273ff96d,0.340179718123282,0.5518973278499406,0.09758736652721894,0.010335587499558456,1,3
6395341ccdcf,0.044125491146584324,0.3478429635899787,0.17100870328611292,0.43702284197732416,0,4
63a1906b6403,0.9668150256354598,0.015109615009796795,0.014218757095758762,0.003856602258984701,0,2
63a5cd71557d,0.22673346615346213,0.5678267651028875,0.18630288418536373,0.01913688455828673,1,1
63a95293c73c,0.5989457513303064,0.2583192188015865,0.13374695545309948,0.008988074415007583,1,0
63ba14ce106e,0.08644450244575662,0.6153485988334445,0.21375102923861125,0.08445586948218776,1,0
63ce3e6b048a,0.08209214910425439,0.7159233348494229,0.17850042928952442,0.023484086756798212,2,0
63de1ceb55b8,0.029242924746888416,0.8103358240371158,0.1293344855687099,0.031086765647286005,1,3
63e0c8d32ca8,0.5906996784167227,0.37951711488584733,0.02279326375973665,0.006989942937693511,0,2
63efba9a923c,0.09353851587498753,0.8445699016415875,0.054105697590352976,0.00778588489307206,0,2
63f0982859ed,0.2849603591745692,0.6704670705460846,0.027648261271014517,0.016924309008331632,1,2
6407edd84e3d,0.3808074142065403,0.06243318869313528,0.38303153335131124,0.1737278637490132,1,1
640fc90f4691,0.9509309192999601,0.033315099533278186,0.011365583180721367,0.00438839798604031,0,0
642ffa5c3a59,0.8574204386634804,0.08905094450336698,0.050596298587765764,0.002932318245386728,0,2
6441a00880e6,0.5398697505392033,0.1673567575494533,0.2847991635152366,0.007974328396106786,0,2
644889784a23,0.36906376796340196,0.38534176469775444,0.23809161987463862,0.007502847464205032,0,4
64566b44c452,0.06296217971307166,0.9083837872908612,0.014513006229392956,0.014141026766674248,0,1
645e83638252,0.8561831213016204,0.03911519066239264,0.09929074992216486,0.005410938113821969,0,3
646a81833c37,0.0903123999364058,0.4963842125051357,0.40277536477223946,0.010528022786218946,1,2
6480202c9a6a,0.19147443109953916,0.4474799087618438,0.3418450052075276,0.01920065493108942,0,4
6482765c23b3,0.3505700500090346,0.5169077683935408,0.11843087411711235,0.014091307480312277,0,2
648d90c47364,0.08287520847230045,0.6315427242529575,0.27398175627905674,0.01160031099568548,2,2
6493554b3069,0.058305854752261896,0.7453064285618233,0.13824426398411074,0.05814345270180408,3,4
64af5726691a,0.47089957175252767,0.33500145714146873,0.18898293446550687,0.005116036640496634,2,2
64c7b678ff33,0.009893682381363738,0.8802734978891633,0.08420657825571601,0.025626241473757073,3,4
64c9a942dfac,0.14691774910918984,0.26442604368497424,0.5697700579536501,0.01888614925218578,1,3
64ccc691d5b8,0.8985081193344207,0.06175028841670773,0.03864244098338434,0.0010991512654872895,0,0
64def9970a5d,0.13448858373407277,0.3704907572268528,0.4918099157780758,0.0032107432609984037,1,4
64f0e6e828c0,0.14021603607561003,0.7941710879875414,0.03557705735891853,0.03003581857792992,2,3
64fe1afb0534,0.17725736687146684,0.6516075050375872,0.1332542548380773,0.03788087325286859,0,0
6517ef244d5c,0.10052677369553309,0.6966869835813883,0.1350525639963119,0.06773367872676674,1,4
65442563a7ae,0.8034630281987561,0.05905842340665423,0.11989605106626301,0.017582497328326497,2,3
6551dc773a4f,0.2545716633663962,0.5630728890093505,0.05966069540236167,0.1226947522218916,3,3
655298dad8ed,0.578948460513663,0.2977205398965441,0.06538697152595035,0.05794402806384244,1,1
6556bcef1015,0.008705400339455775,0.9309790013313213,0.05792201260937918,0.0023935857198437026,1,1
6566073682bf,0.6751503455832388,0.26289497738303425,0.055655738553119824,0.006298938480607135,0,0
6568580bafe6,0.015631917936271233,0.8990075623610996,0.06620979570460275,0.019150723998026475,1,0
6588e42c7051,0.17869839987050076,0.7237578298338899,0.08532067273682413,0.012223097558785166,2,0
659e18eb801e,0.08968646247271628,0.5319888614714338,0.33811561222337183,0.04020906383247811,1,0
65a9ac85fb31,0.037898056827270175,0.848804277714829,0.09992207438805885,0.013375591069841954,1,4
65b2d542a83f,0.2743049480459233,0.5295565961257912,0.100979120617779,0.09515933521050655,0,3
65b95a01d61c,0.7608626708262201,0.10763343402360029,0.1192999457479878,0.01220394940219185,0,2
65c91ba5fd2a,0.7542791630409912,0.09088857043849988,0.12657626069053823,0.028256005829970544,0,2
65e2a7b0905d,0.2795613201870965,0.196608393937156,0.422518683163113,0.10131160271263467,1,0
65ead08a5f6b,0.1042952015104134,0.5626864118517815,0.30814720845221677,0.02487117818558828,2,1
66028624dad2,0.05947456754119841,0.8672653088948841,0.06383520131390792,0.009424922250009682,1,0
6618a84e2d7f,0.5281098481198419,0.17923411496818142,0.23731114383816812,0.055344893073808674,1,3
6626a3e68101,0.9643586393449098,0.005470048196514106,0.029553986739651594,0.0006173257189243275,1,1
66541affb82b,0.006740778441366009,0.9626014114635849,0.030032619493748813,0.0006251906013001276,1,1
6677528753f7,0.4411408861007129,0.24119414254651123,0.252004549564916,0.0656604217878598,3,3
66a8b3010ac5,0.26184529436807163,0.29956941701063544,0.3039355659679727,0.1346497226533202,1,0
66c34b9e2573,0.10651559013942867,0.58565813594065,0.2973908283536982,0.010435445566223209,1,0
66c8721f3b30,0.01102774337240527,0.8208668593118834,0.16662019827902472,0.001485199036686493,1,0
66dd033c1bb2,0.16293832687824336,0.5913343482243975,0.21546236849290645,0.030264956404452856,1,4
66f126a8db9f,0.827485893661057,0.13988181836954242,0.015809180437701062,0.0168231075316996,0,4
670ad2fc8a1a,0.007526298189666555,0.9619287605690299,0.027074564338152498,0.0034703769031508686,1,1
67196f1a10bd,0.07404758816667324,0.664786803052187,0.19435959563236918,0.06680601314877077,1,1
6721bc35410d,0.506399839820775,0.1595223816656294,0.3316855881260448,0.0023921903875508076,2,4
67248a9a20b2,0.0726170403791699,0.8097509650419159,0.06808436038075284,0.049547634198161536,1,0
673e42f95093,0.835313045568322,0.0276617346739563,0.13135137334438704,0.005673846413334752,3,0
673fa0edd187,0.4638740666578388,0.24843385251275246,0.22077565685101927,0.06691642397838951,3,0
675f6a17212d,0.06328033748132404,0.7267049366951996,0.09522466287480219,0.11479006294867422,2,1
6761361fb525,0.6026145199708508,0.20645824734680526,0.15664588123763848,0.0342813514447054,2,1
6764f0f90077,0.04005857563108598,0.7112981261301995,0.23988194877893612,0.008761349459778514,2,4
678c19bc184b,0.9754431512448827,0.011148700590708726,0.010262870420871956,0.0031452777435364647,0,3
678ff202ffd6,0.1879540624281276,0.592925606680917,0.19534389028879662,0.023776440602158864,0,3
67b9fe4a0b03,0.5891839379680562,0.18589734179405198,0.21873794754792017,0.006180772689971629,0,3
67c36705aa1d,0.3787628754818638,0.4744721239785006,0.13811578464864785,0.00864921589098759,0,4
67d55d17a48d,0.07899318456634125,0.833500152941967,0.06637440147282031,0.021132261018871352,2,4
67d896636fe2,0.7243872426083202,0.20357777953330397,0.06596467982053932,0.006070298037836524,0,1
67f18795f1c0,0.9886454794328928,0.0054885864174020835,0.0035084944420220344,0.0023574397076830374,0,4
68370c4bcdc6,0.4273169554567347,0.31072565029784743,0.25332665024454276,0.008630744000875051,0,0
6845d1fb4095,0.09383300014922318,0.6747256132937866,0.17757198830056634,0.053869398256423895,2,4
686012381df9,0.938402093408698,0.020247436182523216,0.030158355476743844,0.011192114932035044,0,4
6863735553dd,0.7136748663783956,0.07447724304208614,0.18750804603391458,0.024339844545603697,1,2
686de7618a36,0.3513325365211731,0.5101477023937213,0.12728494975606078,0.011234811329044789,1,0
68711c5bfca0,0.6335457363562256,0.2020076367415525,0.15482323554412272,0.009623391358099195,0,2
6873d2c34118,0.8596312592988042,0.055837975936569924,0.032489443587075416,0.05204132117755045,3,4
6884d06dc7dd,0.4131376247885776,0.18960944773989868,0.38815531156990807,0.009097615901615667,2,0
688b9316db30,0.20664344462173442,0.7542128811245348,0.021696864971779355,0.017446809281951404,1,1
68912f28a690,0.9926010749257342,0.0016020661925635385,0.004677222648625861,0.0011196362330762337,0,1
6891e96a910e,0.5287534212974747,0.38015900322530727,0.08425809687404509,0.006829478603173044,0,1
689e8924cae3,0.9390951219131548,0.04524667088546409,0.011247532891069986,0.00441067431031109,0,2
68a7d37d581f,0.2507720616498577,0.5915905819829238,0.09615942744893617,0.061477928918282465,1,4
68a889e685a3,0.1814333424509653,0.38269773513495076,0.39829347127249104,0.03757545114159278,2,2
68abb2be3ba4,0.03652566664577125,0.6815716669247429,0.2499471245252994,0.031955541904186605,1,1
68adf82510a6,0.6067606688149744,0.2653806411262491,0.12471264441869871,0.003146045640077747,2,4
68b2e448f6ec,0.10776936554264453,0.41932909882667635,0.4646379235757525,0.008263612054926596,0,4
68be8460c512,0.16642799951792164,0.5243777577718821,0.13659458771356053,0.17259965499663582,0,3
68d167b7ed15,0.10193144028290518,0.24595908777591685,0.6085982574468332,0.04351121449434477,1,2
68d7d715efe4,0.6730734533929412,0.034753477855862726,0.28817051090673135,0.004002557844464702,0,3
68d9575beb22,0.7095135563917893,0.20662770357564844,0.08269737708904426,0.0011613629435180527,0,1
68da89574353,0.034434970824556654,0.40529947585308557,0.5041169323084739,0.056148621013883925,2,0
68ebe7eadfc2,0.04864592983772585,0.8418473922143435,0.07956251599079843,0.029944161957132134,3,4
68edcbacd401,0.19363142558317,0.6298751228152056,0.15907159788963351,0.01742185371199087,0,3
6909e8b953a5,0.17641422826302547,0.7211390272566868,0.08639500464653832,0.01605173983374938,1,2
690e42810486,0.7165859815880417,0.14819649436514118,0.11605095763930295,0.019166566407514282,0,2
690edf59a68d,0.03470877655135985,0.9215403194149115,0.042464795825715954,0.0012861082080125592,1,1
6915678cdfd0,0.15625802363289779,0.5683773034009494,0.2019816365140547,0.07338303645209818,1,3
691577f28973,0.236715992665404,0.40876326768515897,0.31409509204978087,0.040425647599656125,2,4
691a323878a5,0.15341076016493457,0.5697686267645128,0.27051858430847925,0.006302028762073333,2,4
6936f4616519,0.05418579974995875,0.8476722372864698,0.09148303497746546,0.0066589279861059576,1,1
69584c7bb3f0,0.7248057482424762,0.09359201091912865,0.1589943023400761,0.022607938498318984,0,4
695e7da261a2,0.019716563518433542,0.9123614255004727,0.06631655867910578,0.001605452301988092,1,4
696814af65d5,0.09617759889182068,0.8246273701488948,0.06164250517208368,0.017552525787200776,1,1
698ec439ea71,0.3534797116828426,0.48510281887110407,0.10699866419924567,0.05441880524680773,2,0
69900354fd02,0.11993642238878549,0.8127775502450589,0.05650113462708675,0.010784892739068911,0,3
699611aaa3b0,0.3618903397685135,0.40025836485413097,0.226963322213408,0.010887973163947568,0,0
6996bc393596,0.07554630934348402,0.8288855679856096,0.06270067513549799,0.03286744753540843,0,3
699f119d8555,0.06611829605436244,0.23766201245667826,0.614723092567914,0.08149659892104529,1,4
69a933e0ed96,0.2841847023858814,0.5204117831544748,0.1891908716545481,0.006212642805095683,1,2
69aa502599b5,0.9817116727117101,0.008609132463062538,0.009470566374270323,0.00020862845095688656,0,1
69c0923dac41,0.5395533015215346,0.2119450816374837,0.24536163724822177,0.003139979592760088,2,2
69ce4e6043bb,0.12199076381177296,0.3838621297356531,0.4618960368741867,0.03225106957838728,1,3
69e33b894532,0.8452975528645336,0.06258990904712142,0.08203853257866114,0.010074005509683797,1,0
69f1fef9ba01,0.015284412430021386,0.7613432414039566,0.2103041480679613,0.013068198098060728,1,4
69f2bd2ac9ae,0.019130309641961597,0.9142191338760512,0.052904641123889644,0.013745915358097433,1,3
69f765c5e52f,0.024225108944835625,0.30363709119778726,0.6679019114220479,0.004235888435329209,0,0
6a034051a411,0.043935512835190836,0.9206631936306149,0.02946271444223257,0.005938579091961878,1,4
6a11242aa493,0.0651565563402342,0.8005662097872533,0.12714644952169407,0.007130784350818236,3,2
6a160adfe649,0.1841013174849857,0.6853220260614712,0.12182313228513646,0.008753524168406645,1,1
6a280e4917c1,0.007939892505996062,0.9353894581477946,0.024067200963505463,0.03260344838270368,1,0
6a3350b438d8,0.2155229411768717,0.30768604661717075,0.3391855795868452,0.1376054326191124,0,0
6a41fee76a05,0.8544394393118919,0.10329780719235175,0.03862259744437163,0.0036401560513846516,3,2
6a5a23f659e2,0.10386987305336425,0.4403727859116829,0.4538083277212101,0.0019490133137428816,1,1
6a6071a3d542,0.08570021161272348,0.665294256427303,0.1741590749315359,0.07484645702843769,2,1
6a69771d343d,0.18976621589315645,0.7217874176401422,0.07911127304277515,0.009335093423926327,2,2
6a80b8290f19,0.020431894792070415,0.8366256655969606,0.13518813921040823,0.007754300400560923,1,1
6a91cf79b14b,0.35814387992753344,0.2276104948164962,0.38275564878187535,0.03148997647409499,1,1
6a9fa7dbed7c,0.5784162893606138,0.2933036914417577,0.12128849200185561,0.006991527195772915,3,1
6aa858b14f3a,0.2549877818316813,0.5982969326388565,0.1299573739610576,0.016757911568404487,0,0
6aaadabe4cce,0.11913650731770414,0.6543862305592444,0.1906108218608874,0.03586644026216412,0,3
6ab55b9459a0,0.05914729054202129,0.798961672050017,0.127416286020833,0.014474751387128724,1,2
6ab6283bd80f,0.2525786482519041,0.5727482109145233,0.11288967398914979,0.06178346684442271,2,1
6abd595dc9ac,0.5796410804295166,0.3012457822565231,0.08880870848293392,0.030304428831026412,3,2
6ac13e0b0083,0.6250621298868668,0.2724695608967993,0.09980958800820494,0.0026587212081288837,1,4
6adfb7a6ead6,0.09081466792586823,0.4406088073608367,0.38866171561994994,0.0799148090933452,2,0
6ae0779efffd,0.5338894430686616,0.20930523481148222,0.2373592606581259,0.0194460614617303,0,1
6ae8a88c4b0c,0.15885356887040913,0.6932846995508094,0.13353252559498938,0.014329205983791986,0,4
6af84ed188fa,0.04336375990847082,0.7587572588786131,0.18554702101326936,0.012331960199646788,1,4
6b02afdf2444,0.09503498328969319,0.5434824059922123,0.29714818491988065,0.06433442579821388,1,2
6b08e639593c,0.7500683504836001,0.1692291888697227,0.07658420469355337,0.004118255953123766,2,0
6b16f7f2065b,0.10096864873523553,0.7444240104757354,0.09566015010207134,0.05894719068695771,2,3
6b20523f5b0c,0.7567022885560214,0.13936027094991413,0.06402567266329472,0.03991176783076955,0,2
6b25cd407849,0.15370962338320285,0.769786923438725,0.04895118708277762,0.027552266095294563,1,3
6b2ca1539348,0.046134273397102354,0.8924366949111106,0.05961647026893184,0.0018125614228552275,1,2
6b35b67f1608,0.7666419909031765,0.04423625163888638,0.17076689427428968,0.018354863183647326,0,0
6b3dd41dcac9,0.07479757528141119,0.5160725990361819,0.22984738575491892,0.179282439927488,2,4
6b50ada2cbef,0.6135718960328931,0.15254260900435412,0.20411335871898897,0.029772136243763844,0,2
6b9b82594fcd,0.32577823333193584,0.2536842633803244,0.3936171854603722,0.02692031782736763,3,1
6ba3acc30c1a,0.0662166202137126,0.7375908035732861,0.19196125486780874,0.004231321345192377,2,0
6ba5b0037757,0.9558738708242803,0.016248539643616288,0.025866822094507733,0.002010767437595711,0,4
6bb07353d102,0.18905605595457886,0.6537861060599084,0.14868278698930568,0.008475050996207148,1,4
6bb38a2b98f0,0.1339931382428759,0.754710653501468,0.0761788960884805,0.035117312167175424,1,4
6bc01f9a44a5,0.19039441761345618,0.7330008312362656,0.05991925705197009,0.016685494098308152,1,3
6bcea66a71ed,0.034408229718633686,0.5431419625976598,0.3694158144019023,0.05303399328180408,1,3
6bd25e34b9bf,0.04802202752401245,0.708930125491092,0.23444772859827673,0.008600118386618807,2,1
6be8198c605e,0.9500326911374056,0.018269491935005676,0.028397868008113895,0.003299948919474811,3,4
6c24f49a9da0,0.8652724421737352,0.0836558889009993,0.03567384235923313,0.015397826566032344,0,4
6c30f2ff1a9f,0.1914949852476749,0.6637200206671277,0.13680007339251357,0.007984920692683938,1,4
6c38af5d08ab,0.4941286462620319,0.3062099029372294,0.1886981418218511,0.010963308978887507,0,2
6c5894699b1b,0.05076621543404503,0.8717903361715132,0.029162230430884905,0.048281217963556895,2,1
6c7342c4e585,0.6822675846840133,0.2745161230983446,0.04083266223269034,0.0023836299849518626,0,0
6c7422f3cd88,0.7539753728487316,0.08626384264845696,0.15248479456824934,0.0072759899345620745,2,1
6c78db9456a5,0.049881402112543875,0.7256215420605945,0.1766055877224171,0.047891468104444494,1,4
6c8f1d37069b,0.6940281831515868,0.07695596353653116,0.21979255209577325,0.009223301216108846,2,4
6c94a17753d5,0.990365558839304,0.0028929616684058037,0.0045830338745584225,0.002158445617731649,0,2
6ca510d3e776,0.5750746996710667,0.13630728771018683,0.24848079781204613,0.04013721480670015,1,0
6cad5f4723bd,0.06544936731512635,0.510770440977887,0.30657440595366753,0.11720578575331904,2,0
6cb62181e4d4,0.13003116373734616,0.7834269343203882,0.07966518486826916,0.006876717073996463,1,0
6cd0d5caa9b0,0.14369885090674786,0.6206127346260228,0.18070970059474697,0.054978713872482224,1,0
6ce204b37e48,0.2047236473007133,0.39344374581652525,0.31115069115850763,0.09068191572425367,3,1
6ce2a9142829,0.9103332386335428,0.05383658006017438,0.02275455712511545,0.0130756241811676,2,2
6ce6dde1c9a9,0.33663996284809067,0.23735511525940092,0.0811246855650751,0.3448802363274333,3,1
6ce999aa308f,0.07897435218204933,0.8926325278855629,0.009315842580839123,0.019077277351548464,0,1
6ceafcc1bebd,0.05404687137788252,0.8367178424774019,0.08077804244245947,0.028457243702255955,1,1
6cef85af3be3,0.03624445271133247,0.7325866635744885,0.1791350203951617,0.0520338633190174,1,3
6cf1c5a113d2,0.01895471580299629,0.8993518623126893,0.0796038867938035,0.0020895350905109364,1,3
6d0e33569c4c,0.1279674804528722,0.6961295403425546,0.1462419167377514,0.02966106246682183,1,4
6d10dfb48a68,0.118375914622174,0.3083689562923849,0.5572199472331408,0.016035181852300174,0,2
6d172472504c,0.059752679453653694,0.761462914994317,0.1723241575626817,0.006460247989347633,1,4
6d3dfbb13276,0.7886454178151822,0.12235180968444061,0.037063979921764696,0.05193879257861252,0,3
6d6965af3f63,0.1657120705731798,0.7190180309574452,0.1122159875761396,0.0030539108932353507,3,1
6d735565d5e8,0.25095608076129516,0.4684360641439749,0.21889829045287093,0.061709564641859144,2,1
6d7efd97265f,0.13459412095841547,0.7596337095892023,0.09977934398859493,0.0059928254637873195,0,0
6d83b6774b0a,0.11415655415177015,0.5867474922277283,0.242973917620767,0.056122035999734664,1,1
6d918a401365,0.3032920019171618,0.4385899344498737,0.18442047407522075,0.07369758955774376,1,2
6da07da4db19,0.465111703414015,0.3927444228454692,0.1197253556491008,0.02241851809141503,0,3
6de130752a73,0.03313979628322256,0.8695708186451565,0.06663651317341794,0.03065287189820306,2,0
6de88cb78697,0.3902045298073142,0.17246756121096665,0.39813979270040406,0.03918811628131501,2,1
6df28558048b,0.16013343112483475,0.7084090542039112,0.08869367399237842,0.04276384067887565,1,0
6e1722a9f612,0.13048479309169692,0.4791638072936973,0.37409692350936313,0.01625447610524264,1,4
6e1af908f926,0.20145868247720877,0.7066444229139546,0.08896241364737241,0.0029344809614642196,1,1
6e1e6e1f06d8,0.72096649656543,0.10103502067980147,0.16485458919691143,0.013143893557857148,0,0
6e2036e14c7f,0.10390051354666932,0.7864225357739533,0.06988693283977267,0.039790017839604716,0,0
6e2814381ad5,0.20058390685027347,0.42106780658249315,0.08482185444749851,0.29352643211973495,1,2
6e397c1d4ad8,0.04955529106212931,0.817923004051273,0.1236904320474411,0.008831272839156641,1,4
6e3e83089363,0.07702337968928633,0.6173445118705801,0.2938188215163584,0.01181328692377521,0,1
6e4a0581cefe,0.003944040772283395,0.9726492785315091,0.018684788730703852,0.004721891965503553,1,0
6e550fa78c6d,0.5780401502110105,0.36074360883675605,0.042579165291415824,0.018637075660817494,3,3
6e63af9d6140,0.2681218236233175,0.2468016199517114,0.48307416112003143,0.0020023953049397424,1,1
6e7239f0b71e,0.3094844476832011,0.46688688037094866,0.20099673361152204,0.022631938334328156,2,4
6ea453b90c6c,0.6060969058061488,0.0853430111183347,0.21257886058207423,0.09598122249344215,0,4
6ea8cbf6da87,0.5409448889517461,0.18424562036445805,0.20086608973261103,0.07394340095118489,1,2
6ead8a34ec98,0.200163692136733,0.574323168847608,0.20873934046019046,0.01677379855546855,2,0
6ebb85e3ec55,0.3588958190287964,0.33406585343348294,0.26931711202811226,0.037721215509608406,1,3
6ebc9d6383f7,0.14871708010424167,0.5346237322143178,0.2897165065158683,0.026942681165572278,1,0
6ebfc762aa01,0.17451671208926703,0.7515866619486863,0.06758549615627839,0.0063111298057682294,1,1
6ee4d806e567,0.5136508632801902,0.27547137697949264,0.20012382134611575,0.01075393839420139,2,0
6eec41aa515e,0.7882010279398759,0.06311590276948673,0.11466421687724639,0.03401885241339093,0,2
6ef10ae3338c,0.02285332485369666,0.9393975211836758,0.030365817876483795,0.007383336086143608,1,4
6f080807353a,0.18683182772052148,0.529114029720108,0.2691550076318958,0.014899134927474562,1,0
6f0a11450459,0.4229878836048379,0.25972015002905635,0.29903143912686503,0.018260527239240754,3,3
6f29d576794f,0.24197180470414525,0.5832237767780339,0.14271778722948428,0.03208663128833661,1,1
6f2af770938f,0.010541707538039315,0.9090079601702545,0.07669055843091217,0.0037597738607938777,2,1
6f2c498c1bc1,0.16799390327334776,0.7245498402871798,0.08215060424411173,0.025305652195360774,1,2
6f43b168f0c8,0.26586848633185256,0.6633144963044977,0.06602197567662647,0.004795041687023211,0,1
6f60cbbdff62,0.018821460454679754,0.8768310229349949,0.10253458671898245,0.0018129298913427793,1,1
6f6170503ca8,0.12181524041508088,0.6265124687720771,0.23461247640387953,0.017059814408962558,2,3
6f640d05c3b9,0.011346050890890073,0.9403318353904587,0.03835071062239712,0.00997140309625394,1,0
6f6cf201e2e9,0.06061958108715514,0.341678957126706,0.13820247260729127,0.45949898917884757,1,1
6f82787b77a9,0.21807679182471798,0.30904458418011693,0.19516393723118333,0.2777146867639816,1,4
6f88ee365a75,0.08517044570623693,0.5943292024309806,0.2646573794363953,0.05584297242638708,1,2
6fa9fa493dd8,0.901199450793602,0.03636649824141035,0.05436591983409501,0.008068131130892673,2,0
6fb902bf498b,0.23206160033847748,0.6107584180910134,0.14195375871425056,0.01522622285625869,1,4
6fc05a848fc4,0.1473350821160483,0.633693366985917,0.15694779742085657,0.06202375347717806,1,0
6fc7c54a65f0,0.10581187298832863,0.2103857642632041,0.5432971480329698,0.14050521471549746,1,4
6fcd121e2158,0.35979128146339806,0.5705547758278561,0.059004604452311836,0.010649338256433957,0,3
6fcfdb41c627,0.0479315004078502,0.8140433285786322,0.1307563386651612,0.007268832348356471,3,0
6fd699f5e287,0.6164709985473241,0.28070753480729793,0.07451007578636243,0.028311390859015566,1,3
6fda1242f5e1,0.012700355319523692,0.9106088487834977,0.06806283380376314,0.008627962093215594,1,0
6fdb93227268,0.09337032064505306,0.6032625646201073,0.2898213012150155,0.013545813519824156,1,1
6fddebe03b95,0.0023651219539761563,0.9604160849708142,0.032852228048731544,0.0043665650264779685,1,0
6fe13adf23a8,0.04062684159421404,0.862219007766176,0.058109241263413026,0.039044909376196923,1,4
6fe5d9760641,0.05117857793840541,0.6412997229065515,0.24256206366998193,0.06495963548506122,3,4
6fecf0039e87,0.12984222220825414,0.7922414142621982,0.06604818307643952,0.0118681804531082,1,4
6ff3619ba762,0.1485258661513867,0.6866597293502091,0.04975224998805219,0.11506215451035198,1,2
6ffc47a55a89,0.1659183126266933,0.5865688270547,0.216555642692235,0.030957217626371752,1,2
700f8b64c2b3,0.8056688111619696,0.06394639772169662,0.10253764461372297,0.027847146502610817,0,4
7015d3f8ad97,0.3578873517579691,0.22959972163268053,0.40042663230470965,0.012086294304640732,0,0
70181e40a550,0.41910747134031623,0.33075480961949477,0.17618585018662486,0.07395186885356415,1,2
7026a1d06acd,0.8458614741186712,0.034322779321041594,0.1142613569442327,0.005554389616054345,0,1
703862f77abc,0.2021536991913497,0.341551940879585,0.436030690196196,0.020263669732869367,0,4
70506829e724,0.7117331485532414,0.2477043190032518,0.03544944619486021,0.005113086248646753,2,4
705ef7c40475,0.02219503807488421,0.8760282168551164,0.08101599252085472,0.020760752549144678,1,2
705f6121d2bb,0.134917190846835,0.734355159895024,0.05988585138511018,0.07084179787303067,1,2
70623a0fc6da,0.0680980366919578,0.6755165320904298,0.08388255969706018,0.17250287152055227,1,1
7064f1df2a5a,0.018516123549414124,0.9513773386502457,0.025209569220216683,0.004896968580123459,1,1
7082bf0562c7,0.10058780845256184,0.8004609884872682,0.08471309169556629,0.014238111364603649,3,1
70885f674bb7,0.14278160173750706,0.8115083556064965,0.028627815334051024,0.017082227321945247,1,2
708fe734309c,0.0675176190608223,0.764510300655023,0.1611153429007127,0.006856737383441933,1,4
70946a30bc87,0.7227456595804792,0.21697545609365987,0.045973167289018825,0.014305717036842087,1,2
70968f0162f7,0.755694416679268,0.09235666522327965,0.0818947801524744,0.07005413794497797,3,2
70997208bbc3,0.6110631001334003,0.11146853715528582,0.23528314164937186,0.0421852210619421,0,3
70a770a53304,0.5858855918364256,0.2530585540234914,0.10213628473089048,0.0589195694091925,1,4
70bf1155c5c4,0.06303875988051372,0.728406712095514,0.15090314207049846,0.05765138595347383,1,1
70c36a2a918d,0.052891250312213506,0.763490578306624,0.17484750799943816,0.008770663381724273,1,2
70c5a1b111b9,0.25156350651383863,0.6924581691520199,0.05217896291133538,0.0037993614228060734,1,4
70db5f349b02,0.1684244684457155,0.7199113803968672,0.03219269931139963,0.07947145184601768,0,3
70e4e4031f99,0.11809305268932208,0.8034625885163117,0.07329852992953036,0.00514582886483588,0,3
70ff97e1af81,0.023178111439333463,0.8494544523394115,0.037747309188214485,0.08962012703304058,3,4
71043aaa32c1,0.07714050124401398,0.659138519738379,0.11584205834643203,0.14787892067117508,1,1
711e04fc0ec1,0.5655237577765401,0.16886466661451852,0.07619184893939816,0.18941972666954315,1,2
712a74acd2da,0.49056699519192853,0.4331483029187354,0.07363783847409563,0.0026468634152402625,0,1
713c1dacba37,0.7009261934854472,0.1940756864999255,0.09358414509466521,0.011413974919962225,0,0
7143ac3d6c02,0.1841996333732767,0.34891075964150975,0.2798170706430493,0.1870725363421643,0,0
7145f6e09e86,0.5036907288264605,0.36957274462167106,0.11915902193965638,0.007577504612212129,0,3
714f28824757,0.5098556461879149,0.21016084108554609,0.21866440385807118,0.061319108868467725,1,3
7154fd5f147c,0.27785220575404324,0.3348896460963384,0.3007611067437876,0.08649704140583085,0,3
716d94e2d49c,0.06292470642905358,0.5867312578845163,0.14418182582971167,0.2061622098567185,3,3
717649076168,0.0590344825203842,0.7034179739343978,0.22298826961055387,0.01455927393466415,1,1
718e884695bc,0.20312578531852923,0.685547779878994,0.10227528642705745,0.009051148375419147,2,2
71d1bdc6e89d,0.5253352135292243,0.2983747907181604,0.14297619081427965,0.0333138049383356,2,3
71d4e9b630fb,0.057122848333296845,0.7011686897123772,0.213887595898333,0.027820866055992755,1,2
71d83087844c,0.7451539312884655,0.1675590514713555,0.07294493487217507,0.014342082368003948,0,4
71dad6eccd07,0.21406804740874333,0.16798576289500203,0.6129119583232163,0.0050342313730382246,1,4
71e052c9da68,0.12773306441988597,0.47882907256236945,0.3657499159617447,0.02768794705599999,3,0
71f56b6a5589,0.09249847626356128,0.6074402874771534,0.23902938192987205,0.06103185432941328,1,2
71fb5ea71283,0.12314875349056693,0.5911541915926567,0.2639962805122857,0.021700774404490683,1,3
72044bb44d41,0.019092631129029064,0.9379161245872102,0.025934315671236843,0.017056928612523926,1,0
72096a738cea,0.029748421106718475,0.8095680617643816,0.15884127091590375,0.0018422462129962297,3,0
720fb67abb1e,0.4459811718283744,0.16406258648068422,0.34641888077599103,0.043537360914950425,1,4
7213dcc54526,0.03694602861450628,0.9451059406846215,0.016109622699531024,0.0018384080013412899,2,4
7222149ad319,0.15875129495478355,0.39540295447906093,0.41793869747679024,0.027907053089365218,1,2
72307dd985e6,0.03762418075173616,0.4786616743328286,0.3815060585593354,0.10220808635609994,0,2
72425b393845,0.7425294889932628,0.10618459455105865,0.13316046264934975,0.018125453806328785,0,3
7249de10ed69,0.3458574844379937,0.5577269723189279,0.08345141397890345,0.012964129264175077,3,4
724d6bc409ed,0.8455987953583807,0.03534623449809593,0.10199216532156147,0.01706280482196199,0,4
72514d63484f,0.21157675725042735,0.6317303238246943,0.13946718552753504,0.01722573339734332,0,2
726c53df6609,0.14469701331884557,0.6665017683532123,0.07600088843171035,0.1128003298962317,2,3
726e81c6c735,0.4563593560662006,0.44869041877174326,0.07250868252527169,0.022441542636784544,0,2
727cdd8777b6,0.04486209810818886,0.8090506943517882,0.11874196498464396,0.027345242555378957,1,3
7282d136726d,0.9241653721832852,0.034524546446680036,0.0357506395561194,0.00555944181391536,0,3
72844dad85ba,0.40924911739963377,0.5023527208637726,0.07733573210676703,0.011062429629826719,1,0
729a96c67c8c,0.08137726729233791,0.7181786931199602,0.18570059113594617,0.014743448451755639,1,3
72b5ff80fa42,0.13333141521414352,0.6358250878636938,0.21038983435785438,0.020453662564308236,2,1
72c48e3d0100,0.26263166716854086,0.6659959850833355,0.06784888160245724,0.0035234661456664067,1,4
72d02af1f658,0.10544536282455369,0.6995771122248238,0.18236518860204165,0.012612336348580807,1,1
72f57941bed3,0.4223712220019201,0.4114093748022871,0.11093895902651267,0.05528044416927997,2,2
73049129c53a,0.03599385160948693,0.8402721267965323,0.03860625854346667,0.08512776305051406,1,3
73077ed6c5ca,0.23808310704993288,0.40388872214429306,0.32525974628120924,0.032768424524564785,1,2
730aca6abf73,0.6835943409277441,0.23237208412215468,0.07284259777176012,0.011190977178341076,2,1
730dde2edfc7,0.48972060358587843,0.3624472306747824,0.09217179157391317,0.05566037416542589,1,1
731f38a54d39,0.7559707431446762,0.06827595544000124,0.16343304247469775,0.012320258940624773,0,0
7320a49281fb,0.2715823890073517,0.4905784007255748,0.20930307259869962,0.028536137668373984,3,0
7322960be0a9,0.1232636629311567,0.8082931326396496,0.06381786284262271,0.004625341586570951,1,4
732475ef8c2c,0.00496475686944437,0.96678780549495,0.022278670560545492,0.005968767075059961,1,3
733ed3e2cf92,0.3027708950313055,0.3006460746418425,0.3839440555936204,0.01263897473323149,0,2
735523d1689e,0.4209567739141493,0.16806363417315331,0.36097997692978867,0.04999961498290861,0,0
7359a4fd6f06,0.09812687901670258,0.8011491602634263,0.0974254449264457,0.003298515793425379,1,2
7367c35f74ba,0.7647561768678964,0.1854497473679932,0.045375042768858315,0.0044190329952522155,0,3
737a25e956f4,0.7800028000569749,0.051403284471368,0.11788523777284807,0.050708677698809136,0,1
7397c44412f2,0.05198255398844713,0.7610464135434966,0.15076559124358027,0.036205441224476026,2,2
73a7ea88d1c5,0.566815051255508,0.2321943752867544,0.15211693532720189,0.048873638130535704,3,0
73be9646a914,0.05007975083902445,0.7836975475994686,0.1473126692059052,0.018910032355601642,2,0
73c516bcab83,0.10057145128487828,0.7644646969023031,0.1045963360965076,0.030367515716310918,1,4
73cc509a84f7,0.11081572098812396,0.7510178555491652,0.10168075261807025,0.03648567084464049,2,4
73daf4596bf7,0.012514255173545784,0.8270245141616196,0.13922178708390506,0.02123944358092962,1,0
73e3912f1d29,0.26444622213034363,0.051509404898733444,0.6779963819504339,0.006047991020489039,1,4
740b0dab33ca,0.919921611093512,0.01408591999353604,0.05998232804269367,0.006010140870258311,0,2
7416b5cbc531,0.08100176763187068,0.8003339189477532,0.06140816853844653,0.057256144881929455,0,2
741b969bba80,0.03516078988498346,0.8194835960956087,0.13503403013643753,0.010321583882970449,1,4
742a1e1fff0f,0.66893977305303,0.14455273778385158,0.15254483524258375,0.03396265392053469,0,1
7437ebff0c0c,0.17036431880237987,0.7031024606768607,0.11687308762633548,0.009660132894424108,1,4
7442e4e2cbd1,0.9442396209386006,0.02357702589195417,0.02789933496126913,0.004284018208176171,0,1
7468e3ccba55,0.12532369106387262,0.4770478034072474,0.38497911323802064,0.012649392290859382,1,3
7474d005a422,0.03474096654050286,0.8517686949388489,0.10883219392541935,0.004658144595228921,1,3
7475f784d4a1,0.016501017226348183,0.9028069970199281,0.07909287906664987,0.0015991066870738545,1,4
7476f5857c35,0.20547349265896422,0.6627264914693103,0.07544782033479441,0.05635219553693113,2,4
747702a0bbc0,0.08108758815453465,0.8704211156049011,0.04091536389885096,0.007575932341713384,1,4
747af914db5f,0.1737934491429362,0.6293136513943985,0.07723236062687452,0.11966053883579068,0,1
7493e758bb52,0.658553683003482,0.16158226231215994,0.12714946421097928,0.05271459047337872,1,3
74968646f9cc,0.3922236152399787,0.38091250853166536,0.22218054729306233,0.004683328935293538,1,1
74a87565a547,0.3581504162002045,0.2635045746537085,0.3705129682914004,0.007832040854686459,1,1
74ac2e1f23bf,0.3001710582205159,0.6144037568293026,0.07269039454341204,0.012734790406769557,1,0
74b07ad32cf1,0.6362955539098172,0.2848651245685739,0.07018110742481176,0.008658214096797028,3,3
74d11c0c0ea6,0.02234301447012843,0.9270702970785086,0.041846977811885046,0.008739710639477913,2,4
74dbd8125c6f,0.2770409004745948,0.5242197341179909,0.17848587602487917,0.020253489382535038,3,0
74dc38d75151,0.8236122224910007,0.12140211222593746,0.04555407268625644,0.009431592596805332,0,4
74ebe8edda5b,0.15407008695592625,0.7237644638348906,0.08918968389021413,0.032975765318969105,2,3
74f757451b08,0.2482311865434442,0.5159112956582298,0.23053393982726836,0.0053235779710576235,1,4
753ee89d1fd6,0.04193578791671308,0.7854898073308483,0.1558302805323042,0.016744124220134413,2,2
754759f9a637,0.3716713751425837,0.547832203362044,0.07384679080225998,0.00664963069311241,2,3
755469264a39,0.5101477720648244,0.27433892342281757,0.15873267178273226,0.056780632729625906,3,0
757db9bd51a1,0.0502940260092772,0.8489751292949587,0.06735284199604748,0.033378002699716816,2,4
7585d5f73457,0.6493264170367168,0.07271814536952388,0.26213910637390453,0.01581633121985473,2,3
758eecca893c,0.02669737039784815,0.6078061137766042,0.31219253615444703,0.0533039796711005,1,2
759a8e5cee9d,0.47746248928186164,0.33100558672259056,0.14635955045420598,0.04517237354134198,0,3
759fdf1aaf08,0.6519800153486159,0.2524014832736083,0.08564720470569184,0.009971296672084021,0,1
75a00272c6cb,0.26191577234277713,0.39669409880732714,0.3035212362302774,0.03786889261961833,0,0
75b33f606cf5,0.3749772108236349,0.2051731471660201,0.3457799946808092,0.07406964732953586,0,3
75bb6e197bbb,0.2522257719780506,0.5099043346114954,0.1982837459505879,0.0395861474598661,1,3
75ed74f9f238,0.70859591370745,0.12375933251515005,0.14425493599470726,0.02338981778269276,0,3
75fc2de53d2b,0.6399876340028341,0.0869167101932566,0.2502734355223333,0.02282222028157612,2,1
75ff9d63f15b,0.5101707419891516,0.3963671582516125,0.04585133645698731,0.047610763302248595,0,2
7607adf7450a,0.6842941607308338,0.25440005239940133,0.06040503751900185,0.0009007493507630567,1,0
760a7a9bb2a1,0.0581964994600102,0.8951355781943998,0.03855429043173169,0.00811363191385842,0,2
7610dab485fc,0.00936418576664863,0.9251367918971753,0.061996143075193105,0.0035028792609829995,1,4
76122cbd97f4,0.009956456764034302,0.737211518452478,0.23645293992300886,0.016379084860478822,1,2
761d01ff68fb,0.9364346779635253,0.02632015236183521,0.03221689925629382,0.005028270418345675,2,0
761f0f4ecc85,0.04689908016638885,0.508572512805579,0.4166377135042089,0.027890693523823146,1,3
76519081a45f,0.02946391112677136,0.9162102872683051,0.03256383937696925,0.02176196222795432,1,0
7654fff4b24c,0.11543266205539202,0.6336441459965759,0.22856506198279355,0.02235812996523853,2,1
7664ec8a8a19,0.4810666068037089,0.2519522878892675,0.1928090048107443,0.07417210049627943,1,2
766dc0e879de,0.0707524518497705,0.6917468971336977,0.22463764853548815,0.01286300248104363,1,1
76916f737774,0.0182159744272188,0.9416384324298313,0.024077157897329417,0.01606843524562054,1,3
76938243a97f,0.42656761462188714,0.29557411120307653,0.27632415812853145,0.0015341160465048684,0,2
76a35cf1cea0,0.6877595941511097,0.23282102338012803,0.057805875004412345,0.021613507464350062,2,2
76ae6588e5b4,0.03913223967948454,0.8297474551107689,0.10925238425878249,0.02186792095096403,1,0
76b5e2db22ba,0.10637697257907468,0.8291093313350942,0.05964706594345056,0.004866630142380443,3,4
76c9821a3d06,0.8466676541584746,0.08609548281180775,0.04820081632869016,0.01903604670102756,1,1
76d3ada42326,0.12538053547316536,0.4900981561996991,0.33437169331669275,0.05014961501044276,3,0
76d8b00619fb,0.23462499092860406,0.35417516716784775,0.3051395280592219,0.10606031384432628,3,0
76f44ffa4441,0.0510031470123154,0.7202592173585832,0.17687694776965623,0.05186068785944508,1,2
76ff3ec3c022,0.05157042755189099,0.6225477286419274,0.3209451252686059,0.004936718537575667,1,3
7703e1787577,0.0410374765923286,0.8280583363880458,0.12160262976630644,0.009301557253319092,1,2
771a4add61c9,0.9002069233267881,0.040438697871024935,0.05806696905545282,0.0012874097467342322,0,2
77217025615d,0.06927804477227789,0.643945188555629,0.23167552655702545,0.055101240115067576,1,2
772dbd065c7d,0.04743793523148069,0.9083447416807029,0.03851845348773591,0.005698869600080583,1,1
773f243da328,0.3919073773980852,0.35791579294114434,0.21085894288746024,0.03931788677331026,0,2
774720fb2a45,0.3828466209194132,0.44898491496393295,0.13046343465597532,0.03770502946067857,0,1
77539184cdaf,0.029257814801854194,0.9061065123958082,0.06069403873347056,0.003941634068867207,2,2
775b359f53b6,0.6113693079273987,0.06002097369654223,0.2816683772598138,0.046941341116245185,3,3
776cb995a1fd,0.10677066232676634,0.7982985975296708,0.08014500647623563,0.014785733667327236,1,3
7786df1d7d71,0.09935006896075117,0.7139832238889624,0.18239988198683746,0.00426682516344888,1,3
77955e62e6c6,0.4567195030031308,0.30013042059675554,0.1840444821338219,0.05910559426629182,0,0
77955e96a54c,0.3185981008208581,0.5116487714153694,0.14106966785514902,0.02868345990862359,2,0
77a0888b5ac1,0.1129570671436054,0.7668329220517972,0.11394130601663581,0.006268704787961553,1,2
77b272cdda9c,0.13525433251725694,0.6367417145618662,0.16061713226347926,0.06738682065739773,2,4
77b4e0d0a49d,0.3251396268816658,0.2694011570699529,0.39842352852709473,0.007035687521286567,0,2
77f901809e36,0.6367488226011759,0.14328959898629193,0.17521982652350795,0.04474175188902421,0,0
780ffa8abde3,0.06474233548758712,0.8747218470473076,0.053745402892905046,0.00679041457220036,0,2
78258aa63d76,0.24987001560514782,0.2844719506182161,0.2390093342568853,0.22664869951975072,3,2
782ab22207fc,0.1905968696526338,0.7366010084984569,0.052608729552648684,0.020193392296260743,0,4
782d728ee09c,0.19121750480003435,0.23479135222908587,0.3363994392978035,0.23759170367307617,0,1
7846f687646a,0.17369599387510526,0.7175673262072645,0.0766868194237301,0.03204986049389998,1,2
784af90e8cac,0.7874738784911248,0.1019660868682619,0.033903864511112415,0.07665617012950077,0,1
784afbafee30,0.6416072723547479,0.11632994889567434,0.21838619188611713,0.02367658686346066,3,0
78509f1ae31c,0.5971114632726128,0.29084753413712644,0.0916135753634519,0.020427427226808854,1,1
78543ff029b2,0.06510136837064429,0.6010768523988441,0.3257526662265907,0.008069113003920941,1,2
785e985b3a22,0.035989183485224945,0.7431995287785784,0.20404867131932874,0.016762616416867902,1,2
78661808d8d5,0.39979076769474825,0.5130792198232509,0.042164381180395186,0.044965631301605545,3,3
78688bfcd441,0.9707963572906216,0.009808195778165581,0.01709886582586006,0.0022965811053527823,0,2
78791be84503,0.6700509641921206,0.07709911159776991,0.1407365357933861,0.11211338841672344,0,0
78909b4d3179,0.010873192769661111,0.9548973263303696,0.013095488479299682,0.021133992420669663,1,1
78e93504e04b,0.92440056859226,0.04399305871305674,0.019592256482552008,0.012014116212131346,0,0
78f1e3db654c,0.7308689884960592,0.16278353745867868,0.06005238874928718,0.04629508529597501,0,4
78fc07c1dd2e,0.9736860600041664,0.0051779479517923025,0.009732064130175898,0.011403927913865507,0,3
7902e534869e,0.02657598973172296,0.3734916218218489,0.560321091743136,0.039611296703292005,2,1
79140443c2e2,0.19102508170669039,0.6282883802975151,0.15861130113326785,0.022075236862526548,1,3
79144883061c,0.4174910771600435,0.26977221034947096,0.2459211173947812,0.06681559509570428,2,3
791bd51ede54,0.3249484871866777,0.41469459479904286,0.24787557596852638,0.012481342045753005,1,4
7931e444dbc9,0.20020286361925196,0.700682419081355,0.09199461154969354,0.007120105749699617,2,4
79642d095252,0.02922561014008748,0.9064010313361177,0.061140844415608485,0.0032325141081864187,1,2
7974c126e951,0.9296786162050015,0.045684857662031196,0.021444929028889656,0.0031915971040779537,0,3
79774c9d6ec5,0.47477860365945246,0.07694136012894712,0.4138346864044956,0.034445349807104765,1,0
798c27690f1f,0.09152383589884051,0.5093009981019527,0.3950399431255725,0.004135222873634177,1,0
798cdfa7890d,0.05447962004583393,0.7578930784689323,0.12925817326172606,0.0583691282235076,1,0
798f8e89c7a7,0.10982816350956524,0.5358753801485518,0.3460661956375034,0.008230260704379534,1,2
79a8a08dac37,0.45684412463230883,0.21619129520908575,0.2883898643276703,0.03857471583093519,1,1
79b0461d245a,0.8067287766757246,0.13431724333126774,0.0571568074034213,0.0017971725895862818,3,0
79c3bf957d49,0.39305654890516617,0.482556347082306,0.1135894078993956,0.01079769611313227,1,1
79cd05c9c1f7,0.5673415902804477,0.22738196560188356,0.1639097393395636,0.041366704778104925,0,0
79d4f7356c39,0.06072461870620058,0.8168356344377197,0.08958167086326477,0.03285807599281486,2,4
79d5d8448dca,0.034393052691625736,0.8564799536012474,0.04106019098973492,0.06806680271739199,1,2
79e2eafdb5cd,0.7772539585433229,0.06856610343420735,0.14392975295219804,0.010250185070271693,0,3
79ec91f1194c,0.22264456162971863,0.5733998003922867,0.14966803020373026,0.054287607774264494,1,1
7a06a32e54c9,0.03032768239862404,0.7526201873162349,0.13261691490654628,0.08443521537859477,2,3
7a1023392e52,0.032611036437078224,0.7792772018099993,0.14118208902700288,0.046929672725919636,3,3
7a15889e036a,0.5023041730156176,0.31022639686804204,0.14307006746225975,0.044399362654080565,1,4
7a1934d2866f,0.07253354231346018,0.7594191353368558,0.13218125396882646,0.03586606838085763,3,1
7a222273085d,0.029075527358833786,0.9310119735909903,0.018843151627565228,0.02106934742261085,1,4
7a4341a6a2ee,0.149356996355158,0.6275259132835836,0.20438027776352383,0.01873681259773463,2,0
7a5105c66642,0.2580323990146407,0.49047327507585176,0.2086890562618352,0.042805269647672416,0,1
7a69851883f3,0.09808861027842823,0.4085383246360237,0.4583779690495498,0.034995096035998395,1,2
7a8fb17a122b,0.11602305537703894,0.7158150732776941,0.09771098534782072,0.07045088599744616,0,0
7a9186d8ab3a,0.028564969079491822,0.9125079821082904,0.04427978752261236,0.014647261289605387,1,0
7a9a5b3ed60c,0.026590723681811024,0.6227908795951571,0.18761015102374806,0.16300824569928393,1,3
7a9b2f9aa761,0.10418374806271208,0.7842953089547602,0.09436155061730059,0.0171593923652273,1,4
7a9e0a0b31a1,0.22143911810459896,0.24812829705100264,0.4874646746402219,0.04296791020417643,2,2
7aa4e85e5eb5,0.0759831957367368,0.7676631113971659,0.1437081834513022,0.012645509414794942,1,1
7ab1b20d8fe2,0.20387777959046718,0.5182887429883021,0.18396094532461787,0.09387253209661292,2,2
7ab568cc7d2c,0.6268678803959955,0.04041448789995451,0.32491403013348674,0.0078036015705633625,1,3
7adea6f20461,0.025539520756000324,0.7695329710201311,0.18070630347476582,0.024221204749102748,1,1
7ae41bc8d8bf,0.8042007346861987,0.12587427415532296,0.06622129908635747,0.0037036920721208017,0,4
7afa1e20a54e,0.17923351362825804,0.5188678484174376,0.2415923912705773,0.06030624668372706,1,2
7afb581299a8,0.14200225167049604,0.6314210041578029,0.21648297213713946,0.010093772034561646,1,3
7afee3a6d7e4,0.933590334615683,0.016694593727530495,0.024759641950846217,0.024955429705940408,0,0
7b00f77a1879,0.043052311588221516,0.905433169412451,0.027862703525019065,0.023651815474308367,1,4
7b10c52613de,0.2122000507863597,0.5725655793875325,0.21161789075224974,0.003616479073858076,1,1
7b20d3520e9c,0.44697130334618357,0.45403903612698426,0.06050132866385295,0.03848833186297905,1,4
7b54de3984e8,0.07979639736779282,0.46055344744043375,0.444392144939958,0.015258010251815427,0,4
7b5b31210030,0.15140357017454945,0.6886717862711228,0.1375256907011341,0.02239895285319365,1,2
7b6c49da06db,0.8992378293339489,0.049842268858989174,0.02737475436996229,0.023545147437099564,1,2
7b794c082812,0.5111098765464307,0.33464240071455736,0.1373154315077496,0.016932291231262137,0,1
7b8c999b8505,0.7613829702326496,0.15407008600613376,0.07639805398845947,0.00814888977275735,0,4
7bab30555627,0.21180327734183624,0.624368954422041,0.15382903256945887,0.009998735666664038,0,3
7bacc2783fa7,0.024561140342420927,0.8963281487715821,0.07199036178754792,0.007120349098449241,1,4
7bae3da7cc02,0.10002298279700107,0.7954791993502135,0.09610794127621693,0.008389876576568492,1,3
7bb06ca2150c,0.07458911914790048,0.6726456378015865,0.20550395877572777,0.04726128427478531,1,1
7bc704a7b154,0.7496272757380582,0.0686065536206318,0.15347194192671915,0.02829422871459087,3,3
7bd39a169837,0.1644024073199034,0.7090889333795958,0.12502535574610454,0.0014833035543963449,1,3
7bdfad741d14,0.06761895800515372,0.7907300430390063,0.11242620433258611,0.02922479462325395,0,0
7be73deb61a8,0.14461082208511014,0.5641084942604092,0.28809369543337876,0.0031869882211018347,1,2
7bf83b446661,0.33236824655786873,0.483908362809348,0.12511377448663777,0.05860961614614562,2,4
7c1c89a066e5,0.8436642006952766,0.08925510578077751,0.054503614787058036,0.012577078736887726,0,3
7c1dcb902f6d,0.010218183351588786,0.8579180353437095,0.09130074995104054,0.04056303135366112,2,1
7c3b534b7eca,0.4289565409216889,0.34520516497975035,0.1319731926495955,0.09386510144896533,0,4
7c4bfbefede8,0.30625012402709445,0.5188587869688513,0.10149685935123366,0.07339422965282064,0,1
7c5406d6328c,0.9013119395400256,0.07882883953819311,0.017148639382249888,0.002710581539531162,0,0
7c6b51d6639e,0.6963178481631861,0.14427985497427895,0.1548145338604944,0.0045877630020405005,0,1
7c818f4cbdec,0.01994814322215194,0.9306794885074479,0.0266383214527825,0.022734046817617704,1,4
7c96d6d546d3,0.1976833924185688,0.6115814257637896,0.17339164167952198,0.017343540138119572,1,2
7ca967363865,0.3285294755793442,0.4038620766256253,0.22008979507624327,0.047518652718787135,0,4
7cb0d082d21b,0.027043055226136332,0.9091502864034332,0.062096075710026885,0.0017105826604035773,1,1
7cb0fdd18092,0.7472223410285835,0.06431674408064589,0.1789871678344143,0.009473747056356115,2,4
7cbbe81579da,0.05289924806875947,0.8561363626948981,0.05601325124838726,0.034951137987955155,0,3
7ccfe56da30b,0.09373719992340337,0.3843607232052977,0.09692338233768179,0.4249786945336172,1,3
7ce1ebc880e0,0.12676291773616147,0.45455668865582943,0.40781201146713036,0.010868382140878716,1,1
7d1c99d9eca8,0.09159001778118699,0.6412621490370332,0.21461341471863396,0.05253441846314581,2,0
7d26435833cd,0.027325140806646383,0.8437811737691788,0.12222795925996191,0.006665726164212852,2,1
7d28b814a4d4,0.6762462680538663,0.20517123625849973,0.1040712475035814,0.01451124818405253,2,1
7d2b67f6357e,0.03693054520976967,0.8808777948227715,0.06524168476759531,0.016949975199863385,1,4
7d2ca42f0906,0.06769707048846423,0.4837426895998868,0.09108206142797685,0.357478178483672,1,3
7d38fbf46bbf,0.6177241712455467,0.3128306866136894,0.06629522167677855,0.003149920463985328,3,4
7d3c837a7644,0.683201069033652,0.2356301964096607,0.06315793652340347,0.01801079803328397,0,1
7d4971c1d0ca,0.8559370736839628,0.07475361608825344,0.053221947015633625,0.01608736321215038,2,3
7d5282a52850,0.04503299605946142,0.866963660040646,0.0562603508332284,0.0317429930666644,2,3
7d64b5b28306,0.5722361363604926,0.18552998958321615,0.20451688790718964,0.03771698614910146,0,4
7d70e90deb87,0.3743985410335232,0.4310242073160154,0.18805254108426817,0.006524710566193166,0,3
7d82d53204b8,0.09728364672327429,0.7871766320557575,0.07453157865659633,0.04100814256437184,1,1
7d9f72046513,0.060610247763547016,0.6725460458571169,0.2439891528130489,0.022854553566287086,1,0
7da2b553b5ce,0.16835765585787504,0.42161386861455735,0.3978076960464843,0.012220779481083372,1,1
7db18af1a9d1,0.5795330453413435,0.2503958298583548,0.1264250146128469,0.043646110187454776,0,3
7dc1629a0438,0.5759615379285877,0.2504141809954206,0.1607043589390684,0.012919922136923171,0,4
7dcc972565e6,0.25268798443135554,0.34948103977119094,0.31497704472843385,0.08285393106901956,1,4
7dd3347b0d10,0.4550453146804661,0.42740054856380266,0.10363747798682063,0.01391665876891072,1,3
7dd6835dfc59,0.06697462487772225,0.8492991748989446,0.07542060772863673,0.008305592494696536,0,1
7dd880b043d6,0.028449818798809413,0.3963099012507976,0.21874204763548616,0.3564982323149067,1,3
7ddb42c36bf7,0.09130196975746444,0.8169606635820412,0.064324343050605,0.02741302360988925,1,0
7ddc4c9daa44,0.9598081794404539,0.02123387516778637,0.017646241915090646,0.0013117034766691028,0,1
7ddcf63a332f,0.04771773915349969,0.9080488121303633,0.03492247564414625,0.009310973071990851,3,1
7dfd6afee3e9,0.2968758338716187,0.25534010923230277,0.3977737376312522,0.05001031926482643,0,3
7e24eea87ca5,0.07733859728591033,0.8022225007497554,0.11572175846559676,0.004717143498737359,1,3
7e26e0963bac,0.00784164957815295,0.9044935707629157,0.022003092169054255,0.06566168748987691,3,1
7e285573bf0f,0.373290966863315,0.5298264445603829,0.08597999538362458,0.010902593192677579,1,1
7e2fe165275e,0.12962001757298555,0.6887590863761293,0.1649975853769969,0.016623310673888076,2,2
7e4059d6a0f9,0.7815187662949472,0.13418615070049705,0.03587649857011967,0.048418584434435974,0,3
7e4b2e28a241,0.9047236269215823,0.07223354412273254,0.018564620027124258,0.004478208928560788,0,3
7e5785e7fda6,0.05322957184468671,0.8753978962816477,0.05327176349825861,0.01810076837540712,1,0
7e6c68462e06,0.09482625969713493,0.8202762314846253,0.06910189436079482,0.01579561445744483,0,3
7e6e49e5eea7,0.6956199137513822,0.12190341674504308,0.1775871450778468,0.0048895244257280025,0,0
7e7701fec9ef,0.9419169252882387,0.03185741330560117,0.021350544998069074,0.004875116408091148,0,2
7e86ca47ec47,0.19860547097549,0.29697120438743146,0.4741232344486894,0.030300090188389174,2,0
7e8be259013a,0.5477941597819314,0.25974502453083936,0.18366021473010158,0.00880060095712771,3,1
7ea118331dfe,0.032844327177066084,0.8176533161719681,0.13154456008108556,0.01795779656988023,1,0
7ea7f0ce6ba4,0.022086606021811273,0.8164043177305331,0.1194281889887424,0.04208088725891331,1,2
7ea86dbc72ee,0.34216748587239937,0.3761583008317086,0.26942991306462294,0.012244300231269128,1,2
7ea9b8b90bda,0.03272197539469102,0.8747684578108714,0.08681195355671088,0.005697613237726709,1,4
7eb0a56757c0,0.4234892406585399,0.4596398390332999,0.10111105979954509,0.015759860508615182,3,4
7ecdff541fd7,0.8101878305504274,0.10000257810051523,0.08541012191023178,0.0043994694388257444,0,2
7ed9fad978ce,0.12346909998067744,0.5722188046686739,0.2825068534529058,0.02180524189774291,1,2
7eed9af03814,0.5078548433436836,0.1825315995854733,0.21239206039381844,0.09722149667702466,1,2
7f00e5d4ac58,0.8724640846970807,0.07146207869832742,0.05044109251669729,0.005632744087894465,2,2
7f0a5ea1b11b,0.07317498534950502,0.7854152882219273,0.07648246665267691,0.06492725977589087,1,2
7f4b1a1e987e,0.22303231837837417,0.453559995700189,0.1968084189017062,0.12659926701973057,2,2
7f5a35344d25,0.23871761519324974,0.4293131966276088,0.20959631163644568,0.12237287654269569,3,3
7f68921f1b58,0.38648181157336214,0.09601777601780524,0.31679482450766516,0.20070558790116758,0,1
7f73780cf1f4,0.8491779031674622,0.07337741583060518,0.06977229719631424,0.007672383805618292,0,0
7f7379e733a2,0.7083899148750489,0.09420604474595513,0.1846335185915273,0.012770521787468587,0,3
7f773ab567dc,0.3834082643419754,0.33019139628324246,0.2368816689240153,0.04951867045076679,0,1
7f84d57bc1cc,0.6248305802322831,0.23541164176262944,0.09436473990849084,0.04539303809659668,0,1
7f88c3e4abca,0.3717159126262575,0.49473194396023723,0.12743830085153754,0.006113842561967833,0,4
7f9619af434c,0.0899711793872562,0.6459607252559844,0.09009663880353719,0.17397145655322224,0,4
7f9e2766281e,0.005101622249128644,0.977650343735451,0.013845700992160261,0.003402333023260125,1,2
7fa441d1dd32,0.3228351587115901,0.2195360161001766,0.4434944957653326,0.01413432942290057,0,0
7fac35c9e1f4,0.2838031855519875,0.6288727192160039,0.076817420213431,0.010506675018577535,3,0
7fba08f9ba1e,0.01791075692417485,0.904870732442556,0.03204629351868373,0.0451722171145855,1,1
7fc0becb14fa,0.03555111169774316,0.4490824924374433,0.2310188611623422,0.28434753470247137,1,4
7fd0efde20b7,0.014488752599334758,0.8881776644579312,0.07592189110977732,0.021411691832956464,2,3
7ffb3015dacb,0.06933241461309883,0.7357862783285604,0.157128023802861,0.03775328325547971,1,2
800c22b13e4c,0.16891131156994643,0.5693941084782527,0.22004781878018223,0.041646761171618675,0,4
80195e7d2700,0.1256083720444832,0.45332180543688694,0.40618869813836705,0.014881124380262852,2,4
801ff0c146b7,0.6545095871318957,0.223712401797589,0.07754522041940165,0.04423279065111359,0,4
8021320a355b,0.2722594024670125,0.39865296644476744,0.30046270895518856,0.02862492213303133,1,1
804119f6c0a6,0.18182567337739813,0.7224643235919456,0.08358722332353592,0.012122779707120324,1,4
80432401db2b,0.8058354809120679,0.15857392399834086,0.024818667243016887,0.010771927846574488,0,4
8052009f6e35,0.01824753761249661,0.9383286525910276,0.03911027463133908,0.0043135351651366225,1,3
805989876fee,0.28380142716889784,0.18415725135024288,0.5272778505178167,0.004763470963042598,1,0
806161ff1e51,0.5989426970250284,0.29107891528595725,0.09440040673783748,0.01557798095117688,2,4
8072ea43a9ef,0.665620734199312,0.08530672030868512,0.22930172409861313,0.019770821393389756,1,0
8087e3bc0efe,0.09236301243187517,0.7078862501057619,0.1903113492306578,0.009439388231705235,3,3
8087ef52aff5,0.6094636317234492,0.2107790316267401,0.16485273483681073,0.014904601812999959,2,3
80a0658f585b,0.06606363046630809,0.7743190691838474,0.08987386611452872,0.06974343423531582,3,4
80a38757f6b5,0.9576645412552934,0.019013004081461858,0.021264547312896353,0.002057907350348297,0,4
80a497a15df6,0.40963960657587195,0.5110710407383287,0.03757648790111878,0.0417128647846807,0,4
80a5f2f9ba0c,0.16267765660902903,0.6720732728681376,0.11031198400314883,0.05493708651968448,1,1
80b74df174a9,0.15330305294554225,0.778239239095778,0.055088263726384326,0.013369444232295559,1,1
80b798963819,0.2478377034539183,0.4928055899881963,0.18719700824074675,0.07215969831713871,1,2
80b943fa8ecf,0.36733673635586167,0.40067627852295234,0.17609604767805584,0.055890937443130215,1,3
80ba72c35938,0.7278937164658246,0.18682786410157007,0.05594575080904413,0.029332668623561237,1,1
80c55ce81802,0.9600392762072384,0.02561215521477171,0.00903375874524122,0.005314809832748757,0,4
80e3f166ad2f,0.4867757402182394,0.2899972320586246,0.211040304505304,0.012186723217831942,1,2
80ec7581b718,0.3830224597973301,0.39471089498093276,0.21442890450818528,0.007837740713551842,0,0
80f212c4109c,0.23869598671886907,0.40889471105104896,0.3148745675067368,0.03753473472334511,1,0
812fbc20eda8,0.14231151435420578,0.6458291751173327,0.19735571750911973,0.014503593019341655,1,3
81493310c235,0.02907710096472578,0.7889459400635418,0.15460648838249058,0.027370470589241604,3,4
814e0fdfde1e,0.06911881249456632,0.8383276808698024,0.058516339043977746,0.03403716759165353,1,0
815214972656,0.414737874618202,0.3413618288045817,0.23347571620572824,0.010424580371488124,0,4
815278b6c176,0.0394902203785425,0.91273928079244,0.0459991081147485,0.0017713907142690723,1,4
8160bfb420dc,0.08177920202141703,0.8650201235487043,0.051325805698558394,0.001874868731320429,1,1
81651ff35cb8,0.5152694282026049,0.38308085760694205,0.08758356905707851,0.014066145133374387,1,4
816ff8fa8f42,0.04651835862381266,0.8986776244704926,0.04806730402935941,0.006736712876335346,1,0
81711d215ec7,0.007971269592964842,0.9593085545821617,0.029218127577488977,0.0035020482473845406,3,4
81718ce513ca,0.10167914170718957,0.7070471208317922,0.1749274946361451,0.01634624282487309,1,1
8176a9253108,0.15537584352236145,0.562254740233921,0.265902809161303,0.016466607082414576,2,3
818bda3ca15d,0.8833699456191424,0.047092109933762796,0.0540452281601621,0.015492716286932832,0,4
818c3096a5c4,0.20851436509827,0.6681605418803146,0.11799979748452528,0.005325295536890161,2,0
8195c077997b,0.01066824280817328,0.9547908317685825,0.022355595185331922,0.012185330237912363,1,1
81a3d149dcbf,0.7161829655928379,0.1647231185177762,0.09917083039100551,0.019923085498380302,0,3
81acc5470917,0.03858457632030046,0.9173216082733296,0.03495688600076719,0.009136929405602729,2,3
81b0675331b4,0.05626641432523818,0.9006893603216134,0.03383961068603251,0.009204614667116057,0,4
81c1e36bdcff,0.35709942061813443,0.4755586750741106,0.1153094774270081,0.05203242688074688,0,2
81d2c8305d95,0.4002050953120669,0.33771691340674487,0.2172808423333586,0.04479714894782951,2,0
81d4dbd5c6d4,0.2649277991945892,0.50276205291995,0.1785058008852974,0.053804347000163254,2,2
81e2d490e2dd,0.6120927186609632,0.09199108985891712,0.25889044430474256,0.037025747175377266,0,1
81f6b4b343f7,0.006340560554018388,0.9520391112312683,0.036474162751709976,0.005146165463003326,1,4
820fc489e682,0.0024124676495249652,0.9693088121985131,0.020338303430901747,0.007940416721060134,2,1
82120a4eebc8,0.026641807200404977,0.7803343352402559,0.18860621810888967,0.0044176394504494565,1,4
8221a4155cc0,0.0737999656453804,0.6421783606615035,0.27494839637359286,0.00907327731952329,3,2
8222875f1a91,0.11092562290882016,0.5443773586859451,0.33171701587305175,0.012980002532182972,2,2
822b399fcc86,0.3126435677266391,0.5000726599095793,0.18223460662844823,0.005049165735333335,2,4
823201a39872,0.23604164652803844,0.4742309736916901,0.2642536370944255,0.025473742685845957,1,0
8234b8dc3a41,0.02553057873770622,0.8967839251546983,0.06658776217295531,0.011097733934640227,2,1
8237d25ed806,0.09650819760868555,0.7707979341806068,0.12940557603811725,0.00328829217259042,0,0
8240e63ae3b1,0.08120959021512517,0.6163430760036935,0.1765221831055383,0.125925150675643,1,0
824374b82868,0.7851007691293538,0.12291680443043253,0.08288704453809025,0.009095381902123357,1,0
824aac4d4e6f,0.7928133897070706,0.11897958769696133,0.06691007523859539,0.021296947357372708,0,4
8252bce4e90c,0.37807023382707244,0.48392192682608426,0.13416752615194819,0.003840313194895231,1,3
825e493ca940,0.08646602511296655,0.6567745008730893,0.17599706377494992,0.0807624102389943,1,4
826272b8be99,0.13371151862694952,0.674663295488693,0.16610251468356818,0.02552267120078928,1,3
8267fb6fc89f,0.08250171794231853,0.7328679525940613,0.14589705305610548,0.03873327640751456,1,0
8276779107e0,0.049978990748174086,0.926651115961462,0.02111208565723313,0.0022578076331308886,1,4
82868316ea05,0.5599922289899442,0.35223317054976117,0.07615351081302134,0.011621089647273115,1,2
82bd4db9b87c,0.6033318895242785,0.2672633609688826,0.10537872208029148,0.024026027426547494,0,3
82d0600dbf57,0.12301696303510318,0.6618658251843489,0.16997482755402177,0.045142384226526236,1,1
82ed58c1b0db,0.07219786627959421,0.4376106282700704,0.38163430853776603,0.10855719691256938,0,3
82fde36914bc,0.7384981732096024,0.1520694330386593,0.08761699977442998,0.021815393977308202,1,4
83007940394a,0.06318966314369062,0.8514380569084649,0.08159319047334418,0.0037790894745005346,2,4
8303825d6924,0.09228929744682714,0.599193961792779,0.2676068901181509,0.04090985064224301,1,3
83088a9ca2d2,0.7014885686371861,0.09549077780685453,0.19967775775882385,0.003342895797135471,1,0
830984d74452,0.16131855915500226,0.4041274622736045,0.41722384071150403,0.01733013785988925,1,0
830d41512494,0.11263111762026615,0.7744365386933986,0.10706479131607852,0.005867552370256805,1,3
83127fd75313,0.2900205555432507,0.5242884511138217,0.13676453535924588,0.04892645798368166,1,1
8315467702a2,0.5184045940259064,0.3211762960652825,0.12765718138309992,0.03276192852571109,0,1
8315b4f8b2c8,0.1838198765366183,0.5959455559018751,0.21116525196829405,0.009069315593212432,1,0
831cea12cf2a,0.1849752839246292,0.24748730966001714,0.4093158807941956,0.1582215256211581,2,2
8332bdaddb6e,0.1470262319378476,0.7816395025171698,0.05414239212338455,0.017191873421597864,0,0
834223220998,0.03592252734499995,0.8984566364239596,0.05828191058152784,0.007338925649512396,3,1
8351c991c7c2,0.3345281241520498,0.40525515356484854,0.2458140766328411,0.014402645650260639,0,0
835dd3c81c51,0.014454412278343558,0.9165908192063497,0.03716998780662364,0.03178478070868295,2,2
835e83150535,0.5393579765232401,0.23754856201158261,0.21034758020849786,0.012745881256679446,0,2
8362bdc5c7f5,0.7617152993222526,0.11580530703415205,0.11269553786958036,0.009783855774015032,0,0
8367345da05a,0.6806231871655409,0.2628847574479827,0.04443934733190994,0.012052708054566359,0,0
83681c8b7743,0.048598548692642886,0.8246078205669589,0.030562378057227113,0.09623125268317127,1,3
836ca5c35bbe,0.7348658819978158,0.17650915921232815,0.06332557979942718,0.025299378990428924,2,2
837fc1ed550e,0.11329241739062139,0.7302666657913193,0.13766689433872967,0.01877402247932971,1,3
8383c0dba9bb,0.2782594173128433,0.3980701634828518,0.3037533288475818,0.019917090356722917,0,3
83a64f9d121a,0.22602469116588703,0.5615142717696405,0.14118529531783733,0.071275741746635,0,2
83b424ef8bb1,0.8040588412912745,0.10207404198046369,0.04353717506760255,0.0503299416606592,1,4
83b6679566b0,0.02330965681817298,0.892467765996826,0.06318822239018694,0.021034354794813876,2,2
83f637917a44,0.1726294909588332,0.7644742640714589,0.05113285057855657,0.01176339439115134,2,4
841519065bd1,0.46910444338729873,0.29217442465216914,0.18422848154827828,0.054492650412253894,0,0
841dbb381261,0.10942588187862419,0.804781760019058,0.0700619082725806,0.01573044982973729,1,0
841dfb2ad2ee,0.6375884596198308,0.23271480933518104,0.09846919169606098,0.031227539348927105,2,0
8420a2430b65,0.01662007632421184,0.928599118023008,0.05263098700861446,0.002149818644165792,1,1
8423d0d5c0b5,0.5508604104710719,0.19202039403192533,0.129247730571994,0.1278714649250087,2,4
842eea3e3951,0.08827256276288621,0.3326835103354109,0.48757787149607534,0.09146605540562766,1,1
843eebbcc0d2,0.14317613043205413,0.4645611340133685,0.3826869687000372,0.009575766854540074,2,1
84407a15756d,0.0681469359070474,0.7208464267167503,0.17024484326694417,0.04076179410925816,1,3
8447b9e9ad00,0.022232218149647834,0.9529686587449812,0.01471253802770011,0.010086585077670922,1,3
8452bd412bba,0.021541680611466277,0.9152594399017767,0.0556634404968804,0.0075354389898765195,1,0
84543edc24c2,0.5601122162162454,0.14516615292492094,0.2414258889722018,0.05329574188663192,2,3
8454851c5270,0.16254392765032175,0.6623541550262374,0.16369014328105144,0.011411774042389404,2,1
84657bfd51ee,0.8153114053972753,0.08543512119076598,0.07084863164103647,0.02840484177092248,0,3
847ae068d771,0.05870285476708734,0.7623302053678865,0.14547610929229976,0.03349083057272627,0,1
84a72fcf010a,0.3848203000540565,0.24213197735864572,0.3508037160153374,0.02224400657196034,0,2
84b117cebcc5,0.008611617931212963,0.9586891354233862,0.015833272644225457,0.016865974001175392,0,2
84b4d7b819cb,0.026833145453086522,0.9059997052739206,0.0650009778227896,0.0021661714502032026,1,2
84b9878362e2,0.10829884401124372,0.5815908869869408,0.3013228119183169,0.008787457083498514,0,1
84cb858a8b18,0.27113137898358874,0.530618569120558,0.17048179464677998,0.02776825724907331,2,4
84ea93253e6a,0.9717915311807226,0.013400698937078293,0.012233770804833462,0.0025739990773658923,0,4
84f48ed1bafd,0.027448007743495248,0.9410822927862297,0.017211932620553583,0.01425776684972131,1,2
8501ffeadc53,0.024328207084753393,0.7646643698324945,0.025579364943253448,0.18542805813949845,1,0
851fda48d245,0.4498122510602844,0.3508767747737201,0.17369924779716087,0.025611726368834714,0,4
852848545a6c,0.20061700754878592,0.4905924800333669,0.26862219514811825,0.04016831726972891,1,2
853df92b47be,0.07059930646165893,0.7489785073741748,0.16556160033980716,0.014860585824359077,2,4
854d97049377,0.049986173163624685,0.8188060600850552,0.12698850533784806,0.004219261413471991,3,4
8557928e510e,0.0029184509513574203,0.9638293853273292,0.030379681949544622,0.002872481771768791,1,0
856020133090,0.48450089247012357,0.24517190511602022,0.24490416133374082,0.025423041080115307,2,3
857b9908a0aa,0.6276240821992931,0.20909220917867125,0.13648842568204236,0.02679528293999316,0,3
858725b534d6,0.006206472524244007,0.9762482420636611,0.014480516555302579,0.0030647688567922195,1,1
858f01b51c3d,0.2932782943421525,0.541906180752119,0.1538391639806485,0.010976360925080027,1,2
85a651285b8e,0.07011710764808735,0.5764217756956622,0.30756327542379824,0.04589784123245223,3,3
85da175299c4,0.910736321708725,0.04779813514370296,0.029450406505066973,0.012015136642505092,0,3
85dc058820ab,0.03815979787929184,0.8850291583741275,0.04515872783248441,0.03165231591409619,1,3
85e721c2c2f7,0.06882898829317874,0.6865923439139807,0.20177903346032203,0.04279963433251849,0,2
85f8405ef40a,0.058059161085061664,0.8088778118116109,0.12587669074463426,0.007186336358693204,3,2
860611cd1738,0.029203727073988776,0.9019848824657835,0.042052106075745006,0.026759284384482857,1,0
86092024d731,0.15779441462003016,0.3059945717131024,0.37085834309071,0.16535267057615732,2,1
8609ebfada9d,0.1990966232657504,0.5414918778967412,0.25311592971942637,0.006295569118081957,1,1
862cdc30fb27,0.5589769370193127,0.35113507396942234,0.06861489721635222,0.021273091794912644,0,0
86323e8815ce,0.06495822959827541,0.7170029901218539,0.18833154169455166,0.029707238585319103,1,0
865cee33719e,0.6367108904186914,0.22307988892116554,0.13147123929075924,0.008737981369383736,0,3
8661a2df18d2,0.099698131058652,0.6724567233956253,0.18507973122541038,0.04276541432031225,2,2
866879344af1,0.3763292082100168,0.3326161169504078,0.27337151319327124,0.017683161646304096,2,2
8672a27b3291,0.22302489591523053,0.6341627600286314,0.14143469228007144,0.0013776517760667856,1,4
8692c37fba6d,0.3631428922788079,0.46455792542569935,0.14576132509099998,0.02653785720449282,1,0
86aaf2215fd4,0.20169508779945086,0.521436519828843,0.24961583312233732,0.02725255924936882,0,2
86ad90147e40,0.17953763250420154,0.569528272951325,0.22635612305531538,0.024577971489158,0,0
86b08ada55fa,0.14838569975003904,0.6364982673593693,0.14384855072687694,0.07126748216371465,3,4
86b2cddc9a96,0.33981556895065784,0.5451951497954617,0.09935679975748173,0.015632481496398735,0,1
86d7ce86d31c,0.07088299771885313,0.7146095526479449,0.04712801194727757,0.1673794376859246,1,1
86e209c99853,0.03409633038874467,0.7007907659744679,0.21267745602833638,0.05243544760845111,1,4
86ecdad652bb,0.11802507780448815,0.6390038315304144,0.16321847361371436,0.07975261705138313,2,2
86f0ced73df0,0.3320747666133194,0.5883398929306712,0.061919695341018606,0.01766564511499067,0,3
86fbc6625250,0.7939003842259192,0.06448792434617426,0.12045312378241675,0.021158567645489706,0,4
8704605c8d78,0.10450078426692155,0.6880914345802405,0.17472742482580259,0.032680356327035344,1,0
8707f9b371b1,0.3082429642771864,0.5493325386489938,0.13569707428383077,0.006727422789989164,1,4
871805a76116,0.12123110781460186,0.72306926639179,0.13285829291150955,0.022841332882098428,1,3
8723fa61b4c9,0.41512562831201527,0.35224994065223,0.22545482036893277,0.007169610666821755,1,1
87463d16a03c,0.04110141596861335,0.9077884099984708,0.045832928905574284,0.005277245127341435,1,2
8762482fa9b6,0.9045035739911034,0.02943364563884309,0.06269217954678122,0.0033706008232722664,0,2
87664803e3cd,0.09541027791532573,0.8352056859244813,0.054079393002716775,0.015304643157476167,1,4
8771126854cb,0.6542390886787877,0.08537926413275455,0.21864050338034494,0.04174114380811286,0,0
8797c00011a7,0.27298088045391106,0.4868136075135988,0.1995710149241658,0.04063449710832438,1,3
87ad926c7cd5,0.5393002205547694,0.12785538145220607,0.0441744564977589,0.2886699414952656,2,2
87ba5ef70efe,0.12537448216866348,0.824074541176237,0.039311883365967366,0.01123909328913212,1,1
87d8d1d29655,0.0153128317248549,0.7630469662146079,0.19327699831506637,0.028363203745470716,1,0
87e342354d85,0.7250387563893798,0.1351860558398917,0.1216253856966843,0.01814980207404429,0,3
87f4d0c6babd,0.648061447464568,0.26593567622515946,0.052245259128114084,0.03375761718215867,1,4
8805b17f963a,0.030619955874903352,0.8473265130289854,0.09189883200670629,0.030154699089404984,1,2
880760598f51,0.05652098458659562,0.8968416069298177,0.040278441588158985,0.006358966895427576,2,1
880ef66733bf,0.23289332305840313,0.4599524354001931,0.2998798577932246,0.0072743837481791165,0,4
881057f737e0,0.8504903313783811,0.04295037799717631,0.10276865997666425,0.0037906306477781897,0,0
881fc5cfb469,0.449911264977607,0.1491301853327067,0.32002220915205365,0.08093634053763281,3,3
883ec957d088,0.007198979409859001,0.8996824190238911,0.07895726609774821,0.014161335468501709,1,2
884ae726c5fa,0.9204337755192378,0.030564301736173364,0.0281632065932755,0.020838716151313278,0,4
8855be1da6d3,0.93259597359462,0.027842961220391923,0.03546977321580855,0.004091291969179591,1,4
885dd0b39eb1,0.026312353753930054,0.869114988290561,0.06321755013756028,0.041355107817948676,1,2
8861d23685ef,0.6516672424153178,0.12665349259870343,0.16771999153679484,0.05395927344918378,2,1
88678531fd19,0.1016865476675696,0.3967510920246337,0.402602103852245,0.09896025645555154,3,4
88787efdd3d9,0.4117667115771512,0.2145871226627056,0.36860672190338073,0.0050394438567624876,0,4
8879adb07db4,0.9341850431015865,0.03911244510003788,0.020429701820607143,0.006272809977768434,0,1
889b5893c83d,0.010426532008725635,0.82831221674692,0.142972582309526,0.01828866893482846,1,1
88b7b5dcfd30,0.14702938572597077,0.41498175539858245,0.43560382233646466,0.002385036538981958,1,4
88cb519feae6,0.7188893570368721,0.17637128478248057,0.09535211179648855,0.009387246384158814,1,3
88dbdcdb59c6,0.06694722961538231,0.6334682121365379,0.2406209671764328,0.058963591071647045,2,1
88f2e452d4b2,0.6233820601612541,0.2008855618098081,0.14294887922420624,0.03278349880473158,0,2
88ff3858d82c,0.21341867765569916,0.4567079416081589,0.32282185210253106,0.007051528633610859,3,0
890bbfb62803,0.2515442584964935,0.6123381315903058,0.08353788840073642,0.05257972151246424,1,2
89195455e6ff,0.02810415500035124,0.6816331041279458,0.2640369927578257,0.026225748113877196,2,0
891dccc7f408,0.016713297764548087,0.9455180132541214,0.025300461915773568,0.012468227065556942,2,0
8937a100c4b1,0.09429151628937824,0.7008799638805262,0.1452238857286836,0.05960463410141182,1,4
8943d1d85097,0.04982162072951916,0.8581386239474292,0.08327149264548953,0.008768262677562097,1,4
8945d312af6a,0.06369701044418241,0.6380493460262893,0.2245013243576496,0.07375231917187873,1,4
894cf780d724,0.6938852284065294,0.07567394739261236,0.08634040337668879,0.1441004208241695,2,1
895c41c283cd,0.34338050984218976,0.39068892325967614,0.26170729488835265,0.004223272009781585,0,3
896ab1acf6f2,0.014355268689778067,0.9334105621316824,0.03856492930998378,0.01366923986855574,1,0
896ea179cbae,0.026439171626962132,0.7247691328716042,0.23417821783449796,0.01461347766693582,1,2
896ff6f04d0e,0.010358339468779102,0.8501827573460038,0.11477418299050009,0.02468472019471694,1,1
8976a065ab10,0.8575645225524143,0.016618180792176467,0.12239743601679416,0.0034198606386150712,0,2
897ab7243051,0.016356195140989974,0.778380061260153,0.19725353022164763,0.008010213377209563,2,4
89921b036cc3,0.38466976187452545,0.3665547921691261,0.23936018701539175,0.009415258940956768,0,2
89ad8581ccaf,0.3403869998174107,0.22910115043747017,0.41074646374679674,0.01976538599832239,0,0
89b8af016a97,0.07591388814545211,0.804977855669274,0.0890911007335966,0.03001715545167738,3,4
89c6489e8df7,0.18228530585050676,0.6650252931715026,0.1482665823219325,0.004422818656058177,1,0
89cb02de68a7,0.038402325599233865,0.7654290511457141,0.18639252419288055,0.009776099062171539,1,1
89cc008ddabf,0.09810951780327758,0.8323150143516022,0.05603425446931555,0.013541213375804682,2,2
89cfe8497e68,0.2142065605800158,0.3802187269188077,0.34579902718369887,0.05977568531747763,1,2
89d2589d197c,0.5625329963484111,0.26153928909956836,0.16251141118026124,0.013416303371759204,0,3
8a0139211dd5,0.019837156780345172,0.9311866803937301,0.04330081855623898,0.005675344269685774,2,4
8a0bb2abd955,0.444814165021915,0.3774170168820142,0.11359500885089026,0.06417380924518039,0,0
8a0e92da8c69,0.009038933511827827,0.9785712435879705,0.010208404358136063,0.0021814185420655136,1,3
8a3b38dbc12d,0.023189046710087525,0.917414970465656,0.03955495167209231,0.019841031152164144,2,4
8a435c339b1e,0.23664723828109027,0.7000668135295925,0.05192126165183675,0.011364686537480493,0,2
8a606a964b1d,0.024203342868111266,0.7405101050946421,0.17084028619701222,0.06444626584023438,1,1
8a6b5f89162a,0.33073830688039435,0.44453468077074115,0.18047434871535414,0.04425266363351033,1,3
8a7c3c0d189c,0.5951289193971063,0.35335910456851394,0.03235177965765592,0.01916019637672384,2,3
8aa587a862e8,0.05434352662449398,0.8570574603154207,0.07568781144460116,0.012911201615484145,1,3
8ad88b978f87,0.39307603630376753,0.43711390198977074,0.11232322094410424,0.05748684076235745,1,3
8ae458411c33,0.06078445008551311,0.8951197153909263,0.040104153478240326,0.003991681045320367,0,0
8ae943cc3a16,0.06996172767592888,0.6581799375127513,0.16480231022711445,0.10705602458420546,1,4
8afc6567147a,0.10335029644226902,0.736648145025078,0.15240281355782878,0.007598744974824236,2,1
8b059659257d,0.86398602438835,0.11271271743154482,0.020674281371383548,0.002626976808721424,0,4
8b18f1963aff,0.018509223511140004,0.8402423826159108,0.13999529583077847,0.0012530980421708038,1,1
8b1b8b42cbd2,0.21760022144010763,0.3286252854141315,0.44807766584729747,0.00569682729846344,0,4
8b41c96e9f63,0.0291968902996144,0.8698385825757242,0.08716218007831701,0.013802347046344282,1,1
8b4741c28384,0.41575900413431505,0.3906497712776844,0.1714060803336908,0.022185144254309643,1,0
8b52cf335c4d,0.8669905136054069,0.014198090631089923,0.11700801789414092,0.0018033778693621765,2,1
8b5efcadabf9,0.6821420251534033,0.2167838047650744,0.033639755161354465,0.06743441492016797,2,0
8b5f06c0671d,0.010792681748559416,0.9386427186294708,0.04816518334666847,0.002399416275301292,1,3
8b7d91225bc5,0.4212132423814437,0.37385600424815835,0.17343320977163873,0.03149754359875925,1,0
8b7e0c35fd8f,0.5494048978920044,0.11120146349836017,0.2977718785763004,0.041621760033334905,0,4
8b86c273f095,0.07632085595839798,0.4280302843121516,0.29626738250442286,0.19938147722502758,1,4
8b8d05db440e,0.9057299037347467,0.04923353321921987,0.043625466688893236,0.0014110963571401453,0,2
8bd4738d4f00,0.45262063681019604,0.32726593763897815,0.19843203489827702,0.021681390652548774,0,3
8bd62094ea13,0.07781912674006784,0.6992469850716017,0.2203757292721753,0.002558158916155123,2,2
8c15768ece37,0.6230573438584455,0.22094954501183084,0.13984363788047932,0.016149473249244428,1,4
8c1872520275,0.006111151685034466,0.8347725815608639,0.14117943360919982,0.01793683314490183,2,4
8c19695fed29,0.044962879304153804,0.9032062851757892,0.038229214728086706,0.013601620791970474,3,0
8c1c165022b6,0.2978664219958991,0.5253154342053992,0.15963864484132506,0.01717949895737662,0,4
8c1f2172bcf0,0.05518357883638059,0.8770441089593423,0.06259240226919394,0.0051799099350832035,1,4
8c272c45e4bf,0.013201001104484196,0.8837870445179886,0.09021230718447112,0.012799647193056016,1,0
8c382f780705,0.7774290045144738,0.05832838978975941,0.1525222059968871,0.011720399698879579,0,0
8c46388eee54,0.011014300664045878,0.3739786969950551,0.5559222166800245,0.0590847856608745,3,0
8c5533597dc0,0.8716610864270222,0.09262330380752627,0.021267233948207048,0.014448375817244468,2,0
8c81896e7e55,0.007017939945906848,0.9407932428568397,0.04589285530604783,0.006295961891205601,1,4
8c93b1d9363b,0.5928390923600386,0.20704404437828108,0.16836488776126574,0.03175197550041465,0,4
8c94a7329137,0.0621641862877192,0.4608655399820806,0.47070068962680084,0.006269584103399324,1,3
8c9bb70fac25,0.16808169514883786,0.6592899240724187,0.1651491357806581,0.007479244998085328,1,3
8cc1d57b3142,0.8695118796534617,0.02364025844039378,0.09387147298213071,0.012976388924013876,0,1
8ce7315d04b1,0.05693555120440906,0.7981379942047031,0.13971108372945554,0.005215370861432054,3,0
8ceba80333df,0.08483931981973059,0.7542659978857919,0.11988833792834996,0.0410063443661277,1,3
8cec64c8a30a,0.13346128334417423,0.8320275540417831,0.021821945167199236,0.012689217446843402,0,1
8cef368b3a7d,0.46480577857969885,0.20922056004418993,0.21600122421538184,0.10997243716072934,0,3
8cf2f88c1831,0.618979401112244,0.271364944903878,0.07478734572213509,0.03486830826174287,0,4
8cf5886a6526,0.8142255217790046,0.09634820573609346,0.06884404505254031,0.020582227432361683,0,3
8cf883e963b2,0.5419359180551019,0.2759555403167572,0.126780556317062,0.05532798531107894,0,3
8cfd81b6304b,0.0941398561798035,0.27889496272836684,0.5318746321773956,0.0950905489144341,1,1
8d04e38ff3cc,0.2849429161652724,0.47516944988546717,0.23234945717202812,0.007538176777232278,2,0
8d05f7a01571,0.09341422429471866,0.8703719310654734,0.03271752464926842,0.00349631999053949,1,0
8d107e939496,0.0890163055857029,0.8280492345895473,0.05661502997584303,0.026319429848906655,1,2
8d119ef46916,0.04536063292601232,0.7158894507960953,0.20882213572719072,0.029927780550701708,1,4
8d1bb5055032,0.04541075239526869,0.474056425530294,0.44052184343553347,0.04001097863890387,0,4
8d1e97279e94,0.05564288874918423,0.6768167147541667,0.20117765016913905,0.0663627463275099,2,4
8d266ade4183,0.828463191583464,0.0879088194182541,0.0770965196898048,0.006531469308477203,3,0
8d2c21678869,0.10111253265195548,0.7820016430746469,0.07034437674049564,0.04654144753290208,1,1
8d3cf4f69a12,0.9279712865295093,0.02282065821037605,0.04170344656122361,0.007504608698891049,0,1
8d4380e847cd,0.14982929037719656,0.5782332785683283,0.15970107119933666,0.11223635985513856,2,2
8d4af13cfe6e,0.2500758672541022,0.6634864910653492,0.06069326331222099,0.025744378368327596,1,2
8d603dc4f0fc,0.23238386954931592,0.7307630751969616,0.0324856598547599,0.004367395398962636,1,4
8d6424e7fe13,0.9317237969786037,0.03486249739014449,0.02715307347805314,0.0062606321531986095,1,1
8d98b1ffe5cc,0.184661770200826,0.4511051275237263,0.2140937681823433,0.15013933409310434,1,1
8db3c6dd3bc8,0.04504215086074707,0.9027547914699421,0.04882375995378572,0.00337929771552504,1,2
8dd03d75fbbc,0.09898902649299889,0.6601691293324637,0.2357175999315936,0.005124244242943623,2,2
8dd2336dc141,0.5305911006639431,0.28708410298338394,0.13413471680427108,0.048190079548401814,1,2
8dd9d392745c,0.06396471345979599,0.878516216675865,0.04317340040264861,0.014345669461690384,1,0
8de0328fef41,0.019198884094216884,0.8556684571388858,0.10715254397852832,0.017980114788368872,1,0
8dec4313cf31,0.12899508732915493,0.5441698383053334,0.22267825699418337,0.10415681737132826,3,3
8e0e8fb16772,0.43738645859011566,0.47744248175020787,0.08059802280630395,0.00457303685337256,2,0
8e207d306f5a,0.019028357720391176,0.911938702692028,0.05352957534768825,0.015503364239892615,1,0
8e3028ee83b7,0.38430938975984347,0.5082701787063378,0.09036498092742967,0.017055450606389105,2,3
8e303eb56993,0.18827840670844298,0.6567314630653405,0.12384145162824671,0.03114867859796977,1,0
8e589a80dc42,0.024502424152736395,0.7620169982199027,0.17305128354100938,0.04042929408635154,2,1
8e592ea3b990,0.06978956513684605,0.5744095238536221,0.34711880484251695,0.008682106167015,1,4
8e66608fcb8b,0.3871098549140449,0.3127413861157048,0.28820110441339375,0.01194765455685658,1,2
8e696c58fe5a,0.8373203326977002,0.03101550041810143,0.11371977156097188,0.017944395323226454,0,1
8e6f3fef011b,0.019229180765356558,0.9224740305624592,0.03392562871367261,0.024371159958511402,2,2
8e844d4f4027,0.652362886915144,0.30255223358138583,0.04102122121250619,0.004063658290964123,0,1
8e88d7565396,0.0191917809978669,0.9039313397544901,0.067330682325072,0.009546196922571054,1,1
8ea4a61f36d5,0.04277065592413939,0.9029078191097714,0.03698745002630074,0.017334074939788575,1,3
8eac27104552,0.505462324670937,0.19735442424828387,0.26917129745198926,0.0280119536287899,1,2
8eb7415fd75d,0.8086178937268623,0.14980664328314522,0.03678482546824333,0.004790637521749238,0,1
8ebfb520f2cc,0.23356506193525559,0.6079900431748032,0.14582530089349693,0.012619593996444243,1,3
8f08039e8b7f,0.018289069508659817,0.8132136800445575,0.1160248316173944,0.0524724188293882,1,3
8f0cd3800684,0.4666243349539541,0.11586218422848733,0.4116888922778758,0.005824588539682666,1,0
8f1242af7d14,0.07317936495019478,0.8357123941672332,0.057226424031442104,0.033881816851130016,2,3
8f22d79a5ba0,0.22323231176869854,0.35277195527352295,0.1274625354806686,0.2965331974771099,1,3
8f25ccd15213,0.04126528810754078,0.854735997894334,0.09991672164538944,0.004081992352735753,1,4
8f3131f02439,0.8890266716489097,0.056563432719788836,0.0525016671897762,0.0019082284415252685,0,4
8f3a2c63b390,0.6157079626606405,0.24503994501484946,0.11014137987697062,0.029110712447539502,1,1
8f3f2c566e2e,0.050230168131275774,0.17249811398648082,0.7752094650648741,0.002062252817369158,1,0
8f40087975d6,0.04552081171276991,0.8647344030029502,0.039646588413868686,0.05009819687041124,1,1
8f43952cb2e4,0.5663397744449863,0.16523308292084202,0.18977184945440606,0.07865529317976551,1,4
8f460f57d325,0.05919239203870572,0.9205053644137466,0.019856173476168644,0.00044607007137892026,1,2
8f59e4041fb3,0.8252921899767791,0.054223054606049495,0.04861939386535356,0.07186536155181784,2,2
8f668881cb15,0.1385107027727701,0.7159690491855857,0.050272688504895274,0.09524755953674909,1,0
8f67031d69a9,0.5603371941057409,0.30428910228857897,0.11867103084979401,0.016702672755886185,3,4
8f67f991ed01,0.17193766666100538,0.6532337528499589,0.17100615198892924,0.003822428500106461,2,1
8f8c93da549d,0.05149669580555938,0.8063472785283028,0.09829976635364136,0.04385625931249636,1,0
8f969a767c03,0.17672361905291303,0.3974622262245656,0.41326219215398835,0.012551962568532964,1,4
8f9900d6dd98,0.871562448564389,0.05485652229108902,0.06637934784496204,0.007201681299559948,0,1
8f9f2fcd1101,0.01730251675206856,0.919474349251608,0.0531203184909882,0.010102815505335077,1,3
8fa13c443211,0.0841109933777019,0.5570061542157344,0.33212188613788113,0.02676096626868251,1,0
8fc0ab15fbba,0.6012720816101094,0.19277797785518708,0.19776763054171523,0.008182309992988263,0,4
8fc46a1ef7d6,0.05288861668586724,0.3380562309237152,0.504708411771103,0.10434674061931452,0,0
8fcb4fdefa9b,0.1712723279154359,0.6950319424939116,0.13233123043587047,0.001364499154782044,1,0
8fd26a99fddf,0.0704885675848185,0.7031409279452923,0.17986683211785917,0.04650367235202998,2,0
8fd6cbf80a60,0.23794218771895115,0.6259533511668548,0.10285748996551955,0.03324697114867455,3,4
8fde67c815d9,0.7315007460483015,0.19807809246200792,0.05655130406153413,0.013869857428156229,1,3
8fe8e5f3d9f2,0.011959896101345515,0.8880717837646804,0.0996937954920365,0.0002745246419376259,1,1
8fece7358b68,0.9408031189145022,0.016341653680629547,0.03638968743730608,0.00646553996756214,0,1
900f971c9d9d,0.04827582345285565,0.9029014476975395,0.04515864337784625,0.003664085471758321,2,1
901033aaf100,0.01219056025671291,0.7801143397785005,0.17124136837215426,0.036453731592632314,1,2
9010d82f158b,0.06757177260257971,0.8880650486725399,0.019394791077602436,0.024968387647278087,2,1
90128165c011,0.08606854922441243,0.6161253058133855,0.1407610571923863,0.15704508776981568,2,4
9027e97cec00,0.3874482019067396,0.34975010380492044,0.2538163054133668,0.008985388874973107,1,1
9032f7dfa5b7,0.08020124140436967,0.8296544041797362,0.07088414055265665,0.019260213863237514,1,3
9039045a41db,0.8432824641510815,0.1017121101270425,0.04602730449923616,0.008978121222639763,0,1
9039323ef12d,0.8792756228598416,0.03096407914805472,0.08254394897797791,0.007216349014125691,3,1
904b2fc4d66c,0.10563449852317806,0.4057535831415796,0.14197387493685187,0.34663804339839044,2,2
90563a9f1f5c,0.3882615530825503,0.4813635683514176,0.12172047290243396,0.00865440566359805,1,1
906b1c0633c1,0.9363527545206435,0.025587963010942277,0.023041732366452686,0.015017550101961666,0,1
90857afa360f,0.23384785954683196,0.553525815974417,0.11486115949249175,0.09776516498625926,3,1
9092b76fd394,0.02418178266765369,0.8525886747263549,0.11437173293197302,0.008857809674018514,1,4
9099a377b0ba,0.02264538425910703,0.8907350138690922,0.08020271020705387,0.006416891664746976,0,1
909b093ebd7b,0.0036751820792112247,0.9913618435243592,0.002322535433609452,0.0026404389628202135,1,3
90bbbbe42dcf,0.180807408510753,0.5004940299165301,0.27640211656110947,0.04229644501160726,0,2
90d2406651aa,0.06387355834706153,0.7519148086341646,0.15982612410567779,0.024385508913095957,2,4
90ebb1c07f60,0.7340652947300949,0.03435620253142746,0.230537260087619,0.0010412426508588104,0,3
90f926079a8b,0.8541843671052397,0.020867731004752383,0.08108085734083946,0.04386704454916839,0,1
910fd590ada8,0.4478462257611225,0.21342430222956085,0.2801101891720655,0.058619282837251055,1,4
9113eb5c46c2,0.2020262740813202,0.24413929429084896,0.43572249640242794,0.11811193522540295,1,1
9115e6b5aef1,0.9618716870394916,0.02185786571126146,0.006612271697011905,0.00965817555223507,0,1
911de1f9cbc8,0.022250326043502446,0.7475374550710638,0.16379436683546736,0.06641785204996635,1,4
912c5491499a,0.03614150553685131,0.8414663171118967,0.10290102938717076,0.019491147964081305,1,3
912f0bf73b2c,0.2743277127895597,0.5252779859498886,0.19889211446891114,0.0015021867916405675,1,2
913182869146,0.11816722113153001,0.5550158083610631,0.2772762994372119,0.04954067107019512,1,1
914fd6a59eb7,0.01600938226378961,0.9014823292208796,0.0713992623944626,0.011109026120868103,1,0
9168248b2ad7,0.0687715056103427,0.873906153746285,0.019771197846224723,0.03755114279714764,1,4
916911dbc503,0.012518914861676422,0.898856815246277,0.047007461594029305,0.041616808298017054,1,0
9185f141a3c9,0.05222548258234181,0.4635256646287867,0.43638893327734524,0.04785991951152625,1,1
919d121c32c5,0.058162153947067835,0.4720270295615231,0.42883811589804005,0.04097270059336913,1,4
91a2860aecda,0.2558027288575827,0.32941842044110364,0.3614938892374981,0.053284961463815665,1,1
91a5b9eda347,0.14722850413686042,0.7212942484991146,0.10532698385038235,0.026150263513642504,1,3
91bd57a2c56d,0.23959365018792722,0.6912782707334495,0.06589952443854429,0.003228554640078801,2,3
91ced42c375c,0.04855977255549995,0.34892129193007854,0.5583432690085146,0.04417566650590694,3,4
91dcfcaf5ee0,0.019745460986993285,0.9349037446712366,0.044347826226008726,0.0010029681157616651,1,1
91e00c3ee94b,0.16286150757931045,0.5083376396598784,0.29907788965324006,0.02972296310757105,1,0
920248f0e483,0.2274656982076423,0.3801272169644575,0.2834417142172717,0.10896537061062857,1,2
9225830ff6e8,0.29887318478735314,0.6400048495245803,0.03518346603514705,0.025938499652919483,1,1
922ecebef0a6,0.46432731111776826,0.345231575271244,0.10111227697259595,0.08932883663839183,2,0
924f402e5f21,0.3287995751716488,0.3740813885530976,0.27775522026355937,0.019363816011694294,2,4
926375b034e2,0.8993957072413475,0.05104957843991849,0.04339892405687225,0.00615579026186176,2,4
9273fc8c7085,0.6423930204129938,0.22885419405928945,0.12437018182545133,0.004382603702265339,1,4
9276f2d48294,0.12118354185737287,0.5939956943416759,0.1836790930429488,0.10114167075800236,0,0
9283b3ca7c42,0.20061297909860987,0.6332699544356767,0.15830341374024118,0.007813652725472351,1,0
928e54bf8b2c,0.10765075911507423,0.7836134827367267,0.07406858097440591,0.034667177173793126,3,2
9291a5debee0,0.03384697974730274,0.8580037547311808,0.09754059811134085,0.010608667410175524,0,0
9298dad2b9d5,0.05438141966850287,0.8449626213865744,0.09503790278033082,0.005618056164592082,1,1
92a134ec6693,0.3849459539401293,0.3934802259551828,0.20817235822168106,0.013401461883006761,0,0
92a2802a224d,0.040304271720712805,0.8125546371036599,0.1161902014275289,0.03095088974809828,2,2
92aacc2910ce,0.683832324864415,0.24582470889273708,0.06417689671325451,0.0061660695295934495,0,0
92aae4899047,0.7892291289028497,0.04367486447769998,0.16132946495386344,0.005766541665586959,0,1
92db40d7a773,0.2690704560492969,0.4963158450638406,0.20117642447588358,0.03343727441097887,0,2
92e2158a09b7,0.04347521870458776,0.890892614063768,0.052934887286586685,0.012697279945057635,1,4
930457b2b7fc,0.011217376246636313,0.947215007942943,0.03707853168982817,0.004489084120592421,3,1
93137dfd6a8b,0.027569539481623627,0.8094077208836574,0.1483624564771908,0.014660283157528108,1,4
9315df5edab8,0.20367401610715258,0.7339529928792149,0.040627709258899615,0.021745281754732997,0,4
932c6343566e,0.9063428596950892,0.04854292498882621,0.027718472372804694,0.017395742943279897,0,3
9330e8848d54,0.10784521495772738,0.7437630061801327,0.10240809783888463,0.04598368102325532,1,3
9345d903a235,0.1523697169101854,0.6885491361688095,0.09775093344611344,0.061330213474891614,1,2
9348d63bc024,0.8733720316870516,0.0924189597239747,0.025525263101122547,0.008683745487850973,0,3
936046fa7b66,0.054524610789618635,0.723383851236571,0.2066619673717742,0.015429570602036119,0,4
936679c7b27c,0.0982766600854847,0.7540241977086113,0.10516844562311893,0.04253069658278505,2,1
936867da7b98,0.1168002479649131,0.6849294155118755,0.1653553929765883,0.03291494354662308,1,3
9376fced310c,0.8591233296634967,0.03415011907047117,0.07756492735255072,0.029161623913481448,1,3
93882c2250e5,0.5507724006066727,0.3249099432631358,0.10231353326051144,0.02200412286968013,1,4
93915d2e405c,0.04895748928285014,0.2641299363601882,0.6724332123674791,0.01447936198948248,0,0
9392e6a8e272,0.30418125646695315,0.5983028363361741,0.08455723552522626,0.012958671671646526,2,4
93b2c01193e9,0.053723075253455696,0.8956985115297801,0.04006701641796288,0.010511396798801262,0,2
93c6a74d9ef2,0.2745125385308801,0.6274196015368939,0.0722726339595511,0.0257952259726748,1,2
93c9ce299102,0.14678899210775978,0.5320087981934236,0.31040307477748036,0.01079913492133618,2,1
93e8a7d28f91,0.9668285078745221,0.016838204478410553,0.009488313441049653,0.006844974206017514,0,2
93eaff86bff6,0.8293170359362402,0.023840791150915232,0.13789338962965317,0.008948783283191448,0,2
940927eb98cc,0.3335857552600971,0.3264340209593891,0.3263045138183859,0.013675709962128024,0,1
9424c80e0448,0.7623762795762791,0.19830954668836387,0.03630293224444384,0.0030112414909131704,2,1
943486bb3aac,0.027106352331901215,0.8540281964659155,0.11012727989832809,0.008738171303855225,1,3
943d27c0247b,0.275454509649397,0.4880700962826306,0.1932664174310398,0.0432089766369327,1,3
943eaf84ee7e,0.06332236959902511,0.732471734348571,0.09157434271647422,0.1126315533359295,3,3
944341248373,0.24228816983819082,0.6105602890913931,0.13746571881229924,0.009685822258116815,1,3
945d11f79ea4,0.12628171533702398,0.42645019662705835,0.33846676846900314,0.10880131956691469,1,4
94708a574bf1,0.05799388233544493,0.7745242234463003,0.14905067390909002,0.01843122030916473,2,3
947af0140d33,0.11523269220829925,0.3998318191977561,0.3586621829972661,0.1262733055966785,1,4
947bec537575,0.07487361287983847,0.7980855689182298,0.1099510631213929,0.017089755080538845,1,4
948a3520b1f3,0.6909072787614552,0.17366963454508086,0.1196106832414536,0.015812403452010237,0,2
948b59d6a856,0.11517965869862873,0.5859235924077959,0.1232615393962129,0.17563520949736253,1,1
948cbaad29d8,0.10509017060073779,0.42876566894107004,0.326476689190996,0.13966747126719625,1,2
94a3a166d2e6,0.15689845762326785,0.48814702240524244,0.31919130851920613,0.035763211452283644,2,2
94a65a60dd0f,0.47504463069106806,0.37894328923672443,0.12339009160307468,0.02262198846913288,0,2
94df074651a2,0.593015174308247,0.1561799589537023,0.23331733723913245,0.017487529498918387,2,2
94e318e3c980,0.046666755797594016,0.8564836059419845,0.06351442318669674,0.033335215073724826,1,3
94eda787df5b,0.0815216469243662,0.7268930084171953,0.18962711827053075,0.001958226387907758,1,1
9506596cb1ab,0.6096689724586808,0.24768114418548792,0.12941406746920134,0.013235815886629945,0,3
951400899440,0.1723301410423475,0.754860784442119,0.06537879582976633,0.007430278685766971,1,3
951b8755c772,0.015073805993269535,0.970576838585532,0.013153532078622377,0.001195823342575899,1,4
952077ae882b,0.9470235009025083,0.017517180014716735,0.03090484895135055,0.004554470131424457,0,2
9526218fe33d,0.008390586863943384,0.8334937149034591,0.14463320458725462,0.013482493645342779,1,0
952f04d9cfcc,0.27175483690152874,0.5742998736082193,0.0769070445026303,0.07703824498762159,1,1
9533d6931fc7,0.23050635892583315,0.6985932175404129,0.06774204909241338,0.003158374441340547,1,2
953e5e477eaa,0.17482936351745113,0.6576869170328857,0.140353934595753,0.027129784853910145,0,4
954f8acb98dd,0.706348458461484,0.05120481446846402,0.13198137400146207,0.1104653530685899,0,1
9554527fd4a5,0.1655161162097369,0.350542169803631,0.4770959737816325,0.006845740204999698,1,0
95566106ef97,0.17331218495016626,0.7476839247760264,0.07578751532990916,0.0032163749438980506,1,4
955c9a911fd0,0.1418955931149613,0.8165478819642373,0.016038682698220775,0.025517842222580474,3,0
955e9f43b034,0.00999791617060806,0.944869982558516,0.033069428827732984,0.0120626724431431,0,0
956d5ff78f91,0.09058989639230661,0.6514621903571877,0.15071896964771456,0.10722894360279116,1,3
95728086046a,0.6904410878540811,0.1797871833315079,0.09955796285358241,0.030213765960828618,1,4
9575884bee6b,0.10453103196526427,0.7540960328598865,0.09001912432084304,0.051353810854006136,3,0
95843bf24ddf,0.49305953763534766,0.13841859395790712,0.2728045898749515,0.09571727853179372,1,1
95857167b435,0.08337271146268561,0.7291171788760584,0.1716920087387103,0.015818100922545788,1,2
95940c3f283a,0.3480353134437794,0.3900528424042943,0.24868049725385627,0.013231346898070075,0,2
959d3d0d8199,0.05535633039167828,0.7893878821444029,0.13042380028841152,0.024831987175507286,1,4
95ad3f9aa671,0.37121636623658383,0.35641713677874337,0.2383044027143582,0.0340620942703148,1,4
95bdaffbc7a2,0.007334131711941218,0.8745747587796662,0.1150190778941026,0.0030720316142900943,2,4
95c2b109d0d4,0.22649125165692713,0.6292896342230025,0.12727660281391773,0.016942511306152656,2,3
95c3cd8b0bba,0.278427270735537,0.24098719508964073,0.43907531370899205,0.041510220465830056,0,1
95da43e095d3,0.40984447496076665,0.3307686991938468,0.24178949009658599,0.017597335748800548,1,1
95dba116ccd2,0.43826138965280553,0.36539836946654664,0.14767690238920844,0.0486633384914394,2,3
95eb56f807cf,0.515373060292693,0.2583644765766504,0.18417012374357503,0.04209233938708165,0,3
95fcf5433b40,0.37206588897057435,0.5320043674183901,0.0939200251920356,0.002009718418999955,1,0
95fd7cfafd10,0.06800506206145612,0.7241693198106288,0.19821973146407393,0.009605886663841254,2,0
96067887a106,0.7721059797889563,0.08531209508800165,0.10449882145985834,0.03808310366318355,0,3
960d37415757,0.26044807836400263,0.4120449871047087,0.3040316218199805,0.023475312711308077,1,3
961761c43308,0.05164469508336945,0.6709496639543246,0.26359409005383144,0.013811550908474494,1,3
9618c3ca410e,0.126991470438638,0.7565489400124368,0.08720156696062427,0.029258022588300982,1,0
9624ffcd114a,0.046400300518745476,0.8193504409035518,0.11028214014932398,0.023967118428378672,1,1
962b514336b7,0.030837329812520492,0.7852115728643466,0.17945045218166547,0.0045006451414675635,1,3
9639e228b628,0.08487546045587831,0.3571125834678471,0.5551179387307734,0.0028940173455012015,1,2
96427109f6d1,0.08344239339248084,0.43859342038930804,0.4231588956232062,0.05480529059500512,2,2
96448f229e67,0.37138229262308764,0.4344422685513509,0.17429551003598628,0.01987992878957523,2,1
96533d9801a9,0.26466284423264813,0.23708715428483967,0.4260854951230331,0.0721645063594791,0,3
965aa8281388,0.29582675406070275,0.41180207702897204,0.2777950331272722,0.014576135783053036,1,2
966247fbd8dc,0.2044569982525586,0.4848867961569375,0.30536430488568084,0.0052919007048229895,0,0
966b3f33b181,0.02658734543656717,0.9177155051980482,0.053817548593326575,0.0018796007720579123,1,1
966cf034dd4c,0.04671566234645185,0.8904390686608199,0.039919022882430044,0.022926246110298223,1,0
9672beea2200,0.32279215893458624,0.342550897936988,0.3174872878315618,0.017169655296863786,1,2
9680b6bc8e55,0.12891476964129467,0.356371412526175,0.43908786788912946,0.07562594994340097,2,4
96847884be69,0.03311513365337044,0.4411468375924965,0.5084542997084744,0.017283729045658648,2,2
96991f19b1f9,0.9162459330612556,0.02405031687710232,0.05871025293724339,0.0009934971243986954,0,2
96b52adeeca5,0.003591757971273129,0.9274943556163245,0.04483901577533082,0.024074870637071488,3,0
96d1f9ad6e80,0.06235843512701908,0.7661439175442967,0.10970056290953059,0.06179708441915391,1,1
96d6988dafa4,0.7461787957571814,0.1353991383820107,0.049693633919254104,0.06872843194155386,1,2
96d9d0f47cbd,0.18959161495130697,0.5913485475370847,0.2086823794648103,0.010377458046797846,0,0
96dfa1261098,0.7889929663070432,0.07679610863462068,0.07171183076994583,0.06249909428839033,0,4
96e0daba7ca8,0.031234042265641557,0.6009168778248726,0.30347414892855296,0.06437493098093303,1,2
96fa47f2b83f,0.7317775047205869,0.07701888271990591,0.18953177227504633,0.001671840284460908,0,1
97020cda085f,0.09321205564026182,0.6491701637273523,0.24738292016092664,0.010234860471459387,0,3
9704fd5364eb,0.7206548511561921,0.11113126357417505,0.13408014391287085,0.03413374135676192,0,4
970c96c9fa5d,0.007476407414251907,0.9845975104610096,0.007347220118753977,0.0005788620059844735,1,1
970e477a229f,0.9820114250304587,0.003428506511182655,0.011587457273551137,0.0029726111848073448,0,3
973c7216c8d4,0.9075592761678782,0.03550798844151741,0.03223001161233583,0.024702723778268727,0,3
97674ac9caab,0.024010264775661986,0.7819384768956748,0.17486213115361787,0.019189127175045277,1,4
97692c000b63,0.009900089931296497,0.9519048894591496,0.03364844823283576,0.0045465723767182265,1,4
9776469ed2a5,0.9894725559804993,0.007013224481614838,0.0013037972452020795,0.002210422292683829,0,4
977af8f945cf,0.4987259120646853,0.21413666617567473,0.16343767537919926,0.12369974638044073,0,3
9785b5d2ce37,0.6319473376231322,0.16644091110285075,0.17954628625304458,0.022065465020972567,1,3
9788d6db5ccf,0.2848975263666957,0.4444882653260575,0.26002568105716756,0.010588527250079277,0,0
9793d59830f1,0.8492238655132439,0.09010714767715935,0.04522048423693452,0.015448502572662219,2,1
979f302a2fef,0.16160755947834077,0.7790664740158121,0.03701627562807385,0.02230969087777324,1,4
97a4dc6f1f5f,0.06534699245356031,0.644450520793661,0.2630381977660114,0.027164288986767173,2,4
97ef8dddd102,0.03224024791848401,0.6559118128889224,0.283950374898708,0.02789756429388542,2,2
98023f79d14d,0.013405183069081195,0.9015822155850312,0.0688800427605057,0.016132558585381995,1,1
980351f05de0,0.8441332796117057,0.05451459341554739,0.09883144554048205,0.0025206814322650036,1,1
980a690320eb,0.18085514098673972,0.7510363281440742,0.05939519216698569,0.008713338702200276,1,1
98177d6d0db0,0.0151560055183135,0.8948635851331537,0.061786716210541555,0.028193693137991305,1,1
9817859ffa87,0.02979409238070697,0.9473682583333826,0.01962342949568834,0.0032142197902220544,3,2
982b445c0d1b,0.048553491236460834,0.792849881323988,0.1355835992034748,0.023013028236076184,1,0
983579cf7e1a,0.07350839899063324,0.861749936808792,0.057297788670474276,0.007443875530100692,1,4
983673fbc3e3,0.0231663054968017,0.9159186867090126,0.05986106667706193,0.001053941117123886,1,1
9842ee31aee8,0.05060794646039292,0.7452150120354096,0.202159648276284,0.0020173932279136104,1,0
9847df53f2f7,0.9381487878411775,0.03148033712195344,0.026551013390698562,0.0038198616461705146,0,4
984ce6dfbc51,0.08765366021673196,0.39935330275682485,0.19088444013558495,0.3221085968908583,3,1
9855cbfdcb71,0.5549670915995388,0.23060517029511454,0.20845341846730464,0.005974319638041924,0,2
985b26811cf7,0.061144731648422906,0.6830589771358724,0.08869020775731362,0.1671060834583911,1,0
9862e4094231,0.02883862845636398,0.3010662479711709,0.5534668380310005,0.11662828554146454,0,4
98696039f5a0,0.08415628663619949,0.3377939321837946,0.5425258736101266,0.03552390756987929,2,1
9872417abeed,0.9376350052932787,0.042238888716568244,0.019474259531458767,0.0006518464586942232,2,4
9878f8b090bd,0.5925766598049633,0.2522628892009108,0.08833848427439328,0.06682196671973255,0,2
98868469e23c,0.45817888514036476,0.4126387171829772,0.11962083199224352,0.00956156568441456,1,1
98a3f60e39a1,0.4794410116081835,0.424608427210788,0.08629473973614248,0.009655821444886107,0,4
98bbbab1a415,0.27611347090143484,0.5563199467353461,0.14456990325760474,0.022996679105614235,1,3
98c6965e9185,0.06269165765644316,0.8323394670070614,0.0930074049821407,0.011961470354354669,1,2
98ca208a6e43,0.005945021843720591,0.9321108854860808,0.05952906887423426,0.0024150237959643128,2,2
98cd48a41756,0.044561519111763946,0.7897207851322582,0.1599522823155206,0.005765413440457204,2,1
98cd793644aa,0.1886596484001177,0.6615151142662976,0.1276603040813067,0.022164933252277898,1,0
98d13a3c4060,0.4927127951561365,0.3346432259638262,0.06145378030275138,0.11119019857728592,1,1
98d246dec8db,0.9136594769129723,0.014476174219791386,0.05941470326033556,0.012449645606900697,2,3
98e5ea7a176d,0.23207170067649555,0.5504569321101296,0.11205531295018024,0.10541605426319454,2,0
98e86888141f,0.21734028486544996,0.5472834381459555,0.17179311314505014,0.06358316384354448,1,3
98f14a54fa31,0.013801320627451433,0.4612636112890298,0.3634674235904632,0.1614676444930556,1,1
98f702bb9649,0.10053013758819228,0.6805426918370562,0.18892929759826557,0.029997872976485873,1,3
990642807f68,0.7253381581503102,0.1677830308081981,0.10595241216077891,0.000926398880712828,0,1
990da56b9183,0.10777856773290084,0.6661543674969597,0.2230461114126204,0.003020953357519223,1,2
990fc38a16ae,0.044670246545410616,0.7029408308844753,0.21804221253437137,0.034346710035742696,1,4
9911a3ab56c2,0.6115232008147625,0.09068612573472203,0.28806348192955006,0.00972719152096542,0,3
9915d9038245,0.31618146505324124,0.5364447826256927,0.11475088684591396,0.032622865475152134,1,1
991c7282e91c,0.6352340124473547,0.31189432480547136,0.03159189475889599,0.021279767988278176,1,2
991e39f747a1,0.978464084069852,0.005048969202619209,0.010646558590310126,0.005840388137218724,0,1
9927fbe86982,0.09764805131020705,0.47887680801743615,0.24857235089623023,0.1749027897761267,0,4
9945a45c802e,0.14103779784353326,0.6196699944996563,0.16040202401866066,0.07889018363814967,3,0
994885f06db4,0.256722583152983,0.6796002111015931,0.05383398767802324,0.009843218067400714,1,1
99499db74741,0.1059934734032362,0.5455340055777332,0.32729136398119574,0.02118115703783479,1,0
995b90d044b3,0.029487870356805952,0.9201965019727089,0.048109599824664735,0.002206027845820493,1,3
99606cd849bc,0.6666717893683043,0.17632826748117789,0.14902272443943998,0.007977218711077958,2,1
996e865f85d2,0.04022583653151732,0.8847252967279231,0.06524351095957534,0.009805355780984293,1,0
997985cf7142,0.9323415855061519,0.026813283139327546,0.015440039054997938,0.025405092299522695,1,2
997b769bd2bd,0.6907427542527906,0.22049944695386417,0.07887820976383537,0.009879589029509923,0,2
99a33da42b9f,0.24472903940593982,0.309572641232564,0.2699327281916802,0.175765591169816,1,3
99aa2bb52d7e,0.7359915230258658,0.12476997971537698,0.13081892550455437,0.00841957175420287,0,0
99ba95380399,0.6904021829017127,0.20596494840173785,0.10068751446647463,0.0029453542300748115,0,1
99c1585d12cb,0.09588025027549292,0.8152214990073643,0.08499994800007793,0.003898302717064921,1,2
99c38d2b32b3,0.3250677452418389,0.5850660652572695,0.07652428458296724,0.013341904917924429,1,4
99cb5766690f,0.24035967848247353,0.5881767539562692,0.13456033597888345,0.03690323158237374,1,2
9a0b8204400b,0.0712885587372348,0.741798019031042,0.14462248581231563,0.042290936419407454,3,4
9a19d3c19232,0.46735662285420737,0.368871795170914,0.14909564443944406,0.014675937535434625,0,4
9a2ad069cce4,0.03283545177988155,0.9366038641365202,0.02738219385422426,0.003178490229373809,1,3
9a493656953a,0.22614714472036265,0.6279941590321484,0.1318891538576345,0.013969542389854483,1,3
9a4a6abdf776,0.2926652033479476,0.2218632556293053,0.47637798441156026,0.009093556611186784,2,1
9a769075f534,0.8790088070885232,0.0902723063806307,0.02954698139822298,0.0011719051326230566,0,2
9a7b51f98ab5,0.33041868449140244,0.10588878675965435,0.5567232320492861,0.006969296699657094,2,2
9a9306122b73,0.7100857731390284,0.0876627219486319,0.1851984961673569,0.01705300874498266,1,1
9aa19b9ab337,0.023675561666334246,0.46652256729501984,0.3537666669051561,0.15603520413348976,1,3
9ab36af82642,0.12005951131820787,0.7134592085515078,0.1535906742155136,0.012890605914770863,0,4
9ac50f02c18c,0.7864559378559731,0.07983087869351943,0.10773384706180356,0.025979336388703988,0,0
9acd72663429,0.014791700462007201,0.8613975650366374,0.048578227227951874,0.0752325072734033,1,1
9ad7aec257e6,0.11020614461717194,0.8430755443294721,0.026021630920833237,0.020696680132522557,1,1
9b1d142bd9a9,0.007735679715103107,0.9530917188085954,0.03152391143622928,0.007648690040072123,1,2
9b1e813ea349,0.2147296008239646,0.6552225297451356,0.12524860336844507,0.004799266062454608,2,4
9b350fdf9d64,0.6882162970231489,0.268852641321506,0.036990283411680064,0.00594077824366492,0,4
9b3748a1c634,0.598388918977762,0.18734119686131617,0.17321169598267003,0.04105818817825173,0,4
9b4bd818dd00,0.029303835730698474,0.45922653375241673,0.18045410279106056,0.3310155277258242,1,3
9b5b8816a625,0.05183423369865719,0.6716565233456575,0.22146966360777365,0.055039579347911656,2,3
9b645ac3442b,0.07587293424341211,0.7276586692954027,0.09394812072788182,0.10252027573330341,1,4
9b6ddea1d71e,0.06375033407897081,0.4076121152483966,0.4281763104648572,0.1004612402077754,1,4
9b7abbb52fe9,0.022274334107228195,0.8675680756099575,0.09811228761592806,0.012045302666886096,1,2
9b978a92670c,0.5671105131091541,0.2618443002183726,0.1484344661595508,0.02261072051292247,0,4
9ba12eba8ede,0.14636995662772506,0.6007757618184891,0.23138368396281056,0.021470597590975235,1,0
9bc0baeae132,0.7684503945088245,0.09753786317173532,0.11956929856614788,0.014442443753292228,3,0
9bc1a2bcd4b7,0.06213163355113378,0.6492743859867101,0.2570243622474934,0.03156961821466274,1,0
9bee391e272c,0.059842896598198705,0.7923704646929136,0.13147493619064993,0.016311702518237606,1,4
9bfc747353b9,0.023165465000415924,0.8373114945938132,0.11441106701989821,0.02511197338587262,1,1
9c03092ea533,0.08362625790071235,0.7154504983018773,0.19632232653006834,0.004600917267341941,2,3
9c1f5a410926,0.1562297377258121,0.6178523880827391,0.15353008323939993,0.07238779095204874,2,0
9c7647d1c27a,0.41592302059346864,0.39381884016313906,0.12752142386862983,0.06273671537476257,0,3
9c9195463881,0.37960272437901793,0.28168986681016217,0.2557435842003296,0.08296382461049032,1,2
9c95946da400,0.07452206472676291,0.8791695718145354,0.044401320212446735,0.0019070432462548472,2,3
9cb94320645e,0.7786498433632919,0.10740063114482651,0.09619676883084712,0.01775275666103464,1,3
9cceed954b94,0.24168696659001895,0.6376827046235385,0.10480972568918785,0.015820603097254533,1,4
9cdcb56eaaae,0.8312159716622151,0.11836973778138896,0.048040134333138494,0.002374156223257534,2,2
9cdd781b61ab,0.033910418951225346,0.4809051222129641,0.25269983956426506,0.2324846192715454,3,4
9cdeca924178,0.9595438872149784,0.022369518278803742,0.013173309042422674,0.004913285463795109,0,1
9cece086de6f,0.8514907119668995,0.12519771749646666,0.01745183870157814,0.005859731835055533,0,0
9cef4ea2d3e6,0.813860451863718,0.06878261077565223,0.11409421147175214,0.0032627258888774722,0,2
9cf41cd052f7,0.4200370536542175,0.40591690598135877,0.1598814090780805,0.014164631286343378,0,0
9d0157caf088,0.5485008992679333,0.24925475055293592,0.18954908424439243,0.012695265934738374,2,3
9d07514a1023,0.5409232850199214,0.3507231398591517,0.06469826229211448,0.04365531282881246,1,1
9d17eb56c1ab,0.2117750806767085,0.7322135499693473,0.024128861804333948,0.031882507549610375,1,2
9d1c6d0be5b2,0.45378415742968564,0.20618742685359562,0.30614103490279365,0.033887380813925096,2,3
9d2251392b2d,0.28576276607682105,0.617306745724131,0.08749535366178507,0.009435134537262909,1,3
9d2c1cb6203f,0.03446595550174706,0.8461944007383374,0.09375979367825563,0.02557985008166,1,0
9d41436ab64b,0.7752289602624837,0.16899859092399835,0.034171565981405964,0.02160088283211198,2,4
9d46d14396b9,0.1359952425326716,0.39823586707683917,0.37972707003197664,0.08604182035851253,2,4
9d514ce429a7,0.010182858981755383,0.9207849769975046,0.06276692987268571,0.006265234148054162,1,0
9d553ab91801,0.8114656917226326,0.11915645853706534,0.05945140220704871,0.009926447533253424,0,1
9d55b43150e5,0.13830917408007212,0.8118556582245245,0.036040237356064715,0.013794930339338665,2,1
9d5a724952f4,0.6817191462724842,0.05898158261085405,0.13201998445538238,0.12727928666127947,0,0
9d5fb048b2e3,0.7298414393113889,0.11677944354591846,0.14892483912734986,0.004454278015342719,1,0
9d6647847383,0.0703924867768925,0.8328235267155456,0.09399394760529588,0.0027900389022660252,1,1
9d66cc2c906f,0.6995341243585935,0.13393565457719248,0.15101119195946805,0.015519029104745978,0,2
9d85cfba99ae,0.012540385415018713,0.9619617190963796,0.020389409941068637,0.005108485547532988,1,4
9d8fb5abccc3,0.03034416840954653,0.9213622897430647,0.043594847920417165,0.004698693926971517,1,0
9da3efcced2e,0.025160595754424798,0.8984516672226335,0.056080760529713454,0.020306976493228074,1,0
9dc2ebecf986,0.13903677206459647,0.577964696982296,0.17884121971398811,0.10415731123911935,2,4
9ddd0027433b,0.029101771279997798,0.8814644175204489,0.07398252278767892,0.015451288411874436,2,2
9deb368bf67e,0.46862324597193705,0.37991732150387203,0.06828124544131885,0.08317818708287202,0,3
9e1b05a7acb8,0.8457451559972067,0.03547423236440559,0.11697009192009972,0.0018105197182881913,1,0
9e203aeed99f,0.12334012428840602,0.363364355174519,0.30703612767772936,0.20625939285934555,1,4
9e2ce8e735ab,0.38243529208037397,0.22651303432166706,0.27069983193432273,0.12035184166363624,0,3
9e344b8a4fdf,0.0479126042844888,0.3146602271753551,0.6212471239599473,0.01618004458020882,3,2
9e3727c8eb64,0.25978218647783596,0.5966748358216094,0.09858487693279032,0.0449581007677643,1,1
9e49c8e24623,0.10824740890027078,0.4557643820215238,0.18381132270283473,0.25217688637537056,0,3
9e4d14c0491a,0.17204662107564456,0.6324128948278549,0.19048375567727013,0.005056728419230292,1,1
9e54c4048c29,0.8802953792485506,0.051603137946074996,0.03383495420517987,0.034266528600194475,0,3
9e5cb858ff8a,0.6721961282774914,0.2310954029873466,0.05315144292949171,0.043557025805670405,0,2
9e5cdeb53c06,0.9029635339422469,0.04430571331887576,0.020032862972089005,0.032697889766788474,0,0
9e61d18ded2f,0.015897167429992594,0.9185423821563922,0.060688190720710425,0.004872259692904786,1,1
9e649215f5a8,0.8358805789541072,0.04114453553146383,0.11689588665570738,0.006078998858721622,0,0
9e6e8142ca4f,0.022561844869447303,0.7092231068810827,0.2586471579533537,0.009567890296116276,2,1
9e70afac2591,0.7338410942577107,0.15763314126342526,0.090896611182139,0.017629153296724827,2,4
9e99231860d5,0.0507331426548825,0.8727499451715456,0.06579165757917164,0.010725254594400354,1,4
9eabf871003c,0.02433329577979767,0.912338022203871,0.052066150221904875,0.011262531794426704,2,1
9ef4fd7b2557,0.020438287629066885,0.874911779492572,0.0971517634233741,0.007498169454986701,1,3
9f0ec4c9eba3,0.4628928632508174,0.28840920578208223,0.2345176674005017,0.01418026356659874,2,1
9f18402a0625,0.006256388507942573,0.9703801831867372,0.016092679334186226,0.007270748971133852,2,1
9f2c8b935d12,0.8806659164166258,0.05591442715405316,0.05747729413891572,0.005942362290405522,1,3
9f46e9ceed53,0.8126719040245356,0.08893496878948415,0.0731347444319336,0.025258382754046703,0,3
9f61fffd8a09,0.33463541241791106,0.390406375982677,0.26364096832583006,0.011317243273581868,0,4
9f95066c5136,0.2901339638600596,0.6268225851703466,0.0740848808825427,0.008958570087051101,1,0
9f980fd8cfa2,0.02474773209499013,0.9096762760572242,0.060475463791800244,0.005100528055985273,1,1
9fa2ca50548e,0.1471724247290072,0.18838147666928537,0.6208187394059705,0.043627359195736876,1,3
9faedba4b8f9,0.05760907734161539,0.8054948410211077,0.10561925787149748,0.03127682376577937,1,2
9fd6d2ef1078,0.39849224341168304,0.4413541354461843,0.15549940968509957,0.00465421145703308,1,2
9fdc942fef5a,0.09838017605688486,0.35777935409214745,0.11286423615963098,0.4309762336913366,0,3
9fe9b5770dcb,0.8723916135074672,0.031222527554947737,0.06793542648642002,0.02845043245116508,2,2
9ff049a6b395,0.5297345599832419,0.2905649686850892,0.12251617070992094,0.057184300621747855,1,2
9ffca298e56d,0.06803727262738851,0.5914394374452276,0.17156702447088223,0.1689562654565017,2,2
a00e889aef1b,0.39827272690637505,0.2897653220638323,0.2918699665050052,0.020091984524787443,0,3
a00ea9526864,0.1649133214358793,0.6807637318346182,0.11977652579273544,0.03454642093676694,1,4
a010493089f1,0.11457234758874699,0.656031655644092,0.16376950888129166,0.0656264878858692,3,3
a01635a34416,0.3213790982776858,0.5930248734109204,0.07594027006544721,0.009655758245946645,2,2
a0254bf8a96e,0.7007880167338785,0.16177295553583923,0.11631064180735053,0.021128385922931862,0,2
a03475617868,0.029813455557422843,0.8809559217735965,0.05449618578875367,0.03473443688022713,1,1
a039c3e66fe8,0.0276486609331781,0.6963197367579458,0.2207869384563911,0.05524466385248508,1,0
a03daefd7f50,0.020247517512125404,0.9424339342631435,0.02704060711551937,0.010277941109211621,1,0
a049406d1973,0.1126320069499131,0.22907229179668673,0.6244602178862598,0.033835483367140255,2,3
a059024800d5,0.6326632967546061,0.15633189045019522,0.19765703405832086,0.013347778736877924,0,2
a05e3567f7f8,0.34961347599805487,0.3378463098693167,0.21026354241797982,0.1022766717146487,1,3
a0627abab45a,0.015498532253017361,0.9440256038658413,0.029256108580863055,0.011219755300278385,1,0
a072ab44ba69,0.24128684928197075,0.2548350785687928,0.4977290248184528,0.006149047330783602,1,0
a0927e51897c,0.08958292709622204,0.8503919251491429,0.05381341779148674,0.006211729963148353,1,3
a0aeed6297e4,0.5493732129661191,0.23706134771880835,0.20544447582253178,0.008120963492540902,2,2
a0cb0b96fb3d,0.41247002788469633,0.5270663100975377,0.04160792257609848,0.01885573944166759,1,4
a0ee0882a1af,0.7332324938247541,0.15797995374492596,0.1062564945453018,0.002531057885018241,2,0
a0f781c851b5,0.21244938155168314,0.6713765251172789,0.10214347872303312,0.014030614608005053,0,1
a0fa0c688236,0.025991190559727352,0.9458423052973817,0.026608406410023884,0.0015580977328671698,2,4
a0fa7251455a,0.39377852350632003,0.0739299903352833,0.5261384728925533,0.006153013265843244,1,0
a1052bbfc9b1,0.29941790439689925,0.5648257479053521,0.11967059793040077,0.016085749767347845,2,3
a12376c1eb75,0.27511343655115605,0.5791115710923799,0.1281396638053779,0.01763532855108603,2,2
a12656e39aaa,0.07276721409069689,0.8213827983910671,0.10343826414696573,0.0024117233712702764,1,3
a129df480e7f,0.08578791347512763,0.7674220518458342,0.12322565133965206,0.023564383339385937,0,2
a12f0ab3d7ed,0.19703835370683442,0.580782444763337,0.2070772240743616,0.015101977455466943,1,0
a15ae5112312,0.22598683292086433,0.6231147700225073,0.08461454492700073,0.06628385212962766,2,1
a170d9c2a410,0.04986911667909587,0.878305087642512,0.053311127058526704,0.018514668619865508,1,3
a173eb366e83,0.32147020972967194,0.3986963871045526,0.2714838941150173,0.008349509050758104,1,4
a17c8a3c6416,0.1538722923888684,0.2045065896006992,0.6007467629899907,0.04087435502044161,2,2
a17dffb1dcf9,0.029305813337939374,0.33977105771977795,0.36057455636164965,0.270348572580633,3,0
a180e392df12,0.6466212295994516,0.20060382755961198,0.11568365784711096,0.03709128499382539,0,4
a1844a4ba6f2,0.2697333331879467,0.6160097456529037,0.11051288860384308,0.003744032555306662,1,1
a1864aaf556e,0.0628844931939387,0.6759716228771346,0.25959913245397515,0.0015447514749514382,1,0
a19382e3cce5,0.061741848745298276,0.6801447814841252,0.10219318774954342,0.15592018202103328,1,0
a1a0ff86b50f,0.011256904106206216,0.9695333134446195,0.010257188764706705,0.008952593684467774,1,1
a1adb406b342,0.08253867853826291,0.7167610099618034,0.19182014832690708,0.008880163173026707,1,2
a1ae5f6f0d47,0.3010440108615634,0.5395089657949212,0.10344425140812706,0.056002771935388364,1,4
a1cc057809db,0.318196878516522,0.1608623983981689,0.39862327509087225,0.12231744799443682,1,2
a1d3defcc10e,0.2933305732119203,0.1958240039142334,0.504318284854197,0.006527138019649287,3,2
a1d3ecf7c3d7,0.07065998972288401,0.5424134267153611,0.3653536955784919,0.021572887983262998,0,4
a1df5617626b,0.3313980388193602,0.6351748132247241,0.017326166550799837,0.016100981405115854,1,3
a1f9e53e9270,0.7164760347811312,0.20843164527496433,0.059184813049848274,0.015907506894056136,2,4
a1fca1702255,0.6059690297583765,0.1623686805869196,0.19454874720671375,0.03711354244799006,0,4
a2040274d57b,0.049335091664784815,0.7004741643158435,0.17033162823839265,0.07985911578097898,1,3
a20916a9f4fe,0.22578284343190957,0.5510291553953074,0.20926368580234533,0.013924315370437748,2,2
a20c8c388d36,0.018059553319266314,0.9259509074408454,0.04750875130276896,0.008480787937119223,1,3
a20f42a2f5b0,0.09102901015496022,0.7398781557630986,0.15962187649548704,0.009470957586454217,1,2
a21b244030e1,0.7288987061069893,0.08336825143928114,0.11668585147471737,0.07104719097901228,0,3
a21d04e8fbe1,0.0050129008289706055,0.957675524356156,0.025324806118843232,0.011986768696030152,0,0
a241b8b55623,0.22060567465308675,0.6971674718288314,0.06849457412933715,0.013732279388744729,1,0
a25113d5cb14,0.8309584583924929,0.05656293220311878,0.10690669914117838,0.005571910263209759,0,3
a26315a4a01f,0.035262987286258596,0.7800981171880359,0.1684712257895158,0.016167669736189813,2,4
a26c23e61853,0.09889285376013009,0.6214440393356468,0.2517770452358457,0.02788606166837736,2,1
a27ab5ca843e,0.48830436152252604,0.3840368362892569,0.12315965308818125,0.004499149100035965,3,3
a286861ce88f,0.501340017283317,0.11927081507405728,0.3386533520131647,0.04073581562946093,0,1
a286afd80fbe,0.6606548509040816,0.17503461590051989,0.13817393514087875,0.02613659805451969,0,2
a292b1d0cce3,0.1404926150643987,0.7404871958291499,0.08908926044343808,0.029930928663013386,1,2
a29b6e721a2d,0.5902679119091104,0.16603926033993105,0.23894260610178164,0.004750221649177016,0,2
a29dd9b40ef0,0.28298740237918546,0.5125162392537473,0.18367215350291485,0.020824204864152363,1,0
a2b155b28828,0.4609060395091,0.4325982716290454,0.08238424956977267,0.024111439292082062,1,0
a2c18811ac63,0.8455119668535436,0.027709569190578414,0.11776080431211763,0.009017659643760396,0,4
a2c441a9a2fa,0.614193091339746,0.2420724334801179,0.12715998148092,0.016574493699216167,0,1
a2ca59370337,0.18676857053000973,0.5969965503819101,0.17803814588625444,0.038196733201825775,2,4
a2dab8d548ca,0.010699353258827453,0.8538975113687155,0.04333627612796747,0.09206685924448951,3,0
a2e68abf134c,0.011042979393337187,0.9339168978859943,0.037117588105274525,0.017922534615393903,1,2
a2ea009b52fd,0.010900071485054981,0.8772300098442931,0.08333173393747637,0.028538184733175587,1,2
a2f3fa59d0cf,0.05216894820052067,0.8393212407182218,0.0957806027948298,0.01272920828642774,0,2
a2fd15d23a65,0.18709708579049428,0.3646910359733487,0.4409947383747944,0.007217139861362584,0,1
a2fd48c105c1,0.03083628184652217,0.844392403202632,0.06802708107137227,0.05674423387947352,2,3
a30df02de39d,0.6851095362333266,0.11724825021703499,0.19383129393887613,0.0038109196107621707,0,2
a312d66f0f1c,0.015256418483902282,0.9563745973776143,0.02563059529021437,0.0027383888482689807,1,2
a3262ea06be3,0.06882706148936679,0.472202643374919,0.38537331602861424,0.07359697910709999,1,3
a335674d8416,0.8029862298626289,0.1266067071470534,0.0592060396850853,0.011201023305232406,0,1
a33697e797cc,0.47651907299784035,0.2725187152472654,0.2169284831499373,0.03403372860495704,2,2
a336bfc009da,0.1901613901881545,0.42735024016777085,0.36689589414497287,0.015592475499101885,2,4
a3385095361e,0.011878115394112909,0.7725919758236282,0.12976103764289368,0.08576887113936522,1,1
a33d67387cbb,0.7884908498567872,0.015951682463827697,0.1765267668800879,0.019030700799297223,0,3
a34bfa3e0298,0.0652159557255687,0.5480279033527468,0.34982969974051453,0.036926441181170014,1,4
a34fefe62a8c,0.6114763561247054,0.1808477477930216,0.13323152179804967,0.0744443742842235,1,4
a375e7272183,0.03477399337141019,0.8865181543438876,0.0762149969262097,0.0024928553584925898,1,2
a3816b3911d8,0.9734849517604927,0.007352844114457479,0.01664919947100537,0.0025130046540446606,0,2
a39c8877e5f3,0.3454890872560535,0.2974400028142503,0.2570439566118701,0.10002695331782611,3,0
a3a97e9826f2,0.11503730947950738,0.6107362243756644,0.23078820554814233,0.04343826059668593,1,0
a3b3e87e80c5,0.023136704307539082,0.9026202557846544,0.01717372329700619,0.0570693166108004,3,0
a3ca77fe7d3e,0.3356434806343698,0.0876344445119285,0.4254974895920828,0.15122458526161892,0,0
a3e0a4f98acf,0.10361322903997106,0.7516443434571619,0.1366080304042774,0.00813439709858963,1,0
a3f6bc388702,0.8955780967994809,0.06149107998243197,0.03424755666150513,0.008683266556582041,0,0
a3f959cfb652,0.12383080372411502,0.6191388539071501,0.24154164320174745,0.015488699166987592,0,3
a40024c82acc,0.1131422234241136,0.5664529519918505,0.2830031573208308,0.037401667263205096,0,4
a40158c68404,0.7155759991378753,0.2000152968771095,0.08169563592700389,0.002713068058011107,3,0
a417b008dd8c,0.01436558435804384,0.8959443034620775,0.05673661743781413,0.03295349474206445,1,0
a41ae95d5d0f,0.03951652722621177,0.7922132134754882,0.12991867508980606,0.03835158420849401,1,2
a421f856fe02,0.056915347704295176,0.5965320805437895,0.3452730344405434,0.0012795373113719376,1,3
a42ae62f7181,0.24833017330517781,0.3580696321706123,0.34420626421450307,0.04939393030970679,1,4
a435175b518a,0.23926533511910678,0.5704606919186357,0.17144417930232703,0.018829793659930483,1,2
a4429932fae7,0.901622139833332,0.06349609782186846,0.024361373176023007,0.010520389168776555,0,3
a44afa4fa73d,0.897201248560998,0.047922679506786615,0.05221298405105044,0.0026630878811648947,0,0
a45728df9fa0,0.01265555635927455,0.9784363686331081,0.004512259786523258,0.004395815221094051,1,1
a45b8266678e,0.03657964114013138,0.7388310396842331,0.2025212215498779,0.022068097625757514,2,2
a45fbd22e4b2,0.5205558690753675,0.30982396323415395,0.10466713015345078,0.06495303753702766,2,1
a47390d298a2,0.005786032870925307,0.9791881948568966,0.012059900520489372,0.0029658717516886923,2,1
a47b48392e9d,0.05895920619851989,0.8609920241303134,0.07361069771519983,0.0064380719559667095,1,0
a4856003f5c1,0.010535248314299937,0.9711075040231523,0.016249128195350498,0.0021081194671972465,1,3
a4a423ac8d91,0.032620862443740226,0.9047489366657935,0.025188917783466325,0.03744128310699995,3,2
a4a51116a876,0.19653095671026563,0.6037718232112016,0.16161793808386304,0.038079281994669686,0,4
a4b311d1dc4b,0.9832171926882066,0.00908055196540723,0.0056676616794185215,0.002034593666967737,0,4
a4b902e30c61,0.21808105500778802,0.6287276987840136,0.1349794582769304,0.01821178793126808,0,4
a4bf95ce9c17,0.02606817234042904,0.8693205782987448,0.05750037432405539,0.047110875036770875,1,4
a4c2231544cb,0.443548132202998,0.42927952752177634,0.11697176315478079,0.01020057712044494,1,3
a4c81006c600,0.10485387232257905,0.49128960937072397,0.37359068434095544,0.03026583396574168,2,4
a4cb6223131e,0.7558177929315393,0.14853474287341153,0.0661999816000849,0.02944748259496427,2,0
a4cc472d2a30,0.028086285325937394,0.7471685755640437,0.21332451385100676,0.011420625259012123,0,1
a4db0d4869c5,0.3484197457453206,0.43312971645040543,0.20759269285571275,0.0108578449485613,1,1
a4e94133d95a,0.046315613031017264,0.7161774039539496,0.17582134889356116,0.06168563412147211,1,0
a4fa1a3f4931,0.1800410385651783,0.4092089608978535,0.2348317731203692,0.17591822741659902,0,3
a50b43f24453,0.01037918783786238,0.9428139300313922,0.04102785077757369,0.00577903135317172,1,2
a516d0dd7c9e,0.656535622124472,0.2247852912558683,0.06259440113017711,0.056084685489482665,1,3
a5203b903444,0.37710027958091286,0.15467855678111236,0.3998412206916687,0.06837994294630605,3,2
a52265dec2ad,0.2240073382959055,0.684827548538128,0.06638140939632056,0.024783703769645858,0,4
a52862899ae4,0.832107092753275,0.041975045356746704,0.12006657278972734,0.005851289100250852,0,1
a5303f2a4c73,0.2750484044241686,0.1512748293922276,0.5499992375199311,0.02367752866367264,1,1
a5305e516c54,0.2737760333801758,0.4838256914943841,0.19381403910383016,0.04858423602160984,3,3
a5400b659f7f,0.049046078263598365,0.8551881565545452,0.08045725343779135,0.01530851174406497,1,1
a541ccade574,0.5949542348967242,0.23082843025952166,0.17174177633588888,0.002475558507865332,2,3
a54e0662895a,0.9500449108019213,0.010918279831477556,0.0275324376646427,0.011504371701958418,0,0
a5591a2fd5d8,0.14417283667395897,0.5225546651491069,0.3068166655371137,0.02645583263982045,1,1
a562e6aaeed3,0.588068633409093,0.3288003561424841,0.07575773232175656,0.007373278126666406,1,4
a5656b78cc0e,0.04470384451748562,0.7818948773889628,0.16983170817038548,0.003569569923166234,1,0
a56a373f11f7,0.8565495282592384,0.048618719802919604,0.05066092832853132,0.04417082360931067,0,0
a57441f93f98,0.021856662413135382,0.8295502353353157,0.0917376703111673,0.05685543194038151,2,3
a5810f9d2099,0.8252574746772937,0.09150214818611176,0.060214925504255924,0.02302545163233849,0,3
a588a2d63baa,0.023588124209384297,0.8796290505923339,0.08357833422460699,0.013204490973674878,1,4
a5958238aa4f,0.5285543601011925,0.39795498896813464,0.024482651066164044,0.0490079998645088,0,2
a5af28176585,0.40120233364902197,0.5303385003663381,0.0625802079003276,0.005878958084312298,1,0
a5b9482cfa77,0.0366112898208285,0.8354550154362043,0.11843631434059293,0.009497380402374257,1,4
a5c349de688d,0.10892666306560982,0.6053824138874356,0.25878151294792,0.02690941009903451,1,1
a5cbe7d78172,0.13223449572544504,0.7010187428400393,0.15783706938178993,0.008909692052725758,1,0
a5cd73b4850d,0.632219448903731,0.2567540222157738,0.10482045075382247,0.006206078126672631,2,2
a5e58b48fde6,0.240294403755134,0.3854162229627663,0.3051878118700884,0.0691015614120113,1,2
a6053c14099b,0.372543028888744,0.43326548689641287,0.18773028663012303,0.0064611975847200095,1,2
a606d1cb54cf,0.13761694025209867,0.6527520784678223,0.1779729641082221,0.03165801717185682,1,4
a6393aff012f,0.17985590468667945,0.5554850531812437,0.21190556102667935,0.0527534811053975,2,2
a65bcb6bbd21,0.5565235417022842,0.34936862980101413,0.07932944047648982,0.014778388020211695,1,1
a67f882788f7,0.0274535650948039,0.9064589554454864,0.06226639004910373,0.00382108941060614,2,0
a68885796918,0.046755961815821034,0.45714451984962934,0.4602729295885133,0.03582658874603634,3,0
a68ac3632126,0.02302645790025868,0.43067638385222884,0.5249328832866331,0.021364274960879327,2,0
a6c79f136694,0.873017431185953,0.0772085428824354,0.04468264337507177,0.005091382556539864,0,4
a6e088644d5d,0.43413979860519997,0.4846894544123946,0.03622483272979106,0.044945914252614454,0,3
a6ee878fe655,0.0651196074991729,0.8074947051865184,0.060746865438595775,0.06663882187571286,1,0
a7030c1f5a47,0.1617003115733184,0.6681612035407216,0.09763991298731452,0.07249857189864538,1,2
a706d8ac9dbd,0.04270304194279701,0.67151831934527,0.2797921670574489,0.005986471654484051,2,4
a70bc81f81c0,0.04929254102174065,0.43940127776630405,0.4878465167106943,0.023459664501260868,1,0
a70d50759dfb,0.24727444653193323,0.6602061455548296,0.08732921607830224,0.00519019183493498,1,1
a71df1f07bde,0.10722809775198,0.5464043055576819,0.32340269614087047,0.022964900549467603,1,1
a7289f35fab3,0.5424647413177109,0.12939513655198123,0.31059579697608247,0.01754432515422536,0,2
a7335b2f9815,0.820643679664931,0.03881806857340647,0.041224487288987276,0.09931376447267524,2,1
a73d9e158691,0.41311949371563433,0.4493744323414451,0.11755401441638265,0.019952059526537967,1,1
a74fe5607fb8,0.23101853319176383,0.5185251610236116,0.23483862673187114,0.01561767905275337,1,1
a76a593c467d,0.06463119825244594,0.7784063183009967,0.15401405455536993,0.0029484288911875516,0,2
a791b775061f,0.7691525915506416,0.0910383128776213,0.11385380599214512,0.025955289579592013,1,0
a7931ddb1010,0.7163636618236344,0.07841485952096347,0.19572195681939566,0.009499521836006618,3,1
a7b4d14caf36,0.38631770671176224,0.23076801660173774,0.37626734983576066,0.006646926850739269,1,0
a7c0ee2766f9,0.22648747731119542,0.6859883117617087,0.08172948012458663,0.0057947308025093295,1,3
a7c66f4267fd,0.06458179412637761,0.7519471915294874,0.12683953803739778,0.056631476306737254,1,2
a7d2a7380ba6,0.11075728933125067,0.7829508308142595,0.10398085071488315,0.0023110291396064766,1,4
a7e94066fbf8,0.12484334443691096,0.6627167665833443,0.18886313058362206,0.023576758396122704,2,1
a7f1ea850ad8,0.30044176044023063,0.5424812466014686,0.12840472794339336,0.028672265014907432,1,4
a803abc3bd58,0.9243819524188179,0.026550364579762366,0.04651738654935096,0.0025502964520687063,0,0
a80f1386b01b,0.9797356983846761,0.00770498040625359,0.010402973591378099,0.0021563476176922405,0,2
a81e1c6fc22e,0.26026619903487125,0.49384843994785715,0.11698093986970988,0.12890442114756168,0,3
a820390aef69,0.7484775992993764,0.1110691979927913,0.08928461932163911,0.051168583386193026,0,1
a8351982c575,0.9621181210234309,0.01588109422301361,0.020173830256986283,0.0018269544965691415,0,3
a842d9e96828,0.1972170572854168,0.7085907566373718,0.07301941062984812,0.021172775447363155,2,3
a84d1f0c2ea2,0.2829387768671805,0.5487912949284502,0.1651454660593409,0.0031244621450283307,0,1
a85adc24df0a,0.22796220585763863,0.6184507350265017,0.1408741527393439,0.012712906376515702,0,2
a862fd88bd49,0.7620215903473744,0.11516950899605315,0.11339049571845151,0.009418404938120847,2,2
a86697ca60f2,0.03445949867356591,0.9435831891391772,0.017454706387467635,0.0045026057997893,1,4
a87414206bcf,0.03293691798098651,0.9248512038351931,0.03401638249776986,0.008195495686050592,0,1
a874435f5b2d,0.02998417316034255,0.8908287400196531,0.07836763849163213,0.0008194483283724064,1,2
a87879343eb4,0.12923639042071133,0.255535313821325,0.4919060512669772,0.12332224449098642,1,0
a880ba760a7f,0.1278914102237334,0.41185142372280276,0.4425525349013988,0.017704631152064925,1,2
a88363cb1f70,0.08552152883761698,0.45036378715914877,0.45768197868364136,0.006432705319592882,0,4
a891e4625f8f,0.4203325256763692,0.38770452048249293,0.17337101958088116,0.01859193426025675,0,4
a89c1f3470e1,0.10066590851054141,0.7722139501935821,0.09894896597327786,0.028171175322598618,2,0
a89d9679bdf0,0.19789503568012137,0.4908615777248737,0.3026217163242106,0.008621670270794194,1,1
a89df9ce879b,0.2690867109026982,0.6887539190829187,0.039925595611971294,0.0022337744024115646,1,1
a8a91d572566,0.09742577941501665,0.6719062447153044,0.16480909419390824,0.06585888167577068,1,2
a8aa15852dfa,0.10070884398505306,0.6482321603919284,0.20560798788091156,0.04545100774210691,1,2
a8ad69453683,0.03670465309795054,0.9275801621054136,0.030850229599323865,0.004864955197311885,1,3
a8b36d06c030,0.05490089600295262,0.46070528270357924,0.4214340067785177,0.06295981451495032,1,3
a8c60c0ef43e,0.1586645971198237,0.614693287459047,0.21639263161560918,0.01024948380552005,2,2
a8f1280e52ba,0.8645439959463552,0.0202897275176273,0.017553024872255657,0.09761325166376177,0,3
a8f1c2912768,0.12607288714177087,0.7707623931961084,0.0800733383612326,0.023091381300888184,2,3
a907108f72e7,0.5155120773210456,0.18621030144179423,0.2793353288441656,0.018942292392994435,0,1
a90de7edd9b7,0.5661649422261887,0.31856889508335057,0.1003766642759021,0.014889498414558581,2,2
a91f96dac3cd,0.13530138897546024,0.2930286381133154,0.48239218047657895,0.08927779243464538,1,2
a93183bb781c,0.38097886702458184,0.21432194993633466,0.2609048199138349,0.14379436312524854,0,0
a937614104e3,0.7181008560991293,0.10121789235229652,0.06581200509452569,0.11486924645404839,0,4
a93eef7b3676,0.8196028211139412,0.09548261244193872,0.06394894777997334,0.020965618664146486,0,1
a9414722ad35,0.886921572558652,0.014773982401827887,0.09621029326212178,0.002094151777398093,2,0
a94358cbd9f3,0.19160990021718893,0.46841979334915,0.3316993960258248,0.008270910407836297,2,2
a94e15ea47c9,0.2158178975551603,0.5362812535763355,0.2362441230109698,0.011656725857534484,0,3
a95bcd8ba9ad,0.7138550312130645,0.20399972611717815,0.07768751905622259,0.004457723613534789,0,3
a96e94314925,0.07770748460031705,0.7272697250998795,0.1837845802364791,0.011238210063324408,1,1
a96f2b221dd0,0.1932140278418507,0.6498551642610134,0.04277148779865732,0.11415932009847864,0,1
a9734406aa90,0.5109750434493787,0.1478121345997468,0.301386443345362,0.039826378605512434,0,2
a97f1cd45b2b,0.1347481070023774,0.39958618541717067,0.4243208951566207,0.04134481242383127,0,0
a98995d04eb3,0.41095961241183426,0.5161544077170792,0.0661094440899832,0.006776535781103326,2,2
a98a217fe57c,0.03136734003701345,0.8709731373113232,0.0585430733305086,0.0391164493211547,3,2
a99534146bde,0.73017901592077,0.06785097649845137,0.19089636427276688,0.01107364330801173,0,3
a9a8f500fea0,0.02232475663477257,0.7998160606271282,0.08961316804635651,0.0882460146917427,2,1
a9ba9da7582a,0.024192491954999513,0.8546843662417473,0.11135533270061578,0.00976780910263749,1,3
a9d37ebfe0e8,0.23180064499585473,0.47227463097851097,0.24078272812065485,0.055141995904979334,1,3
a9df86ee71d5,0.7566234265699768,0.142042933290341,0.05517977836308671,0.04615386177659545,1,1
a9ef2636d4ac,0.2921069401692092,0.6613383000016305,0.040096731168200644,0.006458028660959769,0,1
a9fcf78c3469,0.03459263354650901,0.8144802487761539,0.1385257527751283,0.012401364902208766,1,3
aa01253a3226,0.003474273246951828,0.9707128393765587,0.024127726888556716,0.0016851604879327899,1,0
aa0420c82f8e,0.07275997590405704,0.7386885546718152,0.17265039311595884,0.01590107630816881,1,2
aa20aaac8504,0.1267959676162704,0.5315905968452934,0.32578707660852235,0.015826358929913832,3,2
aa6bbda8865b,0.05191271123743786,0.7966003141006975,0.13124771302657443,0.020239261635290273,1,4
aa6f4d3e11d9,0.060075568050923955,0.5839027847626402,0.30566631042776815,0.050355336758667636,1,0
aa6f86d26781,0.1460811808312607,0.3983311866590775,0.42074147155507124,0.03484616095459054,2,2
aa749b4d6cdd,0.0955612068421649,0.7600460322853121,0.12936288201873347,0.015029878853789438,1,0
aa7cea654180,0.7069740095780156,0.04918996506722565,0.23672914869388442,0.007106876660874328,0,0
aa7dce7556b0,0.01668372433839663,0.8802421938850749,0.036055106115248245,0.0670189756612803,2,1
aab3267c0c17,0.9673547670268889,0.016714909256888774,0.015199874070007065,0.0007304496462152498,2,2
aab84245d034,0.9757605210212236,0.005556525211825442,0.018168824739551934,0.0005141290273991676,0,0
aabe07602051,0.013718173928394225,0.9298234923521427,0.041811748859402455,0.01464658486006058,1,0
aac325aaa28c,0.8723497802077795,0.04739834240984783,0.06520533090999704,0.015046546472375662,0,2
aacd7ff3bbae,0.02658739122135937,0.8717440700784128,0.09939679166496784,0.002271747035260046,1,4
aaf19284ce23,0.09163963670120234,0.6440464325898555,0.2604512834153453,0.0038626472935967726,1,3
aaf4645886fc,0.0423697238492238,0.7792436946127786,0.13506853494068402,0.04331804659731339,1,3
ab22e9457bfe,0.8528968414921687,0.01889989218949989,0.042244621338464246,0.08595864497986737,0,3
ab2560a15171,0.04494983751679464,0.8918465443069494,0.017842972815277202,0.04536064536097872,1,1
ab2b4ff9c9e8,0.475482435817217,0.32279258368398284,0.1448588317635176,0.05686614873528258,3,0
ab325bee36de,0.48833736784651777,0.20205050958151324,0.2785023219784051,0.031109800593563903,3,1
ab3a9cde6e06,0.3499841612778151,0.21104365279705037,0.3900874815305885,0.04888470439454594,2,2
ab6ef957fd8c,0.2671809937488851,0.6573465856016665,0.05620524771298343,0.019267172936465064,1,4
ab8205541661,0.06651754137238793,0.507068290234362,0.37924347538045355,0.04717069301279655,1,4
abb899fcafc6,0.04925418822345791,0.8957352070428419,0.04429601052771332,0.010714594205986892,1,2
abcffc36ff79,0.45775764829289867,0.4383383705832168,0.08152508207921143,0.022378899044673068,1,1
abd0c3d9c5f6,0.904737877037711,0.06489695403176209,0.020227422638624856,0.010137746291902174,1,3
abdaeba121f8,0.048024574569195365,0.9160955370723233,0.026166788224279352,0.009713100134202087,1,2
abdb858bbb81,0.053336424228713035,0.8561019189725279,0.08825395749881419,0.0023076992999448154,2,4
abe76d6fc929,0.021391342114426497,0.6753490008695924,0.29846340957224593,0.004796247443735267,1,2
abf7cffb3176,0.3650125552577379,0.5030155500832555,0.0888015129658454,0.043170381693161106,3,3
abfcd1e7c6d0,0.12760723648422587,0.5246476256664514,0.3010791871297298,0.04666595071959277,1,2
ac150a3b291d,0.02822002782907327,0.8696187603592743,0.0833847370592643,0.01877647475238814,1,3
ac3004ea0405,0.026116749466947798,0.9381334655247964,0.032884243286567125,0.002865541721688726,1,3
ac46cbde0e0e,0.07431048314375814,0.8188182528879423,0.08432797505082244,0.02254328891747718,2,4
ac55dc119f5a,0.011185403664673299,0.958035981487429,0.02311475805847557,0.007663856789422147,1,4
ac91c4c4a63e,0.9777351762460538,0.0154417634930287,0.004027085440107033,0.0027959748208103235,0,4
ac9fa71e33c8,0.11766107965817094,0.6864531218347916,0.14219132365385875,0.053694474853178874,2,4
aca4d52c2f82,0.4256574363768068,0.34767941364057897,0.19542794720435985,0.0312352027782542,0,4
acacf54e2e13,0.011623828493075769,0.9129946257226976,0.07182759517741964,0.0035539506068070293,1,1
acc1d221470b,0.03844521283156322,0.7979568386421224,0.10770355705797334,0.0558943914683411,1,3
accb3f0a6276,0.0057542913307564066,0.956663755649614,0.03322855924529881,0.004353393774330943,2,3
acd13733a711,0.12803123821290302,0.42202727329992074,0.4459587249305774,0.003982763556598724,1,4
acdc669b1e06,0.38444468951443567,0.2696069909144354,0.3318948150975677,0.014053504473561178,0,1
aceb84a579e9,0.1917473843901987,0.4436150453583551,0.30280487456566413,0.061832695685782105,2,1
acec33076f73,0.05517807855907235,0.6402411794676046,0.2714667579002672,0.033113984073055776,1,4
acec4f0cbd17,0.060624596742800886,0.814200934980628,0.11037529548403195,0.014799172792539094,1,1
acf13f7ab5d7,0.9199694650970619,0.023645371843552667,0.05072660538131989,0.005658557678065401,0,0
acf8c450efb2,0.18922699423531852,0.5978092956586916,0.1941227846977256,0.018840925408264257,1,1
ad057569e00c,0.29939223639073476,0.5311388544692451,0.15741460775814184,0.012054301381878435,1,3
ad23cbda5b1c,0.048438574279993867,0.7365911526821368,0.1393243551543021,0.0756459178835673,1,0
ad2e47a1a1f4,0.01530638894492173,0.9555332344842564,0.027494452993996905,0.0016659235768249968,2,1
ad3ec5a0e7c9,0.06928596155449339,0.8790840787929235,0.044174025188049894,0.007455934464533195,0,4
ad40119bb875,0.16041043402714625,0.7091372577110953,0.12671090049282982,0.00374140776892867,1,4
ad4e4f09c5f2,0.007132757665358705,0.9109023939163917,0.054378282533306274,0.02758656588494313,2,4
ad5c640225b4,0.36860494733003113,0.38224509315937144,0.23638194174118604,0.012768017769411439,1,2
ad5ff8dc5e00,0.11485925111437043,0.8453933174666738,0.01900411830472976,0.02074331311422602,3,3
ad6bc3c59891,0.766771403424453,0.15209799784568795,0.07645239114594575,0.004678207583913305,0,3
ad6fb71d384a,0.8302476201031602,0.12937191277920013,0.037590601837093965,0.002789865280545592,0,2
ad97fa89b0b5,0.015374466217127937,0.756402035128949,0.21678130643441093,0.011442192219512246,2,2
ad98b8875f75,0.08497072199884367,0.3386947038265025,0.3163650466857707,0.25996952748888297,3,2
ada4737c1d3f,0.33396412641723044,0.31293438978148264,0.2603271985545693,0.09277428524671764,1,0
adbc10bde10e,0.4809875292309224,0.24296712852062854,0.18844404792995142,0.08760129431849745,3,3
adc53823a49f,0.012435159783085773,0.9761035544102242,0.009510821517606634,0.001950464289083424,1,2
ade84200b83a,0.03845618872168714,0.8719634261750847,0.06917176436464312,0.02040862073858523,2,0
adee0c7ec155,0.20060950348620096,0.5876055687311154,0.20629734943506278,0.005487578347620776,1,2
ae12c55d7e47,0.40748330106687863,0.1524908237331774,0.38562512880254424,0.054400746397399814,0,0
ae3a97ad1c07,0.2627160491246214,0.5228300188176118,0.13738637524558073,0.07706755681218597,0,3
ae3c8cba22ec,0.1012291461561557,0.6983250566132921,0.15327843300337118,0.04716736422718112,0,4
ae439b24ddc3,0.029492421513456168,0.8870030558559046,0.0772563020384232,0.006248220592216021,1,0
ae5b75e08fe8,0.11606134275151765,0.4804120639301677,0.3727060314891718,0.030820561829142685,1,0
ae601aa924ea,0.9465797357585792,0.019810501277924674,0.020868312272205987,0.012741450691289877,0,2
ae6fdbc90bf6,0.28076748874179375,0.5064538765382642,0.18936521172072315,0.023413422999219044,0,3
ae70fa66b983,0.35373407534825113,0.40648024460618054,0.17249958141131422,0.06728609863425415,2,2
ae7519c9d04c,0.05514191016272302,0.8013955173236811,0.13376905605824457,0.009693516455351315,1,1
ae9ae4deef75,0.35595774118008877,0.3832044464076724,0.2335501360828209,0.02728767632941799,2,0
aeb8b1d755ab,0.21741179372517982,0.6112187193380125,0.1494408349033369,0.021928652033470625,2,3
aec0c258907d,0.06491941449298393,0.9106160363884531,0.014687397101902372,0.009777152016660491,3,4
aed115d939ff,0.2549243080460766,0.5817306375422336,0.1490991751248734,0.0142458792868165,2,4
aed885bf91c3,0.1729141132124261,0.5303924725069747,0.14184132944149688,0.1548520848391023,1,4
aee6f16805c5,0.9827716824223184,0.010079617078053358,0.006454919627376106,0.0006937808722520279,3,4
aef234262d84,0.06554660092371266,0.803650115854671,0.11843423897661501,0.012369044245001334,1,0
aef7218aa071,0.04046692654585594,0.8660631828886761,0.08324636361417455,0.010223526951293407,1,4
af0e1211b9c6,0.4029038067609736,0.5488702771408922,0.0431968815628534,0.005029034535280729,0,0
af0f0c129645,0.7996545908502933,0.06826350403416152,0.11860475133186318,0.013477153783682111,0,4
af481c1cf248,0.2912890487633469,0.6010377324442281,0.07190870323198682,0.03576451556043825,3,4
af571ffc5313,0.8130896191115754,0.05074795265939958,0.12569206896075943,0.010470359268265662,0,4
af7f93704ff3,0.904281150086075,0.0417468390757999,0.051926757566987634,0.002045253271137389,0,2
af93e125375c,0.8004055501097301,0.16187977581489876,0.036911565704357815,0.0008031083710132101,1,1
af986679340b,0.02057102614846687,0.9165475534454192,0.04623067955800736,0.016650740848106752,1,4
afbb7840bab0,0.06638784919616775,0.76832045257785,0.16198077359827592,0.0033109246277064383,1,4
afc2b295485b,0.6632303881410393,0.18029872485606252,0.15295711253021912,0.003513774472679073,3,1
afc40988867b,0.31097764709479236,0.5989781127832289,0.08154410671611362,0.008500133405865251,3,3
afd34e28aba2,0.6282795665436407,0.06588572604439982,0.30509881129272803,0.0007358961192314102,0,1
afdda33a1265,0.27894654952986864,0.5820348427425016,0.10582465103038309,0.03319395669724656,2,1
afe34bf97c4a,0.04843554754223717,0.9179227929027909,0.02374019583978265,0.009901463715189171,1,4
b00d45ea85f4,0.01500785922723285,0.91446097153027,0.0695620186319095,0.0009691506105876267,1,2
b031bc52f736,0.7938704147385338,0.05558054927373697,0.13641069836649275,0.014138337621236494,0,1
b032c22da2f7,0.8598482789178052,0.07394705428425974,0.05869318305262212,0.007511483745312846,0,2
b04cbb8b7815,0.6347821219419078,0.16945880631609359,0.13162895538286729,0.06413011635913143,0,0
b06c31c60c7e,0.7030451811303899,0.03130574318108931,0.2486417947393575,0.01700728094916321,0,1
b07b1a96e24c,0.0325745773961725,0.8873623267981041,0.05363179859381897,0.026431297211904407,1,3
b08ae0efd88e,0.06196033540100039,0.47474374410541637,0.4219250064261758,0.04137091406740737,1,3
b08f573ccdf4,0.08278595703254783,0.816955978787266,0.08045471313144195,0.019803351048744214,3,3
b09b0258b2ae,0.10637237636391939,0.2720547904529341,0.5750731116367445,0.04649972154640195,1,0
b0b4d4ae4e0a,0.03544377430146633,0.6931266118812408,0.2602834847831535,0.011146129034139467,1,2
b0be172528e7,0.11781696028181503,0.6689443989412927,0.21093759683891783,0.0023010439379746502,1,3
b0c72167073c,0.8742081672624985,0.015714022416038004,0.10449363573842024,0.0055841745830433435,0,3
b0c942f7403e,0.7397995712276244,0.17769976201844476,0.07300332290355409,0.009497343850376937,0,4
b0d86dd860de,0.0383719100163982,0.903346015701589,0.05591746150490124,0.002364612777111511,1,4
b0e043232ff9,0.028060433034821492,0.9285878345240298,0.027143925603060542,0.016207806838088323,1,4
b0e4f3d07735,0.5911524206639658,0.2121215671651992,0.1836011190621581,0.013124893108676955,0,0
b0e8205dc1ca,0.03036766436393676,0.9473250903506587,0.015765664101861775,0.006541581183542718,1,0
b0ed9f24e855,0.11656682263293978,0.5447827557632733,0.33237684883518476,0.006273572768602236,0,4
b117715cbf64,0.12846899352814634,0.6949159918509816,0.10400318953206224,0.07261182508880981,1,4
b119ef635297,0.4705854327378542,0.35948221603965586,0.16447395348460905,0.005458397737880873,2,2
b121e6f58d1e,0.014970206344838036,0.9358802588976464,0.04420108830978633,0.004948446447729261,1,2
b12798f33ac5,0.08202634541546024,0.6465532129128883,0.2025366177560514,0.0688838239156002,1,0
b127e8b39bcc,0.04591407654363252,0.9021545977193822,0.0409680728903105,0.010963252846674532,0,4
b134a98f78d7,0.5818224404577367,0.3257966604026511,0.07932720746720803,0.013053691672404229,2,4
b13d71d1edde,0.02727770758918463,0.8439402552561047,0.0566919839392863,0.07209005321542458,2,1
b13f18dfaa08,0.09616318443730659,0.6404454196161502,0.22865278340127237,0.034738612545270844,1,3
b14d98b9ac8a,0.0361600971924543,0.8096461823831804,0.1513267781482691,0.002866942276096345,1,4
b1678815a5be,0.19739958602384378,0.38724221188248326,0.4103249367309679,0.005033265362704988,2,1
b167fbe5e1a6,0.033430590412748505,0.4594995086935008,0.43334923740411163,0.07372066348963918,2,4
b172a04e7bd1,0.05455890500176573,0.9152252056847241,0.026511018551243746,0.003704870762266368,0,2
b185438c915c,0.256738506348947,0.38658141551066744,0.3170090589288259,0.03967101921155977,0,2
b19d188bd240,0.03343597743841143,0.8120446120946527,0.09654283625523268,0.05797657421170325,2,2
b1a4fd2a22fd,0.13764923344820085,0.5386509407138543,0.27413731740747727,0.049562508430467514,2,0
b1a9bd35559d,0.9846298923903698,0.0060586854933414305,0.008353282606978287,0.0009581395093104799,0,1
b1afd60f2d1d,0.4361482440107657,0.45260754995887886,0.09747698415018133,0.013767221880174117,3,4
b1c31c1e103a,0.5787020586369535,0.18391339546262334,0.10495022311062369,0.1324343227897996,1,1
b1ca7dd14da1,0.039057729027258584,0.8908895616406117,0.06638335526383075,0.0036693540682987713,1,4
b1dd1ed88f54,0.10167592209599173,0.3687140504328559,0.5207979695945816,0.008812057876570838,2,1
b1dd8130cbf3,0.720195786351107,0.20455736216669365,0.06830704512681772,0.00693980635538167,2,2
b1e74e9f7555,0.8887030717962533,0.0639511710562428,0.04428551743925466,0.003060239708249111,1,3
b1edc75f25bd,0.5753664745731177,0.1973940775542263,0.1652717687020518,0.06196767917060407,2,2
b1f21c64a26c,0.24035681851414498,0.5542431332513335,0.18926105163974588,0.016138996594775593,1,4
b20646e12fbe,0.006597230302261387,0.9676323352699321,0.024818948446715283,0.0009514859810910444,2,2
b206fa11bca7,0.5276638557826963,0.23226475572760003,0.20723521650849902,0.032836171981204754,0,2
b227864cd72e,0.12739675407769205,0.24541717859658804,0.5713202876440721,0.055865779681647895,0,1
b23a892a29d8,0.8072992760022586,0.05760781076021363,0.12700019472501103,0.008092718512516719,0,3
b242d9b6f327,0.010095637601837498,0.9139684900350619,0.05332315038014461,0.022612721982955955,2,3
b2626fe919b8,0.31246744277126054,0.5179091651101093,0.1641844586984904,0.005438933420139705,3,0
b266d836e091,0.06116289245333304,0.7607305584341469,0.14298777567903848,0.03511877343348146,1,2
b27172e0b2f1,0.007087715557884174,0.9359765160480051,0.05503045436576155,0.001905314028349162,2,1
b27e356820f7,0.07453659979719783,0.5233628370095662,0.3428797805815183,0.05922078261171779,1,0
b27fe12f2fc0,0.6150538041591245,0.24049127278084348,0.1275709047951845,0.0168840182648476,0,1
b28ad4ebc3f5,0.051144373630480425,0.774881242528111,0.1661078660204646,0.007866517820944038,1,0
b28ce384008f,0.03283940143271637,0.8242236585463758,0.1310324775069677,0.011904462513940216,1,0
b291fa8c6b02,0.06383544229738207,0.7127002816846729,0.10167201934102323,0.12179225667692181,2,3
b29bffb0d4a3,0.1121510543501173,0.5075818307992127,0.3633060921897593,0.016961022660910857,3,0
b2ad788bfc3b,0.017116792661208788,0.9293728781672667,0.04398248242980027,0.009527846741724135,1,4
b2b9fffd2865,0.33170368782353543,0.5451379426769875,0.11864748272946084,0.004510886770016233,1,3
b2bac61abbe2,0.6210393776335947,0.31104746145720863,0.03193230882299716,0.035980852086199444,0,1
b2e1d9261b55,0.4883881636000942,0.40146831671295663,0.08606821938042758,0.0240753003065216,0,1
b2ea554a013a,0.0196998207349843,0.9014806259337951,0.038278873700482156,0.040540679630738444,1,4
b3034a39ab25,0.07907659047298815,0.49340329760264745,0.3932244841930064,0.03429562773135802,1,2
b30c87707a75,0.03761629056589422,0.8874279568926176,0.04994637825610734,0.025009374285380834,1,1
b32c3695dd40,0.04729367250660749,0.5441038718886554,0.29323863452227233,0.11536382108246489,3,2
b35b5e223ed1,0.3363773178769708,0.5839031925160207,0.03911701593088228,0.040602473676126405,1,1
b36a47fb5f1f,0.6853672917473725,0.1522775079266026,0.1477903222346318,0.01456487809139293,0,2
b3715ae5290f,0.3665477868690063,0.32414372514031087,0.29933471893896185,0.009973769051720874,0,1
b389d4881747,0.01116087882835056,0.9519561671206554,0.035835154017632216,0.0010478000333619133,1,1
b394cd076dc9,0.0445087231514189,0.8163930684723902,0.12228575640625065,0.016812451969940044,1,1
b39b524d798f,0.4645624184423722,0.26789609784858176,0.2587310077608262,0.008810475948219735,0,3
b3c5eea8f3b6,0.011204340584897996,0.9287601460643271,0.04415989264445518,0.015875620706319604,1,3
b3cf474bee3b,0.3290061145736028,0.6416775265034573,0.023559251497575567,0.005757107425364343,0,1
b3d2c3f6ba5c,0.1762114993634691,0.5810093109901219,0.16556226597347926,0.07721692367292979,1,3
b3e4687e4793,0.09242806418556558,0.524700888796156,0.3315604505941508,0.051310596424127705,3,2
b40c57c36cbf,0.027728723760711026,0.9444856501293524,0.01922159214024431,0.008564033969692481,1,3
b40f174f19a6,0.14997137407972472,0.5107503514905678,0.30726761841325,0.03201065601645735,2,0
b41f3ff4504e,0.7041270354825095,0.25719049212513206,0.03138375592306551,0.007298716469293014,0,3
b437cb4c577e,0.26208760710735274,0.6361524852094984,0.09514301934860324,0.006616888334545442,0,2
b446d79ee8f1,0.03617571657108124,0.9243425521453879,0.03530921768817942,0.004172513595351497,1,2
b447179f34cf,0.952651682063806,0.01554141999745875,0.024959210574909324,0.00684768736382601,2,2
b449b8c43f5c,0.7647718441601498,0.18910487834017942,0.03660983289436461,0.009513444605306174,1,1
b45b05909f01,0.016296714316627405,0.8991747940377708,0.07757859206195566,0.0069498995836460116,1,1
b47a01dbca0f,0.04207947934981163,0.6784867796138253,0.2633089587122146,0.016124782324148504,3,0
b49952dcdb83,0.6955079672896366,0.17246208582321076,0.11515445711219452,0.016875489774958105,3,2
b4dc310fc95f,0.3056618175945505,0.4782841620543931,0.21280413712824897,0.0032498832228074212,0,1
b4dcf0375a27,0.768676309360464,0.03929928191196974,0.1308640567266205,0.06116035200094581,0,4
b4f16c10bd10,0.1367079721544188,0.7677284836549434,0.052997184583497205,0.0425663596071407,1,2
b4ffce3b60b9,0.1274509914894982,0.5947525086060163,0.2320532923868223,0.045743207517663136,2,4
b50ffb872dd3,0.020730625454481653,0.4865167983492275,0.447394703307363,0.04535787288892799,1,1
b522753ecc9a,0.7153007691046933,0.19851839083311038,0.06944832557740538,0.016732514484790906,3,2
b524c80e729a,0.5459954953728751,0.27767049903165403,0.09583789074275752,0.08049611485271342,0,2
b54b96343f1d,0.008244264194408789,0.9323461903743641,0.05338384707185579,0.006025698359371403,1,1
b54bbad84888,0.207059867149638,0.6565604326947849,0.09654909570388487,0.03983060445169211,3,0
b5582e7bcb41,0.9500235563247836,0.01597985529712233,0.027540048462501163,0.006456539915592988,0,1
b562944eb64a,0.10401009742804819,0.5211812898521513,0.3545455238265359,0.020263088893264558,1,2
b568a6326154,0.1678153808538354,0.705579944781358,0.12544901698222144,0.0011556573825850195,1,1
b569148041f7,0.3009013642042178,0.5531511171408666,0.1345411725373409,0.011406346117574798,0,0
b57abcba61a3,0.09863934739470599,0.7348547289898717,0.15518513202796522,0.011320791587457192,2,4
b58d8a8771c4,0.11562620663151904,0.7756104202240505,0.08788795688238403,0.0208754162620464,1,4
b5962d47cea2,0.022574993356785512,0.7659431068436414,0.1931115075369104,0.018370392262662485,1,4
b59f90739827,0.028691898233652407,0.8309308188047873,0.11243790814119042,0.02793937482037,2,0
b5a166179242,0.02551314238947928,0.8341798950186164,0.12786426259909725,0.012442699992807055,2,2
b5a1a36a6a17,0.2706408665218363,0.2860400464155343,0.3970471699730165,0.04627191708961291,2,2
b5bc8aa87423,0.16819546270407065,0.7570577893598646,0.0712295704139447,0.003517177522119988,1,2
b5c9316de211,0.010703788039162125,0.9041416381916616,0.06072373340541046,0.024430840363765912,1,4
b5ced8a554bc,0.009744771960774572,0.9211881125264204,0.058672188092291834,0.010394927420513244,1,0
b5e67f04dd09,0.6031809065862893,0.2660493810490301,0.108260953545871,0.022508758818809527,0,1
b5e8188b8e79,0.9295725693597616,0.04008003599404756,0.028025984803677215,0.002321409842513645,0,2
b611e772ca7e,0.004860106614914917,0.9849812111584975,0.008680873639010623,0.0014778085875768975,1,3
b616aba4c37f,0.21814850627514853,0.3527347715407267,0.41904915335897613,0.010067568825148594,1,0
b61bfb1fdb36,0.0706711701561168,0.5805615322636082,0.15487822267964638,0.19388907490062857,1,3
b6219d540374,0.1562042612268005,0.6809349009890374,0.11190916924920859,0.0509516685349534,3,1
b6278022ae0b,0.9704167377006078,0.005313590432052929,0.018683573298149767,0.00558609856918946,0,1
b63076e4c6e9,0.2734392323858453,0.2761551433911208,0.26167090119277925,0.1887347230302548,1,0
b64ca770e9de,0.8456444290838752,0.1136105114770034,0.03680530652877775,0.003939752910343604,0,0
b65443c55896,0.5444496765570227,0.3396388189468588,0.062366604878913365,0.05354489961720514,0,4
b65b351871ed,0.07592949662432387,0.46754002721236554,0.4209694520695661,0.03556102409374453,1,3
b665f2996ab9,0.07709595563271783,0.7066892136951493,0.2079514375868868,0.008263393085245952,3,1
b66a03d385b2,0.06168880284722306,0.6954144712987486,0.13640178589466545,0.10649493995936292,3,1
b66ff916214c,0.16935140912920646,0.5022053137835417,0.313625859323369,0.01481741776388286,1,0
b677082ee199,0.2582144610118252,0.4647548911422107,0.23336536870670796,0.043665279139256184,1,4
b69c11090417,0.7397315588707295,0.11642990335098626,0.13743031390270738,0.006408223875576771,2,3
b6a175212044,0.022899383349145878,0.9344985715787383,0.030393181399954432,0.012208863672161625,2,3
b6a1aa419995,0.03813635465661208,0.9269034046913986,0.0325085027235445,0.002451737928444568,1,2
b6ad22a7487e,0.655683794680033,0.10175324076768644,0.22896193753469377,0.013601027017586859,1,2
b6b4bdf92b3f,0.02347108533715174,0.5322743927029896,0.4268263876576541,0.017428134302204523,1,2
b6b6ccce4a2b,0.41560914629254764,0.436930559169215,0.138463856854206,0.008996437684031437,0,1
b6d5e818679f,0.8910925152205119,0.03240112824693503,0.0758100731818435,0.0006962833507096124,1,0
b6dd2dfbfe52,0.2463232595665235,0.6614442016577916,0.07016536851888408,0.02206717025680077,1,0
b6e467a93579,0.011811880806561823,0.9323753049829047,0.05484132531461471,0.0009714888959187634,1,1
b6eab0a3cd1b,0.591919477093198,0.31180128962942,0.06599817874400216,0.030281054533379887,3,3
b7065c7e72dd,0.08479942657766491,0.7545855461233679,0.1563327366900757,0.0042822906088915225,2,1
b70f41a05b87,0.02720445670307235,0.9332401534465284,0.03648987462673239,0.0030655152236667162,0,1
b714907cbdc7,0.5144496813744216,0.23477213033371397,0.16201723712174912,0.08876095117011533,3,4
b7159866a9ad,0.8823314891080454,0.03973740341539336,0.06997770962242064,0.007953397854140593,3,2
b72a1d6732d8,0.038162148390988616,0.8619696111243316,0.09608010185099647,0.0037881386336832508,2,3
b7378896c37c,0.02896959616629865,0.7264267850099919,0.2165152148722326,0.028088403951476746,3,2
b73f2014a696,0.11140630485144065,0.5907249414494499,0.1879787263572157,0.10989002734189386,1,1
b744c6f3c22e,0.09246181054699713,0.49513185388097697,0.3597215110988423,0.052684824473183504,1,2
b74b3d2dd83d,0.0947603037355593,0.873802007142835,0.025656125975217013,0.005781563146388633,3,3
b74f12b5ba5f,0.32265379268088834,0.4052620277667176,0.2671935719861439,0.004890607566250139,2,0
b7543bd8af0c,0.06676705374564218,0.7911784738391077,0.12632966742682916,0.015724804988421204,1,1
b770e72feae8,0.8752945025335346,0.0783640904585282,0.04440367758443839,0.0019377294234988551,1,4
b776a1192e48,0.017220762578038555,0.9127370075891952,0.06811648088293935,0.0019257489498269455,1,0
b790bca0f34c,0.2926517618747208,0.4643643715303559,0.22538755158002963,0.017596315014893595,3,2
b792f371d0e0,0.6005156455911859,0.29641556122029245,0.09925168188162642,0.0038171113068951167,2,4
b7a31943f6b6,0.14091064260555705,0.7888749032506644,0.06670241504087529,0.003512039102903207,0,0
b7a4443ddd3e,0.13368893138965152,0.6243725739810252,0.14384479962116922,0.09809369500815403,2,3
b7a8295b6531,0.07997517010414816,0.6052662022768153,0.24556541089975462,0.06919321671928191,1,1
b7ab5977dc47,0.8875325557292758,0.023433724004121734,0.0798384306989585,0.009195289567644128,0,0
b7b44d65e1e0,0.09951539326621268,0.81860213143853,0.07781615998519105,0.0040663153100665185,1,3
b7bad61f1aed,0.9526301701312598,0.009637324711404632,0.03574052493206078,0.0019919802252747355,0,0
b7bc624cf296,0.1629336887977581,0.3295365692529652,0.5037446328884163,0.003785109060860395,2,0
b7c96dfb1284,0.7836020601044765,0.09859845190876228,0.03533728643081433,0.08246220155594697,2,4
b7d22144ac7c,0.16228137459933928,0.6888444454781341,0.1447769624597149,0.004097217462811891,1,2
b80302d5de11,0.6600897103084915,0.1320904528871194,0.20645689897629207,0.0013629378280969218,0,2
b807413abe93,0.394132755662179,0.4892180183453655,0.11248993201509662,0.004159293977358798,0,4
b80f219a0a8b,0.08175423486205953,0.5843090675620594,0.20037083168253103,0.13356586589335,1,4
b81cbac55d0d,0.02394882439234478,0.7917017456575856,0.1636387030010718,0.02071072694899785,1,3
b82dd18307b0,0.41392865180555855,0.16457770721572762,0.40580483968450454,0.015688801294209156,1,1
b835688d7cc6,0.04038747188328205,0.9298461655475068,0.02251562825108301,0.007250734318128242,2,4
b840c460b426,0.9624754238046315,0.01133222811130699,0.02052011212639857,0.005672235957662746,0,1
b84c4b17a655,0.5668281055761608,0.24972979064804554,0.15135117273948898,0.03209093103630476,3,1
b8544e55f55e,0.052904041696010304,0.8681664787681415,0.07550688207280286,0.0034225974630452557,1,4
b85454dbd9b1,0.01930280217787353,0.9361254669785178,0.0370739145160971,0.0074978163275114555,2,4
b86b6912b970,0.15187214815614744,0.7457460165817664,0.09562729740599374,0.006754537856092307,1,4
b8727a84ded6,0.22153345048785947,0.49182803589863944,0.16669889399159424,0.1199396196219069,0,2
b878791caa1a,0.3880246111920291,0.32063374344789225,0.10863344526321887,0.1827082000968599,1,4
b87d30f0afbd,0.2722866073970489,0.1714001070806082,0.5139744186461093,0.04233886687623356,0,2
b89d2e52d790,0.7254958838161745,0.09846401747616275,0.17244147242583555,0.003598626281827229,0,3
b89d40fe2918,0.42637089601298234,0.24836912478765458,0.3173587178645633,0.007901261334799766,0,2
b8a9bf2fa391,0.4512384527708366,0.29975650847045515,0.20866142233482382,0.04034361642388451,1,1
b8e15549c0f4,0.15115586826069674,0.7336469677117166,0.10168859037594793,0.013508573651638718,1,3
b8e8e84eaafa,0.021707092211986953,0.9244157788496652,0.052501676184976,0.001375452753371782,1,3
b8f4e76bbd2f,0.00950932751386142,0.5695866176867054,0.3599717017943499,0.06093235300508337,1,4
b8fafbc2ad5c,0.02890629853533935,0.8522862621325561,0.06341806151987876,0.055389377812225776,1,0
b92eb37d3456,0.05730531997238716,0.7496218832911384,0.17439679123340704,0.018676005503067368,1,3
b93fcd443349,0.14639107488912173,0.7340292706176722,0.11201603394718848,0.007563620546017773,1,0
b949689a9ef1,0.42807901154239825,0.5082492173134787,0.060316194273496763,0.0033555768706263335,2,4
b94e0c41bcee,0.5579674898407001,0.07206374134161493,0.3635050982627302,0.006463670554954839,2,3
b972189fc63f,0.011844436191619595,0.842156522545186,0.13155039067414945,0.014448650589044897,1,4
b97ba5f9676e,0.6358046279344142,0.20011048209315943,0.155098772874225,0.008986117098201575,0,2
b9835e921f4a,0.07394051948278725,0.8450024088280467,0.07000615367114003,0.011050918018026072,0,2
b999a7493ffc,0.7019595718379732,0.1471492962200625,0.1245407835121622,0.026350348429802106,0,3
b99ab479998f,0.6828888013145721,0.15589710794528622,0.13195882008940965,0.029255270650732197,1,4
b9a84edbb4d7,0.25326751744022086,0.6330514358031394,0.09414104553244436,0.019540001224195257,0,4
b9aa4efa289f,0.004940612146855309,0.968098227912565,0.026040929245198515,0.000920230695381301,2,2
b9b701be58a3,0.012732389709817521,0.8870251315150646,0.07799593852066254,0.022246540254455417,0,4
b9b8a810f2d0,0.00467268712804855,0.891900210524643,0.08886007531324393,0.014567027034064357,2,1
b9eeafea5c41,0.32527601246293164,0.5135230266577381,0.144232012209813,0.01696894866951717,1,0
ba01c7ed330f,0.01719924971019269,0.8023124708812642,0.12060986897832023,0.05987841043022279,1,3
ba07cc459be2,0.07083084298372468,0.7180957130559313,0.1154009348082553,0.09567250915208876,1,2
ba0d3ee90ce9,0.0553704379410631,0.7836580974356904,0.1571754961265831,0.003795968496663595,1,2
ba29ba23321b,0.18057224474179048,0.5401037897946068,0.07263881286404271,0.20668515259955997,1,0
ba2b03725d21,0.8574169439324905,0.03927840340542567,0.09419871723771817,0.0091059354243657,0,4
ba359fc9666f,0.037320730072563146,0.8712398330217181,0.07436459845264587,0.017074838453072963,1,0
ba382e0d8931,0.1262276311047469,0.6197308713010082,0.19122619240546304,0.0628153051887819,1,2
ba401a51fdee,0.9425917621938692,0.04325349657796187,0.012800943740535692,0.0013537974876331451,0,2
ba463f69de41,0.025792093104466635,0.8435593091406254,0.12260163133130954,0.008046966423598397,1,4
ba482ec6743a,0.14734859055558022,0.5385330277454945,0.3085545528992657,0.005563828799659521,1,0
ba4f73c2aff2,0.05165051564687845,0.6750732917008464,0.2550209867183669,0.018255205933908312,2,3
ba50bfcf4757,0.4589845777603885,0.39297929839206747,0.08747833627602176,0.06055778757152243,3,3
ba54f0062738,0.172072174876247,0.7446977382818537,0.08088424630355083,0.0023458405383484575,1,1
ba72d9d6b562,0.9261769126827479,0.023930579303041318,0.037579361044427446,0.012313146969783174,0,4
ba7e0977f38b,0.8093313058212178,0.09082078171856897,0.06596958377809865,0.03387832868211456,0,3
ba7e67ba6f98,0.01330231107006667,0.8264761311477534,0.14519434111054016,0.015027216671639908,1,4
ba8f9647f1ca,0.6448589925982894,0.15557007485531804,0.18840919402650258,0.011161738519889945,1,1
bab9f823eb40,0.4825808951821763,0.27228828701490715,0.18256581362019625,0.06256500418272029,3,0
babc74e64174,0.9134679639320288,0.0226786384501902,0.05273491116565101,0.01111848645213003,0,4
babd2d68bb87,0.264018223425742,0.6184526215395304,0.09584650521665476,0.02168264981807287,3,2
badb8a6379ac,0.01887040326059862,0.9308654035197763,0.029790981764664656,0.020473211454960432,1,2
bae29add20cf,0.31209024734686636,0.5235621040274991,0.13205627001067788,0.03229137861495655,1,0
bae502afd0c2,0.5655346658455067,0.2915770186167749,0.11442973658519746,0.02845857895252103,0,3
bae643d12bd6,0.11053790608108756,0.7442104476225605,0.10240164236580579,0.042850003930546235,1,0
baf7f4d4a312,0.3686034427182267,0.41296297571577456,0.2106035754791953,0.007830006086803516,1,0
bafb7e87a1b9,0.2695451867158466,0.35169555929641744,0.36832677225551563,0.010432481732220325,0,3
bb251f790a9d,0.04962883079861144,0.8782996757608522,0.06084326699799185,0.011228226442544361,1,3
bb268ee80de6,0.6953991862286052,0.2396261220626944,0.055208988126981315,0.00976570358171913,0,1
bb316c570dea,0.036977601300570165,0.7336582935989341,0.17958935504922321,0.04977475005127258,1,0
bb4e52abc3e7,0.06610644886559772,0.8179669048924146,0.10152616459058504,0.014400481651402524,1,1
bb5d71cc0b7c,0.615150747703144,0.3443819080527736,0.03546891534886816,0.004998428895214249,0,1
bb676fbfcf2f,0.0913503731844839,0.8337366938911019,0.07094290581668593,0.003970027107728247,1,1
bb74de6c12d6,0.6908645655526737,0.12513222159851795,0.1286645170920052,0.05533869575680311,2,3
bb765720c618,0.017280673832453342,0.9716111773799206,0.009165402899129699,0.0019427458884962356,1,4
bb8a2eded898,0.09703256680944504,0.24640029057806012,0.6290581990672667,0.027508943545228107,3,1
bb8d7ff318fd,0.17017839946068694,0.7827688731787963,0.04110329302098022,0.005949434339536416,0,3
bb8f28b5c369,0.9776446632269714,0.006408134318489566,0.015213789160756146,0.0007334132937828664,0,3
bba84cc338c3,0.056047248564316275,0.742727506653963,0.15809595551146438,0.04312928927025625,2,2
bbc14136a5cf,0.017874464352093573,0.7753744120849536,0.18020119192075354,0.026549931642199334,1,3
bbca377a9bed,0.78974676499054,0.11820029635200666,0.08948687440365741,0.0025660642537958726,0,3
bbd9439c6bac,0.16080481992470527,0.5065490806297016,0.2906983952546971,0.04194770419089604,1,0
bbe2678852f9,0.39807734586506677,0.4445294801725026,0.1341720762417838,0.023221097720646688,1,2
bbebf4a7d2df,0.986436553069663,0.004269818860918052,0.007200624176594938,0.0020930038928239623,0,0
bbecf7f6c880,0.25424286235813964,0.6143579439393414,0.12478652024277863,0.0066126734597404474,1,1
bbfcab526b80,0.2778046973578871,0.6084812941972046,0.10433632324065825,0.009377685204250117,2,2
bc086ebcfdd4,0.6881548265742988,0.2074120425216998,0.08809529671937462,0.01633783418462676,1,1
bc1596dfd0ec,0.02000302012670107,0.935768988288356,0.04239141693760441,0.001836574647338485,1,4
bc18de2898c2,0.9408530803513977,0.03287814382622019,0.01897701913642475,0.007291756685957416,0,0
bc27460a2859,0.5672788735613156,0.25618126692484294,0.16811408573438605,0.00842577377945536,0,3
bc2b65a2e0e0,0.2852853962237613,0.6190059100576812,0.08641945519341138,0.009289238525146123,1,4
bc3e009078ca,0.06661119746952072,0.4655469384152978,0.29298018844246115,0.1748616756727202,1,3
bc4f1a8bd241,0.23401933216779522,0.6697682398601024,0.07099833520652024,0.0252140927655822,0,3
bc5d38c88259,0.01841633152031448,0.974719620949953,0.005588856635137758,0.0012751908945947566,1,0
bc641c321681,0.11548652533568805,0.8561947465290878,0.026633440433058143,0.0016852877021660871,1,3
bc78728ff8a2,0.04680517006690951,0.5936811291062395,0.31622222785392823,0.04329147297292283,1,1
bc7b9c7f6db0,0.12295169188640538,0.6589551101146076,0.17697316722068634,0.04112003077830073,2,1
bc84d476388e,0.6210007637606351,0.11852035515562345,0.15141759742399463,0.10906128365974689,0,4
bcc7cc108014,0.13045771731040098,0.47730181705396074,0.35014735722839685,0.0420931084072413,2,1
bcd4b22a208f,0.9745782006686396,0.009257103802002314,0.01587024880418601,0.00029444672517209936,0,1
bcdfafac68b7,0.5257198596024641,0.27675946334932006,0.1866782874146753,0.010842389633540391,3,1
bce35dd6fafd,0.02991279887272238,0.9127098782856249,0.03936340963809465,0.018013913203558017,0,2
bcee64e12aa2,0.05900302685796439,0.8382566340221747,0.07934398020264423,0.023396358917216743,1,1
bcfb73eb7ad5,0.02253739931071121,0.7075487688259773,0.24914372376194788,0.02077010810136379,1,2
bcfeb0f76b80,0.09918459815490618,0.7855797108786279,0.07809135292082482,0.03714433804564124,0,1
bd0695952ade,0.5042595144731938,0.1435924896258992,0.336348983423783,0.015799012477123866,2,3
bd0783c01abc,0.04351191501867775,0.7529900149295925,0.19975990443824312,0.003738165613486691,1,2
bd07eaf2191a,0.10888243669271368,0.2914618219712676,0.5915169020203217,0.008138839315696911,1,1
bd1003a23104,0.8995731278447807,0.025084356459296287,0.07143012965779816,0.003912386038124922,2,0
bd65f1e9450d,0.18010498503526404,0.6497790444737929,0.15412204943823832,0.015993921052704835,1,0
bd7354e80f27,0.12287046186415974,0.5417757086355417,0.3194444667005446,0.015909362799753933,0,1
bd9c555b3306,0.18752278205876496,0.7175165148844755,0.026747051033316288,0.06821365202344316,0,1
bda053990c9b,0.6016279977828255,0.2228373098619584,0.13907317105628,0.03646152129893607,1,1
bda0602c708b,0.11006806004262967,0.6975198406120794,0.16751241583149676,0.0248996835137942,3,3
bdaa322433dc,0.0032966260066115563,0.9438169184837095,0.049191335290274,0.00369512021940488,1,4
bdb9c7c83922,0.15144168195541863,0.263129130484256,0.5779799846639937,0.007449202896331612,3,0
bdc6b580adb7,0.9567055815713168,0.018819376032095426,0.023657900433540546,0.0008171419630472913,3,0
bdd6949b330c,0.40976849032921153,0.374980895861456,0.1710196357539616,0.04423097805537093,1,1
bdd87dcce3de,0.23083572260001817,0.24567035913970128,0.492415666457829,0.031078251802451624,0,4
bddc88dfb40f,0.48068512374789746,0.3486643710243822,0.1426100484048193,0.028040456822900947,0,3
bde318b15e1e,0.024127483193097616,0.8302476348117402,0.13625891932373757,0.009365962671424664,1,2
be0ebd3113b1,0.1944342052014505,0.2149092312217603,0.5872632940474212,0.003393269529368032,0,2
be10f1ab3655,0.25101983448803705,0.3048857058404387,0.42854434577863265,0.015550113892891645,1,3
be16979f2071,0.44213208187446995,0.1922617792266183,0.27463064515046587,0.09097549374844584,3,0
be1a7ddcc19d,0.018592275379994534,0.9400062559999705,0.0355682733265839,0.005833195293451113,1,0
be27e91fa4a7,0.032135103549785465,0.7564730771235634,0.1619581189030678,0.04943370042358331,2,2
be27ee4c4df3,0.8209754330579293,0.1522390463281066,0.023503354817662674,0.003282165796301426,2,0
be3713bb7bdf,0.3452058962050211,0.30905377415696356,0.08443633114493054,0.26130399849308483,1,3
be64cd408bf7,0.004690467789208199,0.9223716846848519,0.016278609452217402,0.05665923807372256,1,1
be71112b8c0e,0.3992347653776315,0.2213393799580354,0.35431898764271236,0.025106867021620644,2,0
be71d3607cf2,0.20530776657343264,0.549393114767849,0.2258906667535864,0.019408451905131876,2,2
be7bfd0b2237,0.10854221069996565,0.4814371194487058,0.3911411922870529,0.018879477564275635,1,4
be7ff7307411,0.05719629563445869,0.7520072588762106,0.16697738033622542,0.023819065153105407,1,3
be8295a3e3f1,0.3931205600962464,0.0736736333712796,0.5116232438172751,0.02158256271519894,1,4
be86e0fdf9f3,0.008494132677285911,0.9446467358201424,0.044231053162516264,0.002628078340055464,1,3
be8966fdac91,0.16569237739661122,0.517560425417408,0.26843604573635177,0.04831115144962905,0,1
be920463ac73,0.13942470545275654,0.6999782071017538,0.1527318808424749,0.007865206603014518,1,0
beb058ee419b,0.8126030453605592,0.06663996508978379,0.11564763643625325,0.005109353113403707,0,0
beb148677aba,0.006544390553574298,0.8631056653583882,0.12773084923050199,0.0026190948575356907,1,1
beb39eada193,0.6990367878540514,0.10238740484723814,0.18847365566436058,0.010102151634349778,0,3
bebaafc7bfbe,0.06835497118939304,0.7145755355580873,0.07112925203912863,0.14594024121339091,2,1
bec6fb240456,0.08254309091660841,0.6839935768726091,0.10264440386532175,0.13081892834546086,1,4
bedd74e98d2e,0.973901155433571,0.016379229380653552,0.006854373391117445,0.002865241794658029,0,0
beeb9195fe52,0.042602018376022975,0.8772299003207091,0.05610269962264977,0.024065381680618052,1,1
bef9268e8897,0.39571041235926757,0.5257518407674304,0.07190922636344871,0.006628520509853357,1,1
befd9a5119eb,0.042148846999974156,0.8902845623141301,0.042168385416933934,0.0253982052689617,1,4
bf0f4d0e3474,0.06371123426898831,0.8275100089853595,0.09551814897327095,0.01326060777238125,1,3
bf1a41bf2a35,0.366418616671591,0.2694741141338046,0.3490251206559964,0.015082148538607919,1,1
bf21ae96901c,0.2124336628174712,0.5771412165791091,0.1271106010056879,0.08331451959773178,2,4
bf35d36cf961,0.15737466199511294,0.5927433702166525,0.15350595325414337,0.09637601453409127,3,2
bf3653da2444,0.5211063455380125,0.42586119862038463,0.03766738781937646,0.015365068022226482,1,2
bf3ba5075cab,0.021053950580009913,0.8475840879877831,0.10341392695851938,0.027948034473687565,1,4
bf443fd8264c,0.06747702274223148,0.6612560112370758,0.2485743597728518,0.022692606247840832,2,0
bf503a60ff23,0.5147987428129194,0.36570712321392607,0.08432478704644882,0.03516934692670569,0,2
bf529579241b,0.6256811303130921,0.33035109845341004,0.025207454621585225,0.01876031661191257,0,2
bf6bb812ec63,0.9703472133858115,0.0152549473010717,0.009694899839342389,0.004702939473774565,0,3
bf6f81be0705,0.2138619887288591,0.575806844902519,0.19427046259314928,0.016060703775472637,0,3
bf6f84cba47f,0.17891942426223467,0.3768018846401456,0.3151758254667212,0.12910286563089854,2,4
bf718904b796,0.03548800400475784,0.8043531735172336,0.1303876254480654,0.02977119702994316,1,2
bf88ddc2621c,0.060588321355696924,0.8247048336570278,0.09627390784769295,0.018432937139582235,1,3
bf89768fd788,0.15601570207249002,0.6693743727551017,0.15521917480658295,0.019390750365825132,1,4
bf912917376f,0.24041071926498875,0.6089371775454359,0.13600690961230197,0.014645193577273515,1,4
bf9f49c46709,0.4432334054613297,0.4140080825120797,0.1389104717504189,0.0038480402761717457,1,2
bfb004fb2bb7,0.5154823374531787,0.3719489940412162,0.10941627342861703,0.003152395076987946,0,1
bfd9d34295ba,0.6340365265031132,0.19756299227866295,0.14695877437097363,0.02144170684725022,0,2
bfea52f3ba2e,0.4097094178000371,0.41737494848758366,0.1227662211742303,0.0501494125381489,1,4
bff5c52b5fdc,0.46874797379467115,0.4169500819717152,0.10045815858486677,0.013843785648746902,0,3
c0101bf708f1,0.0157654430960309,0.37011144827287956,0.5550900851742497,0.059033023456839695,3,3
c010f88a494b,0.34537880322167164,0.48903723651426223,0.14041905559983425,0.025164904664231918,0,3
c01889462e54,0.242460771890968,0.5880892463250527,0.1613720604865948,0.008077921297384483,3,3
c01c4998eddd,0.4502694402928747,0.2121520240530095,0.27886759719478516,0.058710938459330696,0,0
c0319257bdb1,0.025364676306953216,0.9092251690149592,0.02833772265898522,0.0370724320191024,1,2
c0527255e849,0.04311394790796571,0.704173050634999,0.08230265858043644,0.17041034287659879,1,3
c05506118d89,0.05427544796339363,0.9169235151197783,0.019007411117683146,0.009793625799144912,2,3
c065c89e797e,0.813139231103436,0.039044214846714734,0.14351873432966492,0.0042978197201842955,0,0
c08ddce7c535,0.05346393441213272,0.9096510686659456,0.028775349517000393,0.008109647404921342,1,3
c08deac36ae6,0.25134804071735406,0.36413592658648597,0.37004177718833225,0.014474255507827733,3,4
c08f28069408,0.011219681450304072,0.8819072139929135,0.08766525191016174,0.01920785264662063,1,0
c0a5c404506f,0.02582535383606255,0.6549058271914002,0.2842975675649778,0.03497125140755943,1,2
c0b31c4ca617,0.3138649977842469,0.17233921228397672,0.5043993893912677,0.009396400540508606,2,4
c0b825a70867,0.5408215981610135,0.3279700068035344,0.11834054420271611,0.012867850832735934,2,3
c0be57645ef7,0.045811682898858605,0.7072385826441204,0.10389593093665042,0.14305380352037056,1,1
c0d6283aba70,0.45739579655388923,0.3267602475692315,0.2039516535287546,0.0118923023481247,2,3
c0e02c0cd817,0.30918331703505686,0.28835489327980307,0.2734666745476597,0.12899511513748046,0,4
c11804d10775,0.15735279977339348,0.684912136518153,0.12430728596052604,0.03342777774792753,1,4
c13f13201af8,0.8713545651113219,0.06542520112770604,0.059813969219398765,0.0034062645415733244,2,0
c140fcf4dbce,0.9769149221153358,0.00512737278821889,0.007434618629519185,0.010523086466926224,0,0
c158be090c57,0.09234160400144785,0.8229996775056172,0.06119054340103328,0.023468175091901612,1,4
c15c667317d8,0.09441937795386171,0.16760721559818834,0.6983400204787342,0.039633385969215756,0,2
c15db163ce39,0.004206597568989975,0.9663285516222049,0.02711132777401706,0.0023535230347880493,1,4
c18d22653598,0.2841838112290148,0.5476046456791509,0.16121107897571943,0.0070004641161147685,1,4
c194eef4058d,0.789385714351315,0.1515057362884136,0.0473394119977845,0.011769137362486986,2,4
c1a4593e3210,0.8660434891819759,0.08643426073444184,0.04060198525209028,0.006920264831492131,0,1
c1b4cc5a3d82,0.09166977956117268,0.7432843171275676,0.15647239898730697,0.008573504323952858,2,2
c1ba276f8ca1,0.7017966376508712,0.12175888469625373,0.09054830794797178,0.08589616970490328,0,3
c1ba4d912111,0.7586882238126347,0.13183066198246257,0.09760600472059948,0.011875109484303365,1,4
c1d61c52bdfd,0.08679718377514661,0.6721203798350666,0.2339108645506755,0.007171571839111292,2,1
c1d724ba4d21,0.856345411588849,0.08140198130413838,0.026794678613725698,0.03545792849328693,2,0
c1da0e5b5e7f,0.024869404107100923,0.9378620733772063,0.032330933983269965,0.004937588532422919,1,3
c1ecb74c1260,0.11371833470887602,0.8255079439246401,0.05673316861288229,0.004040552753601617,1,2
c1f2fb51a794,0.0976702565068437,0.4547878867210996,0.43352565739004234,0.014016199382014293,1,1
c2168febb64d,0.35984540888000005,0.3292728189835581,0.2622050076487694,0.048676764487672504,0,1
c21b75627e3b,0.6606357051729189,0.20019215940804788,0.10123608401050153,0.03793605140853174,2,3
c22387a717a0,0.09510118373956665,0.5329938216516299,0.3552078397337972,0.016697154875006205,2,0
c229eccad476,0.08709003687446149,0.6138804240887693,0.15814419445314526,0.14088534458362395,1,0
c22d3ee72d3f,0.017534752781487375,0.8573302352362089,0.12428290638753732,0.0008521055947664215,2,2
c23033b658e0,0.12914005414743365,0.5816680956960444,0.2214520984339851,0.06773975172253696,1,3
c2317b1e87a8,0.5141615320670126,0.3439325274341761,0.13384268363146418,0.008063256867347086,1,0
c2349438eb7d,0.12098476796614353,0.6469175401738885,0.20098802006632857,0.03110967179363941,2,1
c23f590fff4f,0.021742563418171563,0.9066811891493106,0.06962543560937395,0.0019508118231438458,1,0
c24d4d4534d4,0.9354713238840862,0.020359979858361948,0.04063317622940009,0.003535520028151756,0,1
c24d9ce8858f,0.8561076181847048,0.10109064000140001,0.032034980322692426,0.010766761491202708,1,4
c25107e62d1e,0.025318080971126877,0.9347877289502429,0.025845033016440106,0.014049157062190166,1,1
c251f8956347,0.21134701949129142,0.5041346953129273,0.2744182037207121,0.010100081475069024,1,2
c256d52076a4,0.27986365066826585,0.5409316482560621,0.13282920193180567,0.04637549914386645,1,4
c25d9133b16e,0.039650685725770414,0.9107907798176472,0.035333226258906926,0.014225308197675424,1,0
c26bc0272129,0.29651655146519246,0.37719946528847303,0.30540124844485644,0.020882734801478092,0,1
c27577f295b8,0.9753064577548043,0.019278886207434905,0.0046195571466993565,0.0007950988910613559,2,4
c27f7fb9e1db,0.3858164819359676,0.4862683514832354,0.08058263379273828,0.04733253278805853,0,2
c29970048923,0.1603899131124419,0.6299435176844679,0.19748669788021372,0.012179871322876545,1,0
c2adb9afbb5f,0.07616322292887574,0.418126254592654,0.40410781306542304,0.10160270941304717,0,1
c2c53475d6c8,0.1956357594972199,0.6131181523072341,0.14774254882949706,0.0435035393660489,2,4
c2d117c7b9fc,0.16657305895237906,0.6551431240565218,0.15046234267109526,0.027821474320003987,1,4
c2f87da261ed,0.03900293716762788,0.5978815064337878,0.3509973467128686,0.012118209685715855,1,0
c3009b38115d,0.08328567780225293,0.6440380056063649,0.23421749192335373,0.03845882466802839,1,1
c3107aac6a7d,0.07351624914521775,0.47717632389313447,0.4065995098365795,0.04270791712506812,1,3
c3200a1427a8,0.211831692089068,0.710674573393165,0.030036679766003365,0.047457054751763844,2,3
c32b58cf3fcf,0.4849873881896464,0.4715162386844127,0.03555288161117445,0.007943491514766424,1,3
c33551d1160d,0.13521128670595295,0.39829846663215107,0.3586532755210874,0.10783697114080866,2,0
c336b6ddd31e,0.835655693973843,0.040860874186548074,0.11959312960971155,0.003890302229897302,1,3
c346c7718800,0.038351792687632384,0.8108158363172198,0.04312691968229626,0.10770545131285156,3,3
c34c3d0cb965,0.06810911962264259,0.840290196676475,0.0726871736650548,0.018913510035827738,1,1
c35596515b04,0.05579224634106634,0.8531489869122264,0.07052035567537844,0.020538411071328776,0,3
c36730438f84,0.9101597301828412,0.052026274541459666,0.028384389650309084,0.009429605625390018,0,1
c36802596bf8,0.14251508439561614,0.6495758167499637,0.17738289089867068,0.030526207955749406,2,2
c36cde17cd04,0.053870297209211854,0.26056910264146366,0.6420083294335177,0.04355227071580675,0,1
c3835f6d361a,0.056734733545602656,0.6072026758956646,0.18262517329110475,0.15343741726762816,2,4
c38afaf25923,0.364515957258241,0.346006406498554,0.21658356138999896,0.072894074853206,0,0
c39d68397d84,0.23539429806792062,0.5778017637151969,0.1746337866527267,0.012170151564155768,1,1
c3a48893191e,0.4394637592144487,0.35492373916935044,0.16958561876017075,0.036026882856030035,0,0
c3b236f3b68d,0.5077261819048712,0.11409932632690156,0.2768889456954559,0.10128554607277132,0,4
c3b54c0f1f3a,0.23931323443164587,0.5581632252156822,0.18523064468055706,0.017292895672114974,1,2
c3c51d97acf5,0.3173770295881248,0.40680586244514694,0.27076808905432426,0.005049018912403911,1,3
c3c8292e31e4,0.9939128751005345,0.0024603887738023867,0.0030786216639892127,0.0005481144616739061,0,3
c3cd6826fd20,0.20145043877445976,0.5269993682789447,0.18172123570164356,0.08982895724495192,2,4
c3d5876a73a1,0.15275207871897217,0.5047203510099024,0.2818720192655754,0.060655551005549965,2,2
c3da9334b162,0.07341575245233635,0.6539633927563872,0.2617369965266201,0.010883858264656536,3,1
c3f453d9e744,0.03423146428148289,0.8678022393633994,0.04639539919064147,0.05157089716447638,1,0
c410870ee506,0.5508236834197758,0.1558901639479569,0.28872655812397807,0.004559594508289192,0,4
c41c937123f7,0.0670687579612347,0.780484346565582,0.12442568282086287,0.028021212652320566,1,2
c4201775db63,0.07769305054930525,0.3551930571800674,0.4148861855777531,0.15222770669287444,0,0
c4272626019e,0.13440078358640078,0.5757447085814458,0.2747577748959792,0.015096732936174424,0,4
c42bf9c1becb,0.6761471206388273,0.20103734256571923,0.10479197261208757,0.01802356418336585,0,4
c4328d32e545,0.06665160845060665,0.8865623232437613,0.04257034238763017,0.004215725918001986,1,2
c445c6365449,0.6652561531170961,0.15283919744720756,0.17391811242135571,0.007986537014340754,2,3
c45d664b2d3b,0.20290609757528147,0.5912893618413934,0.13727254358983698,0.06853199699348825,2,0
c471f279da8d,0.1641927510204128,0.19779794578464957,0.45614276374197754,0.1818665394529602,0,3
c4749d8f848a,0.06099070297046003,0.769556164362399,0.08434822735746722,0.0851049053096736,2,2
c474e013e0af,0.1036418287299761,0.8272149192126643,0.06689524111277993,0.002248010944579562,1,3
c4870e289de7,0.06579749252791535,0.8373921534105958,0.0604197944071795,0.036390559654309276,1,0
c48aac4f37c3,0.32784218240607943,0.3575905912422238,0.31201589149681597,0.002551334854880882,1,3
c4a1e07b68b8,0.8391070268678364,0.12057491364726536,0.03254111117262714,0.007776948312271186,0,4
c4ac6f824edf,0.7963780066374934,0.05652503554657774,0.12321502577430736,0.023881932041621517,3,1
c4b86ed06eba,0.11623762828683487,0.7060309245556351,0.09730633028716915,0.08042511687036098,1,4
c4bc22f2003f,0.6566905919468492,0.26402387182859166,0.07444032805635713,0.004845208168202062,0,3
c4c9da010bb7,0.1865557920965266,0.6500246246620293,0.15563065096623294,0.00778893227521142,0,0
c4dceddea945,0.04706379913200779,0.7329335977680476,0.21525419077313132,0.004748412326813356,2,2
c4de7c5901ce,0.7684423306095286,0.08596104874165653,0.14319230863341234,0.002404312015402418,0,3
c4ded198c3f1,0.010515833838360886,0.6929861501508994,0.2280061469132683,0.06849186909747158,1,3
c4fab7c2a354,0.18549687310982393,0.31197864216960036,0.48946758422365905,0.013056900496916544,2,4
c50020785833,0.803789672679866,0.04865327234214544,0.11849769161831794,0.029059363359670774,0,0
c50278df84d0,0.1899438208156003,0.3728288601578078,0.3098343341954213,0.12739298483117056,0,3
c508e7ff4063,0.10039205762807443,0.6064399462526624,0.23014680561422401,0.06302119050503915,2,3
c50ade6786c1,0.06552470205178357,0.682079233258892,0.23164066937245512,0.020755395316869443,1,4
c51701835609,0.2669292644278065,0.6932628952387474,0.03136463883550189,0.008443201497944225,2,3
c52f27b9bff5,0.3069835656313949,0.4734826978634115,0.0950607977681826,0.12447293873701096,3,1
c539ad81cc2b,0.10821304258048954,0.4359261507849097,0.44192657170129096,0.01393423493330987,1,0
c544a46adac8,0.00623699051412655,0.9742948455979213,0.011782709235077947,0.007685454652874092,1,1
c553748e7049,0.3224225023179796,0.4103719217892986,0.22569397765022362,0.04151159824249816,2,2
c55dcf172e5b,0.04370778017586988,0.43867368413655555,0.4916636670814576,0.025954868606116913,1,4
c5634cea013f,0.23470869537973202,0.4009931853486309,0.34062311545092294,0.02367500382071408,1,3
c56bbac149cc,0.02215265128941461,0.9143412416880216,0.05620065913063899,0.007305447891924866,1,4
c57c345cc6a1,0.36106606010709,0.5202555516393178,0.08076778817181665,0.037910600081775506,2,1
c58d3494fd01,0.016592444488288012,0.8756632910485005,0.0885444758140222,0.019199788649189253,1,2
c58f890db01a,0.6634842236799713,0.15985474041712747,0.17288597499023453,0.0037750609126667826,0,4
c5a5dd5ecc62,0.7618652150246896,0.16065180395512144,0.06636360720992379,0.011119373810265227,0,2
c5ae5513399f,0.13680430178766728,0.5724850190688909,0.2011891239922561,0.08952155515118562,1,0
c5af2a9953f1,0.40278596400880645,0.48718575057166813,0.09047990916468845,0.01954837625483693,1,1
c5bed0d55643,0.05788895875860772,0.8407319528226379,0.09271173230096211,0.008667356117792287,1,3
c5c7c1b15da4,0.07363226990468309,0.49663514137018255,0.40021026109680746,0.029522327628327013,1,1
c5f847a87bd2,0.6889215783706178,0.21110787919380822,0.06994341503059347,0.030027127404980564,0,3
c612fea06981,0.029320777136418848,0.8609588931929465,0.09585635674150998,0.013863972929124625,2,3
c61ce24f4011,0.04204152520011048,0.8831746291647539,0.04862855503156946,0.026155290603566226,1,1
c631e5f031a9,0.043331013406162945,0.7583764360082579,0.17892143373659997,0.019371116848979082,1,0
c63c77cebf53,0.44105760427744856,0.18341372922445726,0.34298642178672645,0.03254224471136775,1,1
c640c29623c8,0.7926975072361508,0.13799341098810702,0.04441618508227292,0.02489289669346913,2,0
c640e58f2c3e,0.11286736671449427,0.25611770956842866,0.611596521785416,0.01941840193166114,0,4
c64a6fceed0e,0.07661641485390815,0.8804112753517798,0.03399377914233671,0.008978530651975361,1,1
c6583ca18178,0.57299809928127,0.30887043693419797,0.10339574943179596,0.01473571435273601,1,3
c65ed6750934,0.016973320642050815,0.6633750691805589,0.28174581398833565,0.03790579618905485,1,3
c6621edbc480,0.32525378552723694,0.38201007060826336,0.11939860680840571,0.173337537056094,1,4
c662e2746cbf,0.10113345948913482,0.7989055071068617,0.09674256184076944,0.003218471563234026,1,1
c671c042f2c2,0.20141396782259094,0.5168841889260108,0.2539700818439071,0.027731761407491038,1,2
c67a9e39ade5,0.2226134722042841,0.4741887488817597,0.07826758461469495,0.22493019429926117,1,3
c69bf860eb88,0.7590601628336713,0.1747813772216751,0.0378843565159073,0.028274103428746346,0,0
c6a376032cfd,0.5411056170969684,0.1893416924874835,0.2546936825143204,0.014859007901227725,2,0
c6a5e29975eb,0.09527731072777852,0.8452508427233442,0.05719606867257963,0.0022757778762976344,1,4
c6ab9c7ba459,0.16255970521687235,0.5079432346385699,0.2358060242991282,0.09369103584542944,3,4
c6b1e11a8f4e,0.01075025402931743,0.8981355782105456,0.08571733217779699,0.005396835582340136,1,0
c6c5e04f3a24,0.7373192987884148,0.058281044063497725,0.17497857593803118,0.02942108121005624,3,2
c6d8c8e90ab4,0.04379398186772177,0.7621547299150621,0.1227597179356791,0.07129157028153685,1,2
c6db7683f622,0.5774729040958524,0.18275387166265744,0.22564438363534295,0.014128840606147223,2,2
c6deeff2bd56,0.7298893873877413,0.10735237358981746,0.15992115441183297,0.0028370846106083227,2,0
c6e15cb1f2a8,0.007450200468621454,0.9204190422607224,0.06050055497479953,0.011630202295856543,1,4
c6e1b0f07d2b,0.12291377984434555,0.7072069258982323,0.13928075273344584,0.03059854152397633,1,0
c6e9ee8fbf4e,0.07296965392465142,0.7704827756086849,0.14099827077259158,0.015549299694072065,2,3
c6ed4ed3f93c,0.375085883380207,0.30658792096434107,0.11635532020482353,0.20197087545062833,3,4
c6f036281ae4,0.8469299132733561,0.07323229822204556,0.07794460845105351,0.0018931800535449276,1,0
c6f8052c3084,0.3904255900987152,0.391843724212853,0.19273697392468406,0.024993711763747765,2,4
c6fd58768e03,0.8899776052442492,0.017659512379308885,0.06699886861573302,0.025364013760708907,2,0
c70369caef91,0.025207458481162168,0.9202755060169864,0.028560639268545313,0.025956396233306134,2,1
c712a4ef7476,0.15364415851379726,0.5943263800512375,0.2325302165331602,0.019499244901805175,2,1
c71c8eb2df69,0.22024457309496617,0.5454090917942784,0.1467266156479291,0.08761971946282633,1,1
c7291b008baf,0.08372573233330452,0.8415975912316489,0.06447139326469993,0.010205283170346522,2,0
c732dd163d0d,0.8725561590238443,0.051167495393456844,0.062344705623312985,0.01393163995938592,1,1
c7426be07170,0.019417297262981886,0.8543837811722352,0.11747912070349938,0.008719800861283569,1,4
c74b100b835f,0.5848108826622043,0.31380284287041954,0.08331467997235446,0.01807159449502177,0,4
c74f9b3910a5,0.24449656070525322,0.6839288545750326,0.061143168607850636,0.010431416111863476,0,4
c75957219940,0.01065822285562617,0.9493758761094245,0.03731548315264642,0.002650417882302901,1,4
c76676090cdc,0.1601885013902601,0.5922881667558061,0.2372992768158101,0.010224055038123736,1,4
c766fc255651,0.3367456217256425,0.4641164323813682,0.17458462702858418,0.024553318864405153,2,2
c76b8d3f1402,0.7112526406675,0.1143788184612332,0.10658913650711992,0.06777940436414684,0,3
c77364a32ea4,0.4226860147480237,0.3222611982944261,0.22509353208818428,0.029959254869365876,0,2
c77ad8c72093,0.013302345165749413,0.906033907364848,0.0700501968580802,0.010613550611322325,1,3
c79e944eb6ae,0.4586564693754603,0.36703630221320255,0.14064091741718562,0.03366631099415171,2,3
c7be24e7b7c0,0.13532918785212447,0.2749524298561513,0.5635899044920892,0.026128477799634866,3,2
c7c00de9cb9f,0.7874323840790407,0.15903765469630787,0.04157004728737021,0.011959913937281274,3,0
c7c53a0fcccc,0.11468106619344748,0.19398680636507046,0.6269023190017119,0.06442980843977013,1,3
c7cb4bb07b69,0.6539444377916628,0.32123988656355557,0.0168077773313274,0.008007898313454314,0,2
c7d21e91ecb8,0.3561896154914365,0.23201502101567797,0.38522205355944844,0.02657330993343714,0,0
c7d9660daaa5,0.05357179424853411,0.7973180556151046,0.08221512628376453,0.06689502385259677,0,1
c7da9786faff,0.15754657419612944,0.47596999067078105,0.3550757776225796,0.011407657510509962,1,1
c7f9cb4677dd,0.8307121371798089,0.032675041836300406,0.12809975564157283,0.008513065342317879,0,1
c7ff315a07d2,0.1990564732447299,0.17658308536935183,0.6166191817991326,0.007741259586785843,2,4
c804cb63b917,0.10855395094969912,0.8580891862696653,0.018298573264792332,0.015058289515843294,1,0
c805bfb98923,0.2488580395176555,0.3873610528043007,0.3289154225873883,0.03486548509065535,1,2
c806bfda328f,0.05100546155043347,0.16053328677823153,0.6191468154315581,0.16931443623977693,0,1
c806e55aadeb,0.06372965167015536,0.6053455899823087,0.1857185506536007,0.14520620769393533,0,1
c8113e6ba961,0.9719937622668774,0.006211318164723673,0.016820394786215574,0.00497452478218325,1,1
c85b74b2f14d,0.24381774366100606,0.33020949117735504,0.36798603556741677,0.057986729594222026,2,3
c87797d3e4a4,0.855755234514687,0.06500844771273656,0.07678269840684573,0.00245361936573065,0,3
c8787f51904f,0.19469344936324928,0.6972625771464921,0.10256435533119869,0.0054796181590599105,1,4
c878e9f77705,0.014210957000103622,0.8782103783315639,0.10309553394853885,0.004483130719793522,0,3
c87a812df3e3,0.9022688720333434,0.055480320780836916,0.03871628611676876,0.003534521069050897,0,0
c87fc2d62863,0.03762446914656177,0.9091228430912417,0.0417821530169529,0.01147053474524367,0,0
c889f01b32c4,0.04154942214348517,0.9394194851495361,0.014543720041864815,0.004487372665113933,2,1
c8939c198758,0.22507232543662614,0.7429736938690524,0.02663689260873307,0.005317088085588229,0,4
c8970add821a,0.014578056634453773,0.9590723615639705,0.02491373637844266,0.0014358454231331221,1,1
c8a262f4d593,0.6984544955795475,0.18619916586468405,0.10497572075224162,0.010370617803526876,3,3
c8b578ee523f,0.22520726208049296,0.6053677187684585,0.1382361008800235,0.031188918271025025,2,4
c8d0b3531ba0,0.09951023614476426,0.6801207664983351,0.18425116177795686,0.036117835578943706,3,1
c8ec0362eb1d,0.02502195010538782,0.873020147271916,0.07244978390836064,0.029508118714335577,1,1
c8ece2a8d2b4,0.8759972021626815,0.050424965187704895,0.060739316555105956,0.012838516094507611,0,0
c8fba581da8b,0.6887098569528466,0.22620457538227767,0.07276117862769657,0.012324389037179183,2,2
c9171bcfd1f9,0.5744612533242318,0.2374448829915209,0.17116150005527295,0.016932363628974528,0,1
c925ca312688,0.032979122960123425,0.8068073633474118,0.14657734687775167,0.013636166814713045,0,3
c92965e46fe3,0.5891976562786754,0.1916080165680007,0.10524182932866552,0.11395249782465847,2,3
c9377445d2c5,0.09031281665543182,0.5455178674873777,0.3542400227674527,0.009929293089737735,3,4
c942b7beb3c8,0.058604352335629474,0.6878846367918744,0.08654205504795444,0.16696895582454166,3,4
c963416e4f73,0.8293239577436353,0.061786462430532624,0.10038096152055208,0.008508618305280054,0,4
c9a187b33acc,0.034102983914071926,0.7197387746687581,0.20632722902330994,0.03983101239386014,1,0
c9b48db00217,0.41035133903243887,0.2288859866889332,0.22840784093832284,0.13235483334030507,1,3
c9bf4ff8d7e8,0.9385663905631371,0.007814241691421022,0.03942204218456297,0.014197325560879074,1,2
c9cbca627e30,0.015780761837167666,0.9529240623371402,0.023663060516967524,0.007632115308724453,1,1
c9dfce6a3b7f,0.016426802462038502,0.8797243033452894,0.045591091002399046,0.05825780319027301,1,3
c9e4975d5ae8,0.024711489644309467,0.9516089232723429,0.018172269813950016,0.005507317269397713,2,3
c9fb827e89a4,0.1935892787114556,0.6103080825150702,0.176608241344232,0.01949439742924214,3,4
c9ffe6312921,0.24494513932923737,0.5012408162429651,0.23079312079598777,0.023020923631809766,1,1
ca0faad019c5,0.11261157907487578,0.7654778938793683,0.07114160579278406,0.050768921252971985,1,0
ca12997e60a4,0.20513256987088094,0.41983976885511404,0.35856179835418345,0.016465862919821515,1,0
ca1c191b5af2,0.009932213726536104,0.8930560918017024,0.08949448182397184,0.007517212647789736,3,1
ca306996a98d,0.15507791514496028,0.3010044398323399,0.47155838131306343,0.07235926370963636,1,3
ca37589b5766,0.27887734469619446,0.5352227381012472,0.18076224082879702,0.005137676373761232,0,0
ca436c68f046,0.08365639896199796,0.8519651305132955,0.03855890682876264,0.025819563695943903,1,3
ca4ae1f8356a,0.15114804943245996,0.7266980881791683,0.09585942452829024,0.026294437860081617,2,4
ca4bd49ea348,0.12346410024214473,0.4055163668880447,0.3144431002667091,0.15657643260310156,2,0
ca54d15e5311,0.4963832710060972,0.14291725216840848,0.35442133869454057,0.0062781381309535735,1,1
caa1a1861fab,0.6549134984157478,0.21640810951870107,0.10813060377253012,0.020547788293020904,2,1
caae1729c701,0.42584986269328395,0.4965123201948947,0.05741703812431966,0.020220778987501676,2,3
cab686c551eb,0.8390759127065804,0.06031705433248138,0.08464881628985467,0.015958216671083596,0,3
cac4d4c92312,0.6383985436390566,0.2728968517032744,0.0534536955838425,0.035250909073826546,2,4
cac903938518,0.053621741620368424,0.798560906148908,0.1462448412301141,0.0015725110006095768,1,4
cacc8f5f2c2e,0.17837992371502456,0.48975127785111483,0.1555392100728101,0.17632958836105048,2,2
cad19e55e9f8,0.05041836439979931,0.8499732523663508,0.09243610334366276,0.007172279890187318,1,0
cb04434a6c7e,0.30585340886375495,0.36554870371241704,0.29053218518226887,0.038065702241559175,1,2
cb0d6854e691,0.04472113222847179,0.7935153832305484,0.11751594489391252,0.04424753964706733,1,4
cb2949b1aa32,0.04797596956527596,0.7863141843284863,0.14779838565225845,0.017911460453979327,1,0
cb4d8159a8bf,0.33492347959991536,0.4736070062146654,0.16979412116921233,0.021675393016206912,3,0
cb542a3e1086,0.07020079949414654,0.6206899290789891,0.25052447168385816,0.05858479974300622,1,2
cb6673ee6433,0.7928436014548476,0.08277774030362976,0.04658874866347504,0.07778990957804778,2,4
cb8d01dc0d0b,0.030593756746260338,0.8322943414956531,0.1071380572055585,0.02997384455252814,1,2
cb9e68a7ddc6,0.17194992508153664,0.6974524287972107,0.09222396781014187,0.038373678311110784,0,3
cba7dd0a06d2,0.2544626252709947,0.6683850665082265,0.07657298155428241,0.0005793266664962288,3,4
cbaee64f9d29,0.7875114689590225,0.09844728771181745,0.07458016477988726,0.039461078549273026,1,3
cbb7b764ca87,0.8959504980253957,0.014426139789422702,0.08829732974681516,0.0013260324383665189,0,3
cbbc6e5e7141,0.8133312211199578,0.1397851089069581,0.03615615711589463,0.0107275128571893,0,4
cbc5b788ab7d,0.15762430801372612,0.7771168395521779,0.05646934806809645,0.008789504365999479,2,2
cbcc9c2bfaa3,0.07366353583473405,0.8739936681921545,0.047728373667988794,0.004614422305122744,1,1
cbe28b52b282,0.011725656223486529,0.6566379097803225,0.3145588328678083,0.017077601128382493,2,2
cbe5d39a75bd,0.42270849836247043,0.30897858390464317,0.2560430184751912,0.01226989925769515,3,3
cbf3b338fae0,0.11629139775057334,0.5978273946647545,0.2727005521865565,0.013180655398115531,2,2
cc127cda72f8,0.4398464143070779,0.41961593794089036,0.1246502288330478,0.015887418918983893,2,4
cc214df24ffd,0.16246549572222235,0.4636205252525647,0.29411768042108033,0.07979629860413257,2,3
cc4e5235357b,0.29365114972251455,0.3455784529236795,0.3156997025368586,0.04507069481694728,1,3
cc4f74e87040,0.18236237401073327,0.48751137448646326,0.24489751029160156,0.08522874121120193,1,1
cc5dac252ddf,0.010275537099400742,0.9094346408961684,0.07348032047824592,0.006809501526185045,1,2
cc5ff5b6356f,0.021865193445815008,0.7143927580029908,0.22284407845093768,0.040897970100256455,1,1
cc7cafd867f1,0.010358013052044887,0.8929068771070018,0.09454629016999143,0.0021888196709619356,1,0
cc7fff1668bc,0.11163485602111196,0.6367692241548198,0.1114338118159215,0.1401621080081466,1,1
ccb2bb7d0986,0.007895246932250072,0.933364818349575,0.05393868578076216,0.004801248937412735,3,3
ccb8df9dddce,0.08377353822713936,0.5513016184117244,0.139154299613556,0.2257705437475804,1,0
ccd2dee9eaf9,0.15088509099506897,0.4754474823486318,0.34148888947936734,0.03217853717693195,2,4
cceb9796da02,0.9411140141052714,0.049026176496568374,0.009413750844625316,0.0004460585535347236,0,1
ccf4402a880e,0.8637466633684977,0.07596780446166176,0.05060794711810351,0.009677585051737214,2,4
cd009edaae20,0.5235134628055873,0.20282017201893515,0.20484930591926045,0.06881705925621695,2,3
cd082bbb2799,0.13784672906989903,0.8050269358402035,0.0505784788185406,0.0065478562713567464,0,4
cd22baf7bb69,0.7435459612055328,0.06945367260214758,0.1251641542085382,0.06183621198378127,0,1
cd26a806db43,0.10201782027684761,0.7932750619196562,0.09090022535009668,0.01380689245339965,2,0
cd3829a517ea,0.4750040128138828,0.4075219572735879,0.11019650814591689,0.007277521766612277,0,4
cd3f1572832b,0.1500670592852964,0.6792419368249616,0.11598739549072146,0.05470360839902053,1,2
cd430a024263,0.12372578816496192,0.7912391783204361,0.07565770277641043,0.009377330738191608,1,4
cd4526f0c63a,0.03785958205497701,0.888765220629762,0.062318135593076605,0.011057061722184377,1,3
cd50cfa54f6d,0.6693055638667734,0.1123813149145833,0.2125532406312046,0.005759880587438802,0,2
cd5dd5e6f3f5,0.426926684688285,0.3240536130416651,0.21765406164653847,0.031365640623511507,0,0
cd6d6e960d3d,0.1533753971602579,0.6747711194306084,0.1269240442202969,0.04492943918883688,1,4
cd7b8745e046,0.22210760600248125,0.6847054701186915,0.08364378704124437,0.00954313683758292,0,1
cd8dc0c789ae,0.016627970470703794,0.9322755463272814,0.047133466130362615,0.00396301707165226,1,2
cd97a120b1e0,0.05247956117206851,0.2325931580729454,0.5662750909286262,0.1486521898263599,1,4
cd9eb8ab35bb,0.8140610402340676,0.12039224253093046,0.05244480040031936,0.013101916834682622,0,0
cda63d7fef2c,0.4603946793045816,0.33364993865886805,0.1770818105105755,0.028873571525974848,1,1
cdbd8e529c4f,0.1659052885573309,0.47122065226147164,0.3410396890541359,0.021834370127061613,3,1
cdbe08f51795,0.05297596342509895,0.7090192758275274,0.2062496602627084,0.03175510048466515,2,1
cdd15519ddb1,0.028550583578810566,0.9574845770590312,0.007190288079381281,0.006774551282776825,1,4
cdd75add0930,0.021625686070309447,0.7643357649144953,0.17291969002199042,0.04111885899320462,2,3
cdda51ee9f0f,0.09500195494712226,0.7328578862283389,0.16451869317271373,0.0076214656518252015,1,2
cde0ab9526da,0.8114488906027699,0.0827218065215383,0.06369181077933894,0.0421374920963529,1,2
cdea7e206121,0.47428382316953627,0.1364681175446577,0.30592804995136863,0.08332000933443733,0,0
ce193df4c0fa,0.21720910627706844,0.7477209067512115,0.03198254886614009,0.0030874381055798748,1,1
ce1bc101c635,0.06851268241869608,0.8409764729204419,0.07391801271286864,0.016592831947993433,1,3
ce20472bb087,0.13436022081485047,0.7247622537660247,0.13426598488002028,0.006611540539104526,1,4
ce2cb41ebc7c,0.10911591542541188,0.8079762342851424,0.05806008847135906,0.024847761818086393,2,4
ce55217f14e9,0.7492167968341645,0.07984661925643792,0.149915517224677,0.021021066684720563,2,3
ce5c24b1bb3a,0.11711668135007751,0.5869635161139802,0.28637809624026944,0.009541706295672924,1,3
ce61060be9c9,0.02279476229167348,0.9032189685629902,0.0602055487017998,0.013780720443536648,1,0
ce63acbfe9b9,0.15823781787061145,0.3156960589525608,0.5067846072928528,0.019281515883974955,1,4
ce65f4a0c584,0.37186509216726943,0.4332052579843449,0.14969354336659021,0.04523610648179544,0,4
ce67c56d3bf0,0.0674864869624598,0.7503392492553573,0.15353468607558352,0.028639577706599327,1,4
ce7450de80f5,0.5163737706226325,0.3321308174657397,0.12546021811968433,0.02603519379194349,0,3
ce9c6941be72,0.0316167529881811,0.865000654732449,0.09339036646091166,0.009992225818458208,1,4
ce9fab84f90b,0.38777626382932556,0.5224479878147872,0.08707627173296784,0.0026994766229193833,2,4
ceb994683b51,0.2488667996624282,0.5869284450596653,0.1231056670111564,0.04109908826675003,2,0
cec0cef8568d,0.6675842892765216,0.15958355756741605,0.16599274011644594,0.006839413039616543,0,4
cec6e9fb134a,0.1259111908021887,0.668802976639461,0.18410002551654497,0.0211858070418054,2,2
cf002a39bb2d,0.023409789925940925,0.7332872122271495,0.18073688388173897,0.06256611396517045,1,3
cf03351eb58e,0.01563003960396957,0.8836839193114884,0.09428763405638861,0.006398407028153578,1,2
cf14bc7095a1,0.20842165535682808,0.16145012851288743,0.49089003174649204,0.13923818438379246,1,3
cf1a94eeef5d,0.08663184355015854,0.3104977042871024,0.04435907611979049,0.5585113760429485,1,0
cf201551aaec,0.9392339061129297,0.012305099683164265,0.03733338304092354,0.01112761116298238,0,0
cf2bccfe763c,0.9382047704095932,0.010710481516858309,0.04651531199157764,0.0045694360819708325,0,4
cf6018adf8b8,0.43829944241133617,0.34740165284839536,0.09840396857611441,0.1158949361641539,2,3
cf62b87ad83f,0.43471100266543267,0.4236706129962997,0.09491646807071742,0.04670191626755021,2,1
cf6b1f181849,0.001099715754483514,0.9560315788593807,0.041844754848279535,0.0010239505378562945,1,2
cf70a03d178c,0.04008788113434478,0.6401697942758154,0.17206264161200766,0.14767968297783218,3,0
cf7676dce2ad,0.06214009610772042,0.7990301579484058,0.12228541107027191,0.01654433487360204,1,2
cf7ca67c9c68,0.05030869186948626,0.8883623951714361,0.05573809373576689,0.005590819223310683,1,1
cfa126dc4fe9,0.007760178049096211,0.9717595291449571,0.015381336175285785,0.005098956630660898,1,4
cfba05e7880c,0.013315978879650095,0.8610312781746999,0.10525550367674835,0.020397239268901635,0,4
cfc48a3e03b9,0.06083544414437817,0.8654375069167687,0.06563155384596633,0.008095495092886767,1,1
cfccf6cf66a1,0.5199803411889589,0.3552594978510435,0.11201809735696885,0.012742063603028883,1,1
cff920a92b58,0.153667634278202,0.5421113994181359,0.21851807349278074,0.08570289281088139,0,1
d00803e34bd5,0.19772112069207112,0.31506460731148744,0.4640852805950878,0.02312899140135375,1,3
d00ba06748c5,0.5152859951247277,0.3212994410928656,0.09757356027882384,0.06584100350358282,2,1
d00f5621947f,0.15224001672661655,0.45877195347725813,0.37474102225779277,0.01424700753833265,3,4
d02dc4dbc13a,0.08527936241152366,0.8085766373870961,0.09487513822602985,0.011268861975350352,1,3
d02f7a78a972,0.0270515827315719,0.8580294753917269,0.10024091020342864,0.014678031673272553,1,3
d030fc74ae1a,0.5174738112316419,0.3645663576835173,0.07284567565789946,0.045114155426941235,3,4
d036460bb847,0.11479486948914532,0.2891133136836997,0.45062714521873015,0.14546467160842497,3,4
d03988d6ee6a,0.24634616610200943,0.12372345940398902,0.6000958388790955,0.02983453561490614,0,2
d0696b014aca,0.48693221701066974,0.3650270130900506,0.08975925651897398,0.05828151338030581,0,1
d07ea6d8fcd8,0.8441012027822243,0.11617812931443074,0.03152662305105189,0.008194044852293227,0,2
d07f235fa353,0.08217372651725956,0.5685580949737977,0.3359469838395505,0.013321194669392227,2,0
d0906bce2ac6,0.15399910451367319,0.3416482503243833,0.4798236124885838,0.024529032673359614,1,4
d0bdcd1a721d,0.14025650014442312,0.6910903919093596,0.16173980508883049,0.006913302857386633,2,1
d0e43623f62e,0.14730164267071197,0.7289386784540848,0.10785839748179302,0.015901281393410335,1,2
d0e855bbced0,0.03813038682327224,0.9037167420911163,0.05216634118215946,0.005986529903451902,1,3
d0fb37d9aeb8,0.07353376926683379,0.7460940160103949,0.15859996871591814,0.021772246006853263,1,0
d0fdb5a98cb9,0.08492774139319126,0.551185892690348,0.33316719264810435,0.030719173268356312,0,3
d0ffd118611e,0.8563652230710467,0.02954156413939968,0.06567307591990058,0.04842013686965318,0,4
d0ffd8ac78ea,0.15734551324607626,0.23565951618236788,0.5950457582607043,0.011949212310851524,1,2
d104cfbe1544,0.043144315930507784,0.7281344388680928,0.19500809484693357,0.03371315035446579,1,0
d120a0459e17,0.04074811363124669,0.8779336618271802,0.07710961061238145,0.004208613929191742,1,2
d129ac8188d6,0.8989414758024218,0.013729046853693356,0.08684415235107869,0.0004853249928060701,0,1
d12e087e9621,0.7982655147521268,0.07537533808465165,0.04360698521028484,0.08275216195293678,0,0
d14a2b12e580,0.6653992310376468,0.19950929479117477,0.11833366857396928,0.016757805597209206,0,3
d16a188feaf1,0.1159551978575183,0.8001881445755249,0.04615282776708621,0.03770382979987057,1,1
d172b5d65314,0.7432378436149883,0.06325209116427923,0.17669261538837333,0.01681744983235911,0,4
d17a6c6eccdb,0.005752529382941767,0.9648015318279277,0.027144364317013107,0.0023015744721175753,1,0
d18ee0cc36c9,0.740175022762641,0.1615980633300331,0.09247550115521425,0.005751412752111567,0,2
d191addc1610,0.23396058291410882,0.4427577772738223,0.07755069867392764,0.2457309411381412,2,1
d195eac8f7c5,0.6172695069994818,0.24748078809752638,0.09708008781729857,0.0381696170856932,0,2
d19d0011c3cd,0.8778188357692441,0.0240056200185836,0.08012253151320321,0.018053012698969,0,0
d1b3ad13fb12,0.5167197948110742,0.2449420014158146,0.11150398453881502,0.12683421923429627,3,3
d1b3fa229418,0.19228346817976957,0.6785422458285046,0.11784819021281927,0.01132609577890654,1,1
d1b8da8b457b,0.06442051312014299,0.7492170402292239,0.1835576314526154,0.0028048151980179787,3,2
d1d5510f37cd,0.2770318657575672,0.5350518876110761,0.07872267011406345,0.10919357651729313,2,2
d1df45f6463e,0.6564527853929976,0.1223054588997969,0.215006855299354,0.006234900407851554,0,1
d1e8cfaae748,0.10178857810018292,0.7058434775031128,0.09349594991973617,0.098871994476968,1,2
d1e9e0136254,0.6736843456769191,0.23515679290671235,0.07071577169421071,0.02044308972215777,0,3
d1f080b7cba8,0.023254597426151567,0.8307708956404516,0.13994060490505267,0.0060339020283440735,1,1
d220d8aa68c4,0.04335964071134973,0.646993628082693,0.15648064631873107,0.15316608488722616,1,4
d22cb5396003,0.8777177167462238,0.0806743558653877,0.027927182449887487,0.013680744938501204,0,0
d2381fceb7ba,0.08495926197778828,0.7043583086866,0.12645811491451908,0.08422431442109263,1,2
d25eb664a30b,0.3026492963031669,0.46391583834526745,0.1995678523069808,0.033867013044585004,3,4
d261ac4d6627,0.4123405301489921,0.1950660161629005,0.252216327539835,0.1403771261482725,2,4
d27919d385f8,0.033621051333713195,0.7495357651011975,0.16645559883582908,0.050387584729260367,1,2
d290c990efc9,0.9356894241356375,0.014865852126122523,0.04636388847975428,0.0030808352584855915,0,2
d29dcb216021,0.825742147932924,0.08309632630193198,0.08669908162915739,0.00446244413598656,0,3
d2be5fe90e29,0.961775145280444,0.013899387245367937,0.023230789684373428,0.0010946777898145604,0,3
d2c013dd8ce4,0.013978058809674952,0.9629523578219231,0.016278029268798847,0.00679155409960331,1,4
d2c1d0cb3f1b,0.042973506855542645,0.8373518504783838,0.107364717508407,0.012309925157666534,2,4
d2cc49d90758,0.11766485648436792,0.6577009354679372,0.10916200718867565,0.11547220085901934,2,2
d2cf237688a4,0.7183594721484144,0.18494400656511525,0.09192720875812473,0.004769312528345524,0,0
d2d3cdb4272e,0.02885595357248832,0.5580797792267896,0.39559179681836387,0.017472470382358156,0,3
d2ddeca64f16,0.08321230452357076,0.7418809292391799,0.06733509193793837,0.10757167429931087,1,3
d2f74c94238a,0.06984063643077247,0.7644850430503048,0.1328103477375517,0.03286397278137088,1,4
d30474806223,0.1679676564068118,0.3183107309343783,0.4232196629085379,0.09050194975027219,2,0
d3253e0cdc4b,0.07817098156395055,0.6514422019829429,0.15175218931506698,0.11863462713803949,2,4
d32d755c49d7,0.30541948156928117,0.4150559113235278,0.22325294340403826,0.056271663703152786,1,0
d34ad0ebb757,0.5048948196676968,0.30836569277384,0.1636485479215277,0.023090939636935405,1,3
d3539d3b0022,0.8015543027695483,0.1529131875561054,0.04189085207251606,0.0036416576018303125,0,1
d35441c203d8,0.3050849585552973,0.38468253602031705,0.2923236897315624,0.01790881569282338,1,2
d35ec785b6d9,0.874375688819497,0.04686241940089304,0.06465027910984904,0.014111612669760916,0,0
d3746284b4db,0.569639396394744,0.30566256600180614,0.11300610721005755,0.011691930393392388,2,1
d3751dde942a,0.1279641887016903,0.7493510908309922,0.07674936466533795,0.045935355801979515,1,2
d380c0640d52,0.13090778723041757,0.8185255181983727,0.03987589555827231,0.010690799012937471,2,1
d390bbdb6eae,0.03184737210927954,0.9298284811906565,0.03669168656262548,0.0016324601374383683,1,4
d393eb921fce,0.9260079352097398,0.022857313356697304,0.0352696455435847,0.015865105889978172,0,0
d3b32d6522e6,0.017139624360347237,0.9597885909187492,0.01780002890583044,0.005271755815072955,1,4
d3c58aec7ef5,0.9280226219700054,0.011583114605785953,0.016578495061087606,0.043815768363121184,0,1
d3cf46c2aa95,0.9506526282617572,0.024603449755376757,0.02249944136764447,0.0022444806152214372,0,1
d3d092d9884a,0.005656412215850939,0.8921155467427616,0.07228665226129397,0.029941388780093427,1,4
d3da34d7982c,0.1766708574859203,0.6211647244520073,0.1963239814829459,0.00584043657912648,1,2
d3e83031ebea,0.17123873174945214,0.5482902428292359,0.23741746391872018,0.04305356150259186,1,2
d40a26be9a1f,0.04675474167342757,0.7102184151278074,0.23103491254010683,0.011991930658658178,1,4
d40b3798bbaf,0.039102702185502936,0.8883973259915016,0.06459269671733174,0.007907275105663853,1,2
d41577cf0009,0.7177789772869624,0.047384609438599685,0.2037533621017637,0.031083051172674212,0,2
d419cd169212,0.0257724154919243,0.48791060689601534,0.21529075848445628,0.2710262191276041,0,3
d41cace53f70,0.7763131815345978,0.08301318504940565,0.13676466781235883,0.0039089656036377035,0,3
d422862db292,0.7888272964018258,0.033587733644615814,0.10967507530322972,0.06790989465032875,2,3
d42be282a595,0.4961408318369312,0.4178992537505268,0.07678649038114466,0.00917342403139736,0,0
d4335c32ac91,0.13057567835115222,0.7469870946259131,0.10602732248955414,0.01640990453338046,1,4
d435148e61a4,0.011730514361224307,0.9716871182340462,0.015171254619432493,0.0014111127852970366,1,3
d45764216b95,0.20161892841930767,0.6712524935947085,0.10469640279835604,0.022432175187627672,3,0
d45793c3466b,0.023467181767586363,0.8103826457347667,0.16446539679444697,0.00168477570319993,1,0
d46dc030a427,0.20529182360552364,0.7017905711237402,0.0832589758487739,0.009658629421962214,0,3
d4891fb41daf,0.2060030753818931,0.45177153702384726,0.2144710004349486,0.12775438715931106,1,0
d493a19fdc27,0.0745804482978131,0.7915225944522458,0.1284890895588302,0.005407867691111056,1,4
d4a13c7d0be6,0.7020923223377273,0.20369662933250915,0.0778316273888461,0.016379420940917298,2,2
d4ab797396b4,0.9335772696218687,0.04306774812272529,0.022525348470413133,0.000829633784992683,0,2
d4ba14d5248e,0.05352607098531023,0.5536755772471158,0.35416000181602,0.03863834995155409,2,2
d4d230450196,0.9000522369010595,0.03863041603530229,0.04945855049201136,0.011858796571626593,0,2
d4d4ad4ecf8a,0.012707426801551167,0.874847583238397,0.09767829139407672,0.014766698565975307,1,2
d4fd13f5456d,0.04529840187124921,0.7331673766151267,0.19385488586494007,0.027679335648684106,2,0
d4fe511721c0,0.015464087166176149,0.9412643504405751,0.0342753287357301,0.008996233657518716,1,3
d50c91728f09,0.7801338071461585,0.13946983216954345,0.06947291074463487,0.010923449939663193,0,2
d51b5cef170b,0.0027139607974760037,0.8257958267425544,0.022473484875351505,0.14901672758461837,1,0
d522ef41a34e,0.0652878627717628,0.49831661867345034,0.3541884812305641,0.0822070373242227,1,2
d52a34a2589e,0.009050167850772334,0.9252348217620987,0.0529497596426068,0.012765250744522144,1,1
d52f1544921e,0.04901672778699501,0.8377905409346499,0.07842983842427542,0.03476289285407953,1,0
d53147ecb090,0.931596329778164,0.05071814310398159,0.0132984313471951,0.004387095770659405,0,2
d55d019b0687,0.08888895663197494,0.7066466956768551,0.1847734945502825,0.019690853140887397,1,3
d569759613ad,0.025997437430274762,0.8212878687737313,0.14745089936631867,0.005263794429675399,1,4
d57d1c13a875,0.11523298451759435,0.6714436446052952,0.19787274300255445,0.015450627874556122,0,2
d5b987cc8efd,0.7394580055414958,0.061619037641319895,0.19138806448697696,0.0075348923302074305,0,4
d5c12a5ebb06,0.20435511907709106,0.7403206174510563,0.04790948980879818,0.007414773663054548,1,1
d5c20d6a24bc,0.0649780073105207,0.8047275463093181,0.06521419415263263,0.06508025222752856,1,1
d5dd9cdb375a,0.24533719825495062,0.29941419776140044,0.44195430293340465,0.013294301050244168,0,2
d5e940685d00,0.27775810687461416,0.450051785643795,0.11444833918583358,0.15774176829575715,2,2
d5f194b6bff4,0.06397779891754471,0.5357310475027323,0.17214403681135848,0.22814711676836458,2,1
d601d93c351c,0.6265940106322181,0.2092637565918058,0.13679038806315214,0.027351844712824064,1,0
d602b556cb9d,0.2263080917363969,0.2333192441476866,0.5146793404070705,0.02569332370884597,1,4
d603bdeca20e,0.9336402785392005,0.024706707315690905,0.037331895767965736,0.00432111837714264,0,0
d604aae86dd4,0.6789668330863896,0.10941108345881377,0.20436163590927306,0.007260447545523635,2,3
d61e065cdab0,0.7977659809703237,0.11103784129879256,0.08635195399211797,0.0048442237387657005,0,1
d6338ff2cfd8,0.06339592899988288,0.8178128651158826,0.09644780893700919,0.02234339694722533,2,1
d64f793908fa,0.4556126540171558,0.1485365237195137,0.36941970877681224,0.026431113486518405,2,2
d65c634447c4,0.08978475602175867,0.5028860165952389,0.3719768823083759,0.03535234507462643,1,4
d662a384288c,0.5574206971559503,0.07816493768381548,0.3114881058791556,0.05292625928107856,2,3
d668a99691f6,0.7975908877197344,0.1064084558974519,0.07872108155769908,0.01727957482511463,0,1
d66df386831f,0.043609616036269325,0.8801273959013011,0.07192863729411296,0.004334350768316635,1,1
d670149083bf,0.04039077597383957,0.9036859852144667,0.048811946670473456,0.007111292141220033,0,1
d68217d20b03,0.05793584260214959,0.7343066632333792,0.18739532622209815,0.020362167942373027,1,1
d6a591a5b3fc,0.47318853604416594,0.2063409324910027,0.28481949269331575,0.035651038771515535,2,2
d6ce804409dd,0.020209036587144905,0.8019279628528195,0.17243633378346027,0.00542666677657524,3,2
d6d45608c97a,0.03835585041662402,0.36882854417288946,0.584194784102538,0.008620821307948614,1,4
d6fe234594ab,0.818275150802106,0.13968914188159895,0.034611266770039506,0.007424440546255628,0,3
d70a1e0863fc,0.15457756851575405,0.4553253303191257,0.32809462163981395,0.062002479525306325,1,4
d715b966355d,0.4480050405794568,0.41558378868488555,0.11019550593816765,0.026215664797490008,0,3
d745f58d5aff,0.059764639500781945,0.8562203504061149,0.08124688144238361,0.0027681286507196794,1,2
d74b6ea0d497,0.6078868791347665,0.1802334763771288,0.17783591841992896,0.034043726068175816,1,0
d74c849b795b,0.43390518492857755,0.1361900722834282,0.417709296639693,0.012195446148301288,2,0
d74dcd7ef5ff,0.05299212958764048,0.8369135313692327,0.05709229482549542,0.05300204421763153,2,4
d7561eaf0b7d,0.7094924178994203,0.12599733683000605,0.15190572046201586,0.012604524808557676,0,1
d757af907e33,0.3251289264389741,0.45532423104255815,0.20100678491948623,0.01854005759898135,1,2
d7775f0cace2,0.018563065814120094,0.8034447880629286,0.173486018207677,0.004506127915274185,1,4
d7942d6c2d17,0.3160981216653369,0.49386156904871,0.1658227896637861,0.024217519622167075,2,2
d79d38bcd191,0.179228457339948,0.3819031210669494,0.17368675225395916,0.26518166933914356,1,1
d7ab3582e476,0.062120046120121133,0.6086303570333621,0.22768447896126634,0.10156511788525038,2,2
d7c0a0524f8f,0.7494862586257125,0.105151389314083,0.0879662314698793,0.057396120590325166,1,0
d7c21278a0ae,0.01435193678715087,0.874551498530445,0.10764096214481186,0.0034556025375921417,2,1
d7c37316355d,0.05855335419672131,0.5632333531877155,0.3662021776653104,0.0120111149502529,0,0
d7c6e17080cf,0.04824133113734794,0.7630771330191669,0.1756842800432112,0.012997255800273978,1,0
d7cbe5e26ec0,0.5390504160641448,0.3018798547057325,0.10707247213639767,0.05199725709372492,0,0
d7cd1349ab41,0.7333772796485603,0.12197372565978648,0.082027367188795,0.06262162750285823,1,3
d7dcd6e0f47a,0.005896453551555824,0.9181040733867891,0.07492760175544197,0.0010718713062130272,3,0
d7ef8f508b5a,0.5401999254016175,0.0776831190723691,0.32361725363029425,0.0584997018957191,1,2
d7f739cf4bb1,0.08720487369349009,0.8473473508173528,0.054067167910122164,0.011380607579034892,1,0
d7f85b6dc2ea,0.023280438836554763,0.6909026791283226,0.27737810082913134,0.008438781205991255,1,1
d7faada10efb,0.071793853946744,0.8558544368390089,0.06476990036349962,0.0075818088507475815,2,0
d809db32456b,0.7494789297218293,0.21695586107508838,0.021509411268173427,0.012055797934908965,0,3
d81666456423,0.06031380274046573,0.5217524337026918,0.1754496824618739,0.24248408109496855,3,0
d82241b7d468,0.020585091769304998,0.936848070473793,0.034940387983610384,0.007626449773291696,1,4
d82f8ac5c3aa,0.4190648539965215,0.3757087991820709,0.16588116952204293,0.03934517729936468,1,3
d83df000b7a6,0.7920856905274403,0.17216281066395878,0.02326657708964335,0.012484921718957771,1,2
d8476a95f6c5,0.07996276681359031,0.5760823409945027,0.33257796634096176,0.011376925850945303,0,1
d86be7c7defa,0.16397419894249374,0.6568883089839513,0.11437898297345472,0.06475850910010013,3,1
d89e6a53c322,0.32773361271856094,0.5207813139222971,0.14714015866540361,0.004344914693738415,2,3
d8a361473402,0.32905600727792333,0.5126206037788523,0.1182965386379399,0.04002685030528439,2,4
d8a982947210,0.2728885405892304,0.5253659131695303,0.1926239805030394,0.009121565738199897,0,0
d8b2815cc382,0.7519601632472114,0.13903735674760398,0.08584125284993457,0.023161227155250142,3,1
d8ba78ed0420,0.041174504947523796,0.9092160831131916,0.04088831657593046,0.008721095363354194,1,1
d8c69cd001b1,0.006627427748416553,0.9752083594439479,0.015186820404853729,0.0029773924027817777,1,4
d8d5a42411d1,0.08003818278564748,0.7457527660041801,0.15474799244810533,0.019461058762067128,1,3
d8e18f22e6a6,0.02176043406725244,0.9551515462652191,0.022371968061847724,0.0007160516056806199,1,3
d8e2fa906f30,0.18533920701154405,0.4889645289979252,0.3021201901121161,0.023576073878414733,2,2
d8f2c08dd86a,0.7338925305527146,0.040328447469402826,0.2154695879553216,0.010309434022560968,0,2
d8f567817b2d,0.19416887660657178,0.481495926731368,0.295712342736503,0.028622853925557294,0,0
d8f6fee0e95e,0.24250188724350566,0.49918336681868386,0.24297591943529073,0.015338826502519826,0,4
d8fa04c1d853,0.019093025463501907,0.8494402282861035,0.12389668098958014,0.007570065260814508,2,3
d8fbcfc37ef6,0.1438497059989974,0.4336592744267099,0.41574789480644675,0.006743124767846,0,0
d8fd9bb19828,0.07017551677737016,0.41232852743391435,0.37510393893953475,0.14239201684918076,0,1
d90748e85b6b,0.10221730445241978,0.8621733203150846,0.034412253745619875,0.0011971214868757764,1,3
d928ebcc2528,0.23599563357077472,0.2722742384182536,0.3780593616202569,0.11367076639071488,2,0
d93242ee3944,0.05837386880890007,0.694007947975818,0.18536272361681766,0.062255459598464236,1,1
d932662b13ea,0.31994041634493087,0.5531985487533029,0.1115131134959893,0.015347921405777006,3,2
d95d173b60c4,0.8976104416579704,0.07190860762981512,0.02976032699744321,0.000720623714771403,0,4
d97364c9384a,0.08393218679916789,0.6475252832715688,0.2608338537244717,0.007708676204791618,1,2
d97dffd12359,0.16694398524533757,0.24208762941653475,0.5844642112302866,0.0065041741078410925,0,1
d9869f667b54,0.4258489999276138,0.2903304428044128,0.2603631616593898,0.023457395608583714,1,4
d996de7dbaf3,0.054676016603587424,0.876515844379362,0.06398396038053503,0.004824178636515412,1,4
d9a638d70bce,0.009126035578166707,0.9653167523248185,0.02130979376124196,0.004247418335772799,1,4
d9a899cb5686,0.5384910819188677,0.24024484645464167,0.1950640563036112,0.02620001532287936,0,0
d9c139995f71,0.502168626085691,0.24806574059468336,0.10422021880313069,0.14554541451649483,3,0
d9c245fb1e90,0.032213253481231795,0.6852608755172402,0.21877909360908615,0.0637467773924418,2,1
d9c3624b9ca6,0.8553381885042164,0.06431066232177544,0.0633432160888504,0.01700793308515779,0,1
d9ccda507d0d,0.040997805147998924,0.35242014929928195,0.6006467084181238,0.005935337134595347,1,1
d9ed94436325,0.03412116798621152,0.7429908299081088,0.09818142186751616,0.1247065802381634,0,4
da0412fab70b,0.006249082454933724,0.972599297512594,0.019193488582370306,0.0019581314501019736,1,3
da08e385dcb7,0.15060470506313584,0.5385734075908345,0.17431146336983033,0.13651042397619942,2,3
da0d817b69fe,0.09538793855601489,0.43534509802151944,0.42567294273670836,0.04359402068575736,1,1
da286c1597b0,0.347613000986237,0.2379383363168104,0.3980294522855101,0.01641921041144248,0,0
da30dbd6033a,0.8560345470860168,0.04545549796041637,0.082043458859002,0.016466496094564898,0,2
da418ab5c65a,0.021493035155169007,0.797511498295629,0.15285554525549186,0.028139921293710127,2,4
da45c7393783,0.23040691374261177,0.5074863899198472,0.21344634893686293,0.04866034740067819,2,0
da507be5f7be,0.06824837230669897,0.7441057733889156,0.17405275630461775,0.013593097999767673,1,1
da535a527858,0.3019197107655781,0.45406375887328077,0.2158523038161145,0.028164226545026705,1,3
da5783a467ea,0.11390751723307788,0.6343447839196392,0.2394814857922176,0.012266213055065258,1,1
da63a5ea2b12,0.022431648813083942,0.8840193037967065,0.0842007326100211,0.009348314780188584,1,3
da879ffcc1f9,0.2499569439651612,0.6748100356071798,0.06072131093196688,0.014511709495692074,1,2
da9b63d2f697,0.27542893970478,0.4826496375708217,0.23218751020829145,0.009733912516106922,2,2
daa2aba8e7b0,0.015179272136966723,0.8046381699790172,0.058658718995737553,0.12152383888827872,1,0
daacf4460a62,0.30198026119730886,0.24280504941602082,0.43910355378798027,0.016111135598690127,0,4
dacea3ad99e0,0.045046271039912246,0.6934436174267368,0.24736539384108064,0.014144717692270251,0,1
dad2c0ee2607,0.27877063300109817,0.4299181986698746,0.16099727991520565,0.13031388841382166,2,1
dad30bc7ff47,0.017993458427882924,0.8895098124524373,0.0778724610293089,0.014624268090370702,1,2
db06909d6c78,0.06893969317616311,0.7234579400614648,0.08231991002325514,0.12528245673911698,2,4
db14e640e037,0.8752703306704896,0.09548420668730764,0.02682782611050539,0.0024176365316973905,0,1
db1bb68655fc,0.0768395447181466,0.8773160845659306,0.043939760588711345,0.0019046101272114327,1,1
db29f6ed9d3a,0.872833803544249,0.04884310221049132,0.07221312197688212,0.006109972268377625,0,0
db2c984ad877,0.1306342152819312,0.8160392174033204,0.04633323635240864,0.006993330962339765,2,2
db406f865d2c,0.9666895156090816,0.0071806620844476745,0.021655862910293536,0.004473959396177268,0,4
db48ecc61b3d,0.8840696962753573,0.042873309529379046,0.06865009661017515,0.004406897585088665,0,3
db4d0ddc1235,0.15948667196046312,0.568348390331479,0.2669477502752299,0.005217187432827984,2,0
db5be2895a72,0.10485909636753565,0.7899319144783155,0.09526204044490111,0.009946948709247774,1,2
db70f01df58b,0.05813042279342067,0.752832466762401,0.17380500342822153,0.015232107015956729,2,0
db7bacaad1ca,0.04550952689910111,0.9116388647909703,0.027898269428048263,0.014953338881880421,1,3
db7e1c572d15,0.026705958261307727,0.6280975967115539,0.31213390912958555,0.033062535897552855,1,0
db8d0318b5af,0.48759540620642106,0.25935841844639834,0.24508056215554103,0.007965613191639555,2,4
db9298d9ded8,0.01959524511850769,0.9434626483485945,0.024744203894479205,0.01219790263841855,1,2
db97eeddf9ef,0.39736300038838385,0.20851797833605387,0.3854567855945829,0.008662235680979286,1,4
db9f9c62dc00,0.9046936832732575,0.030749141993976565,0.061485233735161134,0.00307194099760482,0,2
dba658c69988,0.024079608869622827,0.9059910391613157,0.06344897208256736,0.006480379886494028,1,2
dba690393e1b,0.19128998140905573,0.5857408294114029,0.20538986151508296,0.017579327664458366,0,2
dbb6d75304ef,0.8256308396281945,0.08498726508178461,0.07906519900067872,0.010316696289342247,0,3
dbf005c67f42,0.7183876599731822,0.08989878602891312,0.17540798972811178,0.016305564269792842,0,3
dbfb54d68d5c,0.29304585603189004,0.5370935276175564,0.13505867692488221,0.03480193942567152,0,0
dc074c261a90,0.6631868451770749,0.16748269902021243,0.11823739071645874,0.05109306508625391,0,1
dc0fed8c8737,0.16610601585351778,0.7503256818659173,0.0814872615383472,0.0020810407422178017,1,2
dc2115b5198d,0.028394226538862272,0.9027503176919051,0.052819441047983876,0.01603601472124872,1,3
dc290fedef27,0.09017095529109295,0.7979408622340802,0.09420546128530827,0.017682721189518608,0,4
dc2b14b11aaf,0.20412213847375782,0.21683088035758533,0.4819539233345592,0.09709305783409766,1,2
dc3c2c613d0c,0.006922289471683043,0.9477463962923003,0.04028872877005257,0.005042585465964147,3,4
dc5ad30410e4,0.03228723907637632,0.7862896502497491,0.1793177259317419,0.0021053847421327303,1,2
dc5e5ab68387,0.7211795088999962,0.1257958340043126,0.14572778056640256,0.0072968765292887395,0,2
dc632437d7c9,0.1414693435467108,0.6559581078765891,0.15289191533454113,0.049680633242159086,0,1
dc6ce7c92fe6,0.42870364015366147,0.42991189600434243,0.1222755276518217,0.019108936190174314,3,4
dc7ddcf65b4c,0.1347309668454942,0.5488013540412429,0.2547840673540905,0.06168361175917255,1,2
dc8dd6a3ae7d,0.5463989637574886,0.26743622108714377,0.1005017433011418,0.08566307185422585,0,3
dcaa76ec8d44,0.13095542031732538,0.7587772115374617,0.10369802898915643,0.006569339156056453,2,0
dcc6632b56b4,0.1004632592303673,0.5571050947620081,0.12137174450378899,0.22105990150383562,1,3
dcd5cc87f977,0.2312077826440368,0.5397124953015213,0.21672143447683498,0.012358287577606928,1,3
dcd9d77c6ac6,0.548255690342475,0.20177365244180187,0.24184264139565406,0.008128015820069006,1,1
dcea6c3e62bb,0.042584025071206205,0.6751803118355533,0.16747401370738663,0.1147616493858538,1,2
dd08a4d54544,0.25684389299445337,0.6458623500817501,0.08655169024464092,0.010742066679155653,1,4
dd148f46bf1d,0.1962354052546791,0.4936368862416387,0.2163065160939741,0.09382119240970808,1,0
dd31f8f3d087,0.041168029593462906,0.7599177141824264,0.16283808070320047,0.036076175520910185,1,2
dd39287d4cdf,0.006540196004010913,0.8370855925664671,0.1528934689425211,0.003480742487001049,1,4
dd47f215e92a,0.5575851667630154,0.1580939807734907,0.27683838129029287,0.007482471173201019,0,2
dd4ce54aef62,0.11598952783329124,0.6087611339801227,0.25728922546802535,0.01796011271856089,2,2
dd50b4d48244,0.0753330968045701,0.3879139807570255,0.5178552834602795,0.01889763897812493,2,3
dd55cdedbede,0.0752983717101567,0.8360127849442709,0.08355299941347648,0.00513584393209575,1,2
dd60b8bfb2d2,0.08697921771003217,0.8252627013403478,0.08160089211494446,0.0061571888346755215,2,0
dd7ae61dc7e5,0.12441852569635012,0.7255351813596348,0.14581211239345293,0.004234180550562165,3,4
dd7aeb805eef,0.5141648233191861,0.23186626467154237,0.24859130580958153,0.005377606199689976,1,4
dd8b8a5c9307,0.15386104218719748,0.223516717330463,0.5837376445415813,0.03888459594075825,2,3
dda0d73e068c,0.9654961253562844,0.013282856197607449,0.019146950737530977,0.0020740677085771303,0,1
dda1563c0620,0.07279304614963962,0.859682222531993,0.06619485321006867,0.001329878108298606,1,1
dda68db29fdd,0.821511610577015,0.07572583144614538,0.08442249034504816,0.01834006763179129,0,3
dda7e9290f64,0.10893867504849741,0.5848190959694907,0.3008267878627942,0.005415441119217584,1,0
ddb8e432479a,0.31219339606068786,0.5939624770391151,0.06723223055858185,0.026611896341615243,1,0
ddbe636ad06c,0.1406706317090779,0.519735354399393,0.10386206818994996,0.2357319457015791,2,0
ddc659c2e59c,0.7034979313041493,0.16014334664837798,0.10061697981050473,0.035741742236968126,0,3
ddc87971f87e,0.1838285111838295,0.5508194829225669,0.15199241225086385,0.11335959364273993,2,0
ddd30a3355ab,0.006859879686040939,0.8242805947866765,0.1661345138417321,0.0027250116855505064,1,1
dddc5467ff7a,0.38800233408606427,0.1665542255217471,0.27371957365354926,0.17172386673863926,0,3
ddf50c05459b,0.13649805085978303,0.48751110670428033,0.27429662071385874,0.1016942217220779,0,1
de1f16eadd95,0.08043477120060553,0.7526548001380807,0.1282503832660671,0.038660045395246714,2,3
de2d1a60c2af,0.8981630660251736,0.04356494719453584,0.035928654463226815,0.022343332317063692,0,2
de333ed072c8,0.8100522742768312,0.14377633840680673,0.036042714606055966,0.010128672710306206,0,3
de33d3a51e83,0.9506304917723444,0.006091761271854876,0.03941890808889763,0.003858838866903085,0,2
de44f6af8b10,0.24558221538048355,0.6943898908441516,0.0531302207373131,0.006897673038051757,1,4
de4ad8d40fdf,0.01606453066207394,0.854977281402006,0.038544492401675776,0.09041369553424432,2,4
de53947e43b9,0.012739737157174294,0.9249952012132788,0.055720524207337904,0.006544537422208962,1,0
de76a012b637,0.047912709402820386,0.6518615580415692,0.1906294143254893,0.10959631823012105,1,3
de7934b835ca,0.5766105417301994,0.18462338832197936,0.19656385948515018,0.04220221046267103,0,4
de81caee7374,0.38096752706856835,0.4806695347828422,0.1083896125909835,0.029973325557605908,3,4
de975d080334,0.057917286228891064,0.8672494534453336,0.057569444718520504,0.017263815607254995,1,4
dea5608c3e0a,0.01563238361004581,0.8733431784407967,0.006388160841611393,0.10463627710754629,1,2
deca3972c352,0.0157857170208457,0.8868523006180894,0.05422829363527462,0.04313368872579047,1,1
decc8130c6bf,0.42688257653734357,0.5191883198509735,0.04914045791818816,0.004788645693494745,0,1
ded38a5051da,0.09708427791377792,0.2620904134419078,0.40146817012155334,0.23935713852276078,3,4
ded489f168bc,0.7305905007719733,0.058984309376095966,0.18427613420255945,0.026149055649371304,0,3
deee69329e9b,0.06344820039707116,0.45113575180282156,0.30663246253375803,0.1787835852663492,1,4
def37f7cd713,0.9691566353077626,0.005145975566819081,0.023624520773423613,0.0020728683519945297,0,3
df07c0223107,0.5081449004961346,0.39452780782259983,0.06821305435106806,0.02911423733019758,0,4
df1750048937,0.09624254229910983,0.7818796482062741,0.10415159851665415,0.017726210977961888,1,0
df21842cfe5e,0.06171078260315801,0.6541249176461646,0.1960356460028785,0.08812865374779873,1,2
df37fe53632e,0.2860420041164549,0.23812762091374523,0.4107268968899354,0.06510347807986457,0,3
df453764e19c,0.05623580644081912,0.5459601476236773,0.04339437963693525,0.3544096662985681,2,2
df45b695ea21,0.3095780890426186,0.2882195391417963,0.35824776993153545,0.043954601884049635,1,4
df4722bbd29a,0.07954090104737509,0.8904966087689955,0.027561994124812216,0.002400496058817071,2,3
df4a3d3d27ba,0.8043586181181033,0.07962453979913194,0.09945810424829253,0.01655873783447239,0,0
df68e31da347,0.11290296478232786,0.28945316067350274,0.46995159032708883,0.12769228421708054,2,0
df6b420aaa31,0.5008832962712325,0.3918877971387923,0.09703881995144746,0.010190086638527817,0,1
df6b45073c39,0.19180536111642915,0.6820467335294284,0.11963290302299776,0.006515002331144747,1,3
df74415b31d9,0.09684394511259352,0.7871033959291467,0.10619151466829661,0.009861144289963127,1,2
df89af5f42ef,0.14742722987954038,0.4634373647967539,0.3658596306267444,0.02327577469696126,1,0
df89f8a12033,0.9877027628637145,0.003429093275337051,0.00852018697794149,0.0003479568830068669,0,0
df924511c439,0.5579477145764563,0.2064597991632238,0.11693101441156188,0.11866147184875803,0,0
dfb6127e91ca,0.5501092130779038,0.2817165929833163,0.13474347544912854,0.03343071848965123,0,3
dfbe54ad1d85,0.9089934209991312,0.00981452754634572,0.0800350979667755,0.0011569534877475809,0,1
dfc0decef09f,0.07549613747243851,0.8208584655420328,0.044666113845762016,0.05897928313976663,1,2
dfd673001c50,0.15417074049652674,0.6557352882196573,0.16128368868909898,0.028810282594716935,2,3
dfdf3913f6eb,0.0226523077529762,0.8792970094010188,0.08515980924900367,0.012890873597001253,1,0
dfe556626958,0.1516981037163572,0.5057315819066776,0.18725384029239578,0.1553164740845694,3,3
dffe7deb873f,0.056701989643884274,0.47133870178382586,0.44983406339663495,0.022125245175654968,1,1
e00eb01eab38,0.034308650906299476,0.7177723780258103,0.21898692380599513,0.028932047261895008,1,0
e02bbb13a371,0.7538053247117501,0.2278915114143284,0.01148353209634526,0.006819631777576162,2,2
e02f99a44c18,0.5631167714564775,0.17530179331231074,0.21808776400728241,0.04349367122392936,0,2
e033c4a5100b,0.10164268854588501,0.7579295625709602,0.1346291439910516,0.005798604892103065,1,3
e03476810a2d,0.012911361062947971,0.9394914017023573,0.03798625184875873,0.009610985385935866,1,3
e03fb79d272e,0.34373782928020324,0.5285041434172397,0.1242192495782179,0.0035387777243390648,1,2
e092291d0802,0.07930642645940482,0.7211312447062097,0.18901221576328753,0.01055011307109798,1,4
e0944b64b80c,0.9137116474879959,0.03597794950316147,0.04764678860274203,0.00266361440610038,0,4
e094984999c2,0.10519121637436829,0.4695975681519119,0.37856849360055506,0.04664272187316479,1,3
e0b5009d6492,0.14736217004867475,0.6187206848229208,0.22899581881835432,0.00492132631005006,1,2
e0d90a4de0c6,0.09100375134525211,0.691217523054395,0.20937205471097728,0.008406670889375469,1,1
e0ee01a012f0,0.8930603313259984,0.07621445769718378,0.02650444932758824,0.004220761649229642,0,4
e105b07fb9a8,0.4515862226973129,0.4076488833417215,0.11271380016896043,0.028051093792005398,1,4
e10ad2e7182d,0.045955782266576886,0.8964551089659742,0.055303779155849886,0.0022853296115990887,1,4
e10ae9dd5000,0.3574275382900295,0.46869574750548987,0.13743073971839753,0.036445974486083096,2,0
e11d6e9affa1,0.01059044846605726,0.9678389580312555,0.01799144961609794,0.0035791438865893552,1,2
e126d9d23457,0.4598142726329234,0.2806843725701037,0.24787693806518246,0.011624416731790349,0,2
e12de19718d2,0.9471657574577124,0.01541833337836639,0.029267736033235514,0.008148173130685634,2,2
e13e117a8d82,0.6311512575861461,0.25597725965158596,0.11000088900409258,0.0028705937581753743,1,2
e156dd640b9c,0.04093168950915988,0.9466377731271103,0.010675925729025735,0.0017546116347038807,1,1
e15b98946bf7,0.2426692257497689,0.6863073343864672,0.06274299190763885,0.008280447956125096,0,3
e164f3b294e9,0.2176257054970202,0.5844102045299642,0.09277818928435541,0.10518590068866024,1,3
e171596e4b75,0.48049150506266813,0.305055379272103,0.20357413402424904,0.010878981640979888,1,4
e17921c991eb,0.7090495308112559,0.13737642279540674,0.15077858242207495,0.0027954639712623568,2,2
e17a546bc355,0.03779388903422494,0.6476989710527741,0.25173314716117967,0.06277399275182152,3,2
e18155c4762b,0.38875192934054253,0.2493041184232376,0.32423010458014695,0.03771384765607277,0,0
e19121eb93f0,0.2527731456044259,0.6075016951697619,0.12922167676205806,0.010503482463754162,2,4
e19849e1c8ae,0.6316449772340627,0.22812729710010213,0.09287111162439905,0.047356614041436165,0,2
e1c1ad4b1e61,0.07517061148797566,0.5486351741298386,0.32670395655820483,0.049490257823980914,1,4
e1c473641416,0.9403580711563566,0.03231530736909579,0.025376229884194555,0.0019503915903528735,3,4
e1f5682712bd,0.20205708141230272,0.7359599693013337,0.05322870420281504,0.008754245083548657,1,1
e20a1e0b539e,0.7981767730455274,0.04921794120152238,0.04506389650170891,0.10754138925124127,1,3
e21989eb3b6c,0.6001417698790492,0.13847721698514323,0.25963583141738955,0.0017451817184180312,2,4
e24e639f39a9,0.055881307582418036,0.8817116251390051,0.059716136760885906,0.0026909305176908973,1,2
e25f6e723ded,0.7241390189427345,0.14764449973643864,0.07293182313355735,0.055284658187269554,0,4
e27dbf267565,0.849632181567154,0.06795559834965285,0.060673268488480335,0.02173895159471287,1,1
e2822dd69c4b,0.7012469240585558,0.1814199396405618,0.11023906652850486,0.007094069772377495,2,1
e284cafd4bdb,0.6212205287950643,0.25465390277909317,0.11649074351004614,0.007634824915796362,2,4
e28655aad4a9,0.06369804057971802,0.5916499566510088,0.2846256135197036,0.06002638924956962,1,0
e29617323fef,0.01581405015297058,0.7096022473382159,0.25899395059201913,0.015589751916794407,1,0
e2998bb6695c,0.031486855757125135,0.8468643200156073,0.07413118399768077,0.047517640229586745,1,4
e2a9723236ca,0.005377540625584447,0.9075838909441754,0.07165076424214394,0.015387804188096217,1,1
e2adde6885e0,0.0842577640216762,0.8385536561034572,0.04646672779249622,0.03072185208237026,1,3
e2afeb565737,0.2306712509450127,0.6826268017419733,0.06484931705431159,0.021852630258702543,2,1
e2c18c715bb7,0.030006979304086075,0.8357539644010195,0.13256297391216576,0.001676082382728843,1,0
e2cbe011b94d,0.012444256639092998,0.8360647023347861,0.0790543904231527,0.07243665060296821,1,4
e2d20a5c9d8f,0.08014637041854708,0.7435038175126264,0.16042316452380354,0.01592664754502299,2,1
e2e852552b7f,0.6968408772837603,0.16522780240321314,0.12217231439799929,0.01575900591502721,2,0
e300a4e86207,0.015801380408697666,0.4781104649611598,0.44400301797826447,0.06208513665187816,3,3
e3209b62ec59,0.32576198757851754,0.595302966857901,0.07267339054112244,0.006261655022459129,1,3
e32e5c4bb5c2,0.07008988323949408,0.8269730949125197,0.09411322629291798,0.008823795555068402,1,2
e34c6533b5d2,0.23899224885339584,0.42837263005753323,0.2019613737895111,0.1306737472995598,3,4
e3508efe3bb8,0.49745335361698817,0.34774398720470684,0.11977558896961395,0.03502707020869098,0,3
e3628650afa3,0.006182155729835846,0.9833161727548189,0.006874071820981049,0.00362759969436402,1,0
e36dac4d5aca,0.5928239430953812,0.08556802448912629,0.31798715277217204,0.0036208796433204074,1,1
e37291d60bf5,0.013199866255667866,0.8737986690328889,0.1063263044986621,0.006675160212781101,1,2
e389cb066bd8,0.08627185955202858,0.7195273352880738,0.14630847128549065,0.04789233387440691,0,0
e38bf848a4b2,0.025128526646962378,0.9001377287685638,0.06927329386487854,0.0054604507195952084,2,4
e395615a9a0d,0.045575608578399915,0.7614427793187545,0.15238274149865588,0.040598870604189714,1,4
e39daf2d9636,0.16871894787190472,0.6005365578546173,0.2183858176376529,0.01235867663582509,2,1
e39f4a252cb5,0.7883319378918879,0.08755561295824858,0.12179094356401106,0.002321505585852361,0,3
e3a350da2859,0.012121332248189414,0.955569882905694,0.0310949931514176,0.0012137916946990417,1,0
e3a355a01aac,0.053596775624124376,0.6762285295051178,0.23634235618626573,0.03383233868449214,1,1
e3a68b6c54b5,0.08797065584013913,0.5738137030540215,0.2823053115022449,0.055910329603594426,1,2
e3a9b892e7c1,0.2590291909218959,0.48903924040492774,0.23803916641285222,0.013892402260324205,0,1
e3b546093b7c,0.016588833610713977,0.8910030730796551,0.08772938641931935,0.0046787068903115835,1,2
e3e0b34968ad,0.029735810482217167,0.7044686554504959,0.24935306598132945,0.016442468085957517,0,2
e3efcee5464d,0.08550576853588121,0.7538465490654558,0.1441839764752184,0.016463705923444615,1,4
e416f944cb42,0.8633464487526689,0.048088745001426764,0.08445964072623706,0.004105165519667341,0,0
e427306ddc9a,0.3816345359589948,0.5306486674247152,0.07902470481839884,0.008692091797891132,1,4
e43ad5b5e137,0.02440251760689966,0.7576889670402517,0.20040051523824232,0.017508000114606178,1,2
e43c10ce7933,0.03160443161251025,0.8841837565241825,0.07042474036380832,0.013787071499499034,2,0
e44d13263cba,0.8453933075221824,0.09859352420231918,0.0514714135929368,0.00454175468256148,0,4
e44d1faedace,0.05746266717148355,0.6192854336510061,0.2771625953606301,0.046089303816880235,2,3
e45231baa93f,0.052881220804478254,0.5458741472852007,0.39005343664237213,0.011191195267948973,1,2
e462b50ef489,0.055500114794753995,0.831904898194146,0.09721156075737816,0.015383426253721851,1,3
e4645a71f19b,0.8342303828296652,0.12078720561325146,0.041879148356985,0.0031032632000981154,0,2
e479851df410,0.08878293278826853,0.6627176618560126,0.23500434386331795,0.013495061492400885,1,3
e487f7e3b6a5,0.2500506057195591,0.667649152447283,0.07624357149427749,0.006056670338880343,3,4
e48cc454acd6,0.014371754244885052,0.9147883683858846,0.06920202092301983,0.0016378564462106375,1,2
e4a4248cf6fc,0.16812993665957318,0.4722516120854192,0.3341347372495422,0.02548371400546555,1,0
e4aa7df34266,0.15985076608761312,0.40813884546091367,0.4153479394686122,0.016662448982860973,2,3
e4b2c5f23e08,0.06532142855960388,0.6809812678285317,0.2500205609132378,0.0036767426986265934,0,1
e4b50e7402c3,0.04757540994244919,0.39375402237203694,0.4498920520303416,0.10877851565517233,0,3
e4d47cc836a1,0.27758634144707983,0.36689293898824554,0.3239590333248207,0.03156168623985403,2,0
e4f280b01af5,0.13429460220575593,0.7326551634664955,0.08743174285207389,0.04561849147567476,0,2
e4fd12eef363,0.7374395444261248,0.15608589662246503,0.09138132788587788,0.015093231065532354,1,0
e509fde57a70,0.0363370721617177,0.8502568883696277,0.10692742361938187,0.006478615849272966,1,2
e50d56f75dc9,0.05497082367143917,0.28371721950594453,0.3188814512892246,0.3424305055333917,1,3
e51850dddb1d,0.05865158787928588,0.6390716686971858,0.21826498386613327,0.08401175955739516,3,0
e51b2fc7f149,0.19725046551025963,0.4190440895847314,0.3794240120765528,0.004281432828456109,0,2
e51c3f2307f8,0.05258232255046695,0.7883649184512599,0.11245708080216259,0.04659567819611043,1,0
e52bdc15086a,0.3241620693383825,0.5951661560580023,0.07790027673000273,0.002771497873612522,3,0
e53355bac9ce,0.08728405408704155,0.32898370489572043,0.10482697037672019,0.47890527064051797,2,0
e550c0ee9fc4,0.8271436877316191,0.0811802455236624,0.08322751434228841,0.008448552402430115,2,0
e562c9ac6268,0.017273045490757238,0.8995474337589053,0.07477766407720943,0.00840185667312798,1,2
e56e71389ba2,0.2254760147335387,0.40499979859851026,0.3614610278619742,0.008063158805976986,1,0
e578212ad3a6,0.11407437485412084,0.38450231641445964,0.390615979913716,0.11080732881770347,1,0
e58718f4aa74,0.021744087943561037,0.9052232438145527,0.04274342390338629,0.03028924433849996,1,1
e598f9bfe550,0.1924759973199079,0.5810155296311138,0.16629458278148945,0.060213890267488794,0,2
e59ac8552f60,0.19234176504362493,0.580859483795625,0.09641938268781187,0.1303793684729383,2,3
e5a7aeedd323,0.003249244447383447,0.9582725805611524,0.03648364192731242,0.0019945330641516477,1,0
e5e19b32a270,0.3751636315845351,0.396644336545184,0.17300995535764654,0.05518207651263441,0,0
e5e2dbcbd9d2,0.14910872032289021,0.6731416271491266,0.14457127042386614,0.03317838210411702,1,3
e5f1860bc360,0.9203908996454799,0.01765015204702783,0.053327796942732264,0.008631151364759965,0,3
e5f97fa3f2d0,0.07317905175181331,0.7009543248694642,0.11204673589216191,0.11381988748656045,2,3
e5ffc5baa978,0.10155132093716682,0.5833652080794345,0.30042685690981363,0.014656614073585135,2,0
e6069f2cab57,0.5304764339523059,0.4018536465727493,0.05824416122795879,0.00942575824698601,0,1
e60a0bcf8160,0.6105886252735309,0.3158985234243132,0.060524671985051556,0.012988179317104389,0,2
e61140a68866,0.07488856683428285,0.8120127470823297,0.08911530028894962,0.02398338579443779,2,3
e615b95130a4,0.7925746902480812,0.1032194593155904,0.03053413017579429,0.07367172026053427,0,1
e619787c1a07,0.22228396512859921,0.4940135415687424,0.24900505505759474,0.034697438245063716,1,0
e63929e6add1,0.059820499280443605,0.8987817127826412,0.04002370025999723,0.0013740876769182243,1,1
e63cd8a6d04d,0.022358764666825962,0.9521121933834491,0.021928387680211037,0.0036006542695139355,2,3
e63e246debfd,0.03442434208583674,0.6828175343764169,0.2272106493099204,0.055547474227825966,0,2
e6505c104184,0.7441191249502215,0.14890811410078694,0.07824970650901637,0.02872305443997525,0,2
e65207f12ea2,0.010854792316531876,0.9594257040187557,0.027725617228583996,0.0019938864361282306,1,1
e67619d00b58,0.04105075687423781,0.8866899366090014,0.055460456002989406,0.016798850513771352,1,1
e687b28d3864,0.4465056351293301,0.18405040343903983,0.36292054305283367,0.006523418378796334,1,0
e6961147acfd,0.6089564770976482,0.1836442131682406,0.12960852337042064,0.07779078636369068,0,2
e696904df3be,0.17045182488275246,0.43007780198433926,0.3209701381853554,0.07850023494755293,1,0
e699535e65da,0.6747741878062581,0.134728154263031,0.16613990867677664,0.024357749253934403,0,0
e6ade0ee672e,0.030265393840185874,0.825335418578162,0.13106027834651499,0.0133389092351373,1,0
e6dd6efb3de0,0.6361029835028803,0.16058723344358475,0.19719661376445471,0.006113169289080222,3,4
e6de6fbdcd67,0.13487364371677335,0.747181824882037,0.0694108715172449,0.04853365988394471,1,0
e6e361d6a84e,0.25935138049808154,0.598936773460104,0.09782624523844796,0.04388560080336646,1,0
e6e404e7db47,0.0688538484241143,0.7258968871354785,0.18922491050895135,0.016024353931455848,1,2
e6e920ea0609,0.01969469103898493,0.8456366010899847,0.08933915454496363,0.04532955332606688,1,3
e6ee4827951b,0.05299643635025857,0.8878234608131027,0.054493067479491154,0.0046870353571476335,1,2
e6f3ba0b25c5,0.15766265720220374,0.7450856547187541,0.09168387229970748,0.005567815779334647,2,2
e705df6bf622,0.02948770348605052,0.9207216461517558,0.04072963390286051,0.009061016459333182,1,4
e7108595fb09,0.18724754907987118,0.7635075989401308,0.04467547294699009,0.00456937903300803,1,3
e713de5fa2f1,0.25662391705001353,0.501745662836103,0.18234669184369043,0.05928372827019301,0,4
e714c61cedb5,0.011532211728611892,0.8649526596731175,0.10293383767797624,0.020581290920294454,1,0
e719973c92fb,0.8801637412247221,0.0396836873636398,0.07861259190853165,0.0015399795031065028,0,3
e72c3641aff5,0.1569586353962265,0.6743664078980793,0.12059707837805216,0.04807787832764187,0,0
e737a74a9830,0.1506656115839639,0.7443457222943947,0.058884726997495675,0.0461039391241457,1,4
e740a2577d7c,0.8168263009361343,0.03840261895501068,0.13877160670556876,0.00599947340328618,0,0
e750ed589351,0.897434280589491,0.058592142666947275,0.036395286447876464,0.007578290295685144,0,1
e751ae5d2da4,0.03268342478789858,0.8819550283433728,0.07143758048457366,0.013923966384154789,0,3
e752b12382d1,0.10255584623085659,0.4210467016516588,0.46088165569522105,0.015515796422263676,3,2
e764f1cb364c,0.9179747144276577,0.02676086131198492,0.04801597550197138,0.0072484487583860885,0,2
e7652a255494,0.37589144520213486,0.39050571045946675,0.19205569684421175,0.04154714749418674,3,4
e770c3c0df1a,0.44383831671751317,0.30986671466011,0.23540624818843112,0.010888720433945804,2,1
e773dcdd7200,0.12554976908306317,0.650217473013108,0.21307044933099303,0.011162308572835795,1,2
e78731870e9a,0.05719405118347753,0.8588566005301773,0.07745448388958169,0.0064948643967634775,1,3
e7991479fcde,0.5589672248698088,0.18923212898353006,0.14788323916463073,0.10391740698203038,0,2
e7b519c4b318,0.9177759907537829,0.06027728645862376,0.020225592183701745,0.0017211306038914316,0,3
e7bc5f198df7,0.03944759145800874,0.8313585626778583,0.1222053338076269,0.0069885120565059845,1,0
e7c4f060e6d4,0.08259405307929697,0.8373914826481755,0.0723126938387464,0.007701770433781185,1,4
e7c75b329ac7,0.12998953207821798,0.7778900599007744,0.06076738705850988,0.03135302096249766,0,4
e805aa5e9f9d,0.31220614298489113,0.42721517023984024,0.21493855334289702,0.04564013343237158,3,3
e80a00183db9,0.10475039088890899,0.8097725026161103,0.0765739749156874,0.00890313157929335,1,2
e81975072f7a,0.11043838389552867,0.7430561113044367,0.1268019760878923,0.019703528712142267,1,0
e82dabeb2c01,0.23291423345942336,0.6747725551683436,0.0823510292891694,0.009962182083063703,0,4
e82e8c609e01,0.6774708887473786,0.1081350582999141,0.08701679234434678,0.12737726060836055,1,1
e832781629fd,0.4730350469588266,0.2633266581269314,0.24841111913372424,0.015227175780517853,1,2
e83599857d12,0.017143929024037826,0.9084833911006102,0.0694745981807037,0.004898081694648256,1,4
e867ef0d690a,0.05531056758344069,0.42726571963686083,0.43975117565851174,0.07767253712118669,1,1
e86da5ced3d9,0.096379826829422,0.7998897530830335,0.08853190214435606,0.015198517943188532,1,3
e8738bc58dca,0.1592204771834542,0.49751637674575083,0.31135886666876234,0.03190427940203263,0,4
e8752745d466,0.27045395007430867,0.5748268065438916,0.14114847537267136,0.013570768009128374,1,2
e87937446df8,0.008633649232785546,0.9458927498977566,0.04312787101243762,0.0023457298570202572,2,1
e87a9de37972,0.93837933728391,0.012611471397215003,0.04175704717018003,0.007252144148694814,0,1
e87c1dfe1c1f,0.45353344019115266,0.3966227421235734,0.12223415340031249,0.027609664284961276,0,2
e8956cd9117c,0.37792919356018473,0.5173069826924503,0.08383590491420397,0.0209279188331609,2,1
e8ad62a8f5d4,0.01029931766053062,0.8882018713756502,0.09388517288004464,0.007613638083774554,1,3
e8b4637a1396,0.16468516756162585,0.6089236069361985,0.22241046010705046,0.003980765395125231,2,4
e8ca5a4146ab,0.1533908439608476,0.7881759036749152,0.04944776273785039,0.008985489626386813,1,0
e8cd174b1e73,0.009635123064891482,0.9692966740013214,0.01415428846085297,0.006913914472934056,1,1
e8cdd5d7becb,0.06280154338430724,0.8308433817529813,0.07298336406738061,0.03337171079533077,0,0
e8da31ab0da5,0.008196888100055193,0.969125383876906,0.01740712345880609,0.005270604564232608,1,3
e90d4db7ddd4,0.13078759053871422,0.09542666387477337,0.282650843084416,0.4911349025020964,0,0
e90dd06ea8a1,0.020402736119967495,0.8135315525893094,0.15333360136968005,0.012732109921042935,1,1
e9268097a0d1,0.07915740801920396,0.638178572605616,0.1075065209690239,0.17515749840615621,2,1
e93a46774f00,0.3946142705616756,0.14215310917663074,0.35850695384435194,0.10472566641734178,1,1
e93b8361bfd0,0.03501850522835137,0.692469188304532,0.26517263780189876,0.007339668665217791,2,4
e94ccb56b277,0.038121027486869796,0.8422726041371402,0.11085750678259305,0.0087488615933971,1,3
e96f12697ca3,0.1131071217628185,0.7153072232417009,0.15802900296683497,0.013556652028645397,0,0
e97d25d7e522,0.10883676650427888,0.7962251071275065,0.06771701181511577,0.027221114553098794,0,2
e97d79485202,0.5902122325166805,0.29340623746507394,0.0947859233217098,0.021595606696535763,1,0
e9875afe7532,0.011408334588981701,0.8323192735289988,0.15229857327484178,0.003973818607177778,1,1
e9ce880f2202,0.07044807387458472,0.827945083147714,0.08491838409339492,0.0166884588843065,3,1
e9d5e9c6fd14,0.10408079811067258,0.8421092382006636,0.044368238759710535,0.009441724928953248,1,3
e9ede9640810,0.9205378288316092,0.029024560540179004,0.048555878579734105,0.0018817320484775845,0,2
e9f977bc280f,0.11663729803606429,0.7818476888874083,0.09666008757646372,0.0048549255000637295,1,4
ea095c5991c3,0.8688651944544646,0.07803863649051723,0.043140399636511846,0.009955769418506236,0,2
ea1b70752c62,0.03155556584871816,0.7490327925525782,0.15884446134093513,0.06056718025776839,1,1
ea1bf78bc0ee,0.16373807580228936,0.6314577538173808,0.18379225507494137,0.021011915305388536,1,4
ea2d09b4a59f,0.4578300969149345,0.37387545848492343,0.14939677862983536,0.018897665970306607,1,0
ea44061da219,0.025738604325149513,0.9374359659072112,0.016215863092458482,0.02060956667518079,1,0
ea4e755480da,0.055768617211088826,0.5760509803679048,0.35915387706518376,0.009026525355822672,2,2
ea71dbbcf2ab,0.03677290336102683,0.8127125118052345,0.1277068684045221,0.02280771642921654,1,3
eaac01660339,0.009220603445626996,0.9210025913572306,0.06158185906278433,0.008194946134358139,1,1
eab43c22f6e3,0.04718069892362947,0.47159077969872987,0.44318756321968084,0.03804095815795983,2,1
eadbd008393b,0.18890817657615688,0.4197477509260641,0.345148467597605,0.04619560490017407,1,0
eae003afb999,0.6565045536079386,0.2544349703188431,0.08724652795630855,0.0018139481169097828,0,3
eaf7e92ddbd6,0.031190013314878712,0.8134288680685283,0.1408818368543617,0.014499281762231362,0,0
eb17643599fd,0.4922752704130999,0.43821814008914584,0.06029942034376827,0.00920716915398606,0,4
eb1e40c40c88,0.06006519778997751,0.7431049535087083,0.18707788759622968,0.009751961105084654,3,0
eb25647982fe,0.1649201372290922,0.6788788710786489,0.13499653436806883,0.021204457324190133,1,0
eb28eda6261a,0.8970890152913001,0.02249567032468403,0.07191934840311322,0.008495965980902583,0,4
eb30f3452fc6,0.18508894792104827,0.6084911670733039,0.19237240653042348,0.014047478475224558,3,3
eb3e488b900d,0.35369840667000196,0.43459551160003007,0.2074430124126226,0.004263069317345459,0,0
eb3f608c965d,0.09155007077512914,0.7493987521113071,0.15143311391408043,0.007618063199483134,1,4
eb41a8fdece4,0.16766550996976812,0.6810579894499295,0.14174584896087292,0.009530651619429543,0,0
eb4f7a7c46c7,0.9057444743356087,0.03974157444849772,0.04863657075558293,0.005877380460310537,0,3
eb5090e6fdc2,0.0203751439842559,0.9371046316434126,0.026022186948263623,0.016498037424067805,1,4
eb6c62925d9c,0.5850554903725227,0.12020022604421064,0.2574907440096498,0.037253539573616885,0,2
eb76ebad1c23,0.05906245512596011,0.7433408599229803,0.18270157076764318,0.014895114183416533,1,0
eb8b05df8563,0.06923348458369069,0.6549862191465152,0.2541767753605331,0.021603520909260897,0,0
eb9dc561833d,0.24269052143189093,0.6422304813750288,0.09343233357645948,0.021646663616620744,1,0
eba05ee2d7da,0.028072571702685623,0.7377664973167073,0.22610210481503634,0.008058826165570845,1,4
ebb0b75bd4de,0.014228199736974576,0.9649392749307062,0.01840450824976379,0.0024280170825554926,1,4
ebbd78acb0e0,0.01710402452293935,0.9571593495941613,0.021428380042154502,0.004308245840744813,1,4
ebd126be46e8,0.9583300685119612,0.017490123562415583,0.02269822119413129,0.0014815867314917183,0,4
ebf4d14f8094,0.024074000855691956,0.8305271031015363,0.14172565418720978,0.003673241855561908,1,1
ec14ca35f6d8,0.026949502389351516,0.9413462557852826,0.02305071371138548,0.00865352811398025,1,4
ec2491ff28f2,0.06316596226505068,0.5119149144526095,0.39838432882170344,0.026534794460636335,2,4
ec43b49013d3,0.15922345492323337,0.3923947433346071,0.3952425096415429,0.05313929210061661,1,1
ec459b9efc52,0.298194714886371,0.49990692927184527,0.19046651790456076,0.011431837937222935,0,2
ec60a9077385,0.05471163407857046,0.8158855107863611,0.1199759318378134,0.009426923297255195,1,4
ec614c61cdc1,0.5648971646095238,0.14343439969616978,0.287595266980762,0.004073168713544416,3,2
ec69b2c23b7a,0.7206983439796407,0.09661349226458142,0.15250786443882478,0.03018029931695315,0,2
ec6e91420f3a,0.0688633500633925,0.6379441159561509,0.28715076664190436,0.006041767338552345,1,2
ec969fa94baa,0.5166201636881372,0.22742010362450882,0.09814911628158861,0.1578106164057653,2,2
ec99ea1e7890,0.1441888378702082,0.7402423433599734,0.04415929481326735,0.07140952395655108,1,4
ecb369802701,0.8080243915467756,0.02564424138946943,0.15769257792391003,0.008638789139844845,2,2
ecb8f4c2606c,0.3977771730972854,0.27702098869626,0.29421512799631144,0.030986710210143233,3,2
ecc8f5b0842b,0.23128368018477918,0.43434633176263815,0.20682632090201278,0.12754366715056997,0,3
eccebc4009a0,0.029090596429331938,0.9175512137550228,0.03804699921154169,0.015311190604103537,1,0
ecd0dea97eef,0.1857979711237347,0.7403558913046885,0.06008911775574369,0.013757019815833058,2,0
ecd883ed5c12,0.06680599419841443,0.7184078118583538,0.18243735603621083,0.03234883790702091,1,2
ecdfc29912ee,0.06863589768995636,0.6477674301765924,0.220861362868644,0.06273530926480714,1,1
ecf019f00e3d,0.8493585075722082,0.05742504596420579,0.08658726094451911,0.00662918551906678,0,3
ed0825c7df20,0.2611353322316989,0.6349991194930606,0.08526087307108293,0.018604675204157425,1,0
ed49428432a7,0.13397074595292774,0.6642544927739931,0.19240474097011054,0.009370020302968698,2,0
ed513f058147,0.0035207857535689956,0.9741515796779332,0.020810913417142703,0.0015167211513551512,1,0
ed5c290105e0,0.8450827277031853,0.029778731878559943,0.10581539092628603,0.01932314949196874,2,1
ed5d94f5100d,0.05008734660295762,0.9218789770429424,0.025807404720203545,0.0022262716338964286,2,0
ed6218993ed0,0.8958910094058297,0.027460698648002463,0.07019705311437953,0.006451238831788405,0,0
ed7af0f6cc7f,0.3081034191877701,0.5398906834683477,0.12406215056548243,0.027943746778399784,1,4
ed7cc735db6c,0.07528192548274873,0.7253982258687837,0.18568845197828202,0.013631396670185602,1,2
ed849e809c1c,0.84559169281283,0.06902770484877169,0.08272620276676972,0.0026543995716287153,0,0
ed855d09ffd4,0.06037294174892017,0.7095861615931806,0.22312736536727212,0.006913531290627122,2,1
ed8cc5fd07f1,0.2649451519116805,0.5856230379690515,0.14051553170540107,0.008916278413866968,2,3
ed9792ecb546,0.0757029607593329,0.6875953003331782,0.21457322284949437,0.022128516057994485,1,0
ed9fc7d10eba,0.09066464474801268,0.6997114883254855,0.18799168580469147,0.021632181121810378,1,1
eda00b808607,0.3765938071354778,0.43975881174009196,0.1800075036595129,0.0036398774649171687,2,4
edaf69ec10f6,0.6348160654410029,0.18710964425034948,0.12988963653646776,0.04818465377217995,0,0
edb5e43491c4,0.11849103314566951,0.7820001055941667,0.08191451045928945,0.017594350800874365,1,2
edd21ee3c460,0.19699667610651578,0.6825064038371546,0.050602582350963245,0.06989433770536635,1,1
edff2028722a,0.38825074741522975,0.4874699984498796,0.1158240046582151,0.008455249476675366,0,1
ee18a08e02d1,0.07114730327272215,0.5452421205900483,0.3254788272066096,0.05813174893061987,2,2
ee22d804e868,0.02787277845138965,0.9093399721242337,0.021478338304411416,0.041308911119965264,3,3
ee4155767b5f,0.14603514315510804,0.5305662445780592,0.2757906238760009,0.047607988390831774,3,2
ee4440d41ee6,0.37353049076578215,0.30785525914875705,0.3009291469258317,0.017685103159629144,3,2
ee59b3ab54f1,0.02907312958074319,0.7363149782428428,0.22473230693874374,0.00987958523767018,1,1
ee5af3809557,0.012536842926787058,0.9530663910560703,0.03232662871992284,0.002070137297219806,1,0
ee5ea1ff9f13,0.5475034135140756,0.370071097637669,0.06698713183922518,0.015438357009030073,0,4
ee5f0438b183,0.23295970355287096,0.41808059880587634,0.17029050106259777,0.17866919657865507,2,1
ee65eee3a327,0.341397565739193,0.14071568550060137,0.5063169697263109,0.011569779033894752,3,3
ee783fcfed40,0.2340078110638407,0.6428627167080005,0.08309159919362398,0.04003787303453485,0,4
ee8920d4faeb,0.05501323964454007,0.7357504783528128,0.18458894994073544,0.024647332061911782,1,3
ee8c14899dfa,0.018891612152187157,0.8363672291569259,0.13003828437379053,0.014702874317096406,1,1
ee8cf2f50c90,0.8787081874939408,0.07780763943501963,0.041666324630295556,0.0018178484407440796,1,1
ee946ca9c50d,0.7392556508126011,0.1284852451254711,0.12095666643062476,0.011302437631303133,0,1
ee980e0dc7d1,0.1926213557956438,0.5889342227281699,0.20734873809700735,0.011095683379179,0,0
eea9ab1e6c53,0.278110412739595,0.3900751853857697,0.2701466710991785,0.06166773077545682,0,0
eeab05ccb1a5,0.9149502850135784,0.040381055287918154,0.03246143028441699,0.012207229414086394,0,3
eebaa7b747e2,0.1546241601339394,0.7957020790887069,0.04288315525945938,0.006790605517894114,1,1
eed043f0a603,0.12113420092899466,0.2114966782412849,0.6530370838416971,0.01433203698802336,1,2
eed9b6596e6d,0.007302230354193747,0.9675271908616098,0.019256894570598565,0.0059136842135980765,1,4
eee88e3f416d,0.010793108937824872,0.8788978907224534,0.10660740204970934,0.003701598290012411,1,4
eeecfd50b220,0.021644009837415695,0.9370338287361903,0.027332882645544523,0.013989278780849632,1,2
eef237fc67b9,0.6383830894676744,0.13719088303959895,0.05385445300848383,0.17057157448424284,1,2
eef6300c5540,0.0673779239074081,0.8202854571720595,0.06982796022230428,0.042508658698228036,2,1
ef2903498dc5,0.018124888805272504,0.9231835414848042,0.05314469766770483,0.005546872042218528,1,0
ef303ca23c79,0.36607001699983927,0.5073931688576419,0.06504168484949846,0.06149512929302042,2,2
ef3e7ae6e700,0.5905901219313759,0.22640388965972347,0.18182948162289628,0.001176506786004371,1,1
ef45370d19a4,0.9870734625042284,0.004328822004184281,0.008015577256023053,0.000582138235564251,0,2
ef45c1184249,0.08394166840999341,0.8856055045433936,0.02944447544720384,0.0010083515994091007,2,4
ef6713d49378,0.021283715763989883,0.8216469006391808,0.14553951740170254,0.011529866195126755,2,1
ef8fedf0d644,0.026844716006619685,0.8219287768152739,0.10493915401910253,0.04628735315900388,1,2
ef90d5cec0ec,0.40533362011594753,0.5186943408785758,0.06856471824227874,0.007407320763197854,2,3
ef984f6fa70c,0.1984963144731167,0.6047587384611282,0.13230369229989705,0.06444125476585795,2,4
efb9bc675820,0.844679033861888,0.09233006984785538,0.048697069847332304,0.014293826442924141,2,1
efd4278840ce,0.03872504744638667,0.7800674835871102,0.056745274465915145,0.12446219450058811,3,4
efefa03de088,0.30220352248206683,0.36105294579463665,0.3325227880210945,0.004220743702202111,2,2
eff72b9f6efe,0.06178670363547066,0.8874213120231449,0.04222732034609854,0.008564663995285786,0,2
efff0a2821eb,0.48111420121817233,0.29166542922288724,0.1889319727016874,0.03828839685725298,1,2
f00a7f15f367,0.05418038108756253,0.6386611784709002,0.2880244025914863,0.019134037850050904,1,1
f00ed1bca2c4,0.24360090289689704,0.6747238277573057,0.07706608337310779,0.004609185972689482,1,0
f0156675755a,0.6917092134833523,0.17705992405078372,0.12360640925881132,0.007624453207052518,0,2
f01b33e3ce9d,0.3642492632473978,0.17877421804622937,0.4455762253960762,0.011400293310296605,1,0
f025d675b893,0.4535275682022771,0.2588795129770492,0.25902815300316456,0.02856476581750923,2,4
f028f4a45ccd,0.01616833260712055,0.5143576876414175,0.25291182963061243,0.21656215012084948,3,0
f03cec43a0c6,0.22519103043479538,0.4393083434381891,0.18686802654237603,0.14863259958463954,0,2
f04ff90a3dd9,0.938821148651771,0.010938950806634868,0.041248244397337104,0.008991656144257029,0,4
f0512f3b3a6e,0.12411460952107026,0.7370540617220209,0.07871273060253475,0.06011859815437406,1,2
f05fc3dd7653,0.48689215454282836,0.31863212783718387,0.1348512289505871,0.05962448866940075,2,3
f0637f0d7719,0.21797445844284075,0.09766954268317489,0.6572160699474847,0.02713992892649966,1,2
f07ec852f8c2,0.3943218918543979,0.4061794356815605,0.1932805876064244,0.006218084857617318,0,4
f08ec6272e48,0.7764316376703928,0.11326904857152387,0.0855869472826122,0.024712366475471016,0,0
f0a6dc99b78a,0.07820985291742011,0.8145934867849935,0.0965614497646886,0.01063521053289771,1,3
f0a7a52f661c,0.3641097912440386,0.41579165524555817,0.20054816212550844,0.019550391384894894,0,0
f0bee4584261,0.12696601088156073,0.7103570828897712,0.13509671251982877,0.027580193708839316,2,0
f0bfb67c18bc,0.020699229015403293,0.8779897540671958,0.030202990447772297,0.07110802646962869,1,2
f0c4dc3b247c,0.36026487919674666,0.44474250489276473,0.1655745983799265,0.029418017530562127,1,1
f0c5e85b5e86,0.66013437421219,0.1946580703253652,0.112652495261961,0.032555060200483724,0,3
f0dfde16feec,0.767363111697538,0.1429347842786184,0.06183858043783261,0.027863523586011015,2,2
f0e023959894,0.032437657149921646,0.8598591138629278,0.08936551327174715,0.018337715715403463,2,1
f0e40c184d36,0.0186007802627125,0.872002003294292,0.058545213554982614,0.0508520028880128,1,3
f0e99a9fd724,0.5224136668856334,0.25049977049823874,0.19442330211642012,0.03266326049970777,1,0
f0f8ccd8b0a0,0.5286082663589979,0.20617654013505105,0.236387865132272,0.02882732837367902,0,0
f1043ac7271b,0.4013757045558671,0.4249826146856868,0.16166107270866872,0.011980608049777438,2,3
f1063f4acf08,0.04081241543505927,0.8930627325188553,0.040003109368033855,0.02612174267805162,1,2
f108d58e9f51,0.32633873502600114,0.3788833139130313,0.2798546761787535,0.01492327488221396,2,0
f109811743c5,0.39069301799153716,0.4044617595525098,0.19291355470506427,0.011931667750888894,0,0
f10d919f319b,0.5793741176955651,0.2314249138115883,0.1853181458724698,0.003882822620376693,1,1
f11ab7648eb2,0.10906807791889274,0.7010853830073035,0.16354198298339478,0.02630455609040893,1,4
f1236049dc34,0.15490207946873272,0.5999894561200995,0.19561415062571125,0.04949431378545654,1,3
f134eb1b9f3e,0.4286380095806147,0.3115698742184325,0.23718069372324674,0.022611422477705968,0,0
f13c5fb56a73,0.572045807734264,0.29029998653632827,0.13290246471972436,0.00475174100968328,1,0
f14cc84c4e69,0.03352998154909935,0.8457947634030211,0.11116464419012323,0.009510610857756393,2,0
f15583c5d579,0.5913696452698929,0.23247650665555097,0.1680904483090098,0.008063399765546498,1,2
f17037e3c5a5,0.09835906562496813,0.7494344318441646,0.14497161748168824,0.007234885049178938,1,1
f171762263b3,0.8424956214658021,0.029039206140876878,0.12062346104200569,0.007841711351315282,0,3
f17665afc4c2,0.6288706749564769,0.20398689396508599,0.15170523357356894,0.015437197504868177,0,4
f1788303c669,0.5593256021141707,0.1647045890456716,0.2515225876907021,0.024447221149455627,0,1
f17f7d44b959,0.029710763906693454,0.8958045859623722,0.06979246022249463,0.0046921899084397325,2,4
f18fc8dcef6d,0.25307062253060414,0.6120920681710146,0.062097917037225565,0.07273939226115575,3,4
f1a643119e8d,0.01934395366161733,0.8591650078046259,0.06540650946545606,0.056084529068300776,1,2
f1ab0d2dcd7b,0.0035074597047644466,0.9273308726856352,0.06575739000007401,0.0034042776095263984,1,0
f1bf16aa4bb7,0.0018144331320880626,0.979697911108671,0.01726543796501097,0.0012222177942300926,1,4
f1d8d7ca8477,0.038077446865130586,0.7040952893748118,0.20585448316924543,0.05197278059081219,2,2
f1f663bb5ba6,0.43864682282159717,0.484692811564776,0.06960035084812383,0.007060014765503001,1,2
f20576257dc2,0.7382692954832833,0.18850774590621552,0.05381662985747719,0.01940632875302382,1,4
f206c90d6bf9,0.06901585714566022,0.9085591964143033,0.010096426957631624,0.012328519482404996,1,4
f20d2ff64006,0.014809671128023415,0.7637600228364535,0.20729043123517543,0.01413987480034763,1,3
f20ea4a7e55d,0.16560548799828825,0.7413544748930381,0.06995777323302055,0.02308226387565296,2,2
f21f4dd7e3b5,0.7235398172038396,0.22222362461004105,0.038594180929007564,0.015642377257111862,1,0
f2241ca2d0ff,0.03123529472960515,0.8513785801601161,0.05625611847226822,0.06113000663801058,3,1
f254d359e0ef,0.9107753070313938,0.036506216958546306,0.047117431247364276,0.005601044762695655,0,1
f26c50ef1bd0,0.16638652298674483,0.5339495239571219,0.19541631899882464,0.10424763405730868,3,2
f2a899251da3,0.2033110100563291,0.6350392553411344,0.13693861191169132,0.024711122690845234,1,0
f2a9e6e67eda,0.028507440000604848,0.862158056838608,0.04266650845176978,0.06666799470901726,1,0
f2b77c3c70c5,0.8221043703509882,0.09367759532526704,0.07804130339665641,0.006176730927088228,0,4
f2bf2f65fe68,0.22462528902891468,0.6647062329391263,0.09752175693754388,0.013146721094415137,1,0
f2d30ac37f7b,0.18375944682425208,0.5044491426960633,0.2523341696338772,0.05945724084580743,3,2
f2d5dd65d7d2,0.6043267109822426,0.2365139569913172,0.06146634493489333,0.09769298709154686,2,4
f2d890d8bea3,0.2343019255127282,0.45664180645567,0.26460887438642444,0.044447393645177496,2,4
f2e430c3888c,0.09076118802277762,0.655063403271222,0.24162852593387874,0.012546882772121612,0,2
f2e5da098e85,0.05403642610185597,0.3982527813352827,0.4803801042370394,0.06733068832582209,1,2
f2ee15af6c4d,0.0880810270359224,0.33831315463373207,0.5645785694371636,0.00902724889318198,1,4
f317383c5831,0.3702426078243563,0.17600235750183962,0.04125081635053023,0.4125042183232739,2,2
f32dd337bd1a,0.302192242126734,0.5891712671423738,0.09263935029107966,0.01599714043981261,0,4
f333eadeca7f,0.7141507692471047,0.15848236162341645,0.10637028956822998,0.020996579561248802,0,1
f338a2ae96bb,0.9787025167784406,0.0037540456135089564,0.015963910072837192,0.0015795275352131677,0,0
f36b9bbd21ed,0.028833449742043847,0.7785767062034921,0.18618164205003565,0.0064082020044285565,2,4
f36bc38a2660,0.1952377261852905,0.5858578185389511,0.1826228107039741,0.03628164457178442,1,3
f36ed95de256,0.4470234760762992,0.08301052060701482,0.44574876965269217,0.024217233663993813,0,1
f371fa5e17ee,0.01124632079484677,0.6013640104879644,0.37660964419886644,0.010780024518322294,1,1
f375191afe2d,0.25954168444357484,0.3622748446701016,0.30669086329721124,0.07149260758911223,1,3
f383a0b4d02a,0.1399953234987527,0.6271589696500341,0.16792529232802464,0.06492041452318845,2,3
f3968991ea72,0.020235007465096717,0.8876708700286647,0.08169507331445461,0.010399049191783985,1,1
f39f4119d62b,0.5468244808228753,0.42258737236511,0.02733633717904036,0.0032518096329743895,2,1
f3a123432445,0.11394918673734906,0.6225321728256198,0.24317074350237705,0.020347896934654077,1,1
f3a9bde37ea8,0.7516446293170909,0.1365935599931661,0.10229006812638358,0.009471742563359482,0,3
f3c36d0f9736,0.021552177133509612,0.8736676432832314,0.09623942329217666,0.008540756291082328,0,3
f3cab48d1e7c,0.013320902636163224,0.8985052107421864,0.03165776474421886,0.056516121877431526,1,4
f3d1eeb66284,0.006899235534125427,0.960885229744475,0.030838487144272366,0.001377047577127092,1,4
f3df81aafa5b,0.05820078559165452,0.6458697716849291,0.28376364059728626,0.012165802126130118,1,2
f3eb906bdb01,0.05274471307892484,0.6572132386892979,0.26651147526122243,0.02353057297055489,0,4
f400c9a139bb,0.10275701063701553,0.8103604019282522,0.06939088433658062,0.017491703098151484,1,4
f40b5a31d1f4,0.12896615303938422,0.6193282474139413,0.21573956868608993,0.03596603086058457,1,1
f40f145b6d3a,0.03842217678763766,0.6738385044792925,0.28510815027655056,0.002631168456519162,1,4
f41d7c33e0fb,0.08389995603952423,0.7177229639209294,0.1752058039503584,0.023171276089188036,1,3
f42ff739afee,0.039405094954695574,0.9102580939228369,0.042605289349969225,0.007731521772498292,2,4
f44b14970f3a,0.9348886581769982,0.03782628361521077,0.013257325081113594,0.014027733126677313,0,1
f45612bd7e0b,0.03375323520306196,0.8837222788592212,0.06445142407895017,0.018073061858766608,2,2
f457ac57e4f6,0.06393038122540573,0.43905486836042584,0.2167038440304155,0.2803109063837531,1,2
f46cb3c9593d,0.3434741617772159,0.3908985372240049,0.2552333113534772,0.010393989645301886,0,0
f472abdca5e0,0.08785967818649225,0.7639477693240702,0.05226059975329058,0.09593195273614716,1,4
f4833c3311e2,0.13263246759150488,0.5463616294090237,0.31021993036189366,0.01078597263757769,1,0
f49511663558,0.009480862879772314,0.7582425085350308,0.20668828953968413,0.02558833904551273,1,1
f49a276f76f2,0.14810641299500676,0.7455659864780151,0.0806865087691522,0.025641091757826077,1,1
f4a638dc3304,0.08024089173538546,0.6866136344353198,0.23135621779260976,0.0017892560366849378,3,1
f4b2c6d0edca,0.6668311795285536,0.18917225115096215,0.13257265139748364,0.011423917923000494,1,1
f4c4177e4ca9,0.7665232057501346,0.09035049963831017,0.08604129503514862,0.05708499957640681,2,1
f4e21bf210a3,0.3336003606894448,0.5216215597369643,0.11210957782457158,0.032668501749019134,1,2
f4ef01a6e0f1,0.3207543954851458,0.45818028017878387,0.18896470148182615,0.03210062285424432,3,2
f4f08a1bbea9,0.1263982059772185,0.7348065215348774,0.1189679440044619,0.01982732848344225,1,3
f4f5bbdf7a00,0.1178236893284661,0.7459722548571559,0.12500372613317273,0.011200329681205353,1,1
f518654dc20e,0.14568429309654868,0.7217574763060092,0.13166754999138483,0.0008906806060572489,1,0
f5239c4023a0,0.2858093270763835,0.5899347432964165,0.07647782161336104,0.04777810801383884,1,0
f5293dfeedda,0.5945817498836824,0.12131153805025019,0.2811525711297018,0.002954140936365483,1,2
f556a329c873,0.10143224500865149,0.7177291693873019,0.1670793687569706,0.013759216847075982,2,0
f55866b3c793,0.03549520717167499,0.873324139851929,0.08481982763015211,0.0063608253462439195,1,0
f5658ffaf0d3,0.04220748200225825,0.6569049194757566,0.21884426330960055,0.0820433352123847,1,3
f56638b54fa1,0.06372024254366485,0.7289144851460027,0.16134319158432892,0.04602208072600358,1,0
f58cb6670e91,0.2258803170477423,0.604003130858587,0.16330426226344183,0.006812289830228886,0,0
f5a635890da2,0.03103985638124191,0.7002491671448661,0.2201030495820216,0.04860792689187041,3,2
f5a76ea09507,0.3334251311700538,0.48771188975877267,0.14093468894300157,0.03792829012817212,1,3
f5b4675f5f11,0.06360453943532281,0.8680207577798833,0.06429447534842839,0.004080227436365539,1,3
f5babfb67083,0.04983644981778029,0.912491928159766,0.027645846448574023,0.010025775573879642,1,1
f5c94b5db0cd,0.8562374732492445,0.04558165993402104,0.0849746061857597,0.013206260630974782,1,1
f5cd2d815be9,0.09672318868171757,0.8113450307758661,0.06360870560190705,0.02832307494050937,1,2
f5d1abcf5693,0.4445765339202949,0.42919991640407534,0.12041149228971301,0.005812057385916583,1,4
f5d2f5175421,0.20044282167181857,0.4609128344282565,0.33215963956338007,0.00648470433654477,1,0
f5f8f43fece0,0.04123619657473881,0.4950547981199631,0.4417806850438056,0.021928320261492548,2,1
f5fd72a88ab9,0.13981537363464683,0.23195313607765577,0.5430995512776897,0.08513193901000762,3,2
f604af7af626,0.07710372218981033,0.8423110807968528,0.06821625149344156,0.012368945519895487,1,4
f6286092ca27,0.07734195411505335,0.43381772295047766,0.48194087897719357,0.00689944395727539,1,4
f632b46fa980,0.022102565030282052,0.9360970252027575,0.03895769456965726,0.0028427151973032146,1,3
f64c3d12ddd7,0.05005722702755451,0.7475840188161487,0.1462004549411328,0.05615829921516391,1,1
f65a185b5aaa,0.35293871662419407,0.5973496853510433,0.026615714417248783,0.023095883607513894,1,2
f65b67d0fae5,0.14313924172677564,0.4929301109332459,0.29685717894241315,0.06707346839756538,2,0
f674b3cf60f7,0.01602665910671209,0.7887323949307464,0.18879517351151284,0.00644577245102864,1,0
f689f3fba17a,0.029961647069988457,0.80509921799018,0.15459511699913456,0.010344017940696825,1,3
f6c14c65ff4f,0.09238259749351428,0.8163813357567105,0.08864310064761503,0.0025929661021602893,3,0
f6e480fe97af,0.051755177736916076,0.8274416494604864,0.08898092223825875,0.031822250564338794,1,3
f6ee6d94f030,0.2769023372780526,0.614966617094636,0.08598774553375806,0.02214330009355324,1,3
f6ffe212deeb,0.07790106449399885,0.8921566814299168,0.01533723018624098,0.01460502388984348,0,3
f7087535a63a,0.47196142125947216,0.3758897612492234,0.13081579370643992,0.021333023784864513,3,4
f73ff8c2182d,0.2992652191638934,0.6359087087217546,0.0476433458104724,0.017182726303879455,0,2
f744da386f96,0.017371311333380837,0.9193797300076,0.05826340366407642,0.004985554994942741,1,0
f747a0ab20b3,0.17282070701374452,0.4594563953926062,0.3492610457900152,0.018461851803633952,2,3
f74f0c0db300,0.05109219256058371,0.6495667459035767,0.2908204363021127,0.008520625233726818,2,0
f75774536369,0.17940355957524604,0.6405126348683615,0.17365254778401198,0.006431257772380444,1,1
f76c899a8e19,0.016019064182033912,0.9317821073377481,0.0486655238738811,0.003533304606336988,1,2
f779ee1077cb,0.061145326754704,0.8742308632088646,0.05386952027893579,0.010754289757495605,1,0
f7859a6e1ae1,0.3329194063266968,0.43840561311857634,0.16835527107649598,0.06031970947823083,0,3
f7974b5d939e,0.0909854891643382,0.6727176918592405,0.234405377722523,0.0018914412538983828,2,4
f7a24c01093c,0.10297200888199994,0.6271740405511814,0.22118356397431907,0.04867038659249948,0,1
f7ae051fa2f4,0.11206227279222034,0.5278039201672654,0.3031734407747411,0.056960366265773096,1,1
f7baa94b8333,0.08239638222916977,0.5948531565037499,0.28511558795358827,0.03763487331349205,1,1
f7bef9f1161a,0.030925892238208883,0.810732696662853,0.08368430390335081,0.07465710719558745,2,0
f7c01c47e966,0.9573490736002604,0.014120377025840857,0.026156890788270312,0.0023736585856281404,0,3
f7d8873478ac,0.37490541552134804,0.23699129681275866,0.3837266235816067,0.004376664084286528,0,1
f7e60ddc0f80,0.3802817028491794,0.3852139429234269,0.22843550453367054,0.0060688496937229735,0,3
f80048310b29,0.8856121501915036,0.039754121023766305,0.07277236645750196,0.0018613623272283,2,2
f8038bf5a049,0.347516316820038,0.45037383472216225,0.1980660893376877,0.004043759120112111,0,3
f807cd855d31,0.16353937424867496,0.5856273190188479,0.18011137543357866,0.07072193129889844,3,1
f83b4b1d4a28,0.5759977006630749,0.29889814444504315,0.11345890836857438,0.011645246523307604,1,0
f83e25510eb9,0.23810874388743022,0.34242793990068615,0.38816271691699866,0.03130059929488498,1,2
f8483372c4ff,0.881504151174011,0.07240258361061853,0.014772775087948574,0.03132049012742192,0,3
f84e46c75e24,0.0362738612309753,0.7176523994742102,0.13641099742101556,0.10966274187379903,2,3
f8567c73e039,0.8646059940742368,0.06857850436574461,0.06452806586173607,0.002287435698282456,1,4
f865b83af346,0.1856990237294695,0.621854690662198,0.14742543992211224,0.04502084568622021,1,2
f86b1c64bf80,0.690722913996826,0.234449791758253,0.06537573041280596,0.009451563832115149,0,2
f871e115903e,0.7515577701106102,0.05494974947808829,0.14107051829911352,0.052421962112188095,3,3
f87baaa34bec,0.04773245568204266,0.8525883277196377,0.0784864542806083,0.02119276231771129,3,1
f8a3d75d02bc,0.1041669807292998,0.7909146400141738,0.09591352515533345,0.00900485410119298,0,2
f8aea676f0a6,0.24029184265699588,0.6201579912835259,0.1332940516212301,0.006256114438248225,1,0
f8bdffa59cc1,0.0798440108562561,0.5632066305847327,0.3319516636406189,0.02499769491839217,1,1
f8c006d79bd7,0.046851673636065495,0.7490378697995425,0.13501108764014969,0.06909936892424233,1,0
f8c0c4c6a036,0.10988980279720176,0.7099712054932309,0.12579360655571534,0.05434538515385206,2,1
f8c0c6d203ad,0.08626202047594132,0.612777128146933,0.2761784440281451,0.02478240734898051,0,2
f8d8e382f2e6,0.003728526150863343,0.9906575059605408,0.003916597170812343,0.0016973707177835799,1,2
f938e8a612a8,0.5079587297542834,0.19410811133815634,0.29331017867697884,0.004622980230581413,2,1
f947db14b9ee,0.2061809865010696,0.6141337867574036,0.15162147062390646,0.028063756117620242,1,4
f95e25cb4206,0.7878903546093569,0.07120117876328085,0.13116609349719868,0.009742373130163745,0,4
f975ce4319f4,0.1076626270446743,0.5880187798426006,0.29086827561296347,0.0134503174997617,1,0
f98438a1cf12,0.3143825729430708,0.5408126010292893,0.12108029822838494,0.023724527799255036,1,4
f99cfe0bbe0c,0.6412319035954656,0.24915475120963665,0.07894213109580528,0.0306712140990926,2,1
f9ad24c6c692,0.07281006997591558,0.2849922304991748,0.5996548499367538,0.04254284958815599,0,0
f9b47fe9bcb5,0.029876731577400378,0.6376667712763137,0.31925916671856697,0.013197330427719114,1,1
f9b6922fda66,0.5730752217591035,0.2768177306270511,0.14013448488238636,0.009972562731458896,1,3
f9cc68d54cb4,0.050079876380221995,0.8543973252844649,0.04739966910307567,0.04812312923223749,0,3
f9d95dc20962,0.016144896527360394,0.90121912011761,0.07185144278798988,0.010784540567039709,1,4
f9e4fc65f2ea,0.4483822407168569,0.31844166724872475,0.21704877122624402,0.01612732080817431,0,3
f9f022de357f,0.08749517460150139,0.8701612609142949,0.039035696407298454,0.0033078680769050317,1,0
fa146053ba25,0.2206622053756367,0.4893507936489367,0.18554421481947048,0.10444278615595609,0,0
fa1c23bc4d54,0.031845116277533066,0.8480134362888877,0.11597662438651417,0.004164823047065191,1,4
fa27a6b3551a,0.9452601111542944,0.03673062422586681,0.015990899389815152,0.0020183652300236497,0,4
fa2e157f2acc,0.3062624520138899,0.5208864220895412,0.16095483541737107,0.011896290479197784,3,0
fa41c6bf6cd3,0.060211414337450454,0.6944240913342639,0.1802227983673336,0.06514169596095204,2,1
fa57c8fc7906,0.8621788255335036,0.04176555546956214,0.08796799545585472,0.008087623541079541,0,4
fa58b6e83e6c,0.04705006294807439,0.8279041111358155,0.09303655290977507,0.03200927300633484,2,4
fa6d3b56e333,0.0060279924226312445,0.9625470168844713,0.028137123554196387,0.003287867138701021,1,3
fa749cb9895e,0.14406326857771581,0.38676759563178537,0.2390529082267459,0.23011622756375288,3,3
fa79b1765773,0.08044531928572261,0.8748020648133369,0.04358829355381535,0.0011643223471252658,1,4
fa8a5228f38b,0.1813871260273159,0.6657327376079797,0.13843121772538894,0.01444891863931555,0,0
fa8e92ee028e,0.13020116248944807,0.6373528911831126,0.1505899951593747,0.0818559511680646,2,2
fa9766f49a25,0.5119087810491907,0.2887488813820216,0.09123152977759026,0.10811080779119753,2,4
fa9ea207e240,0.07208849909652676,0.7086357351818703,0.2021128912300943,0.01716287449150876,1,3
faa6a62e025c,0.4327077195136042,0.24993023152125898,0.30849137957265216,0.008870669392484655,0,3
faaf89353e32,0.2996995873291497,0.44790812162873817,0.24117464126125007,0.011217649780862095,2,1
fab641b3ce7c,0.21649470879613855,0.47086945496424726,0.27438572500115743,0.03825011123845673,3,0
fabeecea5a9f,0.7234753679965062,0.13549978110613084,0.1047027369593095,0.036322113938053444,2,1
fae06a05819a,0.016534903632524595,0.8767543937231751,0.07225453380064262,0.034456168843657535,1,0
fae99afb074d,0.02727720581371124,0.959040959506646,0.012974997518882328,0.0007068371607605097,1,1
fb18563e2a98,0.006647181363928388,0.8853904570627003,0.07188033858896531,0.036082022984406006,2,3
fb24a702b87b,0.1474784486629322,0.258834831478793,0.5821133880437139,0.011573331814560979,1,4
fb255b926b51,0.8816017078547029,0.053130345601185576,0.05914872012194657,0.006119226422164949,1,1
fb2654cffc9e,0.8807724071736992,0.015930528508945243,0.097484053622243,0.005813010695112595,0,0
fb4399c644e0,0.15649805612864026,0.6586936168174021,0.1824477730580011,0.002360553995956444,1,2
fb47f989bbcb,0.12431875169576115,0.5455777333151451,0.28591909294954465,0.044184422039549025,1,0
fb4ddcf7f9d6,0.02764388080263679,0.8998958733505097,0.031279353021953435,0.04118089282490022,1,1
fb5044f382e3,0.6392772820870275,0.19082118076933344,0.14316655388826616,0.026734983255372866,0,4
fb5a3285aaa8,0.24981261148588182,0.659346244922728,0.08078449300729502,0.010056650584095278,1,4
fb6a47691101,0.023457507592981482,0.9097008609583791,0.06445961153744055,0.0023820199111990927,1,3
fb6b862b6145,0.12897810883722544,0.5126833816751886,0.1548814611909081,0.20345704829667793,0,3
fb8430889b41,0.08787932106502018,0.5256187894173575,0.37537044504888767,0.011131444468734515,1,3
fb8c469d8dfa,0.033324956631681016,0.7918870203601734,0.1449661797417857,0.029821843266359793,1,1
fb913c5f28a1,0.06717622731763423,0.22691723285385726,0.597395998410991,0.10851054141751745,2,1
fba292caa45e,0.3968373458148649,0.42144725761487395,0.16187048282843824,0.01984491374182293,1,3
fbcb95b52844,0.6813441829046158,0.10714188963241644,0.2027682931229081,0.008745634340059547,0,4
fbe9974ec5b3,0.07206232106572732,0.7207334248333724,0.1855179292091789,0.021686324891721308,1,3
fc01bbfefaee,0.19212132256102535,0.41836654411833485,0.36043469163915964,0.029077441681480187,0,1
fc1a3a2c2e77,0.07999565109720487,0.7785190625553879,0.09819392835739645,0.04329135799001068,0,3
fc3caa4d9eec,0.10887630140093771,0.8383325587608684,0.047780976785810926,0.005010163052382912,0,2
fc42a9c84eb5,0.039079439453903644,0.8787241213040615,0.05275735820357316,0.02943908103846175,1,3
fc63422eca1c,0.5055803475900554,0.34613703273940166,0.13201792070295357,0.01626469896758943,0,4
fc6b2aa453eb,0.21878618857892276,0.5835216727781425,0.11599951539644048,0.08169262324649437,2,4
fc76d65f316a,0.08526410314683644,0.7810963291722893,0.1291531663943274,0.00448640128654678,1,2
fc7b87a31179,0.03925971711896614,0.6625862805462793,0.23709514907452542,0.06105885326022911,0,3
fc96b65aa265,0.1911749522887476,0.36361410185289134,0.3567689154086673,0.08844203044969372,0,1
fc9a57e4f583,0.9548211188779947,0.013385070885069886,0.030666064024315178,0.0011277462126203011,1,0
fcaa54dda5f3,0.0587167542326983,0.8179491192490137,0.1187521621860748,0.004581964332213162,2,0
fcb2e43ec0fb,0.08281309631672099,0.7879611723123875,0.0811742879308316,0.04805144344005994,1,2
fcb3ecf7568a,0.010398128366685877,0.9511606556155436,0.034985522624750416,0.0034556933930200025,1,3
fcbe8b4eed91,0.07755567601246008,0.8552728795310331,0.026239990113895058,0.04093145434261171,2,1
fcda620cd4ab,0.023015252350662253,0.8155173083536301,0.14447644560335704,0.016990993692350534,2,0
fcf51aeb5fab,0.34296104660597615,0.39000799469888187,0.20617040503916187,0.06086055365598016,3,4
fcfef81a42ba,0.08324011820910825,0.7054430453322774,0.12358295221498784,0.0877338842436266,2,1
fd0cd3ed85bd,0.0722076724865196,0.8988989074654901,0.026770632731180726,0.002122787316809511,1,0
fd2947c154c2,0.46504346226342597,0.3876204707809398,0.13555864040316962,0.011777426552464533,0,2
fd2acdca6a22,0.8889195913984284,0.07011861470038544,0.033357169027016284,0.007604624874169953,0,1
fd33d1e13711,0.20797784565556834,0.4092677031409878,0.3712631804851378,0.011491270718306062,0,2
fd34648eeaca,0.7197130326985705,0.21270984419599034,0.05262870102869468,0.014948422076744645,0,4
fd62a2e871fb,0.014508849207777431,0.8943899159476063,0.06889361373096983,0.022207621113646506,1,2
fd657558f339,0.19357722921703,0.44475798645594433,0.05497060455401873,0.30669417977300695,3,3
fd712fae87c0,0.0872851699877996,0.6338809752967727,0.24207745454588864,0.03675640016953901,1,4
fd8c61575a7d,0.012069375574366771,0.9169006354716505,0.041658989598573226,0.029370999355409665,1,0
fd8f50efba72,0.44588532414853715,0.3758105295870073,0.08274281557643043,0.09556133068802508,1,0
fd90f27b813a,0.2652063049174493,0.6808685099683431,0.03869664981911835,0.015228535295089265,0,1
fd92c6f2b2e6,0.0535973845854226,0.8756590923237431,0.030828548355986366,0.03991497473484793,0,3
fd9bc8ec9c4b,0.02580314678029676,0.9203580107675271,0.04346969558266044,0.010369146869515837,1,2
fd9d8a24f167,0.9812472792991781,0.005880026750112877,0.009845349247764595,0.003027344702944541,0,1
fda24ef37907,0.14438558025131676,0.8110992117689626,0.04231626373273056,0.0021989442469900707,1,2
fda2cd74ad14,0.2322160894700363,0.2589086947590214,0.49648344388575055,0.012391771885191576,1,4
fdb3f0146f58,0.07548844733297129,0.8276832354763887,0.0872178407498877,0.009610476440752363,2,4
fdb830b6745f,0.6058776159690757,0.17159570084974432,0.2188995123140802,0.003627170867099798,0,0
fdbf84b3fd88,0.35666624838849864,0.5615846054217339,0.06462776486545624,0.017121381324311208,1,1
fdc5e14139d7,0.07757244196995447,0.5047480759486062,0.3884832548450046,0.029196227236434752,1,0
fdcc6f504d49,0.3607894240745682,0.5064076546112828,0.1056962507173829,0.027106670596766167,1,1
fde8d14e4c31,0.11067981534150886,0.5542820217699594,0.2814119058582311,0.05362625703030057,3,4
fdf9cb6b052d,0.01722054222875116,0.9278155252143999,0.04873566143478312,0.006228271122066001,1,2
fdfd07901483,0.692408944664705,0.228681024319311,0.055330978413350974,0.023579052602633013,0,0
fe0b9c37645b,0.26430774322467726,0.31726739536434634,0.3977074953792138,0.020717366031762764,3,0
fe0be2315bf0,0.14411126018797724,0.6266056483590642,0.21127055808623732,0.018012533366721307,0,4
fe139f2b6429,0.22777864055581287,0.4182882362499274,0.3416629414820946,0.012270181712165198,3,2
fe1d8ff109c1,0.09293009961822685,0.33808637244590906,0.5539077245203944,0.015075803415469812,0,2
fe4db0232dad,0.3044725433223954,0.5717509779815885,0.08731630550557057,0.036460173190445616,0,2
fe6b58e8499f,0.0029231751356664547,0.9682629912147911,0.017783963327600804,0.011029870321941535,2,2
fe6b9118cf57,0.09918893931253871,0.7432240325010323,0.15070989555898104,0.006877132627448016,1,3
fe7b14312526,0.047768403632808785,0.7197485272380385,0.22871761632710502,0.003765452802047446,1,1
fecb27d2edca,0.7523224275605165,0.15175907667917107,0.08417120344556393,0.0117472923147484,0,1
fecddac318f7,0.41590810698881053,0.4130279714745745,0.14522380189061465,0.025840119646000363,0,3
fee1b3d702a5,0.9507307017279535,0.014441682010004656,0.0192515633188167,0.015576052943225184,0,1
fefbd0c403c1,0.26208473983300723,0.3496202192410344,0.3373655668961267,0.05092947402983168,2,3
feffa20fac13,0.9078380569233334,0.02267580639960404,0.06594747334729031,0.003538663329772189,2,3
ff0879eb20ed,0.3765189365379881,0.5498438770201539,0.031295158402869165,0.04234202803898881,0,4
ff0bf9cae3b3,0.553715463793488,0.34635130147619514,0.08021739152611888,0.01971584320419794,1,2
ff19b8e99b4b,0.8475933160004586,0.10823164099479166,0.037241373251517586,0.006933669753232302,0,2
ff3bc8d91f5b,0.15389672273120342,0.7825947848359939,0.033353143189374546,0.030155349243428137,1,3
ff3e6f379834,0.01955422015724442,0.8655147110409995,0.047438363644708444,0.0674927051570476,1,4
ff3fc3faf1ca,0.8929595098839176,0.02296196529989023,0.07601467487407289,0.008063849942119117,2,2
ff4c1c2444fa,0.04963932682923234,0.4105879219475773,0.5259165315598969,0.013856219663293388,2,0
ff4d28f1b11e,0.9547401258831532,0.01711715073798185,0.013571327795485174,0.014571395583379634,1,0
ff5948fb8ea9,0.01629297730101553,0.46788962436224013,0.5079430624263472,0.00787433591039701,1,1
ff631db5f6d4,0.07071353349768615,0.16390335138374543,0.43019588587109664,0.3351872292474719,2,0
ff7ffd9c6c80,0.8706639604029952,0.030303909541185,0.09670692351173239,0.002325206544087364,0,4
ff8c65c0cb53,0.05621531710266356,0.2618733309980488,0.6384981073038956,0.043413244595392066,3,4
ff9f78aa56a3,0.03664277856605348,0.9275373010214902,0.032463298223626216,0.0033566221888299834,0,1
ffa332785df4,0.258880823511312,0.5208528482161416,0.17758249178912788,0.042683836483418426,1,0
ffc3fa3a1911,0.3200895456999585,0.35697455918302695,0.20672370173472088,0.11621219338229355,3,4
ffc6679e82d6,0.025881406267151064,0.7272169477382194,0.23420041116891435,0.012701234825715146,1,2
ffe4d6e8fbb0,0.11652263622034649,0.2580410665916477,0.07807483717605636,0.5473614600119494,1,2
ffebf1ef4a9c,0.13787651516454508,0.8257440534436814,0.03296226458875186,0.003417166803021752,1,3
