study_id,p0,p1,p2,p3,label,cv_fold
00086460a852,0.3529342409178885,0.38136988861068444,0.18416740765376344,0.0815284628176638,1,3
000c9c05fd14,0.2569872660983044,0.44248280069806156,0.25300426349815774,0.04752566970547627,3,1
00792b5c8852,0.3256002059636458,0.11123294769971301,0.5233690320491218,0.03979781428751938,0,1
00908ffd2d08,0.21367961689538392,0.40485663816607215,0.3311757112145129,0.05028803372403118,0,0
009bc005edaa,0.36109389565642086,0.4672234256573879,0.13599580411193835,0.03568687457425295,2,2
00a76543ed93,0.18891694605798573,0.31499602737859433,0.18303851341515523,0.31304851314826454,2,0
00a87235ca36,0.1402328565570298,0.4308240427013322,0.2902939341513431,0.13864916659029491,1,4
00b33b3eb8d9,0.1837710981386434,0.4454163379734881,0.2034465489521131,0.16736601493575545,1,3
00c241c3fc0d,0.48382924812616496,0.16542448575722718,0.3266870765677781,0.02405918954882967,0,3
00c83e33588f,0.1363252811459247,0.5002375291098199,0.2935626518602203,0.06987453788403516,2,4
00ccd633fb0e,0.8898196724195998,0.05457066656767304,0.039286354840540855,0.016323306172186258,0,3
00e936c58da6,0.24416910081776463,0.559588888715085,0.026261279688354896,0.16998073077879539,0,3
00fceac64e6a,0.12299670424519726,0.2178809465697251,0.1356595837249157,0.523462765460162,2,1
00febcfee50b,0.1931897888930811,0.2527817877235445,0.25365534469970796,0.3003730786836665,0,0
01206a422293,0.15590733161629897,0.6964823606134937,0.11836823249769947,0.029242075272508102,1,0
012229ebd9b3,0.5375031063887248,0.23799715953828612,0.20168811229261738,0.022811621780371768,0,3
013d698aeecb,0.4458655842499123,0.35057418002974117,0.11060994042616569,0.09295029529418104,0,0
0142feaef82f,0.07050313948146811,0.34858366821694176,0.44170504769890173,0.1392081446026884,2,0
0147e3c530f2,0.2527259018059932,0.14071465049189955,0.25268634660149064,0.3538731011006165,2,1
01494b9b4423,0.18366931876732764,0.44304066083615645,0.31195045979497743,0.061339560601538425,2,3
015707c0e73f,0.04091447976167005,0.8090886162529871,0.12362280472432974,0.026374099261013112,1,4
0159c2d40b52,0.11488178459443567,0.1915814577002638,0.6703001538165231,0.023236603888777397,1,3
016c1781fbb2,0.3047619207785331,0.11382927162758355,0.5225762516193785,0.05883255597450489,0,0
0172a5607c9d,0.42992116523197854,0.23194715364669818,0.3086820249479282,0.02944965617339506,1,0
018c5ec34722,0.21301482351460146,0.30742767614132904,0.354099127540215,0.12545837280385447,2,0
018c96c9aeff,0.24374388439186892,0.20723034783571428,0.5111036042421603,0.03792216353025652,2,2
018cfcc1e851,0.19364361667009714,0.6080938598697462,0.18357923176949303,0.014683291690663625,2,3
01934dbaf28b,0.6437070975752922,0.1550043817296938,0.17063751282321865,0.030651007871795408,0,0
019960c57d32,0.0582786795553001,0.8017400591233631,0.05326347116819725,0.08671779015313962,1,1
019aef94b388,0.6442579324177131,0.10211221382012088,0.22229890717693226,0.03133094658523383,0,0
01c6c27b82a4,0.07740263333942647,0.2214966783398634,0.6883595234295411,0.012741164891169079,0,3
01c8e624037b,0.24908607700728996,0.28872875536700854,0.4518389887774861,0.010346178848215367,3,1
01ce54f82d94,0.5200069691600634,0.43466195554085524,0.027260520315493603,0.018070554983587717,0,2
01e030757f57,0.17851869805261578,0.2556558049415992,0.5597440719952577,0.006081425010527341,1,3
01e19055f756,0.3660931791600545,0.13361497892153965,0.20633972765889738,0.29395211425950835,2,1
01e830e3a965,0.2908572251810762,0.6240259659150101,0.05806448664082953,0.027052322263083947,0,2
01f104b42afd,0.2509240665562877,0.45509129980367985,0.09826664757251828,0.19571798606751428,0,1
01fc72cc1f1a,0.22296772962159653,0.36627762155498844,0.3865649420376915,0.02418970678572365,1,1
0207ea0aaf24,0.3510955229537983,0.2622779343117903,0.13496615808829285,0.2516603846461185,1,1
0212c908aa20,0.6782566446007559,0.20778465607037153,0.0964324411801386,0.017526258148734042,0,3
0213594439b0,0.08946567362199641,0.847723380673383,0.050098669490442393,0.0127122762141781,1,1
021986b21570,0.13568362392141317,0.6495654265566604,0.11453954874581818,0.10021140077610823,1,1
021a7bd50924,0.052338638483646,0.8559676050383778,0.0710658709991127,0.020627885478863784,1,2
022f9b3cfd91,0.11837282370439083,0.2933165822338009,0.4686973262309917,0.11961326783081663,1,0
02401e15e783,0.037510396345641635,0.8868038541006262,0.06420662820872368,0.011479121345008395,1,0
0287079f5a1a,0.39360399549413844,0.1644003076892113,0.14827864718241776,0.2937170496342325,0,1
028b79a357d6,0.13904027275356967,0.5566051706233893,0.2074258503217618,0.09692870630127916,2,4
02a0fd4d10d6,0.31220467631751714,0.5475030937333935,0.10270602365266714,0.03758620629642233,1,2
02accd5bab1f,0.2175068012732116,0.4173385870132532,0.21651144481378165,0.14864316689975346,0,3
02be71f8212c,0.07305737545783278,0.4073706377206221,0.08800085037577707,0.431571136445768,3,3
02bfa5949092,0.3168379106163631,0.3560475969163185,0.25357413012875984,0.07354036233855846,0,0
02e31620e4e7,0.2807615616696539,0.5030846568689877,0.11884613520204583,0.0973076462593125,1,2
02e6db1dccd4,0.11530376734507136,0.6539640579327799,0.09290323478533417,0.1378289399368146,1,2
03169bde8e0e,0.31424567470935816,0.47591277142227667,0.15652170702274798,0.05331984684561715,0,2
03295f6c7460,0.07630273575200408,0.7388729393248484,0.08256090239147082,0.10226342253167664,1,0
032c262f65c0,0.9297930757565681,0.02890494762710617,0.030687176005103668,0.010614800611222113,0,2
032d9cc1e0ef,0.3091220862103085,0.19014861641166617,0.48555746406098865,0.015171833317036683,1,0
03461d2a218f,0.36488758025701573,0.4730867232519523,0.03327835734363388,0.1287473391473981,1,1
035c61ec21cb,0.27636655548278516,0.3210227924562007,0.2761057608834189,0.12650489117759522,0,0
0369e0385796,0.30126772681393094,0.5333183415147894,0.10884303439216658,0.05657089727911308,1,1
038124609f4c,0.27933737055230645,0.16037097668632827,0.47653942518502945,0.0837522275763359,0,4
038891a2ca57,0.11269078458817151,0.5554087281684725,0.2567301249791018,0.07517036226425407,2,4
03920c119b2b,0.02825937870307076,0.5850355784676751,0.051499020541369685,0.33520602228788443,0,0
03a549fc0402,0.1500166919553843,0.714232212570453,0.12465133174914642,0.01109976372501629,2,1
03c62bc287b6,0.851195731329359,0.0964525978712217,0.03035456219478248,0.021997108604636766,3,2
03c8c9fe62ba,0.29480509324432735,0.13855487716148465,0.33422909265224066,0.23241093694194725,0,1
03c94694e41e,0.2751905010514362,0.6265407316775269,0.09563944457160713,0.002629322699429831,0,2
03db5dc7f1a2,0.6872144529522066,0.05965511413411107,0.2434418461287698,0.009688586784912554,1,0
03e9959341af,0.18569065791416947,0.31956761927566113,0.4578168666839471,0.03692485612622229,0,2
03f7a5f8d8ea,0.2086843252586232,0.3402223458258716,0.24936727393296546,0.20172605498253968,1,0
0412ac22af28,0.18594245082032348,0.2618576057697165,0.527097279850177,0.025102663559783023,2,0
0428b590379a,0.09502703121971616,0.3529447854630528,0.4516188301025258,0.10040935321470519,0,4
0444a957bb4d,0.30490871903183747,0.28389374071544154,0.3233084050809107,0.0878891351718102,3,1
0447a64e5813,0.22946250760592543,0.5064681844592316,0.19894239038136874,0.06512691755347437,3,4
0455eeb9fbcc,0.34038179645301125,0.3719299650318116,0.07769448920291296,0.20999374931226414,0,2
045762d32a15,0.0175522717111662,0.7492777725563731,0.14003801217079076,0.09313194356166986,1,1
0478ead3b8c2,0.17234939265287008,0.36394310466767316,0.3870436709209225,0.07666383175853428,1,0
047b450939fd,0.17414982974156698,0.5521824940051658,0.1840935239843325,0.08957415226893473,2,0
0482ed7dda6e,0.05824034590879924,0.6962148985480087,0.16375019002470825,0.08179456551848385,1,1
048616ba3fe3,0.045002747400262375,0.8851728112627166,0.012231148380069931,0.057593292956951,0,3
0490450d954b,0.19818344083725378,0.4039384547501776,0.25512194355548184,0.14275616085708676,3,0
0490565dc4c0,0.3174528554257071,0.3259588205413185,0.19919369530453726,0.1573946287284372,1,1
04e04b1e22c5,0.7712755846092236,0.0295670921392284,0.03511157888511524,0.16404574436643282,1,3
04ebc4466923,0.6334956130478231,0.23688773513809658,0.09835451734984096,0.03126213446423936,0,2
04f115f14e1c,0.36898177770852236,0.40886016454922486,0.15393647670712804,0.06822158103512482,2,1
04fc265a693e,0.01448765449689452,0.6480673460876234,0.052140008562055015,0.28530499085342714,2,2
052693d6dfff,0.16200041026657627,0.19954817154180715,0.4057577400884005,0.23269367810321617,0,1
0550e5868e2d,0.033730207567771384,0.8221585349642261,0.1356955998944426,0.008415657573559875,1,0
0556cdfa7299,0.5553551315437417,0.2256817232128472,0.16926479277006587,0.04969835247334524,0,2
055f0253e5cc,0.3122137948125654,0.26369363901301285,0.4087573947134212,0.015335171461000566,0,4
056126fb6e9f,0.32407572688845365,0.09518625060166687,0.11165982933988106,0.4690781931699985,1,4
057c02a959f1,0.08677191138423271,0.4547429020793757,0.23496426913603227,0.22352091740035923,1,2
0586a3fc149c,0.6130812162681072,0.10238171205523543,0.21539186973469998,0.06914520194195743,0,1
0591d7b2d734,0.0645920784050024,0.6791912539371674,0.08579425571045073,0.17042241194737937,1,0
059f8765a1c1,0.3316735565543238,0.4249251234185785,0.16645985650151898,0.07694146352557889,1,0
05debac9c652,0.27224425626229254,0.4607399729883757,0.10076950452719816,0.16624626622213354,1,2
05f00e9a126b,0.31793411700989815,0.515965395605385,0.11785776419410642,0.0482427231906104,2,0
05f42286c7a2,0.216381059824263,0.37582342205869285,0.1336567333161805,0.2741387848008636,3,4
05f85b86cdd6,0.023017754178536066,0.8166747166233054,0.13027702111646763,0.03003050808169105,1,4
060ed64e8ea3,0.2577677727471697,0.25834036402995963,0.3678927088316658,0.11599915439120484,1,0
060fbd1293ee,0.5419598987867025,0.1918211648846384,0.23129305576520334,0.03492588056345581,0,4
061d2ddaddd1,0.21017600786468318,0.3824158004648271,0.2670782892278157,0.14032990244267401,2,2
065a7fafe1a7,0.03414408610324324,0.8491209281037684,0.039751284499114754,0.07698370129387373,3,4
066b12d875eb,0.01008415789401633,0.8327069800667832,0.1164543815772973,0.04075448046190305,2,3
066b28c3eb1e,0.7875711615862535,0.1142140846515019,0.06624836634320483,0.0319663874190398,0,1
067d0d1495a8,0.08870484369864823,0.7600857683713784,0.13994021007257815,0.01126917785739513,1,2
0680d8beb75f,0.39702482455774574,0.5440756655723983,0.04949106766178871,0.009408442208067183,2,3
068be3f82883,0.10342953757774909,0.47877272606669113,0.11031825572657117,0.30747948062898856,1,2
069f0610c6e5,0.733597525693965,0.17099160192151436,0.06672377170401002,0.028687100680510655,1,0
06b01b8935cb,0.1192455428566055,0.1414350472713398,0.3251574833639593,0.4141619265080953,0,1
06b55d23496f,0.1096328157821829,0.5454618235643328,0.19557778935660552,0.14932757129687876,1,3
06dc92c4302a,0.6987951328294206,0.1612803258892642,0.13748580792666573,0.002438733354649577,1,2
06e5fcfcd2f8,0.38501924970562107,0.13455433750879,0.36976485556585587,0.11066155721973316,0,4
06ee997f0ba0,0.019931034459383986,0.9125892283957682,0.0646997422222593,0.0027799949225885312,2,3
06f711c020a1,0.25895103618843074,0.33208059071826007,0.1931890225705213,0.21577935052278807,2,4
07096154447a,0.24497025628530916,0.6878083444440849,0.05105059989610062,0.016170799374505322,1,3
070cbb72137d,0.35139615270285346,0.15547257859505978,0.33252303482123285,0.16060823388085377,2,1
07110539dce9,0.2645203471169131,0.26043877488501627,0.3268870285236744,0.1481538494743963,1,2
0717c8ac304f,0.10689552731475212,0.4640370499498507,0.4098732562658847,0.019194166469512487,1,0
0718a591b693,0.12406481551271592,0.5622924038014772,0.17057423266860702,0.14306854801719981,0,4
0725e859c8de,0.2445787219164053,0.6470214569929014,0.08288016544429092,0.025519655646402302,0,3
072ae7beb987,0.6141904336550267,0.16066828859057403,0.1670440151484162,0.0580972626059832,0,4
072f2a6a3afe,0.02928714605353318,0.390389287852984,0.4039563857280276,0.17636718036545523,1,0
075544a7881c,0.24556710100414955,0.4756567651887751,0.2612807075660864,0.01749542624098899,1,1
076451eaa633,0.33679636383352024,0.07547403862393458,0.5191618552561247,0.0685677422864205,0,1
0786e68c8c8d,0.47976431682838433,0.25308478634496545,0.21063609257950336,0.05651480424714676,0,2
078e02e7614f,0.08709154749605784,0.265957436805832,0.618533384884766,0.028417630813344134,2,4
07908d53db2b,0.2597062330539995,0.5839749275116958,0.13725927208457273,0.019059567349732017,3,2
079e0cefd391,0.019723587194544086,0.7717196144225085,0.19415898163952208,0.014397816743425286,1,3
07a2358b4e59,0.2592774082613171,0.40569035019401517,0.23063045021499226,0.10440179132967532,2,4
07ab05ea79fa,0.040421203420740126,0.8919983112979966,0.06467105835555251,0.0029094269257107204,1,2
07b01d3eb9d2,0.20643730285917566,0.7017305192895269,0.0735327025951029,0.018299475256194336,0,3
07caeab1de20,0.05744104865529931,0.16216736403051754,0.7270479446036255,0.05334364271055759,1,2
07d5f3e47055,0.36770611927557734,0.42465242878584414,0.13130619140143643,0.07633526053714211,1,2
07ee38c90625,0.4564515425609058,0.3046124182402998,0.17292575493519838,0.06601028426359601,0,2
0809cb7a5f38,0.21051374213019325,0.13349680425281635,0.0773838694591058,0.5786055841578847,0,2
080c164369e7,0.2661272571840655,0.41278831648806014,0.1582185112986709,0.16286591502920333,1,1
08277cefd028,0.5815714730323436,0.13771490157424407,0.11667487312293129,0.1640387522704811,3,2
082f133bd70d,0.07564884969719833,0.6265734718236182,0.09217453516217984,0.2056031433170036,1,1
0833353809f6,0.20427289335721005,0.25987562547921933,0.4600925805520909,0.07575890061147973,0,4
0845243089f8,0.2678358127499676,0.28277809706772694,0.22087180612477875,0.2285142840575266,1,4
0846afd21193,0.47624921048979124,0.24463421797643048,0.16668251344494575,0.11243405808883256,1,1
0847b3407f85,0.758647749188621,0.17958832114578685,0.059168571034880414,0.002595358630711948,2,2
08493873ea34,0.12664654793528676,0.7386861517171209,0.06827824555340253,0.06638905479418969,1,0
0862f314ec92,0.504477241794338,0.20899023386660753,0.15394395188853352,0.13258857245052094,0,3
086f0ab55636,0.2425822187204494,0.5774624142684807,0.13687351312343995,0.04308185388762989,1,2
0878e798a4a6,0.20102140321061088,0.6045690999538773,0.13095868172645928,0.06345081510905262,1,2
088317a7f035,0.08043084788979275,0.5838979016846598,0.23852660054294456,0.0971446498826028,1,0
088665db15b6,0.13549717573990397,0.06895437956143681,0.3495212176077925,0.44602722709086684,2,1
089b1ed81bba,0.15840045927587953,0.3114370700644105,0.17357778477888175,0.35658468588082826,1,0
08aad9bda74f,0.4378236546913382,0.3254590926688699,0.16873099099786723,0.06798626164192458,0,1
08b3ed9bd8ff,0.5146499150832143,0.42299763978210286,0.03162881690713574,0.030723628227547064,2,2
08bf9775ebfd,0.39238982655758886,0.35097448228475414,0.24061853797830535,0.016017153179351568,0,0
08c27d332b66,0.04118334698163343,0.7406772921846133,0.058885559075387166,0.15925380175836615,1,0
08c7df1f8eee,0.62460719047063,0.15774044413271313,0.10571246896304701,0.1119398964336099,0,1
08d64eda9bab,0.17280391651882912,0.20007360339307295,0.5394067536711066,0.0877157264169914,1,1
08e2e4a4410e,0.03351710198934329,0.9242767195242653,0.03020618144432821,0.011999997042063155,1,4
08ec6f5aa0df,0.09761152348599764,0.2713279005095515,0.42620438261299737,0.2048561933914535,1,1
08ee3bc2ae53,0.28513292856802663,0.6181016958619376,0.056378940006084274,0.04038643556395142,2,3
08f053401845,0.31069183114706855,0.3732269342540457,0.24605299989705232,0.07002823470183352,1,4
090c33962b67,0.12426215318268465,0.28724943387178226,0.5833349211930633,0.005153491752469844,1,3
09249d4b7b53,0.34263796696026144,0.22475950144944407,0.22444863147029284,0.20815390012000165,3,2
09419c95273e,0.3067479100614228,0.42066836530755736,0.09946346410386094,0.17312026052715887,1,2
09539e4d58bb,0.11178543002083507,0.33384676814646586,0.17616097518289164,0.37820682664980737,2,0
095a25cc191d,0.7240290672650961,0.14835956591674962,0.10929247765206897,0.018318889166085397,0,3
096061261805,0.4505690165294511,0.18486551158663772,0.19517318845970408,0.16939228342420706,0,1
096c4eb10909,0.5627037207995451,0.26949235755156514,0.0668160318795435,0.10098788976934624,0,2
096eae67f478,0.7510944958155896,0.07117916628802404,0.14154755175070066,0.03617878614568583,0,3
0983897d389c,0.02498765020605617,0.925477433142543,0.03323222427145984,0.01630269237994108,1,3
099f710eacfd,0.07514068745840484,0.5501504331649468,0.2909458320298359,0.08376304734681247,1,3
09a6c1515372,0.23432460816355868,0.3069205305367939,0.30605908836026624,0.15269577293938114,0,2
09aa1559bcd4,0.11871900471603465,0.2529784597593695,0.45864421692814045,0.16965831859645536,2,1
09bb2eb902cb,0.06587875301654487,0.8090612921887153,0.09800482166103437,0.02705513313370563,1,2
09d8a69657ab,0.5616242576991245,0.21814702189401208,0.18385406510900615,0.03637465529785712,2,4
09dd3b736a69,0.07156554485692036,0.7915126565314896,0.12592509037251018,0.010996708239079967,1,2
09eff3975c81,0.06149014770126729,0.8956021556641591,0.016241773718910932,0.02666592291566271,1,2
09fb4da6ca2f,0.8055998483141241,0.09067641355109868,0.09840316780258157,0.005320570332195503,0,2
0a1a3dd9e738,0.7249638142375442,0.09563999566627672,0.12482621068866089,0.054569979407518274,3,2
0a256a4617e8,0.18616435821652833,0.6577244233389486,0.13967907269288618,0.016432145751636738,1,2
0a29d44f380b,0.05764445711476205,0.8166582008011462,0.0747970689159796,0.050900273168112395,1,0
0a316256e7b2,0.586256839129132,0.1409836842191616,0.16928445273877435,0.1034750239129321,1,3
0a3cd97f740b,0.6806332911602889,0.1856106582491291,0.1053318022702207,0.028424248320361205,0,0
0a49309fc682,0.22971846062753423,0.1438365107773208,0.3010247296619437,0.32542029893320124,3,0
0a54c691d360,0.3408396848583165,0.13279810480000784,0.2835100060959182,0.24285220424575746,1,0
0a5b9e289c44,0.3550963486946063,0.20151545241580046,0.14230416933324977,0.30108402955634356,2,3
0a763df67cdc,0.07558740034300282,0.3099001374540076,0.15111370268326463,0.4633987595197251,2,0
0a903dd7283d,0.19079453039145333,0.44631720397930763,0.14351218335388202,0.21937608227535707,1,4
0a9169b86b81,0.03486223957101042,0.7642710930251689,0.16055770293755176,0.04030896446626897,1,1
0a95fd575cf1,0.25664207947449663,0.2557040510700763,0.4589989287567066,0.02865494069872023,0,2
0ab744a0db95,0.7943921332988365,0.06856759224699473,0.10287134045958057,0.03416893399458821,1,0
0abb818755e4,0.08895260522474083,0.6006017992821722,0.16147523388538165,0.14897036160770546,3,4
0acf45b01bdf,0.15819399552832478,0.3243411826524906,0.3990847632862591,0.11838005853292573,0,0
0ad39f5b94c1,0.050129308768133284,0.46349273567428734,0.4539230900520654,0.03245486550551397,1,3
0adaae6adf1b,0.4309132907768978,0.23627878712415126,0.13624512266069344,0.19656279943825755,0,4
0adca2b37fe5,0.7508866369067093,0.07793501299952756,0.02420201441368095,0.14697633568008214,0,2
0adfd8d6f010,0.09763222294556712,0.6027293986956912,0.19918989295421705,0.10044848540452465,1,1
0af232c221f8,0.4437169901680618,0.2745534459293268,0.2746080507234684,0.007121513179143197,2,3
0b0449d32b66,0.08066035487157783,0.34880916404432183,0.10506155451052065,0.46546892657357974,3,4
0b152dc8af83,0.10463525068694238,0.5270812578170757,0.12529407029596826,0.2429894212000136,2,3
0b1671929731,0.21996323644585064,0.14071953397664846,0.5566066909765003,0.08271053860100068,2,3
0b19774105f5,0.9132618629765187,0.05382912806189809,0.01945190191164829,0.013457107049935007,0,0
0b457ab68e89,0.25871300612264897,0.17873760932400626,0.2549632433981436,0.30758614115520133,0,4
0b462ace8c37,0.02271499195074883,0.6580989417229474,0.2853627976201307,0.033823268706173,2,4
0b5593ee3915,0.040389901689701024,0.7657439148422914,0.14799161603666616,0.04587456743134134,1,3
0b58306a56c9,0.08193367761489012,0.2691293174120759,0.06825818177944402,0.58067882319359,2,1
0b6a57fb8aaa,0.10025376918117851,0.20455209048032222,0.3074324667100868,0.3877616736284125,0,4
0b7a0022dbc8,0.18411857821757793,0.31937374604889546,0.4771701879458082,0.019337487787718294,1,1
0b89a95b6733,0.16407708287819292,0.5348532660912682,0.14245105527963509,0.15861859575090392,2,0
0ba072188224,0.02630829879371895,0.9527472334193271,0.016490062051801292,0.004454405735152663,1,3
0ba55e5422ab,0.44037139712970136,0.25494856962403534,0.1592587102926362,0.14542132295362709,0,4
0baee5ac23b2,0.15353056934431952,0.41705022447524576,0.2274598171094617,0.20195938907097308,1,1
0bc5db15a5b8,0.44210659017226805,0.3375556643043084,0.20650556859555852,0.013832176927865075,1,1
0bc9b8eb7ead,0.12328655636413956,0.563888158452952,0.1965503251455072,0.11627496003740115,0,3
0bdd22c68e47,0.47509819648418733,0.2966108010386488,0.21522894353502228,0.013062058942141738,1,2
0be731313053,0.4314579798365371,0.15914260333922647,0.22158186949728753,0.187817547326949,1,4
0c19eb129296,0.15217054958293685,0.4109144581453642,0.37645183267407445,0.06046315959762456,3,4
0c30a9ded310,0.138358077482161,0.3431369482821802,0.2272508300536304,0.29125414418202833,0,1
0c329e5c3715,0.4126220341132872,0.28183769723774327,0.27791515350441864,0.02762511514455089,0,3
0c3d6d108e07,0.08929427242558137,0.33198396306569705,0.4809496048626079,0.09777215964611365,3,1
0c4be0c6f78c,0.0688391142638455,0.24737402118373467,0.5927873031755109,0.09099956137690902,1,2
0c5c7da459a3,0.07999728683669377,0.2759379963794531,0.3117903860214875,0.3322743307623656,0,1
0c6ef19c59cf,0.10627856757260859,0.6026824548363812,0.22218253316636077,0.06885644442464958,1,2
0c7570079a16,0.31440513430962963,0.17826457803838044,0.39142984263137026,0.11590044502061982,1,1
0c795288aac0,0.18425557875629311,0.5726648960874978,0.19897467053691745,0.044104854619291485,0,3
0c890190c894,0.05895568078780807,0.2711483566379096,0.5585277366798498,0.11136822589443256,1,0
0c9b15035c41,0.20050184954364306,0.46467916288892536,0.11834458802562414,0.21647439954180744,1,1
0c9f6e26f5fc,0.12204366012847327,0.7716132944496943,0.0823227977188248,0.0240202477030076,2,3
0ca49b5d2be4,0.058176109669117536,0.7207383656596443,0.19021959312210623,0.03086593154913186,3,2
0ccf6bf856e5,0.5026513914837838,0.2587927814304169,0.18750779464773262,0.05104803243806667,0,0
0cd5e635c50c,0.21253138688791362,0.5384051451894797,0.0926120427025744,0.1564514252200323,0,2
0cde09614efd,0.19560991168618813,0.39306895399310904,0.19299271401637275,0.2183284203043301,1,0
0d12c6a46f62,0.1061026775914798,0.1506216946316884,0.5419623550281618,0.20131327274866995,1,0
0d1626be72d5,0.4457495979791144,0.30400626611631715,0.1791700590556648,0.07107407684890366,2,3
0d19a07bbff0,0.14300216220336937,0.40291490614558256,0.10305701796941591,0.3510259136816321,1,3
0d49a20737e8,0.8535437845218017,0.09554056644264858,0.04576589948385811,0.00514974955169174,0,2
0d4f4da9dda3,0.8166914882402664,0.05413284403334782,0.06417879832203104,0.06499686940435485,0,1
0d5082a9a044,0.06669533453205745,0.7346179088686744,0.18891341009295234,0.009773346506315691,1,2
0d6d3f946d7b,0.27192637498974076,0.1830270919522192,0.25204203247238544,0.2930045005856545,1,4
0d6d908b3a21,0.09036111862130769,0.37073106202089845,0.3048547175403119,0.23405310181748193,3,1
0d806ffe4e77,0.25702139260992896,0.19116364333713495,0.21195777885306732,0.3398571851998688,0,0
0d88a0777808,0.11945661627984766,0.5485361799053984,0.288238040461812,0.04376916335294195,1,1
0d8d0ec75a82,0.2558307814190902,0.2761721326039224,0.3864129634314032,0.08158412254558425,0,4
0d962bb4c9f2,0.10271595970367874,0.2982159522038406,0.5774288050834147,0.021639283009066063,0,3
0d9709b3af74,0.3636159008223248,0.23021962485461672,0.2182441817348541,0.18792029258820447,3,0
0d9ebdd085fc,0.2696691442415706,0.2903052275045148,0.4085274483676662,0.03149817988624835,1,2
0da60a794140,0.06660033829325275,0.5212884829451719,0.33839132239871667,0.07371985636285865,1,4
0dad96d7bb42,0.7073647003226964,0.07805919946403747,0.11177945550736035,0.10279664470590592,0,1
0dbfffc14b06,0.030229510234500993,0.5088167823982753,0.27436171808454696,0.18659198928267678,1,2
0dca97b508f0,0.1784886507318927,0.15654580715334626,0.16356001140154583,0.5014055307132151,0,0
0dccf6c8a734,0.09991876649683108,0.6094962670635045,0.20487459887293435,0.08571036756672998,3,3
0dda3b2bc0a2,0.6811797783547281,0.14269000469566276,0.14035554716592746,0.03577466978368173,1,1
0e073fd45001,0.4673882465467992,0.21549070220457248,0.08075502789977047,0.23636602334885792,1,2
0e1701865c35,0.11912850435130048,0.15506605669602683,0.5209741134846573,0.20483132546801533,1,1
0e2a0ec6533d,0.2463383355515749,0.47232650967014,0.11490284341646195,0.1664323113618231,3,0
0e3c57f50255,0.027736778383961224,0.7473463799824632,0.17813739836386494,0.04677944326971067,1,4
0e3eff99adbc,0.08965564822416468,0.40410105163056326,0.3743858094350973,0.1318574907101747,1,4
0e4c41d96006,0.1883708431819521,0.2932074806262259,0.1385288560595935,0.37989282013222847,0,2
0e62c82c7975,0.15432827971369684,0.26919491949064517,0.266256733923253,0.31022006687240494,1,1
0e63ba149294,0.20188258219800542,0.33163701170128385,0.2866123600269835,0.1798680460737274,1,0
0e698a56dcd3,0.7248748159856547,0.1973186315499668,0.05755339073596733,0.02025316172841125,0,3
0e76983343a5,0.32375474478993893,0.28071399804687214,0.35186753640746304,0.04366372075572591,0,1
0e873e593a75,0.5513367598104209,0.21760448439424118,0.11641503047015109,0.11464372532518692,3,4
0e89eeeb5eef,0.10373587675837152,0.5320831940515219,0.3162348115170356,0.047946117673071095,1,2
0e908a012691,0.2541083401999869,0.2849728582909504,0.3393185896941719,0.12160021181489072,1,1
0e9bece7e297,0.13692679339314395,0.580031367216787,0.1321072628684877,0.15093457652158135,2,0
0eb98db06f45,0.15929859974480312,0.7431388405149408,0.08973133396859166,0.007831225771664365,1,1
0ec2cfa1e0ea,0.24522967553949654,0.6208908108031714,0.061027960495538304,0.07285155316179358,3,3
0ec2edfe7846,0.19798847854524193,0.3812001643806239,0.14823090553151994,0.27258045154261434,1,1
0ee1a62438bd,0.12345313144958778,0.6098093436048245,0.11540032424686524,0.15133720069872242,1,2
0ee703df04a3,0.4594686344472772,0.402070877667361,0.09157261387478467,0.046887874010577126,0,3
0efc048f9f22,0.12102862584265843,0.6726268846003116,0.06339508160422334,0.1429494079528066,1,3
0f0cda6d8d62,0.4204231127040425,0.1252708772666995,0.19255913556175278,0.2617468744675053,0,4
0f21dc4d6a38,0.09881504651247594,0.15515584010281053,0.26420523355653136,0.4818238798281823,2,1
0f2816e59e90,0.2570535289046911,0.331946422487422,0.24641296858477968,0.1645870800231072,0,0
0f3963b5b9bc,0.2770599052709956,0.43149749240277885,0.23561946095667716,0.05582314136954839,1,0
0f61a1f7ed0a,0.0636500671072135,0.5299848050239963,0.3181175147817222,0.08824761308706813,2,2
0f6b7e2b8dd9,0.4195671422722093,0.222379736842838,0.2226219255235054,0.13543119536144735,0,0
0f712cf8a226,0.3227621439460413,0.2218360276385488,0.3734530459448381,0.08194878247057179,0,2
0f86f48eeeac,0.10152627159543481,0.6585968590604317,0.19555513669210173,0.044321732652031716,2,2
0f903cf7e724,0.5188624317790116,0.15102362320069776,0.18716379524359858,0.142950149776692,1,1
0f98e00ec7c1,0.7476480339562678,0.12608499368072015,0.1133871355508416,0.012879836812170527,0,2
0fb43e2250de,0.104326723367219,0.11790852100289517,0.19763679346070478,0.580127962169181,0,2
0fca95b2e96f,0.44913019378901003,0.15441362932950342,0.1494325171448006,0.24702365973668586,0,1
0fd2db233deb,0.1687432431314813,0.6159304699975977,0.17931089704724182,0.036015389823679175,2,3
0ff3c25a854c,0.22138873839352977,0.289161094007153,0.41545744411584035,0.07399272348347681,3,1
1011cb42537b,0.223504782481365,0.42341428861570607,0.15398839875617085,0.1990925301467581,1,1
1014eb974c52,0.06456222985453902,0.2805589360981241,0.41654583130308437,0.23833300274425243,2,1
101c3d954b1a,0.2793433962576346,0.3972141293192517,0.18950205110664062,0.13394042331647313,1,0
10210984c4e3,0.8311375465155184,0.09370983416022685,0.04481509192768763,0.030337527396567185,0,2
1023832e4df5,0.028954290547575375,0.5894484549517297,0.3586310342037681,0.02296622029692695,1,3
102b9bd43e3f,0.1880653402125613,0.43486183050843613,0.3094761126310444,0.06759671664795826,1,1
1057c264185b,0.07206632470286332,0.8192987338005906,0.0713595420374045,0.03727539945914138,1,3
106749939445,0.02392640944239713,0.27015427568251615,0.5959591099958141,0.10996020487927258,0,1
109cf108fd45,0.04903132181500843,0.7208023880286055,0.2140827283131019,0.016083561843284175,1,3
10b0f0913b0e,0.3812101252150336,0.20659864529696761,0.2687072264512434,0.1434840030367554,0,3
10b30a720c5b,0.10111824071185244,0.316351127818234,0.1194150020366606,0.46311562943325296,0,3
10bd268ba723,0.352178628253475,0.16505362766415987,0.4089735914232786,0.0737941526590865,1,2
10c04ba1bd2b,0.20727857027705848,0.3935305049629733,0.3826441562050778,0.016546768554890488,1,0
10c4ff4c9059,0.64880394777905,0.22084961429528377,0.1173620714032186,0.012984366522447551,2,3
10e35f64fc16,0.39074225261067896,0.44191259856970344,0.1606601921316866,0.00668495668793095,1,3
10f0d04d472c,0.4711777524288237,0.2293564039679804,0.27580198779948156,0.023663855803714422,0,4
110f748ac87d,0.495033257531473,0.23350630442776718,0.1982324812997693,0.07322795674099049,0,0
111796da8caa,0.4203577984394216,0.2741426960735142,0.07868055220465701,0.22681895328240717,1,0
111f1af1c3da,0.33279751671644336,0.21700961404971333,0.1765167250187976,0.27367614421504577,1,2
1124139f32e2,0.11969851027274182,0.7134959650665751,0.11428726207461044,0.05251826258607261,3,2
116aee0c66b7,0.32188051394891787,0.3673944524870706,0.10234994247276623,0.20837509109124533,1,4
1179757bcf68,0.4369697520554924,0.15460129399466532,0.38431778272062733,0.024111171229214915,0,3
1181dd47fe5c,0.3359284552225647,0.46195414241015825,0.07355565363034527,0.12856174873693194,3,1
11858d1119d0,0.3507770814052518,0.23744235631921776,0.2223923552259353,0.18938820704959516,0,0
11961f06a9b0,0.4966440929622444,0.20489053189177187,0.1388362298520145,0.15962914529396932,0,1
119f1eff7a08,0.17207401200593608,0.450522225049422,0.28670854739096185,0.0906952155536801,2,0
11a47a5bfa3e,0.030950089647586894,0.8633474098069053,0.054597088347784255,0.05110541219772347,2,4
11b52fbe26a3,0.23530847452885165,0.22669625357102213,0.34062985619543285,0.19736541570469343,2,0
11d06f38e6c7,0.3506217556953035,0.3023792366792563,0.13704706451027096,0.20995194311516924,2,4
11d1ba716865,0.14966615543154882,0.27075404127957364,0.48000125517726894,0.0995785481116086,1,4
11d3ee227030,0.417584820798025,0.18248635200316687,0.3367237630338821,0.0632050641649259,1,1
11d461e08258,0.06714542140168132,0.43916439936751006,0.1562525121651592,0.3374376670656493,1,3
11dbbf7b8061,0.10951798050814873,0.7326732612582453,0.09693510570995208,0.060873652523653905,1,0
11dd0dac0097,0.21960186765121106,0.6061364101965014,0.10769242576541822,0.06656929638686906,1,2
11fc7a6b1309,0.7166475879971101,0.1464908710786876,0.0867933157708678,0.05006822515333453,0,2
122d8eb18755,0.03554864599842359,0.8852669207310593,0.05113291383345336,0.02805151943706383,1,3
12435b432178,0.06584108158316318,0.251579550517981,0.5615325405976201,0.12104682730123567,1,1
12466f93afc9,0.15989402523851529,0.6634304254133675,0.16278678566425123,0.013888763683865995,0,2
1264d1caa4ec,0.07766317749190678,0.28527267757627056,0.5062108348990215,0.13085331003280104,2,1
126aa6f8dd4d,0.10410927309909966,0.7930410759643839,0.08386544196527848,0.01898420897123821,1,0
126bc37fb7cd,0.5121555187077488,0.20470597838056148,0.1716257848587185,0.11151271805297129,1,0
126d0f49608d,0.14900156620955404,0.22489267727208953,0.3022423954663924,0.323863361051964,3,4
12a7e0fbe115,0.22206349041960632,0.32619030678816735,0.3432992953505907,0.10844690744163551,1,0
12aac2bc16f8,0.2942942135196407,0.3907687875583782,0.28995225075004577,0.024984748171935304,0,2
12d8e3dacf25,0.3387046015445256,0.2747061830616707,0.28866904975120194,0.09792016564260164,0,4
12d985bbeae6,0.663836696904,0.06342872577995727,0.26141489162958703,0.011319685686455694,3,1
12e41bdbf7d8,0.34750182478453784,0.19203226493233005,0.40511464374712564,0.05535126653600638,3,2
12e8a13330c2,0.4268394959186892,0.26906852432460815,0.20671682386084048,0.09737515589586213,0,1
12eb7f468be2,0.16890792372601537,0.3231784463830052,0.4379298978658484,0.06998373202513097,2,0
12ee3626ff46,0.18407336179910802,0.5947820724003593,0.15801126626214054,0.06313329953839225,1,2
12fdd23605e7,0.40656043656458074,0.21391928473448185,0.19651055171102333,0.183009726989914,0,4
12fe5d33abc6,0.21516280028444598,0.3242972193397678,0.33469923022073456,0.12584075015505158,2,1
1310de79e289,0.20987447366161338,0.41713670939128383,0.34437301080560334,0.028615806141499597,1,2
1311dd0e5c64,0.3953518478903805,0.20559627800759625,0.27641518702255496,0.12263668707946815,0,4
131bc41b0023,0.12170354050144244,0.5903873364787783,0.11607001885185383,0.17183910416792547,1,4
132141473871,0.09132592545136337,0.29688245355686627,0.23112750116725825,0.38066411982451215,1,0
13320f26da3c,0.01286988165138831,0.8249959826510015,0.1403246236131739,0.02180951208443639,1,2
133a21a5280f,0.06375516944935719,0.6367412868631879,0.18740656419884041,0.11209697948861448,1,4
133f2685856f,0.1255606781276076,0.1296523598910696,0.6650502582076772,0.07973670377364564,1,1
1346f9458379,0.6066498580527927,0.11185314329648482,0.22142110395313022,0.06007589469759213,0,2
13481f97071c,0.19495081342285983,0.4405775705480888,0.28440750343302734,0.08006411259602383,1,4
13787cd0a611,0.07006801939472593,0.7864443036304202,0.11899261503699426,0.024495061937859643,1,1
138be234cb3c,0.4597464547437838,0.20288411399565062,0.2836694328006546,0.05369999845991098,1,0
1392a9bbcbdb,0.060438559374336065,0.624988361580723,0.2370564226244267,0.07751665642051427,1,0
13b60143c0f5,0.19733684485766048,0.6356523929201076,0.13304548048925965,0.033965281732972315,1,4
13bd1f239046,0.3338037121419232,0.1796427441392161,0.3013679028479117,0.18518564087094888,2,0
13ce825a3cf7,0.13750799888534684,0.5229071454156516,0.2369670455101748,0.10261781018882678,1,1
13def796c64d,0.026255768814053025,0.7539430868214827,0.1650578924905129,0.05474325187395142,1,0
13e21ab810f1,0.39948095209712725,0.14450644713698624,0.33846724215018203,0.11754535861570457,2,1
13eff8f19efb,0.3827027781655283,0.42885799109999984,0.08256217565353385,0.10587705508093807,1,2
13f1e5778385,0.12750947931085674,0.6727372125007502,0.07677510945972771,0.1229781987286655,1,2
13f212585f43,0.3444363385278289,0.26291502677134376,0.22292769021773615,0.16972094448309122,0,2
13f84be4b729,0.3790811464063309,0.3218473266202586,0.10974552050835311,0.18932600646505734,1,4
14098d7c56bf,0.04422996814041803,0.2748073333755194,0.6380306016265612,0.04293209685750134,1,3
141cfd1cf748,0.3691368501266712,0.2975496023861686,0.2929086835768686,0.040404863910291536,2,0
14204d559d6c,0.678627852651596,0.224507312726454,0.08974310470789577,0.007121729914054212,0,3
14214ff4686b,0.352651441133393,0.15364418558560514,0.46520474055559413,0.02849963272540778,0,3
1427ed4ecdf1,0.35023972431854766,0.19629631874988554,0.3875894353048696,0.06587452162669725,0,4
1428fbfc536d,0.21342346906776422,0.2663319262559665,0.4849073789670566,0.03533722570921255,0,0
143c466c5a41,0.05749169401457726,0.2074353120463911,0.193243760718573,0.5418292332204587,1,0
1452424edbbd,0.12966176208700905,0.6183413100063314,0.20477149122710922,0.047225436679550446,1,4
145a2c752783,0.2279183310480888,0.12018653439638576,0.6407555410372405,0.011139593518284975,0,0
145ea107cfdf,0.32760174620194626,0.49246607942035386,0.14892541551736463,0.031006758860335288,1,1
1468f89958ae,0.2516975211912326,0.36700479596905994,0.2535389331533044,0.12775874968640302,1,4
1496ac223912,0.5329426039743889,0.27005783441169595,0.11303239117576207,0.08396717043815315,2,1
14b5805d90cf,0.550273700187261,0.17727573044607683,0.1937522385844198,0.07869833078224256,0,2
14be42e4beee,0.08433183910443702,0.7029572287026676,0.1714174457279206,0.04129348646497461,2,3
14c938eebb45,0.5558144240606716,0.21820134016826065,0.04857689522108514,0.17740734054998267,1,4
14e56e75b328,0.03548908659577036,0.8927486051484917,0.06670551237751636,0.0050567958782216,3,2
14f70dbb7730,0.25086903932100435,0.31249165739515716,0.16149250413301233,0.27514679915082607,1,0
14fa513dbf03,0.3082055131313791,0.26472373817224054,0.26981720742577403,0.1572535412706064,3,2
14fc1724dc3d,0.5747033522020131,0.3472119228080929,0.05424932156405873,0.023835403425835237,1,2
150c8a29908b,0.4484089723613413,0.3601388274111822,0.10545311814077,0.08599908208670645,2,2
151097927345,0.04948089666818438,0.37349939300115753,0.24535295786191927,0.33166675246873883,1,0
152084ef57a6,0.8458603167619979,0.06808764967663954,0.04928041606946954,0.03677161749189299,0,3
153f72083ac5,0.03227424967191058,0.9567789709910787,0.003896578306174275,0.007050201030836543,1,3
154b47e45726,0.5518000449260657,0.2186536582947153,0.20069550892215288,0.028850787857066098,0,3
1553091efbda,0.14993051273500194,0.7087997344436734,0.07039804607952779,0.0708717067417968,1,3
1554e808cb6d,0.6415917841598561,0.22139866979137474,0.07531352351950524,0.06169602252926398,0,1
155b096d1b12,0.53010284626817,0.10365665467836312,0.14233382550962753,0.2239066735438395,0,1
1565a173b9e0,0.4608261466973247,0.14609281392907913,0.2596477719964937,0.13343326737710237,3,1
156e6297a136,0.43469618263375076,0.2113178795756435,0.2530460697513484,0.10093986803925732,0,1
158f4775c613,0.1555195572233705,0.28851685327844667,0.2555522892020058,0.3004113002961771,1,1
1594ca188938,0.14306904421203964,0.26939993943107765,0.4557974887282415,0.13173352762864118,1,3
1595bbc15964,0.17346302442627745,0.2372542761004908,0.2744605222986284,0.31482217717460337,0,1
15987bfb9f6c,0.18845271066183353,0.6444348120018736,0.14054292851807734,0.026569548818215456,1,3
159c607b0f88,0.2745905764007096,0.30455883504039355,0.15798205328591647,0.2628685352729805,2,4
159cbf48e73c,0.5558405901969093,0.18535370707927196,0.23454250331668097,0.024263199407137837,1,3
15ae12f7cfb1,0.08658264648439959,0.6015393417756896,0.25736411755539945,0.05451389418451145,1,0
15b667401963,0.01925488090806968,0.6986494707747678,0.11642897011502824,0.1656666782021343,1,3
15b8fbeb41a8,0.14880584913634598,0.20339533381349706,0.6102426760753923,0.03755614097476468,1,4
15bd754f1ec1,0.428323571788253,0.3073991414724987,0.21603458790039795,0.048242698838850295,1,3
15cd3787bcc0,0.1774133261220277,0.6578705477518005,0.11468688240366091,0.05002924372251085,3,3
15e2f6a8e8fc,0.20442436179554369,0.5887967957754033,0.14088179848718194,0.06589704394187104,3,3
15e7f6ecc2c5,0.2802666618793744,0.10515388419300493,0.5977835443780273,0.016795909549593372,1,2
15f05ab2d893,0.03829831711724056,0.6831274591319798,0.17911082768192543,0.09946339606885424,1,2
15f599eeb81f,0.6324795540613954,0.23647664631834495,0.08055631574576236,0.050487483874497245,1,3
15f749d8d34c,0.16745812862085263,0.19990406014275275,0.6047508035303163,0.027887007706078423,1,2
15fe7f82b7e2,0.35404794768256365,0.21113738280472705,0.1814209599776702,0.2533937095350391,1,4
160c3b649efd,0.14160089959491917,0.3607338923360915,0.22969887270702338,0.267966335361966,1,1
160c8b6c7e2c,0.34676928636491133,0.32441117409760173,0.12377479010259315,0.20504474943489365,1,0
161664ae65cc,0.16073210229039353,0.5134271973998189,0.15630926583365046,0.1695314344761371,2,0
161875acf5a4,0.022419633647332668,0.34478465821398974,0.5797830124714287,0.0530126956672488,1,0
1618ee0e44de,0.06634833938731713,0.7213364292408234,0.08292336266260276,0.12939186870925676,1,3
161a333c9092,0.5966787153448437,0.060165174117527115,0.2576797767640628,0.08547633377356634,1,4
161d81d28399,0.7307924649319468,0.11862609008867091,0.0987657454069073,0.05181569957247499,2,1
16203f0dd93a,0.5232214722155333,0.12904211557378073,0.23975500784084583,0.10798140436984004,0,1
162b49bd6d26,0.6569261748478051,0.05825818839679851,0.22322926044644265,0.061586376308953805,3,1
1665788ce755,0.17507942653181538,0.22126844442133653,0.13893948810400764,0.4647126409428404,1,3
1674ae57f764,0.28413405266218317,0.14025912112627356,0.5228826392214309,0.05272418699011237,1,4
168dddd3daa1,0.07270760640396735,0.48457246872911575,0.40219754536876495,0.040522379498151954,1,1
16954003ded9,0.3811210814298996,0.12969355668810947,0.18809643741303145,0.30108892446895946,2,4
1697e617266f,0.13977538548765264,0.43748047698610826,0.2994879531032333,0.12325618442300587,1,4
16a13141a4ec,0.023896912580336594,0.745471251219993,0.19878658231182872,0.03184525388784182,1,0
16a9737d2dff,0.6730096543480842,0.10095110230831764,0.11094673514170449,0.11509250820189375,0,3
16c0b52e5fa7,0.0800967618331631,0.40511944172788444,0.19786725227180643,0.31691654416714604,1,1
16d98c50e843,0.09657688428441603,0.32020385736235757,0.5077259951663555,0.07549326318687091,1,4
16fbc834dda4,0.09355794133910632,0.4301896303252266,0.18584478509147942,0.2904076432441876,1,1
170ac27f26c2,0.05670893490240137,0.4801073161400006,0.2950314627351429,0.16815228622245518,2,0
172e2caf0eb4,0.12492633293206973,0.15220853851366456,0.6477924096055668,0.07507271894869896,1,1
17493bd373b8,0.10273253170133831,0.794382161899387,0.054229720917915,0.048655585481359696,1,3
17577170d7ca,0.5547411808960395,0.36900696351889917,0.035100316533129006,0.04115153905193219,0,2
1772697538d3,0.3894108976222933,0.40072512634370655,0.15361261698907885,0.05625135904492127,0,2
17a89ce1e5b3,0.5627458421044418,0.15919617493156415,0.25855442925360544,0.01950355371038858,2,2
17b73dde4491,0.07782756343400432,0.9045082371142035,0.01101121673763612,0.0066529827141561726,1,2
17b7d506e666,0.10624140041208988,0.7859132613692791,0.06935624285722995,0.03848909536140119,3,1
17bb0bdd2f7b,0.19012036869135904,0.41448735291680344,0.20799858867928583,0.18739368971255174,2,1
17c04e889fdd,0.3355999280776718,0.35022833861564895,0.2639138329351338,0.05025790037154536,0,0
17c25c1ffb8d,0.3939553588490739,0.19046194703441052,0.31141790033112876,0.10416479378538693,3,4
17c64a6e2c5a,0.4633411149666042,0.34113953134064673,0.14846853913218194,0.04705081456056714,1,0
17da3bebe960,0.05643859935653453,0.6900386488173906,0.20733682691266916,0.04618592491340568,1,1
17e2c13b13a4,0.16644465442253853,0.5917266718642472,0.16259474176364636,0.07923393194956793,2,4
17e46fc66a16,0.029244366972778615,0.43104155204401173,0.34014044364825163,0.19957363733495784,1,4
181360cf5b3f,0.6345384960050816,0.05834242686633615,0.2586940940788034,0.04842498304977894,0,1
18156e6f27e8,0.4792296024694851,0.22245528258355557,0.28070896581977295,0.0176061491271863,0,3
18211ed86296,0.3925324191211646,0.2099093538790104,0.2802385879104201,0.11731963908940485,2,1
184cd4d75979,0.24603013507989047,0.5143047668723322,0.2207561651272781,0.01890893292049923,1,3
185dd4caeaa6,0.06836114192745843,0.622749350428868,0.2765647709439197,0.03232473669975393,1,1
185ebc0fc39d,0.4350310309241666,0.3284835276630006,0.17404860074630452,0.062436840666528264,0,3
1882d31c20a8,0.27670468269411225,0.1775825694459487,0.20470762664954126,0.3410051212103979,1,4
18a530e6a802,0.28294183319523086,0.29834640545100066,0.39538831946341235,0.02332344189035598,1,2
18a979da66a5,0.2080146421351037,0.3773427556375913,0.16073005085638575,0.2539125513709193,2,4
18bcd9a1da10,0.14145388889086613,0.4560500464166274,0.10127023236598427,0.30122583232652217,1,2
18d48e95755f,0.15223847507201357,0.3047122667690033,0.4903423895786513,0.05270686858033175,0,4
18f97a81047e,0.27601473389899417,0.3077087613188342,0.31112222708463877,0.10515427769753298,1,1
19049e36a56b,0.27512950773327427,0.41564460272562903,0.2344976566152178,0.07472823292587875,1,3
190f1d3cbb04,0.27433885770649163,0.27017291127256093,0.4064137373771047,0.04907449364384265,1,1
1914c949b980,0.07297208519018475,0.6694149999184038,0.05785613922940373,0.19975677566200753,1,0
192cb96503cb,0.5130425688227219,0.290296950023151,0.1716737048869616,0.024986776267165486,1,2
1939753be279,0.2644064423364229,0.3468804156025744,0.3287650622839808,0.059948079777022004,1,4
193d3d99e496,0.2846880481668536,0.5389325846839667,0.10480722290549155,0.07157214424368834,1,2
19406db78215,0.16302277208964805,0.5315157345787769,0.11440345558865331,0.19105803774292185,1,1
1942df72cbb4,0.6886208282542273,0.19809876470371782,0.08929850897006138,0.023981898071993583,2,3
1948a0198a86,0.13983431810376507,0.4559959415964029,0.16290044739819837,0.2412692929016336,0,4
1956c85c146d,0.805950900836956,0.0911318693259706,0.07445322701562546,0.028464002821447888,1,2
1964b644d7ef,0.49260980483967154,0.29340174248578993,0.17261626854777573,0.04137218412676287,3,2
1972681565cc,0.17069395954723598,0.34058598520049416,0.4417264636807548,0.04699359157151511,1,0
19905c7259b8,0.33140400118513463,0.25104636758055704,0.18950012122679072,0.22804951000751766,1,4
199ef8aace49,0.272961732325541,0.2551617874784804,0.16320225522480783,0.30867422497117086,0,4
19a2b2618a2b,0.29309107364923026,0.36639183042395873,0.054028232724097125,0.2864888632027139,3,1
19a69f8ae995,0.20960672763375426,0.6152930999273583,0.08847411574013685,0.08662605669875072,1,4
19c6a6e0cb1c,0.039358735215743686,0.8259372319165672,0.1305666139078058,0.004137418959883175,1,3
1a03f0a16164,0.45360438536175707,0.19746884723963384,0.23090493464660242,0.11802183275200678,2,1
1a0409ee4b32,0.22959636392824762,0.24708130267768724,0.3300432285164332,0.19327910487763186,2,1
1a107c04965e,0.15817326009201485,0.3448022979970702,0.3637114414465499,0.133313000464365,1,0
1a11cb490631,0.13438611338701634,0.6060873350168096,0.19540262328398186,0.0641239283121923,1,4
1a1a47e328f7,0.07333990552542244,0.5714519426356499,0.2580182000946554,0.09718995174427224,2,0
1a2cbb5c1a7f,0.7555906956391287,0.08245061374980381,0.12753911292668912,0.03441957768437831,0,2
1a3172a2e845,0.41590034687787397,0.13808445882532075,0.41667562322503043,0.029339571071774782,0,1
1a3e729f201e,0.21050340427815645,0.5474836266144932,0.1789901801202902,0.06302278898706011,3,0
1a404401eda8,0.2142785746643333,0.15919388471247126,0.1869263110300972,0.43960122959309816,2,0
1a4b245e03da,0.4499125176848739,0.22282664261218832,0.12594148623023813,0.20131935347269955,2,1
1a53a4506f10,0.3636876481688482,0.4017696583519118,0.18884841676093042,0.04569427671830963,2,3
1a6082c58f64,0.18650189416133223,0.40215097465998323,0.37119304016473265,0.0401540910139518,1,2
1a724e3102d0,0.24933845180581427,0.5794692642206918,0.08936632665081273,0.08182595732268132,1,2
1a8038230877,0.06828506016919328,0.7760658984843136,0.13280086688951234,0.02284817445698085,1,0
1a8733a7c289,0.39768170747162684,0.45206317494669707,0.13058931004945792,0.019665807532218187,1,4
1aa21301e856,0.204411446849285,0.25961830063297503,0.426258544104906,0.10971170841283397,0,0
1aacd741dace,0.2070921556997522,0.534945311813344,0.19186882249925147,0.06609370998765231,1,2
1aaef9f47b25,0.10772327300749868,0.8106613080371334,0.02696938179349561,0.0546460371618724,1,0
1ab52121be21,0.3194712646508573,0.41260443414355746,0.18844964167811348,0.07947465952747183,1,3
1ac1de4ecb6c,0.8585884151073387,0.05991997089348938,0.06698133085715563,0.014510283142016299,1,0
1ac288b2ce23,0.05650329786535358,0.9106472964764399,0.01946290212652481,0.013386503531681493,1,2
1ad268f677fc,0.09744551715566296,0.6669397699963171,0.10556440627288648,0.13005030657513353,1,4
1ad782651f09,0.2924451216772756,0.29989896742576194,0.17984573414720337,0.227810176749759,1,0
1aecd8c867ac,0.3792891841808667,0.13906143693790043,0.3230505369248191,0.15859884195641374,1,4
1af41c4cbf5d,0.3038417716374805,0.4614597644170694,0.04173153817839686,0.1929669257670533,1,3
1b427c519a72,0.3487037353340884,0.5185480756596194,0.0796764129821749,0.05307177602411739,2,1
1b49b7921474,0.15112343533729666,0.4056191871382303,0.2117025200159374,0.23155485750853572,0,0
1b5ca94ac38b,0.049209328190555776,0.8312601374334081,0.09776666257037614,0.021763871805659942,1,0
1b6250d23465,0.1661554061147247,0.5742559528969946,0.14760816407897884,0.11198047690930181,2,4
1b6eb0f6fcb3,0.3222943897971239,0.11451451482392078,0.5429745283233924,0.020216567055562962,2,3
1b80a4e2614f,0.11014085075548251,0.3691004370611076,0.20128538416690533,0.3194733280165046,2,1
1b8afd81f6a0,0.269410822656851,0.3172632560694983,0.20049050578672473,0.212835415486926,0,2
1ba5ddfad18d,0.546351947176286,0.2119954451352814,0.18497033696690787,0.05668227072152468,2,1
1baca8182bf8,0.3065650131679025,0.2411626223255457,0.2824053095042559,0.16986705500229582,0,4
1bc9965d033b,0.4043716866012252,0.11385619177541596,0.2212218109902589,0.26055031063309997,0,1
1befbaaa2bdc,0.3875681105942197,0.22818242367878722,0.37189421401050826,0.01235525171648472,2,3
1bf775c57c75,0.5322687509928359,0.21739128884924583,0.13520458236985922,0.11513537778805902,2,0
1c471b0d2fb4,0.8019518946605171,0.06288654758504755,0.10286516354688516,0.03229639420755017,0,0
1c47b7084ba4,0.1715875313939704,0.5791816373657478,0.1905643091640349,0.0586665220762469,0,3
1c47fb86c8e7,0.3592265867763688,0.2049566959589227,0.4029111846045896,0.032905532660118954,0,4
1c48cbfea106,0.26073517012999986,0.09818319985600302,0.6349031957462878,0.006178434267709303,2,2
1c4a89d7a901,0.10268133939542919,0.6702492376560893,0.221396841319523,0.005672581628958641,2,3
1c5a0cb3ebc0,0.18530281382637975,0.5869298621090765,0.17501725699711185,0.052750067067431856,1,3
1c790318b3ef,0.01581268431033141,0.6015541025494812,0.2558725163588563,0.12676069678133106,1,3
1c88dbf27747,0.47947494460396883,0.4385039264013189,0.05333121798926148,0.02868991100545084,1,3
1c897615664a,0.6054472344176643,0.0747827019136318,0.06318510859635848,0.25658495507234547,2,2
1ca63facc033,0.1763307478079269,0.2443759586994884,0.26811814053700167,0.31117515295558307,1,0
1cad23eae406,0.13660916932747597,0.8194070973699372,0.031854797626034694,0.012128935676552247,2,2
1cb23162d215,0.05510247866562566,0.7746340187008572,0.0682507299753178,0.10201277265819922,0,3
1cbbe74b7fcf,0.08075548125803927,0.4388015114989639,0.4350460229761988,0.045396984266798134,1,3
1ccd5ebd1ca6,0.46419151981920315,0.1970467652545245,0.22685761444263824,0.11190410048363403,0,0
1cd14dd22747,0.03220598454596427,0.10461310558985411,0.3088184430530967,0.554362466811085,1,1
1cdcb65db764,0.3625249034759807,0.18501963623938386,0.19655739055335128,0.2558980697312842,3,2
1cdccea74613,0.24809009959390005,0.3254733792981023,0.2296896128686314,0.1967469082393663,3,4
1cdf13ab07d0,0.3869674569051724,0.4085595019383007,0.0883569610052007,0.11611608015132614,2,1
1ce3a5d2f184,0.6790418650699819,0.14005716057598072,0.09092563704983637,0.08997533730420114,1,3
1ce5a6058285,0.15273684713344288,0.7758933525080317,0.05974380079706397,0.011625999561461448,2,1
1ceb2008c876,0.9184408577321528,0.04508639439460442,0.03136719701765387,0.005105550855588899,0,2
1cebae6715f0,0.12441166475677694,0.6019847514637235,0.13851136559851257,0.1350922181809868,1,4
1cf24b1b5615,0.0568513615768398,0.22409458559613246,0.7041716988000525,0.01488235402697531,1,0
1d01d5f6e570,0.28007785730656015,0.34348582927292265,0.30260621972175755,0.07383009369875973,2,4
1d079ba88b49,0.1924086570554251,0.18687141030554605,0.508745276921976,0.11197465571705284,3,0
1d087706bfbb,0.19524275719566828,0.3359620204970275,0.3578316126970578,0.1109636096102463,1,0
1d243015f1d5,0.19304496409920238,0.390592228288119,0.3680198042350048,0.04834300337767396,1,2
1d28a8b7c0b1,0.11548054799523906,0.5098637192005674,0.23482404393449088,0.13983168886970276,1,0
1d2c03c45291,0.2066749721789456,0.4944159625779527,0.20240037941116187,0.0965086858319399,1,0
1d4b92eb1e86,0.41759973834114444,0.3946222173875851,0.14965207716455,0.03812596710672052,0,2
1d667e9556ad,0.013761162200548285,0.9716795995664188,0.009982417864751706,0.004576820368281272,1,2
1d6fda0514c6,0.31354451677223855,0.17367275669166438,0.3483578424464651,0.164424884089632,0,4
1d7af2de9365,0.2693220840831535,0.5867324653690965,0.13383989885825087,0.010105551689498983,1,2
1d81732ee787,0.1358975509520871,0.28365844815719776,0.49410904860776944,0.08633495228294558,0,0
1da8d77bfbbc,0.20224407697769672,0.4348786293742243,0.271814721905105,0.09106257174297396,2,4
1dc051f3e900,0.3904483375401127,0.24469970196536414,0.27102645056453756,0.0938255099299855,0,3
1ddffdd81388,0.13700834113455804,0.3308269326771953,0.4106709870084832,0.12149373917976332,0,4
1de4e880cb3a,0.06946765160206755,0.6963173756952395,0.21655314852425814,0.017661824178434617,1,0
1dec8f8a5290,0.0597343991342009,0.5024013181493315,0.2962506625294195,0.14161362018704804,2,0
1e0773b7e49b,0.03385630233904896,0.5699486315677411,0.25365364876073027,0.1425414173324797,1,2
1e1b4b1b53cb,0.18633671641461552,0.6273197804790791,0.1491190057702648,0.03722449733604056,2,3
1e1b97345c32,0.3914256493859929,0.15188352406171554,0.42643724391896637,0.030253582633325202,0,2
1e250701d101,0.35463730973900887,0.19653827809797345,0.3892553769829033,0.059569035180114374,3,1
1e26273cf072,0.2186250902712476,0.5129866526374337,0.19746815093615777,0.07092010615516087,1,0
1e322d374cd3,0.12043680539164908,0.4521953508558402,0.39060896399015904,0.036758879762351676,2,1
1e3c3ffc9561,0.2654850296698139,0.4202661186597024,0.20963911567311497,0.10460973599736882,1,4
1e3f6f8e494c,0.3526505952596195,0.3745094828890893,0.14133980952573086,0.13150011232556033,1,1
1e4e4732d5e7,0.33760429743641146,0.28490660983880717,0.3551403558212547,0.022348736903526505,2,1
1e5680a65afb,0.19281751594770402,0.28890573239106343,0.4501224967807212,0.06815425488051124,0,2
1e5912d3fb31,0.39813376072673134,0.31408212954961773,0.1701965898256904,0.11758751989796053,0,1
1e7dc61b9022,0.5128795114423739,0.179373500631208,0.19053935174303308,0.11720763618338519,0,0
1e7e77b791bd,0.6150681027173082,0.1607181668894903,0.17943067449520414,0.04478305589799728,0,3
1e96d5eb4c91,0.2549127463527992,0.3640800592425038,0.2141621797843538,0.16684501462034312,2,3
1e98661f8fb3,0.08522893877335345,0.684483950888539,0.09822458900405089,0.1320625213340567,1,2
1eafb760551d,0.15040374785258662,0.6901797746082485,0.09636748148756338,0.06304899605160157,3,3
1eb7f8425ce6,0.6541689901183908,0.1421280483864145,0.11614228108633096,0.08756068040886368,1,4
1ed21574ae51,0.11778968877273414,0.5214824823979485,0.32281917046929176,0.03790865836002564,1,1
1eef24598603,0.07862147563279691,0.06327640699832637,0.8316312830629828,0.02647083430589397,1,2
1ef81f7528ce,0.0730489781312279,0.7786715051229776,0.07672249406910284,0.07155702267669152,0,1
1ef89135ba6e,0.16354108353091787,0.4957547563390049,0.2494417296433745,0.0912624304867028,1,0
1f01637439b3,0.5920102351682116,0.052359087888734265,0.35136077027494805,0.004269906668105984,0,2
1f294b434700,0.08250099294165218,0.06628029090900503,0.3735156644161033,0.4777030517332394,0,3
1f321faad845,0.37833689814825994,0.28077568735912334,0.2770760979688115,0.06381131652380514,1,2
1f44938d5c2b,0.10791925583962445,0.5044926257051691,0.28181502373806155,0.10577309471714495,1,1
1f4565e83b9a,0.07237207718982354,0.4018792512829249,0.32137013483505844,0.20437853669219302,1,4
1f4ded9818dc,0.010464479170033488,0.9676976639746407,0.021285351255363513,0.0005525055999621939,1,3
1f64a498ff9e,0.5098480581857084,0.2025828550592269,0.20174636023947864,0.08582272651558596,1,0
1f89329fdcf2,0.7678719100086239,0.13047211722906363,0.06310294086156532,0.03855303190074719,2,1
1f8c2590aa47,0.028340139842656587,0.811870832025963,0.0841121886481582,0.07567683948322232,2,0
1f96e6c401a0,0.04176024541905206,0.6960910194586704,0.21546834445129331,0.04668039067098434,1,0
1f970230eff3,0.2478832298262895,0.42897199102980016,0.22796429323900483,0.09518048590490553,1,0
1f988b9c498a,0.3128182373376536,0.12580899450420932,0.4376675826883904,0.12370518546974665,1,1
1f9fce7e4109,0.5491122514638365,0.266506342675794,0.11880436056478952,0.06557704529558007,0,2
1fa134cbb2f7,0.23525344998892483,0.47718781504984875,0.23025322016563513,0.05730551479559126,0,3
1fab0b8dc055,0.3011677630037368,0.5335651097194617,0.1326565238293137,0.03261060344748766,2,2
1fc1729b5b3c,0.07264765159074237,0.7993817945982928,0.06475587269369061,0.0632146811172741,1,2
1fc3de06c533,0.20176585853343182,0.4917067399696861,0.26226242210486844,0.04426497939201371,2,0
1fcc3fac4784,0.2963309556074744,0.2610925398981435,0.2496849597960462,0.1928915446983358,1,1
1fe87642bbc3,0.3249716351671954,0.3565682368889664,0.23038942560291714,0.08807070234092107,1,0
1ffbfb47b97f,0.5559326552550422,0.31658016402255457,0.07730962185287975,0.05017755886952344,3,2
1ffc645c759a,0.6049151381954577,0.33653240444946175,0.05285048531678895,0.005701972038291719,0,2
200c39af6b9d,0.5165100242894821,0.17636226337540972,0.16286196596812258,0.14426574636698566,0,4
201a708feae5,0.3014534135106544,0.21414512600272834,0.46923586859799493,0.015165591888622288,2,2
202662923e15,0.09962137605299108,0.7073957429963541,0.14554285408953999,0.04744002686111479,1,3
20658524054c,0.08617037826631532,0.3382308180397151,0.4863803199345853,0.08921848375938417,0,3
2072fcb4eea6,0.705287437541253,0.1542586833170543,0.07090197971878377,0.06955189942290868,3,3
207743ea0f6d,0.35239484705874424,0.35565340590985167,0.2504655029437557,0.04148624408764838,2,2
207758407af9,0.14465321663136385,0.3753414424321035,0.43770577683918765,0.04229956409734489,1,1
207fa6f82857,0.18312873487221365,0.2257128269992665,0.35659400580070855,0.23456443232781127,2,0
20a308389234,0.5261317645075356,0.07323211175316022,0.35418600213295337,0.04645012160635081,3,2
20a86e21402f,0.13062036657535098,0.311246312758705,0.41694839677731865,0.14118492388862536,0,1
20b52d3e2fa5,0.5903046572667706,0.34165671249796553,0.06043730876062484,0.007601321474638998,2,2
20d3ed4a413e,0.39443965151896093,0.31465879897181775,0.15522456930911754,0.1356769802001038,3,0
20e00874f8ee,0.06709080073597468,0.5563816293434968,0.26167085203970003,0.11485671788082864,1,0
20eb74deaf29,0.37727734487106307,0.32024230248853575,0.2576987849604507,0.04478156767995062,2,3
20f85a875621,0.32417991622419196,0.18629242963927936,0.3432407723026915,0.1462868818338372,1,1
20fa80f5619e,0.8305962410678023,0.12420317162081666,0.024968274083967634,0.020232313227413402,0,3
210570d62277,0.6060005822596229,0.22614536525080303,0.13116510817784824,0.03668894431172575,0,2
2133352e9cde,0.020566681521463744,0.9159719850499641,0.0523429795589077,0.01111835386966435,1,3
2135722ae069,0.11696502715756242,0.48571978526068443,0.30169195831125495,0.09562322927049817,1,4
21468541d7b5,0.164639875212498,0.1359477706101371,0.5709203690647588,0.12849198511260598,2,4
214a48cfa07d,0.330040107923461,0.2807949372849141,0.2710674009625849,0.11809755382904,2,4
214c441d728b,0.3338194020664552,0.40001450125173926,0.1995413383585791,0.0666247583232265,1,2
215bc2b055e9,0.5767083160057128,0.267336217305968,0.12172506859771418,0.03423039809060497,2,3
216e4a640f8e,0.2512891778809376,0.37833061400322726,0.31036110041125253,0.0600191077045827,1,1
218620841a93,0.36012937798962646,0.34465511453539655,0.20266926267309873,0.09254624480187816,1,4
2193df2f77b4,0.25423474711452926,0.4191927306362456,0.2022160785784331,0.12435644367079207,0,1
21b42c133cd2,0.4074402664209039,0.5009379589175841,0.07502377121459293,0.016598003446919047,1,0
21b8491fb0e0,0.23046214966605846,0.4389611558303537,0.231057310563462,0.09951938394012577,1,1
21be1a5bfa64,0.17999931083785112,0.7016332265945805,0.09641959267393069,0.021947869893637745,1,2
21c44b9f3caa,0.16168887630442266,0.41023588413125883,0.3551939285559772,0.07288131100834143,2,4
21ce0d042853,0.24602160110582005,0.30041403273139544,0.3815201322028661,0.07204423395991845,0,4
21d30b087de5,0.5415378756981395,0.1254280288186912,0.2214256396957593,0.11160845578740998,0,0
22088825f165,0.9046620207902945,0.03972412112155967,0.05320808173290005,0.002405776355245735,0,3
2222b92077a6,0.2868679391864942,0.5980529604635527,0.05199545307996227,0.06308364726999072,3,2
22278d83c0ab,0.21833175618940553,0.5218009698319772,0.2232972237551163,0.03657005022350085,0,2
22353f3ff2d1,0.2926180599566932,0.12896851357379105,0.20704194447132226,0.3713714819981935,0,1
2252ba87b56b,0.06012527136083192,0.5503595087691061,0.16502968660912123,0.2244855332609407,1,4
22555df670d7,0.27431358123865207,0.37326154931333005,0.3322954386505525,0.020129430797465434,0,2
2259b6d5ac66,0.06392002632958406,0.11660921530369663,0.32286516314505165,0.49660559522166764,0,0
22686edb0131,0.3739407003729754,0.3229650319886512,0.17533051231709507,0.12776375532127832,0,4
2280689e5dd3,0.005692044589499521,0.9305591777381143,0.058672074266054086,0.005076703406332056,0,4
22869b2939dd,0.016737300650580562,0.9372040917884906,0.03975527084476767,0.006303336716161077,1,3
2287b570cdd8,0.41823478921862284,0.3034605826559059,0.21985756594997685,0.058447062175494315,0,4
2296c0ca15df,0.24455267751869111,0.38826829008639363,0.23990388005132776,0.12727515234358747,1,4
22adb7da3c70,0.5877240181097051,0.21258238311775382,0.15525674524068228,0.044436853531858944,0,0
22d433d1fe06,0.3142581024384158,0.48823711681389,0.05504223851144998,0.1424625422362442,1,1
22ebaa704ad4,0.1925471824236485,0.5120536262013101,0.10425345802922308,0.19114573334581822,1,0
230f160d4a7c,0.18033211432973822,0.12135302823198735,0.13160660232914848,0.5667082551091259,0,0
231a5f824249,0.020974902781000566,0.4424097716996225,0.4288281088196688,0.10778721669970813,1,2
232d23dcb5c6,0.054426192977339534,0.40616487292118064,0.34914474064390216,0.19026419345757764,1,1
23423a5342ea,0.4208612478438808,0.19175854944279766,0.3436972427571172,0.043682959956204415,0,1
23600e975e6f,0.4672521496934203,0.3701423539320795,0.13937095331697438,0.023234543057525824,1,1
2378d336c876,0.6149372209420413,0.2060591488779271,0.08946292879662784,0.08954070138340359,0,2
237b80c8279f,0.23599040994353954,0.32846150757869885,0.21046965577809845,0.22507842669966316,1,0
23818431bd20,0.26008481063552036,0.5047125291775194,0.2241949666201475,0.01100769356681274,2,3
2386196182fd,0.16739893514130566,0.560719306037696,0.21898435396872262,0.052897404852275634,3,2
2386f261f756,0.43726761013819543,0.37798277187530466,0.12553229376339686,0.0592173242231029,1,1
2387e52d164a,0.007477395563559588,0.9344214758754608,0.05238219511693473,0.005718933444045206,1,2
2394a4ec8f4b,0.25012013463303656,0.5093812217704514,0.16344779887398297,0.07705084472252904,1,4
23a38f510f64,0.09698029675983937,0.5535819635812717,0.15951220641741995,0.1899255332414689,1,1
23aa6dfe0d6f,0.22117523630012978,0.4801869352141091,0.2510861296943357,0.04755169879142548,1,3
23c3bf39df9e,0.3654889560707252,0.3934660756852141,0.1713068997904537,0.06973806845360692,3,1
23c62fb5991e,0.3505996556401985,0.36117465432231355,0.23968429911090688,0.048541390926580955,0,4
23d35c37a05d,0.21446625716410123,0.4217980865476758,0.1154416110267717,0.24829404526145135,1,1
23dc45d96978,0.1951181456631073,0.2866759030920676,0.3140287212903629,0.20417722995446222,0,4
23dd60be5ed2,0.27235593911322625,0.217908400717861,0.4853237024277221,0.0244119577411907,1,3
23f0f99270d8,0.44311280355583726,0.39384847698285064,0.08426774114068761,0.0787709783206247,3,1
240198fc8e9f,0.7105269156432995,0.09538196172924904,0.18569492300530485,0.008396199622146638,0,3
242e4e777d68,0.09035380735931477,0.8196356844104162,0.07030443053184371,0.019706077698425258,1,2
2433f022b206,0.3951478703770254,0.3139565165132542,0.09988470471331076,0.19101090839640958,2,1
2437e41f60ec,0.07631811189177107,0.35569475132517403,0.33855056973590136,0.2294365670471536,1,0
243b7e22a6cd,0.41244235196319806,0.16705041663049697,0.20835994891684367,0.21214728248946121,1,0
244afdf83230,0.467934506012682,0.27889665845726297,0.21164313676364294,0.04152569876641219,1,2
244e39a44d1e,0.12728359969562403,0.4785041014040664,0.37278997175143225,0.02142232714887721,2,1
245661629b65,0.7514143722471908,0.09159424675142336,0.10629435953845164,0.05069702146293428,0,2
2460844b8bd7,0.7235426078526794,0.07537367478341443,0.18755476306502208,0.013528954298884057,1,3
246130177bd8,0.10284891365416801,0.3419020730826304,0.4927931167975221,0.062455896465679464,1,3
24623d752845,0.12827174592823515,0.3245450478674648,0.3564783303632513,0.1907048758410488,0,1
247bc4bd6a73,0.016143876220768304,0.6866495105944437,0.2601822382746783,0.03702437491010981,2,2
247f40620c10,0.3296750181684973,0.29594073337001875,0.3498098765546933,0.024574371906790626,0,3
2485bd38bf72,0.32268397502627166,0.144106219241463,0.29571315460708786,0.23749665112517757,2,0
249fbbfd89d7,0.42368435515344527,0.2908960618799412,0.215030989662564,0.07038859330404955,1,4
24aa73a20789,0.5578257402550719,0.3558280690313476,0.04009332955003466,0.04625286116354589,2,2
24b6dac13a27,0.3544094611660994,0.2504711971357382,0.21432811596913076,0.1807912257290316,0,3
24b7753e6ef2,0.07800640920639587,0.48126732883852025,0.3836800423933003,0.05704621956178364,2,1
24c3867c5d29,0.46560144399932357,0.13020738943720794,0.19061478364348455,0.21357638291998393,0,0
24c727c4d278,0.09031596808352453,0.6683195354400593,0.10573166910798802,0.1356328273684281,2,2
24cb214dd7f6,0.5880580202333755,0.14433682107244628,0.19389418114670912,0.07371097754746914,0,0
24cd517d2846,0.08734129768570591,0.2061148405046883,0.6119425251194777,0.09460133669012825,1,3
24ddf88491ff,0.06838589322437535,0.12058536260529655,0.5938176183271799,0.21721112584314825,3,3
24ec174ef46b,0.03718098007723335,0.6702320314594554,0.26159179206905625,0.03099519639425498,1,4
24edf21f4d5a,0.25530926467077547,0.20646807725436842,0.2951259561822476,0.24309670189260849,3,0
24fa5cba4f71,0.17501834590128423,0.5961677910454418,0.18347648856818943,0.04533737448508456,3,0
25134b8c00cb,0.19358020743282156,0.3760049796892889,0.32324036735458433,0.10717444552330509,2,1
2514250a50ae,0.014152323773394117,0.7758085335599795,0.20065165066762833,0.009387491998997941,1,2
251753f7ee49,0.6273034543680853,0.17140478303149792,0.19223612791643277,0.009055634683984065,1,3
2534817120d7,0.17384040240331264,0.2721306982619077,0.5391654231326322,0.014863476202147492,1,3
253710fda754,0.26719149637136197,0.2552453785972098,0.3090665330135378,0.16849659201789044,1,3
253c261bde3a,0.05375260389922392,0.69134806732574,0.22190932875585434,0.03299000001918181,1,1
2558428fe2a7,0.5307093088536824,0.16343813387358855,0.22465200360664705,0.08120055366608198,0,2
255b4b7dbc24,0.10518632374152452,0.5818552256803246,0.14716414889172164,0.16579430168642922,1,2
255e598df62e,0.14782762923904755,0.44908606812606444,0.26432193986722985,0.13876436276765824,2,1
25710be5e0bb,0.0966249886893603,0.4414633319095339,0.2801215404921766,0.18179013890892923,1,2
25a1c199f819,0.08424138399334856,0.8752329723716489,0.03261155595941963,0.007914087675583036,1,2
25a4b11a059b,0.2425741346902076,0.32341235124007056,0.3794233500937284,0.05459016397599335,1,2
25a7988bfc95,0.25253825343910336,0.1244155989178633,0.3022542047479769,0.32079194289505636,0,0
25aabc4c9c95,0.1151922036380791,0.6303435857547772,0.22644640782622696,0.028017802780916774,1,2
25aff4eb8fb1,0.06091034747770134,0.3958306987316705,0.5261149282636537,0.017144025526974416,1,2
25b65cff2f90,0.08828845183935163,0.29830268596524334,0.2603375122171378,0.3530713499782672,3,1
25b8ba43b5a2,0.4493065743629629,0.16430044166226823,0.33232022350037227,0.05407276047439653,1,0
25be7e269a87,0.29295388376583387,0.5881543956253373,0.09152944933272658,0.027362271276102173,1,3
25ce40175fd5,0.2762658274291667,0.35279545779658417,0.2461025715940237,0.12483614318022544,1,0
25d7c75f0317,0.0512379898396542,0.602778794897399,0.2001815413944953,0.14580167386845141,3,0
25e21353e24e,0.2312867915789399,0.2904104640744308,0.1551852225490926,0.3231175217975367,0,4
25e957bf9bc8,0.11997783985090135,0.5402381682144697,0.2483687878742529,0.09141520406037601,1,4
25f7ca4bed9b,0.04607765999975256,0.6531054947460303,0.2499624721790602,0.05085437307515689,2,3
2605bf788ab6,0.5416650662679472,0.1888229369027569,0.22190279475688718,0.04760920207240875,1,4
26142fe8357a,0.34093904776657274,0.26713929354711785,0.29472705402697735,0.09719460465933202,0,2
262dd75dd358,0.26615406984061923,0.2711094883778571,0.3123261870260164,0.15041025475550732,1,1
263e1aad5f55,0.36476685983623675,0.4923322558556329,0.1083185491790254,0.03458233512910482,1,0
2647aa350094,0.08247979709908629,0.7108524821587698,0.04415297237072241,0.16251474837142144,1,4
2651f80c25b1,0.563012391474735,0.12871809781341553,0.2698580051626167,0.03841150554923263,0,2
26648048b098,0.19047401700807717,0.5162711583204492,0.061337454423405324,0.23191737024806833,3,4
269a455c3c91,0.1456171512557148,0.7700333008281367,0.04825552828480144,0.03609401963134691,0,3
26ae7b9c9414,0.050852586083880665,0.7746405158268552,0.13183267949912467,0.04267421859013939,1,3
26b0111b51b9,0.27771503990112495,0.15460113655664598,0.09178676615138155,0.4758970573908474,3,3
26b07f9e9e24,0.5152143724923961,0.05852173706604608,0.09666460475600724,0.3295992856855505,2,2
26becb3b6c16,0.440132168726996,0.26263774490908637,0.28739168274787724,0.0098384036160404,2,2
26bf9b216e9c,0.2486632354350264,0.2688118292702841,0.23109553950035502,0.25142939579433465,1,1
26d5f296c24b,0.07834474602715641,0.5138998387591408,0.3335825933235868,0.07417282189011601,1,3
26ec93608fcd,0.07132707467514374,0.5368285318565281,0.18924469398189017,0.20259969948643786,1,1
2708e654cd46,0.19127208660595404,0.4749938417230753,0.28318271249292454,0.05055135917804622,3,0
27153365136b,0.3601606650136881,0.3862407786418389,0.1644803235855312,0.08911823275894165,1,4
272233b43d12,0.038850198859777765,0.8382328913161977,0.11902097703017389,0.003895932793850632,1,3
272dfcc2c228,0.6726718711383238,0.12970506484331537,0.09133963532084269,0.10628342869751817,3,1
27307dc8cdb5,0.14167155297310952,0.7040493092609619,0.14671707800136974,0.007562059764558836,1,2
273cfc39402c,0.26743592939366645,0.2640466210800429,0.16978735289249225,0.2987300966337984,2,1
27438e27d86d,0.040365035855040046,0.5309325150049797,0.3399320749188107,0.08877037422116962,2,2
274ee714467e,0.2173602602539638,0.24381494084248065,0.5005715868034946,0.03825321210006105,0,3
27513bc45ebe,0.07249163806481007,0.3090967311798362,0.14221824824898718,0.4761933825063665,1,0
275219c98ac3,0.11618757108803954,0.7275384815494612,0.12126093381999387,0.03501301354250534,2,3
278fc970196c,0.4936339672346544,0.38484418116356206,0.10051130187874915,0.0210105497230343,2,3
279ff8b28326,0.46723947666042986,0.2779083741474829,0.19070728569420078,0.06414486349788646,1,4
27c586844ff7,0.16247818025782965,0.4293844562375568,0.22775077532298274,0.1803865881816309,1,4
27db1806a764,0.2789053579269858,0.1953383762341463,0.33624200171410396,0.1895142641247639,1,0
27df06029861,0.3022247104380927,0.3639245809995593,0.11051524459558269,0.22333546396676526,1,0
27e863fac512,0.42192262161462435,0.40682816989873605,0.1326343433723068,0.038614865114332805,1,2
27f620156b1e,0.2585798514900551,0.3963619731408273,0.19334016286108915,0.15171801250802838,0,0
27f8616263ed,0.04325688193200077,0.7141108178517739,0.23308780547735578,0.009544494738869631,1,3
280355493a53,0.12019207122240848,0.39456789205264736,0.2620244354968134,0.2232156012281306,1,1
280826f3c8cb,0.017874522872964746,0.8484921185124533,0.08358693907738343,0.050046419537198523,1,1
2813f9090abd,0.19867472735333475,0.3509199048093201,0.41089864965550044,0.039506718181844744,0,2
281d15ca6f64,0.41030918337476846,0.42749396412605734,0.10992357934841035,0.052273273150763695,1,2
28353a62fc75,0.14567990641558276,0.4563697556337526,0.3572562014919167,0.040694136458747796,0,1
2838d8cb10ba,0.7245305505028186,0.08817162530497187,0.16630673241275812,0.020991091779451382,0,4
28449108106b,0.203529142767097,0.5762773443269212,0.1045955049048727,0.1155980080011091,1,0
285d0448622f,0.7061877769379595,0.1121151417172887,0.05450998375571004,0.12718709758904165,0,3
2863afd4cd1e,0.19224153769170216,0.4118984738889193,0.30685984491887996,0.08900014350049847,1,4
2865cb42d240,0.8580031341355925,0.10469092688366233,0.024030779576951464,0.013275159403793715,0,3
287b389f997b,0.09362951388356011,0.732496906161067,0.09096659732847114,0.08290698262690169,1,0
2883027e4eb2,0.32667468921507925,0.3990293562936312,0.17314416748220862,0.10115178700908085,0,2
28a5850d4c73,0.07052750351224517,0.7622522899510503,0.15067020090579528,0.016550005630909376,1,2
28b1968260da,0.5054434927908367,0.30208454798655715,0.1192414193786043,0.07323053984400188,1,3
28b923d25bb7,0.008255323488194244,0.35156819288379565,0.6097150244930903,0.03046145913491977,2,3
28bd779b2f84,0.7364468880102549,0.07552342700127951,0.13079791714876082,0.05723176783970469,0,0
28cd5ee432cf,0.6103047068801005,0.23828518225568432,0.08740683208007341,0.06400327878414173,0,3
28ddb604e393,0.002768746627227708,0.9226590580714118,0.07078524684091428,0.0037869484604461648,1,3
28dddc8559b2,0.09988314323404429,0.4625719385136254,0.23470334187195865,0.2028415763803717,3,1
28e1a974995b,0.11852516575242907,0.7958100041015321,0.03349163975227829,0.05217319039376044,1,2
28f828b5e399,0.7421282700544871,0.10884378411653083,0.07513201828728897,0.07389592754169313,0,2
28fa33eef652,0.06719857861081135,0.7666124694256692,0.13989768206711437,0.02629126989640501,1,2
2906f6903294,0.2276408302363756,0.4799214442171228,0.27376044320252446,0.018677282343977288,0,3
290727bac658,0.4123943988802559,0.3656419634825594,0.13319349727854515,0.08877014035863952,2,4
291df618f81f,0.5026900574339543,0.38609433022606804,0.08957637443453056,0.021639237905447,3,3
29240c2eaf30,0.3906230676728812,0.2522620679127689,0.30047665731045503,0.05663820710389491,1,3
2938b11fe3f2,0.012492833019153481,0.9021777354317165,0.08088980768247415,0.0044396238666557794,1,3
2951b5526194,0.4067659604017433,0.2422349036295085,0.32342941918347484,0.027569716785273417,2,3
29552af481ab,0.22470047305142776,0.18296794386610185,0.2943945022762537,0.2979370808062167,0,1
29578de12813,0.19540718010347508,0.5730073132953177,0.06799095439043204,0.16359455221077504,1,0
295c226093ed,0.08062354255828909,0.36281234351634506,0.13206044202652345,0.4245036718988424,1,1
297e73031b62,0.10896740337200489,0.5380456796478884,0.15173302428425606,0.20125389269585064,1,1
2980304e9bfc,0.06568142985380977,0.5086491963760864,0.3101542037449301,0.11551517002517375,1,0
298767d24da4,0.2520940241785309,0.3785197771949229,0.2520381091416392,0.117348089484907,2,4
2990579c982c,0.30407115155399506,0.2546245372285796,0.11743971683957073,0.32386459437785464,2,1
299201b9ba40,0.7118101148902046,0.10694847400344952,0.06556242246047729,0.11567898864586862,0,0
299de817cf02,0.459549731021905,0.1791362628463178,0.22228963673688337,0.13902436939489388,2,4
299f34b2a99c,0.07365495750887174,0.22837101550464178,0.44619061467424675,0.25178341231223966,1,1
29afa03eedd3,0.38004598266496137,0.3991037775400642,0.1219699042777082,0.09888033551726631,0,0
29b7fce85c4c,0.2227858832330449,0.6934332215259,0.06907725769021007,0.014703637550844983,1,2
29cd2e8cd19c,0.03146840396102749,0.8545123408404349,0.05607547113063031,0.0579437840679072,1,0
29df47042061,0.2663493648388495,0.6323235380473846,0.08791724075453478,0.013409856359231018,3,1
2a1768cea4ae,0.0920593402185921,0.5328743692365057,0.14855198570752376,0.22651430483737842,0,4
2a34f33583d3,0.19570177738377684,0.10238194829124626,0.591392610556908,0.11052366376806898,0,0
2a35c8a7742b,0.7309406894319149,0.07508416886976793,0.09375850218785187,0.10021663951046525,0,3
2a457a88c49b,0.5240173118296607,0.3336882139792004,0.06504649082309831,0.0772479833680407,0,1
2a886a5ecdc0,0.4036631624825776,0.27969732572438216,0.17687799410175734,0.13976151769128312,0,1
2a8a246f1ebb,0.2942707423826002,0.21172211274356587,0.37929161900661323,0.1147155258672206,1,1
2a99eceed859,0.15521363817063866,0.1772159655340441,0.3316127834422269,0.3359576128530903,3,2
2ab426f9cfcb,0.30310108377558376,0.18534710172824118,0.33107672256407367,0.1804750919321014,1,0
2ac71ff83527,0.39260715229081194,0.3229072827344143,0.20641314578268719,0.07807241919208656,0,3
2ac74c9a0635,0.48944749179056213,0.2767042713627491,0.17106561349194777,0.06278262335474098,1,4
2acecb7b0b72,0.3302894543979137,0.2771354472304186,0.2132928254533052,0.17928227291836246,0,0
2ae591e11315,0.7787917167310636,0.06729459387618719,0.05663093041145688,0.09728275898129238,0,0
2afe9fa4b788,0.3131293853261371,0.4481847556100602,0.15292971154312926,0.0857561475206733,1,4
2b074ba8887f,0.2813401789186961,0.45603285047874126,0.24077574413204153,0.021851226470521175,0,0
2b2548a40da2,0.045541903658508964,0.6159704078324197,0.298541640002867,0.03994604850620428,2,1
2b26cc349c14,0.21530761333822085,0.2257082684637788,0.23121553970768846,0.32776857849031193,2,1
2b2ab9538843,0.11394230664412795,0.5319661969256806,0.24625324853381778,0.10783824789637372,1,1
2b2e8f74947b,0.2545062953393016,0.16409657814219497,0.19857588829825235,0.38282123822025116,0,0
2b2fb5f5273c,0.10982766634088574,0.0899837096639779,0.4786114016676018,0.32157722232753455,0,3
2b4a46eb9079,0.47174659404844704,0.41969064351499386,0.09053381247327931,0.01802894996327974,1,3
2b6132fe557c,0.8157216424877709,0.12072097468698677,0.04062057449020252,0.022936808335039825,1,4
2b70f1b3b474,0.18335848511430472,0.6126644916609568,0.15260676413811383,0.05137025908662459,1,0
2b74c9c8b9fb,0.7729145146557073,0.15649751419029437,0.04011536726453344,0.03047260388946483,0,2
2b7dbc950356,0.7228701018682872,0.154375883725886,0.07403141026490591,0.04872260414092107,0,2
2b7fc6e4fd1d,0.542655710423263,0.2061112839251931,0.14973873871638402,0.10149426693515991,1,0
2b8680eba187,0.01974130585509001,0.9688410772416152,0.004164403399198831,0.0072532135040959365,1,3
2b9150b35d3a,0.06853368705603742,0.6066643316843277,0.2151958930692396,0.10960608819039529,1,4
2b9eb0cb1e87,0.2631940472818902,0.17849835642574022,0.501344744316639,0.056962851975730644,1,0
2ba80f7a6982,0.4855203581852783,0.09200758578865181,0.26674421972286144,0.15572783630320827,0,4
2bd907ae6451,0.05496528784481622,0.7662380115502285,0.16304599415920623,0.015750706445749024,1,2
2be25a892bbb,0.2943113007549347,0.32789228747658256,0.24283926090135616,0.13495715086712654,2,4
2be9fed93af5,0.7361095354567891,0.104672237404792,0.07479039517143395,0.08442783196698492,1,4
2bfe8dcbdbf4,0.37511592599354804,0.22861400296558548,0.1257010750417992,0.27056899599906725,3,4
2c082a595014,0.16391649452267018,0.16081698947746903,0.11219411835596221,0.5630723976438986,0,0
2c09d33b5038,0.07274186996414476,0.5522148851794177,0.17025214634732283,0.20479109850911456,1,0
2c1e782a68d9,0.30065179879890036,0.2022893797447132,0.40993435575081605,0.0871244657055705,1,0
2c39d421bc0a,0.31473178896218856,0.29909095829086063,0.2931676871709642,0.09300956557598665,2,0
2c45ab64718f,0.10251512771463905,0.41392381583970156,0.2649434779698298,0.21861757847582955,1,4
2c5b54bddd52,0.5235535598530614,0.17243302494834872,0.268469680723536,0.03554373447505377,3,0
2c78ef584129,0.27353534070870134,0.4626503863662799,0.24764296831476212,0.0161713046102567,3,2
2c7d0327a977,0.14511433811033805,0.4986430588020401,0.14952301562883008,0.2067195874587919,1,3
2c84e6b44349,0.6422802823380659,0.10030612122828171,0.23344941242178485,0.023964184011867458,1,4
2c94d957e11e,0.2105922796855064,0.224861632896049,0.5466827024466375,0.017863384971806985,3,0
2ca53fb28d25,0.4759816765514988,0.26202989791133324,0.17418002872831206,0.0878083968088558,0,4
2ca72ba9a015,0.31506807421873156,0.22671847633592943,0.28001533654636607,0.178198112898973,2,0
2cd2a236d885,0.523669427464056,0.22127317368728636,0.1692670752251706,0.08579032362348706,0,1
2cd813a52fb6,0.32901196347197853,0.34550648206345025,0.24914639980452843,0.07633515466004277,1,1
2cda294cfd79,0.3847939828388512,0.30514768163055556,0.2774373484173597,0.03262098711323357,0,4
2cf18332758d,0.002417028690325974,0.964459326444779,0.031300272481738285,0.0018233723831564482,1,3
2cf2b94084ff,0.0636569494733631,0.8275664372956045,0.1058414048433156,0.0029352083877168893,1,2
2d0150e971af,0.5233236359481612,0.16618501435375252,0.14585365739358613,0.1646376923045,0,4
2d0316dc8a88,0.7044982404035679,0.11433739999180353,0.1524493208934398,0.028715038711188755,2,2
2d0a69701602,0.2981270792500986,0.5399628000217068,0.10601076750499508,0.05589935322319939,1,3
2d14bd39454e,0.2978907229080378,0.2851612378169351,0.34804623770094617,0.06890180157408077,3,4
2d425408deca,0.270598439725135,0.4968043431862836,0.052321254822278805,0.18027596226630258,1,3
2d4e08bd3523,0.34594470648476344,0.1305450189649131,0.19744599095160537,0.32606428359871803,0,4
2d51cfed3fed,0.251404570482437,0.16083645533466517,0.5471258758359071,0.04063309834699079,1,4
2d5c41d6e69b,0.792203326986716,0.07738578888858239,0.11116095068070514,0.019249933443996375,1,3
2d5ede149efa,0.09083536623660392,0.8225427784181988,0.04513121206746665,0.041490643277730596,2,2
2d5ef00a9d18,0.9063662681109221,0.0717832915176506,0.01656420961345361,0.00528623075797368,0,3
2d7154c413fa,0.21301383618637124,0.24553637577851256,0.13080159228814722,0.410648195746969,1,3
2d794121b64b,0.5646312693989354,0.21986060014127898,0.14367509415927943,0.07183303630050633,1,4
2d7e68ba5e8b,0.04732036966642283,0.8370060758797537,0.09490005210880255,0.02077350234502095,1,2
2da89579be93,0.5104106223113487,0.3179999117162291,0.05780037347739715,0.11378909249502518,0,3
2dacdf109030,0.15006624911974295,0.6060005950170524,0.13225799951477796,0.11167515634842676,1,0
2dc2ece5a7b6,0.10798104547976511,0.22618817847604436,0.35642566697565475,0.3094051090685358,0,0
2dd2e2a2c848,0.22387089252691736,0.44665406387647777,0.06686523413346,0.2626098094631449,0,3
2dfe7f1a0fb7,0.22143869914353853,0.30791855199878687,0.41701339794236986,0.05362935091530487,1,4
2e04415f03e4,0.7513132104708296,0.09832640820040564,0.14215653908898054,0.008203842239784216,3,2
2e2d6ef7ecbd,0.2780417579941518,0.3548997359682632,0.2987528090834573,0.06830569695412765,1,4
2e34bd2e9262,0.2605172009526299,0.30108554095564016,0.37329214090960694,0.06510511718212313,0,4
2e44e9056939,0.270178027163989,0.3207182046389046,0.36694323471201434,0.04216053348509203,2,3
2e47497e7ad0,0.41274148623368534,0.2610429439155348,0.15516694652907637,0.17104862332170354,0,4
2e490d6ef2e1,0.07100568118943416,0.8743639256469976,0.03112235347617351,0.023508039687394833,1,4
2e52e7ea9fa1,0.10707904653938027,0.5277975335212504,0.3301349657164694,0.03498845422289997,1,3
2e58096bdbd9,0.22462009199057,0.21955122035713348,0.29388621009359,0.2619424775587066,0,1
2e6158c0eb68,0.4661814279598984,0.1366889895742576,0.3203232274832424,0.07680635498260166,1,1
2e6176e3daea,0.12903260324550575,0.42263257608454635,0.19294471355415901,0.2553901071157888,1,1
2e8e6d58eccd,0.2664128744777396,0.4551118115822191,0.22311320832271903,0.05536210561732224,1,1
2e977a960427,0.11143239084853335,0.3202571669658351,0.36479938817933977,0.20351105400629174,3,4
2ea5d1b25a2d,0.48159459525330667,0.25326765450356276,0.2036766430682064,0.06146110717492411,2,4
2ea7b438ec6e,0.8102608854002271,0.029999382611830057,0.12428909041657273,0.03545064157137018,0,3
2ed4ce2d96bb,0.3524965698632429,0.5178856991373681,0.09623054424852572,0.03338718675086322,1,2
2ed67f90c729,0.1937036903190398,0.32086193176480254,0.4693014574851313,0.01613292043102652,3,3
2edb1488b0b2,0.04361984415827552,0.446113647558565,0.3612227975510644,0.14904371073209496,2,4
2ef14d372428,0.16488836940365037,0.5269492554839903,0.13961150299395253,0.16855087211840686,2,4
2ef198e99a5d,0.5656711850360974,0.15984519218194823,0.17552747140249375,0.09895615137946069,0,4
2ef447a9a325,0.3736409271774401,0.5453777589905946,0.05223008247810072,0.028751231353864613,1,1
2ef5eac2100d,0.6044627379087549,0.12395203943506962,0.16191655197170027,0.10966867068447508,2,0
2ef93adeace6,0.27780711595584595,0.22004868384590265,0.38729343632154306,0.11485076387670837,0,1
2f21ed3dc84f,0.16253812042455798,0.6306604328423269,0.12336280085022854,0.08343864588288662,1,0
2f3b1d05c8c2,0.2954795139134746,0.2933194512299583,0.325564669721821,0.08563636513474615,1,1
2f5749d77a09,0.23921383337208,0.20181566851116456,0.3686881803734178,0.1902823177433377,1,4
2f5d56af2a65,0.2087381975999143,0.5069750988589871,0.22665849273526337,0.057628210805835266,2,1
2f606487f89b,0.08240281513891565,0.7181110440084069,0.16570665556586178,0.0337794852868157,1,2
2f6f6db14684,0.32308948506087015,0.43081092735432464,0.1746262626719238,0.07147332491288144,1,4
2f771861f952,0.1393971747801164,0.2920573599552894,0.4971583781545748,0.07138708711001937,1,1
2f9310ed2cb2,0.08511705985988292,0.5712624884317513,0.2527370208386626,0.09088343086970319,2,1
2f969d2bbb31,0.023749414154731658,0.8613264858072386,0.10019865975295952,0.014725440285070193,1,4
2f9813ec9d81,0.03460845111966606,0.7999638997256214,0.10307185855305569,0.0623557906016568,2,1
2fac6ca52178,0.7339479922711638,0.09722592407511503,0.11755931990741626,0.05126676374630497,0,0
2faea6510f1e,0.03712402536897039,0.7367057163925526,0.10304285881116,0.12312739942731708,1,3
2fcf66c1d5e1,0.5646257809093976,0.22800922076120375,0.14988745164996997,0.057477546679428775,2,3
2fe13c059026,0.14947186001072443,0.43160591017508426,0.09061942036088579,0.3283028094533055,1,1
2ffd353f8ba4,0.23582215249629504,0.3006756089386269,0.22562018474820328,0.23788205381687472,1,1
3004fe97a3ca,0.7654762330416484,0.07017238749412305,0.15735071306037665,0.007000666403852038,2,1
3011ca5b6f43,0.23423070587574027,0.438163247037986,0.23227328533446712,0.09533276175180667,2,1
30177765470f,0.04932351044058406,0.5860719417179312,0.35460329175009125,0.010001256091393487,1,2
301e45e1e65f,0.3490567084448341,0.26570426103255124,0.32056531512073677,0.06467371540187795,3,0
301eeda8a014,0.17527329827120927,0.30668232089354097,0.31006073730180034,0.20798364353344942,1,4
3022c6eb64bc,0.06972846225477304,0.7803234712883507,0.13939549389155703,0.010552572565319333,0,3
3033f19402f6,0.19107957082356022,0.6118115673866449,0.10579131406399703,0.0913175477257979,1,1
304cbc1f068d,0.7877940009378575,0.020452850953033057,0.1691935688134794,0.02255957929563001,1,2
304f8125817a,0.04089078125118324,0.07857637846241174,0.8542204098565485,0.026312430429856558,1,2
3054a85afa87,0.2820509331421885,0.31123099506446794,0.2738536310029706,0.13286444079037305,1,4
3079db177db4,0.03647143408087159,0.29164943536357046,0.575286760434831,0.09659237012072702,1,1
308464f7fda3,0.20689971471230345,0.45799673926653234,0.2858449260458101,0.049258619975354065,1,0
3084edc5e8cd,0.069913127800639,0.5845982030808533,0.29387012066979046,0.05161854844871725,1,2
30aa2c27d732,0.4887166887265584,0.42270212326212275,0.05921048440071761,0.029370703610601154,1,2
30c274c783a2,0.0984688450368775,0.7800716266403024,0.07970651220866902,0.04175301611415123,1,0
30c9e5013527,0.4615575232572772,0.3578586014783962,0.17386469441349006,0.006719180850836572,1,1
30def70773d8,0.10913799683726914,0.47706915134586964,0.35019813538864775,0.06359471642821353,1,0
30e45593ba08,0.5718189312013152,0.24159166884025032,0.147239591529429,0.0393498084290055,1,1
30f89ad8f0d8,0.13731444287150615,0.40299676660868633,0.3575989542738608,0.10208983624594668,1,4
312b098c64a2,0.1368046791308554,0.46119314484279056,0.2927848177912584,0.1092173582350957,1,0
3130e60ab20d,0.41770993750041435,0.1564107195770819,0.3184232908098845,0.1074560521126192,1,1
3143117893c0,0.32253178610429795,0.19574796377143222,0.08264099633757582,0.39907925378669407,0,0
314432832e5d,0.89621729960267,0.0773354722861007,0.018881010731053825,0.007566217380175394,0,2
315654b04e6d,0.14816634386579053,0.25780328313007056,0.08976451692782961,0.5042658560763094,2,0
31585f62e64b,0.08020958002702032,0.5641713234594717,0.15063528248892297,0.20498381402458513,1,0
31662d55ca54,0.4943885687207055,0.10289804343639838,0.388417305301364,0.014296082541532104,0,1
316a5c0840f2,0.1543993259440391,0.6670467257798259,0.12721966558092934,0.05133428269520556,2,0
3171080f7d14,0.3267545583533097,0.5110749955983305,0.05192851429752498,0.11024193175083476,2,1
3174008702cc,0.7265118905001002,0.16168326963658544,0.0976584655137512,0.014146374349563041,2,1
318ccb5d4c6d,0.08718839560575076,0.45640343679303996,0.2976803388201059,0.15872782878110323,2,0
3190721e0a77,0.4783152055523005,0.21280970852495934,0.100564215636431,0.2083108702863092,0,4
3193e2366c40,0.7386620345733859,0.1645049746829235,0.0704596277712707,0.026373362972419875,0,2
31b0af5bc54d,0.6808939042867928,0.11537555484834007,0.064636606095145,0.13909393476972218,0,3
31b12697883a,0.22556785016612815,0.2710124118651355,0.2239808813008884,0.27943885666784785,1,4
31b95e5b35a7,0.23553820567294267,0.6405260269295913,0.09886640049361191,0.025069366903854008,1,3
31c8e40bf4bb,0.8446758838507327,0.06977224201172938,0.06663694757721009,0.018914926560327942,0,3
31cb04f8bc04,0.23972702457125253,0.2910989262736658,0.23549453979119878,0.23367950936388296,0,0
31d2ad10ba47,0.06612671890661635,0.5146849420697474,0.3103402661517287,0.10884807287190756,1,2
3217a8869694,0.524367005638858,0.12312880851884386,0.27724526023548846,0.07525892560680963,1,0
3218844882c3,0.8289270064688118,0.14217639090164072,0.022728659258865903,0.006167943370681562,0,2
32218484a1a6,0.15536413579100836,0.44157467154879254,0.12235966223197715,0.2807015304282219,1,0
32240b045a58,0.031631814180097285,0.8702083455582881,0.08303621975057963,0.015123620511034943,1,0
3234ad871f06,0.31492369674566495,0.23627171115844714,0.2948278120705553,0.1539767800253326,1,4
325163dca428,0.27328059257971266,0.26490351001795465,0.2822833884766103,0.17953250892572242,1,4
325c6a75b0a5,0.6778497889340642,0.11087836532829604,0.18950574137012996,0.021766104367509784,2,3
3271d3fa61e6,0.10346060704855597,0.17059651828236863,0.5354287742487623,0.19051410042031303,1,4
328c8b6431a3,0.73640040592776,0.12195359095916336,0.06149355738812232,0.08015244572495417,1,2
328da94078ec,0.3206108382432644,0.3691382002559185,0.28063993423787176,0.02961102726294531,3,0
32a71d3ee25d,0.1817574726447871,0.7244134216402505,0.060242905711178005,0.033586200003784476,1,3
32bf7e54a7ee,0.07812246304709079,0.4314859954945877,0.19873571188144087,0.29165582957688063,1,3
32d20157a012,0.3204582257556759,0.3581623674708429,0.19739706107013613,0.12398234570334513,2,4
3309d981e5fe,0.09135203405908703,0.4529235499281575,0.10505913628997889,0.3506652797227766,1,1
3312377895b6,0.13276399721954013,0.7480216510556743,0.043996007248512985,0.07521834447627261,1,1
33198ca96dce,0.2794959934257867,0.3814136269592292,0.3125935413109817,0.026496838304002412,2,3
33354bc058ae,0.09040985577152891,0.667731381038315,0.15883881946286188,0.08301994372729435,1,4
3340562b3fce,0.6508903043220766,0.23141726166814328,0.07925489460304436,0.038437539406735735,1,2
334ac465b405,0.04258850705150003,0.19162987899340791,0.3849119886196751,0.38086962533541696,1,1
336e2335b62c,0.31786737549518884,0.3192801073751188,0.22814863121238513,0.13470388591730728,0,0
336f9f6681a0,0.09025070700016256,0.8413852843690434,0.060355346921241795,0.00800866170955221,2,3
33711998b257,0.6272939842322248,0.15457481442339427,0.10458298060277268,0.11354822074160804,1,4
33745ae11797,0.2276701279772224,0.27905190927633405,0.417932908126524,0.07534505461991954,1,4
337a7a92aa4a,0.030663928101885965,0.8193196188765578,0.10518280253288773,0.044833650488668365,0,2
337e3525ca2c,0.32476634953494493,0.4344913236990186,0.18277802477744817,0.0579643019885883,1,4
33a89772f781,0.1461688027791622,0.4013167325158785,0.3177336947396689,0.13478076996529037,1,1
33b6e91fe73a,0.14517033073218671,0.6739042855067704,0.16420709911403406,0.016718284647008835,1,3
33fca09f2e00,0.10569753000872335,0.5122489905137004,0.26247847573197686,0.11957500374559939,1,0
340106349073,0.3262371630054562,0.2751815051155202,0.22164107214356712,0.1769402597354565,3,0
341323496486,0.8514570460701121,0.11695845714235521,0.030157541802341585,0.0014269549851910728,0,3
341a8f794069,0.3279742444992639,0.5035654754405507,0.08937318607341187,0.07908709398677347,1,1
34366c4dcaa6,0.40292526050510474,0.4734492867475491,0.06832653069191738,0.05529892205542885,0,4
34483c9319e9,0.012221221331901353,0.7007508749045165,0.25576969665252025,0.031258207111061934,1,3
345d0da3ba63,0.22250914971120186,0.4816090961720977,0.22691765953125212,0.06896409458544829,1,1
345f41e15373,0.4090543590016519,0.1889984859455149,0.3428042026801211,0.059142952372712394,0,2
345f8129863d,0.23166553820084654,0.34699829528358384,0.30962403371911157,0.11171213279645811,1,2
346c65dba4d5,0.5549511112929109,0.12282798930992736,0.16482567960449546,0.15739521979266638,1,4
347c521c9d97,0.1285925384743069,0.3981949433975758,0.2545605926415328,0.21865192548658446,1,2
347f9ca3f295,0.13301596695184195,0.38090296350398484,0.2622158093407426,0.22386526020343064,1,1
348bf841d923,0.21029122681531107,0.15582582457522592,0.375617007218731,0.258265941390732,1,0
34b3c1b15cde,0.04846010647658352,0.653261507360624,0.27467326510893647,0.02360512105385612,1,3
34cff27c2a43,0.30477688392849417,0.3091843111229985,0.2896651545746272,0.09637365037388025,1,4
34d360dd549f,0.30730959806407915,0.26807532751042745,0.3401556136350388,0.08445946079045445,0,2
34d7f214a7e5,0.5384702294567822,0.20027563992087824,0.1996807819749256,0.06157334864741391,0,4
34d9932348fd,0.2144605838049984,0.16024597126129325,0.5628666551876919,0.06242678974601648,0,1
34e76fd17a93,0.4132367339981168,0.25687254663942205,0.25390580425616643,0.07598491510629461,0,4
34f012146c73,0.3351083169124434,0.38114620362732343,0.14359994703544124,0.14014553242479194,0,0
35035b97e536,0.10972281773160535,0.6833121311125816,0.20009643506870575,0.006868616087107142,1,2
351c9f9580db,0.4073788572701151,0.37337529038379413,0.1590423419530502,0.0602035103930406,1,2
352cd75fce3a,0.04298485832034353,0.6308656307834631,0.18948420951589592,0.13666530138029728,1,4
3532ab7e51f2,0.827108155605847,0.019558474633591,0.13967710894039662,0.01365626082016525,0,3
353e8d1d3147,0.12394429792670252,0.326805043580672,0.39796450960852825,0.15128614888409717,1,4
354ac6bf2105,0.1640634897456002,0.4505928535596012,0.3327798925986417,0.05256376409615674,2,0
354d310f53ef,0.13762179685571166,0.5252744424378297,0.22669654797187386,0.11040721273458474,0,0
354e69d0e3e4,0.6207717908432019,0.1750579383227547,0.18963844793756632,0.01453182289647715,0,2
35521a34aebc,0.17699609804612554,0.22442977645931322,0.10345119952192945,0.49512292597263174,1,4
35547e12df7f,0.4797466673844849,0.2983541305891308,0.1844863820163789,0.03741282001000525,2,1
3572cab7a345,0.24510160721031682,0.4865305340096381,0.1591931236401312,0.10917473513991385,1,4
357734e7588b,0.14518699456046885,0.4423524982190361,0.2174486195432357,0.19501188767725933,0,1
358e736e289e,0.29011712664834843,0.24910697614211247,0.31201715262326896,0.14875874458627023,2,4
35aff487b8ce,0.3872496556935152,0.2787190400489753,0.21041854419344191,0.12361276006406739,0,0
35e22da3e615,0.21733538447641576,0.17522593695927935,0.5281561571476839,0.07928252141662086,0,3
35eb68ca9b50,0.3247729903012296,0.11418457043090918,0.41180784940243687,0.14923458986542437,1,1
35f1420690fb,0.2990549016893379,0.1636500927298429,0.1838784726812921,0.35341653289952707,1,3
35f759f8d1b8,0.1265425631809201,0.6643550016535689,0.19878345710442874,0.01031897806108236,0,1
35fece530971,0.029910351192538074,0.4576924285075486,0.43125551623275765,0.08114170406715562,2,2
3605ff235600,0.14394335913849712,0.17786461963915595,0.34658081660318185,0.33161120461916505,1,0
360a419fd953,0.37711698841038166,0.1895361434707909,0.41545264346719857,0.017894224651628876,0,3
360c787839e7,0.31607569705866445,0.33693691674812887,0.23585092618154774,0.11113646001165897,1,1
3617282997a6,0.21253405699031946,0.5047079338783612,0.2210610596946899,0.061696949436629456,1,1
361e431e4401,0.4955756069386802,0.11069627933253481,0.34497769353559005,0.048750420193195025,0,1
362a970635e4,0.12634887407854606,0.3673145999513662,0.26768295276958687,0.2386535732005009,1,3
363454850843,0.09576087642741109,0.6222637689824353,0.24705538930706458,0.034919965283089056,0,0
3638f959c7a3,0.6841799109074118,0.11455661580351899,0.18945228517232354,0.011811188116745763,1,3
363eb5029f21,0.21585962208074508,0.4015443356294662,0.15676245638428696,0.2258335859055017,1,0
364f5d65a02e,0.05735349123831375,0.7686861046696133,0.15739514914740638,0.016565254944666704,1,3
36582a5faf1a,0.4751698997398184,0.19019859033867298,0.16296886625634374,0.17166264366516507,0,4
366c5acac35b,0.26305715275507147,0.3809678207584317,0.1762921308043048,0.179682895682192,1,0
366fc85a2ac8,0.07823119569096625,0.2337740173719366,0.6859238614939276,0.0020709254431695904,0,2
36746fa2ffc4,0.5094586815588239,0.31959367942003464,0.14171193291230122,0.029235706108840204,1,0
3694e0a1d9aa,0.13210179143546696,0.6619750706577788,0.17933921736888953,0.026583920537864777,1,0
36a0d836672c,0.8746624914755932,0.05170364779777129,0.05333054472895516,0.020303315997680326,0,3
36aafc1b1c20,0.266427892680125,0.2008889640025355,0.4847619316154027,0.04792121170193663,2,1
36b8b0686937,0.31814042033682044,0.3886703996241605,0.24670349340122863,0.04648568663779053,1,3
36badedeccd9,0.045871422132275685,0.4532372427018165,0.19350531761972228,0.30738601754618555,1,2
36bb4db0e4cf,0.20317920910605355,0.29851799125670714,0.18416926121535582,0.3141335384218835,1,2
36cbfe6f866c,0.3021635400270285,0.034078195358114745,0.3373129895817284,0.32644527503312837,1,1
36d6d8418099,0.5737627273538256,0.13895675739413926,0.2068852636053986,0.08039525164663654,0,4
3708f056c708,0.1651218350134027,0.2379553322877904,0.21219352495592647,0.38472930774288044,2,0
371638df8cd9,0.04790616204385763,0.7242472590778793,0.22080158569243366,0.007044993185829348,0,2
372796623006,0.42826135867636783,0.3359913569395218,0.17627576354126595,0.059471520842844544,0,1
3729a3c2fafa,0.06417146389215167,0.774446496509634,0.12916724723493772,0.03221479236327664,3,2
372b63702c46,0.5711674997387458,0.19310258637604602,0.20514693808396997,0.03058297580123829,2,3
3741bdbdbd77,0.41038068712905384,0.10656792850091307,0.19233206636256178,0.2907193180074713,1,0
3757a5a70aa8,0.7554196555224462,0.07103900571352476,0.16040796555359182,0.013133373210437387,0,3
375cac343d45,0.12216009992721878,0.6824811232468757,0.1205581230244259,0.07480065380147964,2,3
376a75f57405,0.2754335649113593,0.3741642882146472,0.2452777298180735,0.10512441705592,2,2
376f075346cd,0.06412429592398541,0.4430501682774344,0.1053013655210023,0.38752417027757796,1,3
378cee3c149f,0.12056479356235063,0.32403531977397426,0.5499118693586347,0.005488017305040427,2,2
3795c5ddd545,0.6530949554352674,0.09797432068302403,0.11414921676799349,0.13478150711371492,0,1
379799f990df,0.3155681543146859,0.2497051233944426,0.38287847153840193,0.05184825075246949,1,0
379b92fd1ab1,0.32621980638379516,0.3821368491806393,0.23847476060126616,0.05316858383429937,0,0
37b284b23465,0.0064423088081564835,0.31840221252812273,0.457501903388846,0.21765357527487478,1,3
37befe3703ab,0.12628038820717497,0.695014523040851,0.14528746768382744,0.033417621068146545,3,3
37bfb5f1f1db,0.6603072206701472,0.12939122069931333,0.08457659583352334,0.12572496279701617,0,4
37caabf49a4e,0.38227399360741343,0.2609018279206088,0.23284460358840714,0.12397957488357063,1,4
37cbbdceaef0,0.05604084742946341,0.516645192440832,0.21505443979917657,0.21225952033052822,1,3
37cfe520e66d,0.3102950468398906,0.3510280008918322,0.20898982658910384,0.12968712567917334,0,2
37e18d937dcd,0.43016914185922905,0.2720262566440815,0.2958614028304388,0.0019431986662506295,0,2
37e3551e2f47,0.26981168434383634,0.08375201911061851,0.09483864402952774,0.5515976525160176,1,4
37e503d42cdc,0.21924553700165875,0.6208244964029079,0.09610926602503372,0.06382070057039961,3,0
37f2b094c247,0.28967885243597297,0.47484418456806043,0.15023620341761307,0.08524075957835349,3,1
37f638aff743,0.2121657650514155,0.15292085694967747,0.6164939465639454,0.018419431434961657,3,2
37fda69f3467,0.03771773904380119,0.8278332408451532,0.09336806477504414,0.041080955336001396,2,0
37ffdf650199,0.18007328836502615,0.11026115649768124,0.4235355389247894,0.2861300162125032,1,1
38016f8471b2,0.7150709312880106,0.14270465122070697,0.09275311852105599,0.04947129897022634,0,0
38111e7353fb,0.07856324053701355,0.4868842308080179,0.12445382432630743,0.310098704328661,1,4
381951fcbfd0,0.40601047874021534,0.27873674178472224,0.29498255508492627,0.020270224390136194,2,1
3823cf1c6958,0.22153921138572572,0.3678533447476228,0.1888000168454729,0.22180742702117867,0,4
38322a96d92a,0.23147973125450674,0.45561250024355154,0.17939609334538148,0.13351167515656034,3,2
383b6e0770bd,0.1308210524805438,0.38513392396248086,0.44617400149973596,0.03787102205723943,1,2
384d1d316992,0.11802731654487883,0.39063326783964747,0.14439000577131003,0.34694940984416384,0,0
384d84fbb4fe,0.0714259157437243,0.5604513325741227,0.07819285399689055,0.2899298976852624,1,0
386026264f01,0.14011631734283503,0.6234502674588854,0.22185092100677123,0.014582494191508184,1,2
386520e49eda,0.8426253703026232,0.07614128000609452,0.07680140994171876,0.004431939749563455,0,2
3865c0d08f85,0.03567247344292966,0.9166183384325888,0.02537834888785413,0.022330839236627462,1,0
38682a78a52d,0.6635805795370165,0.2276370724643116,0.09787311283141777,0.01090923516725411,0,2
386aa41785fa,0.8145909602432987,0.05475414497714,0.0840403766833893,0.04661451809617206,1,4
38705dba1a96,0.1577124486366711,0.41132163542388794,0.31939566552817833,0.11157025041126262,1,1
387733d739e5,0.058339053813227154,0.511925897630627,0.18977207433414028,0.2399629742220055,1,4
387984f51e7e,0.4779948384578683,0.16945972978133325,0.24528096363435972,0.1072644681264387,0,0
3882700d8f0e,0.24478290482374143,0.5262308632080168,0.18077762510177536,0.04820860686646639,1,2
38a1f0560e2f,0.01648101328550263,0.8432192063800757,0.0858486247205255,0.05445115561389614,3,1
38cce8d6f373,0.4816855539630604,0.32801299909594434,0.11116190634291452,0.0791395405980808,3,4
38d0b07a2c7d,0.10594998105981958,0.39650457506941067,0.3529643874181819,0.14458105645258784,2,1
38dbce9f5da1,0.5413499396065454,0.16823822682269068,0.09754568593692821,0.19286614763383564,1,0
38ea4356df7a,0.14480783402107333,0.5050118298131706,0.31882623354268613,0.031354102623069854,1,2
38f2e947567f,0.3940163936808192,0.21649209738954986,0.2672402331135772,0.12225127581605368,1,0
3913b40864b0,0.1314291410464017,0.4494335557876105,0.24084377255131817,0.17829353061466957,1,4
39164e43c8bf,0.3099572932967139,0.26420246466538144,0.3289527248081857,0.0968875172297189,0,4
3920dc377214,0.156348644806855,0.35872277772422273,0.15275604271293292,0.3321725347559894,3,4
3927f0e451cc,0.3555774087640546,0.21986033825222037,0.08886427742426709,0.33569797555945785,1,4
392a1b9dfb46,0.23372185440728524,0.17164360301598658,0.5457067370233735,0.0489278055533546,1,0
394a6b02efc9,0.008888450708155776,0.7474876192770219,0.19430801530086841,0.0493159147139539,1,3
394d1fbb6cc0,0.32910446007356675,0.5755702996762075,0.07585230223225188,0.019472938017973968,1,3
3965470a0126,0.6547808844342227,0.13210869921753038,0.14294095811982255,0.07016945822842445,1,3
3972d79dd977,0.2335486698742393,0.4572596456229742,0.2195808733971811,0.08961081110560544,2,4
3976f3f36b35,0.28334996209637975,0.4947942095834548,0.17737067074966692,0.0444851575704985,1,3
397ae205b6db,0.3005934115740939,0.4537800158528749,0.1609639176769178,0.08466265489611331,0,0
397ae5aecf2a,0.15477494100640463,0.29352130015790984,0.46682044278384893,0.08488331605183666,0,4
3993e1dd3d8a,0.2996193048076268,0.3387343473834791,0.23748330164825066,0.12416304616064351,3,4
3995fbf3b106,0.23106368106966255,0.5460541836290735,0.15495035072163738,0.06793178457962659,2,3
399b7608576d,0.21148838001362824,0.28068094710030994,0.44201561693091196,0.06581505595514994,2,4
39a56d7788fc,0.27617112125932863,0.24761967077799688,0.14541496997884112,0.3307942379838334,0,4
39a6ef0d976a,0.1256478698125384,0.6401479210217209,0.15661750318830675,0.07758670597743392,1,1
39a80a14bfda,0.22660830746711683,0.6637418932751202,0.09468956070062444,0.014960238557138402,3,0
39a99407a17a,0.4507403989996958,0.4717634223127562,0.06338653930530248,0.014109639382245565,2,1
39ac58218ee3,0.44043286116748404,0.426614609073361,0.08986541733178752,0.04308711242736748,0,3
39b9303331d6,0.16626296088037032,0.44362591161064724,0.23133906919381195,0.15877205831517038,1,0
39ca2531a729,0.04715735894783185,0.8846670891501829,0.02706540825527677,0.0411101436467085,1,0
39cfc88f6f20,0.10751234582341596,0.44483274420278157,0.33576665031218983,0.11188825966161267,0,1
39d1962d37d1,0.4052865686244613,0.2676842413402162,0.29182600457489494,0.035203185460427645,1,0
3a01c7f8d00e,0.08473608056209107,0.3107837049853033,0.16003323721952864,0.444446977233077,2,3
3a0391a11c60,0.05278163147121589,0.5182539479741856,0.4027747987053537,0.026189621849244896,1,2
3a07d9311567,0.3830153953211843,0.25968587007842275,0.1533522628040331,0.20394647179635994,0,4
3a0ce16d6362,0.030623716604764043,0.8620795988891647,0.09986119657567658,0.0074354879303946755,0,2
3a1aad9fe90f,0.25066011829639456,0.24457475103246057,0.4563356136853506,0.04842951698579429,2,1
3a2ab0d08864,0.12229347601698642,0.4541887827340143,0.25321610595536126,0.17030163529363807,3,3
3a3975e0fae6,0.29173404330933567,0.3355741510840223,0.3070318048705362,0.06566000073610578,2,3
3a3c198051f0,0.14836157919413542,0.8059184864230002,0.02945695189670641,0.01626298248615773,2,3
3a54ca31df78,0.04602632497438651,0.3698341257241075,0.48722459710901467,0.09691495219249135,1,1
3a65207debb0,0.1626944183438782,0.19654125031329264,0.2530022714112021,0.3877620599316271,2,4
3a6c6141fdb3,0.2670914677060583,0.4207669668972539,0.2071399999678989,0.10500156542878895,0,1
3a7061149c0a,0.3721521750899424,0.4160497314415456,0.19025924092563173,0.021538852542880408,3,2
3a7cad485369,0.3676573358880275,0.25160644012520306,0.20347518458014296,0.17726103940662633,3,0
3a92284ff753,0.7925499720686054,0.07976582294421808,0.10335767676272797,0.024326528224448456,0,0
3a985664cd4e,0.0822638722361152,0.599631142237248,0.19402587826259252,0.12407910726404438,1,4
3a9d3f1fdd81,0.3419576691102289,0.36995567754412334,0.2151006660916531,0.07298598725399452,3,2
3aa2fb153a2f,0.14904333266410832,0.46331327911079767,0.3290968235087632,0.058546564716330664,0,0
3acf095adbf4,0.19825746950107295,0.48998062951084775,0.2574209579584276,0.05434094302965163,0,2
3adf9086a151,0.2755688622445172,0.2146865272533137,0.2826960757142818,0.2270485347878872,1,4
3ae836708e67,0.443718902305662,0.2142113936218838,0.269666797030345,0.07240290704210904,0,3
3b205aad9af7,0.04823616124915697,0.5287290844860176,0.13098632210247096,0.29204843216235443,1,2
3b317a8d01e7,0.36531328456807616,0.11645048723184875,0.3748081598026952,0.14342806839737982,2,1
3b3f6099e50f,0.15626881257938197,0.6152171849421322,0.1505767692404024,0.07793723323808346,1,3
3b4ad94ce2ba,0.4018277622931284,0.1989893661633855,0.25695676174374743,0.14222610979973868,3,4
3b4cdf9a776a,0.04981703725473822,0.786126218222265,0.034078806280211524,0.1299779382427852,1,3
3b4ee5bd11b3,0.010823312225428454,0.8742693078238271,0.10064038187786238,0.014266998072882134,0,1
3b5009bd67ab,0.2915267898971182,0.20616651278270437,0.33573603846629874,0.16657065885387876,2,2
3b5207b6f84d,0.2616187963076705,0.3064183480942195,0.34227900741323053,0.08968384818487961,0,0
3b57d6722817,0.043740097289928885,0.42058458367575935,0.2740304086342616,0.2616449104000501,1,1
3b69158045ec,0.43414510376683274,0.27233792848346916,0.2635682977425277,0.02994867000717034,1,1
3b842e573d63,0.05132331756547629,0.22738887210513992,0.6236488476248688,0.09763896270451494,3,0
3ba744292b92,0.07869941951318983,0.3270563792858859,0.4202090476683719,0.17403515353255247,1,2
3bb35461687d,0.40349487557508684,0.39253727684894607,0.15430781558597415,0.0496600319899931,1,4
3bbcfe7bb63b,0.6294692171570234,0.0773227477403562,0.28535462033592845,0.007853414766691888,1,2
3bc25f4361e2,0.04892601602848652,0.6622717735162816,0.20094493495984486,0.08785727549538708,1,3
3bd90e114e5d,0.4408684924584011,0.14612108354353798,0.30278652089204733,0.11022390310601372,0,0
3bdf88144fa5,0.9046160175892904,0.036106890189702735,0.04955595300449214,0.009721139216514772,0,4
3be9203f616c,0.27446672273715705,0.47505626265583073,0.1790505741578332,0.07142644044917909,3,3
3bf0ba9cac51,0.10895064655332944,0.8451945582806685,0.02929524626363295,0.016559548902369124,0,2
3bf5a489d804,0.14757030761408046,0.43758372159028486,0.40573427901937653,0.009111691776258101,1,2
3bfb13733ff0,0.3629478268637335,0.18672476007594588,0.24104549753954738,0.2092819155207733,2,1
3bff1d73230a,0.7186673313065924,0.15944915793013728,0.027871781166157576,0.09401172959711257,2,2
3c13375ee625,0.455615697785979,0.1061942614523295,0.4033043376457961,0.03488570311589544,0,1
3c13edac81eb,0.7213737076306479,0.08039062467945297,0.12084726504454431,0.07738840264535482,0,0
3c3399f2170d,0.02887857900403782,0.7993699398595299,0.11044075487609781,0.06131072626033439,1,1
3c4bae86dd43,0.3022358236232074,0.3468316739051671,0.2718588081104284,0.07907369436119718,1,2
3c66c7eef4db,0.04464023226241669,0.7541254358119056,0.1353986796339447,0.06583565229173306,1,0
3c7633f8a03d,0.15435912970020968,0.3632844542276019,0.23005012941688435,0.252306286655304,1,4
3c87dfa890fa,0.8141311021434254,0.1380938224211178,0.042103307715562685,0.005671767719894025,2,2
3c88bd82fb37,0.14375128973378107,0.407303619216625,0.4014348997224747,0.047510191327119276,2,3
3c93b438df5c,0.1789560131238608,0.2473709895374638,0.501621831942974,0.07205116539570124,3,1
3c9540566f10,0.4853252221018314,0.1416854689550852,0.2661025610516291,0.10688674789145443,1,2
3c97acaaf4e5,0.4472120822512341,0.3521551125372604,0.1929148475114723,0.007717957700033072,0,3
3ca4e2ffedff,0.5158514514448858,0.18860031008852715,0.15911032126507477,0.1364379172015124,1,4
3ca7c79b3eac,0.2129972074337936,0.44704357144691176,0.2945289503177532,0.045430270801541474,1,2
3d0812e8b857,0.08193366143850155,0.7054095409380021,0.13139939681346016,0.08125740081003613,1,2
3d258ae21e22,0.2698882180306869,0.317104446957269,0.319084906353627,0.09392242865841706,0,0
3d33841de910,0.31230580841813277,0.23642270256947961,0.39062557982474,0.06064590918764774,0,0
3d46777c79fa,0.15348804326897147,0.23643897177132578,0.5124422156145062,0.09763076934519657,1,1
3d4ceb0fe08e,0.22717547165246604,0.5711341413606095,0.1402026894252763,0.06148769756164824,2,2
3d5778dea835,0.20065636951410248,0.22331343167270082,0.3965485077816569,0.17948169103153971,1,4
3d6155f6d4e6,0.34130599396735367,0.3122030454586318,0.20217870703237972,0.14431225354163488,0,0
3d6a6a938f4d,0.0955934277345662,0.48993327320460495,0.3437844458016684,0.07068885325916045,1,0
3d6e135dc416,0.10651637276170377,0.68079812337211,0.17305902025215766,0.039626483614028415,1,4
3d7a5814c41f,0.0950518043920073,0.6936799156034755,0.19463310373743054,0.016635176267086712,1,2
3d9b3b0801a9,0.15758345476326885,0.23519756912770384,0.12791336262375122,0.4793056134852761,2,1
3d9d054474b7,0.29867893214684926,0.3032600866248354,0.3012870575820419,0.09677392364627357,3,4
3da10090af63,0.288165273705622,0.3895126932664631,0.23766138841602188,0.08466064461189299,2,4
3daae55407fc,0.42538389777659563,0.2939191671771118,0.17380186341052875,0.10689507163576376,1,4
3db73bde49a0,0.18923990463499638,0.634978315964517,0.12813850575379213,0.04764327364669446,1,4
3dc69e5f2b15,0.03065821321539805,0.5692998123395755,0.3668975673029049,0.03314440714212151,1,1
3de21b98d4b0,0.5062301565180748,0.2614138738779221,0.10721895419559475,0.12513701540840835,2,3
3de827a029ee,0.4069177255757533,0.4207004081251874,0.13457728776457034,0.037804578534489035,1,3
3dedb0639734,0.336388561728901,0.2564839971632851,0.2787843712803473,0.12834306982746657,1,2
3deec0a549d3,0.11771396060463414,0.7414256437941338,0.11149768827520178,0.02936270732603035,1,2
3df22af63de9,0.5973538937146896,0.13108203821786713,0.26653486256279085,0.005029205504652331,0,3
3dfc66e41bd9,0.020266614846925005,0.9221914279773348,0.02744579185227397,0.03009616532346616,1,2
3e0dde11b059,0.1076578551704882,0.20909197831782098,0.1217451712370833,0.5615049952746076,3,4
3e22009db59b,0.016144482860199084,0.5626789346318243,0.41752709901984225,0.00364948348813443,1,2
3e2d6faac5dd,0.2632985361483732,0.6321406947642799,0.09722194943193296,0.007338819655413869,0,2
3e314f95dc5f,0.02756002168697918,0.7160976136294863,0.05724448840569028,0.1990978762778442,1,3
3e3329765aaf,0.0656803900338643,0.26730928673249404,0.11858145332502294,0.5484288699086188,0,1
3e4037b0506d,0.38615059644292904,0.2194474073276974,0.18358759932012825,0.21081439690924533,2,0
3e51ede7ee7c,0.5251130618584816,0.32704041263740413,0.06771916730048551,0.08012735820362865,0,2
3e585150ed8c,0.19860072468919343,0.3646160938985375,0.09210157047734034,0.3446816109349288,1,1
3ed3d85a4caa,0.24489667418562047,0.26363570723615154,0.3467366892628603,0.14473092931536768,0,3
3ed6283fd966,0.4162373145378095,0.3062323292991139,0.16740970317103618,0.11012065299204041,0,1
3ee0ccf7f5a7,0.09428170865348037,0.32848086241834745,0.5589258416761212,0.018311587252051037,1,2
3ee6ceb2040b,0.3439561355905285,0.38600790323727324,0.2451561139253298,0.02487984724686842,1,4
3f1e5e240522,0.12188443863016472,0.4390171621239168,0.23484566188462305,0.20425273736129557,0,0
3f2755948419,0.02087332264582481,0.8184110156197348,0.14826949876243642,0.01244616297200388,2,4
3f2ca41bae34,0.47623206432707105,0.3040496087940364,0.180758485376145,0.0389598415027475,0,2
3f457bc13b99,0.1855161966904009,0.16047753786832675,0.6222997195759182,0.03170654586535417,2,0
3f4c9c73330c,0.09648181285016086,0.33583002004789336,0.441226699053394,0.12646146804855182,0,1
3f667806b517,0.091820988826171,0.4598882586818992,0.3979338284447397,0.05035692404718991,1,4
3f82bb3ef348,0.6561924280020147,0.15418493330030053,0.0863840352824654,0.10323860341521936,2,4
3f8ed621f16e,0.636463455626692,0.21628051239418689,0.1303321577927563,0.016923874186364714,2,3
3f91d11cef59,0.17519083749609,0.5373517264713076,0.09224237125237723,0.19521506478022535,1,2
3f984f0aa172,0.06484050499832221,0.18503398201390492,0.16747716598610596,0.5826483470016669,0,2
3f98f789e62a,0.39167746676553705,0.35062523915513316,0.23887634921495804,0.01882094486437161,2,3
3fa878dddd94,0.41135253484292955,0.29687572658690375,0.22206342864142875,0.06970830992873801,1,4
3fcc2be34719,0.2966517103961368,0.31476817153486797,0.33355197405281706,0.05502814401617816,0,0
3fd1aead516b,0.10541460951505309,0.6404444976314633,0.2017168697469,0.0524240231065836,1,0
3fff6c83cd81,0.7688382735063247,0.049706051472933714,0.14974780162108522,0.031707873399656264,2,0
400f0c7e4de4,0.25070432826682126,0.19683218844032355,0.4489925331259774,0.10347095016687781,3,0
402dfb591509,0.22796636645418922,0.43150895090800934,0.2987920432439817,0.04173263939381977,0,1
403f9fb0ef31,0.21378889008621083,0.5258240636198898,0.24477849125003545,0.01560855504386389,1,3
40618161dddc,0.04311700942665786,0.36823339091366175,0.5070917847329649,0.08155781492671543,1,1
4063853b3cab,0.017964306866988692,0.8428795125899414,0.12531959334461748,0.013836587198452481,1,0
40689b3c62c2,0.10023838925022092,0.549794907159958,0.1470590664641624,0.20290763712565857,1,3
40925ddc68c3,0.4059492591056589,0.3057807041981391,0.19083963406667886,0.09743040262952304,1,2
409d2496f978,0.11618606641369095,0.5028306112074677,0.32273916834568056,0.05824415403316075,1,1
40b6a080d09a,0.07504500555493833,0.40229164714519067,0.1663759610063224,0.3562873862935485,1,0
40d4ba72961e,0.19003306074586396,0.48782178239257445,0.12147260925559047,0.20067254760597117,1,0
40d67faaee75,0.3204075788897446,0.3146275635802191,0.1315249082427756,0.23343994928726067,1,0
40d817276317,0.1824513246321131,0.2612624886681142,0.4390870902147097,0.11719909648506315,2,0
40faddf1bb05,0.171405666447205,0.36296912369307294,0.3966281420593455,0.0689970678003765,1,0
410819eea797,0.14565994258706222,0.34166453399749774,0.3411756031102087,0.17149992030523123,1,3
411149653816,0.288593827641062,0.3942423010633184,0.3078517792466682,0.009312092048951287,0,2
414a2893624e,0.03926987195310776,0.31507309162692443,0.5908783235271203,0.05477871289284745,1,2
416edca973f9,0.27138013862443067,0.5037122615971464,0.19582994171345067,0.029077658064972287,1,2
417584cecd96,0.25094479496840694,0.4068530876532965,0.08372900419488662,0.25847311318340993,1,4
41792cfb0e74,0.34616478956633207,0.13282917655654242,0.2861502078742417,0.2348558260028839,2,1
4180aa686422,0.29558627694126177,0.39931760894247526,0.1535039059239846,0.15159220819227842,0,0
4189ab7c6027,0.4160052215157538,0.24843539039514706,0.27909631554879494,0.056463072540304284,3,1
419b460cc514,0.023838998120088297,0.8358814497100455,0.12982773042031606,0.010451821749550044,1,2
41a4d1a7f399,0.030964230610148073,0.7678546535869583,0.17811079202825192,0.02307032377464172,1,3
41b664bf705e,0.12946673552711266,0.6364776732617238,0.12595463597725162,0.10810095523391182,0,0
41b86a3012d5,0.29641052690067504,0.10012962243385871,0.46754386413447324,0.13591598653099293,2,1
41c32b7a5b44,0.2703129962639211,0.02832514409205047,0.6887426996931848,0.012619159950843659,0,3
41da13080a64,0.07860594816162014,0.3591587295345012,0.19712440182032306,0.3651109204835556,1,0
41f2bb5ef2e9,0.19661639323796726,0.3406838461724407,0.3811414651372702,0.08155829545232178,1,3
42091afaa4be,0.49727691425465653,0.3071191001445713,0.07166377232414481,0.12394021327662746,0,1
420bb7be8ab2,0.47457710585742013,0.20936288077858273,0.2072556279002506,0.1088043854637466,0,1
420d52239d7d,0.20105503268666644,0.27907972407127424,0.39554863941489343,0.12431660382716585,0,1
4213b8c96b2d,0.20288111363697814,0.18288452731978716,0.5495684861856711,0.06466587285756352,0,2
421789206c7c,0.1346122337417797,0.3793726420733092,0.3790143411802776,0.10700078300463355,1,1
422689777b34,0.19508049922690046,0.5277451679414572,0.20923233325919285,0.06794199957244948,1,4
423d5a5b56b2,0.07688733156670342,0.4739308173648732,0.40431439424211674,0.04486745682630661,1,1
424fb90a4bc1,0.08389879241227918,0.4836888271768268,0.35474531940701837,0.07766706100387552,2,4
425baa3b6167,0.168863969887829,0.25751520143419815,0.07277830609531868,0.5008425225826542,3,4
4278049d12e8,0.624815869370974,0.21697689283572877,0.14839019261541272,0.009817045177884608,1,3
429a5f79ac0f,0.4415253061209314,0.08084625062663339,0.15214766238121694,0.32548078087121846,2,1
42a5ef66e3d4,0.08686667027389451,0.5050735491833354,0.12089178866159961,0.2871679918811705,1,4
42a9025e9d29,0.37967490575856055,0.2599238156776893,0.2990049488616587,0.061396329702091496,0,2
42ad2e4feb4f,0.21648102791434315,0.6015002984064128,0.11068301349694969,0.07133566018229438,1,0
42c28fffc31d,0.44072418182313844,0.26227018647443834,0.12936503119539178,0.16764060050703158,0,4
42ce6191e14e,0.19120762071882216,0.5101219346832407,0.2184357361735763,0.08023470842436091,1,1
43001c00ccca,0.0917661957038148,0.2634554655608561,0.491438779208896,0.15333955952643294,1,1
430855f2a4ff,0.563450379716632,0.12093565532996596,0.1884838802945324,0.12713008465886969,0,0
43183eb0a475,0.5371715518762785,0.30398963830413,0.1355054675940848,0.023333342225506593,0,0
43213dfca450,0.19079138538724058,0.3453408514307949,0.12753415083300365,0.3363336123489608,1,0
4323961acfb5,0.17169803748808937,0.17697012693208783,0.28818143681760233,0.3631503987622205,1,4
433fdf0e14fa,0.13437981665039542,0.3361946315548282,0.3601920234692706,0.16923352832550587,0,1
4344f4c7ca1a,0.023355368512925856,0.37145109732159953,0.43852517008128783,0.1666683640841868,1,3
436ce67eb424,0.30610348217271716,0.4404988197970957,0.11610202883409176,0.13729566919609532,0,3
437964b36522,0.18810377828778366,0.4285479323523178,0.3493219487368164,0.03402634062308205,1,4
437efcc34243,0.14507765162192224,0.23528837831587474,0.6028880444001027,0.016745925662100435,1,2
4384bea76688,0.18479503010419657,0.5962492193534011,0.05503187266471071,0.1639238778776916,0,3
4389b99b9c49,0.1547271695488262,0.26946906014118777,0.39670631131106554,0.17909745899892046,1,1
43ab168173df,0.8069477922827947,0.10578103386016982,0.06753207469352346,0.019739099163512117,0,0
43bcd9cbd79a,0.054904538682007425,0.636920228920027,0.19271765969241844,0.11545757270554723,1,1
43c65f4830dc,0.7349384374032176,0.06506630900425121,0.1759846314648359,0.02401062212769522,0,4
43caab830455,0.5246846302834781,0.2540294066214428,0.15591318776812907,0.06537277532695006,1,4
43e05e0b34b9,0.04158288100643518,0.8573612192903516,0.0833013533740204,0.017754546329192707,1,2
43e48c2c4291,0.9237383570584798,0.04394901454081347,0.0254970879095094,0.006815540491197207,0,2
43e67cd54343,0.05432553803948636,0.7427148866452777,0.18542855527659127,0.01753102003864457,1,1
43f4282677e6,0.11779643772266396,0.7777362169957955,0.0715669047500321,0.03290044053150847,1,2
4403b3a0764b,0.44598000050647973,0.2693058816135,0.2136699520982485,0.0710441657817718,0,3
440cde50a7f5,0.34632191274130886,0.2788548336976623,0.2574509651689233,0.11737228839210567,3,0
44164216b8ef,0.5014771259358504,0.3329944449049185,0.11066505513370764,0.0548633740255235,1,0
442570bcd62f,0.143421043990559,0.27583748923959245,0.4341831094088634,0.1465583573609852,2,1
4453f1641121,0.10522591898262798,0.42228053999730736,0.15178089992619187,0.3207126410938728,2,1
4463659093ea,0.12691388982885013,0.5087500337432516,0.2027070959876077,0.16162898044029048,1,1
4475325ffe2e,0.03326074203320089,0.45726887881257366,0.2273752192475973,0.2820951599066282,1,0
4486acc30384,0.11965624254097983,0.6789399126817348,0.14909412696110252,0.05230971781618287,3,2
4492a7f00b5f,0.03568831721973946,0.9180039470079144,0.024917482098205688,0.021390253674140457,1,1
4499cf9d764e,0.39714810770321596,0.3184134449512417,0.22209958168264132,0.062338865662901165,0,1
449a4e07e0a3,0.10191252742980092,0.6537987461211211,0.18285309454121962,0.061435631907858355,0,3
44b3c1b1bf89,0.26237740025536344,0.25390465538268336,0.3119642759857401,0.1717536683762132,1,4
44b6c4a4f9a7,0.784306082946363,0.08382723073435337,0.10281765738263055,0.02904902893665315,0,2
44d4bd051e1f,0.7047702820778908,0.1821093451608725,0.054312330888912554,0.058808041872324225,1,2
44fafe9c97eb,0.4630960894128382,0.48665279662896505,0.02340275352175833,0.026848360436438307,2,2
454cac81825b,0.3375009622825342,0.374540709141096,0.18494528245836941,0.10301304611800034,0,0
455cbab8acad,0.22169610367688972,0.2644114153133467,0.35083176514768527,0.16306071586207818,3,3
45642bcec833,0.5305029995647806,0.1130618019424391,0.3402717581547634,0.016163440338016814,3,2
45666ba64453,0.13664200844244817,0.23672726793133056,0.5751340737151353,0.051496649911086045,1,2
456c2a3abcf7,0.2234640245157498,0.5701456622082167,0.08784416491982922,0.1185461483562043,1,3
456f61eec895,0.1617562663379178,0.48202010444037235,0.17768236528016929,0.17854126394154063,1,4
45725d3453c8,0.2193685598140218,0.3143845464053962,0.4359189618639878,0.030327931916594206,3,1
4593937b2976,0.34577368314326196,0.13621420933834558,0.40525490436803097,0.11275720315036149,0,1
4595c11984c3,0.12798530399474325,0.7193997674128962,0.10094634886677223,0.051668579725588415,1,1
45ba102094d2,0.7658687348822732,0.1412681765345026,0.054352791820191745,0.03851029676303222,1,1
45dbef1cd1d7,0.14011179512941577,0.38972663126051865,0.14417509759173208,0.3259864760183334,2,1
45ef9c8f3a29,0.24705529277966268,0.5390480887214936,0.1882167753324185,0.02567984316642521,0,3
45f32c71c022,0.07090145356723461,0.8926481619130098,0.025683062578766465,0.010767321940989305,1,3
46096e40afc4,0.04602565570074222,0.6935301584670382,0.17955733020045045,0.080886855631769,1,2
460e1bb0eb6c,0.04231306557709981,0.49432431903930546,0.4491324012369564,0.014230214146638357,0,2
461eb648381b,0.03842764190779526,0.7444385782202344,0.1646722544575831,0.05246152541438718,1,3
4624eb6a47d9,0.35465455042739863,0.4946237470700174,0.13249323194260426,0.018228470559979736,1,3
467079e557f6,0.011532470026530538,0.4343853302254913,0.5122271642009393,0.041855035547038816,1,3
4676a91a79e1,0.515269605878777,0.398013358767962,0.051457332853751724,0.03525970249950912,2,3
4676ccc3da0b,0.24853911994004874,0.22658314786681408,0.3292365383808716,0.19564119381226552,2,4
46789391270f,0.4182754780004086,0.32362014406881007,0.1654809282849533,0.09262344964582812,2,3
4684064a1c67,0.10716778463119019,0.7801079180196824,0.08219006243427418,0.0305342349148533,0,3
46b5875e3f4b,0.026730467693979836,0.8954441837203272,0.03651669985674444,0.04130864872894833,1,4
46b59bea8e92,0.06851903830584834,0.673474757332464,0.21640579960216003,0.04160040475952764,1,0
46ee7cfd0bf8,0.2884236323809765,0.3982743916743817,0.29716797279428503,0.016134003150356714,2,3
470b3d8e543a,0.03924011440449557,0.8195936075114818,0.1339689142515707,0.007197363832451866,1,1
470d1f1abc74,0.3750969061368159,0.25683014835608137,0.3311193276748026,0.03695361783230005,1,0
47184d6ce9d8,0.3052194244563002,0.3553865572791826,0.15589915909523278,0.18349485916928435,1,2
471af1d3f5d0,0.05670449959821781,0.5004081081581182,0.3883249175403526,0.05456247470331148,1,0
474a199db1f7,0.09484250750624779,0.8349412827553542,0.06804937391623576,0.0021668358221620786,1,2
47666c3cd3de,0.42867694132784034,0.29375696347959124,0.17023032482197747,0.10733577037059092,3,4
476c4e9bd0e8,0.07273733725625618,0.642322290803007,0.24215833198992096,0.04278203995081588,1,0
478ecae73c0f,0.08492769319186666,0.24656503139919742,0.24923036081098607,0.41927691459794986,3,1
4797141539c1,0.02295003130161394,0.728347863454586,0.21766973947858395,0.031032365765215928,1,3
47a20936e21e,0.1656688782823436,0.5062495121138542,0.24538007949115095,0.08270153011265134,0,0
47a8d29668f2,0.17143772875433147,0.35937416135632944,0.452497148313093,0.016690961576246034,0,3
47af8c6239ff,0.04166924373883528,0.5961057077945727,0.2647954681570902,0.09742958030950177,1,2
47f9b7436c3f,0.6893373123377154,0.2057497056022527,0.09254733876857875,0.01236564329145303,1,1
48115244cd07,0.02156675905697477,0.2578530656451718,0.6646766255565238,0.05590354974132953,1,3
481267fb221a,0.5941865193598983,0.07883073133728123,0.2339815015574865,0.09300124774533383,1,4
481522b95d50,0.08891480569756063,0.7945549578804492,0.09695715427239016,0.019573082149600175,1,2
4838494c6cc8,0.06057291829052702,0.5807426363556456,0.2653978189820825,0.09328662637174485,1,4
484e59c2708d,0.3492254744489151,0.24147513126318612,0.13565197489972822,0.2736474193881705,1,4
485d4ccd3c0e,0.515330560926742,0.16176015594665563,0.13923088128014643,0.18367840184645595,0,4
486c0b27043a,0.2626928753946329,0.38060088425832894,0.23894778417233425,0.11775845617470392,1,1
486e633a5721,0.40004495347001207,0.451949817607225,0.09999848483911464,0.0480067440836484,0,3
48889844ef56,0.09267725430886851,0.612723159845079,0.2231867504725734,0.07141283537347898,1,2
488d48e19716,0.15499784114644108,0.35887346029393535,0.34001866797462055,0.1461100305850029,1,1
48d8abfbad2e,0.43273406703167755,0.33917041445305207,0.21287282221355736,0.015222696301713018,2,0
48e089b6f3cb,0.11882828077251945,0.5485112620889264,0.0844073448603537,0.24825311227820043,2,4
48e1cde4e995,0.03145178189659213,0.7373561508323259,0.14679379713651824,0.08439827013456368,2,4
4900ec5edaa0,0.08355421929725405,0.6557860545317684,0.2446750654436981,0.015984660727279446,1,3
490545ad8409,0.3813738251946137,0.421566071891958,0.14076976465409377,0.05629033825933452,1,0
490fe3924dac,0.23521692480847808,0.41210339591753625,0.17036313509495207,0.18231654417903362,0,1
4911fa4de0f5,0.14470315352761978,0.4314194148812183,0.25488224521948083,0.16899518637168112,1,2
4926141293e4,0.7795456889765835,0.10647845163095068,0.046779212752585835,0.0671966466398801,1,2
49358afcfb80,0.06976050655991135,0.46549880054949466,0.41999472708635044,0.04474596580424369,1,2
49374ea79cdd,0.17845760912867698,0.4604472301210613,0.29288073893428823,0.06821442181597352,1,4
4944adbe3aec,0.17142929703960907,0.2797815098017299,0.2308243826041682,0.3179648105544928,2,1
4948bfd21ba8,0.6300086545048219,0.1171638699271908,0.22339094289704514,0.029436532670942088,2,4
494aed280098,0.18223893803421642,0.38142512900634695,0.3616655749898386,0.07467035796959809,1,2
494f4d7a1bed,0.049159189820753235,0.7050595469213727,0.164824027177606,0.08095723608026802,2,0
49508eb834d6,0.6342198260282709,0.17846630567304408,0.14320936362921094,0.04410450466947407,3,1
495ab5cb9721,0.012933506035787141,0.950219963009384,0.019288305191079727,0.01755822576374919,1,3
4968d37e02cc,0.26335654454762747,0.3077300552179907,0.3380761949107355,0.09083720532364636,1,0
496dae9e8e48,0.0700881054185017,0.33965920575593417,0.08349260771216148,0.5067600811134026,2,1
49719e81744f,0.2845382410984949,0.27204577139380004,0.23659819444731928,0.20681779306038572,1,0
497bf4b490c4,0.6109841810903319,0.19151292560885985,0.16471999541672305,0.032782897884084984,1,1
4986a30d2f81,0.3131058488509282,0.30056453148147216,0.1945167785404446,0.19181284112715508,3,2
4989ab8488fb,0.554453861582337,0.10301787816875799,0.3287645759246359,0.013763684324269141,0,4
4991160776f9,0.1313514249506346,0.5314538833846785,0.27605973096219244,0.06113496070249435,1,0
49a79f8222a6,0.1621583199113509,0.33590262608252336,0.37286941413696845,0.12906963986915743,1,0
49c79f89893c,0.07054439708420253,0.558899570853782,0.15935406191305312,0.2112019701489625,1,1
49cb0e4c4f6f,0.2936434573440011,0.5872375965934595,0.046404759374184416,0.07271418668835494,1,3
49f33fad39cc,0.029052226020950353,0.8692010517828602,0.06739307336692975,0.03435364882925964,1,3
4a0fb5ff55bb,0.06997554167841345,0.4141055125245099,0.26413292971327423,0.2517860160838024,2,1
4a161522e760,0.516289277206998,0.23738438368173465,0.20012231249771867,0.04620402661354862,1,4
4a195eb75def,0.6580720810995424,0.16707196734374624,0.09720359544249274,0.07765235611421874,0,3
4a1e37b8cd8c,0.10546553190023304,0.620309347748247,0.15789685643455995,0.11632826391695997,1,1
4a2ddd0dc53a,0.22289437615530272,0.20332833243179538,0.47236944710597895,0.10140784430692304,0,3
4a40923456d9,0.24476630519930556,0.24598595497787007,0.4305089654869039,0.07873877433592048,1,1
4a4163009281,0.07157876828880065,0.8374691282722984,0.06315739604448113,0.027794707394419735,1,2
4a41d40a63d3,0.6921248343449566,0.0943401891118175,0.1842094256803017,0.029325550862924304,1,0
4a4e88562235,0.15739338302222733,0.6674234641561493,0.14951808589705182,0.025665066924571683,3,3
4a4f19493e91,0.16173303109725004,0.3211200028620358,0.4477546725887002,0.0693922934520138,1,3
4a5bba561d65,0.01135304230065577,0.6866220144443185,0.20654775801467118,0.0954771852403546,0,2
4a5d1728c12a,0.7326721527266006,0.14519674260231336,0.08584997658553938,0.03628112808554665,3,2
4a5e943d578b,0.05704125964897843,0.6335330780547273,0.27862291993069793,0.03080274236559652,3,4
4a6290010ad7,0.24387458027767187,0.10198518858713158,0.5713302533234078,0.08280997781178877,2,3
4a683fc106eb,0.010022976303455914,0.975509994103284,0.014088280703419059,0.00037874888984100957,1,2
4a6c95b0cc17,0.5653534849950113,0.1956632628118672,0.07120315331298761,0.16778009888013395,0,4
4a7253e116d1,0.9182410104185093,0.04654433180702153,0.03062690236429053,0.004587755410178851,0,2
4a746c1839d7,0.4732819829194748,0.28144290791890897,0.11758484253792638,0.1276902666236898,1,1
4a759252b405,0.554899779700878,0.18959451001255145,0.1760592810778688,0.07944642920870175,0,0
4a9a960d2f8b,0.07590128135685256,0.27244970965670123,0.5979813919332905,0.053667617053155696,2,3
4aa11ef1fd38,0.7533507531501982,0.09444308118208833,0.12995357136133295,0.022252594306380703,0,1
4aa5037091ee,0.512046650116361,0.25723602450009053,0.1846176642028623,0.04609966118068617,0,0
4ab7fae55612,0.7035324880237384,0.22825673493557144,0.04608712306346234,0.022123653977227885,1,3
4ac2b8f0d043,0.6210117732037438,0.0838599992825079,0.24987937847398708,0.04524884903976125,0,1
4ac6bbb98b57,0.06121902552185325,0.5170857811466565,0.40624363032998967,0.015451563001500624,3,2
4acca25f2444,0.6591002474199601,0.09350437284859031,0.13269728046131904,0.11469809927013062,0,4
4ae37a325776,0.40782025726460613,0.09369853992629429,0.33916614114700966,0.15931506166208984,1,0
4ae89e667a24,0.22284626616512118,0.44517014801064253,0.31192010951777593,0.020063476306460323,1,4
4af510894843,0.16854939746628098,0.2980798031806742,0.2970219718251881,0.23634882752785683,3,4
4af9fd126565,0.08569368982839098,0.6953935647843202,0.09360830267200271,0.125304442715286,1,0
4afcd8aa1ebd,0.23259147097127958,0.3792584879227502,0.2382045211592415,0.1499455199467287,1,0
4b009ead8ab2,0.29327324136919575,0.2372538626793716,0.4217909611866709,0.047681934764761645,0,0
4b04ef7e5a91,0.4590094328715783,0.15803480731835529,0.35291516661802874,0.030040593192037616,1,4
4b0988ac86c0,0.3974107347291181,0.44880026132580086,0.10937465173262395,0.04441435221245707,0,0
4b0a5a40676f,0.20085241267674647,0.5934448461920155,0.16120651437082772,0.04449622676041033,1,2
4b0df75f21f5,0.10209907737692053,0.3640854695250329,0.2432122738723469,0.2906031792256996,1,0
4b1d718d562a,0.25549390462616545,0.33184221538699643,0.25026412134441206,0.16239975864242606,0,0
4b24276e0963,0.09403590784847525,0.7070256051968274,0.06476777829607323,0.13417070865862407,1,4
4b263ebf9ad5,0.08939156287493555,0.669955881399019,0.20629507134767602,0.03435748437836951,3,1
4b4d19205cf6,0.23031721337152497,0.5074709670224873,0.10423492956584776,0.15797689004013996,3,0
4b4fa74957a1,0.849638794648359,0.06503653952790221,0.08106969329992898,0.00425497252380982,0,2
4b7578c84ffe,0.04317270123870066,0.8985219973657097,0.03216169314474488,0.02614360825084474,2,2
4b7b9871f26f,0.44343955482622816,0.4057631460749302,0.13751635006575785,0.01328094903308382,1,3
4b916be9f189,0.5552483648252228,0.22513589550488566,0.09102732267286513,0.12858841699702642,0,4
4b93ca3c31ad,0.542681296875559,0.18438896822806894,0.14109827875479103,0.131831456141581,1,1
4b9d49cd5e67,0.04101553578920883,0.7237681744933285,0.19311857197357712,0.042097717743885384,1,4
4b9f90e96569,0.25751240803163344,0.30550973611293275,0.2050442375662998,0.23193361828913395,0,1
4ba4eb1d380d,0.31355840353181946,0.2713276139854808,0.2935040094387045,0.12160997304399529,0,1
4ba755b48a9c,0.4770735756245585,0.38088333907074806,0.054167729258025654,0.08787535604666787,2,2
4bac6c7da8b8,0.5135180728849267,0.0966964905267796,0.3055266841071255,0.08425875248116813,3,1
4bb14a344446,0.825502580570655,0.06032736493204073,0.083247797257906,0.030922257239398423,1,3
4bb293489dde,0.6476436741772151,0.22215465958379538,0.11204723991618122,0.01815442632280837,0,1
4bb943c3001c,0.034743953354462946,0.8111294822519531,0.06544955426623035,0.08867701012735343,1,3
4bc2eb20a505,0.5447303486545366,0.14945432000777878,0.20906837749554805,0.0967469538421365,1,4
4bdad39035b0,0.25219796724783966,0.2527849530034175,0.34979011479427485,0.14522696495446794,1,1
4be426760e00,0.6210995838210346,0.2656145018843982,0.09051923294307955,0.02276668135148772,1,1
4beb8e107830,0.4440823278132084,0.29105234399163615,0.11116158401303525,0.1537037441821202,1,4
4c053382f9ab,0.015414839337574121,0.9324085831995591,0.029245385220650833,0.02293119224221594,1,3
4c0a382bf349,0.11857000614190219,0.5639824971399138,0.11874841209673499,0.19869908462144908,1,1
4c1a8be87462,0.8516603200476022,0.10976020762402594,0.030690816283862506,0.007888656044509364,0,2
4c1e5ca11b6e,0.21052903933953498,0.197673512402295,0.06230776611142165,0.5294896821467484,0,2
4c45ac349e3a,0.015865689862583885,0.88895673402544,0.0928566739566185,0.002320902155357724,0,4
4c4a0eb38623,0.22505446597810755,0.3982866722144037,0.12915069379172434,0.2475081680157645,1,0
4c5bc626fee7,0.6504802167270397,0.1598184075689186,0.10331937966903024,0.08638199603501164,0,1
4c6ddbf0fabe,0.5282243156149017,0.2182898969344087,0.07759324477589744,0.17589254267479215,1,1
4c74745605a9,0.09368246572746726,0.5491000980455808,0.08463639213154345,0.2725810440954084,1,1
4c74ab1c7193,0.42918334445926354,0.13060591854734496,0.2792533239587222,0.16095741303466918,2,1
4c8116b5ce1b,0.6846464811623045,0.06953264825959185,0.2077730515082776,0.0380478190698261,2,0
4c96f8a99305,0.33417042409729164,0.521361499089916,0.08349019216896264,0.06097788464382975,2,2
4ca61dd169d4,0.06946093643231002,0.762058993149918,0.05239717087464207,0.11608289954312978,1,1
4cb338b6e248,0.43375868941168944,0.29625324032428485,0.16964343580598323,0.10034463445804234,0,0
4cce09eca9ca,0.2195145331462044,0.10433119088139718,0.21754031392338433,0.4586139620490141,0,1
4cd37e041b4c,0.3929078118872598,0.47274898709443386,0.10433474538654482,0.030008455631761626,1,2
4cd4a247bc30,0.3378979153754587,0.23813524299129224,0.3610228544517423,0.06294398718150682,2,0
4cdca551d442,0.29831322554187495,0.4358486921183808,0.14413002157312352,0.1217080607666209,3,0
4d02730ae091,0.0640651577934467,0.4004532114157592,0.18051905666083135,0.3549625741299628,0,2
4d11294713ad,0.24641027040927185,0.17677224667893948,0.5564453979054325,0.02037208500635616,3,2
4d4042629e59,0.30938943813939973,0.4996921110013033,0.1378298723109945,0.05308857854830253,0,2
4d468b5b8cec,0.10877984912200656,0.4129846412180435,0.36098765379885495,0.11724785586109497,1,1
4d53dbd5fc09,0.39162741274995827,0.4279283176986797,0.10759389540871969,0.07285037414264234,1,3
4d6c1133d688,0.04590984400596387,0.8133238494447778,0.12431528392550945,0.016451022623749,1,4
4d70ab1d80d6,0.09572202684802833,0.6263824845061486,0.22168629202908255,0.056209196616740315,1,2
4d7a2748dfb1,0.22713336810562548,0.500031729368293,0.16853818709384338,0.10429671543223829,1,2
4d8280d84b26,0.06909972744519234,0.7923221213898783,0.08847266974266907,0.05010548142226029,1,2
4db82e5d8079,0.2953040827735082,0.3437953108362506,0.2930567946625284,0.06784381172771281,1,0
4dc6197ec461,0.02574683637305198,0.9308268395270226,0.042237405918335004,0.0011889181815903874,1,3
4dd1c6cd167e,0.1670331465963429,0.4428730386214557,0.15438517819122402,0.23570863659097743,1,0
4ddbbdbf2690,0.13934732321933077,0.621371910088652,0.10007195144470404,0.13920881524731318,1,0
4de525e4d09a,0.06949482422229104,0.5837412940312501,0.21329076898323643,0.1334731127632224,3,3
4de6472758de,0.029045034226862457,0.852076137984755,0.05756847980536554,0.06131034798301701,1,2
4dfeb4d6bf0d,0.40891217855270046,0.23429241541559884,0.12723200111429359,0.22956340491740707,2,2
4e3671f1dbf8,0.388800166387518,0.11501424549625983,0.22310981498467375,0.2730757731315485,2,0
4e51ae89d35a,0.6366644796035433,0.20704117483432213,0.12313619342661711,0.03315815213551741,3,2
4e81deb94cab,0.09338521360180457,0.591808445531786,0.26863102320677096,0.04617531765963846,1,1
4e9a365efc0c,0.060943057048105494,0.6806012737929455,0.1091672961159446,0.14928837304300455,2,1
4e9eb654f451,0.12046192518424305,0.05511441338457861,0.13097796088575067,0.6934457005454276,0,2
4ea356d57b10,0.4781434722791629,0.22423059600164913,0.21228672082187128,0.0853392108973168,0,0
4ea3d3aed9a6,0.052745498538597495,0.7499327570714629,0.17658684724986298,0.02073489714007657,0,3
4ea759eebb53,0.04735047607144314,0.8188041415200107,0.05320756888881585,0.08063781351973051,1,2
4ebaaa8b1eb2,0.058000822258082625,0.19267616965331247,0.7114632449917008,0.03785976309690406,1,3
4ecbcabc9971,0.04056499377468606,0.1927572794362252,0.6900613406343618,0.07661638615472705,1,1
4ee4406b32a0,0.09619590079489775,0.6249186930900733,0.25499135485275426,0.023894051262274653,2,0
4eea62413744,0.08740307258474529,0.5298907537532522,0.25799436093556893,0.12471181272643354,1,0
4f0201c0929f,0.20444833928861256,0.1336720767493537,0.3653014022512282,0.2965781817108056,1,1
4f044c4aa6f6,0.16717103677971523,0.38325403350795306,0.35474418042803146,0.09483074928430026,1,2
4f22fc4115aa,0.04782852745914363,0.5864552836516395,0.24834941745472677,0.1173667714344901,0,4
4f3ac8ed6bc3,0.6441682102594762,0.16690255319838962,0.11970750174075696,0.0692217348013773,0,4
4f3ad9b6686a,0.3306881990812824,0.3398383991575166,0.30045779626280567,0.02901560549839532,1,1
4f429eb104df,0.06684766098788027,0.3242729374274729,0.5225359737770564,0.08634342780759047,1,3
4f4a405729f2,0.7247353946904367,0.19734407464702078,0.04485133808063971,0.033069192581902725,0,4
4f4ec43883e1,0.34243631343796366,0.46490848035874066,0.13371568474665485,0.058939521456640796,1,1
4f7282cd3316,0.4012785455983116,0.2787644610661509,0.196360698931494,0.12359629440404343,0,1
4f7398c0551c,0.18719075727178144,0.6333811914274551,0.16265087747719312,0.016777173823570423,1,3
4f76e9117edd,0.1612617092247337,0.38873250796965764,0.25240002101294245,0.19760576179266634,1,3
4f87a1a47342,0.2316884253737693,0.42659666171330574,0.2151855766494749,0.12652933626344992,0,4
4f882088da4b,0.024539274243798422,0.8388970482524507,0.1075538898814922,0.02900978762225877,0,0
4f93ae390464,0.3780296878433656,0.30364543082268564,0.1747698198272747,0.1435550615066739,3,1
4f9e5a782721,0.7671117576376759,0.16786592766064765,0.04771651020465999,0.017305804497016474,0,3
4fb1f71d298c,0.19499013662686837,0.29058610031091076,0.21654662031912109,0.2978771427430998,2,0
4fe046c0f566,0.23641649107607432,0.28871823146657777,0.3966849136857926,0.07818036377155534,1,1
4fe89b3c7225,0.19801339756782127,0.5794171245245463,0.1477701211338059,0.07479935677382653,0,0
5011af7ced63,0.15884304480155886,0.11317657329005704,0.6307928387287831,0.09718754317960093,0,0
501f89688227,0.43666279855707246,0.07584949796709257,0.4208202387547576,0.06666746472107736,1,1
5024b6620c03,0.3289826980505627,0.07816221079860074,0.5481182441207668,0.044736847030069894,0,2
50586fea5441,0.14214702444389715,0.3229978528060284,0.20547545233121256,0.3293796704188619,1,0
5062655a0c9f,0.30083485542349464,0.32347064166653317,0.10507014669770566,0.2706243562122665,0,0
50680af8f366,0.20472450729821495,0.06296445772786956,0.7006435872102866,0.03166744776362885,2,1
506e43568206,0.07907848981068341,0.6919577337992637,0.1679075094471257,0.06105626694292714,3,1
50787fecf4ce,0.009852248312606412,0.9506513251812532,0.026816520636260884,0.012679905869879542,1,0
50837951818b,0.2030794015252483,0.7249314988407716,0.038111405492104684,0.03387769414187543,1,3
5083d7064601,0.04020918498209497,0.7535815913147941,0.15976512865889678,0.04644409504421408,1,4
508614a9c9ff,0.2765197538724571,0.33148137014945595,0.21084655444445988,0.1811523215336273,1,4
508b10b44ff6,0.3862595365798373,0.27505156676035003,0.23754268400852982,0.10114621265128297,0,4
508d6acdc4ce,0.4969201935135245,0.31811532740152776,0.1761853136990599,0.008779165385887697,1,3
50ab8f13a325,0.09953558615756834,0.7004982903702012,0.16711482349056828,0.03285129998166222,2,3
50bbbabf06c6,0.3016310088029328,0.5689819726802856,0.043278376960961505,0.08610864155582014,2,3
50c72842fd87,0.051810549973414825,0.7373728388796594,0.15506446192878554,0.055752149218140125,1,4
50c7efb145ce,0.3391271094257429,0.2792985823719835,0.2682618344420753,0.11331247376019832,1,1
50d38e4b0732,0.349950876605551,0.43963502498952167,0.15485256296697353,0.05556153543795386,3,0
50de43ee58c4,0.17402191583164225,0.636368977664944,0.1575737236922538,0.03203538281115999,1,0
50e9384ca4c1,0.2991530855546465,0.3423953995851884,0.1902918046485463,0.1681597102116189,1,0
5108dc02655a,0.05700876523532353,0.25320729781569307,0.22843159108813585,0.46135234586084745,3,4
510b4b2ae848,0.4170724236158669,0.44099560140152705,0.09158238337035367,0.05034959161225235,0,3
511b76817a88,0.22405762170591004,0.3876381307092232,0.21815755536435041,0.17014669222051645,1,0
511f9a60ee5b,0.5289257778458135,0.14258155066219505,0.234562743672297,0.09392992781969421,3,0
5122ec355c24,0.021444232173394542,0.9316647724046421,0.04123886736496076,0.005652128057002703,1,4
51294e64d81e,0.06873821569637942,0.6043309604435861,0.2707356196028433,0.056195204257191246,1,0
512a9622ca0f,0.5418927742411666,0.23110295840256484,0.1838951466357561,0.04310912072051242,1,2
512f55885e0b,0.17454501709243547,0.6430972679481024,0.08036899432816483,0.10198872063129723,1,2
512fbe9d996a,0.4683258623474429,0.13297284142100255,0.2643446009493255,0.13435669528222915,1,0
5133bbb7b75c,0.37641643766883937,0.20814342953080514,0.36999292440767184,0.045447208392683625,0,1
514b87b8275d,0.16701185190013682,0.31830585820766594,0.4455153288410222,0.06916696105117501,0,0
514f1f9f8912,0.6595501775901181,0.1073298506418638,0.12549241579536297,0.1076275559726552,3,0
51502fa7747d,0.1938221616117718,0.476385694916085,0.26282757081928615,0.06696457265285702,2,3
5170993e49dd,0.17241409381664133,0.6948809778408448,0.06968913586995751,0.06301579247255619,0,3
5187caabdb51,0.1093089884151032,0.5837899897132425,0.259836054708277,0.04706496716337736,2,2
51a10504052c,0.045915330557873536,0.7896452686917119,0.1495177360140301,0.014921664736384503,1,4
51c3b10f88d1,0.08078724019737965,0.49316535596311334,0.3332155991166608,0.09283180472284606,1,3
51e626885505,0.3454454130227962,0.12828217914701442,0.41597814344699896,0.11029426438319044,2,0
51f479f9ac83,0.6978053579265905,0.10492142044726097,0.14675522354103662,0.050517998085111905,0,1
51fef9be5005,0.5997600494571156,0.16808471081938245,0.1620546791906415,0.07010056053286053,2,4
521c520f0d18,0.2321864144740572,0.3617954328142023,0.3380605501643603,0.06795760254738026,3,0
5249dd72e890,0.24631564522710023,0.34905058085729007,0.18277563232812893,0.2218581415874808,1,4
525baed75bc5,0.25790920830300146,0.21037386224444915,0.34062853769572055,0.19108839175682887,0,4
525f144cecf9,0.29550363819096337,0.3294142506359587,0.2604570082521824,0.11462510292089546,1,4
526393a46dcb,0.48965931188338196,0.3047621621986604,0.18921804499703138,0.01636048092092624,3,0
528aca245f9a,0.26290808353648665,0.26385150777253696,0.30372064681741906,0.16951976187355736,2,1
5292575d2789,0.009066122309949617,0.6677945026054707,0.2801879754366992,0.04295139964788033,0,3
52a07bdb51ad,0.2504565613896961,0.3435540019461697,0.37116698712043006,0.0348224495437042,1,2
52b4996cd35d,0.013003393761712882,0.856284872823714,0.05749237228867642,0.07321936112589668,1,0
52ced5f7e2b3,0.25175833433929135,0.49022445946712634,0.13447954663874157,0.12353765955484068,0,0
52dc05bd4381,0.7070562155478344,0.06307164710233427,0.16818254523694617,0.06168959211288516,2,4
52e8c2d0de50,0.49230602958170827,0.3627846421351243,0.08463763176268593,0.060271696520481526,1,4
5304d41ea0a6,0.12283201508922507,0.3728828664476056,0.4174788246377998,0.08680629382536964,2,4
5304dd253880,0.1084802708742297,0.5766298595832362,0.1196690834245675,0.19522078611796648,0,0
531c0554dc5d,0.7810429111152628,0.1460683141412226,0.06568391432135784,0.007204860422156747,0,2
53234761691b,0.5094042477470571,0.35621323193371296,0.07896128394215057,0.0554212363770794,1,2
53345381e15a,0.043475589807660094,0.9304954620603558,0.019257796214071025,0.006771151917913129,1,3
5359e47a53e0,0.14345822756297047,0.09236439226715816,0.6300730593828296,0.13410432078704165,1,1
535f8c7a5191,0.5889440422854785,0.31528693005635716,0.06224806684652696,0.03352096081163738,1,2
5368a8bec11f,0.06089883935236762,0.7364695707839052,0.134870535701548,0.06776105416217905,1,3
536ec36c3d62,0.32495035785373855,0.32935825163399896,0.29801826746354526,0.04767312304871714,0,3
537d1ce14277,0.029250774050830652,0.9174741581277285,0.030279117875810255,0.022995949945630513,0,3
537f2065d631,0.37964502395019356,0.1301966028265085,0.3487001710875329,0.1414582021357651,0,1
5380acab9ccf,0.5053114311821252,0.15913865275390182,0.2526009054627514,0.08294901060122162,1,2
5392f3af1472,0.18320990670174445,0.29249801771471134,0.4524002454543917,0.07189183012915237,0,1
53a94edc58d1,0.024813098368276946,0.7335616794747142,0.10154744580566025,0.14007777635134866,1,4
53a991898080,0.20427625435235183,0.28456437520006017,0.4249968332277381,0.08616253721984993,2,4
53ab14d3aeff,0.16191499718275787,0.338430428565074,0.40984040244120756,0.08981417181096066,1,1
53ab7bc1ca97,0.09415150153231511,0.5047154753134372,0.3350512307687161,0.06608179238553168,2,1
53aed14e6386,0.38918329381164857,0.375670779688012,0.1634062074866157,0.07173971901372383,2,4
53b2ff894bda,0.08691029771297994,0.49931798001448896,0.22510700513811677,0.18866471713441424,1,4
53b974b2f19b,0.038065967351597084,0.9199747149103333,0.020614212037810463,0.021345105700259256,2,3
53c9dc786907,0.2163004427182949,0.3802823524333234,0.32923409375647017,0.07418311109191143,2,2
53e3f01fabe1,0.016451118564230743,0.40599626237948283,0.5074900347673164,0.07006258428897001,1,2
53f3c8c16f5d,0.7187801461926338,0.1682171220604627,0.0920875188044932,0.020915212942410458,1,3
53fefa2635de,0.24446383100838992,0.4592024685728927,0.24334801137555961,0.052985689043157744,2,3
5400139d2bb4,0.28951193034222256,0.11762617148203545,0.5403027572757322,0.05255914090000968,1,2
5410626fc53a,0.07152852868452272,0.8464451528119645,0.03986652314826756,0.042159795355245236,1,3
5423b19fb38b,0.07273863629352743,0.47623616721558315,0.374105216099316,0.07691998039157324,1,2
543ea3ce1275,0.014011727337109927,0.8870460411651703,0.08287099156839714,0.016071239929322672,1,0
54600e52f553,0.6884705171513027,0.10392199980795518,0.17578498037955556,0.03182250266118651,0,4
547aae81c04c,0.5516127770987999,0.17472928181788877,0.20774831167185026,0.06590962941146104,1,2
547b1dd0ebcb,0.24542046338381762,0.43158367535935094,0.2600872033923782,0.0629086578644534,2,1
549205ed957c,0.13888071373519287,0.6329473880356951,0.19929264407977895,0.028879254149333098,0,2
54a1ff4452af,0.2587733177058804,0.41808565425087996,0.29715050871333454,0.02599051932990511,1,2
54a72130e138,0.5529290123122536,0.35237636641357667,0.09030212163193437,0.0043924996422354265,1,3
54bcc360cc71,0.19455211232924138,0.405472341920848,0.36150755340332663,0.03846799234658395,0,2
54d2b19a59c4,0.316351050842506,0.2250990074429359,0.27352550455179714,0.185024437162761,0,1
54d3bd418490,0.060907761690421634,0.8091353377411081,0.0339334934068802,0.09602340716159001,1,3
54d87992ebd1,0.46451770264883957,0.2435624134075242,0.20083303238257266,0.09108685156106375,0,4
55178967f39d,0.016212637173449937,0.9450387316298503,0.03716704596549004,0.0015815852312096664,1,2
551ce2f497af,0.4955626541559568,0.18431137925594435,0.12258047858910465,0.1975454879989942,1,1
5545ef49ebfc,0.5033291945085808,0.246600526655089,0.1156835266384113,0.13438675219791896,0,1
5553337f41b7,0.17799616940741317,0.5252775154525228,0.24776546474885042,0.04896085039121354,1,0
555aa3906759,0.16919174501800355,0.2551091522899637,0.5144927131911797,0.061206389500853005,1,4
556b76b37e6e,0.23621434892243118,0.609159982490198,0.05834854885397057,0.09627711973340025,2,0
5590d0f84fb4,0.3947047732384678,0.23317919994122596,0.204686127261916,0.1674298995583902,2,0
55a1e614cd5d,0.17194635119201845,0.2395506916326631,0.25566242353468743,0.33284053364063104,2,4
55bdad0b3d6a,0.4379045636768851,0.1261539069450828,0.36954093869996946,0.06640059067806287,0,0
55bf89ae74ea,0.46950839778805087,0.17747159638757967,0.31669826706554427,0.03632173875882505,0,0
55f9624fef0e,0.6235250049283506,0.24351014842521146,0.05679722194534654,0.07616762470109142,3,1
55fb3303c057,0.6653743515678043,0.21296724459034588,0.09900474478949826,0.022653659052351574,0,3
561871085c06,0.697673093825011,0.12205553102856975,0.10998837658534145,0.07028299856107788,0,4
5618efab082e,0.8230455007364216,0.06831668263318215,0.031978508733820216,0.07665930789657623,0,2
5621dfc80f12,0.44753325884179573,0.21758450072763938,0.20573251829738526,0.12914972213317968,1,4
5623a3a86114,0.19120232348923233,0.5837790762118976,0.18079118895712917,0.044227411341740824,1,2
562b773e21da,0.6128504609482617,0.12067059009121284,0.16307647728948976,0.10340247167103571,1,3
565cf7dfcce7,0.07584607110612855,0.4788032029797596,0.43843512863013206,0.006915597283979696,1,2
56688f5bde5c,0.3353337422399123,0.23836100870005741,0.32937216820095466,0.09693308085907562,1,2
566c4bfc22a4,0.06909192599912793,0.22499177411002663,0.28056896340790116,0.4253473364829443,1,1
568691cc04c4,0.13592015233393953,0.43988891973091016,0.1900657933172289,0.23412513461792134,1,1
56a69969ec4c,0.7491481931651842,0.10723202028731382,0.11435206891555531,0.02926771763194653,0,1
56a6a370c80f,0.5236828950956326,0.17111387372890127,0.17385764337129056,0.13134558780417546,0,2
56b13bf13955,0.3378614207199185,0.3182617454409619,0.17799327431801462,0.1658835595211049,2,3
56ec96b96a1c,0.01451874683966556,0.9682852287335862,0.016492559264115046,0.0007034651626332342,1,3
56fe338adcca,0.10312244222398181,0.6238763911672861,0.24885190069459118,0.024149265914140964,0,2
5706623a8069,0.3140285634643505,0.39598004331828285,0.2825150187062177,0.007476374511148851,1,3
57081e4ab3b1,0.3799131638933879,0.2265765979815795,0.1108621228755025,0.28264811524953004,0,2
570d6703b8bd,0.13770966908339813,0.5889338032682904,0.21863660436257257,0.054719923285739,1,3
570e81ad62f3,0.24419403098181316,0.19843335511538968,0.14067894059204666,0.4166936733107506,2,3
570fd6af9eab,0.255994553198147,0.5252551126189298,0.2003561760006884,0.018394158182234815,1,3
5753677905c4,0.04715785652851105,0.9022217563290171,0.04713139078028469,0.0034889963621870883,0,1
5756aa070207,0.06311325142674272,0.8651340040379111,0.05991467026714669,0.011838074268199411,1,3
5758d3fadf95,0.10948894237720434,0.521974655946125,0.12929586400977439,0.23924053766689637,0,2
5772159e2645,0.19891823281518314,0.4268561165716025,0.2807223599160516,0.09350329069716294,1,4
57776e62829f,0.7404939128287537,0.056513023914622255,0.1714213099842069,0.03157175327241706,0,0
57850405120c,0.1537993899260509,0.44017142003302717,0.2339043768696747,0.17212481317124725,1,1
57915fbd41fe,0.7396634113264624,0.05596890027334176,0.18934564309435511,0.015022045305840814,0,1
57b5cc0c0645,0.07970907069858851,0.7522256737963453,0.15088912178282174,0.017176133722244566,1,3
57ca1820340c,0.560728130633858,0.20552513824617305,0.1751486567809805,0.0585980743389886,0,1
57de882902fc,0.23709167719557095,0.4204482922562959,0.20384630433999182,0.1386137262081413,1,4
57dfecfd86ff,0.32567327047645755,0.38376223736735954,0.1844876287356767,0.10607686342050623,2,1
57f81b7f45cf,0.20972216231681867,0.3046492839462056,0.3615188193428919,0.12410973439408395,0,4
58072ae8b0f0,0.054449201813730766,0.8397653507436227,0.09841560107076029,0.00736984637188619,1,2
582562f90e88,0.35157356475518375,0.3392941933200168,0.19240174179485017,0.11673050012994925,1,0
583b8489646f,0.6790343402364751,0.12973042398052706,0.15952116685153192,0.031714068931465896,0,1
583f34f5d5fc,0.9256540293068456,0.04173963426849249,0.02460758702690805,0.007998749397753772,0,3
5840fda24291,0.41047909746454775,0.20566524805724143,0.18524008401847747,0.19861557045973333,1,0
5846e5cc51a2,0.2637388572759759,0.2555500149329614,0.3267235551200716,0.15398757267099106,0,1
58501082c63a,0.036117894799316395,0.6557701508209685,0.18018862402930322,0.1279233303504119,1,4
5861e8681425,0.24654563931734966,0.19390891323671006,0.2361196971922222,0.32342575025371806,1,0
586d54b2a31a,0.3969882298594437,0.34119755302599386,0.23797519544709825,0.023839021667464145,0,2
587699c00f43,0.6516100297935823,0.2204640409216598,0.10731916344062375,0.020606765844134175,2,3
588b613b92af,0.5228264359975451,0.13713709835861587,0.22424186708577065,0.11579459855806838,0,4
58ad7c132f66,0.37882040155723384,0.19447993676568587,0.4084544002991551,0.018245261377925225,0,3
58bd213f054f,0.3904542079044369,0.44031902302796966,0.13547633815149074,0.033750430916102594,0,2
58c8cb4271bf,0.05138987227759186,0.7646579360335187,0.06442693839660173,0.1195252532922875,1,3
58cc074e38da,0.2675638540588487,0.6286101502410066,0.09017426489668645,0.013651730803458209,3,3
58fd19f3e555,0.21983422369828398,0.4827821765378727,0.19206802377846494,0.10531557598537832,1,1
58ff60a8bc71,0.2979425290281979,0.4420031702076447,0.13556751872198486,0.12448678204217248,1,2
59227e05796e,0.6538450168169981,0.2752607632159896,0.058950812226179775,0.011943407740832593,0,2
59289712b7a7,0.08496638419192315,0.6761166362924603,0.14792398231646064,0.0909929971991559,1,4
5947be3fea54,0.23677523738212122,0.3480956577744173,0.3403295862660441,0.07479951857741735,2,3
594b6a49d2ea,0.03278829161270922,0.39052700982834665,0.3889856750131811,0.18769902354576315,3,0
594b82058ccd,0.655158212148876,0.14139778522136728,0.11795262425859986,0.08549137837115693,2,4
5970de40ff73,0.10741156654363203,0.6746442244450519,0.17679007575441963,0.04115413325689641,3,3
597671ef6252,0.861201253587539,0.0616649489290432,0.04684576165250241,0.0302880358309155,0,1
5979bc664c1d,0.20001965222062637,0.20566038551448626,0.4395915183266862,0.1547284439382011,3,1
597f5f3f8751,0.10838957182272096,0.33646307299474604,0.4094299852627723,0.14571736991976061,1,4
598b2841a3d5,0.32138956113885864,0.3492174149672861,0.2259651290582679,0.1034278948355874,1,1
599645fe1eb3,0.5689745974685855,0.1383835361313859,0.25102585131393473,0.041616015086093715,0,2
59a91c5701e6,0.4675963191458835,0.15993528391675235,0.3385329917369196,0.03393540520044455,1,4
59ab0bb7cd92,0.5617660537760304,0.16608896587848979,0.14410521587675046,0.12803976446872928,0,4
59be4450dac0,0.2079258730624788,0.28662523066320666,0.28845534602096057,0.21699355025335393,0,0
59cb862d37e1,0.18996755483814567,0.17795977035580085,0.5989717737168897,0.033100901089163706,1,0
59d10129bc08,0.48885948071774155,0.14015277284097205,0.19986444932776726,0.17112329711351917,1,0
59e10fae4c81,0.16667174822146552,0.4171192334485704,0.34102562162769645,0.07518339670226756,1,0
59e137176570,0.19844984408919483,0.1695356779773606,0.29568359855417103,0.33633087937927353,0,4
59e43e0b66a9,0.08945620878440594,0.5970596780611385,0.26107191970853616,0.05241219344591939,0,3
59f38b6e1b6b,0.014302670189056638,0.8944737682665108,0.05811385308599114,0.03310970845844133,1,2
5a0e35234db3,0.6530705889971037,0.26147295771533213,0.04006690324217679,0.045389550045387424,2,2
5a1b6052355e,0.09701810026017343,0.5483211915559856,0.07002243219121858,0.2846382759926225,1,1
5a23fa5717a3,0.5094219076036839,0.2530592917486785,0.14420729315006245,0.09331150749757496,1,4
5a249578cf8e,0.22756598008431816,0.20149639333983282,0.431347441654146,0.1395901849217029,0,1
5a37eccaeb4e,0.49384759205496676,0.1964089293435751,0.19795661137511192,0.11178686722634613,0,1
5a40b5567ce8,0.3748215536742361,0.2380286609468131,0.2664450583274263,0.12070472705152434,2,3
5a642870b814,0.15107797335799422,0.487829453896309,0.18147079962817472,0.17962177311752203,2,1
5a869900cfef,0.3973048681182499,0.3084583411716489,0.15515196815442375,0.13908482255567742,1,4
5a8eabd0dfbd,0.1400398442840072,0.5731326278927124,0.23686890214024145,0.049958625683038965,1,1
5a9ef6342497,0.4109134725477028,0.12008985794358779,0.3583208754100153,0.11067579409869403,0,0
5aab89012cc2,0.12941523152520387,0.5745406609900188,0.19526641314841328,0.10077769433636398,1,0
5ab0afad9234,0.334821236606307,0.2635216148540508,0.24284476783598719,0.158812380703655,0,1
5ab46852e359,0.21518671898844105,0.440019935179576,0.27840607494361963,0.06638727088836319,1,2
5abc0730eea5,0.07513863466178772,0.709852411630555,0.17015594831575612,0.044853005391901186,1,1
5ae77db07c44,0.1969120158204709,0.5119544806758485,0.10113725068523995,0.18999625281844068,2,0
5b059ef0f8ee,0.06961864682403449,0.5190909170070596,0.3977796560408088,0.0135107801280971,1,0
5b09e5efc537,0.6507836931503703,0.12602926662816766,0.20603080239091376,0.01715623783054824,3,1
5b380012edfc,0.0808475675059663,0.6126462574770085,0.28631217937173886,0.02019399564528629,1,1
5b399e31d07f,0.0724218871667665,0.28296343668139107,0.5330253079558651,0.11158936819597734,1,2
5b4320cfadc4,0.10272380055281498,0.4160504070921611,0.37048526461046344,0.11074052774456046,1,4
5b5889f8e4b7,0.20949993338975245,0.42458396650380675,0.22885893034421867,0.13705716976222213,1,4
5b65a69885b6,0.365297387169536,0.19747762673944075,0.2965523216771915,0.14067266441383172,1,4
5b96a28a5ae7,0.07684160338583539,0.5128566148983781,0.2610294576816541,0.1492723240341325,1,4
5baf929549c6,0.4327490021868191,0.1244983568337973,0.27489505584495866,0.16785758513442492,1,1
5bbc4574f4ac,0.4929070122303787,0.30916250511866405,0.14413487581943618,0.05379560683152108,1,4
5bbefa3819bb,0.18965861450051075,0.6911071310880051,0.06305123261045417,0.05618302180103008,2,3
5bc2b00f611e,0.26465607072567615,0.40708911196579856,0.23709916645629578,0.09115565085222965,1,4
5bd7e722e24f,0.13874094302615886,0.5067231808739846,0.28335667718766605,0.07117919891219043,1,1
5bea77df76eb,0.2719398793982841,0.5037602221928392,0.16163928186005597,0.06266061654882073,0,0
5c20d46146b3,0.5851580697547625,0.133683406279071,0.23995183406196052,0.041206689904206124,2,4
5c3c9a303c13,0.5009815760750193,0.2667237314382365,0.17355891509876456,0.05873577738797953,0,2
5c4a2ed04ff9,0.26461993882110935,0.54567496676755,0.11316847755025164,0.07653661686108906,1,2
5c4e0bef2cc6,0.13481287542396053,0.7031022500391114,0.13203290952987468,0.030051965007053365,1,2
5c5a8fe1d563,0.1131888883148592,0.07514742929445338,0.7090900276024381,0.1025736547882493,0,0
5c63bdd7a0a7,0.17450865832928064,0.3004715848198571,0.31381762259765866,0.21120213425320356,1,0
5c67abd0b49f,0.6999181722632667,0.11357474990750381,0.1344960849242415,0.05201099290498793,1,1
5c6b722a9a82,0.10981768589192037,0.48690773264305864,0.38000005164432954,0.023274529820691663,1,2
5c97fb42f06e,0.46248447377201063,0.22204478751296658,0.2739120664457321,0.04155867226929064,1,3
5cd6a7ebb37f,0.8023999772851578,0.11525197420332368,0.04685356861897405,0.03549447989254462,0,2
5cf8c5e5aa23,0.48958274784895917,0.399746546776796,0.08268720734237295,0.027983498031871917,2,3
5d09203da3ba,0.24242889719965052,0.30830748088050985,0.21636097548312258,0.23290264643671696,1,1
5d3619fd4540,0.3117631451266464,0.19195568200181662,0.10698677757452596,0.3892943952970111,2,2
5d5f5f5ec586,0.1855193550578347,0.5361543824257857,0.2080665937767845,0.07025966873959497,1,2
5d66b2f4c8e0,0.10469572638505283,0.3715624861113179,0.19534043925643477,0.3284013482471944,1,0
5d786634f354,0.17283126414396532,0.5019305419817526,0.1736126588935804,0.15162553498070153,1,0
5d7a01890cb6,0.32602356964632334,0.34980384023046135,0.2729306610640702,0.05124192905914514,1,0
5d8bf0fa1ec0,0.5471571820128548,0.16924742818824573,0.196899826512193,0.08669556328670652,0,1
5dbe5d09d8b4,0.5001463760364236,0.27009193736215714,0.2092763703084566,0.02048531629296276,3,1
5dcdd4c77f15,0.5285221639660331,0.2913585674173777,0.14081005063380547,0.039309217982783716,1,3
5de1720c253f,0.2539426370449115,0.11708951620562517,0.603766093985751,0.025201752763712372,0,0
5df3682bc713,0.6793400835734514,0.07676471088819435,0.15262064253013125,0.09127456300822301,0,1
5dfc819491fb,0.19363211061052796,0.5346075593397939,0.11463781762365326,0.15712251242602496,1,3
5e15393e8483,0.37824249158086853,0.5551859068074935,0.02541503190109086,0.04115656971054711,0,2
5e1e833afeeb,0.5667454083952654,0.14220592963112635,0.09975336091583263,0.19129530105777565,0,4
5e22d4f43674,0.25976725937949685,0.28448339305413906,0.283895698634201,0.17185364893216312,1,4
5e3842ff3457,0.4039415961871177,0.3778316784620222,0.1166584682667823,0.10156825708407768,1,2
5e3a04aec6df,0.08751544304530748,0.5839886476559167,0.32086671008678413,0.007629199211991692,1,2
5e543578feff,0.03919755314649844,0.9312439649748503,0.026270050303086767,0.0032884315755646073,2,2
5e5b8469395d,0.366847395535946,0.43382533539599166,0.15830052960944982,0.04102673945861251,2,1
5e5bee2f9f08,0.2600175166666849,0.14023282106347454,0.45700309704333064,0.14274656522650994,2,4
5e64e42f9b10,0.19690829413929975,0.38587081773800885,0.21092338446469602,0.20629750365799526,0,0
5e7386e9b570,0.37529529761456676,0.3034505975817397,0.12028438132762577,0.20096972347606779,1,3
5e7e2e3b20f3,0.21655278696714597,0.44236243337562264,0.20530611990732658,0.1357786597499048,2,1
5e811e5fa7a8,0.06613639045588583,0.5899816695800624,0.2922030055978446,0.05167893436620727,3,1
5e8554463272,0.14793919698266947,0.6082829070249074,0.19681972784556112,0.046958168146862,3,1
5ea54f3cfdbb,0.2989751316181195,0.2762728913800724,0.14383807855299566,0.2809138984488124,3,4
5eb39b25e6a2,0.06948224555529328,0.7467051175033385,0.10833822277490741,0.07547441416646095,1,1
5ebc6a206211,0.3422868179093497,0.20860947942664787,0.21321662531751503,0.23588707734648717,0,4
5ec612c367ed,0.8427488410241835,0.06884246384154628,0.05518154187832077,0.03322715325594948,0,2
5eca9e1472e6,0.5672736005297132,0.1601917262237998,0.24016069473799437,0.03237397850849257,0,1
5ee57e4e2a9a,0.15326608772050399,0.4684563159873571,0.31384899132772054,0.06442860496441846,2,2
5ef72546790a,0.43795956443059164,0.20336236504952804,0.2924195069018968,0.06625856361798341,3,3
5f0bc1dfa0f3,0.49537615887152253,0.11432123945779377,0.31752594116330196,0.07277666050738164,2,2
5f101534e80d,0.0127876895423063,0.8970747693549004,0.015427700533142661,0.07470984056965073,1,3
5f159e65db5b,0.05900136035079663,0.5678478353504383,0.15620284821019845,0.2169479560885667,1,0
5f1d8846918f,0.6142485931465483,0.09901343660167099,0.251634671384777,0.03510329886700367,0,1
5f214fc89978,0.2568365166590418,0.31290279772198926,0.3752171041257866,0.05504358149318226,1,3
5f23e39538df,0.4123138266370263,0.1359865230627477,0.18800670782872927,0.2636929424714967,1,2
5f262d843e38,0.07460210565747848,0.7465157902343852,0.10408174958106177,0.07480035452707469,1,0
5f4a1c18f73a,0.1569339335598778,0.4680542592310749,0.340513355587602,0.03449845162144523,1,2
5f68d62a53b2,0.20355128056699037,0.27776827113396335,0.4021026296289843,0.11657781867006202,3,4
5f71657bb13c,0.02903006191261141,0.8911178374050116,0.07413664448030734,0.005715456202069725,0,3
5f72cd51c9d9,0.22677957916205907,0.26645976292980444,0.29914709703166464,0.20761356087647176,1,2
5f866897e480,0.33749396777757346,0.14446962769575425,0.49548752202105084,0.02254888250562152,2,3
5f893a168417,0.18181959480857898,0.6006619396586317,0.11739235813264544,0.10012610740014395,1,1
5f9127732aa5,0.24510030101615735,0.44947073565348294,0.28397942524301084,0.021449538087348955,0,3
5f91c6b4a523,0.4655521219090483,0.10318848665214149,0.38214348303607426,0.04911590840273597,2,3
5f9315239590,0.3952598087229677,0.4142393821871281,0.09800640951392814,0.09249439957597606,0,4
5fcb8bc7513c,0.5181186620036153,0.24250463522987759,0.06285318697003262,0.17652351579647443,0,0
5ffacabcbf60,0.21921294899925853,0.2870175810498102,0.4523318401115745,0.04143762983935677,1,0
600ab69570f2,0.2494957247432279,0.32904055975615465,0.2681161474080333,0.15334756809258412,2,0
601e2cbcc9f7,0.6319165948082468,0.1290372686870099,0.14028647414331966,0.09875966236142368,0,4
6024ccb28c47,0.25843645854349057,0.13579123227675877,0.4200992241438436,0.1856730850359071,0,0
602ee70cb61a,0.22382338947739458,0.09237201355303047,0.6353247263239231,0.04847987064565188,1,2
6039f7ffcc5a,0.039343843718900824,0.7978180712175877,0.08891089127128432,0.0739271937922271,1,3
604e3942c322,0.5643275028607867,0.17347024153436016,0.23491923835176512,0.02728301725308799,0,2
60554eada6af,0.6146680938221706,0.11542927431988018,0.1425872590264906,0.1273153728314587,3,4
60582c2b6793,0.5320182696762391,0.2647762199998093,0.13464234275339587,0.06856316757055589,1,3
605a4e81d716,0.47319533416445714,0.41143478233205405,0.04699802326281534,0.06837186024067356,3,2
605f27e6f20a,0.4407040266160793,0.19038920266236994,0.28021049263780934,0.08869627808374138,1,4
6065262d57c0,0.24188821363125979,0.3958856805486243,0.2746413051999309,0.0875848006201851,0,0
606f749a9152,0.02494138930617601,0.9187263923005807,0.02952145301525912,0.026810765377983964,1,3
608311337d65,0.03769739774033415,0.677565046486738,0.25770056045585804,0.027036995317069802,1,0
608c09cf07eb,0.36700293603291956,0.2795430959189736,0.1391503299161171,0.21430363813198966,2,1
60b01c86e9c8,0.23625719370381495,0.4364504286971555,0.24595813927740603,0.0813342383216235,1,0
60b307a1d9c7,0.35473192759564753,0.2879159457554334,0.2927142317023915,0.06463789494652758,0,0
60b889344085,0.3727929311602684,0.3397945964778861,0.2543059759589896,0.03310649640285568,0,2
60c6d93dbf6b,0.3725767166169993,0.06969228694839118,0.3467702367742696,0.21096075966033978,0,1
60cdc5f41222,0.5359929378800962,0.17000633536745066,0.13279847756329588,0.16120224918915732,1,0
60e1338439e7,0.4494254184947037,0.22007823660279843,0.1981184988019599,0.13237784610053804,1,1
60ee48e72980,0.6595970866592928,0.14080508769750788,0.12660120996306698,0.0729966156801322,1,2
60f2bf33d1b1,0.3213087081498889,0.19770337633564167,0.26846553125549216,0.21252238425897746,0,1
60f874bde211,0.11899705618689829,0.4416988785182196,0.33690436852481,0.102399696770072,1,4
61007125e8a1,0.2120130594965538,0.21968783323377977,0.23605871706468004,0.33224039020498636,1,3
610b0e29d87a,0.32859608091931275,0.28021676305916515,0.3233064530717311,0.06788070294979108,0,2
6126faf783af,0.2987695121994682,0.18658408647310978,0.4671965590928915,0.04744984223453067,1,1
612db6880c2d,0.6534006139978078,0.05936510182738987,0.27723098179778005,0.01000330237702223,0,1
612ea5194007,0.2979590235381249,0.3880643970079434,0.26003418082308677,0.05394239863084491,0,0
612f28c33ac0,0.6224503959389999,0.10289073124263082,0.10981664087978733,0.1648422319385819,2,2
6133f90e9453,0.20705498360111194,0.5004841493226283,0.19779087734946738,0.09466998972679236,2,0
614be300927d,0.09991740673817849,0.7663198756614782,0.04906548716300187,0.08469723043734158,1,1
616a679a7380,0.5826974951446342,0.30760889576060213,0.09463436722088404,0.015059241873879668,2,3
616ec28bcb52,0.13291696762322697,0.5118656010804213,0.25756774663199156,0.09764968466436007,1,3
617fdae2aaa1,0.24000388514514737,0.15027621815235548,0.4440695144151201,0.16565038228737716,0,1
618056db0875,0.24081095284611523,0.05900358818015924,0.36912011629616737,0.3310653426775581,0,1
6188756af06d,0.266966156781959,0.2472549067109778,0.4359774704186575,0.049801466088405716,1,0
618e7671d9c2,0.05111167237305277,0.7257500177105244,0.08455533061843519,0.13858297929798769,1,0
619a6ab0ef11,0.40274739962621625,0.1777823726744759,0.3120608821166046,0.10740934558270317,0,1
619a7e7565ff,0.25064438128857447,0.5645989097322996,0.04326560865916445,0.1414911003199615,1,4
61a2545926a4,0.17388927184568526,0.4583917729894703,0.21812294353001693,0.14959601163482747,2,2
61bfc6b7b0a8,0.18580103081057006,0.1809034625530689,0.5623864187145321,0.07090908792182889,0,1
61ef666e618e,0.024137543975959765,0.9207852522875437,0.04339017210742396,0.011687031629072671,2,3
61f2e71f6a8f,0.17792007680783728,0.38693180612686406,0.12817029175849168,0.3069778253068069,3,3
61f60b0f22a7,0.28045645890325255,0.2805089584097329,0.30058919136533135,0.13844539132168313,0,0
61f869d08130,0.1305129360743794,0.43522477688518946,0.15260790066905627,0.2816543863713748,1,1
61ff519046f4,0.0835542753871228,0.5694363668079935,0.20531791780051212,0.14169144000437162,1,1
620367287eaf,0.03819785245156685,0.8203524804006311,0.08754213601874282,0.0539075311290591,2,3
620c3af8a678,0.15318927884287234,0.4459632696299288,0.3500865686192716,0.0507608829079272,2,0
6216290b4e0b,0.09640884792516397,0.734596754328573,0.128116057362076,0.040878340384187126,0,4
622b22589a30,0.07895119618696081,0.5718399255674046,0.235667285760104,0.1135415924855305,2,2
623fd21cb286,0.08976604696700716,0.6232363547775219,0.10425424466739425,0.18274335358807672,0,3
62416d8ec296,0.20454007961695353,0.6240952798158379,0.16803655766420986,0.003328082902998724,1,2
62428c0ca6cb,0.09326742945845591,0.5986190486071337,0.15401209867290294,0.15410142326150741,1,2
6262f05749d3,0.6231268247862886,0.23861934978625252,0.11885707968832507,0.019396745739133792,2,2
6263c19334f8,0.7118436866218663,0.17793083047610203,0.07991643851093698,0.030309044391094907,0,2
62754eaff473,0.33236267490621146,0.26688232478850993,0.2869070232470102,0.11384797705826832,1,4
627a4fc2a0dc,0.6402501091991132,0.0767008857279193,0.2724281381938544,0.010620866879113176,0,2
628ef26663bf,0.20000137433288862,0.5750541469615222,0.11786459205182925,0.10707988665375988,1,4
628fc5a824bb,0.28496858714295364,0.3252651713341206,0.3129987979685271,0.0767674435543987,2,4
62afcd0adeea,0.015340130638168522,0.2215713263026492,0.7481296005033857,0.014958942555796722,1,2
62c027794523,0.022768961748864107,0.39943369369328546,0.4744958623591181,0.10330148219873221,1,0
62d6d024bfe4,0.16189247633932213,0.4093237358592425,0.401579916636766,0.027203871164669238,1,0
62ddc7a85907,0.6256509987590562,0.25385664046201784,0.06479018742343144,0.05570217335549456,3,3
62eb85e2e37b,0.21994657163913375,0.6178311066870623,0.11475030748161208,0.04747201419219182,1,2
630e1c371a8b,0.4298540746289363,0.21049484745091887,0.19711376145809134,0.16253731646205344,1,0
631509ad3765,0.3069582127114016,0.3288696632466595,0.21275842428012434,0.15141369976181454,1,1
6317840e9b47,0.0344020083542806,0.305788614766291,0.6403832282554484,0.019426148623980146,0,3
63313ccf753e,0.3949771280159473,0.20811362542402947,0.37666022253126985,0.020249024028753213,3,2
63343210e844,0.18744224106762442,0.47194275375846384,0.31529571760154834,0.025319287572363333,1,1
633ad3666fe2,0.3393307464409358,0.3229072498153386,0.12662009935050386,0.21114190439322186,0,4
6354129bb2c3,0.20397066642381273,0.1754349365661479,0.3673707507253303,0.2532236462847089,1,2
635679335416,0.11318931509737762,0.4794443341937262,0.36179515569480525,0.04557119501409102,1,4
635afb883b30,0.1271397560663335,0.6446455849527942,0.1125780096811942,0.11563664929967811,2,3
635d2d618260,0.3925065374045362,0.2914406425156202,0.156007086718671,0.16004573336117264,1,4
637e273ff96d,0.37357202948908663,0.37552018398917353,0.24159325706879448,0.009314529452945301,1,3
6395341ccdcf,0.3263450477968106,0.20396035932322995,0.14304346315166352,0.3266511297282958,0,4
63a1906b6403,0.3789378358809913,0.17632565409791076,0.3269687549613384,0.11776775505975955,0,2
63a5cd71557d,0.15771572662235708,0.3234546843963405,0.23823832323954838,0.280591265741754,1,1
63a95293c73c,0.21545781532645164,0.3666730429801167,0.28444070476913075,0.1334284369243009,1,0
63ba14ce106e,0.17687167322106237,0.5289201898327344,0.21611569941749142,0.07809243752871185,1,0
63ce3e6b048a,0.18125429360906564,0.28105236890134055,0.18986273495100128,0.34783060253859255,2,0
63de1ceb55b8,0.3502583041427279,0.5607396957877223,0.05618974043528645,0.032812259634263305,1,3
63e0c8d32ca8,0.9540636098594797,0.015793785443872794,0.02913145748653808,0.001011147210109445,0,2
63efba9a923c,0.7977426706236345,0.11964958094659894,0.046032841814409094,0.03657490661535742,0,2
63f0982859ed,0.12831420269033011,0.6684590227863373,0.16229378900153188,0.0409329855218007,1,2
6407edd84e3d,0.15983933256175437,0.2965091900708192,0.455392932132468,0.08825854523495838,1,1
640fc90f4691,0.3130463806562005,0.2013708928648115,0.3766406742165782,0.10894205226240969,0,0
642ffa5c3a59,0.2405135461253379,0.2284585828340948,0.3653315151865236,0.1656963558540438,0,2
6441a00880e6,0.42344580227693895,0.35587822577391004,0.21620280677917827,0.004473165169972627,0,2
644889784a23,0.20626319394205006,0.5813149240318152,0.18180497923491165,0.030616902791223175,0,4
64566b44c452,0.5292100993246094,0.19452519782179092,0.13518099631152314,0.14108370654207641,0,1
645e83638252,0.6524300102753031,0.1860235711912117,0.06921983063132814,0.09232658790215706,0,3
646a81833c37,0.11107562671175761,0.6667745381362472,0.1529752093066459,0.06917462584534921,1,2
6480202c9a6a,0.16670486486234787,0.49091406224833756,0.2032471875388374,0.1391338853504772,0,4
6482765c23b3,0.19900473370162208,0.390693609236685,0.28988390608459114,0.12041775097710168,0,2
648d90c47364,0.054131005293438714,0.8307496128465847,0.06796518062241257,0.0471542012375639,2,2
6493554b3069,0.44461322284719884,0.1900100036397832,0.0990865941585863,0.26629017935443156,3,4
64af5726691a,0.10690693708160778,0.47710238315717207,0.4010972068038906,0.014893472957329549,2,2
64c7b678ff33,0.12951825052584742,0.26854685067314926,0.44473625889365986,0.15719863990734337,3,4
64c9a942dfac,0.08577642101844281,0.7372339545711127,0.13177575459439506,0.045213869816049405,1,3
64ccc691d5b8,0.3500955989526895,0.20291944627281266,0.3262830562960699,0.12070189847842791,0,0
64def9970a5d,0.15183634642377536,0.3805528067989441,0.1749985671358143,0.2926122796414663,1,4
64f0e6e828c0,0.17412168278651038,0.3910591678727073,0.32726757039756316,0.1075515789432191,2,3
64fe1afb0534,0.6647553371394169,0.1267236781667215,0.18551438567027057,0.023006599023591024,0,0
6517ef244d5c,0.4060860814712838,0.2518567832387852,0.21494887616582245,0.12710825912410856,1,4
65442563a7ae,0.07662115977823333,0.28378107876610564,0.06805960466624264,0.5715381567894184,2,3
6551dc773a4f,0.06296896726859053,0.7841960440010168,0.1328382618686671,0.019996726861725576,3,3
655298dad8ed,0.25742044145475534,0.39655230102710504,0.2829940057174646,0.06303325180067511,1,1
6556bcef1015,0.48939507905815083,0.12794986745195902,0.22398051008388775,0.15867454340600232,1,1
6566073682bf,0.383055988864236,0.21840270499188816,0.24000457723156013,0.15853672891231568,0,0
6568580bafe6,0.0948051302725013,0.41557998534447416,0.3832817274359594,0.1063331569470653,1,0
6588e42c7051,0.21718667597307603,0.3279614057049974,0.28811534200590416,0.1667365763160225,2,0
659e18eb801e,0.166544131740442,0.31337316984286545,0.2720200170807918,0.24806268133590068,1,0
65a9ac85fb31,0.19599332496378624,0.6492262152323619,0.1053849091229832,0.04939555068086857,1,4
65b2d542a83f,0.04565735647086092,0.8132142115240873,0.12827287499477383,0.012855557010277992,0,3
65b95a01d61c,0.5395005829616141,0.23793047196823663,0.1546132930713732,0.06795565199877619,0,2
65c91ba5fd2a,0.2591201540197481,0.596696190431332,0.13384548312582698,0.01033817242309285,0,2
65e2a7b0905d,0.1780828364705875,0.3015278168808453,0.2916272090034609,0.22876213764510628,1,0
65ead08a5f6b,0.17739101011129724,0.4094013092370339,0.3269913642029324,0.08621631644873658,2,1
66028624dad2,0.07709087505885906,0.23939561337833404,0.20057921878622942,0.48293429277657757,1,0
6618a84e2d7f,0.7588805610669415,0.04414862353440465,0.18063641162737995,0.016334403771273803,1,3
6626a3e68101,0.5032551909197551,0.24856165911306313,0.20207877931764903,0.0461043706495328,1,1
66541affb82b,0.046140173524754594,0.7348344583377029,0.19493830354722166,0.02408706459032093,1,1
6677528753f7,0.1535427664588639,0.27307115784799635,0.5522687564233976,0.021117319269742144,3,3
66a8b3010ac5,0.04344062073473474,0.7704831117330253,0.14766941551280124,0.03840685201943857,1,0
66c34b9e2573,0.6315250022482366,0.1402932062549104,0.1633454029486381,0.06483638854821488,1,0
66c8721f3b30,0.14801733459466676,0.5057273716780095,0.218333141615431,0.12792215211189273,1,0
66dd033c1bb2,0.35503473705899924,0.3375591175444116,0.23143879486610708,0.07596735053048213,1,4
66f126a8db9f,0.8058454384346994,0.06377850744645007,0.0686657809037138,0.061710273215136835,0,4
670ad2fc8a1a,0.13168058202927715,0.7550522064527829,0.03498176922303294,0.07828544229490701,1,1
67196f1a10bd,0.12313016707738242,0.6749086246222475,0.1555816615964526,0.04637954670391752,1,1
6721bc35410d,0.7105251514295757,0.13836873202319175,0.11278809985725115,0.038318016689981416,2,4
67248a9a20b2,0.12719941590954134,0.15111376440018567,0.584392032611087,0.1372947870791859,1,0
673e42f95093,0.5738038263152518,0.21834390508278623,0.11952206835599384,0.08833020024596806,3,0
673fa0edd187,0.5895499484663432,0.22360209764893757,0.06977764879638026,0.11707030508833895,3,0
675f6a17212d,0.2294004319451278,0.34052030052874876,0.17932424469044897,0.2507550228356745,2,1
6761361fb525,0.18864851043088862,0.5694968078236178,0.1735150921550222,0.06833958959047147,2,1
6764f0f90077,0.25269652194572717,0.35287884446395096,0.12298387230080152,0.27144076128952044,2,4
678c19bc184b,0.6467957813060806,0.1261269374916337,0.08609206509406604,0.14098521610821962,0,3
678ff202ffd6,0.333772571409406,0.41477333583655,0.21510500831693988,0.03634908443710417,0,3
67b9fe4a0b03,0.5499874863513051,0.2169964695730103,0.21033244984753433,0.022683594228150236,0,3
67c36705aa1d,0.11057127142037954,0.6216543796487036,0.23757990121020953,0.03019444772070725,0,4
67d55d17a48d,0.12307408579309834,0.20472732472678062,0.4808590977277275,0.19133949175239337,2,4
67d896636fe2,0.20792484798043764,0.30538308384259955,0.411941049297115,0.07475101887984775,0,1
67f18795f1c0,0.2817808556489664,0.3798624734067286,0.2522086307601219,0.08614804018418312,0,4
68370c4bcdc6,0.20310628239726863,0.15255695281768122,0.42041372530787485,0.2239230394771754,0,0
6845d1fb4095,0.4656550665315801,0.30803801242125195,0.19538900063005224,0.03091792041711555,2,4
686012381df9,0.4213643942104909,0.27814848874030773,0.20534512040765363,0.09514199664154777,0,4
6863735553dd,0.6193458419711647,0.1289648823201177,0.14759223235195026,0.10409704335676742,1,2
686de7618a36,0.35719593665704036,0.40875055543666855,0.09684309490666805,0.1372104129996231,1,0
68711c5bfca0,0.2782786323500178,0.3913482120913899,0.31319582926921546,0.017177326289376776,0,2
6873d2c34118,0.17669778627729518,0.5380559716245173,0.2417090651554414,0.04353717694274605,3,4
6884d06dc7dd,0.05217841452632967,0.15067034514890718,0.5855575040411677,0.21159373628359548,2,0
688b9316db30,0.2712842932108966,0.5185982404764116,0.13278528935416126,0.07733217695853063,1,1
68912f28a690,0.6641574917999641,0.1257679577213241,0.18922614057077822,0.020848409907933615,0,1
6891e96a910e,0.6709448015770233,0.1487912439851253,0.07900612339517649,0.10125783104267495,0,1
689e8924cae3,0.864974480245626,0.05406887920828587,0.06207070796244114,0.01888593258364707,0,2
68a7d37d581f,0.135705048999625,0.3093281907620723,0.47317767167531743,0.08178908856298522,1,4
68a889e685a3,0.004280254976045898,0.9840435688900904,0.006263108650913038,0.005413067482950717,2,2
68abb2be3ba4,0.22250348047051535,0.32651185430973234,0.25496739585858,0.19601726936117242,1,1
68adf82510a6,0.1264671581510933,0.3314347125156768,0.3953094252604848,0.146788704072745,2,4
68b2e448f6ec,0.09357032348955246,0.2813303076889196,0.2397782264314476,0.3853211423900803,0,4
68be8460c512,0.1085077974484109,0.4319833880059497,0.39269622303385693,0.0668125915117825,0,3
68d167b7ed15,0.2909729208124495,0.167917965156851,0.08962908365836607,0.45148003037233336,1,2
68d7d715efe4,0.5402597455839705,0.1694939076740112,0.27857678406166536,0.011669562680353027,0,3
68d9575beb22,0.6489767912125162,0.15413444120256825,0.17782380993943128,0.019064957645484378,0,1
68da89574353,0.08682806443914193,0.3172257280892607,0.28587487539058876,0.3100713320810086,2,0
68ebe7eadfc2,0.2585477017007,0.3578071854060074,0.286191994128979,0.09745311876431349,3,4
68edcbacd401,0.25644047310967555,0.6649109114579025,0.06308225536726073,0.015566360065161223,0,3
6909e8b953a5,0.02081976837941629,0.35400890799894524,0.5283616509391823,0.09680967268245623,1,2
690e42810486,0.7304456207616552,0.134279365083825,0.02949510236250312,0.10577991179201672,0,2
690edf59a68d,0.16816849593398298,0.6310251895086008,0.10448503156517748,0.09632128299223877,1,1
6915678cdfd0,0.05116320187738295,0.7165604755141673,0.1992991324929338,0.03297719011551588,1,3
691577f28973,0.09014645549416815,0.37739097626383056,0.41426951662131933,0.11819305162068203,2,4
691a323878a5,0.11297209303070199,0.4266566251991607,0.2864731222743817,0.17389815949575554,2,4
6936f4616519,0.33314787000400287,0.27264511146136505,0.14326298685875674,0.25094403167587537,1,1
69584c7bb3f0,0.3401248027500376,0.1840730628243905,0.4182485513261962,0.057553583099375714,0,4
695e7da261a2,0.5783631840491651,0.27429300137211216,0.11798118947854262,0.02936262510018013,1,4
696814af65d5,0.5350815984027154,0.19675267271113886,0.1033574985366941,0.16480823034945163,1,1
698ec439ea71,0.4203244983010623,0.3199651202137001,0.2077972056269981,0.051913175858239555,2,0
69900354fd02,0.4983705760838327,0.26270265013852084,0.20071544193571808,0.03821133184192829,0,3
699611aaa3b0,0.6244022478040788,0.13775527033870377,0.19488332065719824,0.04295916120001903,0,0
6996bc393596,0.4381206962811375,0.29695415335114245,0.09780492482831929,0.16712022553940079,0,3
699f119d8555,0.19024575407121114,0.41994035939686886,0.2801889431502268,0.10962494338169332,1,4
69a933e0ed96,0.5630293286427793,0.3605993954444955,0.06865107478709509,0.007720201125630223,1,2
69aa502599b5,0.6511379791249167,0.17911731660228783,0.11278444371464033,0.056960260558155194,0,1
69c0923dac41,0.6744660692129057,0.11791694231525703,0.13070739561964936,0.07690959285218792,2,2
69ce4e6043bb,0.4891089171043917,0.3908063512179154,0.10851525305335029,0.011569478624342707,1,3
69e33b894532,0.17605565071855248,0.17893314942957828,0.35611282517836296,0.28889837467350626,1,0
69f1fef9ba01,0.098388985173342,0.7605441738107201,0.06755050372826688,0.0735163372876709,1,4
69f2bd2ac9ae,0.028418298095948796,0.5923569444224163,0.19798802130609974,0.1812367361755351,1,3
69f765c5e52f,0.13555118811333786,0.3559250081680959,0.33987185930687736,0.16865194441168876,0,0
6a034051a411,0.06263312258904177,0.8342338883221398,0.034564862286740196,0.06856812680207833,1,4
6a11242aa493,0.3204942514678309,0.5528235436420601,0.0793262710098187,0.047355933880290246,3,2
6a160adfe649,0.09914115885674298,0.13927655073180428,0.6910464937828118,0.07053579662864078,1,1
6a280e4917c1,0.016219972962372257,0.6714902757440907,0.24019276008005871,0.07209699121347829,1,0
6a3350b438d8,0.3590709872826297,0.20007051455219818,0.2745027649688158,0.16635573319635633,0,0
6a41fee76a05,0.9234058097321994,0.051343293160263564,0.02216040314972094,0.0030904939578161304,3,2
6a5a23f659e2,0.2791062593772152,0.5351857532615332,0.122017563944583,0.06369042341666871,1,1
6a6071a3d542,0.11370797812426901,0.5837092131269358,0.21267429744747252,0.0899085113013226,2,1
6a69771d343d,0.27561452961307475,0.3917345869002231,0.3261194588034313,0.006531424683270988,2,2
6a80b8290f19,0.04765731056031802,0.5706880152965003,0.26281006110029165,0.11884461304288994,1,1
6a91cf79b14b,0.528116474974718,0.21779242292814696,0.21816905637520057,0.03592204572193456,1,1
6a9fa7dbed7c,0.7740988231793012,0.06530993890681652,0.08914109686979242,0.07145014104408993,3,1
6aa858b14f3a,0.06502372784111451,0.6019255021540347,0.0828679860672371,0.25018278393761356,0,0
6aaadabe4cce,0.3110287250919403,0.5519590941305492,0.11897940055281979,0.01803278022469072,0,3
6ab55b9459a0,0.13381485750850702,0.26595229107620966,0.05423495433329559,0.5459978970819879,1,2
6ab6283bd80f,0.2283861882599615,0.17239015297709714,0.4192999056813145,0.1799237530816268,2,1
6abd595dc9ac,0.4368106628053673,0.47743886183086565,0.07921137695087885,0.006539098412888055,3,2
6ac13e0b0083,0.34955138262447905,0.30876174717349236,0.17435598514435185,0.1673308850576767,1,4
6adfb7a6ead6,0.10415609272223755,0.5331536600118285,0.20031862870470937,0.16237161856122445,2,0
6ae0779efffd,0.593640047371653,0.16565409711982076,0.19478072139812144,0.045925134110404775,0,1
6ae8a88c4b0c,0.0709006395779682,0.06427868328955524,0.4824728860795211,0.38234779105295547,0,4
6af84ed188fa,0.0763121753214631,0.30410664783435054,0.28626088347694145,0.333320293367245,1,4
6b02afdf2444,0.1123489812028819,0.7541083689383279,0.11997159064496354,0.013571059213826672,1,2
6b08e639593c,0.4269332832042246,0.3016400897073634,0.22367761908170977,0.0477490080067023,2,0
6b16f7f2065b,0.6901492187910477,0.18816834861913528,0.0938258618412435,0.02785657074857355,2,3
6b20523f5b0c,0.8771837064579922,0.03719213740692064,0.07955333444328784,0.006070821691799264,0,2
6b25cd407849,0.04860174663770527,0.8842216213726926,0.054325299769578166,0.012851332220023859,1,3
6b2ca1539348,0.018366144337638446,0.9439878051989641,0.03358837704961102,0.004057673413786306,1,2
6b35b67f1608,0.7224871438248142,0.16902218005672004,0.07889311741818919,0.02959755870027662,0,0
6b3dd41dcac9,0.0916632996226825,0.6693925224226261,0.15417752162777665,0.08476665632691467,2,4
6b50ada2cbef,0.47110827072611844,0.19710650023147133,0.3161985997383396,0.015586629304070508,0,2
6b9b82594fcd,0.38782407465017793,0.20239640970489994,0.3093891233082657,0.10039039233665656,3,1
6ba3acc30c1a,0.5286482133052954,0.17412816254441374,0.1660674533253055,0.13115617082498537,2,0
6ba5b0037757,0.4353707787716348,0.2384264255762725,0.24383349378487826,0.08236930186721443,0,4
6bb07353d102,0.1431643579398921,0.5628667936081678,0.15675699761691544,0.1372118508350247,1,4
6bb38a2b98f0,0.12584314941702388,0.2635736894681851,0.40088127207078234,0.20970188904400877,1,4
6bc01f9a44a5,0.4094149525469854,0.27368918263389236,0.17672928056054402,0.1401665842585781,1,3
6bcea66a71ed,0.06055938779275549,0.7486146080505938,0.1851259722068918,0.005700031949758862,1,3
6bd25e34b9bf,0.26548502629433496,0.36801204363091045,0.17564500436205083,0.1908579257127038,2,1
6be8198c605e,0.18124449927959033,0.2686882603031924,0.3655246171003728,0.18454262331684437,3,4
6c24f49a9da0,0.6076345960680613,0.09208562380803478,0.22655380162828426,0.07372597849561961,0,4
6c30f2ff1a9f,0.20461809274981363,0.16561477233300226,0.3212419577703745,0.30852517714680966,1,4
6c38af5d08ab,0.7256337838948244,0.11989052057827568,0.14215689869975748,0.012318796827142306,0,2
6c5894699b1b,0.1313640390869593,0.7825884512108899,0.07284939988470616,0.013198109817444605,2,1
6c7342c4e585,0.2584256246570909,0.36626462160190915,0.33582973885189393,0.03948001488910606,0,0
6c7422f3cd88,0.497124817221542,0.24962823343965357,0.05617712653714661,0.19706982280165788,2,1
6c78db9456a5,0.113468476965224,0.3038478718756578,0.3449721215266646,0.23771152963245348,1,4
6c8f1d37069b,0.5318893019826297,0.18502159741158475,0.26349390916955656,0.019595191436228853,2,4
6c94a17753d5,0.8660822907462058,0.10715345133883777,0.02058520491868671,0.006179052996269585,0,2
6ca510d3e776,0.3532239801592664,0.22508176157867324,0.26070360446690777,0.16099065379515262,1,0
6cad5f4723bd,0.38416160209998507,0.29705937019123635,0.22325515847081265,0.09552386923796596,2,0
6cb62181e4d4,0.08564408113588134,0.7285018971398286,0.16191053856571433,0.023943483158575786,1,0
6cd0d5caa9b0,0.15217435054757278,0.4905528310397114,0.2040614173907237,0.15321140102199204,1,0
6ce204b37e48,0.2603696596250135,0.1932258960247045,0.4325828747806754,0.11382156956960655,3,1
6ce2a9142829,0.3922691367697074,0.04626159256693879,0.5502617456326211,0.011207525030732853,2,2
6ce6dde1c9a9,0.415322172446694,0.32449096443388786,0.1681361518965863,0.09205071122283173,3,1
6ce999aa308f,0.033460560654950636,0.7896930028217243,0.1338321383862865,0.043014298137038665,0,1
6ceafcc1bebd,0.2511955725371513,0.46858712130689106,0.12370045115214201,0.1565168550038155,1,1
6cef85af3be3,0.02467009183385309,0.9505534767670933,0.01652109792256837,0.00825533347648519,1,3
6cf1c5a113d2,0.04516698573410553,0.5553341104463809,0.2718933456087974,0.127605558210716,1,3
6d0e33569c4c,0.1868726032084776,0.4621299707983519,0.2614802920199175,0.08951713397325302,1,4
6d10dfb48a68,0.6961036406314769,0.14424165417571785,0.15320000758669353,0.006454697606111736,0,2
6d172472504c,0.023763544411145785,0.8449446751130414,0.11760180231425185,0.013689978161561,1,4
6d3dfbb13276,0.1904668466005772,0.5512765384968776,0.18584498251235226,0.0724116323901929,0,3
6d6965af3f63,0.04675312417614677,0.41868455653004977,0.15801320755209164,0.3765491117417119,3,1
6d735565d5e8,0.022983545750375513,0.7658069105421023,0.18506286875622743,0.026146674951294847,2,1
6d7efd97265f,0.3625919136702852,0.3025241960117319,0.259757255311596,0.07512663500638687,0,0
6d83b6774b0a,0.1165847964711307,0.5499986988817535,0.16306961747863447,0.17034688716848143,1,1
6d918a401365,0.36165946185461756,0.4267518317477471,0.16317016392259295,0.04841854247504249,1,2
6da07da4db19,0.4514675127124487,0.3632213318711663,0.13644699941904745,0.04886415599733764,0,3
6de130752a73,0.3481949656460703,0.4615370002802551,0.1545353657070452,0.035732668366629534,2,0
6de88cb78697,0.07893094159926968,0.522899903950703,0.3330737095324455,0.06509544491758187,2,1
6df28558048b,0.2992108454592138,0.34030498768426115,0.13168204500472291,0.2288021218518022,1,0
6e1722a9f612,0.32101293514930584,0.31878190917341037,0.1807201341342339,0.1794850215430499,1,4
6e1af908f926,0.4603223061904284,0.16533098617582637,0.3055161139646734,0.06883059366907172,1,1
6e1e6e1f06d8,0.30221321016252634,0.5545471314087574,0.12168201142805617,0.021557647000660138,0,0
6e2036e14c7f,0.2733483161664492,0.2771676047029296,0.21590764358444292,0.23357643554617832,0,0
6e2814381ad5,0.1487580600660134,0.4989778723420109,0.14095753393793575,0.2113065336540399,1,2
6e397c1d4ad8,0.033518165763885936,0.6587031096166968,0.2053750638530523,0.10240366076636494,1,4
6e3e83089363,0.29559396527136156,0.4033637837557879,0.19190250289554409,0.1091397480773064,0,1
6e4a0581cefe,0.2537308459144685,0.23575990465950877,0.2646294316870056,0.24587981773901724,1,0
6e550fa78c6d,0.7125005206589318,0.12195121727386972,0.14305189860563114,0.02249636346156736,3,3
6e63af9d6140,0.23678313608787827,0.3224726449065628,0.38569568872058546,0.05504853028497357,1,1
6e7239f0b71e,0.39798629314911754,0.29103750680783086,0.1731858234463901,0.1377903765966614,2,4
6ea453b90c6c,0.34875588006837527,0.2952319535255171,0.04586351108326663,0.3101486553228409,0,4
6ea8cbf6da87,0.2071873973649606,0.20389318388403138,0.1518919868440962,0.43702743190691185,1,2
6ead8a34ec98,0.05062376653432201,0.5258666654848888,0.35590365759779835,0.06760591038299088,2,0
6ebb85e3ec55,0.5809574355016961,0.20816411411209781,0.09346749588422935,0.11741095450197668,1,3
6ebc9d6383f7,0.1761623802229564,0.5823194104594542,0.16596135484135238,0.07555685447623707,1,0
6ebfc762aa01,0.20431764610020314,0.26321489435957157,0.2810326247483553,0.25143483479186995,1,1
6ee4d806e567,0.07227614188492347,0.1615639137380399,0.34019951679395355,0.42596042758308317,2,0
6eec41aa515e,0.5085730974190772,0.25058447592343686,0.19379928733967053,0.04704313931781545,0,2
6ef10ae3338c,0.17358796416676128,0.30946889612837103,0.33365811735570755,0.18328502234916014,1,4
6f080807353a,0.1423119902715511,0.25592179859513664,0.1595855552215934,0.44218065591171896,1,0
6f0a11450459,0.2577915146842215,0.34841624173684393,0.2693830602215368,0.1244091833573978,3,3
6f29d576794f,0.04868943577651376,0.5262565685761924,0.3109477600707316,0.11410623557656216,1,1
6f2af770938f,0.03208936858588064,0.6671694972817511,0.16617028285375313,0.1345708512786153,2,1
6f2c498c1bc1,0.17763845102531323,0.7200375266674166,0.08885076773808054,0.013473254569189595,1,2
6f43b168f0c8,0.6278505089067178,0.13478621856683776,0.14426301949841838,0.09310025302802605,0,1
6f60cbbdff62,0.12491226141857804,0.1823775905265589,0.3385535984756235,0.3541565495792396,1,1
6f6170503ca8,0.49813796764225077,0.2648818252338346,0.2113224203922189,0.025657786731695605,2,3
6f640d05c3b9,0.08104209010237078,0.6384107058021024,0.26331317707718416,0.017234027018342767,1,0
6f6cf201e2e9,0.14497476048932142,0.4038339210348145,0.31448905805157906,0.13670226042428482,1,1
6f82787b77a9,0.14282218527180932,0.5422610814429665,0.1871401453642113,0.12777658792101282,1,4
6f88ee365a75,0.06961405780801234,0.3904347628360788,0.5251835299376546,0.01476764941825432,1,2
6fa9fa493dd8,0.5738079145161162,0.14490475858192622,0.23525820690319546,0.046029119998761976,2,0
6fb902bf498b,0.14663567111538145,0.3506472726192747,0.4171278247769269,0.08558923148841689,1,4
6fc05a848fc4,0.047729119505735974,0.7451540150155649,0.13870884802154254,0.06840801745715666,1,0
6fc7c54a65f0,0.2416744933547381,0.3479409396014388,0.2581211385806801,0.15226342846314306,1,4
6fcd121e2158,0.084278003866627,0.20252457659133075,0.6768787473567892,0.03631867218525301,0,3
6fcfdb41c627,0.185972772166663,0.40751613149807514,0.3663668769339742,0.04014421940128784,3,0
6fd699f5e287,0.2548541724361148,0.34521501916452957,0.3717143430378084,0.028216465361547205,1,3
6fda1242f5e1,0.47034617605065177,0.16461739045214713,0.1980402877770967,0.16699614572010443,1,0
6fdb93227268,0.19351282821401242,0.3363958903281664,0.39036161839883415,0.07972966305898706,1,1
6fddebe03b95,0.024804967126998242,0.88373695436646,0.06418417534420326,0.027273903162338457,1,0
6fe13adf23a8,0.05585092079002868,0.31347403242904054,0.5860099543460605,0.04466509243487024,1,4
6fe5d9760641,0.1144261586295818,0.3433960862093096,0.39518534204704303,0.1469924131140655,3,4
6fecf0039e87,0.0449400510746691,0.6468659663423619,0.28936943253004777,0.01882455005292129,1,4
6ff3619ba762,0.20756082863002073,0.7254329781937151,0.045469813709352616,0.021536379466911528,1,2
6ffc47a55a89,0.1591034881810108,0.5821290558838319,0.2359181158062736,0.02284934012888364,1,2
700f8b64c2b3,0.2824305356458107,0.24656060141252673,0.4010759548674632,0.06993290807419926,0,4
7015d3f8ad97,0.14731438935481367,0.27832389511838085,0.26870613254333386,0.3056555829834717,0,0
70181e40a550,0.12407220406910491,0.41285285585344045,0.4577263211122441,0.005348618965210498,1,2
7026a1d06acd,0.5632480902627383,0.15093942075402483,0.20780577081467808,0.07800671816855884,0,1
703862f77abc,0.447245502401511,0.33607540086530713,0.13649174165053127,0.08018735508265053,0,4
70506829e724,0.47023678773653155,0.29594290508411397,0.14746884612652425,0.08635146105283022,2,4
705ef7c40475,0.05795179582864867,0.7860682338844399,0.08341618715637561,0.07256378313053591,1,2
705f6121d2bb,0.12745051793461132,0.6803352750590309,0.13605116865618963,0.05616303835016811,1,2
70623a0fc6da,0.11722285171522052,0.29883968131051475,0.29257437597819874,0.29136309099606605,1,1
7064f1df2a5a,0.17156092899296696,0.340805201447223,0.21413963388395538,0.2734942356758547,1,1
7082bf0562c7,0.4733117559656241,0.3518434516767808,0.11908484286990033,0.05575994948769472,3,1
70885f674bb7,0.20269660954490484,0.43514560402828933,0.20224400430074152,0.15991378212606425,1,2
708fe734309c,0.17500820497205227,0.5320233716126921,0.21961578302836207,0.07335264038689358,1,4
70946a30bc87,0.608428867010144,0.22618650093304052,0.1469800980442041,0.01840453401261151,1,2
70968f0162f7,0.5030410936742358,0.1756110714736347,0.2814654639310698,0.03988237092105972,3,2
70997208bbc3,0.24906254417664825,0.4583814677952601,0.03652488233438768,0.25603110569370396,0,3
70a770a53304,0.13063888943758803,0.5945031467050976,0.22631378378284417,0.048544180074470235,1,4
70bf1155c5c4,0.2541628011377923,0.5402136796631101,0.09163633179458973,0.11398718740450785,1,1
70c36a2a918d,0.25238693294138187,0.4489070985570215,0.28160657030099423,0.017099398200602443,1,2
70c5a1b111b9,0.08086043571942196,0.7786744001144174,0.03298768500443751,0.10747747916172315,1,4
70db5f349b02,0.6217662726530735,0.11689646143029579,0.23617625325384928,0.025161012662781455,0,3
70e4e4031f99,0.23425262992713491,0.6447372906796431,0.08246614458399462,0.038543934809227486,0,3
70ff97e1af81,0.01058091804009653,0.8439174859676628,0.11570506366537507,0.02979653232686563,3,4
71043aaa32c1,0.14873326205723555,0.5030877405254044,0.23203756874758974,0.11614142866977023,1,1
711e04fc0ec1,0.15747140854148087,0.23894585342081567,0.5519438915001474,0.05163884653755604,1,2
712a74acd2da,0.5240374750243592,0.23184494113327372,0.16406199664580337,0.08005558719656382,0,1
713c1dacba37,0.5225563256507925,0.20231531262277608,0.1594797444427695,0.11564861728366206,0,0
7143ac3d6c02,0.12538593329398118,0.32557270348338757,0.28044036033213415,0.2686010028904971,0,0
7145f6e09e86,0.5763186921840504,0.3151497295972904,0.10306091755487769,0.0054706606637814955,0,3
714f28824757,0.1954964736514245,0.7054237115019298,0.06068347869561605,0.038396336151029394,1,3
7154fd5f147c,0.4959096696049543,0.2157787142905037,0.20754565714461795,0.0807659589599242,0,3
716d94e2d49c,0.24667120373423693,0.18710944140995175,0.5014920432793113,0.06472731157649997,3,3
717649076168,0.20874152589325295,0.2154172436444471,0.4330029440694277,0.14283828639287222,1,1
718e884695bc,0.09146268157291888,0.4949020432289264,0.2749182000803343,0.13871707511782033,2,2
71d1bdc6e89d,0.037260189795279126,0.8735484910106861,0.06668834590341452,0.022502973290620384,2,3
71d4e9b630fb,0.11381057489160816,0.8194993633430279,0.04527450541973776,0.021415556345626165,1,2
71d83087844c,0.6223405265727351,0.1044539158140945,0.11769305998799676,0.15551249762517375,0,4
71dad6eccd07,0.24062392171569585,0.27910488712962095,0.4185074098217166,0.06176378133296663,1,4
71e052c9da68,0.4077675892567226,0.27503316836224206,0.17672544705438117,0.1404737953266543,3,0
71f56b6a5589,0.1051572781009289,0.6894821951950256,0.03688541375271706,0.16847511295132847,1,2
71fb5ea71283,0.07419324482900379,0.4485232637078494,0.42516514107585063,0.05211835038729615,1,3
72044bb44d41,0.027219794009269927,0.8964132395545925,0.0508947115402409,0.02547225489589657,1,0
72096a738cea,0.1380698456098021,0.4975882471250497,0.21807605180259818,0.14626585546255005,3,0
720fb67abb1e,0.26772871414050053,0.23606626770227043,0.4465436227679895,0.04966139538923955,1,4
7213dcc54526,0.5061024119107044,0.1607265082357764,0.2913067861270987,0.04186429372642044,2,4
7222149ad319,0.15085767638235167,0.7486699484679391,0.027994058881601766,0.07247831626810755,1,2
72307dd985e6,0.09975654284826276,0.5133296159360751,0.07429854610668617,0.312615295108976,0,2
72425b393845,0.05325938328422872,0.11125420679965214,0.04384987493851906,0.7916365349776001,0,3
7249de10ed69,0.4749756863342787,0.2137280264320675,0.1328699341836885,0.1784263530499653,3,4
724d6bc409ed,0.630635598406228,0.10907968533951293,0.0937725308852112,0.1665121853690479,0,4
72514d63484f,0.4630057711139539,0.4126215739766496,0.07960785140946516,0.04476480349993125,0,2
726c53df6609,0.49231351772214726,0.2819966951949979,0.20624928293632316,0.01944050414653153,2,3
726e81c6c735,0.0988678068024364,0.5810655017609262,0.10603369363814609,0.2140329977984913,0,2
727cdd8777b6,0.13983107474430675,0.7384818200683585,0.0378494522540212,0.08383765293331356,1,3
7282d136726d,0.5470154240033311,0.26764590439467156,0.14905176134368006,0.03628691025831713,0,3
72844dad85ba,0.09358402829363927,0.6174743362500823,0.2189107615514282,0.07003087390485029,1,0
729a96c67c8c,0.0537519436622392,0.8801287584132392,0.04986153968710032,0.01625775823742135,1,3
72b5ff80fa42,0.09917826392662944,0.45755707445568977,0.4323415953763296,0.010923066241351174,2,1
72c48e3d0100,0.09631591188723962,0.3570484730187263,0.4703069100318508,0.07632870506218342,1,4
72d02af1f658,0.16894470332833345,0.17464664048365744,0.14237438287954327,0.5140342733084657,1,1
72f57941bed3,0.16704193572200926,0.48790719067033883,0.23289976108984092,0.112151112517811,2,2
73049129c53a,0.0803871918223565,0.7745404251779388,0.0646394318006543,0.08043295119905036,1,3
73077ed6c5ca,0.33966550178763016,0.39208118551232823,0.17533123485034663,0.0929220778496951,1,2
730aca6abf73,0.16571283149122715,0.4210535294347987,0.34162065519070384,0.07161298388327035,2,1
730dde2edfc7,0.22099086451237884,0.39788516761086523,0.3347753387481889,0.04634862912856702,1,1
731f38a54d39,0.40575092948835095,0.23639833632321638,0.19904889689355487,0.15880183729487768,0,0
7320a49281fb,0.18931803744653486,0.2621360356347903,0.3639133576445787,0.1846325692740962,3,0
7322960be0a9,0.3896555770020344,0.3454011294042118,0.07881721488488573,0.18612607870886794,1,4
732475ef8c2c,0.09631468740282702,0.20633517561137066,0.4376726666380266,0.25967747034777566,1,3
733ed3e2cf92,0.2641891350437237,0.23305027349968746,0.061612211883307635,0.44114837957328135,0,2
735523d1689e,0.6019788912847958,0.09133409025012817,0.10653949592615286,0.20014752253892323,0,0
7359a4fd6f06,0.04581378831188251,0.8792901614136024,0.06353008746582635,0.011365962808688618,1,2
7367c35f74ba,0.5314999589700226,0.2744346325660914,0.1866954478138257,0.007369960650060266,0,3
737a25e956f4,0.4148692131725237,0.22340726473836892,0.13061298481483108,0.23111053727427627,0,1
7397c44412f2,0.20071971394523294,0.4620134215626256,0.2943306928599154,0.042936171632226,2,2
73a7ea88d1c5,0.15236931278293206,0.15843505327550664,0.41800646503870265,0.2711891689028587,3,0
73be9646a914,0.4327079814956848,0.4718117199031274,0.08302848056160622,0.012451818039581621,2,0
73c516bcab83,0.11763302555259017,0.37127572563812117,0.26553795036287253,0.2455532984464161,1,4
73cc509a84f7,0.6387476951238229,0.23726513916855338,0.11595613783236952,0.00803102787525416,2,4
73daf4596bf7,0.08420775788330494,0.7427365853145953,0.10454077669851793,0.06851488010358188,1,0
73e3912f1d29,0.5801071489251848,0.16107295466285296,0.13306623441101453,0.12575366200094776,1,4
740b0dab33ca,0.6345070971523024,0.20762563925387975,0.14774890382457323,0.010118359769244644,0,2
7416b5cbc531,0.20398863067613476,0.3698595313476036,0.42212788608982227,0.0040239518864393945,0,2
741b969bba80,0.4982145959638362,0.3377835567900985,0.12867494998705592,0.035326897259009275,1,4
742a1e1fff0f,0.3809461998768649,0.12556535966249643,0.47760326705342626,0.015885173407212405,0,1
7437ebff0c0c,0.6045787571691118,0.11276857671445774,0.24253215799812686,0.0401205081183036,1,4
7442e4e2cbd1,0.5301567301347972,0.18275267181959412,0.1399945147202465,0.1470960833253622,0,1
7468e3ccba55,0.045673161740716936,0.8788128220080914,0.04986251398202588,0.02565150226916566,1,3
7474d005a422,0.12169371330380004,0.39314085555654327,0.4561312962138627,0.029034134925794052,1,3
7475f784d4a1,0.028882342137116282,0.7264871651384353,0.20147790872208995,0.043152584002358545,1,4
7476f5857c35,0.06565485504884824,0.7485609065699093,0.12508548452333676,0.06069875385790579,2,4
747702a0bbc0,0.21662098536027993,0.18353148023437016,0.3408397204468722,0.2590078139584777,1,4
747af914db5f,0.4151261976731447,0.14136789834594554,0.36704074200231895,0.07646516197859075,0,1
7493e758bb52,0.2922599518202517,0.5114356735135287,0.11837569013076459,0.077928684535455,1,3
74968646f9cc,0.1283785203104353,0.6290881519675995,0.20658023554649696,0.03595309217546812,1,1
74a87565a547,0.6727377664200722,0.16873699256069474,0.11256554998955286,0.04595969102968028,1,1
74ac2e1f23bf,0.0765261637396994,0.6297517815030655,0.1864819561181879,0.1072400986390471,1,0
74b07ad32cf1,0.13472886515254148,0.18798138773704817,0.5524308555042153,0.12485889160619501,3,3
74d11c0c0ea6,0.1773276187670986,0.4835713838700731,0.25099070558188596,0.08811029178094237,2,4
74dbd8125c6f,0.21690206818442376,0.40419630586949046,0.14149791223313699,0.2374037137129488,3,0
74dc38d75151,0.7853897638131857,0.11881100027465716,0.04950018341674531,0.046299052495411774,0,4
74ebe8edda5b,0.5789414100613746,0.27175320320518515,0.09394581186619463,0.0553595748672456,2,3
74f757451b08,0.18695761536217526,0.4063773550026309,0.2037211950391752,0.20294383459601856,1,4
753ee89d1fd6,0.2924649190209694,0.5923358290424282,0.0465333397717719,0.06866591216483042,2,2
754759f9a637,0.5168765016738405,0.2804386917978573,0.1831048662139123,0.019579940314389897,2,3
755469264a39,0.1469114051301451,0.4122683424243957,0.35240224142620635,0.08841801101925287,3,0
757db9bd51a1,0.1277965247087215,0.30505294788209675,0.4545297835949019,0.11262074381427976,2,4
7585d5f73457,0.9171068820399991,0.04417350084186105,0.022261917328752077,0.01645769978938784,2,3
758eecca893c,0.23578141851595397,0.4137658467117352,0.22188522125129376,0.1285675135210172,1,2
759a8e5cee9d,0.4270980040445101,0.2060242921377879,0.20943684626082013,0.1574408575568819,0,3
759fdf1aaf08,0.396349032948504,0.38827251692497033,0.17326076242817373,0.04211768769835187,0,1
75a00272c6cb,0.6833446656471552,0.13100632403047752,0.15647953383277205,0.029169476489595367,0,0
75b33f606cf5,0.09890401041275675,0.45044683843313654,0.27462954340816237,0.17601960774594436,0,3
75bb6e197bbb,0.14259335591804317,0.22049506583280282,0.43530369489568954,0.20160788335346452,1,3
75ed74f9f238,0.06771020459806518,0.7711519169686848,0.10888644041409554,0.05225143801915446,0,3
75fc2de53d2b,0.44409303764522257,0.24359241046788208,0.2705395327925205,0.041775019094374755,2,1
75ff9d63f15b,0.9077269023923421,0.03714106700803623,0.05027398387515459,0.004858046724466968,0,2
7607adf7450a,0.2742220454061068,0.3662468694542023,0.26115050616630764,0.0983805789733832,1,0
760a7a9bb2a1,0.43375125918852303,0.40118302623079594,0.14209651827468436,0.0229691963059967,0,2
7610dab485fc,0.020314463837474605,0.8544457367445327,0.11459234620722195,0.01064745321077059,1,4
76122cbd97f4,0.08658289942427606,0.775779132672947,0.048831168413221146,0.08880679948955579,1,2
761d01ff68fb,0.7315303321876033,0.06135392468081637,0.14429447670537,0.06282126642621044,2,0
761f0f4ecc85,0.056150109124594665,0.63549330892118,0.16304773973063927,0.14530884222358617,1,3
76519081a45f,0.08185154228625607,0.44742564893322634,0.27783253676266134,0.19289027201785636,1,0
7654fff4b24c,0.3615487736605275,0.4356892043382139,0.09310250932844127,0.10965951267281737,2,1
7664ec8a8a19,0.3333547326813261,0.36417848670499026,0.2830548530399711,0.019411927573712507,1,2
766dc0e879de,0.09297862760317557,0.6416345484778962,0.07759212341180553,0.18779470050712277,1,1
76916f737774,0.01845176000555883,0.912339837710442,0.04310605688313045,0.02610234540086881,1,3
76938243a97f,0.2232760728376615,0.28861926312182185,0.42323253961482477,0.06487212442569196,0,2
76a35cf1cea0,0.5874679020040309,0.15444117521381298,0.2397853797985464,0.018305542983609813,2,2
76ae6588e5b4,0.14529313873396152,0.5743096476964691,0.256685985432655,0.023711228136914474,1,0
76b5e2db22ba,0.1285820212270038,0.4955172645822896,0.21347820243724366,0.1624225117534629,3,4
76c9821a3d06,0.4392736990874309,0.13291248389797405,0.17469296284620126,0.25312085416839375,1,1
76d3ada42326,0.3713221585172467,0.4581691535612675,0.1557625126769789,0.014746175244506977,3,0
76d8b00619fb,0.7033527442417497,0.09371014952239944,0.16765078358508984,0.035286322650761155,3,0
76f44ffa4441,0.33021075384816295,0.2542476496935627,0.2292258063054006,0.1863157901528737,1,2
76ff3ec3c022,0.05647115681002681,0.8633082136670437,0.03734846920673411,0.04287216031619534,1,3
7703e1787577,0.003961937343144557,0.7799690209831652,0.2111554583290806,0.004913583344609561,1,2
771a4add61c9,0.2691303292864649,0.19864427389454864,0.5157696210232982,0.01645577579568831,0,2
77217025615d,0.03800598072069079,0.45623530156032316,0.4859041321162824,0.01985458560270357,1,2
772dbd065c7d,0.08974244420281867,0.3485246935127099,0.13631965125463166,0.42541321102983964,1,1
773f243da328,0.6742641671129302,0.1518200212527291,0.11636698791296464,0.05754882372137611,0,2
774720fb2a45,0.6887201932854943,0.15484143341646786,0.11141804745528525,0.04502032584275266,0,1
77539184cdaf,0.24614444798355797,0.6366195081211163,0.10571313462962394,0.011522909265701726,2,2
775b359f53b6,0.40701262329946397,0.29164096355560637,0.24841317558748582,0.05293323755744383,3,3
776cb995a1fd,0.11790664228889057,0.5827846272652365,0.29121002022199555,0.008098710223877219,1,3
7786df1d7d71,0.08554663074727367,0.8217690698399877,0.08246386823275759,0.010220431179981193,1,3
77955e62e6c6,0.6623459586240432,0.12662512966329914,0.11699316659470445,0.09403574511795325,0,0
77955e96a54c,0.500858901087826,0.2267674160131778,0.16414610305267643,0.10822757984631977,2,0
77a0888b5ac1,0.15126664419703126,0.687253355540357,0.14542580071813654,0.016054199544475022,1,2
77b272cdda9c,0.20483216577658145,0.49800954769298095,0.23693099986798127,0.060227286662456365,2,4
77b4e0d0a49d,0.14233961707099646,0.7447144265059058,0.10384903636273941,0.009096920060358369,0,2
77f901809e36,0.24051367338853133,0.18405035244258827,0.25557393251785376,0.31986204165102655,0,0
780ffa8abde3,0.317067294905213,0.5245149049369111,0.13611917016265293,0.022298629995222884,0,2
78258aa63d76,0.593663695891757,0.1379939671137821,0.073310876315232,0.19503146067922886,3,2
782ab22207fc,0.23631884325338479,0.3496613466866006,0.32312272466304987,0.09089708539696474,0,4
782d728ee09c,0.34817012671283815,0.2956853968841395,0.08885349415240651,0.2672909822506158,0,1
7846f687646a,0.46649563561284163,0.43705246509348294,0.05839049553270659,0.0380614037609689,1,2
784af90e8cac,0.3685936463114328,0.49704563476358543,0.09700718506185171,0.03735353386313019,0,1
784afbafee30,0.19823288035930633,0.2262754872188959,0.318292368615463,0.25719926380633473,3,0
78509f1ae31c,0.16770518905667894,0.5506172561735319,0.19564958345265768,0.0860279713171315,1,1
78543ff029b2,0.0811043318693428,0.46698832457991574,0.35572045450366546,0.0961868890470759,1,2
785e985b3a22,0.24187561398079555,0.4194757717681302,0.19944095993148597,0.13920765431958823,1,2
78661808d8d5,0.15723018531820737,0.3938915308569316,0.4444488639219806,0.004429419902880456,3,3
78688bfcd441,0.07063452122686839,0.7152762272107752,0.14304110434310663,0.07104814721924983,0,2
78791be84503,0.24427563051233883,0.26009353333507823,0.3704418952560147,0.1251889408965683,0,0
78909b4d3179,0.0399238993052209,0.4811629211587588,0.2725490122871956,0.20636416724882484,1,1
78e93504e04b,0.510819938012752,0.23656397304232063,0.1955556479261242,0.057060441018803094,0,0
78f1e3db654c,0.5639758583346828,0.19028455222636184,0.14465470207715203,0.10108488736180332,0,4
78fc07c1dd2e,0.09669861782363365,0.7345108452487966,0.1546110512138409,0.014179485713728774,0,3
7902e534869e,0.3056677479400299,0.5017153782187829,0.11083765693307869,0.08177921690810862,2,1
79140443c2e2,0.3000066101431225,0.5002076973669652,0.08858425344639012,0.11120143904352213,1,3
79144883061c,0.41205456882376407,0.49677788010398105,0.04337926494778687,0.04778828612446786,2,3
791bd51ede54,0.11194839138882014,0.5412705158408521,0.251749865663513,0.09503122710681472,1,4
7931e444dbc9,0.41125940311766296,0.19132270565202372,0.25702448074557643,0.1403934104847369,2,4
79642d095252,0.01671444862300342,0.8798563683133828,0.10167025623136192,0.0017589268322517491,1,2
7974c126e951,0.44802904574186203,0.4227370106183751,0.11639386128189574,0.012840082357867133,0,3
79774c9d6ec5,0.257788479798415,0.39182629676651803,0.30373390473270084,0.046651318702366204,1,0
798c27690f1f,0.20070175673613697,0.5208237013979914,0.22505582711734753,0.05341871474852409,1,0
798cdfa7890d,0.08033216447843287,0.38794503064558233,0.40928281032573527,0.12243999455024948,1,0
798f8e89c7a7,0.3383753154913837,0.1714645293315067,0.46012810104551266,0.03003205413159687,1,2
79a8a08dac37,0.1594799058827911,0.18864030320113329,0.05797914412846972,0.593900646787606,1,1
79b0461d245a,0.29599807813805806,0.3495748952572581,0.23942368267952932,0.11500334392515442,3,0
79c3bf957d49,0.27734070725658183,0.36814388109882523,0.18650724169871563,0.1680081699458773,1,1
79cd05c9c1f7,0.6892413445054717,0.13877681425518756,0.11360345956978099,0.05837838166955968,0,0
79d4f7356c39,0.2765549742020392,0.48578852970616326,0.21690253774393803,0.02075395834785953,2,4
79d5d8448dca,0.13785072407958343,0.5097583101225958,0.09989625148569518,0.2524947143121255,1,2
79e2eafdb5cd,0.41409647331201027,0.2836363546173658,0.2563975651365593,0.04586960693406481,0,3
79ec91f1194c,0.09820323562030323,0.665589475869008,0.21772684605814907,0.0184804424525397,1,1
7a06a32e54c9,0.08961849484859945,0.42225829753918176,0.41169486248592646,0.07642834512629226,2,3
7a1023392e52,0.44814687824488586,0.4879251814844,0.047585011037524785,0.016342929233189366,3,3
7a15889e036a,0.04508987583616011,0.6407513100262616,0.27643371620128326,0.03772509793629495,1,4
7a1934d2866f,0.15684460911433118,0.21687674488197115,0.47391908488811013,0.1523595611155874,3,1
7a222273085d,0.047278402020643026,0.7160197373264204,0.09765693179277124,0.13904492886016534,1,4
7a4341a6a2ee,0.12459412928516535,0.11395155073690146,0.6591344146580352,0.10231990531989793,2,0
7a5105c66642,0.27796412020694283,0.3157161772767666,0.22141073624676727,0.18490896626952327,0,1
7a69851883f3,0.2561340517656587,0.6477978159750213,0.0194882051270297,0.0765799271322904,1,2
7a8fb17a122b,0.19660627856872728,0.428596423251037,0.19571792178145503,0.17907937639878088,0,0
7a9186d8ab3a,0.0785686076718267,0.8609403128306139,0.055063127736811546,0.005427951760747975,1,0
7a9a5b3ed60c,0.10287866786219706,0.6928607180260972,0.16256091623806282,0.04169969787364291,1,3
7a9b2f9aa761,0.37450235475760457,0.2721710888254227,0.25766600389386796,0.09566055252310476,1,4
7a9e0a0b31a1,0.9359667700933575,0.03473993721701271,0.024793931330349833,0.004499361359280001,2,2
7aa4e85e5eb5,0.23996338192194366,0.4497493661755173,0.26324605962596165,0.047041192276577305,1,1
7ab1b20d8fe2,0.008196184509814118,0.18134973803712798,0.7914078201014483,0.019046257351609527,2,2
7ab568cc7d2c,0.5367434848739486,0.1856220925532663,0.15276389649553768,0.12487052607724733,1,3
7adea6f20461,0.09258840749750277,0.7195000490521127,0.08007763401682058,0.1078339094335639,1,1
7ae41bc8d8bf,0.39021235528137954,0.1838572234290803,0.39708534479249313,0.028845076497046953,0,4
7afa1e20a54e,0.026104272849134663,0.8135684895755416,0.10034456196916867,0.059982675606155035,1,2
7afb581299a8,0.06400869481318033,0.39879416146954344,0.5202571799400257,0.016939963777250502,1,3
7afee3a6d7e4,0.6151304393184989,0.1281068952520409,0.12525733657948815,0.13150532884997204,0,0
7b00f77a1879,0.14160474159141387,0.5024818499527384,0.28421988827430605,0.07169352018154165,1,4
7b10c52613de,0.09556506579022596,0.5598617912150126,0.2872244767377591,0.057348666257002405,1,1
7b20d3520e9c,0.1789541636006078,0.23443193605176768,0.2894105753525803,0.2972033249950442,1,4
7b54de3984e8,0.29934708258413223,0.18172012089961953,0.36578006617437786,0.15315273034187032,0,4
7b5b31210030,0.1405466941523341,0.41390775376161004,0.4279734240234769,0.01757212806257907,1,2
7b6c49da06db,0.4754839618185592,0.4327856706206106,0.07115746903224814,0.020572898528582233,1,2
7b794c082812,0.3581272473303682,0.13564108897361918,0.4008178171402562,0.10541384655575627,0,1
7b8c999b8505,0.6567983990449077,0.17528336944790984,0.10684078431295417,0.0610774471942283,0,4
7bab30555627,0.2967658653221302,0.1614501623592378,0.5077191934868311,0.03406477883180094,0,3
7bacc2783fa7,0.15619992884003386,0.30251917636260794,0.331770205056711,0.2095106897406473,1,4
7bae3da7cc02,0.3216765768382825,0.3694332100153973,0.2796223788648049,0.029267834281515404,1,3
7bb06ca2150c,0.05799428901602314,0.8107247766374296,0.05732369364538624,0.07395724070116104,1,1
7bc704a7b154,0.17628012159814024,0.5026825304892284,0.2758003820260117,0.0452369658866197,3,3
7bd39a169837,0.11311373968055098,0.45579044587163636,0.22216978504522913,0.2089260294025836,1,3
7bdfad741d14,0.17553132129380686,0.3919175318257103,0.28635158487702617,0.14619956200345682,0,0
7be73deb61a8,0.07805123928921064,0.7171963138558717,0.10881494581352104,0.09593750104139656,1,2
7bf83b446661,0.062293974429648534,0.4044732889985229,0.030091068265769273,0.5031416683060592,2,4
7c1c89a066e5,0.757704927730583,0.14190937818907115,0.06194280386614468,0.03844289021420114,0,3
7c1dcb902f6d,0.27109195448165757,0.38467708533603917,0.17214824076881013,0.17208271941349296,2,1
7c3b534b7eca,0.21716721865705038,0.4211006699558243,0.2692954604979666,0.0924366508891587,0,4
7c4bfbefede8,0.4775756113092056,0.1515003399163957,0.2657198844729559,0.10520416430144279,0,1
7c5406d6328c,0.4558412364866898,0.157871823019183,0.19562069176035138,0.19066624873377572,0,0
7c6b51d6639e,0.3582266353992885,0.3733817188669241,0.1581472325027325,0.11024441323105488,0,1
7c818f4cbdec,0.24645082618472686,0.2673656933656194,0.3742198548256653,0.11196362562398843,1,4
7c96d6d546d3,0.693284352742818,0.14298840921315675,0.14295330671837467,0.020773931325650648,1,2
7ca967363865,0.16704350413355382,0.15570703450314352,0.36990482312077383,0.30734463824252883,0,4
7cb0d082d21b,0.13768926513481908,0.4112297827469363,0.38466645500814606,0.06641449711009861,1,1
7cb0fdd18092,0.07777316169692315,0.5464781184031521,0.2548919207913253,0.12085679910859949,2,4
7cbbe81579da,0.16206756159218988,0.7677057229967317,0.06441562107944536,0.005811094331633023,0,3
7ccfe56da30b,0.10907806238173623,0.6804185737194685,0.13633993961608715,0.07416342428270811,1,3
7ce1ebc880e0,0.12213401503035047,0.6337007317316965,0.17307370647630244,0.07109154676165055,1,1
7d1c99d9eca8,0.29569077446580555,0.28889788793580384,0.35470701084566963,0.06070432675272108,2,0
7d26435833cd,0.2289211316621767,0.5751766370379597,0.1433299844559527,0.052572246843910896,2,1
7d28b814a4d4,0.46504299500435886,0.24450494343936585,0.27045532881502365,0.019996732741251546,2,1
7d2b67f6357e,0.11274263279409712,0.5799316807898226,0.0533128730575294,0.2540128133585509,1,4
7d2ca42f0906,0.13647130936195634,0.4517662899355174,0.40054725171326727,0.011215148989259122,1,3
7d38fbf46bbf,0.8422504184765974,0.031074527880552295,0.10826187022373637,0.01841318341911378,3,4
7d3c837a7644,0.3958613160846426,0.32943901987078855,0.19070008782145342,0.08399957622311541,0,1
7d4971c1d0ca,0.9202853799539277,0.0521034877808556,0.017170148325148387,0.010440983940068347,2,3
7d5282a52850,0.29159097316695975,0.3304092347432569,0.12048384374271924,0.25751594834706415,2,3
7d64b5b28306,0.20386986962590417,0.3691186419442237,0.21208843927456678,0.2149230491553053,0,4
7d70e90deb87,0.06688646608968545,0.5914741456349164,0.23229318294755458,0.1093462053278436,0,3
7d82d53204b8,0.20918708905150182,0.3053826541219711,0.40441270434833515,0.08101755247819191,1,1
7d9f72046513,0.10607779795862247,0.7049495212355092,0.15882316408820432,0.030149516717664002,1,0
7da2b553b5ce,0.3606522607656608,0.26426828228777793,0.29117231099769175,0.08390714594886954,1,1
7db18af1a9d1,0.36296283361134213,0.3526542857427322,0.13294109605887638,0.1514417845870494,0,3
7dc1629a0438,0.5653517918407465,0.26435999688730016,0.13262617134771254,0.037662039924240914,0,4
7dcc972565e6,0.11641326243789163,0.6611169423063339,0.13509144266840284,0.08737835258737173,1,4
7dd3347b0d10,0.6176409957112098,0.08736250745520811,0.22290032975850263,0.07209616707507947,1,3
7dd6835dfc59,0.2651947228559939,0.33782354723125124,0.3103605539583331,0.0866211759544217,0,1
7dd880b043d6,0.5045488449571043,0.36445913144093645,0.09744010371733235,0.03355191988462688,1,3
7ddb42c36bf7,0.034263555190544186,0.8521928054812224,0.07038603867388624,0.04315760065434706,1,0
7ddc4c9daa44,0.5124425218499505,0.2405437733922468,0.22603547130829793,0.020978233449504783,0,1
7ddcf63a332f,0.2905583984868548,0.4261452064689723,0.2339550923310246,0.049341302713148204,3,1
7dfd6afee3e9,0.04496098143730709,0.7490884291492206,0.18306373539310306,0.022886854020369187,0,3
7e24eea87ca5,0.10047233797964147,0.7623650577065952,0.11167472153444825,0.0254878827793151,1,3
7e26e0963bac,0.10245674941258985,0.643359587913983,0.08478851659044843,0.1693951460829787,3,1
7e285573bf0f,0.22340866322975564,0.2897012686398315,0.2411844784262619,0.24570558970415102,1,1
7e2fe165275e,0.09618719061035792,0.38861865838978377,0.46581526553829095,0.04937888546156728,2,2
7e4059d6a0f9,0.3803666922943048,0.21354835413922424,0.3822105075212231,0.023874446045247712,0,3
7e4b2e28a241,0.07337972810266356,0.640510120365686,0.23497891443240868,0.05113123709924178,0,3
7e5785e7fda6,0.039391205588708726,0.7601301737624467,0.17689341097378758,0.023585209675056926,1,0
7e6c68462e06,0.6142854470670299,0.2113522405599826,0.09062142099247951,0.08374089138050803,0,3
7e6e49e5eea7,0.6942681251781683,0.12774559612234343,0.09089892639885748,0.08708735230063074,0,0
7e7701fec9ef,0.745143679274212,0.11332388844023854,0.08464535231343606,0.056887079972113466,0,2
7e86ca47ec47,0.5437572555659976,0.16417490297534396,0.20632182967796062,0.08574601178069784,2,0
7e8be259013a,0.31681253314157837,0.265159849131494,0.265718524129334,0.1523090935975936,3,1
7ea118331dfe,0.11607821471215225,0.5813162257968858,0.19774814994797776,0.10485740954298414,1,0
7ea7f0ce6ba4,0.33601240180145703,0.32678335989665125,0.3140324473576445,0.023171790944247095,1,2
7ea86dbc72ee,0.10962482863329404,0.7617078804634432,0.0443410888328528,0.08432620207041007,1,2
7ea9b8b90bda,0.32080716707562734,0.20013846486397527,0.35110213812866553,0.12795222993173191,1,4
7eb0a56757c0,0.08774430392274726,0.3849706526036309,0.43962639671488507,0.08765864675873676,3,4
7ecdff541fd7,0.8617369736715945,0.08679193959292983,0.022917383824771462,0.028553702910704328,0,2
7ed9fad978ce,0.20716105801296725,0.645775970793533,0.11650989113906608,0.030553080054433603,1,2
7eed9af03814,0.22278102101563121,0.40115293198301816,0.3043729277910815,0.07169311921026916,1,2
7f00e5d4ac58,0.49840839890497124,0.06553624486053196,0.24542325246674332,0.1906321037677535,2,2
7f0a5ea1b11b,0.02682717440808627,0.7119632544201617,0.14151260746579394,0.1196969637059581,1,2
7f4b1a1e987e,0.09016540521776721,0.5614520395907547,0.2568321612554697,0.09155039393600826,2,2
7f5a35344d25,0.32431523692915654,0.46645855534701686,0.14066133052447735,0.06856487719934923,3,3
7f68921f1b58,0.36016473026002394,0.373064266603798,0.09760129263986392,0.16916971049631416,0,1
7f73780cf1f4,0.5208238192575585,0.1719719687534895,0.14199129028633686,0.16521292170261503,0,0
7f7379e733a2,0.5947150662565122,0.08641041588875766,0.23028833026490264,0.08858618758982753,0,3
7f773ab567dc,0.19371203914506968,0.2247254903501016,0.33033675306980886,0.25122571743502,0,1
7f84d57bc1cc,0.368613630112951,0.17058614322579693,0.15010017101352752,0.31070005564772457,0,1
7f88c3e4abca,0.562508111427965,0.14189355333353887,0.17310072080633987,0.1224976144321563,0,4
7f9619af434c,0.07688194172872646,0.56758303057439,0.3327610606742465,0.022773967022636926,0,4
7f9e2766281e,0.1348592978824413,0.6691364958429152,0.08810030235398743,0.1079039039206562,1,2
7fa441d1dd32,0.31160307402020493,0.3267485268229331,0.317111249168483,0.04453714998837895,0,0
7fac35c9e1f4,0.09867197310757884,0.4545229471558765,0.34296153369713744,0.10384354603940728,3,0
7fba08f9ba1e,0.2790228895823239,0.16091850270439462,0.33049287861219756,0.22956572910108394,1,1
7fc0becb14fa,0.1653578544420956,0.3085502226920346,0.3654351570596563,0.1606567658062134,1,4
7fd0efde20b7,0.00782889366685566,0.9661032866749472,0.019945066710580696,0.006122752947616481,2,3
7ffb3015dacb,0.46566327156893805,0.2530514610809987,0.1114066808961698,0.16987858645389348,1,2
800c22b13e4c,0.13586924752107973,0.3099614289465908,0.19164545024964239,0.36252387328268704,0,4
80195e7d2700,0.24698688946272532,0.23826845850475814,0.460058957588578,0.05468569444393856,2,4
801ff0c146b7,0.19907311419415868,0.2738872636335042,0.23341742824690148,0.29362219392543565,0,4
8021320a355b,0.23457249188843612,0.5185150538836484,0.23367800920752227,0.01323444502039322,1,1
804119f6c0a6,0.10340433683345773,0.6478076241249057,0.0685707119174769,0.1802173271241596,1,4
80432401db2b,0.37051208016770026,0.33336548663714755,0.18759710820441328,0.1085253249907389,0,4
8052009f6e35,0.5177830069175215,0.31944553033656314,0.1346117549021554,0.028159707843759988,1,3
805989876fee,0.30996276999054545,0.33214626959175686,0.15004739490550767,0.20784356551219008,1,0
806161ff1e51,0.3940363183883919,0.16767190037251087,0.12455949104498887,0.31373229019410825,2,4
8072ea43a9ef,0.25892622014175976,0.22052196833577908,0.4258941908256583,0.09465762069680286,1,0
8087e3bc0efe,0.13613753847546115,0.4839526054836952,0.31135661345402504,0.06855324258681866,3,3
8087ef52aff5,0.5707103483467715,0.2984576401803732,0.10730192206271177,0.02353008941014357,2,3
80a0658f585b,0.34268735163029307,0.09715722667270904,0.10340265484851417,0.4567527668484837,3,4
80a38757f6b5,0.45216412540180495,0.10237270443657542,0.32733678016466283,0.11812638999695678,0,4
80a497a15df6,0.362967074904501,0.12409630360866422,0.13957327520591825,0.3733633462809165,0,4
80a5f2f9ba0c,0.2536044789527758,0.4495814479326647,0.2575543635375918,0.03925970957696763,1,1
80b74df174a9,0.6139000925693961,0.13195522910075927,0.21318270357317914,0.040961974756665395,1,1
80b798963819,0.06826270384329546,0.8687445693204713,0.056732219055934556,0.006260507780298502,1,2
80b943fa8ecf,0.0855851118276695,0.207099790165616,0.16088219086625388,0.5464329071404607,1,3
80ba72c35938,0.24053113237297866,0.44299567417196,0.28486003968004614,0.03161315377501517,1,1
80c55ce81802,0.4188706087402544,0.22862550785600577,0.20789671055697811,0.14460717284676175,0,4
80e3f166ad2f,0.18399643407563557,0.25861099553267625,0.5475724303418115,0.009820140049876734,1,2
80ec7581b718,0.42998577766633866,0.14380703792880004,0.26232292834390875,0.16388425606095275,0,0
80f212c4109c,0.705219809964483,0.21324235475423442,0.05626846612576913,0.025269369155513487,1,0
812fbc20eda8,0.01009885065832334,0.9091281030795054,0.025345489593361217,0.05542755666880993,1,3
81493310c235,0.26509833366811314,0.29897565921782765,0.18660347491046808,0.2493225322035912,3,4
814e0fdfde1e,0.04122726130529888,0.8742179915268877,0.07448314874496866,0.010071598422844961,1,0
815214972656,0.6719322120453012,0.12969398930256068,0.12716684829620012,0.07120695035593795,0,4
815278b6c176,0.17532121608516713,0.33396871826698266,0.12513848574369357,0.36557157990415673,1,4
8160bfb420dc,0.3962677513142452,0.4061667527804,0.17272541761377935,0.024840078291575397,1,1
81651ff35cb8,0.31453404246032596,0.4159750555766075,0.21179655281163656,0.057694349151430034,1,4
816ff8fa8f42,0.09126268744064965,0.8013868776863093,0.06894419077120005,0.03840624410184102,1,0
81711d215ec7,0.2581088094969279,0.33378265920879613,0.30066322623861785,0.10744530505565812,3,4
81718ce513ca,0.22753322148900876,0.2643369773351886,0.332301975912033,0.17582782526376972,1,1
8176a9253108,0.07767370094065533,0.5686872100786726,0.25077826184788476,0.10286082713278732,2,3
818bda3ca15d,0.2783743846758631,0.15556119712152064,0.5174916692622994,0.048572748940316844,0,4
818c3096a5c4,0.1322993497494066,0.4131312815842335,0.2313792410884689,0.22319012757789103,2,0
8195c077997b,0.2431977248892342,0.6153124502203895,0.09272578808705846,0.048764036803317874,1,1
81a3d149dcbf,0.35772724127448846,0.18384795980113533,0.4438128727316608,0.014611926192715292,0,3
81acc5470917,0.1713852375115592,0.5816249828864942,0.19604949564384908,0.05094028395809759,2,3
81b0675331b4,0.4727755588311457,0.4392426167506015,0.07641126761382504,0.011570556804427588,0,4
81c1e36bdcff,0.4457920208221087,0.3179887779978355,0.22637064427567985,0.009848556904375978,0,2
81d2c8305d95,0.06600883863119535,0.42962919076421435,0.45702735877312656,0.04733461183146364,2,0
81d4dbd5c6d4,0.5392548678674166,0.14235977307787356,0.26911478642407705,0.04927057263063287,2,2
81e2d490e2dd,0.333530178840538,0.19850204198533325,0.4219156423325456,0.04605213684158329,0,1
81f6b4b343f7,0.08298043775284078,0.6299930093318935,0.1452520361100952,0.1417745168051703,1,4
820fc489e682,0.15531498491741746,0.6584683204848402,0.12150135168864165,0.06471534290910072,2,1
82120a4eebc8,0.3382797079844188,0.32720057562555,0.19748511794718157,0.13703459844284954,1,4
8221a4155cc0,0.15003963464140355,0.6905334446717872,0.13390865910972688,0.025518261577082327,3,2
8222875f1a91,0.1444590160205865,0.717464705388177,0.13362337620444237,0.004452902386794186,2,2
822b399fcc86,0.16810161094613268,0.4849944200836818,0.1867248669449716,0.16017910202521385,2,4
823201a39872,0.3161442587935126,0.43802945856897474,0.2071053202129604,0.03872096242455217,1,0
8234b8dc3a41,0.04696787318098053,0.14921743700039417,0.2529227860905795,0.5508919037280459,2,1
8237d25ed806,0.5318129232464262,0.25251157068893326,0.15879272769039157,0.056882778374249016,0,0
8240e63ae3b1,0.2676855856600686,0.4180886805396751,0.26979552933058676,0.04443020446966957,1,0
824374b82868,0.3461245343467079,0.2063682095923589,0.25371415099980205,0.19379310506113112,1,0
824aac4d4e6f,0.7775501382937782,0.16075088179973276,0.03632855245922667,0.025370427447262287,0,4
8252bce4e90c,0.3602336284112041,0.16645841657509192,0.3694031213200243,0.10390483369367967,1,3
825e493ca940,0.15582518198917186,0.32497861077805823,0.36895741777005997,0.15023878946270994,1,4
826272b8be99,0.23634730132406362,0.3031134025691806,0.42226181868754636,0.03827747741920935,1,3
8267fb6fc89f,0.054216034309909476,0.7190302430689282,0.21506400502833523,0.011689717592827182,1,0
8276779107e0,0.18372050687678818,0.3509130528625296,0.39828817128949306,0.06707826897118903,1,4
82868316ea05,0.16919577142927222,0.6933341442304186,0.12442898833294805,0.01304109600736102,1,2
82bd4db9b87c,0.3326750233810722,0.4513315386404188,0.06285852238292643,0.15313491559558268,0,3
82d0600dbf57,0.5460657844403886,0.1943904078943704,0.13569860103307627,0.12384520663216474,1,1
82ed58c1b0db,0.07138394822878205,0.578479726186823,0.23510087964892543,0.11503544593546956,0,3
82fde36914bc,0.5895819975807507,0.1495583175716822,0.1675768337747836,0.09328285107278345,1,4
83007940394a,0.20784022011312936,0.33418185832651526,0.3826925988661788,0.07528532269417659,2,4
8303825d6924,0.023292922541223463,0.5299618580207822,0.2748225206332427,0.17192269880475178,1,3
83088a9ca2d2,0.21884893150591472,0.539946658304387,0.1711269750218237,0.07007743516787454,1,0
830984d74452,0.12068925791966201,0.5939683937807322,0.19407991847318598,0.09126242982641997,1,0
830d41512494,0.028030070303473112,0.763750131136301,0.19371084331171656,0.01450895524850948,1,3
83127fd75313,0.14412976403529218,0.578478202134921,0.24368113471912453,0.03371089911066241,1,1
8315467702a2,0.39130886058185016,0.3041070235773385,0.16973115455555413,0.13485296128525712,0,1
8315b4f8b2c8,0.33419942243013234,0.26012052713365214,0.36634526557361163,0.03933478486260388,1,0
831cea12cf2a,0.23406730521823585,0.139889481521992,0.1927804199878957,0.4332627932718766,2,2
8332bdaddb6e,0.3341409723892616,0.5730992462171292,0.07038824611404468,0.02237153527956454,0,0
834223220998,0.25909950949027455,0.20847252086416795,0.09250396208325883,0.43992400756229877,3,1
8351c991c7c2,0.11399666131577244,0.23237547848566512,0.38100587300670397,0.2726219871918585,0,0
835dd3c81c51,0.1602286642654628,0.7928992089424476,0.034764910078380354,0.012107216713709254,2,2
835e83150535,0.09633433532445711,0.6634607403143438,0.12753296272326678,0.11267196163793222,0,2
8362bdc5c7f5,0.639369903360219,0.11914479028547342,0.17025248266045448,0.07123282369385314,0,0
8367345da05a,0.3123007992441159,0.41944898246220985,0.20277261527612317,0.06547760301755111,0,0
83681c8b7743,0.11336428135078462,0.523364140998441,0.26156765123718806,0.10170392641358632,1,3
836ca5c35bbe,0.8529242711158543,0.033065169604304855,0.10911098752483527,0.004899571755005695,2,2
837fc1ed550e,0.4317956788133784,0.17345257561140542,0.3734330659978386,0.021318679577377427,1,3
8383c0dba9bb,0.1391838476729597,0.3828107378705181,0.10860232031223263,0.3694030941442897,0,3
83a64f9d121a,0.9227883203759915,0.04282699567287324,0.028921182020866156,0.005463501930269077,0,2
83b424ef8bb1,0.2463715303346915,0.25255810041107934,0.2773176978965202,0.2237526713577089,1,4
83b6679566b0,0.27082975309746843,0.41606020707289154,0.266669838665548,0.04644020116409193,2,2
83f637917a44,0.23155603463090652,0.5012802902887221,0.20645638768897043,0.06070728739140093,2,4
841519065bd1,0.2007669717504522,0.22890149400135282,0.2538238804688819,0.31650765377931317,0,0
841dbb381261,0.08552627025176267,0.4370799076194293,0.32708827826572834,0.15030554386307984,1,0
841dfb2ad2ee,0.4963335142654964,0.1866210170087069,0.23695643794617305,0.08008903077962362,2,0
8420a2430b65,0.06608665669981816,0.7175104264805134,0.14809755255076965,0.06830536426889869,1,1
8423d0d5c0b5,0.2541276478792569,0.36891698091736297,0.2307175399765869,0.14623783122679324,2,4
842eea3e3951,0.15200006028849855,0.5754703346456447,0.23008963118150774,0.04243997388434896,1,1
843eebbcc0d2,0.11732830794565197,0.34249520633527664,0.42584489457351266,0.11433159114555887,2,1
84407a15756d,0.045475965342184226,0.8400514631527196,0.06428914661430155,0.05018342489079453,1,3
8447b9e9ad00,0.07671931563546867,0.7814193585423964,0.11499670752471933,0.02686461829741561,1,3
8452bd412bba,0.06774262867482618,0.543808614402493,0.37153346601718196,0.016915290905498957,1,0
84543edc24c2,0.26094580853924465,0.4703867562893807,0.19143652373074835,0.07723091144062644,2,3
8454851c5270,0.36408169681498803,0.15991689379096163,0.2781283227707432,0.19787308662330727,2,1
84657bfd51ee,0.4694453465038122,0.33650451856038055,0.11603137162479538,0.07801876331101193,0,3
847ae068d771,0.07846412566381977,0.5206516952579567,0.30294936513421405,0.09793481394400941,0,1
84a72fcf010a,0.33361253006827585,0.20195204611761805,0.404536585667108,0.05989883814699818,0,2
84b117cebcc5,0.03974149702747301,0.8550056812531631,0.09907016856517985,0.006182653154183986,0,2
84b4d7b819cb,0.023006227590650886,0.5144575985511624,0.4522698802665106,0.010266293591676058,1,2
84b9878362e2,0.3237471796362485,0.31094561207572224,0.3286981022121394,0.036609106075889714,0,1
84cb858a8b18,0.10226986543678324,0.23127151950350772,0.1952405895810091,0.47121802547870006,2,4
84ea93253e6a,0.390748427009013,0.23320975463896076,0.30737970012087257,0.06866211823115352,0,4
84f48ed1bafd,0.6051989537562812,0.35467163781052413,0.01409141289259577,0.026037995540599,1,2
8501ffeadc53,0.07695220561374647,0.66057957955631,0.1924412219366029,0.07002699289334069,1,0
851fda48d245,0.2002037794900851,0.3959676779612124,0.1564968539648795,0.2473316885838229,0,4
852848545a6c,0.027786427352029262,0.0564192041646353,0.8940097367820238,0.02178463170131167,1,2
853df92b47be,0.09951651356566939,0.7496714114563413,0.1385516732173136,0.012260401760675811,2,4
854d97049377,0.27452566553650803,0.29391905646432803,0.20899050252220544,0.2225647754769584,3,4
8557928e510e,0.11618246390581331,0.6636230327112566,0.17580387459809727,0.04439062878483284,1,0
856020133090,0.1776615424169348,0.2130956538664477,0.19109542722882794,0.4181473764877895,2,3
857b9908a0aa,0.3906934005329558,0.39504691296356736,0.15655068091633317,0.05770900558714355,0,3
858725b534d6,0.18925771518286616,0.5594946581011039,0.2069113158865888,0.04433631082944097,1,1
858f01b51c3d,0.15571787632528789,0.46714585339181774,0.19017748348338842,0.1869587867995061,1,2
85a651285b8e,0.08501848137302051,0.7272125138450583,0.12793966715342137,0.059829337628499846,3,3
85da175299c4,0.23748339571201757,0.6385857537129415,0.1163017509221631,0.007629099652877846,0,3
85dc058820ab,0.1469872455386428,0.6434077608353733,0.12348505272038511,0.08611994090559891,1,3
85e721c2c2f7,0.3497801288027776,0.35366143767218083,0.08192081601310706,0.21463761751193453,0,2
85f8405ef40a,0.06725770842447706,0.5037174313482271,0.4101564305872022,0.01886842964009365,3,2
860611cd1738,0.12478896787753009,0.6535435944506975,0.14445446318538221,0.07721297448639022,1,0
86092024d731,0.07044865348667918,0.5819078846075049,0.25740953435715264,0.09023392754866323,2,1
8609ebfada9d,0.25629415034576847,0.17634827593856414,0.17537643612885861,0.3919811375868088,1,1
862cdc30fb27,0.34882302205798976,0.4026372253028287,0.20471040018222483,0.04382935245695665,0,0
86323e8815ce,0.16582230409237006,0.5205137902716078,0.2643156725679421,0.04934823306808001,1,0
865cee33719e,0.589613517894258,0.14780813216232727,0.19950237345825753,0.0630759764851573,0,3
8661a2df18d2,0.09604572357859885,0.7167632955106079,0.11613115413706086,0.07105982677373239,2,2
866879344af1,0.19119211564880842,0.43558317057921825,0.16296946535109955,0.21025524842087387,2,2
8672a27b3291,0.40772094222815825,0.22113576493961137,0.2779506130976503,0.09319267973458015,1,4
8692c37fba6d,0.12696253972780625,0.5861265968911832,0.16065966168168647,0.1262512016993241,1,0
86aaf2215fd4,0.4652968643209054,0.05537962020532756,0.4411543511804435,0.03816916429332358,0,2
86ad90147e40,0.38872997410007626,0.2143570831303947,0.30854354617951313,0.08836939659001594,0,0
86b08ada55fa,0.20356044884353203,0.08683373152885869,0.18129649559044128,0.528309324037168,3,4
86b2cddc9a96,0.31480471933683757,0.2564346058230714,0.08122053602711793,0.3475401388129732,0,1
86d7ce86d31c,0.11984662096022895,0.5088932555408405,0.3310773555525085,0.04018276794642208,1,1
86e209c99853,0.08869308779961227,0.3862773233057297,0.40532827041412595,0.119701318480532,1,4
86ecdad652bb,0.09199802710944327,0.7007726552985967,0.1370993630307596,0.0701299545612004,2,2
86f0ced73df0,0.0892106448089419,0.7740437186478935,0.07544164612198337,0.06130399042118137,0,3
86fbc6625250,0.591087821419192,0.06942707350397138,0.249808192040317,0.08967691303651952,0,4
8704605c8d78,0.34322474112250817,0.15901145410317422,0.37968362419085255,0.11808018058346503,1,0
8707f9b371b1,0.27732784839154606,0.3146325926465196,0.35664791447255095,0.05139164448938327,1,4
871805a76116,0.26139228179185997,0.5282221149220846,0.08316181945842005,0.12722378382763536,1,3
8723fa61b4c9,0.0701960092186907,0.27302759777609364,0.4289329538567513,0.2278434391484643,1,1
87463d16a03c,0.1207250233725481,0.6300565216610793,0.22715956112578498,0.02205889384058766,1,2
8762482fa9b6,0.8615034593207755,0.06394743961333953,0.05968014056616449,0.014868960499720425,0,2
87664803e3cd,0.5041402072806206,0.3484322500797601,0.09468807643963442,0.0527394661999849,1,4
8771126854cb,0.6113280938168144,0.07396471429234235,0.14963422252893407,0.16507296936190918,0,0
8797c00011a7,0.27196563410715535,0.08069799587423712,0.5994147577842537,0.047921612234353886,1,3
87ad926c7cd5,0.26733110050083203,0.5576924573853538,0.05907582783594027,0.11590061427787385,2,2
87ba5ef70efe,0.2065382300101851,0.273547576623003,0.3072888785707911,0.21262531479602068,1,1
87d8d1d29655,0.1103313127978979,0.4617214040316746,0.37999502834148313,0.04795225482894439,1,0
87e342354d85,0.3188364526617716,0.49191227954287664,0.18415233158052804,0.005098936214823908,0,3
87f4d0c6babd,0.5639369792640717,0.16294081757725,0.08518523958712197,0.18793696357155637,1,4
8805b17f963a,0.09538787926956997,0.5529594007372846,0.3203043069776293,0.031348413015516094,1,2
880760598f51,0.43784183258977727,0.12949892202120392,0.3090744962126194,0.1235847491763993,2,1
880ef66733bf,0.031104940349110984,0.5842727399291058,0.27738861914392665,0.10723370057785658,0,4
881057f737e0,0.23647305709602404,0.1761636271385456,0.2819743553162945,0.3053889604491358,0,0
881fc5cfb469,0.3911350861279804,0.29578085212823985,0.2755914019378367,0.03749265980594305,3,3
883ec957d088,0.014546819155227205,0.9502168838503475,0.025911557196246025,0.009324739798179313,1,2
884ae726c5fa,0.31564939938458897,0.41532517266216357,0.1667121349400513,0.10231329301319632,0,4
8855be1da6d3,0.43814872602753685,0.09966384989087061,0.2101087735763505,0.252078650505242,1,4
885dd0b39eb1,0.320001277686426,0.5140546965798641,0.12079188521343075,0.045152140520279035,1,2
8861d23685ef,0.4481625271778401,0.16724621569832765,0.12163235099284418,0.26295890613098793,2,1
88678531fd19,0.18825772178441372,0.3372690193354467,0.3380269454734687,0.13644631340667088,3,4
88787efdd3d9,0.27569886577820635,0.13986590682599004,0.2856235645187003,0.2988116628771033,0,4
8879adb07db4,0.34447705690634717,0.29926556260433235,0.20167460229312212,0.1545827781961984,0,1
889b5893c83d,0.3223161050661201,0.4788779631466976,0.12021821553696473,0.07858771625021775,1,1
88b7b5dcfd30,0.020758203828021553,0.7905995183963855,0.17814528398039026,0.010496993795202619,1,4
88cb519feae6,0.4055466270628221,0.3733693804716623,0.20731574015560508,0.01376825230991045,1,3
88dbdcdb59c6,0.3118783486488613,0.4474363211517002,0.17518075754429813,0.06550457265514041,2,1
88f2e452d4b2,0.3845703094069434,0.37179581549054747,0.17422476637054402,0.06940910873196518,0,2
88ff3858d82c,0.26692308621854877,0.28957765536627383,0.3877064516869603,0.05579280672821705,3,0
890bbfb62803,0.5476119729111192,0.34463972630914136,0.09206282777968465,0.01568547300005489,1,2
89195455e6ff,0.2405920453488469,0.23864000441825392,0.3920507724741032,0.128717177758796,2,0
891dccc7f408,0.22236554956553647,0.5991226850454883,0.12973427972088314,0.048777485668092146,2,0
8937a100c4b1,0.1667070101809364,0.4266862486640412,0.35662199014129553,0.04998475101372692,1,4
8943d1d85097,0.11325114983677648,0.5481449149048664,0.13591650216001044,0.2026874330983466,1,4
8945d312af6a,0.14078542095065752,0.40424593628895666,0.2877463553903689,0.1672222873700168,1,4
894cf780d724,0.3583668684460797,0.24685381825089867,0.32191384447907906,0.07286546882394264,2,1
895c41c283cd,0.10767598301991593,0.3730219266489068,0.4085378636802891,0.11076422665088813,0,3
896ab1acf6f2,0.17317949734766355,0.6388519998795901,0.15224123191673825,0.035727270856008034,1,0
896ea179cbae,0.05565769097241945,0.7881402362482618,0.103134906248722,0.053067166530596836,1,2
896ff6f04d0e,0.04159048570631374,0.7500362863145466,0.15422093003124696,0.054152297947892766,1,1
8976a065ab10,0.7672377817594822,0.12236321443123788,0.10628836408806443,0.004110639721215413,0,2
897ab7243051,0.1058940902643124,0.6973570734789732,0.12398524711595314,0.07276358914076131,2,4
89921b036cc3,0.879405932994654,0.09584434291068464,0.022739348643312736,0.002010375451348821,0,2
89ad8581ccaf,0.32532995432142137,0.21731399810893084,0.1741236086825118,0.2832324388871359,0,0
89b8af016a97,0.28632054883318575,0.21024840349646054,0.15589426562886416,0.34753678204148963,3,4
89c6489e8df7,0.10819588736553415,0.3035135559996234,0.5225921750006638,0.0656983816341787,1,0
89cb02de68a7,0.35781812738365437,0.2220795582123139,0.34780152577610085,0.07230078862793086,1,1
89cc008ddabf,0.30333407800780143,0.46379388988733317,0.15867768995394355,0.07419434215092185,2,2
89cfe8497e68,0.13388162510472804,0.5673263657773148,0.20019167041806277,0.09860033869989454,1,2
89d2589d197c,0.8738200671885605,0.05441315901186889,0.06722795791438739,0.004538815885183279,0,3
8a0139211dd5,0.2544274494695783,0.3852506323095889,0.25846802097384064,0.10185389724699224,2,4
8a0bb2abd955,0.33340402257454993,0.22689866116456764,0.2316560081737288,0.2080413080871536,0,0
8a0e92da8c69,0.031165817630523267,0.9159206626869432,0.046737933722100625,0.00617558596043279,1,3
8a3b38dbc12d,0.2379710835620271,0.4156858088789483,0.22180424445673483,0.12453886310228965,2,4
8a435c339b1e,0.3793136552769796,0.21306808985865844,0.23797243628150533,0.1696458185828565,0,2
8a606a964b1d,0.06343252127300633,0.3041673488622927,0.09477921913862332,0.5376209107260776,1,1
8a6b5f89162a,0.22462090105669005,0.2996456486207842,0.32490241310950824,0.15083103721301755,1,3
8a7c3c0d189c,0.24846185817547484,0.31029013777007924,0.3560686018807452,0.08517940217370072,2,3
8aa587a862e8,0.3771713129171701,0.4788460975537011,0.06875225975104225,0.07523032977808648,1,3
8ad88b978f87,0.456598138805248,0.30949656337303794,0.1901558091392736,0.043749488682440545,1,3
8ae458411c33,0.6299094633032167,0.2801314656360356,0.08213668116123532,0.007822389899512337,0,0
8ae943cc3a16,0.020116627675179063,0.5669718166140161,0.22943357808115936,0.18347797762964543,1,4
8afc6567147a,0.5187718695523752,0.0701926892249847,0.25915614065015335,0.1518793005724868,2,1
8b059659257d,0.5352980973957695,0.16659745396506329,0.16834950532290455,0.12975494331626264,0,4
8b18f1963aff,0.2055548325794003,0.5452044786221713,0.12314478212575412,0.12609590667267434,1,1
8b1b8b42cbd2,0.14413380666566236,0.4940924967281941,0.09570759126764164,0.2660661053385019,0,4
8b41c96e9f63,0.041069358197460444,0.3186124187701686,0.5315500524590013,0.10876817057336968,1,1
8b4741c28384,0.48649196371710984,0.3364161692285544,0.09507748155601906,0.08201438549831673,1,0
8b52cf335c4d,0.6510596775436134,0.07641603767381432,0.10248725929670832,0.17003702548586402,2,1
8b5efcadabf9,0.25570897675151694,0.23591044612358203,0.3994896273458945,0.1088909497790065,2,0
8b5f06c0671d,0.04321928224338401,0.5259367170282602,0.2959308932028665,0.13491310752548943,1,3
8b7d91225bc5,0.21817952943217203,0.5880766750489221,0.14123569758583074,0.05250809793307508,1,0
8b7e0c35fd8f,0.15427000184346842,0.390876202408526,0.3994685592715529,0.0553852364764526,0,4
8b86c273f095,0.042555964046093867,0.6740132136603902,0.1387267102918972,0.14470411200161876,1,4
8b8d05db440e,0.7955276380660885,0.05624926788867101,0.0928263613059674,0.05539673273927301,0,2
8bd4738d4f00,0.436556852006756,0.2503185435809179,0.2908480736197523,0.022276530792573808,0,3
8bd62094ea13,0.804735407012235,0.07822171345250044,0.0782672492104812,0.038775630324783386,2,2
8c15768ece37,0.5935779507686573,0.19777526848712737,0.11759960042124132,0.09104718032297403,1,4
8c1872520275,0.07410176910361024,0.42497999324364377,0.2923588116141853,0.2085594260385606,2,4
8c19695fed29,0.5408596378593187,0.21897125852891328,0.12325091721623632,0.11691818639553175,3,0
8c1c165022b6,0.27691958608391287,0.11506914355951699,0.5522164587200917,0.05579481163647851,0,4
8c1f2172bcf0,0.11859047966250405,0.6861660030939859,0.15162673124745799,0.043616785996052246,1,4
8c272c45e4bf,0.12831617884063498,0.6827558577024254,0.17608742658408066,0.01284053687285897,1,0
8c382f780705,0.32100237654539154,0.4812365004985641,0.14760727656702058,0.05015384638902366,0,0
8c46388eee54,0.29974543813444027,0.3371000373266978,0.2511486025790709,0.11200592195979102,3,0
8c5533597dc0,0.7765352502493788,0.07194172609579198,0.08020334223974286,0.07131968141508632,2,0
8c81896e7e55,0.15832572984055912,0.3747075652174032,0.1602380515802484,0.3067286533617894,1,4
8c93b1d9363b,0.4594752620633172,0.14859307659099608,0.14592965012447687,0.2460020112212098,0,4
8c94a7329137,0.039565723736509135,0.8634959929287357,0.025083701887085766,0.0718545814476694,1,3
8c9bb70fac25,0.0718922160673595,0.6649398760499404,0.21854481894246036,0.044623088940239745,1,3
8cc1d57b3142,0.1973569059481038,0.10024704938298497,0.527565678751058,0.17483036591785336,0,1
8ce7315d04b1,0.15918355053657085,0.47557395888643456,0.24272114010967696,0.1225213504673175,3,0
8ceba80333df,0.025988902333923595,0.2750565185006068,0.6711407854606459,0.027813793704823668,1,3
8cec64c8a30a,0.11463694522649064,0.5750016087404289,0.1257326585981141,0.18462878743496633,0,1
8cef368b3a7d,0.6673876894084007,0.13277778792149508,0.06735058975419383,0.1324839329159103,0,3
8cf2f88c1831,0.3199715415126614,0.320633391311216,0.21619959931412402,0.14319546786199863,0,4
8cf5886a6526,0.7763749402834469,0.08521479420435595,0.07737987207115225,0.061030393441044745,0,3
8cf883e963b2,0.24344712949016492,0.6369649464047034,0.06933751248780412,0.05025041161732761,0,3
8cfd81b6304b,0.22919707500798842,0.5044840150840895,0.17505306344817034,0.09126584645975179,1,1
8d04e38ff3cc,0.7571484214818099,0.1026557839799928,0.09116783418039283,0.049027960357804504,2,0
8d05f7a01571,0.16750283649651573,0.729865630487138,0.0762209013578536,0.02641063165849261,1,0
8d107e939496,0.04859684115906817,0.46480930240779844,0.021521557017971604,0.4650722994151618,1,2
8d119ef46916,0.18479156954452133,0.40328078345969826,0.2142044784814624,0.19772316851431795,1,4
8d1bb5055032,0.05407928143230165,0.6720277027451804,0.19052288511300136,0.08337013070951653,0,4
8d1e97279e94,0.11339785843814164,0.28402351860039765,0.370350880002095,0.23222774295936569,2,4
8d266ade4183,0.5127841311785727,0.18533298763550377,0.25022850086993964,0.05165438031598388,3,0
8d2c21678869,0.10439989048867596,0.3754437269072669,0.5072553458518737,0.01290103675218338,1,1
8d3cf4f69a12,0.5066367126150612,0.18841815636986944,0.11895518732515441,0.185989943689915,0,1
8d4380e847cd,0.11722189523962037,0.5180485943468133,0.21764393225149822,0.14708557816206824,2,2
8d4af13cfe6e,0.22050242091053723,0.4028975558684355,0.35702219948906955,0.01957782373195761,1,2
8d603dc4f0fc,0.575043379049264,0.13789938422355053,0.11110139114979102,0.1759558455773945,1,4
8d6424e7fe13,0.5183629752009149,0.2773749124871009,0.17513325221300255,0.029128860098981767,1,1
8d98b1ffe5cc,0.15226180163578334,0.4157413038086173,0.23491320985968972,0.19708368469590973,1,1
8db3c6dd3bc8,0.2125157103636235,0.3312061495106186,0.263215008423497,0.19306313170226083,1,2
8dd03d75fbbc,0.6131699984171648,0.3103891489181031,0.05633182437837164,0.0201090282863605,2,2
8dd2336dc141,0.4757957777906482,0.32940340753392944,0.11484058132037636,0.07996023335504611,1,2
8dd9d392745c,0.08405050830903901,0.5746405796976407,0.32243853853597315,0.01887037345734728,1,0
8de0328fef41,0.10510399390222573,0.41136360267420036,0.3269354776245043,0.1565969257990696,1,0
8dec4313cf31,0.2305657310977247,0.10398416158917624,0.18396162127343926,0.4814884860396598,3,3
8e0e8fb16772,0.5272619764530612,0.2311154679244602,0.1892454186295956,0.052377136992883,2,0
8e207d306f5a,0.032153143072177204,0.4613768067684364,0.3774124699246713,0.12905758023471497,1,0
8e3028ee83b7,0.535804871971331,0.320738856866577,0.09166133638418843,0.051794934777903624,2,3
8e303eb56993,0.3903063550222973,0.2526929381876486,0.29818498489246564,0.05881572189758837,1,0
8e589a80dc42,0.23103629401995587,0.2637482762102102,0.33964950525719334,0.16556592451264063,2,1
8e592ea3b990,0.07797826006998407,0.3361898265916313,0.10755874556767192,0.4782731677707127,1,4
8e66608fcb8b,0.5056284360793794,0.3687378076023318,0.10137158819718448,0.024262168121104273,1,2
8e696c58fe5a,0.2569205462431597,0.1523266906911992,0.2431502465488565,0.3476025165167846,0,1
8e6f3fef011b,0.3556753282820123,0.5008355967625566,0.09121078569803241,0.052278289257398636,2,2
8e844d4f4027,0.280594805433035,0.2779172825295089,0.21458065699139384,0.22690725504606227,0,1
8e88d7565396,0.019573546894658348,0.9130736414707882,0.062278088349805895,0.005074723284747485,1,1
8ea4a61f36d5,0.27798449737831415,0.6520424061479337,0.05092956074770273,0.019043535726049252,1,3
8eac27104552,0.03841617276670727,0.5796385360353747,0.14574693729910707,0.23619835389881086,1,2
8eb7415fd75d,0.761108490730634,0.07453844658042455,0.13642257238212452,0.027930490306817053,0,1
8ebfb520f2cc,0.5604005459520679,0.28858801614680246,0.10504589087353475,0.04596554702759475,1,3
8f08039e8b7f,0.2605792282022998,0.36439766165307547,0.30159812193023927,0.0734249882143855,1,3
8f0cd3800684,0.6893666988375884,0.09894436752999443,0.07716265210543939,0.13452628152697774,1,0
8f1242af7d14,0.5454341736510762,0.4166008404238167,0.03315234099903638,0.004812644926070844,2,3
8f22d79a5ba0,0.06505788401611858,0.242300525650212,0.5866387695180789,0.1060028208155905,1,3
8f25ccd15213,0.30755531316768336,0.30614750784163797,0.3259580336104466,0.06033914538023197,1,4
8f3131f02439,0.482562559135175,0.2583038526668809,0.21191046276323647,0.04722312543470761,0,4
8f3a2c63b390,0.26860912414637905,0.3414488793628833,0.12996048542587438,0.25998151106486317,1,1
8f3f2c566e2e,0.0877504874660779,0.5500728445587622,0.27869490593971763,0.08348176203544239,1,0
8f40087975d6,0.35474994476463145,0.09979748274011184,0.3641824371418657,0.1812701353533909,1,1
8f43952cb2e4,0.2852213518931366,0.1271449119495691,0.10476035434653191,0.4828733818107624,1,4
8f460f57d325,0.06414507339956492,0.8623777711718553,0.024937721193768737,0.04853943423481084,1,2
8f59e4041fb3,0.421958350782315,0.3152431927154173,0.1510666648522985,0.1117317916499692,2,2
8f668881cb15,0.05855821671433716,0.5140916183742598,0.4008241192847135,0.026526045626689452,1,0
8f67031d69a9,0.2700685899891257,0.29816445231650607,0.20944321589091106,0.22232374180345724,3,4
8f67f991ed01,0.15151123540564063,0.3426655304140825,0.4131438578943696,0.09267937628590737,2,1
8f8c93da549d,0.35687895540095094,0.3336127636080895,0.205963202278454,0.10354507871250564,1,0
8f969a767c03,0.21508844664469962,0.3123639542187019,0.45056962915791043,0.02197796997868818,1,4
8f9900d6dd98,0.29854090446939807,0.15691347274323675,0.45373595649232434,0.0908096662950408,0,1
8f9f2fcd1101,0.09881733520838508,0.7436383486735892,0.14470793594046413,0.01283638017756144,1,3
8fa13c443211,0.0745003915126004,0.7060152498908339,0.08498622134402462,0.13449813725254106,1,0
8fc0ab15fbba,0.20992776756258605,0.5256774046526532,0.1519588989027226,0.11243592888203806,0,4
8fc46a1ef7d6,0.21837529429020014,0.5413796786993386,0.19030684094095193,0.04993818606950936,0,0
8fcb4fdefa9b,0.3041339080416755,0.3483717646997564,0.20492716639326075,0.14256716086530744,1,0
8fd26a99fddf,0.45923197983367087,0.1735947367842649,0.3397323794251029,0.027440903956961277,2,0
8fd6cbf80a60,0.23942286058602472,0.48828400572530406,0.2527747543979693,0.019518379290701975,3,4
8fde67c815d9,0.17624822566508272,0.2384795477187113,0.5427377527154243,0.042534473900781654,1,3
8fe8e5f3d9f2,0.14558371372315174,0.4681509443985612,0.2740219504505134,0.1122433914277738,1,1
8fece7358b68,0.21841963900874659,0.2301754878546215,0.538134676542009,0.013270196594623033,0,1
900f971c9d9d,0.245332230630002,0.1988617781255508,0.24868093718697656,0.30712505405747065,2,1
901033aaf100,0.25975523419152635,0.6321952930068229,0.09348897573495743,0.014560497066693356,1,2
9010d82f158b,0.2160576535990064,0.6012799104359471,0.09493930732582447,0.08772312863922206,2,1
90128165c011,0.18004499840086272,0.16149644418229267,0.5348405391113984,0.12361801830544618,2,4
9027e97cec00,0.15126680007002455,0.3269792519286883,0.3775175538337106,0.1442363941675765,1,1
9032f7dfa5b7,0.04620209452215098,0.8736094986168632,0.06993407110936384,0.010254335751621874,1,3
9039045a41db,0.2228209340988708,0.48265952814796437,0.1065246187134448,0.18799491903972013,0,1
9039323ef12d,0.37061465896968865,0.32245578253423496,0.27892749153179464,0.028002066964281744,3,1
904b2fc4d66c,0.358622445208497,0.33273398249352426,0.2595712547325496,0.04907231756542918,2,2
90563a9f1f5c,0.26677105761076325,0.20209242573263977,0.49759037066576767,0.03354614599082922,1,1
906b1c0633c1,0.5589286268938176,0.050973127406807144,0.28927766166402646,0.10082058403534867,0,1
90857afa360f,0.28919657559366785,0.30514053354587206,0.1881584058292801,0.21750448503117997,3,1
9092b76fd394,0.1770562231506003,0.5411223117408889,0.17575807763914458,0.1060633874693662,1,4
9099a377b0ba,0.5667470273708569,0.1698693898348778,0.13193456799089753,0.13144901480336782,0,1
909b093ebd7b,0.00730681992337082,0.9334683659971191,0.05853712361451712,0.0006876904649929608,1,3
90bbbbe42dcf,0.1550384985727958,0.54294714694499,0.08084155644500304,0.221172798037211,0,2
90d2406651aa,0.2956438901609067,0.1293801430657223,0.48003833154940123,0.09493763522396975,2,4
90ebb1c07f60,0.6624124642881131,0.21142651059963274,0.1058499099579079,0.020311115154346308,0,3
90f926079a8b,0.3365622765472089,0.3318752574276479,0.26976408056347956,0.061798385461663635,0,1
910fd590ada8,0.29389458869572416,0.15685607634799706,0.24863212155077696,0.30061721340550174,1,4
9113eb5c46c2,0.20114372108914672,0.28538760676573605,0.221696053845088,0.2917726183000292,1,1
9115e6b5aef1,0.12038030178659485,0.34925130374277286,0.4521683096873148,0.07820008478331768,0,1
911de1f9cbc8,0.09481855786163311,0.43475563299062864,0.2630440611326962,0.20738174801504194,1,4
912c5491499a,0.07786753583213439,0.38503172857916373,0.515091345490818,0.022009390097883875,1,3
912f0bf73b2c,0.47737088268741124,0.2988825318855278,0.1722080254918966,0.05153855993516439,1,2
913182869146,0.10877659220898775,0.6384520521418214,0.20851562673910246,0.04425572891008827,1,1
914fd6a59eb7,0.11563641819398149,0.46660613175337795,0.35447123087929133,0.06328621917334909,1,0
9168248b2ad7,0.11099427246460981,0.5824584699642175,0.09730842994290173,0.209238827628271,1,4
916911dbc503,0.12888051381887747,0.6936243266143783,0.12929707471626314,0.0481980848504812,1,0
9185f141a3c9,0.4918618134637458,0.19771393753443545,0.2936560233482185,0.016768225653600248,1,1
919d121c32c5,0.418531612529288,0.16839402389804553,0.1963585244890253,0.21671583908364123,1,4
91a2860aecda,0.11749039842933752,0.1998601648292364,0.38520222912101726,0.29744720762040877,1,1
91a5b9eda347,0.2121978156854227,0.4522084083932942,0.20786911227331664,0.12772466364796659,1,3
91bd57a2c56d,0.019408584473900946,0.8386766871401133,0.0658503382918343,0.07606439009415142,2,3
91ced42c375c,0.042376728271511684,0.5655773251327071,0.3669514514242832,0.025094495171498,3,4
91dcfcaf5ee0,0.07868985095951199,0.32948593772581475,0.5747980904480967,0.01702612086657652,1,1
91e00c3ee94b,0.43807867824924485,0.1586173222570912,0.25945925788029534,0.1438447416133687,1,0
920248f0e483,0.3929421144282094,0.319314445798096,0.1768717185002101,0.11087172127348463,1,2
9225830ff6e8,0.17131615477041234,0.2916558166956546,0.1890991094022952,0.34792891913163787,1,1
922ecebef0a6,0.02684581631874051,0.6972151975321951,0.20651259051454787,0.06942639563451632,2,0
924f402e5f21,0.06003034338252644,0.5794984653622639,0.3361570461232909,0.024314145131918798,2,4
926375b034e2,0.08296065502933235,0.5682882811447326,0.23927201868551087,0.10947904514042407,2,4
9273fc8c7085,0.38856179999189894,0.48481737237519207,0.08140177916583564,0.04521904846707336,1,4
9276f2d48294,0.506642856431313,0.20641009922532452,0.20054354552041825,0.08640349882294421,0,0
9283b3ca7c42,0.20062782210405672,0.42612058446179774,0.20229589150178226,0.17095570193236323,1,0
928e54bf8b2c,0.5989279496757743,0.26911720721993015,0.055163019842274175,0.07679182326202133,3,2
9291a5debee0,0.1862872758652045,0.5211709920340564,0.10953503676798892,0.18300669533275016,0,0
9298dad2b9d5,0.3913409853088701,0.12666057919558682,0.26309711848416106,0.21890131701138194,1,1
92a134ec6693,0.25319876951575376,0.39331052114779297,0.29801515038249393,0.05547555895395933,0,0
92a2802a224d,0.17423845251176034,0.2872199174785242,0.2944456614874789,0.24409596852223645,2,2
92aacc2910ce,0.6911613273386,0.12156654803294752,0.08640827607775764,0.10086384855069473,0,0
92aae4899047,0.34010133766090206,0.15116317196492454,0.3630650528229093,0.14567043755126416,0,1
92db40d7a773,0.17777382245730122,0.46182570736971,0.16688894327095194,0.19351152690203677,0,2
92e2158a09b7,0.05186953062756395,0.46265947705648647,0.3852436412084815,0.10022735110746804,1,4
930457b2b7fc,0.3832930811822531,0.35185628855898027,0.20308230103979175,0.06176832921897487,3,1
93137dfd6a8b,0.2969751726353164,0.4124811887490208,0.17022527654663427,0.12031836206902848,1,4
9315df5edab8,0.09842199039628295,0.3136479135835728,0.2984184136750744,0.2895116823450698,0,4
932c6343566e,0.2768206946456553,0.26713281385939874,0.44057192111157656,0.01547457038336937,0,3
9330e8848d54,0.10196672805335553,0.6058402861987998,0.05757169178196244,0.2346212939658823,1,3
9345d903a235,0.19893640290066927,0.41787838795317883,0.3724842006778122,0.010701008468339884,1,2
9348d63bc024,0.6301808572964798,0.26451443443892336,0.042329372693652674,0.06297533557094426,0,3
936046fa7b66,0.32366448964453504,0.40189954541325923,0.23556142517687367,0.038874539765332124,0,4
936679c7b27c,0.21014539699852566,0.24405005183267023,0.3818654391594704,0.16393911200933356,2,1
936867da7b98,0.1095184485721026,0.7230454597064797,0.15505053573235372,0.012385555989064038,1,3
9376fced310c,0.4328211590086937,0.2075324702725838,0.3230340820108859,0.03661228870783635,1,3
93882c2250e5,0.5422523276803137,0.1829380695535633,0.17575646203140652,0.09905314073471651,1,4
93915d2e405c,0.19017068776121068,0.313257622752851,0.33497252316584436,0.16159916632009383,0,0
9392e6a8e272,0.044628501459047724,0.20362414525809014,0.47303490356710354,0.27871244971575865,2,4
93b2c01193e9,0.04628663106543618,0.8560675439451302,0.05763188760339483,0.04001393738603886,0,2
93c6a74d9ef2,0.029001979424781634,0.9096082105965096,0.0461341877064634,0.015255622272245086,1,2
93c9ce299102,0.20465684434908588,0.38792542351862064,0.29114812199046974,0.11626961014182374,2,1
93e8a7d28f91,0.7631981379393646,0.19181314835840443,0.037987305531472546,0.007001408170758261,0,2
93eaff86bff6,0.3184225140905217,0.456243235982326,0.16087283730721788,0.06446141261993446,0,2
940927eb98cc,0.5696338359852251,0.10150789450091154,0.11386605796523096,0.21499221154863254,0,1
9424c80e0448,0.1243129122627744,0.13437931162036545,0.7227997991620316,0.018507976954828417,2,1
943486bb3aac,0.028204440714823305,0.938340375308967,0.027941963299758326,0.005513220676451337,1,3
943d27c0247b,0.5737249997821372,0.3455856982626617,0.03964730156121801,0.041042000393983015,1,3
943eaf84ee7e,0.20710521046208955,0.4514013692620024,0.20450808741924945,0.13698533285665873,3,3
944341248373,0.11634959614931394,0.6107026162236657,0.21627181354712877,0.05667597407989166,1,3
945d11f79ea4,0.2670346488376548,0.19956508450826874,0.37086369128765817,0.16253657536641833,1,4
94708a574bf1,0.34523283866946514,0.22514984352428055,0.3565970937925352,0.07302022401371917,2,3
947af0140d33,0.20135902790595891,0.23802535385930898,0.32143336557487284,0.2391822526598593,1,4
947bec537575,0.1642254048358204,0.5917099324536491,0.16199309793159944,0.0820715647789311,1,4
948a3520b1f3,0.05655551417546945,0.2688810321398887,0.21139830145864216,0.4631651522259997,0,2
948b59d6a856,0.25116070031585946,0.3401892609735392,0.27268829176182874,0.13596174694877264,1,1
948cbaad29d8,0.11865224670615131,0.5167775176197932,0.2170694369184499,0.1475007987556057,1,2
94a3a166d2e6,0.24366627648760888,0.6347974626570249,0.06441736510111096,0.05711889575425536,2,2
94a65a60dd0f,0.26416483434909804,0.21225598604646917,0.3445621297538917,0.17901704985054098,0,2
94df074651a2,0.20171924380293643,0.4408907639668086,0.2419555373935238,0.1154344548367313,2,2
94e318e3c980,0.02897893584074994,0.5636016037626156,0.3712604053142198,0.03615905508241466,1,3
94eda787df5b,0.06224081514947499,0.6044609169401131,0.3119173706033991,0.021380897307013046,1,1
9506596cb1ab,0.3956890097966283,0.10849151066559219,0.14796395373488838,0.34785552580289125,0,3
951400899440,0.006652535047103996,0.19998662761858685,0.7883123782939362,0.005048459040373051,1,3
951b8755c772,0.31384324277764025,0.43463688861297434,0.15147753782343618,0.10004233078594926,1,4
952077ae882b,0.44563513537452254,0.08739045085548144,0.4604201787504254,0.0065542350195706795,0,2
9526218fe33d,0.16794432366437048,0.651195301235067,0.1297959523926454,0.051064422707917036,1,0
952f04d9cfcc,0.14801756526462734,0.166680462113673,0.2971237371539808,0.3881782354677189,1,1
9533d6931fc7,0.07188977835812027,0.5385432340572002,0.3703253836580987,0.01924160392658091,1,2
953e5e477eaa,0.08465995591772348,0.40628803454679724,0.2904826055899974,0.21856940394548185,0,4
954f8acb98dd,0.40003916950268315,0.1454346339168104,0.399781588265148,0.054744608315358434,0,1
9554527fd4a5,0.33208585746210206,0.2825922151909517,0.1723902989359983,0.2129316284109481,1,0
95566106ef97,0.49745205859872726,0.2570718382196252,0.1525849702446984,0.09289113293694913,1,4
955c9a911fd0,0.7815359248466953,0.1221595715855546,0.0850417423438036,0.011262761223946632,3,0
955e9f43b034,0.21470799694144482,0.5543230482913214,0.19831107158973107,0.03265788317750264,0,0
956d5ff78f91,0.33123705563158495,0.1859858290171367,0.33788890596282717,0.14488820938845115,1,3
95728086046a,0.27111434161602,0.34512182371298467,0.3171537928290689,0.06661004184192648,1,4
9575884bee6b,0.22054627030121007,0.20439675023930287,0.2609917490213213,0.3140652304381657,3,0
95843bf24ddf,0.36109285223342724,0.16573802534363705,0.3495739614046021,0.1235951610183338,1,1
95857167b435,0.4857300611245782,0.14764763753350216,0.27087993127349674,0.09574237006842301,1,2
95940c3f283a,0.35279667748722643,0.22783809329500765,0.3556518527629911,0.06371337645477483,0,2
959d3d0d8199,0.6556247993911268,0.17548222281745485,0.10676572571231858,0.06212725207909977,1,4
95ad3f9aa671,0.24267711387457253,0.26356561282919655,0.3196683337829016,0.17408893951332935,1,4
95bdaffbc7a2,0.18985424031249729,0.5315129804094766,0.19289432143760377,0.08573845784042232,2,4
95c2b109d0d4,0.04151152110276567,0.8383767815067781,0.031707542833008015,0.08840415455744818,2,3
95c3cd8b0bba,0.1468410716736251,0.23670494921543134,0.42191189146028435,0.1945420876506591,0,1
95da43e095d3,0.16943758875419246,0.17112206484608486,0.09283184208078368,0.566608504318939,1,1
95dba116ccd2,0.14800096476822075,0.14135899324530585,0.696255835491543,0.014384206494930407,2,3
95eb56f807cf,0.5313598752776343,0.21554078284302078,0.06895621939998826,0.18414312247935669,0,3
95fcf5433b40,0.2431881521334065,0.27551200855723845,0.3129255189658734,0.16837432034348168,1,0
95fd7cfafd10,0.12293567192916287,0.42106839762763826,0.25344001039128766,0.20255592005191125,2,0
96067887a106,0.4849836198385045,0.29026987088828143,0.21520630714815236,0.009540202125061849,0,3
960d37415757,0.5715406823256917,0.06948137010801494,0.11265260319953177,0.24632534436676165,1,3
961761c43308,0.025786239268746857,0.7547075070460794,0.1698620401682265,0.04964421351694717,1,3
9618c3ca410e,0.3524152296225478,0.20298206717403264,0.3460658960225326,0.09853680718088692,1,0
9624ffcd114a,0.03378915864470267,0.42583727975726815,0.3480402349072978,0.1923333266907314,1,1
962b514336b7,0.029153603115431383,0.47300396006973183,0.3851898687669653,0.11265256804787142,1,3
9639e228b628,0.03739529443608762,0.6438725148479244,0.3021269459512815,0.01660524476470654,1,2
96427109f6d1,0.11298775435860005,0.7410188876485075,0.02809255956722609,0.11790079842566639,2,2
96448f229e67,0.16523814393314584,0.373468536220493,0.40236591825216594,0.058927401594195176,2,1
96533d9801a9,0.7358973634573062,0.0686280926038858,0.1683275431718888,0.027147000766919074,0,3
965aa8281388,0.054597161677309984,0.5414334111560289,0.3905297500227763,0.013439677143884717,1,2
966247fbd8dc,0.18513298299059228,0.6365478806720815,0.15927558846396106,0.019043547873365166,0,0
966b3f33b181,0.0899871045282422,0.6043990220967955,0.23421997831819105,0.0713938950567713,1,1
966cf034dd4c,0.2973791544704779,0.23439190505962282,0.4342301989777109,0.03399874149218822,1,0
9672beea2200,0.39062094818818427,0.4288094417313719,0.11559982687633535,0.06496978320410847,1,2
9680b6bc8e55,0.1987349718105877,0.11477192970243728,0.06249003309590823,0.6240030653910668,2,4
96847884be69,0.3057504437905807,0.6133976661109958,0.06866129755544524,0.012190592542978365,2,2
96991f19b1f9,0.3721222382745206,0.10613238635255946,0.5090745112133633,0.012670864159556518,0,2
96b52adeeca5,0.1530170843662982,0.2081635288560952,0.5234783780975062,0.11534100868010032,3,0
96d1f9ad6e80,0.3141478934771169,0.15912744944281346,0.32137509442545453,0.2053495626546151,1,1
96d6988dafa4,0.628174344687807,0.2506371226086296,0.05697954025815652,0.06420899244540687,1,2
96d9d0f47cbd,0.7180199271830541,0.19560114253855812,0.07048536976395174,0.015893560514436206,0,0
96dfa1261098,0.26165316063769956,0.23200325721363813,0.3072766524837024,0.19906692966495987,0,4
96e0daba7ca8,0.08524375428915572,0.7296676609213898,0.12875000889147095,0.056338575897983474,1,2
96fa47f2b83f,0.4294930803370925,0.34278386871665806,0.16200470726927116,0.06571834367697817,0,1
97020cda085f,0.1894208069310704,0.5166328894237792,0.19822965560212427,0.09571664804302617,0,3
9704fd5364eb,0.451813159439939,0.21016459067518248,0.24651452752009795,0.0915077223647805,0,4
970c96c9fa5d,0.40677309261907907,0.13924428981633843,0.20617427125031512,0.24780834631426735,1,1
970e477a229f,0.6034463788217547,0.3026315593175728,0.053827573653777994,0.0400944882068945,0,3
973c7216c8d4,0.12117405390031437,0.14477886904320308,0.7097488803556817,0.024298196700800766,0,3
97674ac9caab,0.10269689833150032,0.5691328652743673,0.22510423447897226,0.10306600191516012,1,4
97692c000b63,0.04515956149104969,0.17409129107486346,0.09110536107178087,0.689643786362306,1,4
9776469ed2a5,0.5416106654180859,0.10089905961264231,0.23496816763355363,0.12252210733571836,0,4
977af8f945cf,0.15842121134616852,0.45593801246592275,0.19154806962843787,0.19409270655947103,0,3
9785b5d2ce37,0.2883275927765394,0.3007419472427926,0.1537758560504849,0.25715460393018313,1,3
9788d6db5ccf,0.27698012678883094,0.2979114709360135,0.12049178838764038,0.3046166138875152,0,0
9793d59830f1,0.1930317992960261,0.3199571125347524,0.33841363952010445,0.1485974486491171,2,1
979f302a2fef,0.34504584414898476,0.371095039745592,0.10628386481464344,0.17757525129077983,1,4
97a4dc6f1f5f,0.18655821690736532,0.22294206592411558,0.37861181073110567,0.2118879064374134,2,4
97ef8dddd102,0.3803824924289236,0.3253925055881367,0.18464984374771523,0.10957515823522447,2,2
98023f79d14d,0.04532616075165786,0.8008991459419764,0.12316380827701884,0.030610885029346845,1,1
980351f05de0,0.26676326037894854,0.22638257716792629,0.43399793203855686,0.07285623041456848,1,1
980a690320eb,0.07603121379033186,0.22889190232808243,0.46333396142967626,0.23174292245190936,1,1
98177d6d0db0,0.18658753414379595,0.46011419594343533,0.31371665695331397,0.03958161295945488,1,1
9817859ffa87,0.008603953024821425,0.9096755706179236,0.07990209748064386,0.0018183788766112552,3,2
982b445c0d1b,0.10522385176025861,0.4831637024010824,0.2642183672033918,0.1473940786352673,1,0
983579cf7e1a,0.08398468547937306,0.2516687756395157,0.5831058763250766,0.08124066255603457,1,4
983673fbc3e3,0.27354031811232005,0.414247964721407,0.22530005617284216,0.08691166099343099,1,1
9842ee31aee8,0.19286953624881206,0.5605054078826687,0.19161329217905676,0.05501176368946247,1,0
9847df53f2f7,0.23051047293011048,0.4880037101075718,0.16668514956407635,0.11480066739824131,0,4
984ce6dfbc51,0.14263588529534135,0.15822441390388647,0.4357892043534704,0.26335049644730174,3,1
9855cbfdcb71,0.7101358056347953,0.19165028780868373,0.06557493496028029,0.03263897159624062,0,2
985b26811cf7,0.1359179590300285,0.4689000586364869,0.26378296008111274,0.13139902225237188,1,0
9862e4094231,0.1837312401913362,0.3868949305758129,0.2629265364816216,0.16644729275122921,0,4
98696039f5a0,0.4661013968458595,0.19914687759786195,0.13327433182985668,0.2014773937264219,2,1
9872417abeed,0.37777451487853075,0.19488182132336046,0.35592709608680256,0.07141656771130632,2,4
9878f8b090bd,0.33951913191078975,0.21839078168870182,0.32088187419032793,0.12120821221018054,0,2
98868469e23c,0.22404603677295234,0.31017667844017255,0.20664886739470545,0.25912841739216974,1,1
98a3f60e39a1,0.3238026217852633,0.2556522309825975,0.34273136296540474,0.07781378426673446,0,4
98bbbab1a415,0.1645018337712523,0.33525910346001303,0.3438613527029756,0.15637771006575896,1,3
98c6965e9185,0.42309708321249045,0.4477607953332345,0.090915449893381,0.03822667156089405,1,2
98ca208a6e43,0.19114427311710802,0.7522983449535081,0.047009220149037106,0.009548161780346717,2,2
98cd48a41756,0.14617966224482137,0.6671804550418596,0.17735423965092484,0.009285643062394188,2,1
98cd793644aa,0.13191277682599767,0.574211497796471,0.20731977915475547,0.08655594622277596,1,0
98d13a3c4060,0.8335129999766182,0.10618705022220086,0.03156192361797927,0.02873802618320174,1,1
98d246dec8db,0.7166596062170346,0.1391395553288294,0.07712378102275028,0.06707705743138564,2,3
98e5ea7a176d,0.2295503721006869,0.17971540677505765,0.15894048948851966,0.43179373163573587,2,0
98e86888141f,0.1996913865824516,0.5567465093103552,0.1054785546715938,0.13808354943559942,1,3
98f14a54fa31,0.122791191184887,0.4552345221780965,0.2344096988863182,0.18756458775069834,1,1
98f702bb9649,0.10908506984394309,0.4966311181491373,0.1821206154288309,0.21216319657808874,1,3
990642807f68,0.8164979261915907,0.10176630846163784,0.0663608054268644,0.01537495991990687,0,1
990da56b9183,0.25403269766492975,0.5668801660307634,0.1720504433785547,0.007036692925752076,1,2
990fc38a16ae,0.1115442891882463,0.34073453206402227,0.3768152832885155,0.17090589545921592,1,4
9911a3ab56c2,0.3917409719256453,0.18225827300383082,0.38640710946497087,0.039593645605553084,0,3
9915d9038245,0.41536357884186365,0.1033135748574714,0.3521701032891708,0.12915274301149432,1,1
991c7282e91c,0.17712730898587686,0.4661678003342171,0.32607046229525133,0.030634428384654834,1,2
991e39f747a1,0.49903456300535165,0.14362018239168636,0.2821990118412064,0.07514624276175552,0,1
9927fbe86982,0.8596686681258733,0.05354164791561257,0.05395734709587717,0.032832336862636834,0,4
9945a45c802e,0.06310642555884215,0.6249681284044984,0.051868424345060934,0.26005702169159844,3,0
994885f06db4,0.15208101279580985,0.34369950572026886,0.22024672772233236,0.2839727537615889,1,1
99499db74741,0.20061711109391633,0.2660109725848988,0.4815980447702346,0.051773871550950396,1,0
995b90d044b3,0.029963230862986884,0.9055248183534943,0.04133639927247118,0.023175551511047797,1,3
99606cd849bc,0.22835615314069496,0.36092048471088223,0.25221157278650685,0.15851178936191596,2,1
996e865f85d2,0.2483037584395809,0.5165506569880937,0.19191648695908067,0.04322909761324475,1,0
997985cf7142,0.3719890593215839,0.22141748444655807,0.33541645218581545,0.07117700404604256,1,2
997b769bd2bd,0.08008293109576099,0.3400582838347757,0.5628227748485337,0.01703601022092966,0,2
99a33da42b9f,0.027469216903998533,0.8140055295225038,0.11432658982762396,0.04419866374587374,1,3
99aa2bb52d7e,0.43877017159954423,0.11960186611348224,0.24437720039931268,0.19725076188766105,0,0
99ba95380399,0.21729409774606187,0.1478185714385838,0.2737876783813876,0.36109965243396674,0,1
99c1585d12cb,0.28886032644649223,0.5811734692631969,0.056628126694342876,0.07333807759596808,1,2
99c38d2b32b3,0.49308619121841013,0.16072322544118756,0.1570448939938889,0.18914568934651346,1,4
99cb5766690f,0.4668170260590871,0.4137570875150764,0.08464902958958322,0.034776856836253214,1,2
9a0b8204400b,0.1631633016568079,0.4199327083090903,0.1936069336845308,0.22329705634957092,3,4
9a19d3c19232,0.6355457587672995,0.1538106399673797,0.13219249951346032,0.07845110175186057,0,4
9a2ad069cce4,0.016553928784342933,0.7173350010167071,0.25682521588394036,0.00928585431500963,1,3
9a493656953a,0.49213333959404226,0.26803742282804166,0.18032966671116835,0.05949957086674768,1,3
9a4a6abdf776,0.4293491366247402,0.3900061520005296,0.1249912402395731,0.055653471135156986,2,1
9a769075f534,0.3451600665037448,0.23316503079079592,0.3898085182366842,0.031866384468775016,0,2
9a7b51f98ab5,0.2839194471917322,0.2582845527049742,0.4353647334214537,0.022431266681839833,2,2
9a9306122b73,0.5908712411298876,0.10811752521146233,0.21463383579077416,0.08637739786787588,1,1
9aa19b9ab337,0.05019862539282933,0.5845176668734388,0.28741836809137344,0.07786533964235845,1,3
9ab36af82642,0.31717114186715534,0.17177270450164453,0.1522648417670885,0.3587913118641116,0,4
9ac50f02c18c,0.4219867216874572,0.3090916241379778,0.16160442623113588,0.10731722794342922,0,0
9acd72663429,0.07843946347803621,0.3570981356892219,0.5267574304953723,0.03770497033736952,1,1
9ad7aec257e6,0.20854155434417868,0.42778513228135706,0.2433947614914276,0.12027855188303677,1,1
9b1d142bd9a9,0.08638228153683776,0.704454778669406,0.16097017149189813,0.04819276830185805,1,2
9b1e813ea349,0.23998898984164008,0.2699821139626818,0.3621193906381993,0.1279095055574789,2,4
9b350fdf9d64,0.419071306801614,0.18575656274525504,0.18824842924877763,0.2069237012043534,0,4
9b3748a1c634,0.26848514714935506,0.17703593482259292,0.18340986389958983,0.37106905412846214,0,4
9b4bd818dd00,0.5678518088184491,0.3574892514296108,0.055054496187025924,0.01960444356491418,1,3
9b5b8816a625,0.025785924122125624,0.7695190011733114,0.18015791764548414,0.024537157059078774,2,3
9b645ac3442b,0.05826977434467171,0.1349294243673759,0.10115433935288959,0.7056464619350628,1,4
9b6ddea1d71e,0.3459001687501913,0.24899989510831494,0.3324411828421375,0.07265875329935628,1,4
9b7abbb52fe9,0.014891838310576434,0.9734263172164346,0.010512951807214732,0.0011688926657744303,1,2
9b978a92670c,0.5915754938962567,0.16342534540348913,0.1695061282785421,0.07549303242171203,0,4
9ba12eba8ede,0.019970544254275167,0.9160268150348735,0.03955015533261884,0.024452485378232653,1,0
9bc0baeae132,0.7775649842533382,0.02928201410101164,0.08083409321757472,0.11231890842807542,3,0
9bc1a2bcd4b7,0.066319189487157,0.3763459757503523,0.08865346532923409,0.46868136943325667,1,0
9bee391e272c,0.19139012852624737,0.4547184459356936,0.21826777365256336,0.1356236518854956,1,4
9bfc747353b9,0.03401770636743622,0.837266172189978,0.11428784835883204,0.014428273083753709,1,1
9c03092ea533,0.32889873044354473,0.42202744447095697,0.08442419347215607,0.16464963161334237,2,3
9c1f5a410926,0.0718378314205888,0.516423594975684,0.09120296030424296,0.3205356132994841,2,0
9c7647d1c27a,0.14226307328486032,0.31273720086735934,0.16316799962129205,0.3818317262264883,0,3
9c9195463881,0.495257800277045,0.20492056536260225,0.020343268994172246,0.2794783653661805,1,2
9c95946da400,0.44779586238683816,0.16345838359057369,0.3024862965892898,0.08625945743329828,2,3
9cb94320645e,0.32354713134086227,0.05303032862619165,0.5922454970761625,0.031177042956783512,1,3
9cceed954b94,0.3524438274054235,0.20088284571603102,0.27813872411667795,0.16853460276186752,1,4
9cdcb56eaaae,0.24677153299522436,0.5919077746751898,0.09872451232110746,0.06259618000847825,2,2
9cdd781b61ab,0.10672890494928286,0.5657676947764723,0.13824362570397625,0.18925977457026866,3,4
9cdeca924178,0.6414967683430987,0.17958582016795657,0.07056016236663987,0.10835724912230482,0,1
9cece086de6f,0.5937422550397247,0.15616451297095857,0.21743333977537452,0.032659892213942075,0,0
9cef4ea2d3e6,0.09324456247530707,0.7916767422636994,0.10549616339182506,0.009582531869168423,0,2
9cf41cd052f7,0.32235883845347735,0.3117284015373653,0.3510704931509467,0.014842266858210532,0,0
9d0157caf088,0.397541897212919,0.34856376860263943,0.19193967599422987,0.06195465819021173,2,3
9d07514a1023,0.6203576086116152,0.17001210028422054,0.1605486714986479,0.04908161960551655,1,1
9d17eb56c1ab,0.2059432188909326,0.34271415230272817,0.19617381677798273,0.2551688120283565,1,2
9d1c6d0be5b2,0.22164888397081528,0.37975706050842023,0.3514363130551783,0.047157742465586176,2,3
9d2251392b2d,0.05175347661473005,0.7985891347074022,0.10491816807708222,0.044739220600785674,1,3
9d2c1cb6203f,0.2452090408604852,0.2855319634997897,0.32526296876146793,0.1439960268782571,1,0
9d41436ab64b,0.16311432676961393,0.5617382427917677,0.1493057191460701,0.12584171129254837,2,4
9d46d14396b9,0.4692509234932306,0.1915321705853919,0.2048901717507357,0.13432673417064184,2,4
9d514ce429a7,0.09581849404766205,0.32228840050741625,0.4853406553131313,0.09655245013179027,1,0
9d553ab91801,0.4170203680395867,0.09619461673198032,0.3830548091565597,0.10373020607187326,0,1
9d55b43150e5,0.4212402180473721,0.2995699892957893,0.13408745989898985,0.14510233275784873,2,1
9d5a724952f4,0.5282899317342872,0.2614704854953513,0.15516924639949298,0.05507033637086852,0,0
9d5fb048b2e3,0.6144631721048408,0.09805423045708621,0.26973946328083886,0.0177431341572341,1,0
9d6647847383,0.06722130957336561,0.7319753266205866,0.1801460150712144,0.020657348734833384,1,1
9d66cc2c906f,0.7420051610357941,0.13804681820852552,0.08436019435834653,0.035587826397333995,0,2
9d85cfba99ae,0.3717106057786388,0.37135050823186794,0.22758063835170542,0.02935824763778779,1,4
9d8fb5abccc3,0.19828320121640924,0.4052431547656607,0.36048238804476207,0.03599125597316802,1,0
9da3efcced2e,0.07609252824550862,0.2352884537008412,0.6718887737166599,0.016730244336990188,1,0
9dc2ebecf986,0.24138497408816084,0.3701964703828242,0.14768106144291118,0.24073749408610376,2,4
9ddd0027433b,0.03471868709388311,0.7847465262321663,0.12214429509148886,0.05839049158246159,2,2
9deb368bf67e,0.5221460487454135,0.3214889272364205,0.11302982301576556,0.04333520100240049,0,3
9e1b05a7acb8,0.25088305468903815,0.47691129912985303,0.22677708638811606,0.04542855979299262,1,0
9e203aeed99f,0.0243285794456597,0.1898164023309209,0.5130483570593648,0.2728066611640546,1,4
9e2ce8e735ab,0.4128366982930863,0.4047523154580596,0.13470044846168724,0.04771053778716682,0,3
9e344b8a4fdf,0.30835924393422914,0.532476089678438,0.1475715962074788,0.011593070179854097,3,2
9e3727c8eb64,0.17997113029785397,0.3973765986955682,0.31183258899998656,0.11081968200659133,1,1
9e49c8e24623,0.43260431970278146,0.06124084177768582,0.4637298137543669,0.04242502476516588,0,3
9e4d14c0491a,0.2932256090206537,0.13715538265226018,0.23184125532493263,0.3377777530021535,1,1
9e54c4048c29,0.18575548028262429,0.0964019983081424,0.6661653114911308,0.0516772099181026,0,3
9e5cb858ff8a,0.8212397890248728,0.11288470587042584,0.06297157493891226,0.0029039301657889593,0,2
9e5cdeb53c06,0.5738849587929209,0.24640469840368054,0.15164981277828274,0.028060530025115826,0,0
9e61d18ded2f,0.02428650606963955,0.7897643362366273,0.15079899805931923,0.03515015963441374,1,1
9e649215f5a8,0.5077677972441496,0.12963166831496684,0.2104931813834854,0.1521073530573981,0,0
9e6e8142ca4f,0.3945508801328757,0.3533327293788241,0.150727973371816,0.10138841711648429,2,1
9e70afac2591,0.3457208772609281,0.1772679862846274,0.3821745788101329,0.09483655764431148,2,4
9e99231860d5,0.02937968627749243,0.7167275556949583,0.12953467371709637,0.12435808431045302,1,4
9eabf871003c,0.12104956339167797,0.6667924930184915,0.13314567272926106,0.07901227086056943,2,1
9ef4fd7b2557,0.1460583355773311,0.5566519072593517,0.2651452419499119,0.03214451521340528,1,3
9f0ec4c9eba3,0.04940650888492846,0.62061163165414,0.3034235141888943,0.02655834527203726,2,1
9f18402a0625,0.22162067392911097,0.5308525475183338,0.21558689137436363,0.03193988717819166,2,1
9f2c8b935d12,0.3045792037340279,0.33941962652816154,0.2644693319015463,0.09153183783626435,1,3
9f46e9ceed53,0.5837331042773203,0.289883668642059,0.050324721623140174,0.07605850545748057,0,3
9f61fffd8a09,0.6938360261149801,0.15103735317692316,0.07611026059740411,0.07901636011069253,0,4
9f95066c5136,0.4742221260662257,0.3828096504904753,0.08689838375971823,0.05606983968358075,1,0
9f980fd8cfa2,0.010618892278459824,0.8819791402244966,0.07930127213461227,0.028100695362431108,1,1
9fa2ca50548e,0.043199909316333725,0.7431964510733907,0.14526547696492068,0.0683381626453548,1,3
9faedba4b8f9,0.24516208295006348,0.17604999476075692,0.5467848616634859,0.03200306062569377,1,2
9fd6d2ef1078,0.06612717073793067,0.8244332721968071,0.07269661210777864,0.036742944957483654,1,2
9fdc942fef5a,0.5143198368131731,0.29770478078051066,0.12146855510968906,0.06650682729662721,0,3
9fe9b5770dcb,0.5087455009498741,0.13044553325417918,0.2186258607957272,0.14218310500021938,2,2
9ff049a6b395,0.4744066084610631,0.30766530918837587,0.19527516544854712,0.02265291690201386,1,2
9ffca298e56d,0.15351490932968895,0.5604860151102176,0.11983007384154402,0.1661690017185495,2,2
a00e889aef1b,0.32942764225860244,0.24848342435377968,0.3640614168765185,0.05802751651109954,0,3
a00ea9526864,0.4448106170158704,0.25241372408375534,0.15072534547984404,0.1520503134205302,1,4
a010493089f1,0.8238094274385471,0.07938246855866782,0.07175867402347515,0.02504942997930995,3,3
a01635a34416,0.08116087244033304,0.6052535634612732,0.28992254705606246,0.02366301704233124,2,2
a0254bf8a96e,0.2539239638626239,0.23450224291507202,0.48445881417916864,0.027114979043135513,0,2
a03475617868,0.16383228272850509,0.45508728580118313,0.3472625325745972,0.033817898895714495,1,1
a039c3e66fe8,0.02387773995963887,0.5254920520173495,0.3500348314460317,0.10059537657697998,1,0
a03daefd7f50,0.24609271231548743,0.48045753668346597,0.17502084207813773,0.0984289089229087,1,0
a049406d1973,0.1431664718165606,0.5914019048966672,0.12747912810579143,0.13795249518098066,2,3
a059024800d5,0.27922244575812616,0.22960595635574474,0.4700184484537373,0.021153149432391938,0,2
a05e3567f7f8,0.8277553503182783,0.1409495458977188,0.014089126354973539,0.017205977429029233,1,3
a0627abab45a,0.12342270963331106,0.3024269084605218,0.3938271990287644,0.18032318287740265,1,0
a072ab44ba69,0.36557555657453455,0.3606436725162853,0.24061454537157087,0.033166225537609326,1,0
a0927e51897c,0.3744922328560377,0.29917490723750284,0.19871470292990773,0.12761815697655166,1,3
a0aeed6297e4,0.2332788706758975,0.6774469847441491,0.05314691392158321,0.03612723065837035,2,2
a0cb0b96fb3d,0.23787619788188238,0.2771280166014325,0.2557899971260303,0.22920578839065478,1,4
a0ee0882a1af,0.2488884531174173,0.08677863708067017,0.25340797201802684,0.41092493778388567,2,0
a0f781c851b5,0.355105455252191,0.1666778687804824,0.23849380338259715,0.23972287258472946,0,1
a0fa0c688236,0.07499746263225454,0.8052890085291918,0.10858178691020562,0.011131741928348027,2,4
a0fa7251455a,0.09118860234356362,0.2361253076632826,0.3948486179032493,0.27783747208990456,1,0
a1052bbfc9b1,0.5309032200551042,0.3065750798245284,0.06902815942510365,0.09349354069526375,2,3
a12376c1eb75,0.5810165209295154,0.1414450708212003,0.1672542910201031,0.11028411722918116,2,2
a12656e39aaa,0.18185158109398133,0.7680011591034357,0.03484060844865143,0.015306651353931614,1,3
a129df480e7f,0.36131843875121344,0.38562206839685265,0.16678700415903408,0.08627248869289976,0,2
a12f0ab3d7ed,0.12079290071653358,0.16553637954526687,0.3821243371280772,0.33154638261012237,1,0
a15ae5112312,0.3593508508316181,0.3530952580517324,0.17339553056882193,0.11415836054782753,2,1
a170d9c2a410,0.39762273623650474,0.26840292853202596,0.2054470328856905,0.12852730234577878,1,3
a173eb366e83,0.25639406566581524,0.4595594835819359,0.21842920210783512,0.06561724864441376,1,4
a17c8a3c6416,0.2555812153558906,0.1434500147620494,0.5487108456721999,0.05225792420986007,2,2
a17dffb1dcf9,0.17052365400800343,0.3321560796019045,0.36837675123521435,0.12894351515487776,3,0
a180e392df12,0.24184851375636085,0.20938369287121616,0.5230545756584581,0.02571321771396486,0,4
a1844a4ba6f2,0.432400938026633,0.24461738769851282,0.1921086421783821,0.1308730320964722,1,1
a1864aaf556e,0.4205156056622266,0.13366923295622488,0.16816930349919462,0.2776458578823538,1,0
a19382e3cce5,0.09606167432087176,0.6162497687849692,0.17360396063310243,0.11408459626105667,1,0
a1a0ff86b50f,0.06606180097142363,0.4058947729579506,0.27576226420827693,0.2522811618623488,1,1
a1adb406b342,0.07502230642689624,0.6878889121159047,0.2144973689817075,0.022591412475491426,1,2
a1ae5f6f0d47,0.01225929764425452,0.8969707915706274,0.07794417002637986,0.012825740758738267,1,4
a1cc057809db,0.29267884545804834,0.32258469823611524,0.2654500811432208,0.11928637516261562,1,2
a1d3defcc10e,0.3509849158801489,0.12205757156498422,0.16449418453350562,0.3624633280213614,3,2
a1d3ecf7c3d7,0.079792346330035,0.7076648998038365,0.1355344910894442,0.07700826277668436,0,4
a1df5617626b,0.04366311969434686,0.4981441522390196,0.40802767187126127,0.05016505619537226,1,3
a1f9e53e9270,0.32001195592924503,0.3879796127512345,0.2411591776573318,0.050849253662188655,2,4
a1fca1702255,0.1142080617342054,0.3824517873542451,0.35190532646188993,0.1514348244496595,0,4
a2040274d57b,0.2021837164578222,0.5749200628304713,0.17599560503133946,0.046900615680366985,1,3
a20916a9f4fe,0.9000215989539196,0.08466166850937545,0.012624182553248561,0.002692549983456488,2,2
a20c8c388d36,0.05274307302054286,0.8649754318043956,0.06302232785393062,0.01925916732113083,1,3
a20f42a2f5b0,0.08906167943882064,0.2988256882181044,0.5406095272557063,0.07150310508736862,1,2
a21b244030e1,0.22274042163865132,0.41997547745596053,0.3289611404074579,0.02832296049793018,0,3
a21d04e8fbe1,0.033564276340270795,0.6031348721669321,0.2724086750191261,0.09089217647367095,0,0
a241b8b55623,0.2451513074349494,0.5771433707533201,0.13015004350666032,0.0475552783050701,1,0
a25113d5cb14,0.30641799531669567,0.5321053773328875,0.13031911449576244,0.03115751285465451,0,3
a26315a4a01f,0.08017120432904902,0.4786637840516578,0.3169187763824612,0.12424623523683186,2,4
a26c23e61853,0.2109151085307011,0.33664374155030163,0.4030006783777463,0.04944047154125095,2,1
a27ab5ca843e,0.08907600435790629,0.4164020455465138,0.46534433149987636,0.029177618595703808,3,3
a286861ce88f,0.2924629626555868,0.11231320447955552,0.4100488019833369,0.18517503088152076,0,1
a286afd80fbe,0.7561391446359225,0.11509320388241026,0.04283518684541573,0.08593246463625172,0,2
a292b1d0cce3,0.09719450984590737,0.7144269609055177,0.1062874805588924,0.08209104868968257,1,2
a29b6e721a2d,0.2633978475749768,0.24358607560832765,0.2835852659990695,0.2094308108176261,0,2
a29dd9b40ef0,0.15165362328217485,0.4956959665247576,0.30477381505535645,0.04787659513771099,1,0
a2b155b28828,0.20022251133824068,0.4579216439609318,0.15356404119939465,0.18829180350143288,1,0
a2c18811ac63,0.851929947169715,0.07516492826685654,0.06760444733678508,0.005300677226643282,0,4
a2c441a9a2fa,0.12640788264188405,0.1656828343702697,0.5808762971275592,0.12703298586028713,0,1
a2ca59370337,0.32676025526752167,0.414010316844946,0.17690729246762854,0.08232213541990367,2,4
a2dab8d548ca,0.10984939842604942,0.5446222339713023,0.13691383113673203,0.20861453646591632,3,0
a2e68abf134c,0.056053011721481714,0.7778158371872935,0.07571116553574335,0.0904199855554813,1,2
a2ea009b52fd,0.1473918139404145,0.42770287752102787,0.4068386897616787,0.018066618776878932,1,2
a2f3fa59d0cf,0.10656364317074439,0.8255734138935531,0.06346078580432256,0.004402157131380012,0,2
a2fd15d23a65,0.17233800481910125,0.5167733872929517,0.21795420450606642,0.09293440338188055,0,1
a2fd48c105c1,0.2566755561243447,0.32300320075685657,0.17248292758579775,0.2478383155330012,2,3
a30df02de39d,0.3462069612537218,0.3075600287066296,0.09757538719352316,0.24865762284612547,0,2
a312d66f0f1c,0.11991837860451211,0.7656679487427388,0.04884910399338908,0.06556456865936015,1,2
a3262ea06be3,0.02613316867299617,0.8413237911812602,0.1270309905013358,0.005512049644407673,1,3
a335674d8416,0.2890988804693893,0.44566864474374324,0.1644752542489904,0.10075722053787696,0,1
a33697e797cc,0.458740167581498,0.37463814150943153,0.12621129113239274,0.0404103997766778,2,2
a336bfc009da,0.16405579331968156,0.36190451404627955,0.41184119106816314,0.0621985015658756,2,4
a3385095361e,0.5396417989303587,0.2518556981791474,0.1870462434649227,0.021456259425571205,1,1
a33d67387cbb,0.18794458986599066,0.11959757611965283,0.3810431400942062,0.31141469392015025,0,3
a34bfa3e0298,0.1127026068258104,0.31354150543285514,0.2283618726865896,0.34539401505474476,1,4
a34fefe62a8c,0.4782316927479988,0.2864103613974707,0.11897586167059317,0.11638208418393715,1,4
a375e7272183,0.5142434668631694,0.31887385851813216,0.1515317000760938,0.015350974542604737,1,2
a3816b3911d8,0.889402366286472,0.05772735565078755,0.051446973836886546,0.0014233042258539014,0,2
a39c8877e5f3,0.23677340083408288,0.12120468125183034,0.43494661673246887,0.207075301181618,3,0
a3a97e9826f2,0.19214339713098985,0.28940585084215903,0.18020707433976066,0.3382436776870904,1,0
a3b3e87e80c5,0.05729357805329963,0.749572655899735,0.09679686801097986,0.09633689803598543,3,0
a3ca77fe7d3e,0.20361392084108448,0.339391988851459,0.3403681565986997,0.11662593370875694,0,0
a3e0a4f98acf,0.13305948286461378,0.4396364248059146,0.3256098670996136,0.10169422522985797,1,0
a3f6bc388702,0.5798306111659625,0.16893972885017752,0.16933590513509253,0.08189375484876739,0,0
a3f959cfb652,0.13535229386430053,0.7468288468350824,0.07193722133680963,0.04588163796380722,0,3
a40024c82acc,0.1832919962637412,0.41187177894251364,0.11205057918392529,0.2927856456098198,0,4
a40158c68404,0.6605840390902047,0.12235412726265502,0.13493253600547944,0.08212929764166096,3,0
a417b008dd8c,0.16700176438554082,0.5425273680828545,0.2683252697767683,0.022145597754836353,1,0
a41ae95d5d0f,0.08465467833017977,0.2586941742462007,0.4514719410942128,0.20517920632940667,1,2
a421f856fe02,0.052128061488321505,0.7464505520354323,0.1867285367310386,0.014692849745207676,1,3
a42ae62f7181,0.08420894290938737,0.5165339319805118,0.21348672066681837,0.18577040444328258,1,4
a435175b518a,0.4925931142949112,0.34955898687970954,0.14195108746179558,0.015896811363583535,1,2
a4429932fae7,0.16429350477491372,0.538111450533326,0.2809384080244394,0.01665663666732085,0,3
a44afa4fa73d,0.5488835331155434,0.19587714058035396,0.1800369832935293,0.07520234301057341,0,0
a45728df9fa0,0.10995210636130695,0.15417414020426873,0.14247145959248275,0.5934022938419415,1,1
a45b8266678e,0.03390535355875977,0.8801080274596209,0.06701854966390235,0.018968069317716885,2,2
a45fbd22e4b2,0.2644163245155184,0.600113571111273,0.12726091568180606,0.008209188691402592,2,1
a47390d298a2,0.39023317195348334,0.16814067484445167,0.22865123446791716,0.21297491873414778,2,1
a47b48392e9d,0.1353639574948718,0.5413766403863401,0.14167841769481337,0.18158098442397466,1,0
a4856003f5c1,0.017467974820308495,0.6031136295359155,0.3715049686484846,0.00791342699529141,1,3
a4a423ac8d91,0.0814415315336675,0.5104739450095991,0.0570762509127147,0.3510082725440188,3,2
a4a51116a876,0.4640309518432482,0.392620540241268,0.08687970837879583,0.056468799536688,0,4
a4b311d1dc4b,0.2829773796401517,0.11776117793504981,0.5301335919892252,0.06912785043557347,0,4
a4b902e30c61,0.24247915373377504,0.4865254382144862,0.1499842589136885,0.12101114913805022,0,4
a4bf95ce9c17,0.37173770157964836,0.23401916381566473,0.23903038588371345,0.1552127487209734,1,4
a4c2231544cb,0.13128265015694404,0.3705715316906328,0.4908039422370079,0.007341875915415292,1,3
a4c81006c600,0.34656871236583964,0.12978586670920858,0.4335473869910304,0.0900980339339214,2,4
a4cb6223131e,0.2412446280630265,0.4319278743910974,0.1750410286197454,0.1517864689261307,2,0
a4cc472d2a30,0.15662949790106565,0.44609505828876883,0.26952077270782043,0.12775467110234523,0,1
a4db0d4869c5,0.26346988985971276,0.32264334780937104,0.28154128302325954,0.1323454793076566,1,1
a4e94133d95a,0.11367739716002348,0.3931313812980724,0.2720757053885101,0.221115516153394,1,0
a4fa1a3f4931,0.08473268431966233,0.8215065789927897,0.06852727233980645,0.025233464347741447,0,3
a50b43f24453,0.019652941870599662,0.8393147580105554,0.13527938285319582,0.005752917265649129,1,2
a516d0dd7c9e,0.503169129452668,0.24338582813417872,0.17224093740669613,0.08120410500645699,1,3
a5203b903444,0.25072459050952667,0.39809259569623323,0.30197850871733467,0.04920430507690548,3,2
a52265dec2ad,0.19796135129785525,0.6045701483810452,0.13999677334065908,0.05747172698044058,0,4
a52862899ae4,0.2939904772850593,0.2651530299476752,0.3274812675171289,0.1133752252501366,0,1
a5303f2a4c73,0.3635969750164709,0.42040656510469193,0.18214992684255163,0.0338465330362856,1,1
a5305e516c54,0.26219257254121814,0.5104264245727262,0.13811356242481296,0.08926744046124274,3,3
a5400b659f7f,0.036347898735944024,0.7312705192840386,0.2174546218259891,0.014926960154028177,1,1
a541ccade574,0.39352006750250146,0.3221440035482563,0.22483274221577088,0.05950318673347144,2,3
a54e0662895a,0.32541539365655703,0.2885295893766062,0.2926231859035378,0.09343183106329887,0,0
a5591a2fd5d8,0.08269672739701188,0.2548567833322886,0.21746494956773277,0.4449815397029667,1,1
a562e6aaeed3,0.2568249515807289,0.42008194519879877,0.2894233709806755,0.03366973223979685,1,4
a5656b78cc0e,0.13316614730942922,0.5802238559311386,0.18057646127870428,0.10603353548072784,1,0
a56a373f11f7,0.15972926208074584,0.3522198116652971,0.42203177605255954,0.06601915020139741,0,0
a57441f93f98,0.3980456340837963,0.2590662005457472,0.3086332090834594,0.034254956286997006,2,3
a5810f9d2099,0.40333311124074284,0.39576462537509105,0.16848447460906713,0.03241778877509908,0,3
a588a2d63baa,0.12345746737631909,0.6558730845531922,0.15297887510003197,0.0676905729704569,1,4
a5958238aa4f,0.15109431827528771,0.30037908835360083,0.39895658200025014,0.1495700113708613,0,2
a5af28176585,0.36421251874591737,0.49957761544874296,0.0929626650063489,0.04324720079899078,1,0
a5b9482cfa77,0.21632060120689783,0.33555751691210023,0.2697493280222702,0.1783725538587318,1,4
a5c349de688d,0.20360651626916956,0.5375263679043506,0.11188768229502342,0.14697943353145637,1,1
a5cbe7d78172,0.5917559168194316,0.10828381136608643,0.2644840439001627,0.035476227914319376,1,0
a5cd73b4850d,0.8116869601431013,0.08320326162883568,0.07952677315699982,0.025583005071063397,2,2
a5e58b48fde6,0.2772500536531375,0.14890069130875205,0.12103626300845818,0.4528129920296524,1,2
a6053c14099b,0.5006667158800575,0.12857800117587043,0.32206809971656536,0.04868718322750681,1,2
a606d1cb54cf,0.08770619802396663,0.5938139320946544,0.21654590420842237,0.10193396567295664,1,4
a6393aff012f,0.11645113330722445,0.5510015596266012,0.2760810738628206,0.05646623320335374,2,2
a65bcb6bbd21,0.11249684722859934,0.4251829478351374,0.3351894489162256,0.12713075602003776,1,1
a67f882788f7,0.09560233832105834,0.5024841571443852,0.24589738905738515,0.15601611547717126,2,0
a68885796918,0.14545268000072586,0.28286885561072556,0.3586211378286022,0.21305732655994636,3,0
a68ac3632126,0.07781514703605126,0.7665707478059851,0.12358810807196186,0.032025997086001894,2,0
a6c79f136694,0.7650217390649074,0.07917819099047203,0.08900218811645237,0.06679788182816798,0,4
a6e088644d5d,0.5722017687519538,0.3018628775998344,0.07079118375445015,0.05514416989376171,0,3
a6ee878fe655,0.2575479063528737,0.3872819179813215,0.17407642766837672,0.1810937479974282,1,0
a7030c1f5a47,0.578777999152505,0.1493796281946136,0.18267667756461337,0.08916569508826798,1,2
a706d8ac9dbd,0.07049027660146386,0.4906200974650941,0.31100401604428624,0.12788560988915582,2,4
a70bc81f81c0,0.16981383876823944,0.5265114322245551,0.23513327437820364,0.06854145462900174,1,0
a70d50759dfb,0.3706877791855199,0.2999782070309753,0.09887045038316838,0.23046356340033652,1,1
a71df1f07bde,0.5431904526491612,0.24119783990613428,0.11555055431805619,0.10006115312664822,1,1
a7289f35fab3,0.3271673866372384,0.596313355871739,0.022679003521938114,0.053840253969084546,0,2
a7335b2f9815,0.33926361844216346,0.35872478521481943,0.2750411036143459,0.026970492728671105,2,1
a73d9e158691,0.24074062630080745,0.2802600398353103,0.4457638876677929,0.033235446196089515,1,1
a74fe5607fb8,0.1643643389607643,0.36460732477233804,0.3585037260011669,0.11252461026573078,1,1
a76a593c467d,0.6462971121532838,0.22318130244560858,0.11744732770841658,0.013074257692690883,0,2
a791b775061f,0.33351982511413997,0.27273863067251636,0.3370982073632123,0.05664333685013143,1,0
a7931ddb1010,0.11421814220668937,0.15967904645177633,0.3743451728803088,0.35175763846122543,3,1
a7b4d14caf36,0.262436313826435,0.2795857206693465,0.17939621046466092,0.27858175503955757,1,0
a7c0ee2766f9,0.4902350808481669,0.16360491706274974,0.3106242961175405,0.035535705971542694,1,3
a7c66f4267fd,0.07092487650391321,0.810866292834011,0.08881322423835078,0.029395606423724966,1,2
a7d2a7380ba6,0.28227199246347245,0.34043739017570107,0.24786379313604542,0.1294268242247811,1,4
a7e94066fbf8,0.15389056050132738,0.3421271895644428,0.45634485438444183,0.04763739554978783,2,1
a7f1ea850ad8,0.6720333255424935,0.06373915414250317,0.21120485002952735,0.053022670285476144,1,4
a803abc3bd58,0.3522147411628156,0.21449610769395805,0.21997623980140052,0.2133129113418258,0,0
a80f1386b01b,0.6943687478785692,0.11010053276065465,0.1250410981590565,0.07048962120171956,0,2
a81e1c6fc22e,0.31071992431711426,0.3659308753412888,0.25950330711994,0.06384589322165672,0,3
a820390aef69,0.2705386861520273,0.21079134044402506,0.3776110069025093,0.14105896650143837,0,1
a8351982c575,0.4382654605264475,0.2972366715894005,0.18852714717878546,0.07597072070536653,0,3
a842d9e96828,0.7501484406755095,0.16944678474900665,0.060778857088278335,0.019625917487205567,2,3
a84d1f0c2ea2,0.538560695633841,0.15732755881732424,0.19731565987661726,0.10679608567221756,0,1
a85adc24df0a,0.41718814105690766,0.3699992790640708,0.09660927107405541,0.1162033088049661,0,2
a862fd88bd49,0.5133016532985817,0.23085371848803238,0.22785683750357485,0.027987790709811004,2,2
a86697ca60f2,0.566185418485265,0.17998173737735493,0.151926656600971,0.10190618753640905,1,4
a87414206bcf,0.1128383559705294,0.12912481580575969,0.4695816773465013,0.28845515087720963,0,1
a874435f5b2d,0.013420888251369318,0.8292917089734716,0.15211277887206937,0.005174623903089798,1,2
a87879343eb4,0.20948258277466816,0.17325201151359407,0.5232091535611557,0.09405625215058211,1,0
a880ba760a7f,0.10557963850156887,0.7958131731368099,0.0525752768545284,0.046031911507092654,1,2
a88363cb1f70,0.10008321660825695,0.3422739874098434,0.528853951206172,0.02878884477572762,0,4
a891e4625f8f,0.17965409599998175,0.4912356845699685,0.25323962356760266,0.07587059586244714,0,4
a89c1f3470e1,0.12095174789658002,0.49408934309163566,0.2876473814779373,0.09731152753384689,2,0
a89d9679bdf0,0.36102568672639757,0.26419807678553514,0.24222405691340027,0.13255217957466692,1,1
a89df9ce879b,0.13294244646179712,0.6503563539567672,0.19510022099537508,0.021600978586060672,1,1
a8a91d572566,0.1151398013474538,0.5899461010596294,0.15828801748020654,0.13662608011271027,1,2
a8aa15852dfa,0.12542677969687646,0.699138662030477,0.10944790015155378,0.0659866581210928,1,2
a8ad69453683,0.003616651555114235,0.922443912184171,0.06853183671852595,0.005407599542188845,1,3
a8b36d06c030,0.027748762875778963,0.6965025427547824,0.2653009353224308,0.010447759047007852,1,3
a8c60c0ef43e,0.4397062176805724,0.16913928267048625,0.29343395792067667,0.0977205417282646,2,2
a8f1280e52ba,0.7504888295004297,0.0826512739213984,0.15896714950791657,0.007892747070255144,0,3
a8f1c2912768,0.23676022403184047,0.6622973432590323,0.042921738633410776,0.0580206940757164,2,3
a907108f72e7,0.24194254704671278,0.4558438607024835,0.19258023572445324,0.10963335652635045,0,1
a90de7edd9b7,0.3422226137580634,0.6356750315231308,0.017827391996252145,0.004274962722553752,2,2
a91f96dac3cd,0.07846449367553232,0.8459142032718391,0.059998465673003674,0.015622837379625,1,2
a93183bb781c,0.17216406259080605,0.36014061198301295,0.16976044218858946,0.2979348832375915,0,0
a937614104e3,0.6523032701085681,0.06433558281404768,0.18360337616968875,0.09975777090769554,0,4
a93eef7b3676,0.43510664520938913,0.15369727227258004,0.2668848214638886,0.14431126105414224,0,1
a9414722ad35,0.30055459569708637,0.3632170620925253,0.20066494195260542,0.135563400257783,2,0
a94358cbd9f3,0.583751849141312,0.21500996608434217,0.1290957016182864,0.07214248315605949,2,2
a94e15ea47c9,0.2262318638778452,0.607559280728216,0.1457655830593978,0.020443272334541157,0,3
a95bcd8ba9ad,0.5547766215857195,0.13765475836832416,0.25352329495174264,0.05404532509421372,0,3
a96e94314925,0.3696409048591034,0.1037617228947283,0.2604978807841313,0.2660994914620371,1,1
a96f2b221dd0,0.09775413248361137,0.2626021370246565,0.5700426413722003,0.06960108911953192,0,1
a9734406aa90,0.1357891768786986,0.8305630144754849,0.02441746134904464,0.009230347296771964,0,2
a97f1cd45b2b,0.08638465200577755,0.2900786228638063,0.1723866015629294,0.4511501235674868,0,0
a98995d04eb3,0.6196319552467395,0.11400905541553083,0.25226461820261764,0.014094371135111996,2,2
a98a217fe57c,0.1508276459797747,0.3965158617371515,0.17042609870781766,0.2822303935752562,3,2
a99534146bde,0.2998584220850608,0.5899395417184478,0.036493627519425836,0.07370840867706567,0,3
a9a8f500fea0,0.06369562809427069,0.5060996302553649,0.12614465552564252,0.3040600861247219,2,1
a9ba9da7582a,0.5474423036868445,0.23898860494799382,0.13099890630024005,0.0825701850649216,1,3
a9d37ebfe0e8,0.26986693439837334,0.32143899482483945,0.39516443635117754,0.013529634425609586,1,3
a9df86ee71d5,0.2761938283368412,0.3865966001770688,0.14702623786417066,0.1901833336219194,1,1
a9ef2636d4ac,0.4679755706561159,0.2516269213252505,0.0875932547694788,0.19280425324915484,0,1
a9fcf78c3469,0.09067182941007779,0.8442934924754241,0.03950248768312281,0.025532190431375446,1,3
aa01253a3226,0.11339003547499368,0.4125528043104231,0.44758170911892536,0.026475451095657895,1,0
aa0420c82f8e,0.11089876392800355,0.37425514929801573,0.4922638747110619,0.022582212062918917,1,2
aa20aaac8504,0.5084883294770577,0.06973911663656816,0.1728264917200119,0.24894606216636225,3,2
aa6bbda8865b,0.14414628831385617,0.33738040993160073,0.4615137158589832,0.05695958589555994,1,4
aa6f4d3e11d9,0.12714220448319852,0.2715765509891325,0.5180204275298499,0.08326081699781912,1,0
aa6f86d26781,0.16820652186676113,0.4482949598934785,0.3566367354574713,0.026861782782289022,2,2
aa749b4d6cdd,0.4077264409083281,0.3399711004068934,0.14192413318292282,0.11037832550185556,1,0
aa7cea654180,0.6210666385170367,0.14478661077119925,0.08741303526346139,0.14673371544830272,0,0
aa7dce7556b0,0.13933612750994787,0.18283687712805813,0.20656179927968382,0.47126519608231027,2,1
aab3267c0c17,0.7135187974469462,0.190671354481344,0.06754324322073237,0.028266604850977314,2,2
aab84245d034,0.6724383287542309,0.07169378827685519,0.1947965940136059,0.061071288955308,0,0
aabe07602051,0.21990026716804267,0.296659239362753,0.17477227514466026,0.30866821832454394,1,0
aac325aaa28c,0.7296471557834714,0.12660705099792285,0.11531660656757724,0.02842918665102867,0,2
aacd7ff3bbae,0.08823334206749259,0.7790159228394642,0.0879507719131129,0.04479996317993048,1,4
aaf19284ce23,0.48388792936070424,0.3582306089293634,0.09847693874540459,0.05940452296452761,1,3
aaf4645886fc,0.4669487137053895,0.42768813433098035,0.10354399811171701,0.0018191538519131511,1,3
ab22e9457bfe,0.9146672390648921,0.0240642680732323,0.038722440225016905,0.022546052636858716,0,3
ab2560a15171,0.11425510061918277,0.4951629847170215,0.3497809338360581,0.040800980827737685,1,1
ab2b4ff9c9e8,0.7891710983510011,0.09772305460106823,0.0866490967498391,0.026456750298091504,3,0
ab325bee36de,0.2907158043160432,0.5470070150721186,0.12333823640961786,0.038938944202220285,3,1
ab3a9cde6e06,0.4678231937771676,0.20990326847975027,0.2225681624772733,0.0997053752658089,2,2
ab6ef957fd8c,0.2812953435435049,0.18765596172491764,0.3150883915739577,0.21596030315761974,1,4
ab8205541661,0.04932699211710702,0.5882788167190421,0.2905402628449923,0.0718539283188585,1,4
abb899fcafc6,0.07492416193274075,0.8395813967111846,0.061865709393829064,0.023628731962245512,1,2
abcffc36ff79,0.10618835715509803,0.4455100925003315,0.27666176617140775,0.17163978417316267,1,1
abd0c3d9c5f6,0.610774180985762,0.06633189030305396,0.2440126808137575,0.07888124789742637,1,3
abdaeba121f8,0.10030436958837054,0.8447605698759737,0.030690260791608342,0.024244799744047387,1,2
abdb858bbb81,0.3711910657619984,0.15934781045116125,0.41976030320111507,0.049700820585725204,2,4
abe76d6fc929,0.09759618919343582,0.32205835147545414,0.5733924399876322,0.0069530193434776495,1,2
abf7cffb3176,0.26884340322661693,0.24619689051861535,0.4369256690881439,0.04803403716662377,3,3
abfcd1e7c6d0,0.5125373701880535,0.3190092750448118,0.16193226942803662,0.006521085339098196,1,2
ac150a3b291d,0.1605557005083905,0.6825637994717799,0.10034324979497028,0.056537250224859434,1,3
ac3004ea0405,0.1088116085249842,0.4766976039991592,0.1343929040001429,0.28009788347571374,1,3
ac46cbde0e0e,0.401322367656927,0.16015127815112837,0.23438569325264424,0.2041406609393003,2,4
ac55dc119f5a,0.3744855622928027,0.28580549893896007,0.11323257986527047,0.22647635890296672,1,4
ac91c4c4a63e,0.2247217251676083,0.1744884715359095,0.5319846654632202,0.06880513783326205,0,4
ac9fa71e33c8,0.19254423571546542,0.25631636648797385,0.30067977565575155,0.25045962214080925,2,4
aca4d52c2f82,0.16163889312868915,0.2501579245162722,0.353864537764148,0.2343386445908907,0,4
acacf54e2e13,0.09614551463275671,0.48519454445904286,0.20437235644957835,0.21428758445862195,1,1
acc1d221470b,0.32089205178855945,0.3873168991716774,0.27780170261774056,0.013989346422022646,1,3
accb3f0a6276,0.17097643613175392,0.617829824513656,0.20361103331317892,0.00758270604141118,2,3
acd13733a711,0.23891384550594175,0.35999958906000185,0.28518822960268597,0.11589833583137045,1,4
acdc669b1e06,0.6436739213930794,0.03475142882646151,0.3126114662032097,0.0089631835772495,0,1
aceb84a579e9,0.15726428512217855,0.26265178372310577,0.31496915948132204,0.2651147716733937,2,1
acec33076f73,0.4719056600864548,0.11355707239153592,0.20636892168074322,0.20816834584126606,1,4
acec4f0cbd17,0.07395434481962392,0.3155369780996035,0.5570030734060956,0.053505603674677035,1,1
acf13f7ab5d7,0.5889745394211472,0.16899468593938288,0.16579978820262534,0.07623098643684467,0,0
acf8c450efb2,0.020998621203136003,0.4834746320485205,0.4607450910167699,0.034781655731573546,1,1
ad057569e00c,0.19307169899833185,0.2056813225447949,0.5907082692145322,0.010538709242341023,1,3
ad23cbda5b1c,0.46541363855746365,0.30360927326381754,0.1984939388839249,0.032483149294794025,1,0
ad2e47a1a1f4,0.08519476858854692,0.0902196269130848,0.05637216198771755,0.7682134425106507,2,1
ad3ec5a0e7c9,0.10610735529179448,0.47086165545555303,0.33494300425180107,0.08808798500085148,0,4
ad40119bb875,0.14925343750947626,0.39520193330528763,0.2928276297436441,0.16271699944159185,1,4
ad4e4f09c5f2,0.11667232230278847,0.37872462104872534,0.27357073901781576,0.2310323176306705,2,4
ad5c640225b4,0.34822914812388234,0.4706413505708381,0.11134910297835508,0.06978039832692447,1,2
ad5ff8dc5e00,0.20147730410902284,0.5668176808645767,0.02537582341208158,0.20632919161431884,3,3
ad6bc3c59891,0.6180151233906523,0.14263201239882956,0.12929538580806926,0.11005747840244873,0,3
ad6fb71d384a,0.23679414741677524,0.5579692707049109,0.18755840956463582,0.017678172313678093,0,2
ad97fa89b0b5,0.1715534718097317,0.4190001810284492,0.34931253138943685,0.06013381577238231,2,2
ad98b8875f75,0.2948673351224905,0.32357100532005906,0.2302829546504642,0.15127870490698633,3,2
ada4737c1d3f,0.12679963124019583,0.222958532076633,0.09970212636994603,0.5505397103132251,1,0
adbc10bde10e,0.5021503902225833,0.06603930337660831,0.24129737618780245,0.190512930213006,3,3
adc53823a49f,0.5825417731176623,0.2782963004790687,0.1128271063900641,0.026334820013204883,1,2
ade84200b83a,0.5515967463218291,0.2454275664224834,0.1308065174812973,0.07216916977439032,2,0
adee0c7ec155,0.2423806067260692,0.14411314275560902,0.49930754441483627,0.11419870610348562,1,2
ae12c55d7e47,0.641515524173362,0.12093249761911412,0.19698213706531506,0.040569841142208844,0,0
ae3a97ad1c07,0.5417394352987664,0.2134668396956387,0.1454949778343921,0.09929874717120263,0,3
ae3c8cba22ec,0.053405243502237326,0.6175249658735886,0.18235784833168694,0.14671194229248705,0,4
ae439b24ddc3,0.046891961263931276,0.7079171668783808,0.1730062313712029,0.07218464048648492,1,0
ae5b75e08fe8,0.20882466180014958,0.2771586712748078,0.3795524050007161,0.1344642619243266,1,0
ae601aa924ea,0.5679633234758926,0.3257413486837957,0.09902826231767252,0.007267065522639308,0,2
ae6fdbc90bf6,0.7537212235654022,0.05742372921897559,0.18205846599707573,0.0067965812185463255,0,3
ae70fa66b983,0.00692018037792396,0.09485525624545885,0.8858619950054344,0.012362568371182709,2,2
ae7519c9d04c,0.2259582192509062,0.5169229621913687,0.20220398923387134,0.05491482932385376,1,1
ae9ae4deef75,0.2707646695167644,0.17417832695406818,0.19904412145278383,0.35601288207638354,2,0
aeb8b1d755ab,0.4955096841167713,0.4476761863299413,0.0491396536145071,0.007674475938780464,2,3
aec0c258907d,0.4203786578904329,0.3915838050517036,0.11689547212636557,0.07114206493149774,3,4
aed115d939ff,0.3393130653636246,0.24743522695415288,0.2685808420341205,0.1446708656481021,2,4
aed885bf91c3,0.15823292786577609,0.5792506197558528,0.23054545667765358,0.031970995700717444,1,4
aee6f16805c5,0.24447724143289273,0.1927643264517307,0.26924450420389795,0.2935139279114786,3,4
aef234262d84,0.1234884614912003,0.41990414454363273,0.2897317157610919,0.16687567820407495,1,0
aef7218aa071,0.26625029841570874,0.33267760137836155,0.2553542088212277,0.14571789138470195,1,4
af0e1211b9c6,0.7694571934530194,0.11781110945548005,0.06549049429999276,0.04724120279150777,0,0
af0f0c129645,0.5725201655948493,0.16740373060287925,0.19973867491024708,0.06033742889202448,0,4
af481c1cf248,0.42348634830367893,0.398572456729595,0.09100590770935699,0.08693528725736897,3,4
af571ffc5313,0.28934291499202697,0.3013697757481069,0.16276553599600202,0.24652177326386407,0,4
af7f93704ff3,0.7688614157895175,0.12303773692154353,0.07085179865643015,0.03724904863250888,0,2
af93e125375c,0.3045655080593346,0.330876741776613,0.12118471487610519,0.24337303528794715,1,1
af986679340b,0.319844471630377,0.42333036328763834,0.24121323566077416,0.015611929421210615,1,4
afbb7840bab0,0.04659997641070553,0.6323484941524301,0.16865209522446242,0.15239943421240182,1,4
afc2b295485b,0.6336299586290262,0.1533630155942555,0.13251367004140313,0.08049335573531513,3,1
afc40988867b,0.3422239938362179,0.4810558515229846,0.16542540034051623,0.01129475430028132,3,3
afd34e28aba2,0.3415592815348099,0.21364119106959306,0.23687323862377602,0.20792628877182104,0,1
afdda33a1265,0.20275545685791216,0.2642601357652695,0.4408750758353203,0.09210933154149814,2,1
afe34bf97c4a,0.10886363314676917,0.5179157476591082,0.31101450105198075,0.062206118142141956,1,4
b00d45ea85f4,0.09983345022725139,0.4249319092843805,0.43414347837631895,0.04109116211204918,1,2
b031bc52f736,0.3814343059643962,0.2900416015357033,0.22315104137662634,0.10537305112327428,0,1
b032c22da2f7,0.4715644614871338,0.1293825828883473,0.33797513312917005,0.06107782249534877,0,2
b04cbb8b7815,0.49366463909426067,0.08650682102855187,0.15534058699578926,0.26448795288139815,0,0
b06c31c60c7e,0.2867974810916951,0.06062664789056197,0.6318234297832669,0.020752441234476032,0,1
b07b1a96e24c,0.8570974464618841,0.08113776520811618,0.03666167551188379,0.02510311281811599,1,3
b08ae0efd88e,0.10245708518170979,0.6186850700979756,0.2061663525536747,0.07269149216663998,1,3
b08f573ccdf4,0.4696168354203195,0.17816836183270857,0.33219678819776804,0.020018014549203787,3,3
b09b0258b2ae,0.06158095763760135,0.6044426657335426,0.2577819508549244,0.07619442577393151,1,0
b0b4d4ae4e0a,0.02880524273604185,0.937391334580871,0.02591755204457645,0.007885870638510631,1,2
b0be172528e7,0.3516615556486694,0.26824819234486924,0.13159128867607905,0.24849896333038218,1,3
b0c72167073c,0.9336692692192009,0.029822642787595565,0.016935614195526576,0.019572473797676977,0,3
b0c942f7403e,0.18768055101258815,0.4198711628352118,0.11457608937091247,0.2778721967812875,0,4
b0d86dd860de,0.5646308544157644,0.13360603178500582,0.14686600027899585,0.1548971135202339,1,4
b0e043232ff9,0.1759793646904501,0.3869880174712477,0.2369550546848249,0.20007756315347713,1,4
b0e4f3d07735,0.1822634899013457,0.5936973774226806,0.15111713321685924,0.07292199945911436,0,0
b0e8205dc1ca,0.25801623455600387,0.3721099150496762,0.2892032947411946,0.08067055565312536,1,0
b0ed9f24e855,0.151887117221702,0.32166097936250054,0.3367932610703462,0.1896586423454512,0,4
b117715cbf64,0.09703335314715382,0.2721731255295653,0.1418671455227624,0.4889263758005184,1,4
b119ef635297,0.26805663439398164,0.6383887513924994,0.016453685607029287,0.07710092860648969,2,2
b121e6f58d1e,0.23803028819958838,0.43411324980268207,0.17908178494829474,0.14877467704943476,1,2
b12798f33ac5,0.22754304244022314,0.14132467355463074,0.5827372156829188,0.04839506832222741,1,0
b127e8b39bcc,0.5428209257695751,0.2916116768935155,0.11222643788395495,0.053340959452954376,0,4
b134a98f78d7,0.35936958652767415,0.15164045532320333,0.46670290950723997,0.022287048641882672,2,4
b13d71d1edde,0.15281833095586833,0.26562257662304095,0.5360788139170538,0.04548027850403687,2,1
b13f18dfaa08,0.01138833441932808,0.967714640299524,0.017405266289276543,0.003491758991871326,1,3
b14d98b9ac8a,0.018453297127554665,0.8673276283693778,0.10148673500159659,0.01273233950147086,1,4
b1678815a5be,0.20971049157568059,0.21308231696874969,0.4351051652057135,0.1421020262498562,2,1
b167fbe5e1a6,0.1610449953656561,0.27276868889710354,0.1681159013880378,0.39807041434920254,2,4
b172a04e7bd1,0.22508214539110105,0.33792848894641486,0.12365847225785402,0.31333089340463005,0,2
b185438c915c,0.33133847716972636,0.5620669267589418,0.08046163567051515,0.02613296040081674,0,2
b19d188bd240,0.39099669663727493,0.4317006390131382,0.12286521001158714,0.05443745433799987,2,2
b1a4fd2a22fd,0.5749827156865958,0.3758172431369637,0.04507512738628472,0.004124913790155921,2,0
b1a9bd35559d,0.7365699932768767,0.117196312970274,0.13275462197186147,0.013479071780987936,0,1
b1afd60f2d1d,0.09930934637005684,0.49218100054901837,0.3606222072722835,0.0478874458086414,3,4
b1c31c1e103a,0.7102569903555027,0.08713661942462035,0.17606570074358663,0.026540689476290246,1,1
b1ca7dd14da1,0.21782326223098372,0.27720821819217145,0.39609225370361556,0.10887626587322922,1,4
b1dd1ed88f54,0.606654910331983,0.15085898317753144,0.23294129438488256,0.009544812105602951,2,1
b1dd8130cbf3,0.15033833441021974,0.6463907925884343,0.16314135517842984,0.04012951782291613,2,2
b1e74e9f7555,0.18067244446177558,0.5771062657101582,0.19379880801277477,0.04842248181529137,1,3
b1edc75f25bd,0.8326150885319988,0.12262642486620351,0.042187207334250146,0.0025712792675475563,2,2
b1f21c64a26c,0.3657296105749718,0.5088537086643641,0.08525985105665794,0.04015682970400627,1,4
b20646e12fbe,0.3613519252659963,0.4025681073838375,0.20651875712825726,0.02956121022190888,2,2
b206fa11bca7,0.4441909126172694,0.4846659002473193,0.05481352181257297,0.01632966532283831,0,2
b227864cd72e,0.21755188578963158,0.38016121372273975,0.30045480304389216,0.1018320974437365,0,1
b23a892a29d8,0.7092155493174189,0.07893199472476668,0.18144660490579628,0.03040585105201807,0,3
b242d9b6f327,0.10724906388162929,0.6361073527755093,0.25462762377460696,0.0020159595682542456,2,3
b2626fe919b8,0.39220768098727804,0.4140407428375328,0.14186735795586222,0.05188421821932692,3,0
b266d836e091,0.05350634577764007,0.8531355482138432,0.06580042493112877,0.02755768107738802,1,2
b27172e0b2f1,0.1402558814101342,0.36297255267555967,0.3574663033253864,0.1393052625889197,2,1
b27e356820f7,0.0429335588120446,0.10082347674342565,0.06383709073613153,0.7924058737083982,1,0
b27fe12f2fc0,0.17500563505322944,0.09104729506862867,0.5826900543504426,0.1512570155276993,0,1
b28ad4ebc3f5,0.27685130199950203,0.29910466917055584,0.3185822042527764,0.10546182457716588,1,0
b28ce384008f,0.11314031301997711,0.5962106377534788,0.19490582925252187,0.09574321997402226,1,0
b291fa8c6b02,0.3354689882578079,0.5387412643019666,0.10535591997331308,0.02043382746691246,2,3
b29bffb0d4a3,0.4539428050460975,0.2814999706751521,0.18699784711336376,0.07755937716538669,3,0
b2ad788bfc3b,0.08914125641471578,0.5624418825694976,0.12550874059034414,0.22290812042544259,1,4
b2b9fffd2865,0.1455831998033388,0.6515400767848257,0.05678502885302277,0.1460916945588127,1,3
b2bac61abbe2,0.4277166798660157,0.1573876565709813,0.09227870530267787,0.3226169582603252,0,1
b2e1d9261b55,0.26125347350977446,0.48267606544963576,0.1867564206721962,0.06931404036839355,0,1
b2ea554a013a,0.33154594048259983,0.22541718597188473,0.27639107689890824,0.16664579664660728,1,4
b3034a39ab25,0.22803489312690162,0.4965613752033792,0.21345303145558253,0.061950700214136734,1,2
b30c87707a75,0.3507297964887377,0.35128916241297087,0.06503996408438145,0.2329410770139098,1,1
b32c3695dd40,0.05039589619742426,0.08296437999793008,0.8425039826062286,0.024135741198417042,3,2
b35b5e223ed1,0.08260472301082357,0.18062149330137114,0.5205750015722138,0.21619878211559132,1,1
b36a47fb5f1f,0.05047830670788405,0.814216685991856,0.10532360603408567,0.02998140126617418,0,2
b3715ae5290f,0.437372216296978,0.25662567511029805,0.25847671699390834,0.047525391598815615,0,1
b389d4881747,0.18543167649792536,0.3170913940303824,0.3024426526755725,0.19503427679611984,1,1
b394cd076dc9,0.2518520364024484,0.2519656261975027,0.19860835594913698,0.2975739814509118,1,1
b39b524d798f,0.2792727969686171,0.5804545414717678,0.12351954207674139,0.01675311948287379,0,3
b3c5eea8f3b6,0.05131804659290852,0.6276713702606482,0.23739253441481062,0.08361804873163262,1,3
b3cf474bee3b,0.49626765703731945,0.18581157808068435,0.16549812901650937,0.15242263586548677,0,1
b3d2c3f6ba5c,0.16399007132987722,0.5139442301589662,0.16347599360070106,0.15858970491045557,1,3
b3e4687e4793,0.40418902224406833,0.4436804935068619,0.058358582984883174,0.09377190126418657,3,2
b40c57c36cbf,0.10434405925523282,0.6953988645191147,0.15591979921595894,0.044337277009693636,1,3
b40f174f19a6,0.1759669845451944,0.5719133641270281,0.13493533431004362,0.11718431701773382,2,0
b41f3ff4504e,0.13292501778331797,0.7718972887567384,0.07638681092067302,0.018790882539270824,0,3
b437cb4c577e,0.35965165666492993,0.4330590343531452,0.1910612533725554,0.0162280556093695,0,2
b446d79ee8f1,0.6370089726849812,0.21703559125750893,0.13765819589086625,0.008297240166643526,1,2
b447179f34cf,0.8088694950688945,0.1059387839504735,0.03257162113293452,0.052620099847697506,2,2
b449b8c43f5c,0.373609838353785,0.20345753289613763,0.3601141981451685,0.06281843060490878,1,1
b45b05909f01,0.05326456685937541,0.7011126506637355,0.1328124160202856,0.11281036645660336,1,1
b47a01dbca0f,0.2924055662091113,0.18838896146253287,0.2870295869144557,0.23217588541390002,3,0
b49952dcdb83,0.3664699482869424,0.15160524903279538,0.25843382502710976,0.22349097765315237,3,2
b4dc310fc95f,0.44646526345755483,0.2825742731900058,0.19251098902816352,0.07844947432427576,0,1
b4dcf0375a27,0.7092771511754983,0.10812165321947571,0.15257807037819976,0.030023125226826177,0,4
b4f16c10bd10,0.029615383682064324,0.8265956909104237,0.1369646754255708,0.006824249981941162,1,2
b4ffce3b60b9,0.21532392054974336,0.3616994280369882,0.33237249919341755,0.09060415221985103,2,4
b50ffb872dd3,0.04109899212866893,0.6308696603744204,0.17014040715748122,0.15789094033942935,1,1
b522753ecc9a,0.1305337373404006,0.20278246727827476,0.5414170196782592,0.12526677570306538,3,2
b524c80e729a,0.6743459535730506,0.09458653304565455,0.10470837587319483,0.12635913750809996,0,2
b54b96343f1d,0.1760576434156674,0.29155905851563174,0.5167561068559573,0.015627191212743592,1,1
b54bbad84888,0.19486458580816135,0.6144785916812683,0.11995355768102782,0.07070326482954249,3,0
b5582e7bcb41,0.7019828499617535,0.14705997824631786,0.059590563639025367,0.09136660815290319,0,1
b562944eb64a,0.13308219102354463,0.7804690945386342,0.068406492741309,0.018042221696511988,1,2
b568a6326154,0.466583079578112,0.22248164480678262,0.23459383187285693,0.07634144374224841,1,1
b569148041f7,0.16275933446135987,0.30445980951413587,0.30782960736115705,0.22495124866334723,0,0
b57abcba61a3,0.2529166567286236,0.5889244598180634,0.057596638289177264,0.10056224516413567,2,4
b58d8a8771c4,0.18274218614406165,0.5080827921721528,0.2579519439295515,0.05122307775423402,1,4
b5962d47cea2,0.06047432901280265,0.32536180064384657,0.20309288345842078,0.4110709868849299,1,4
b59f90739827,0.2845062033847354,0.45661652706199085,0.21531952537889665,0.043557744174377154,2,0
b5a166179242,0.005897515591271431,0.48510332853462707,0.48575204448993975,0.02324711138416179,2,2
b5a1a36a6a17,0.17729182014021255,0.6428923863369559,0.14550760322954595,0.03430819029328553,2,2
b5bc8aa87423,0.08431345822507208,0.8352806002724262,0.07257417667338963,0.007831764829111923,1,2
b5c9316de211,0.4803807288184949,0.12350627480725879,0.32736058718919603,0.06875240918505031,1,4
b5ced8a554bc,0.04714074157699678,0.45563445311309986,0.41215671615372956,0.08506808915617374,1,0
b5e67f04dd09,0.045585412373492167,0.724414639310001,0.20915217441312176,0.020847773903384954,0,1
b5e8188b8e79,0.668533532632851,0.1516242665306215,0.16734750887690783,0.012494691959619818,0,2
b611e772ca7e,0.023434279147372842,0.47686593547209394,0.47405910280077257,0.025640682579760588,1,3
b616aba4c37f,0.13005560231735686,0.2375590171455208,0.528449757765262,0.10393562277186023,1,0
b61bfb1fdb36,0.08926663959249903,0.7954566120918557,0.08403015475317194,0.031246593562473505,1,3
b6219d540374,0.06831962646621052,0.2531347091483942,0.11728013328596108,0.5612655310994342,3,1
b6278022ae0b,0.705017228840698,0.047442501086075964,0.2386210563280711,0.008919213745154904,0,1
b63076e4c6e9,0.42202371923434445,0.19180140466094048,0.1368882859027169,0.2492865902019982,1,0
b64ca770e9de,0.3126120858404645,0.3066580715509271,0.24038175772181516,0.1403480848867931,0,0
b65443c55896,0.5063574067610765,0.2567710356015777,0.2022591918115146,0.03461236582583119,0,4
b65b351871ed,0.5674148951083509,0.27584065564257587,0.10985752139706897,0.04688692785200411,1,3
b665f2996ab9,0.0839372723059901,0.7065107269167856,0.15231997959624574,0.05723202118097856,3,1
b66a03d385b2,0.31553020102542584,0.3497855386419318,0.18234409916144145,0.1523401611712009,3,1
b66ff916214c,0.24934018909069045,0.3944697355508991,0.26465828051293183,0.09153179484547863,1,0
b677082ee199,0.4671528093003611,0.15775528440422143,0.11383454013239526,0.26125736616302214,1,4
b69c11090417,0.48728137758311224,0.2171109819461509,0.16152920688267983,0.13407843358805707,2,3
b6a175212044,0.058190123980025384,0.6723130604619268,0.2535440087303093,0.01595280682773839,2,3
b6a1aa419995,0.15346075281853575,0.31757688878745854,0.5042476133718833,0.02471474502212245,1,2
b6ad22a7487e,0.0425967213539479,0.7933185415475389,0.06823752339269068,0.0958472137058226,1,2
b6b4bdf92b3f,0.021949164999851434,0.20001803264174145,0.7361631486732721,0.04186965368513497,1,2
b6b6ccce4a2b,0.4020595269515931,0.3341891265189051,0.18188757011925627,0.08186377641024557,0,1
b6d5e818679f,0.6241558671658649,0.16801256388973362,0.1396703735553534,0.06816119538904816,1,0
b6dd2dfbfe52,0.197877125834236,0.36237521478872947,0.3353687920308321,0.1043788673462025,1,0
b6e467a93579,0.019699786818152216,0.8056198137120268,0.12139246332790271,0.05328793614191813,1,1
b6eab0a3cd1b,0.17674900056502657,0.38670866788519254,0.41551032245175323,0.021032009098027816,3,3
b7065c7e72dd,0.2441885593092024,0.4254757975408187,0.2055217219276047,0.12481392122237424,2,1
b70f41a05b87,0.16301564287875492,0.5827143968980296,0.18125074265256688,0.07301921757064862,0,1
b714907cbdc7,0.30944324027933007,0.3013502858273866,0.14309358200507838,0.246112891888205,3,4
b7159866a9ad,0.48870163456879706,0.26525331455715945,0.1520038396377711,0.09404121123627256,3,2
b72a1d6732d8,0.3958792826360235,0.23446094878682183,0.2643816686162223,0.10527809996093232,2,3
b7378896c37c,0.1242577953606969,0.7594776539813021,0.08105858097561952,0.0352059696823815,3,2
b73f2014a696,0.2372291952418565,0.4487158563372155,0.1679572020547223,0.14609774636620557,1,1
b744c6f3c22e,0.026655709168300526,0.614545369051013,0.3266276478661677,0.032171273914518864,1,2
b74b3d2dd83d,0.05879743179096512,0.8008923365193822,0.13280734410710185,0.007502887582550839,3,3
b74f12b5ba5f,0.37944305978662946,0.21929270737949808,0.2638260449235742,0.13743818791029833,2,0
b7543bd8af0c,0.17775349043703717,0.4239370042487423,0.12411376387043163,0.2741957414437888,1,1
b770e72feae8,0.0495113963795972,0.6455752559405735,0.19879580877678338,0.10611753890304586,1,4
b776a1192e48,0.32999987962724847,0.44003776533673444,0.2051044376023531,0.02485791743366381,1,0
b790bca0f34c,0.5400726665878467,0.27591807942367874,0.08776481551971024,0.09624443846876433,3,2
b792f371d0e0,0.3878755101310786,0.20565319411106706,0.15271251453165383,0.25375878122620044,2,4
b7a31943f6b6,0.4262587960278919,0.28582684119146406,0.1901194934522247,0.09779486932841933,0,0
b7a4443ddd3e,0.2540295046134967,0.5698354794992496,0.10957965259541919,0.06655536329183441,2,3
b7a8295b6531,0.20499525569205104,0.39807516666984877,0.31939065016795254,0.07753892747014769,1,1
b7ab5977dc47,0.757417053373978,0.10526663516355893,0.09120127388038483,0.046115037582078265,0,0
b7b44d65e1e0,0.23375400814682407,0.5095221822794983,0.07175046149141315,0.18497334808226443,1,3
b7bad61f1aed,0.49701149324294747,0.289598648690569,0.13677384850915855,0.07661600955732503,0,0
b7bc624cf296,0.19448763369154476,0.25602474162355426,0.3782075604805916,0.17128006420430947,2,0
b7c96dfb1284,0.5048939262810271,0.22034734395616104,0.08714686094331792,0.187611868819494,2,4
b7d22144ac7c,0.009259215582706282,0.9342811268218593,0.05304665535612602,0.0034130022393084594,1,2
b80302d5de11,0.27225814926718445,0.43204356313908643,0.13958289707108343,0.15611539052264564,0,2
b807413abe93,0.36099939569311534,0.254698691350398,0.2445265776474632,0.13977533530902347,0,4
b80f219a0a8b,0.14780745065392453,0.15232089759779163,0.23080489116702022,0.46906676058126373,1,4
b81cbac55d0d,0.06258626121904357,0.6521580656854475,0.2662726459057726,0.018983027189736358,1,3
b82dd18307b0,0.2727088342663699,0.4654465803993467,0.11828535361789211,0.14355923171639126,1,1
b835688d7cc6,0.12671138875406168,0.8026950652388541,0.04937327024307937,0.021220275764004863,2,4
b840c460b426,0.5823943516676522,0.1295363588074378,0.21136899174252008,0.07670029778238992,0,1
b84c4b17a655,0.6369298640409514,0.105392083856079,0.22329043241258853,0.03438761969038118,3,1
b8544e55f55e,0.17881410771345427,0.27715864150860187,0.20616895182990766,0.33785829894803615,1,4
b85454dbd9b1,0.07441517472494417,0.47543540742435053,0.4004904304237307,0.04965898742697461,2,4
b86b6912b970,0.19082670180191094,0.29223953080262,0.4382868146842651,0.07864695271120388,1,4
b8727a84ded6,0.37313079920897074,0.34438846911722504,0.05372656871264153,0.2287541629611626,0,2
b878791caa1a,0.2708737064930898,0.22465223297540837,0.4004121208301477,0.1040619397013542,1,4
b87d30f0afbd,0.5399636942512757,0.12221392521059997,0.21862804380009557,0.11919433673802875,0,2
b89d2e52d790,0.13382519602236342,0.5129808926532321,0.323206703810286,0.029987207514118555,0,3
b89d40fe2918,0.5728929501836969,0.30601029822184417,0.10306533922854667,0.01803141236591222,0,2
b8a9bf2fa391,0.41303382814760564,0.32974853364285966,0.17718700441027974,0.08003063379925497,1,1
b8e15549c0f4,0.11412940969061745,0.846516058365578,0.013518149720972735,0.025836382222831918,1,3
b8e8e84eaafa,0.03374724003876595,0.8085710759225689,0.10067932197794943,0.05700236206071562,1,3
b8f4e76bbd2f,0.11546589767146279,0.3865737276556354,0.2956059168247219,0.20235445784817976,1,4
b8fafbc2ad5c,0.2471159836787167,0.32575840194334005,0.11125464476752928,0.31587096961041405,1,0
b92eb37d3456,0.04497111638629924,0.2788905693990435,0.6320172540027414,0.04412106021191588,1,3
b93fcd443349,0.06482431099169361,0.7008760751302636,0.08906469621753174,0.14523491766051108,1,0
b949689a9ef1,0.1747265377359102,0.4204555420072114,0.3298520079894286,0.07496591226744984,2,4
b94e0c41bcee,0.4008806850580446,0.13337463103283528,0.08996960021591117,0.3757750836932091,2,3
b972189fc63f,0.1977090568878674,0.37229853489438436,0.289839429822018,0.14015297839573032,1,4
b97ba5f9676e,0.40594734143014544,0.34497565594004187,0.17676444545024242,0.07231255717957039,0,2
b9835e921f4a,0.07212111182661025,0.7279403967273217,0.14402739998580222,0.0559110914602657,0,2
b999a7493ffc,0.6953502284939866,0.22232534585237265,0.026190282750978146,0.05613414290266243,0,3
b99ab479998f,0.7180599415319162,0.09795948399606953,0.08466738446258235,0.09931319000943191,1,4
b9a84edbb4d7,0.46236497863221593,0.2661705848632684,0.15684067506592764,0.11462376143858803,0,4
b9aa4efa289f,0.02839478213716331,0.7532500409508655,0.1979521164229522,0.020403060489019013,2,2
b9b701be58a3,0.49633290612879977,0.1613508674301169,0.27336953648845524,0.06894668995262802,0,4
b9b8a810f2d0,0.481652346075845,0.20263145682146055,0.1038033894794161,0.21191280762327838,2,1
b9eeafea5c41,0.5768120137441456,0.19625057619248878,0.15022601471887745,0.07671139534448812,1,0
ba01c7ed330f,0.05582399398276031,0.7918543457434546,0.13933496058373948,0.012986699690045723,1,3
ba07cc459be2,0.023592931171466543,0.9505812402561274,0.024317122889611725,0.0015087056827944336,1,2
ba0d3ee90ce9,0.024930049911108844,0.8553823433755404,0.07374402377346248,0.04594358293988819,1,2
ba29ba23321b,0.11590773291578786,0.4324616081722181,0.22103166182353193,0.23059899708846215,1,0
ba2b03725d21,0.21657857262987587,0.2379966378336048,0.5125709974894417,0.032853792047077675,0,4
ba359fc9666f,0.34230681198645024,0.1771469990734399,0.44939976589791836,0.03114642304219145,1,0
ba382e0d8931,0.7472110673688223,0.1907067771252302,0.057838248788600576,0.004243906717346935,1,2
ba401a51fdee,0.49325493907575185,0.20959114536074838,0.26180988160575935,0.035344033957740544,0,2
ba463f69de41,0.10507042901722323,0.17867522117240672,0.4547264132361224,0.2615279365742478,1,4
ba482ec6743a,0.07062891488912694,0.8495973158103852,0.06540236995436786,0.014371399346119846,1,0
ba4f73c2aff2,0.2531211417935151,0.26085902360629304,0.27186230623478785,0.214157528365404,2,3
ba50bfcf4757,0.36648330710263366,0.20060394788259459,0.43047657080984797,0.0024361742049237326,3,3
ba54f0062738,0.4911094225443027,0.3419891827789497,0.11680981588149672,0.050091578795250995,1,1
ba72d9d6b562,0.16082765131896204,0.23185520540623145,0.37122760729450893,0.23608953598029753,0,4
ba7e0977f38b,0.6762650336340909,0.2441380403851329,0.051222099919062396,0.028374826061713758,0,3
ba7e67ba6f98,0.06911330869475102,0.22401861602407822,0.6252812644396161,0.08158681084155468,1,4
ba8f9647f1ca,0.07344493447468246,0.19781950502592768,0.5188960470718258,0.2098395134275641,1,1
bab9f823eb40,0.10251140681818467,0.41735224065338117,0.32565185245582173,0.15448450007261258,3,0
babc74e64174,0.6259879879862907,0.1479507887231368,0.18102094654689957,0.04504027674367279,0,4
babd2d68bb87,0.1545596731824832,0.6247446600244565,0.07657692139274115,0.14411874540031921,3,2
badb8a6379ac,0.18756552568271556,0.4727350732232966,0.2562871196027246,0.0834122814912632,1,2
bae29add20cf,0.22294072671424622,0.30751899644184055,0.20745982482280542,0.2620804520211078,1,0
bae502afd0c2,0.7348979593000441,0.15880679860139266,0.08405252581403481,0.022242716284528324,0,3
bae643d12bd6,0.21079789938107632,0.447940208162149,0.17553808338410812,0.16572380907266654,1,0
baf7f4d4a312,0.17072547701944854,0.5932188987454032,0.17867473196824638,0.05738089226690186,1,0
bafb7e87a1b9,0.15648265686911975,0.5318552653454093,0.2936379223508619,0.018024155434609127,0,3
bb251f790a9d,0.02890653117851201,0.774773252938265,0.14449493321989212,0.05182528266333084,1,3
bb268ee80de6,0.3793975654232499,0.13045763018785417,0.40906746333353394,0.08107734105536199,0,1
bb316c570dea,0.061298271407381595,0.7409828514475713,0.07725503450350243,0.1204638426415448,1,0
bb4e52abc3e7,0.1872495098917904,0.323403640836067,0.2006407542960397,0.2887060949761029,1,1
bb5d71cc0b7c,0.3069135991130695,0.5206447690239617,0.07699069431417627,0.0954509375487925,0,1
bb676fbfcf2f,0.408300590534782,0.32433186662210145,0.22740839936812407,0.039959143474992326,1,1
bb74de6c12d6,0.4295583503563962,0.2570753296060119,0.06879996533967073,0.24456635469792112,2,3
bb765720c618,0.4498563556429885,0.3042700953233972,0.1647328250215563,0.08114072401205798,1,4
bb8a2eded898,0.19432882910136404,0.5125743931270955,0.2561038509691513,0.03699292680238915,3,1
bb8d7ff318fd,0.2067432176106024,0.40951233621605637,0.27243644911851267,0.1113079970548287,0,3
bb8f28b5c369,0.36116570322876074,0.043354169072639864,0.5613849920215322,0.03409513567706712,0,3
bba84cc338c3,0.2215241165449558,0.4473424218515111,0.2824248669414833,0.04870859466204981,2,2
bbc14136a5cf,0.057854482971457274,0.6816651887123995,0.04360518780736962,0.21687514050877357,1,3
bbca377a9bed,0.6614748795447337,0.07679597128740435,0.23108960828022967,0.030639540887632263,0,3
bbd9439c6bac,0.32663972199204205,0.38738295844938947,0.11354451831585766,0.17243280124271088,1,0
bbe2678852f9,0.5339462550535944,0.30000792262503484,0.14815073295136558,0.017895089370005304,1,2
bbebf4a7d2df,0.31427541714823964,0.20673174646350914,0.2799521286481206,0.19904070774013047,0,0
bbecf7f6c880,0.01131060777098937,0.7775334535183211,0.16455950252456633,0.04659643618612299,1,1
bbfcab526b80,0.19183775478650972,0.6370980975634047,0.14719373704769873,0.023870410602386687,2,2
bc086ebcfdd4,0.16437945577238577,0.7653630100801441,0.05313944910471261,0.01711808504275765,1,1
bc1596dfd0ec,0.12768085638688956,0.589122764054236,0.16729702722646908,0.11589935233240535,1,4
bc18de2898c2,0.2819396360650145,0.2590555361211894,0.34129884173058833,0.1177059860832078,0,0
bc27460a2859,0.5263202509707883,0.15318700443426758,0.24308996479826453,0.07740277979667948,0,3
bc2b65a2e0e0,0.12424453707645218,0.15527309481855017,0.7017163252069504,0.018766042898047255,1,4
bc3e009078ca,0.015987593268246048,0.7223795154984007,0.15858054915576128,0.10305234207759184,1,3
bc4f1a8bd241,0.6250498647349736,0.2228859982089543,0.11759808966031314,0.034466047395759,0,3
bc5d38c88259,0.07133756982215027,0.7635387693682841,0.14520244561707935,0.019921215192486196,1,0
bc641c321681,0.2662132522374759,0.6904340193274447,0.03470872320763387,0.008644005227445462,1,3
bc78728ff8a2,0.2216435123268737,0.2571618478167575,0.356801529547221,0.1643931103091479,1,1
bc7b9c7f6db0,0.07307233283967869,0.31822173003125276,0.12897434088092197,0.47973159624814665,2,1
bc84d476388e,0.11522789998045788,0.12248258190780155,0.037022811308042546,0.725266706803698,0,4
bcc7cc108014,0.11546424682167006,0.18815360840087827,0.3068834196522206,0.3894987251252312,2,1
bcd4b22a208f,0.834302887824563,0.0838770433950388,0.0568413744383938,0.024978694342004407,0,1
bcdfafac68b7,0.263226901216157,0.2881386487196923,0.37165010108188784,0.07698434898226279,3,1
bce35dd6fafd,0.07630998067504616,0.4654614869429558,0.41657184170721917,0.04165669067477889,0,2
bcee64e12aa2,0.23911545774502252,0.48284645141566174,0.18124903100059514,0.09678905983872058,1,1
bcfb73eb7ad5,0.5005338043653241,0.4086869071857177,0.03228872652324221,0.058490561925715875,1,2
bcfeb0f76b80,0.2638197712116516,0.5073635624271381,0.03732116683374507,0.19149549952746525,0,1
bd0695952ade,0.6476554212548349,0.13923033218152064,0.17770925301073193,0.03540499355291256,2,3
bd0783c01abc,0.00779304252977836,0.9561827828725501,0.03264014190843301,0.0033840326892386166,1,2
bd07eaf2191a,0.29305871281546675,0.4159779529510668,0.14868868151326292,0.1422746527202034,1,1
bd1003a23104,0.17474030361928516,0.46483522582936865,0.2582624945147585,0.10216197603658768,2,0
bd65f1e9450d,0.15856648929192085,0.3018177995642298,0.20181090833010257,0.33780480281374686,1,0
bd7354e80f27,0.3115953884025686,0.24287808603455394,0.28886399967967685,0.15666252588320065,0,1
bd9c555b3306,0.02500258374547206,0.8687706498093947,0.05397930080540256,0.05224746563973075,0,1
bda053990c9b,0.3859706759528527,0.2530617051802636,0.3127758033946146,0.04819181547226904,1,1
bda0602c708b,0.35540148341200467,0.32162512638891294,0.29533182641950106,0.027641563779581293,3,3
bdaa322433dc,0.09386277282526657,0.5124309344479818,0.317776658214508,0.07592963451224352,1,4
bdb9c7c83922,0.3107904182500301,0.16416767643433217,0.3751572312469275,0.1498846740687102,3,0
bdc6b580adb7,0.6675688042156857,0.13066763929180752,0.0821157711653637,0.11964778532714326,3,0
bdd6949b330c,0.3483137953697566,0.26553766194532563,0.12826146901574076,0.2578870736691769,1,1
bdd87dcce3de,0.5202416883118249,0.15643117749912774,0.12952437788063081,0.19380275630841648,0,4
bddc88dfb40f,0.18125698552564645,0.5292509677926235,0.273338247268998,0.01615379941273208,0,3
bde318b15e1e,0.6659464933138775,0.11951644780947406,0.17547731171710648,0.039059747159542205,1,2
be0ebd3113b1,0.3201979524451238,0.45915944770519573,0.20832733351070878,0.012315266338971937,0,2
be10f1ab3655,0.05569787192842318,0.25322273014684393,0.3362176651488693,0.35486173277586364,1,3
be16979f2071,0.4254681116764656,0.15038173187791468,0.21287815089603213,0.21127200554958753,3,0
be1a7ddcc19d,0.17694215672297475,0.5335545165070257,0.19050740584639783,0.09899592092360168,1,0
be27e91fa4a7,0.0870338779403992,0.28931816844482156,0.22489752719175568,0.3987504264230235,2,2
be27ee4c4df3,0.3825680916431591,0.1570881224751909,0.21211698893092573,0.24822679695072425,2,0
be3713bb7bdf,0.12697649053650087,0.3132150019360612,0.5308841259748582,0.028924381552579596,1,3
be64cd408bf7,0.0794067630691582,0.47417080959138325,0.20208117069634088,0.24434125664311768,1,1
be71112b8c0e,0.1385265326362667,0.5109915813086645,0.23111401091407555,0.11936787514099324,2,0
be71d3607cf2,0.05294702012363403,0.5426936696709884,0.24673748248215693,0.15762182772322075,2,2
be7bfd0b2237,0.09414058718264616,0.22508455118119342,0.6380864647496006,0.04268839688655978,1,4
be7ff7307411,0.08820150770914612,0.8077455617636567,0.07602610452646055,0.028026826000736735,1,3
be8295a3e3f1,0.18337753364230958,0.3380386182858836,0.180247437300288,0.2983364107715189,1,4
be86e0fdf9f3,0.2095927839399761,0.5710383272561733,0.027052819762858747,0.1923160690409918,1,3
be8966fdac91,0.6712318594818403,0.15898013463896177,0.0967174312963536,0.07307057458284444,0,1
be920463ac73,0.3897049688730543,0.2229882426998446,0.23189537767338764,0.1554114107537135,1,0
beb058ee419b,0.5453572211988598,0.17280088205016134,0.1992820477419052,0.08255984900907369,0,0
beb148677aba,0.13470396234459533,0.6061244572375485,0.09100830455700953,0.1681632758608467,1,1
beb39eada193,0.22683934389260405,0.16152055915225907,0.5551609005143994,0.056479196440737546,0,3
bebaafc7bfbe,0.25627933401808667,0.3242803488088137,0.3877166620894941,0.03172365508360551,2,1
bec6fb240456,0.23899024420640855,0.279832424885426,0.2838776982553291,0.19729963265283637,1,4
bedd74e98d2e,0.7058365866167955,0.08530928092311035,0.14554896414487134,0.06330516831522275,0,0
beeb9195fe52,0.13452871451763423,0.6193725439736965,0.1345885861483887,0.11151015536028067,1,1
bef9268e8897,0.13438278275810336,0.3349261203702784,0.15297855806535587,0.3777125388062624,1,1
befd9a5119eb,0.1920030169579285,0.5540748806289807,0.12382313927900754,0.13009896313408328,1,4
bf0f4d0e3474,0.4012463297303627,0.3653683673602914,0.06942842776237612,0.1639568751469697,1,3
bf1a41bf2a35,0.2264675384511125,0.21949886443650926,0.3760244953605436,0.1780091017518347,1,1
bf21ae96901c,0.06270348333311636,0.7225787946173367,0.18662472363134616,0.02809299841820069,2,4
bf35d36cf961,0.2394975701995,0.35476295469659047,0.2666167149280237,0.13912276017588585,3,2
bf3653da2444,0.31676948719206677,0.42785187406381714,0.22917487735774772,0.026203761386368266,1,2
bf3ba5075cab,0.22780470054462704,0.42049751180542383,0.1581790918169508,0.19351869583299824,1,4
bf443fd8264c,0.07520170096712006,0.394956276124823,0.4290522732785266,0.10078974962953041,2,0
bf503a60ff23,0.5501775923527694,0.1825663208516985,0.057819618436831414,0.2094364683587007,0,2
bf529579241b,0.16204502403914114,0.7748874673528026,0.02545006140894045,0.03761744719911582,0,2
bf6bb812ec63,0.8147910341789615,0.12308662516938067,0.032650795263386656,0.029471545388271108,0,3
bf6f81be0705,0.6619779113679958,0.18098009622204705,0.04178156692428971,0.11526042548566752,0,3
bf6f84cba47f,0.10109289306980153,0.22521156300603454,0.3130953311771909,0.360600212746973,2,4
bf718904b796,0.14594878425185523,0.4616517888780257,0.31676560934701303,0.07563381752310598,1,2
bf88ddc2621c,0.03478832976800044,0.8456624170032728,0.10000942541446574,0.019539827814261005,1,3
bf89768fd788,0.4558942758097302,0.24472821692411373,0.22951092562129627,0.06986658164485976,1,4
bf912917376f,0.186320583792231,0.30487622774303536,0.3386517354558615,0.17015145300887216,1,4
bf9f49c46709,0.2078177890810661,0.5827842921759501,0.18336920121455677,0.026028717528427038,1,2
bfb004fb2bb7,0.5635628860610773,0.2573653237772326,0.14426300706561757,0.03480878309607255,0,1
bfd9d34295ba,0.09668541047200879,0.5286048162113247,0.14864526672556183,0.22606450659110475,0,2
bfea52f3ba2e,0.19502929166827065,0.5484247425115698,0.12742027223580912,0.1291256935843505,1,4
bff5c52b5fdc,0.32177320517083585,0.23337201086161868,0.13437743199810628,0.3104773519694391,0,3
c0101bf708f1,0.3358144606531945,0.385787666505595,0.26604112173581657,0.012356751105394028,3,3
c010f88a494b,0.4700196255884549,0.1411228154666642,0.22442251688608666,0.1644350420587942,0,3
c01889462e54,0.22554525448454119,0.5221399152265971,0.2070693709538324,0.04524545933502936,3,3
c01c4998eddd,0.6485640871159346,0.16023694239697783,0.08866924810651823,0.10252972238056943,0,0
c0319257bdb1,0.17781540998307935,0.3523515224021017,0.3785902842919059,0.0912427833229129,1,2
c0527255e849,0.4704417179909774,0.34655330153410085,0.15453218562666343,0.02847279484825844,1,3
c05506118d89,0.13351058361530738,0.6566397546508712,0.17557676661783275,0.03427289511598868,2,3
c065c89e797e,0.20921369941731907,0.3555027737732737,0.17211648964636597,0.2631670371630413,0,0
c08ddce7c535,0.2746697140452198,0.2504979931395567,0.0986600710754646,0.37617222173975895,1,3
c08deac36ae6,0.25797715653678743,0.3715967646108238,0.27661134641863505,0.09381473243375374,3,4
c08f28069408,0.3061686965611208,0.28534282115107695,0.2853245143639765,0.12316396792382572,1,0
c0a5c404506f,0.4200437701749352,0.33755962898595965,0.2156907529933784,0.026705847845726594,1,2
c0b31c4ca617,0.12209435511197984,0.5272711135723624,0.21607521136495772,0.13455931995069997,2,4
c0b825a70867,0.34555052713861145,0.5577290479463863,0.0787898759429987,0.017930548972003437,2,3
c0be57645ef7,0.03915696768612281,0.7317923361409265,0.21893729864643624,0.010113397526514382,1,1
c0d6283aba70,0.0362495547805312,0.724212832013469,0.20851464685640567,0.031022966349594235,2,3
c0e02c0cd817,0.387228401864337,0.44759320087291715,0.09724673303454374,0.06793166422820227,0,4
c11804d10775,0.31572032814942014,0.3570633293792793,0.2166938366251411,0.1105225058461594,1,4
c13f13201af8,0.49486178252793384,0.13705463932100462,0.21555637575429032,0.15252720239677126,2,0
c140fcf4dbce,0.576516075396626,0.19808825877449313,0.16044062556566713,0.06495504026321376,0,0
c158be090c57,0.12010789359643421,0.3575553741638486,0.46707595139290453,0.05526078084681272,1,4
c15c667317d8,0.415264938241159,0.37419296694474813,0.18656462919824635,0.0239774656158466,0,2
c15db163ce39,0.517717216018836,0.08987797657694029,0.21786432645196724,0.1745404809522564,1,4
c18d22653598,0.23098992952608727,0.21249831168059838,0.2497439661920711,0.30676779260124315,1,4
c194eef4058d,0.18097442740050532,0.2998168911290342,0.3079489284650989,0.2112597530053616,2,4
c1a4593e3210,0.290909441630457,0.23269438773752515,0.2567727946345739,0.21962337599744391,0,1
c1b4cc5a3d82,0.20558931756011906,0.483492241395335,0.25563335271218485,0.05528508833236117,2,2
c1ba276f8ca1,0.7226982999354824,0.12208428497090336,0.13946380850930126,0.015753606584312938,0,3
c1ba4d912111,0.17896246504010555,0.42726185543209716,0.1726821697035128,0.22109350982428447,1,4
c1d61c52bdfd,0.23883014754146029,0.3085884785015411,0.3684746979879483,0.08410667596905032,2,1
c1d724ba4d21,0.2075214792294523,0.24382057385683523,0.46948633137012724,0.07917161554358511,2,0
c1da0e5b5e7f,0.07777166850254015,0.7312538840602986,0.17938358176670893,0.011590865670452378,1,3
c1ecb74c1260,0.13861611551779265,0.7167387971817594,0.12860760249919,0.016037484801257957,1,2
c1f2fb51a794,0.24533425088315397,0.1948933667650819,0.297895637900483,0.26187674445128106,1,1
c2168febb64d,0.31104637159629567,0.14427465803033504,0.39089898121870914,0.15377998915466023,0,1
c21b75627e3b,0.45966595081397377,0.11716088133527815,0.20597467658260807,0.21719849126813995,2,3
c22387a717a0,0.07352637223242355,0.19036078358690356,0.6335344990765646,0.10257834510410833,2,0
c229eccad476,0.0317755233011783,0.8096930010253288,0.1102422365968014,0.04828923907669134,1,0
c22d3ee72d3f,0.020029582766579995,0.7929591615955215,0.18012715467759824,0.006884100960300452,2,2
c23033b658e0,0.43036134996685377,0.3356388460808328,0.14529261235608676,0.08870719159622652,1,3
c2317b1e87a8,0.5429041223893479,0.2163572362048614,0.19615358481875658,0.044585056587034086,1,0
c2349438eb7d,0.1823185363261321,0.36898439730885396,0.3894118924470576,0.05928517391795633,2,1
c23f590fff4f,0.7985240307149604,0.100700629151928,0.07585452136225188,0.02492081877085982,1,0
c24d4d4534d4,0.6104355043498232,0.12367345502111164,0.07438688089243985,0.1915041597366253,0,1
c24d9ce8858f,0.26723736230675926,0.5804648754568709,0.1250495943215934,0.027248167914776557,1,4
c25107e62d1e,0.02753618504550146,0.8534790275924027,0.03500183662006898,0.08398295074202683,1,1
c251f8956347,0.24605693680036042,0.5563353875885219,0.14078726898917857,0.0568204066219391,1,2
c256d52076a4,0.5217718309611652,0.1825306287629927,0.2638709962566662,0.031826544019175874,1,4
c25d9133b16e,0.08890410958519761,0.2562842781957542,0.3925329067368925,0.26227870548215565,1,0
c26bc0272129,0.11096262803104434,0.36548105972103234,0.45691327288232564,0.06664303936559766,0,1
c27577f295b8,0.7762658356999477,0.08045661906513515,0.0788460680209814,0.06443147721393598,2,4
c27f7fb9e1db,0.18303822875913106,0.4666934876955619,0.25122002971738244,0.09904825382792479,0,2
c29970048923,0.19242700287695153,0.500515820415897,0.2416761465684986,0.06538103013865292,1,0
c2adb9afbb5f,0.1103599213776823,0.5690975469219627,0.27250920724212896,0.048033324458226036,0,1
c2c53475d6c8,0.1615605818844255,0.2863420676983292,0.29058321137975246,0.2615141390374927,2,4
c2d117c7b9fc,0.0984348115124164,0.7064869946304395,0.13375487836680253,0.061323315490341576,1,4
c2f87da261ed,0.559514213202139,0.16772090337801226,0.19450742232583135,0.07825746109401728,1,0
c3009b38115d,0.489386190785096,0.25992547835159097,0.1598357618870224,0.09085256897629063,1,1
c3107aac6a7d,0.052468344435084746,0.8889622159377171,0.05072906705074675,0.007840372576451305,1,3
c3200a1427a8,0.317580139581775,0.5683379589109276,0.09417256774284427,0.01990933376445317,2,3
c32b58cf3fcf,0.42577379986511,0.2806952140452041,0.15407233827145952,0.1394586478182263,1,3
c33551d1160d,0.14733173782680895,0.3292559579370114,0.4236803127419246,0.09973199149425513,2,0
c336b6ddd31e,0.6482982797486347,0.15314999758329403,0.19194148266086353,0.006610240007207702,1,3
c346c7718800,0.031420701995077766,0.8002768942471712,0.11875801949239488,0.04954438426535624,3,3
c34c3d0cb965,0.0861532638696388,0.47617113845652376,0.312939682786603,0.12473591488723433,1,1
c35596515b04,0.07526720799537964,0.5239167731219898,0.38227310815024795,0.018542910732382616,0,3
c36730438f84,0.7924076154136785,0.07065618905825943,0.11860516129171318,0.018331034236348947,0,1
c36802596bf8,0.38586481739913764,0.3663739550473623,0.21343591718735963,0.03432531036614047,2,2
c36cde17cd04,0.1493007221673916,0.30586860312568576,0.2369320343166159,0.30789864039030673,0,1
c3835f6d361a,0.09175304991933157,0.5071740428059235,0.27492935711881694,0.12614355015592804,2,4
c38afaf25923,0.4118809681806273,0.29104201261439333,0.1949724356308063,0.1021045835741732,0,0
c39d68397d84,0.21577183809000472,0.3502353085207187,0.291665951756133,0.14232690163314354,1,1
c3a48893191e,0.6192134084916875,0.11146390201049275,0.13646994054708397,0.13285274895073587,0,0
c3b236f3b68d,0.4939573308661222,0.18782022912831212,0.1835155255892864,0.13470691441627927,0,4
c3b54c0f1f3a,0.09550519927031889,0.7966391702066401,0.06122572838048288,0.04662990214255824,1,2
c3c51d97acf5,0.11977129344110539,0.4163806170123761,0.35362881080225816,0.11021927874426031,1,3
c3c8292e31e4,0.7821288757781728,0.09171443081650844,0.08915279453630638,0.037003898869012265,0,3
c3cd6826fd20,0.6688683337048761,0.16419530316897044,0.07588226786873198,0.09105409525742156,2,4
c3d5876a73a1,0.1490291473686785,0.692455338067701,0.10459764742797226,0.0539178671356482,2,2
c3da9334b162,0.26405224718998627,0.30584829470651986,0.0634904030238593,0.3666090550796344,3,1
c3f453d9e744,0.05779738145603558,0.605800518533062,0.31216690914742945,0.02423519086347306,1,0
c410870ee506,0.5050572159057004,0.3296444670129014,0.11403369545540933,0.05126462162598895,0,4
c41c937123f7,0.4439663438244604,0.09056869322413393,0.3924589660593334,0.07300599689207232,1,2
c4201775db63,0.15377497302194656,0.7153496176456609,0.0967805290793524,0.034094880253040125,0,0
c4272626019e,0.17659143940982963,0.6136744487384463,0.05028205053356575,0.1594520613181583,0,4
c42bf9c1becb,0.39474868147117687,0.1669725550454129,0.3093531590143347,0.1289256044690756,0,4
c4328d32e545,0.46328278914948384,0.38083987588615836,0.1336870757444165,0.0221902592199412,1,2
c445c6365449,0.6422403815053499,0.10805731295673937,0.24717702036299133,0.002525285174919415,2,3
c45d664b2d3b,0.13306530240262765,0.27718347717586594,0.13978278987022158,0.4499684305512848,2,0
c471f279da8d,0.04085931435469153,0.6422970275135647,0.051702207627927294,0.2651414505038165,0,3
c4749d8f848a,0.21052567145847262,0.26111224390537313,0.35283932429328696,0.17552276034286726,2,2
c474e013e0af,0.3017393433649066,0.30222328479015825,0.3537544333854874,0.042282938459447944,1,3
c4870e289de7,0.06417234804198263,0.4438581922205163,0.38558887170516387,0.10638058803233717,1,0
c48aac4f37c3,0.47824366493774323,0.3097512962071306,0.17872589163884492,0.033279147216281176,1,3
c4a1e07b68b8,0.4125624466948846,0.3269455000331899,0.185112622178397,0.0753794310935285,0,4
c4ac6f824edf,0.1693313559311519,0.48886366807903403,0.26300204463740245,0.07880293135241156,3,1
c4b86ed06eba,0.1640825310101372,0.47320192193080235,0.2577354827519933,0.10498006430706709,1,4
c4bc22f2003f,0.3157731941955769,0.111698416089987,0.4917783413868863,0.08075004832754976,0,3
c4c9da010bb7,0.4927992364821292,0.2775378146413818,0.1974499778504453,0.03221297102604366,0,0
c4dceddea945,0.43862601056083717,0.16348164647748403,0.3015838901470044,0.0963084528146746,2,2
c4de7c5901ce,0.7457942143779019,0.10567864685229925,0.14472809691958108,0.0037990418502176753,0,3
c4ded198c3f1,0.011097520878040407,0.45494136062427104,0.5083746219960054,0.02558649650168324,1,3
c4fab7c2a354,0.279219722656058,0.3477564920299373,0.2902026799019219,0.08282110541208283,2,4
c50020785833,0.42172144119077637,0.21379058756241268,0.18707365306431556,0.1774143181824954,0,0
c50278df84d0,0.1607076205974985,0.4797347316585093,0.24233584001754715,0.11722180772644508,0,3
c508e7ff4063,0.03723878487282538,0.87839107499262,0.06497153614432012,0.019398603990234454,2,3
c50ade6786c1,0.15557144613949908,0.3505162814508232,0.3180804118414062,0.17583186056827152,1,4
c51701835609,0.7182695036382086,0.09640071035975203,0.1518201358605096,0.033509650141529776,2,3
c52f27b9bff5,0.17638001922495009,0.44713833446570345,0.16131189315557373,0.21516975315377262,3,1
c539ad81cc2b,0.04432121916231058,0.7759455800979086,0.1400295196856881,0.03970368105409264,1,0
c544a46adac8,0.08381786215798305,0.661040110162427,0.15486912011293583,0.1002729075666542,1,1
c553748e7049,0.2749539982777949,0.1872182595739605,0.5047563721672198,0.03307136998102487,2,2
c55dcf172e5b,0.09333291133791766,0.5963259124081365,0.23554495682200727,0.07479621943193866,1,4
c5634cea013f,0.04735477624402277,0.8271282753285143,0.06438324006152067,0.061133708365942195,1,3
c56bbac149cc,0.4461130164424917,0.38268499221099683,0.130577167742702,0.04062482360380944,1,4
c57c345cc6a1,0.3093407301336424,0.10854521711786967,0.45205594618340184,0.13005810656508604,2,1
c58d3494fd01,0.07413596004634582,0.39075809565966985,0.35944506237688156,0.1756608819171028,1,2
c58f890db01a,0.5393990037568532,0.17521285021169294,0.18485479133309354,0.10053335469836033,0,4
c5a5dd5ecc62,0.36948419724668785,0.5216568621026889,0.03146535072058374,0.07739358993003954,0,2
c5ae5513399f,0.11136414937617237,0.2451745458048896,0.3264139409461549,0.3170473638727832,1,0
c5af2a9953f1,0.19882819043801936,0.34643699435103736,0.14966636086251164,0.3050684543484316,1,1
c5bed0d55643,0.23011775600270157,0.5864767504137444,0.0964051629993156,0.08700033058423842,1,3
c5c7c1b15da4,0.13989507111712662,0.26109387434811104,0.4576786803692063,0.14133237416555602,1,1
c5f847a87bd2,0.6295923811594166,0.26605458766348755,0.09221409333832388,0.012138937838771895,0,3
c612fea06981,0.4098488485745817,0.2474356597705992,0.33601944616795487,0.006696045486864209,2,3
c61ce24f4011,0.051094393664824,0.8083859909175117,0.08463922354357797,0.05588039187408615,1,1
c631e5f031a9,0.5066760908902582,0.13895219421891383,0.1929936177803448,0.16137809711048307,1,0
c63c77cebf53,0.27300181422584446,0.10987562437892781,0.30415791463988745,0.31296464675534025,1,1
c640c29623c8,0.2570179907534234,0.4145593335278148,0.2535538982395888,0.07486877747917292,2,0
c640e58f2c3e,0.15984798319726504,0.34009387798172436,0.4060574932284332,0.0940006455925773,0,4
c64a6fceed0e,0.0909304741391561,0.235339496313747,0.6541156733428655,0.019614356204231343,1,1
c6583ca18178,0.14859638838293218,0.5725215932858294,0.19881970070401547,0.08006231762722288,1,3
c65ed6750934,0.4084473243690041,0.20720527887580195,0.3585824772061263,0.025764919549067677,1,3
c6621edbc480,0.45299497253356635,0.23372745933205594,0.20236921728918073,0.11090835084519705,1,4
c662e2746cbf,0.23764354902551632,0.40669627521915186,0.307525163086011,0.04813501266932073,1,1
c671c042f2c2,0.01894959503999093,0.9684324379067948,0.01094988735249628,0.0016680797007181697,1,2
c67a9e39ade5,0.3220193716579501,0.15518673744104186,0.34123049519055393,0.1815633957104541,1,3
c69bf860eb88,0.35822142560110454,0.279046730743388,0.21301040291612605,0.14972144073938148,0,0
c6a376032cfd,0.1770927040604307,0.37388849569509747,0.17297239253753346,0.2760464077069384,2,0
c6a5e29975eb,0.7252721876037037,0.13885188448949043,0.09279664292710975,0.043079284979696056,1,4
c6ab9c7ba459,0.2979657058435247,0.2797495060643667,0.21729824887261498,0.2049865392194936,3,4
c6b1e11a8f4e,0.06576593966050577,0.491691320894832,0.3593268913009246,0.08321584814373775,1,0
c6c5e04f3a24,0.4565916801603215,0.36659580084323173,0.14653240300551537,0.03028011599093146,3,2
c6d8c8e90ab4,0.14122047164387766,0.3732553147596751,0.29713919944763373,0.1883850141488136,1,2
c6db7683f622,0.7465716545321505,0.15889945551948528,0.05853081604736458,0.035998073900999676,2,2
c6deeff2bd56,0.1416000970520019,0.32443709557661987,0.49764018290743484,0.036322624463943444,2,0
c6e15cb1f2a8,0.0856174012600683,0.5288630293758229,0.27404490527043535,0.11147466409367339,1,4
c6e1b0f07d2b,0.08899049263509497,0.6562378397838023,0.2285428561234635,0.026228811457639233,1,0
c6e9ee8fbf4e,0.3144555721848569,0.5881608235071838,0.0764497696493185,0.020933834658640963,2,3
c6ed4ed3f93c,0.03805256237210274,0.1151893647770425,0.07123455086191335,0.7755235219889414,3,4
c6f036281ae4,0.2058166053439624,0.28477590047034484,0.3822789708017194,0.12712852338397335,1,0
c6f8052c3084,0.37483927137262385,0.11642913064624336,0.48233396053757466,0.026397637443558136,2,4
c6fd58768e03,0.5570128541382828,0.14164508613860732,0.19083127537958655,0.11051078434352332,2,0
c70369caef91,0.5244279583370128,0.2502175480699175,0.20550145483425025,0.019853038758819493,2,1
c712a4ef7476,0.5101426917052303,0.2718898202899868,0.12769868154781217,0.09026880645697063,2,1
c71c8eb2df69,0.1195143741013157,0.2954428248403544,0.1978625819606567,0.38718021909767325,1,1
c7291b008baf,0.4330613373662716,0.26392243494743534,0.19326649716439526,0.10974973052189782,2,0
c732dd163d0d,0.8327710203227409,0.04451722020531392,0.07713773585162866,0.045574023620316685,1,1
c7426be07170,0.13820775210451786,0.26866070113008095,0.27500863301523887,0.3181229137501622,1,4
c74b100b835f,0.6710526106209418,0.13619801300913048,0.11056554201971545,0.08218383435021219,0,4
c74f9b3910a5,0.16917490535050517,0.26831898328473275,0.4148841885069535,0.14762192285780873,0,4
c75957219940,0.20396917767219738,0.4407775640910792,0.24447670809575933,0.11077655014096402,1,4
c76676090cdc,0.3148184693373828,0.35518672650509886,0.19406937398868718,0.1359254301688312,1,4
c766fc255651,0.0916651969468435,0.4652954412801065,0.4219065011409151,0.021132860632134865,2,2
c76b8d3f1402,0.06227227430098126,0.6394933212810567,0.10479246978195463,0.1934419346360073,0,3
c77364a32ea4,0.5046057718419136,0.1271257208286344,0.18758826707610698,0.18068024025334517,0,2
c77ad8c72093,0.1441102567720454,0.756691527984581,0.0901555120288117,0.009042703214561895,1,3
c79e944eb6ae,0.23638733907646925,0.41604157601664243,0.28362247445694455,0.06394861044994364,2,3
c7be24e7b7c0,0.4434153242072575,0.4539170268794672,0.07354475073981384,0.029122898173461396,3,2
c7c00de9cb9f,0.1963163422471032,0.5546435296009109,0.18037566733174407,0.06866446082024172,3,0
c7c53a0fcccc,0.14104634491451287,0.624447348917155,0.17862778407329225,0.05587852209503986,1,3
c7cb4bb07b69,0.7550589765820191,0.12078749227637248,0.10051149085826613,0.023642040283342262,0,2
c7d21e91ecb8,0.2376099671204615,0.5431719511137536,0.14583550339730983,0.07338257836847513,0,0
c7d9660daaa5,0.22468377868378514,0.3807023338919574,0.15192993861928802,0.24268394880496943,0,1
c7da9786faff,0.25445919345943746,0.23002805881028152,0.28625961381893184,0.22925313391134916,1,1
c7f9cb4677dd,0.45552117007041926,0.11923726452392959,0.20902202083860494,0.21621954456704617,0,1
c7ff315a07d2,0.24462255282190346,0.10187736104174137,0.6068074875637514,0.04669259857260384,2,4
c804cb63b917,0.1717393583489347,0.32288611066072576,0.34709511837081036,0.15827941261952913,1,0
c805bfb98923,0.07654329349225467,0.6360530936025827,0.24681507917741546,0.04058853372774726,1,2
c806bfda328f,0.38865804221737926,0.16992316217817074,0.3764548380341469,0.0649639575703031,0,1
c806e55aadeb,0.2295639471967198,0.5600292954901394,0.17679914681468112,0.033607610498459714,0,1
c8113e6ba961,0.5501893371433507,0.29147388060528695,0.14094749178154925,0.017389290469813197,1,1
c85b74b2f14d,0.11507009141174189,0.4944205681585869,0.08998188529779776,0.30052745513187346,2,3
c87797d3e4a4,0.9602254754903377,0.030919855002095657,0.005809293710294406,0.0030453757972721458,0,3
c8787f51904f,0.13634507804217547,0.5138504380474725,0.1340539653622599,0.21575051854809213,1,4
c878e9f77705,0.30155551014871224,0.2294568241482121,0.44145183689607964,0.027535828806996003,0,3
c87a812df3e3,0.6334210718957872,0.10640451974121773,0.1467886523286087,0.11338575603438636,0,0
c87fc2d62863,0.07271460379701043,0.48183319882105874,0.4091534229685414,0.0362987744133894,0,0
c889f01b32c4,0.3120108897841558,0.27511773031619996,0.3025503652370869,0.11032101466255723,2,1
c8939c198758,0.16318599507943554,0.5845487052190523,0.23697755577586654,0.015287743925645548,0,4
c8970add821a,0.18224519300709818,0.6446455307770967,0.07723052353670713,0.09587875267909787,1,1
c8a262f4d593,0.25080280126693216,0.16362073734523014,0.13377922603687717,0.4517972353509605,3,3
c8b578ee523f,0.21511541818583846,0.23083326237881943,0.42528529662940134,0.1287660228059409,2,4
c8d0b3531ba0,0.09840782779620202,0.5761297167346059,0.20767797742479507,0.1177844780443971,3,1
c8ec0362eb1d,0.030879418622835813,0.7618737944236905,0.17043807708321826,0.03680870987025532,1,1
c8ece2a8d2b4,0.5373850183724408,0.21543124449413542,0.20656208981742627,0.04062164731599764,0,0
c8fba581da8b,0.8019000276135347,0.09599518702345392,0.08922775406502709,0.012877031297984322,2,2
c9171bcfd1f9,0.3996247048239184,0.12203974137203155,0.42819950404018375,0.05013604976386646,0,1
c925ca312688,0.8437849811004215,0.0786389917196314,0.053854993864700565,0.023721033315246387,0,3
c92965e46fe3,0.4832690445801752,0.07738703960695886,0.11931030222336289,0.3200336135895029,2,3
c9377445d2c5,0.10575749243312339,0.43905296735095195,0.40671334944194637,0.04847619077397845,3,4
c942b7beb3c8,0.04902473850280664,0.7005090886293336,0.20506838060265137,0.04539779226520842,3,4
c963416e4f73,0.5616963224201394,0.1881155907140683,0.21873427268581924,0.03145381417997304,0,4
c9a187b33acc,0.11157202949015181,0.14696163535436624,0.22197456342115227,0.5194917717343297,1,0
c9b48db00217,0.29328738279138183,0.27193326964871267,0.10975132458395702,0.32502802297594846,1,3
c9bf4ff8d7e8,0.34615670003944043,0.45777613818454294,0.06738408905289033,0.1286830727231263,1,2
c9cbca627e30,0.0340410874131062,0.8381904724164182,0.09736807788178434,0.030400362288691144,1,1
c9dfce6a3b7f,0.052210374499452095,0.6840746613224262,0.2319121232089441,0.031802840969177494,1,3
c9e4975d5ae8,0.02112117341843185,0.9268598678447411,0.03893547633020758,0.013083482406619452,2,3
c9fb827e89a4,0.10664066001810225,0.37597789405689724,0.30598828341879225,0.21139316250620832,3,4
c9ffe6312921,0.2490997042720013,0.4716249872427158,0.2163758078775816,0.06289950060770125,1,1
ca0faad019c5,0.26537727547105516,0.3636990438750678,0.22282757137154516,0.1480961092823318,1,0
ca12997e60a4,0.6480645821023888,0.12255377624363284,0.1707721367213178,0.05860950493266061,1,0
ca1c191b5af2,0.1592827989356427,0.5698295486337036,0.10560951653968818,0.16527813589096563,3,1
ca306996a98d,0.04710814472531004,0.882654058566864,0.053679570868327926,0.016558225839498102,1,3
ca37589b5766,0.43950958435917653,0.23908715140171174,0.17193455755941556,0.14946870667969608,0,0
ca436c68f046,0.3151702380050032,0.5337166499805179,0.13277692419980128,0.01833618781467769,1,3
ca4ae1f8356a,0.6494907725244597,0.18939974728526024,0.09080731880234959,0.07030216138793045,2,4
ca4bd49ea348,0.13201476158399672,0.21520915105336932,0.5730590252308798,0.07971706213175411,2,0
ca54d15e5311,0.3280343178856193,0.25791765099854996,0.3512156152954205,0.06283241582041021,1,1
caa1a1861fab,0.3202581595679179,0.3603628112423994,0.192489884937736,0.12688914425194672,2,1
caae1729c701,0.3424601807739587,0.23851471063937876,0.3173972372664545,0.10162787132020815,2,3
cab686c551eb,0.3375786357177602,0.2334155044419387,0.4165913214055071,0.01241453843479412,0,3
cac4d4c92312,0.4007186166469189,0.2187396735780017,0.1171404726075294,0.26340123716755,2,4
cac903938518,0.24658919399149776,0.48807645930810484,0.18440491489482164,0.08092943180557584,1,4
cacc8f5f2c2e,0.04776810116540423,0.6123320438239804,0.23505661514623294,0.1048432398643825,2,2
cad19e55e9f8,0.09739733226430149,0.11324546689420631,0.7345182373136661,0.05483896352782615,1,0
cb04434a6c7e,0.11747983674856205,0.33824330831197946,0.5417552543857826,0.002521600553675876,1,2
cb0d6854e691,0.4910529824898992,0.18316449006009303,0.19934856042276985,0.12643396702723794,1,4
cb2949b1aa32,0.20133213178772874,0.44435180684819475,0.2900907424847525,0.06422531887932383,1,0
cb4d8159a8bf,0.17862275404680802,0.5817205372369073,0.21297142077931533,0.026685287936969324,3,0
cb542a3e1086,0.21448545740979175,0.6385784635546673,0.1250525178473412,0.02188356118819969,1,2
cb6673ee6433,0.1439302054414915,0.2796208840021912,0.5645375849028236,0.011911325653493758,2,4
cb8d01dc0d0b,0.210568801354564,0.1918540224166248,0.583248430158647,0.014328746070164088,1,2
cb9e68a7ddc6,0.06448593100339646,0.5728866401428716,0.30096522444373036,0.06166220441000166,0,3
cba7dd0a06d2,0.26786143033580867,0.2999116723325447,0.18665331170947977,0.245573585622167,3,4
cbaee64f9d29,0.5040102856240867,0.2534013298038623,0.15216875726065987,0.09041962731139104,1,3
cbb7b764ca87,0.8513016077101268,0.09101497127988578,0.039085784038772366,0.018597636971215015,0,3
cbbc6e5e7141,0.29404330651298655,0.3724333300146509,0.2699263756010177,0.06359698787134492,0,4
cbc5b788ab7d,0.30661178076093853,0.24035609064688798,0.3314561708831989,0.1215759577089746,2,2
cbcc9c2bfaa3,0.04620026501804892,0.8148591494936936,0.1169505156642238,0.021990069824033696,1,1
cbe28b52b282,0.0759067794474411,0.7117601920262955,0.12135719748548625,0.0909758310407772,2,2
cbe5d39a75bd,0.39074225261067896,0.44191259856970344,0.1606601921316866,0.00668495668793095,3,3
cbf3b338fae0,0.23296171708459304,0.4809965891028596,0.26754215570035755,0.018499538112189986,2,2
cc127cda72f8,0.3891482108653835,0.1845666092112,0.2590291637925783,0.16725601613083813,2,4
cc214df24ffd,0.09468303575890678,0.6222107909795497,0.19351030673471803,0.08959586652682552,2,3
cc4e5235357b,0.32722284179581324,0.15939558094521317,0.37148184556237945,0.14189973169659414,1,3
cc4f74e87040,0.20732161761023102,0.20483566704683223,0.3477826482677867,0.24006006707515012,1,1
cc5dac252ddf,0.3191965422787709,0.28709327116006156,0.37798726029726865,0.015722926263899005,1,2
cc5ff5b6356f,0.28378560058448044,0.13224902831106503,0.4227129541742981,0.1612524169301564,1,1
cc7cafd867f1,0.013017100589454662,0.8992399619627892,0.053071521810050884,0.03467141563770518,1,0
cc7fff1668bc,0.2591326171682832,0.2692355912808421,0.35637032642287936,0.11526146512799536,1,1
ccb2bb7d0986,0.22371189910944694,0.6826442754869128,0.06387699408922287,0.02976683131441747,3,3
ccb8df9dddce,0.27506690493872904,0.5166590440105037,0.14736984655516322,0.0609042044956042,1,0
ccd2dee9eaf9,0.28946896856312354,0.19235906699502547,0.08144336858133282,0.43672859586051815,2,4
cceb9796da02,0.43145519495013684,0.08288059717636871,0.13600589004520305,0.34965831782829143,0,1
ccf4402a880e,0.3936081785419591,0.1891277386680553,0.2486812256445991,0.16858285714538662,2,4
cd009edaae20,0.02162765091224388,0.819975834837521,0.14548506883354287,0.0129114454166921,2,3
cd082bbb2799,0.3161562758835514,0.23759442376882184,0.2679868524581648,0.17826244788946213,0,4
cd22baf7bb69,0.547303256968129,0.19783949209464216,0.14351438068804898,0.11134287024917991,0,1
cd26a806db43,0.8171451374890256,0.05772161696018229,0.09492689312722459,0.03020635242356766,2,0
cd3829a517ea,0.19907565165216595,0.11430082998031814,0.21766958071646217,0.46895393765105375,0,4
cd3f1572832b,0.7094910535467315,0.16360140557385305,0.057207558066592376,0.06969998281282315,1,2
cd430a024263,0.09505776440284916,0.6717591982462316,0.09653642676338492,0.13664661058753447,1,4
cd4526f0c63a,0.14284173269794742,0.14474355136702408,0.0452094090942241,0.6672053068408044,1,3
cd50cfa54f6d,0.8345403547882039,0.13846782464991153,0.019459573988314053,0.007532246573570534,0,2
cd5dd5e6f3f5,0.36845505970296305,0.3101859059183646,0.20378757085011548,0.11757146352855674,0,0
cd6d6e960d3d,0.1705661189096179,0.34514777957652604,0.4272534294023465,0.057032672111509614,1,4
cd7b8745e046,0.31694698783207853,0.2942266846130975,0.34238821456443386,0.04643811299039018,0,1
cd8dc0c789ae,0.009801085717368254,0.9632971201866392,0.024456528451290725,0.002445265644701731,1,2
cd97a120b1e0,0.5161073660926152,0.14939848027980726,0.1282916261799604,0.2062025274476171,1,4
cd9eb8ab35bb,0.2805993691578953,0.37626445251756924,0.19500349065118705,0.14813268767334836,0,0
cda63d7fef2c,0.2001707984763707,0.4618798396623273,0.21660061279634732,0.12134874906495469,1,1
cdbd8e529c4f,0.08689880364509081,0.15385865498894452,0.3753040819571369,0.38393845940882776,3,1
cdbe08f51795,0.03711632498203135,0.7131359299613503,0.18238836538657938,0.06735937967003887,2,1
cdd15519ddb1,0.10741435789460838,0.6941237567950086,0.18282851123754318,0.015633374072839833,1,4
cdd75add0930,0.08369728084416346,0.3553692443537243,0.37079224452219267,0.19014123027991947,2,3
cdda51ee9f0f,0.03591260307364246,0.8741936289984602,0.07672053513604281,0.013173232791854474,1,2
cde0ab9526da,0.34117661213905265,0.3113963763776857,0.3226317017053565,0.024795309777905342,1,2
cdea7e206121,0.6340712181696909,0.19221805946443038,0.10638462749204078,0.06732609487383809,0,0
ce193df4c0fa,0.03607302910675139,0.4252475094869192,0.47589921958937953,0.06278024181694977,1,1
ce1bc101c635,0.06364542350262713,0.8843563328698829,0.04545184360366938,0.006546400023820674,1,3
ce20472bb087,0.40086025288160576,0.1425416645128594,0.13738959208552612,0.3192084905200086,1,4
ce2cb41ebc7c,0.43433466658322273,0.17529277567382529,0.2068529315955063,0.18351962614744569,2,4
ce55217f14e9,0.2408910307004464,0.2796094448801396,0.39851083266263665,0.08098869175677732,2,3
ce5c24b1bb3a,0.16049287151703964,0.7226045280794772,0.10040889938972304,0.01649370101376007,1,3
ce61060be9c9,0.13370581728875255,0.6448334376311438,0.1862805474842183,0.0351801975958855,1,0
ce63acbfe9b9,0.21360867045270088,0.4543905224018522,0.2827207984054389,0.04928000874000801,1,4
ce65f4a0c584,0.28794438768107355,0.48155964075341967,0.09575274083399013,0.13474323073151664,0,4
ce67c56d3bf0,0.23439242843584168,0.09906024034476497,0.272396113621245,0.3941512175981483,1,4
ce7450de80f5,0.514928459502881,0.10535505811477758,0.2804375371143376,0.09927894526800378,0,3
ce9c6941be72,0.2996268460973615,0.340516754155508,0.3177979967661458,0.042058402980984615,1,4
ce9fab84f90b,0.16402255261166288,0.3611282299876374,0.41787912301696234,0.05697009438373751,2,4
ceb994683b51,0.5046348068376802,0.19227263771503703,0.1989752228876247,0.10411733255965802,2,0
cec0cef8568d,0.3390074046304539,0.10785028323527895,0.08264008364004705,0.4705022284942201,0,4
cec6e9fb134a,0.13172831918632913,0.767807261715199,0.032914259063066144,0.06755016003540588,2,2
cf002a39bb2d,0.04487399116775107,0.8345703524610566,0.09928460346020031,0.021271052910992055,1,3
cf03351eb58e,0.2426314826315616,0.5314542577034458,0.18870748699783546,0.037206772667157224,1,2
cf14bc7095a1,0.0768715523927071,0.6626868243857879,0.22707825797668194,0.03336336524482311,1,3
cf1a94eeef5d,0.08120098515432818,0.5492418023853817,0.2624144925065537,0.10714271995373659,1,0
cf201551aaec,0.21455757476569468,0.3270477472319695,0.3598476351250702,0.09854704287726557,0,0
cf2bccfe763c,0.6236086126068014,0.07132069896917856,0.2330104416274521,0.07206024679656782,0,4
cf6018adf8b8,0.07357011882881183,0.5211206761222819,0.3392644392211792,0.0660447658277271,2,3
cf62b87ad83f,0.4621001546173214,0.16985725509479452,0.2285470689257276,0.13949552136215648,2,1
cf6b1f181849,0.028993329199390804,0.9196890744368442,0.04347902593049182,0.007838570433272945,1,2
cf70a03d178c,0.016242860257053588,0.5624243741492138,0.09832125630436611,0.3230115092893665,3,0
cf7676dce2ad,0.09184320656070373,0.5592100188588117,0.2476965535515496,0.10125022102893504,1,2
cf7ca67c9c68,0.09889862732657638,0.31247586613763406,0.2210309685876479,0.3675945379481416,1,1
cfa126dc4fe9,0.19072962480170477,0.31594538433541264,0.40319990867383254,0.09012508218905015,1,4
cfba05e7880c,0.14479768631554427,0.43364823384431445,0.13808419261020335,0.28346988722993793,0,4
cfc48a3e03b9,0.01789039347467927,0.941563563588891,0.03309244339664596,0.007453599539783596,1,1
cfccf6cf66a1,0.40357376643992104,0.13762238541568203,0.1969741369330718,0.26182971121132514,1,1
cff920a92b58,0.2443996416771845,0.2659034347640052,0.2955452939813378,0.19415162957747253,0,1
d00803e34bd5,0.1488009815624527,0.6803784588278745,0.09427319288651825,0.07654736672315447,1,3
d00ba06748c5,0.12196248591356619,0.16660140760135825,0.5495843933836806,0.1618517131013949,2,1
d00f5621947f,0.12484310138608994,0.4644570731745146,0.2587510307685816,0.15194879467081376,3,4
d02dc4dbc13a,0.43033639940546625,0.2927742179608997,0.2136705083830545,0.06321887425057944,1,3
d02f7a78a972,0.03205720900861131,0.7903265432690412,0.16241007453104342,0.015206173191304132,1,3
d030fc74ae1a,0.06464576933813825,0.4893951681353211,0.30218465735560407,0.14377440517093656,3,4
d036460bb847,0.2140539569215498,0.26398390917049724,0.3954460444898656,0.12651608941808734,3,4
d03988d6ee6a,0.0618421490661121,0.7523869288258891,0.17526851305681038,0.010502409051188448,0,2
d0696b014aca,0.5527347308823055,0.3293525256538356,0.07520802541098065,0.04270471805287821,0,1
d07ea6d8fcd8,0.9106726013667128,0.06142487477132444,0.02651890700208178,0.0013836168598809074,0,2
d07f235fa353,0.2646361982240754,0.40302711032778504,0.19621304127781383,0.13612365017032582,2,0
d0906bce2ac6,0.07511914542165793,0.6807308953674218,0.16900689441307074,0.07514306479784952,1,4
d0bdcd1a721d,0.16376935254361794,0.48469652364477633,0.17401378951739646,0.1775203342942092,2,1
d0e43623f62e,0.37976959755267925,0.255622087169052,0.29157852291075365,0.073029792367515,1,2
d0e855bbced0,0.14597639681686084,0.24427607185580794,0.11936380656059485,0.49038372476673636,1,3
d0fb37d9aeb8,0.19914333346616764,0.43289698475542615,0.1884017010285325,0.17955798074987372,1,0
d0fdb5a98cb9,0.11984358109989764,0.4579994590922464,0.38195045854402265,0.040206501263833384,0,3
d0ffd118611e,0.4857752469841001,0.14600705870876204,0.23687476326101706,0.13134293104612074,0,4
d0ffd8ac78ea,0.04479634002070753,0.488884988195772,0.4628954773912407,0.003423194392279684,1,2
d104cfbe1544,0.16795291842080257,0.6158655467635237,0.10280885469360045,0.11337268012207327,1,0
d120a0459e17,0.057233143659818374,0.8786685386724283,0.03317338611119939,0.030924931556553757,1,2
d129ac8188d6,0.6383044114335488,0.08912441691247602,0.21560975774971208,0.056961413904263125,0,1
d12e087e9621,0.6410208194819406,0.1622881199083861,0.16325872946754744,0.03343233114212603,0,0
d14a2b12e580,0.8498921461887325,0.09626894933975323,0.04957576844217252,0.004263136029341702,0,3
d16a188feaf1,0.3342921135950713,0.4257907812999748,0.1816449957302687,0.05827210937468512,1,1
d172b5d65314,0.1100154978101324,0.5500960870412611,0.27648198568732596,0.0634064294612805,0,4
d17a6c6eccdb,0.23859974882421098,0.4729077915236303,0.10265236160643372,0.18584009804572493,1,0
d18ee0cc36c9,0.38606083042673006,0.2833858773136499,0.3077561739423814,0.02279711831723863,0,2
d191addc1610,0.19987195288031015,0.29366195791853,0.2729544964655198,0.2335115927356401,2,1
d195eac8f7c5,0.24548222480846862,0.40602324790389427,0.22475021527843597,0.12374431200920125,0,2
d19d0011c3cd,0.30287259279599565,0.26537775123147367,0.3746054246558584,0.05714423131667231,0,0
d1b3ad13fb12,0.4380213013404762,0.43722698115992714,0.11233881681337674,0.01241290068621996,3,3
d1b3fa229418,0.24760301920710512,0.2823659591475303,0.2603256644354405,0.20970535720992411,1,1
d1b8da8b457b,0.17653177331130102,0.6427826376456892,0.12372238421232033,0.056963204830689416,3,2
d1d5510f37cd,0.1177092232457107,0.5389302936353214,0.29535830665487234,0.04800217646409548,2,2
d1df45f6463e,0.34860599070286585,0.17752991584519756,0.4163757165231015,0.057488376928835044,0,1
d1e8cfaae748,0.34036288905958717,0.4980894594564211,0.14455048348203145,0.01699716800196029,1,2
d1e9e0136254,0.25432932879402714,0.5706362158392507,0.11024226549325665,0.06479218987346544,0,3
d1f080b7cba8,0.30727232999591536,0.37612063431268977,0.27262167540936355,0.04398536028203132,1,1
d220d8aa68c4,0.11055255010133394,0.3707991806767276,0.10395472545216895,0.41469354376976947,1,4
d22cb5396003,0.5720671822028769,0.0702446080055823,0.3116514633225335,0.04603674646900741,0,0
d2381fceb7ba,0.5149638133761669,0.3658851919172753,0.09578576923454243,0.023365225472015284,1,2
d25eb664a30b,0.13283082489823972,0.35414070771644907,0.32614354983161975,0.18688491755369133,3,4
d261ac4d6627,0.516087367292587,0.16933697191545477,0.14136918842352106,0.17320647236843717,2,4
d27919d385f8,0.15962384774480615,0.48994766060586914,0.34700726480542954,0.0034212268438951416,1,2
d290c990efc9,0.7338883413651325,0.08884168692242712,0.1489628895125864,0.028307082199853874,0,2
d29dcb216021,0.646717526483344,0.11934136979938419,0.1676156210330906,0.06632548268418113,0,3
d2be5fe90e29,0.6333203706619923,0.10097312634149852,0.1806373431412974,0.08506915985521185,0,3
d2c013dd8ce4,0.2060934764680846,0.46848412675423007,0.11102037355943971,0.21440202321824572,1,4
d2c1d0cb3f1b,0.06817753834463298,0.2586194892886069,0.5094954539527913,0.16370751841396883,2,4
d2cc49d90758,0.08271886474949015,0.5945098414920431,0.16213638672180197,0.16063490703666458,2,2
d2cf237688a4,0.22295853759232676,0.41395042716186936,0.25536025875469537,0.10773077649110868,0,0
d2d3cdb4272e,0.010303497710338845,0.9815161042448824,0.0034050781564826304,0.004775319888296298,0,3
d2ddeca64f16,0.0737419207884217,0.3359466239693867,0.3012349914922704,0.28907646374992124,1,3
d2f74c94238a,0.14569187540700215,0.4868102489785047,0.26028066468576616,0.10721721092872681,1,4
d30474806223,0.14287752644774793,0.5600794828954071,0.23187903376791524,0.06516395688892954,2,0
d3253e0cdc4b,0.2679720490601646,0.34798590454891476,0.22097623613321427,0.16306581025770636,2,4
d32d755c49d7,0.2479508973298434,0.2781490318489848,0.33892975569669787,0.13497031512447386,1,0
d34ad0ebb757,0.10582764872515943,0.766121289301121,0.11030695853462567,0.017744103439093946,1,3
d3539d3b0022,0.43113909591467214,0.16138899569565693,0.161546498773494,0.245925409616177,0,1
d35441c203d8,0.27888232080927877,0.4739815239083651,0.13150923804674908,0.11562691723560717,1,2
d35ec785b6d9,0.5456097306323658,0.11368558633863778,0.05619247834620683,0.2845122046827896,0,0
d3746284b4db,0.09951809081065892,0.5393757024814311,0.3212127496384818,0.03989345706942831,2,1
d3751dde942a,0.05610780812358433,0.8993151490020488,0.03376928439296535,0.010807758481401397,1,2
d380c0640d52,0.41358625240592245,0.26894950245644855,0.07197721103098756,0.24548703410664127,2,1
d390bbdb6eae,0.038643960325069615,0.24046678997510315,0.08393066967544678,0.6369585800243804,1,4
d393eb921fce,0.15932553142891642,0.15964612535647027,0.23048186426063091,0.4505464789539825,0,0
d3b32d6522e6,0.15425571294732088,0.4399556623679445,0.3386475223487812,0.0671411023359533,1,4
d3c58aec7ef5,0.5978679704100102,0.16330518119231793,0.152796624868154,0.08603022352951796,0,1
d3cf46c2aa95,0.3767075819567706,0.2353743657060221,0.20002189281132865,0.1878961595258787,0,1
d3d092d9884a,0.14339363585617515,0.3536102901120154,0.3038899350213633,0.19910613901044624,1,4
d3da34d7982c,0.03207245076748646,0.9352501471990398,0.027174153988248635,0.0055032480452250005,1,2
d3e83031ebea,0.19367196223693306,0.1909532137902633,0.09610932245780003,0.5192655015150036,1,2
d40a26be9a1f,0.14811299900817806,0.35330919494643853,0.4428686326528401,0.055709173392543464,1,4
d40b3798bbaf,0.008958685088648864,0.9537514505302275,0.020517240735325053,0.016772623645798623,1,2
d41577cf0009,0.6387087006566698,0.1751216866182123,0.1300091760315989,0.056160436693518834,0,2
d419cd169212,0.35418473745329054,0.19920788704580375,0.17707659398564105,0.2695307815152646,0,3
d41cace53f70,0.7570728793217341,0.1288973222121249,0.09837256931464845,0.015657229151492542,0,3
d422862db292,0.7589162927401208,0.1685901796006601,0.05974001276719812,0.012753514892020895,2,3
d42be282a595,0.4451696166531603,0.15970445916352655,0.3425517758543747,0.05257414832893833,0,0
d4335c32ac91,0.3527022141586106,0.10933880742007597,0.36432862166047525,0.1736303567608382,1,4
d435148e61a4,0.13297250418435874,0.814673839121829,0.04720087893694138,0.005152777756870744,1,3
d45764216b95,0.3869006581874893,0.24994736171228238,0.1238587174888807,0.2392932626113476,3,0
d45793c3466b,0.2612927724469432,0.6081053479333411,0.10424599284085237,0.026355886778863337,1,0
d46dc030a427,0.4166616099453036,0.4837606056408572,0.08194665075971837,0.01763113365412063,0,3
d4891fb41daf,0.16214246236739552,0.2706548092020638,0.3325640005987606,0.23463872783178005,1,0
d493a19fdc27,0.09905146472297013,0.5844463515969426,0.28193497879863694,0.0345672048814503,1,4
d4a13c7d0be6,0.16860713457124055,0.1674413713249363,0.4622105579269175,0.20174093617690558,2,2
d4ab797396b4,0.7809357178210127,0.09207307103064882,0.1068716191682773,0.02011959198006107,0,2
d4ba14d5248e,0.23724255942556347,0.6390603556541601,0.06338318743619538,0.06031389748408117,2,2
d4d230450196,0.32416654278569207,0.4861838122448505,0.16139462622079284,0.028255018748664644,0,2
d4d4ad4ecf8a,0.3099836253652213,0.3804906874190481,0.21485800718719278,0.09466768002853773,1,2
d4fd13f5456d,0.1845560354928784,0.28141782514239605,0.32860801601781586,0.2054181233469097,2,0
d4fe511721c0,0.0584850942600262,0.4396747542607031,0.12698380741982687,0.3748563440594438,1,3
d50c91728f09,0.5146414165527052,0.28320488043837816,0.18193358802796764,0.020220114980949118,0,2
d51b5cef170b,0.22861560286365268,0.41362589628606605,0.19555127332821193,0.16220722752206926,1,0
d522ef41a34e,0.02201180677736969,0.9604970824628786,0.013031945130926814,0.004459165628825025,1,2
d52a34a2589e,0.20273898496899084,0.6370421163809458,0.12205027913115625,0.03816861951890718,1,1
d52f1544921e,0.14858987282835653,0.16829453428397856,0.47562450268046347,0.20749109020720138,1,0
d53147ecb090,0.4190897832901327,0.32825789357041535,0.13330633711076514,0.11934598602868689,0,2
d55d019b0687,0.48691708699662883,0.36687886363930167,0.0925244880399937,0.05367956132407589,1,3
d569759613ad,0.06790448005104037,0.6226082466802147,0.2162643215759085,0.09322295169283644,1,4
d57d1c13a875,0.3229890842363541,0.4150514363291345,0.23971761364978517,0.022241865784726263,0,2
d5b987cc8efd,0.7388388421070609,0.0978620882135878,0.1313410388477388,0.03195803083161253,0,4
d5c12a5ebb06,0.5083098657528414,0.21869010892459345,0.10839048478604485,0.16460954053652035,1,1
d5c20d6a24bc,0.2162968535975597,0.10207978776960075,0.6531853317187579,0.028438026914081697,1,1
d5dd9cdb375a,0.20945685572538741,0.11171307242958844,0.6610635766191738,0.01776649522585041,0,2
d5e940685d00,0.10783112783004595,0.6299992896806206,0.17457982531098074,0.08758975717835271,2,2
d5f194b6bff4,0.18085272468852348,0.33158238852978517,0.27903651154058295,0.20852837524110845,2,1
d601d93c351c,0.6356475975340048,0.12938470493714246,0.1324000467699758,0.10256765075887699,1,0
d602b556cb9d,0.418417307076221,0.4638452368088695,0.0723116280406634,0.04542582807424609,1,4
d603bdeca20e,0.7751461718520823,0.05588509225820057,0.0732022020479883,0.09576653384172902,0,0
d604aae86dd4,0.052265761722694794,0.0374503719832601,0.8859553331769224,0.024328533117122606,2,3
d61e065cdab0,0.3548637045976737,0.3857319090155184,0.17606064866718107,0.08334373771962683,0,1
d6338ff2cfd8,0.017548914436039537,0.794848769007691,0.17483157013044567,0.012770746425823723,2,1
d64f793908fa,0.05094053380940549,0.4051467357225989,0.47599999802119564,0.06791273244679999,2,2
d65c634447c4,0.232077047395132,0.20553955742106927,0.240599968377389,0.3217834268064097,1,4
d662a384288c,0.5405263472883634,0.2663047620744155,0.17380036290765752,0.01936852772956364,2,3
d668a99691f6,0.2345391726768683,0.36197248963018697,0.30339265005603694,0.10009568763690771,0,1
d66df386831f,0.32332513468802393,0.5581795900658036,0.101733410176797,0.016761865069375416,1,1
d670149083bf,0.05180957220521779,0.9014442830992596,0.016289323987686323,0.030456820707836167,0,1
d68217d20b03,0.18829595004951485,0.5698730705375192,0.1535701346523362,0.08826084476062976,1,1
d6a591a5b3fc,0.2991189981695781,0.4916741935364396,0.12298482348705855,0.08622198480692374,2,2
d6ce804409dd,0.2273980591346941,0.7231314569773395,0.044004995106397306,0.005465488781569186,3,2
d6d45608c97a,0.3924527261162774,0.33457345611129435,0.22853659712970562,0.04443722064272271,1,4
d6fe234594ab,0.1560160484726023,0.33826177938540813,0.2074187760041152,0.2983033961378743,0,3
d70a1e0863fc,0.2197580656309099,0.3879295458108251,0.3525444816422959,0.039767906915969146,1,4
d715b966355d,0.4169439371571525,0.46376161602049154,0.10157599952812044,0.01771844729423555,0,3
d745f58d5aff,0.031349764065378906,0.906435530162115,0.04617399329013124,0.016040712482375045,1,2
d74b6ea0d497,0.2947886815960983,0.1878951041530872,0.1777319180248255,0.339584296225989,1,0
d74c849b795b,0.26904007673268326,0.28337750120575317,0.3686164876878513,0.07896593437371228,2,0
d74dcd7ef5ff,0.45407444128808894,0.34331355547798165,0.1192618949695023,0.0833501082644271,2,4
d7561eaf0b7d,0.6809888151775945,0.07375460967224497,0.21388617350701006,0.031370401643150664,0,1
d757af907e33,0.336582079439968,0.2754072987155551,0.3409255409044684,0.04708508094000846,1,2
d7775f0cace2,0.3515065140629112,0.28081591191247224,0.24663009018124962,0.12104748384336698,1,4
d7942d6c2d17,0.2733127051744959,0.19677486921583434,0.480844578107153,0.049067847502516915,2,2
d79d38bcd191,0.3297955894365344,0.39960178314392136,0.17724516113995578,0.09335746627958828,1,1
d7ab3582e476,0.06342804624962788,0.9075283761592595,0.025287531685730617,0.0037560459053818866,2,2
d7c0a0524f8f,0.7107126136543672,0.09700417047912682,0.17767984793211428,0.014603367934391681,1,0
d7c21278a0ae,0.08524588484622073,0.24037033587661227,0.5859656403210569,0.08841813895611016,2,1
d7c37316355d,0.18361063334891486,0.26342070643012777,0.28462374549686226,0.26834491472409516,0,0
d7c6e17080cf,0.07667539955156995,0.6751525762815073,0.23353798955818855,0.014634034608734244,1,0
d7cbe5e26ec0,0.27441207966292624,0.25329885362784105,0.3022089773596885,0.1700800893495442,0,0
d7cd1349ab41,0.3743828817707634,0.27475394802764674,0.3304240857775929,0.020439084423996806,1,3
d7dcd6e0f47a,0.028289546501613003,0.6648376247358432,0.2694900198485809,0.03738280891396304,3,0
d7ef8f508b5a,0.4402282942056363,0.3187658632369305,0.17876039866347687,0.06224544389395634,1,2
d7f739cf4bb1,0.37136545733316606,0.2531597673500794,0.2827646036296685,0.09271017168708595,1,0
d7f85b6dc2ea,0.05979476222865041,0.6899362668138115,0.16426833792725623,0.08600063303028176,1,1
d7faada10efb,0.09864574251095494,0.2589771139707016,0.398400174395625,0.2439769691227184,2,0
d809db32456b,0.5705145379382129,0.27969384968341016,0.06522902609394386,0.08456258628443306,0,3
d81666456423,0.048353545366961986,0.6069426222532783,0.29332816055342653,0.051375671826333104,3,0
d82241b7d468,0.17503402949432195,0.5581383789923584,0.06423000546736628,0.20259758604595343,1,4
d82f8ac5c3aa,0.16616545513858844,0.3300245177222486,0.4821605287412888,0.021649498397874122,1,3
d83df000b7a6,0.6793808450486281,0.06917237822564444,0.2081687987233841,0.043277978002343356,1,2
d8476a95f6c5,0.261745895330101,0.17736056409100168,0.5075946846184233,0.05329885596047405,0,1
d86be7c7defa,0.07798494130745898,0.46087821730701606,0.36834427127950564,0.0927925701060194,3,1
d89e6a53c322,0.15568998432151604,0.6524319110030864,0.18711617841949596,0.0047619262559017465,2,3
d8a361473402,0.12236452631840936,0.4853726932938294,0.17823991766997516,0.2140228627177861,2,4
d8a982947210,0.5396486807301204,0.18510843564222565,0.20548722518756446,0.06975565844008964,0,0
d8b2815cc382,0.7413361043747082,0.06240537379496637,0.16875893897777514,0.027499582852550115,3,1
d8ba78ed0420,0.1363841128545849,0.4982665343088847,0.1820707957447256,0.183278557091805,1,1
d8c69cd001b1,0.06852286322716447,0.7915178272606944,0.07734934866777453,0.06260996084436667,1,4
d8d5a42411d1,0.668306801950634,0.21119886003999871,0.10161840566098743,0.018875932348379882,1,3
d8e18f22e6a6,0.09941263245173751,0.8778343049072294,0.011594513109261292,0.01115854953177182,1,3
d8e2fa906f30,0.16813090982669765,0.29465971465826224,0.4749938569469646,0.062215518568075494,2,2
d8f2c08dd86a,0.6898414032432616,0.13170768578855319,0.1294895704606514,0.04896134050753399,0,2
d8f567817b2d,0.1484981682871994,0.4405665197138819,0.12515740949252288,0.2857779025063958,0,0
d8f6fee0e95e,0.06599663723782669,0.6477692948080063,0.20632884876016283,0.07990521919400422,0,4
d8fa04c1d853,0.013084849307570631,0.8707855368361124,0.10239517563011238,0.01373443822620443,2,3
d8fbcfc37ef6,0.416680653535989,0.21407736487799964,0.17296002297942514,0.19628195860658634,0,0
d8fd9bb19828,0.24461768945960263,0.552572927960335,0.1259534713952692,0.0768559111847931,0,1
d90748e85b6b,0.15014003616253344,0.4383108876765187,0.3769788838842119,0.034570192276736106,1,3
d928ebcc2528,0.17042292884430113,0.23580207787361956,0.5536822295690914,0.04009276371298789,2,0
d93242ee3944,0.12893687312819704,0.5804517326141996,0.23019692204720027,0.06041447221040305,1,1
d932662b13ea,0.39438220322732975,0.3344337170599442,0.16492788565902627,0.10625619405369978,3,2
d95d173b60c4,0.5505423010719135,0.06838983236364704,0.33592637247682994,0.045141494087609445,0,4
d97364c9384a,0.5011569487572103,0.22468748161684243,0.09535587824363999,0.17879969138230717,1,2
d97dffd12359,0.25164334500104973,0.16075216100004389,0.5161848264495836,0.07141966754932275,0,1
d9869f667b54,0.22184536976013317,0.6591438758543734,0.0807059881669238,0.03830476621856973,1,4
d996de7dbaf3,0.1103490822387453,0.28637732151206624,0.07119397420227772,0.5320796220469106,1,4
d9a638d70bce,0.2677034206339975,0.42078542379006917,0.20728622186647203,0.10422493370946144,1,4
d9a899cb5686,0.3739319810316098,0.15639239458197837,0.19999760877837916,0.26967801560803273,0,0
d9c139995f71,0.1857451756719282,0.4039932849667235,0.3231067918745842,0.08715474748676398,3,0
d9c245fb1e90,0.1842052429632439,0.1355841209957107,0.09394010479670271,0.5862705312443427,2,1
d9c3624b9ca6,0.56630817879184,0.10092724959952065,0.3114149070703717,0.0213496645382676,0,1
d9ccda507d0d,0.05878499224451171,0.7800216629547748,0.11709005135122115,0.0441032934494925,1,1
d9ed94436325,0.1550624733581276,0.30400959577570963,0.2819670845478693,0.2589608463182936,0,4
da0412fab70b,0.1839092410698375,0.7325693216594102,0.0821093407882857,0.0014120964824664323,1,3
da08e385dcb7,0.1572341544346585,0.6313987077231435,0.16646670741213196,0.044900430430065995,2,3
da0d817b69fe,0.4078508087336216,0.08441270845769648,0.06530876219307712,0.44242772061560487,1,1
da286c1597b0,0.3434685623667525,0.129492696972461,0.3519799862704638,0.1750587543903228,0,0
da30dbd6033a,0.4555945199875578,0.17465698912082667,0.3578911447402888,0.01185734615132669,0,2
da418ab5c65a,0.4465602903218989,0.11732620284572647,0.2845973744004816,0.15151613243189302,2,4
da45c7393783,0.8381709379433401,0.06114472807808246,0.08176697586883805,0.018917358109739515,2,0
da507be5f7be,0.33297044183159225,0.2131010859985995,0.2991905356618849,0.15473793650792336,1,1
da535a527858,0.33631745997964263,0.4738324842909749,0.0866450384539824,0.10320501727539999,1,3
da5783a467ea,0.22883357740531005,0.23782612209773735,0.28034932636169146,0.2529909741352611,1,1
da63a5ea2b12,0.38492834826277406,0.49110911760763903,0.0937743931148147,0.03018814101477224,1,3
da879ffcc1f9,0.2584461065322086,0.6742590115190323,0.05929179759744553,0.008003084351313524,1,2
da9b63d2f697,0.6291692222957884,0.20857743372975987,0.12161710071467158,0.04063624325978009,2,2
daa2aba8e7b0,0.1203199410442012,0.26580695676631594,0.6059886402152624,0.007884461974220321,1,0
daacf4460a62,0.4554440582386059,0.18622757641720242,0.17749629567369885,0.18083206967049287,0,4
dacea3ad99e0,0.07299093610155893,0.31949833332709143,0.4132687621372188,0.19424196843413083,0,1
dad2c0ee2607,0.5629186331836473,0.14479759198317732,0.27691000467327226,0.01537377015990316,2,1
dad30bc7ff47,0.47018094534348037,0.12081679088822432,0.3642371648350776,0.044765098933217624,1,2
db06909d6c78,0.018586435133856303,0.758718540834673,0.2076942248642676,0.01500079916720299,2,4
db14e640e037,0.35160331944937434,0.2737165695851286,0.3026241403351098,0.07205597063038736,0,1
db1bb68655fc,0.09465801292014935,0.6427965278693345,0.18862547833547824,0.07391998087503805,1,1
db29f6ed9d3a,0.6959879529231099,0.031560468295199574,0.06776731305044163,0.20468426573124884,0,0
db2c984ad877,0.22160024731526973,0.2806205631879378,0.42302510013455463,0.0747540893622378,2,2
db406f865d2c,0.5034251914847521,0.22073566846714762,0.17984554690402574,0.09599359314407455,0,4
db48ecc61b3d,0.5561778632360265,0.2879697449592256,0.0939806601740486,0.06187173163069946,0,3
db4d0ddc1235,0.26401540442933014,0.41747371526476484,0.23268970258457208,0.08582117772133294,2,0
db5be2895a72,0.13146166068620652,0.6226368362061654,0.23947402235801468,0.0064274807496133585,1,2
db70f01df58b,0.2230360849446204,0.33170731709678686,0.4019337097936122,0.04332288816498046,2,0
db7bacaad1ca,0.08261297957597902,0.5912363917056866,0.2459953783378502,0.08015525038048416,1,3
db7e1c572d15,0.06721790467695321,0.5405382090077826,0.25076846091268945,0.1414754254025747,1,0
db8d0318b5af,0.15939193367435722,0.38654319000383847,0.2685262344008949,0.18553864192090944,2,4
db9298d9ded8,0.13785625547742586,0.5882761246265542,0.15060207223578392,0.123265547660236,1,2
db97eeddf9ef,0.23246544060699453,0.29128152627513465,0.3674853922102175,0.10876764090765335,1,4
db9f9c62dc00,0.7985314059193568,0.15887034866085245,0.03349072991786101,0.009107515501929692,0,2
dba658c69988,0.03564538935327215,0.957048227787559,0.0054899908934408085,0.001816391965727814,1,2
dba690393e1b,0.36778424073913285,0.4883556964541065,0.1074329959582528,0.03642706684850791,0,2
dbb6d75304ef,0.6709704057182567,0.22903925685172769,0.0858259180970908,0.014164419332924743,0,3
dbf005c67f42,0.16018077639654557,0.728851130384816,0.09314185985306384,0.017826233365574505,0,3
dbfb54d68d5c,0.37349110711311856,0.2398750586023369,0.3197215848193701,0.06691224946517445,0,0
dc074c261a90,0.3857045754334373,0.05801669073322717,0.48318373801058684,0.07309499582274868,0,1
dc0fed8c8737,0.056103457333497475,0.7598409448850179,0.09416354384233983,0.08989205393914482,1,2
dc2115b5198d,0.5001730309366331,0.36197906730424195,0.11292161560316645,0.0249262861559584,1,3
dc290fedef27,0.04562019476697157,0.20148758037911588,0.12280544521060409,0.6300867796433085,0,4
dc2b14b11aaf,0.24042510368465497,0.4503933524376364,0.10918676462254383,0.19999477925516468,1,2
dc3c2c613d0c,0.07696994212488256,0.669178872906633,0.129536651679699,0.12431453328878556,3,4
dc5ad30410e4,0.035571626587482114,0.9012923537058741,0.0549807817499635,0.008155237956680321,1,2
dc5e5ab68387,0.42410332585941785,0.2436472053729782,0.3173897525697707,0.014859716197833245,0,2
dc632437d7c9,0.5184748744048406,0.16391292685588865,0.146858688724663,0.17075351001460767,0,1
dc6ce7c92fe6,0.40611198813233595,0.4614487111314943,0.11293153050765706,0.019507770228512623,3,4
dc7ddcf65b4c,0.20537796331521804,0.6946617105137438,0.08895815713894115,0.011002169032096961,1,2
dc8dd6a3ae7d,0.40079538602145104,0.5237264405636352,0.033440842053433416,0.04203733136148027,0,3
dcaa76ec8d44,0.14246877459229287,0.3386853845742088,0.5059076367916476,0.012938204041850742,2,0
dcc6632b56b4,0.6096795473663709,0.16670445907152018,0.200594300238685,0.02302169332342395,1,3
dcd5cc87f977,0.31051049051867075,0.6645064175498143,0.021106683122204508,0.0038764088093105457,1,3
dcd9d77c6ac6,0.20696341413303918,0.49798005052512206,0.2558249691800468,0.03923156616179185,1,1
dcea6c3e62bb,0.024336226929367044,0.7057485397805887,0.10984272828860638,0.1600725050014379,1,2
dd08a4d54544,0.3270552928326225,0.42177387892169377,0.157905554383178,0.09326527386250576,1,4
dd148f46bf1d,0.13465729973470822,0.4027015958284107,0.3191999368084292,0.1434411676284518,1,0
dd31f8f3d087,0.16241470745458328,0.2443750553975517,0.14478323849092672,0.4484269986569383,1,2
dd39287d4cdf,0.36042302406886945,0.29769164211978477,0.21763225739663458,0.12425307641471127,1,4
dd47f215e92a,0.755189447794278,0.19097573641000312,0.045388180495457994,0.008446635300260694,0,2
dd4ce54aef62,0.3172749432392238,0.5053766186408641,0.12185406462825346,0.05549437349165863,2,2
dd50b4d48244,0.2869374581022791,0.13905400612786545,0.4976223521511155,0.07638618361873994,2,3
dd55cdedbede,0.01244853871485839,0.6096833648010158,0.36881478601566414,0.009053310468461731,1,2
dd60b8bfb2d2,0.566823874403529,0.19653200892897835,0.2030340304504671,0.03361008621702553,2,0
dd7ae61dc7e5,0.2540589274540265,0.26506024239842213,0.3331316244405854,0.14774920570696595,3,4
dd7aeb805eef,0.14879749306946968,0.5172761029022261,0.2572116130775966,0.07671479095070755,1,4
dd8b8a5c9307,0.4684116091299796,0.290853945798196,0.13874836546990924,0.10198607960191518,2,3
dda0d73e068c,0.5425279674287334,0.13290211408022445,0.294233026509247,0.03033689198179513,0,1
dda1563c0620,0.20601750148091658,0.35734135620449436,0.2516366400288042,0.1850045022857849,1,1
dda68db29fdd,0.2258806980707414,0.4880774119509757,0.05416097841628648,0.23188091156199644,0,3
dda7e9290f64,0.1314867944161277,0.5415224323879416,0.2992265996691133,0.02776417352681735,1,0
ddb8e432479a,0.1494463029401341,0.270933755887506,0.29417253590330705,0.2854474052690529,1,0
ddbe636ad06c,0.17633632008832473,0.21040849798105474,0.44697527228670664,0.16627990964391381,2,0
ddc659c2e59c,0.2861575592404999,0.1571401481163972,0.06711917106317607,0.48958312157992695,0,3
ddc87971f87e,0.05662858872715446,0.30558482031170375,0.574375899304315,0.06341069165682671,2,0
ddd30a3355ab,0.10334526326528594,0.7296786246013485,0.13185390010843426,0.03512221202493126,1,1
dddc5467ff7a,0.8053235755140097,0.08487006192287992,0.06520216525217414,0.04460419731093645,0,3
ddf50c05459b,0.29600750865575054,0.09056796080540548,0.1519276883475273,0.4614968421913166,0,1
de1f16eadd95,0.03535331100066947,0.7173062475210523,0.23723091518515219,0.010109526293126135,2,3
de2d1a60c2af,0.42528616257414,0.39858805525087493,0.1430725553805749,0.03305322679441022,0,2
de333ed072c8,0.4302472699828582,0.27212393066115365,0.2773658968913226,0.02026290246466544,0,3
de33d3a51e83,0.2301466076445808,0.4259195077166349,0.3099643428184718,0.033969541820312414,0,2
de44f6af8b10,0.44913360025407373,0.1410012113398735,0.164868174326107,0.2449970140799459,1,4
de4ad8d40fdf,0.21050495570065308,0.2502875991781983,0.34212323446726256,0.197084210653886,2,4
de53947e43b9,0.2937410404483566,0.4028201793017355,0.13541915887468906,0.16801962137521895,1,0
de76a012b637,0.06450317861404913,0.7175318736937261,0.1605231958502702,0.05744175184195459,1,3
de7934b835ca,0.3629720629649647,0.09985822363297751,0.24615706632806003,0.2910126470739978,0,4
de81caee7374,0.12774168707553568,0.17744915476764708,0.5478885781078754,0.14692058004894185,3,4
de975d080334,0.15692790490737552,0.37123784332424736,0.3120725458518957,0.15976170591648128,1,4
dea5608c3e0a,0.05918760928330797,0.6754783088732004,0.23694833531433857,0.028385746529153173,1,2
deca3972c352,0.5606073154309215,0.1696397769126203,0.16344568570343054,0.10630722195302764,1,1
decc8130c6bf,0.3452917243628545,0.20099061686976802,0.3096906063314284,0.14402705243594918,0,1
ded38a5051da,0.12107219489437797,0.318933865915777,0.511969974218411,0.048023964971434,3,4
ded489f168bc,0.6041693128226796,0.17932293389559112,0.14358176460484676,0.07292598867688244,0,3
deee69329e9b,0.12601301326772885,0.5201616457140439,0.216164403927792,0.13766093709043528,1,4
def37f7cd713,0.45996265850389323,0.4182911268253467,0.07938216568886934,0.042364048981890584,0,3
df07c0223107,0.22365175117576158,0.21792646578639735,0.2549119523300499,0.30350983070779125,0,4
df1750048937,0.27777419022657074,0.4965694738238924,0.17606186493693127,0.049594471012605564,1,0
df21842cfe5e,0.06474767842581479,0.7840692311616891,0.14145880374517922,0.009724286667316763,1,2
df37fe53632e,0.6296979934681521,0.18154177262901788,0.18031017910353866,0.00845005479929142,0,3
df453764e19c,0.1801025967056308,0.21998950525581365,0.24126570749587453,0.3586421905426809,2,2
df45b695ea21,0.36237971941359787,0.13265421163396904,0.3543613687137906,0.1506047002386426,1,4
df4722bbd29a,0.05305439133009591,0.8926177260605992,0.03396164208376773,0.020366240525537142,2,3
df4a3d3d27ba,0.5290530798471464,0.06044807309228151,0.3368376481812849,0.07366119887928718,0,0
df68e31da347,0.39924803571831247,0.22168878657517177,0.24522255593268436,0.1338406217738314,2,0
df6b420aaa31,0.21796803697107173,0.31214046274454726,0.2967705373561464,0.17312096292823476,0,1
df6b45073c39,0.2645703876009273,0.6137895304880896,0.11073333852575203,0.010906743385231111,1,3
df74415b31d9,0.1009731011221152,0.5460283847741524,0.3110540292465608,0.04194448485717167,1,2
df89af5f42ef,0.21041671383880267,0.6437180370039188,0.0951365267374251,0.05072872241985325,1,0
df89f8a12033,0.4553854561397004,0.2542406493466254,0.19515944769802848,0.09521444681564584,0,0
df924511c439,0.844844661732725,0.0475624030032438,0.08886976528874485,0.01872316997528652,0,0
dfb6127e91ca,0.5493598478762773,0.13332827979011738,0.279535191810625,0.03777668052298028,0,3
dfbe54ad1d85,0.4489877568055203,0.16211918890360164,0.2659505989045488,0.12294245538632916,0,1
dfc0decef09f,0.02518843727313854,0.924509761351289,0.02889167208576663,0.021410129289805895,1,2
dfd673001c50,0.05220588312846372,0.0950731520785691,0.8169447182632471,0.03577624652972004,2,3
dfdf3913f6eb,0.201039679570328,0.18736292652703213,0.39068794404557006,0.22090944985706987,1,0
dfe556626958,0.16154186219577693,0.15346892924064515,0.6052283132235361,0.07976089534004184,3,3
dffe7deb873f,0.7027344131636609,0.13112098053224636,0.07538091865412946,0.09076368764996316,1,1
e00eb01eab38,0.11684961907764511,0.4877840813571408,0.33704362849008973,0.05832267107512433,1,0
e02bbb13a371,0.61234209885845,0.2594598574234083,0.11213213516435645,0.016065908553785195,2,2
e02f99a44c18,0.4391990577872423,0.31832770370537594,0.19667987061225672,0.04579336789512507,0,2
e033c4a5100b,0.2291058753621133,0.5952788338209988,0.09755938107050445,0.07805590974638348,1,3
e03476810a2d,0.03071502873774018,0.45550219607590847,0.4993228213349968,0.014459953851354524,1,3
e03fb79d272e,0.23188950903189018,0.6858974853203618,0.06790731129910975,0.01430569434863827,1,2
e092291d0802,0.06852061930981347,0.7324311286764952,0.13329792599460208,0.0657503260190891,1,4
e0944b64b80c,0.3774760515547291,0.23993455361748356,0.29603578583995727,0.08655360898783004,0,4
e094984999c2,0.12489398866120689,0.6638154372189268,0.1281612849412648,0.08312928917860149,1,3
e0b5009d6492,0.29678804746793647,0.316694960562146,0.1842654085771619,0.20225158339275556,1,2
e0d90a4de0c6,0.024734146433257772,0.6627287490051804,0.19129728431739623,0.12123982024416566,1,1
e0ee01a012f0,0.5737075896634836,0.12948587758375302,0.22231324743451744,0.07449328531824588,0,4
e105b07fb9a8,0.33215596897894556,0.3308982384290149,0.22379902997054094,0.11314676262149857,1,4
e10ad2e7182d,0.056679303482922,0.5579038572690056,0.36792702760345203,0.017489811644620323,1,4
e10ae9dd5000,0.5791936319452995,0.13364864853980699,0.1878312916611741,0.09932642785371948,2,0
e11d6e9affa1,0.013309911327934647,0.9346214287619949,0.034794824714663664,0.017273835195406716,1,2
e126d9d23457,0.14319946714294546,0.31728839622177724,0.5289128476215692,0.010599289013708067,0,2
e12de19718d2,0.10179786658436916,0.8357245526563908,0.052832575881257025,0.009645004877983114,2,2
e13e117a8d82,0.3723938285040359,0.43559222299627626,0.07118942646155454,0.12082452203813328,1,2
e156dd640b9c,0.45419616421689657,0.07939760404369059,0.39617384487151786,0.07023238686789515,1,1
e15b98946bf7,0.3548808690184972,0.23225925523499136,0.3352962337214291,0.07756364202508238,0,3
e164f3b294e9,0.6055284272013893,0.11261460878874034,0.24053136403836367,0.04132559997150671,1,3
e171596e4b75,0.1840150099339947,0.15095176099588903,0.39888559462405726,0.2661476344460591,1,4
e17921c991eb,0.2054265307214387,0.6601505345966839,0.11814653231610653,0.016276402365770763,2,2
e17a546bc355,0.1089545458194222,0.4062806179478104,0.4779596347378491,0.00680520149491822,3,2
e18155c4762b,0.18406385212188386,0.1778233326625871,0.15674509535887476,0.48136771985665416,0,0
e19121eb93f0,0.3708143861958441,0.2172297253653536,0.35158524486337955,0.0603706435754226,2,4
e19849e1c8ae,0.20835064952671112,0.6296152023113852,0.1200157838768863,0.04201836428501743,0,2
e1c1ad4b1e61,0.6254415902189512,0.12134687545353214,0.1594108304935247,0.09380070383399193,1,4
e1c473641416,0.1565856091494348,0.2573349516351286,0.4739375883150461,0.11214185090039049,3,4
e1f5682712bd,0.5562253430752672,0.16150468620421246,0.15077078490545995,0.13149918581506048,1,1
e20a1e0b539e,0.33697023420279343,0.07226193576654653,0.5071673454480033,0.08360048458265669,1,3
e21989eb3b6c,0.5298078216190225,0.10750604214940859,0.12467518948061175,0.23801094675095713,2,4
e24e639f39a9,0.6878779284458745,0.13487721777196654,0.12392413700566278,0.053320716776496066,1,2
e25f6e723ded,0.41270423964216985,0.0410497334401663,0.39017282378071927,0.15607320313694456,0,4
e27dbf267565,0.6126292825118672,0.16312695597113724,0.20604810831507042,0.018195653201925056,1,1
e2822dd69c4b,0.36008889356416246,0.06762041460745237,0.5538712710121727,0.018419420816212596,2,1
e284cafd4bdb,0.128685046521513,0.4159233151596764,0.13651174482095432,0.31887989349785634,2,4
e28655aad4a9,0.4220558890375771,0.32383590507823423,0.22897486253500776,0.025133343349181086,1,0
e29617323fef,0.4178847409670631,0.22303724401985836,0.2928256078617867,0.06625240715129205,1,0
e2998bb6695c,0.027837356050494207,0.8511451310607349,0.09282926392136873,0.028188248967402192,1,4
e2a9723236ca,0.028519197750678005,0.42807235373730085,0.32869542755508996,0.21471302095693107,1,1
e2adde6885e0,0.36218410778314564,0.45480063749062427,0.17339301348868005,0.009622241237549943,1,3
e2afeb565737,0.08650467372252386,0.35950336145022943,0.16419283866526696,0.38979912616197987,2,1
e2c18c715bb7,0.3957108574370253,0.43312185762113325,0.1306279012759002,0.040539383665941356,1,0
e2cbe011b94d,0.015373826243438665,0.8568704780148676,0.09993173033250786,0.027823965409185993,1,4
e2d20a5c9d8f,0.15246098206471284,0.7002348424403473,0.08544420239471602,0.06185997310022389,2,1
e2e852552b7f,0.2333399736373073,0.3922061636933996,0.2849550955266116,0.08949876714268158,2,0
e300a4e86207,0.13181603621834317,0.5931382393549256,0.2110015122099361,0.06404421221679528,3,3
e3209b62ec59,0.3689026274251716,0.29585868737444526,0.1743221552147733,0.16091652998560976,1,3
e32e5c4bb5c2,0.2214715298193023,0.43325262134433246,0.3333573672721333,0.01191848156423188,1,2
e34c6533b5d2,0.07979140107453941,0.25922704416124,0.2210127464315167,0.4399688083327038,3,4
e3508efe3bb8,0.2625612515968165,0.5063257389044528,0.1699897460477084,0.061123263451022355,0,3
e3628650afa3,0.0557330173715659,0.48845031727584115,0.4134950137432339,0.04232165160935898,1,0
e36dac4d5aca,0.4289525507555471,0.1307678552399726,0.27240686288950755,0.1678727311149727,1,1
e37291d60bf5,0.6763561397022986,0.11771113774747796,0.18642309078133165,0.01950963176889183,1,2
e389cb066bd8,0.12059250376931903,0.16227472703270296,0.19502683244711985,0.5221059367508581,0,0
e38bf848a4b2,0.29483009850596553,0.24341472169317352,0.3838105951271686,0.0779445846736924,2,4
e395615a9a0d,0.11459116484523649,0.09604756205703924,0.7374979644607793,0.05186330863694502,1,4
e39daf2d9636,0.21311875426465357,0.6316946615829587,0.14747058946254268,0.007715994689844959,2,1
e39f4a252cb5,0.7886076028754462,0.10614953410599277,0.08776603297696715,0.017476830041593897,0,3
e3a350da2859,0.07582907445506411,0.6967050866878655,0.19636851982120504,0.031097319035865264,1,0
e3a355a01aac,0.39817689360944053,0.3324519845250641,0.15299505533753768,0.11637606652795769,1,1
e3a68b6c54b5,0.04319647633964462,0.8427690630545223,0.027191617929941073,0.08684284267589218,1,2
e3a9b892e7c1,0.25657760613557523,0.4320642216416267,0.2354448306505162,0.07591334157228177,0,1
e3b546093b7c,0.01834120662702819,0.9655972162007214,0.012404979029659024,0.0036565981425915675,1,2
e3e0b34968ad,0.09979858805644182,0.6377037467837416,0.2413153221535328,0.021182343006283764,0,2
e3efcee5464d,0.14315490746237863,0.6112186726261314,0.13123413147553661,0.11439228843595342,1,4
e416f944cb42,0.605661696874159,0.18626127840991907,0.1851675481834938,0.022909476532428082,0,0
e427306ddc9a,0.2957531867190304,0.23219055940783745,0.24465778828137566,0.2273984655917566,1,4
e43ad5b5e137,0.208739893366673,0.594355432466277,0.140067062338075,0.05683761182897509,1,2
e43c10ce7933,0.17206687710793842,0.5622367388620719,0.18509265526558757,0.08060372876440199,2,0
e44d13263cba,0.6159799579793449,0.11370692146068795,0.178918608619939,0.09139451194002807,0,4
e44d1faedace,0.03292313914156458,0.4457138802977422,0.4743279037618205,0.047035076798872866,2,3
e45231baa93f,0.29067466365944916,0.32582384715210105,0.08360112178606299,0.2999003674023869,1,2
e462b50ef489,0.48003100877413596,0.2782011624476213,0.15118067232658336,0.09058715645165949,1,3
e4645a71f19b,0.5995306674287615,0.24503833887057053,0.14746231136066962,0.007968682339998368,0,2
e479851df410,0.2333314911555482,0.5715990523172858,0.09192942473270081,0.10314003179446508,1,3
e487f7e3b6a5,0.4183457853572142,0.1873913430068639,0.22075235261191362,0.17351051902400838,3,4
e48cc454acd6,0.33506852868398296,0.5486013132711076,0.052732886799072676,0.06359727124583674,1,2
e4a4248cf6fc,0.5099666120787282,0.24255191851610727,0.1732038899938334,0.0742775794113312,1,0
e4aa7df34266,0.1529316680673012,0.40528163205264534,0.3872307844042633,0.05455591547579024,2,3
e4b2c5f23e08,0.46640747904653024,0.26047457070384117,0.1955756506610092,0.07754229958861922,0,1
e4b50e7402c3,0.22318369633618373,0.5539763097211274,0.11787541913731849,0.10496457480537043,0,3
e4d47cc836a1,0.24272654070145275,0.38262260458775077,0.23529743668987876,0.13935341802091777,2,0
e4f280b01af5,0.8465718134416527,0.1192051036503298,0.023439323275286764,0.01078375963273081,0,2
e4fd12eef363,0.41289983516578416,0.15871356022330493,0.19777772760610635,0.23060887700480445,1,0
e509fde57a70,0.5155388504125866,0.341815411867789,0.11012473759558936,0.03252100012403505,1,2
e50d56f75dc9,0.010855880961986109,0.6075777726965509,0.3184432306829279,0.06312311565853512,1,3
e51850dddb1d,0.37702622308414563,0.35105796637669984,0.16887156861825384,0.10304424192090077,3,0
e51b2fc7f149,0.21874293832696953,0.6454757880655,0.10293946429256447,0.03284180931496598,0,2
e51c3f2307f8,0.1291177110924118,0.6445092209769144,0.17929736427985596,0.04707570365081778,1,0
e52bdc15086a,0.26668514412781963,0.19041748602439063,0.3705243065016635,0.17237306334612615,3,0
e53355bac9ce,0.40468704526045013,0.17095239462517228,0.3370098350030107,0.08735072511136688,2,0
e550c0ee9fc4,0.34780232495433117,0.2188854378501546,0.32453596505806964,0.10877627213744442,2,0
e562c9ac6268,0.20506423630250775,0.30262055548236794,0.4346752516916401,0.05763995652348433,1,2
e56e71389ba2,0.1753779453290428,0.20738290998012412,0.29900127474416693,0.31823786994666614,1,0
e578212ad3a6,0.2153144494364847,0.6431301539732462,0.08906361129135024,0.05249178529891863,1,0
e58718f4aa74,0.10768250432099426,0.6438641593216465,0.1394842772786619,0.10896905907869729,1,1
e598f9bfe550,0.43771905274056977,0.1959178352631001,0.256500112172734,0.10986299982359597,0,2
e59ac8552f60,0.18338397646464616,0.44513336472346576,0.25708712942655104,0.11439552938533717,2,3
e5a7aeedd323,0.2504570164453135,0.31894611479962176,0.283280685351275,0.1473161834037898,1,0
e5e19b32a270,0.25608032045605655,0.5491201916770897,0.14014720742660236,0.05465228044025134,0,0
e5e2dbcbd9d2,0.4605333172126951,0.2426531765360454,0.27705943497612445,0.019754071275135118,1,3
e5f1860bc360,0.4349108695151121,0.46435175660184447,0.06400903176207189,0.03672834212097173,0,3
e5f97fa3f2d0,0.0363268139998536,0.9119290762872098,0.03870046759075389,0.013043642122182912,2,3
e5ffc5baa978,0.18418420485884401,0.46099201822966457,0.262758921044156,0.09206485586733527,2,0
e6069f2cab57,0.6069163033340588,0.06719044773183597,0.2920016204190411,0.033891628515064276,0,1
e60a0bcf8160,0.4027304310535495,0.1721397373093218,0.24969645843980035,0.17543337319732852,0,2
e61140a68866,0.19371150114542868,0.3418888176234285,0.35944470807382484,0.10495497315731801,2,3
e615b95130a4,0.5579145216180127,0.29562273952274803,0.12093989344621281,0.025522845413026407,0,1
e619787c1a07,0.16157997399297402,0.6404317273999383,0.13935852235478324,0.05862977625230449,1,0
e63929e6add1,0.028230078795072434,0.9119403580407285,0.05352196583643686,0.006307597327762274,1,1
e63cd8a6d04d,0.012795875238806575,0.8825741507593114,0.08590967010983014,0.01872030389205179,2,3
e63e246debfd,0.20604361256016737,0.3037012014862772,0.3714105155786211,0.11884467037493428,0,2
e6505c104184,0.2699190712000266,0.612995391276222,0.10613678842416409,0.010948749099587388,0,2
e65207f12ea2,0.5763519175844483,0.17944706272788863,0.21083185001276797,0.03336916967489514,1,1
e67619d00b58,0.6525936532559107,0.19111883543607378,0.13473238416654718,0.02155512714146831,1,1
e687b28d3864,0.2484507229588097,0.21422202462307022,0.4433983942709892,0.09392885814713083,1,0
e6961147acfd,0.41429892219190656,0.22224514621409328,0.2426473749886954,0.12080855660530472,0,2
e696904df3be,0.3765183556807411,0.20663637976705948,0.14094197261746655,0.27590329193473295,1,0
e699535e65da,0.621727237539442,0.17479068507524323,0.14095459342364375,0.06252748396167099,0,0
e6ade0ee672e,0.1558331334670324,0.5641635048459467,0.24960476244399848,0.030398599243022344,1,0
e6dd6efb3de0,0.40141334218536334,0.22843671446479194,0.24890695504731006,0.12124298830253458,3,4
e6de6fbdcd67,0.10520807108689008,0.464529400167764,0.2609127543596178,0.16934977438572815,1,0
e6e361d6a84e,0.1367553529401343,0.28207226420067133,0.3889467355012525,0.19222564735794176,1,0
e6e404e7db47,0.019037946625038944,0.49527001801436915,0.4126314375690154,0.07306059779157657,1,2
e6e920ea0609,0.14160889440393776,0.28148755665375746,0.5156104616206977,0.06129308732160713,1,3
e6ee4827951b,0.05191031160680512,0.7880472454473,0.1560004198903906,0.00404202305550427,1,2
e6f3ba0b25c5,0.38048691171181825,0.4030195150749218,0.15585476145963914,0.06063881175362087,2,2
e705df6bf622,0.054650788186698634,0.5955900311414213,0.30912455943710654,0.04063462123477343,1,4
e7108595fb09,0.05558477230263117,0.8713792241950494,0.05424469408693192,0.018791309415387432,1,3
e713de5fa2f1,0.7983853973708431,0.1342527751602931,0.04005493476493603,0.02730689270392756,0,4
e714c61cedb5,0.26967528282458986,0.19785027381347223,0.42187892613897937,0.11059551722295852,1,0
e719973c92fb,0.5051590863507124,0.1645972702964333,0.2826292766567587,0.04761436669609565,0,3
e72c3641aff5,0.2056978101937065,0.5498432818844278,0.21630846189435357,0.028150446027512214,0,0
e737a74a9830,0.039618077436108325,0.8187660490614365,0.10393547952695863,0.03768039397549643,1,4
e740a2577d7c,0.3450795796995278,0.15778507442951523,0.1797649228995731,0.3173704229713839,0,0
e750ed589351,0.5859874902597507,0.11603468914722377,0.1616382348197062,0.1363395857733194,0,1
e751ae5d2da4,0.013149991955951585,0.6829225160994522,0.29068935815989755,0.013238133784698576,0,3
e752b12382d1,0.23284560651629355,0.39264332083251374,0.32511993078247786,0.04939114186871476,3,2
e764f1cb364c,0.36894001450768105,0.24432203493977228,0.30826641754144185,0.07847153301110478,0,2
e7652a255494,0.5502046613414042,0.29264091730801006,0.12119355454412371,0.03596086680646204,3,4
e770c3c0df1a,0.2986545005082785,0.40076866673885103,0.2542309481015276,0.04634588465134285,2,1
e773dcdd7200,0.1865352808364944,0.6304171763012403,0.06060451428195739,0.122443028580308,1,2
e78731870e9a,0.16166707173141298,0.5757876233026821,0.18908780389496574,0.07345750107093911,1,3
e7991479fcde,0.6703427998645124,0.13582518483494688,0.055208058406714396,0.1386239568938263,0,2
e7b519c4b318,0.7275782932444053,0.03766872164652482,0.213683165792503,0.02106981931656696,0,3
e7bc5f198df7,0.17386993438057208,0.19355022064714786,0.367875428479899,0.26470441649238113,1,0
e7c4f060e6d4,0.26889986411013445,0.33556829632902657,0.17259236765210909,0.22293947190872998,1,4
e7c75b329ac7,0.1210148408609253,0.08512311288469769,0.5520828995798153,0.2417791466745617,0,4
e805aa5e9f9d,0.5593902279619545,0.11894153152489266,0.15833338468670516,0.16333485582644763,3,3
e80a00183db9,0.07499230540402722,0.484524599374382,0.43066617872758917,0.009816916494001553,1,2
e81975072f7a,0.12985807595106455,0.3768430915663621,0.3966243170159033,0.09667451546667014,1,0
e82dabeb2c01,0.04644955568033805,0.5801973037578969,0.282733299930596,0.09061984063116899,0,4
e82e8c609e01,0.2595388581335781,0.5314354589737049,0.16625374308749014,0.042771939805226936,1,1
e832781629fd,0.04647942253287769,0.606094244798325,0.30756335568158744,0.03986297698720981,1,2
e83599857d12,0.07362970848001606,0.46533449895152734,0.38772051692615445,0.07331527564230222,1,4
e867ef0d690a,0.07643509853000338,0.5826992140074935,0.13342393390162655,0.20744175356087657,1,1
e86da5ced3d9,0.3153691370341072,0.5271176501707509,0.14865986589433694,0.00885334690080512,1,3
e8738bc58dca,0.2103807831854871,0.31155701843494776,0.444505415369977,0.03355678300958827,0,4
e8752745d466,0.16007426770635488,0.17130958128631776,0.566919928944501,0.10169622206282623,1,2
e87937446df8,0.07317269788260317,0.5112552919188106,0.3464173839580598,0.06915462624052637,2,1
e87a9de37972,0.3516702223066714,0.08261624546724884,0.2914079085760682,0.2743056236500116,0,1
e87c1dfe1c1f,0.6832590708844359,0.09819836066168473,0.2134803382817693,0.005062230172110102,0,2
e8956cd9117c,0.22557545056584274,0.28793337539010305,0.39651607308217274,0.08997510096188137,2,1
e8ad62a8f5d4,0.5836418699921954,0.20816031895842882,0.19382566492880735,0.014372146120568613,1,3
e8b4637a1396,0.27897216577747375,0.511067277049474,0.0682216268899967,0.1417389302830556,2,4
e8ca5a4146ab,0.042537175398314316,0.6614028863782719,0.24422513487306177,0.05183480335035191,1,0
e8cd174b1e73,0.02254627590059993,0.04212638003024064,0.017631824260457604,0.9176955198087018,1,1
e8cdd5d7becb,0.15306116963591768,0.42807940332056943,0.3148292291762901,0.10403019786722265,0,0
e8da31ab0da5,0.18508680651416162,0.5246510189718369,0.16748451988499236,0.12277765462900911,1,3
e90d4db7ddd4,0.11217569625073885,0.32944396045909385,0.43768451320777374,0.12069583008239361,0,0
e90dd06ea8a1,0.10430389135485123,0.5429737355747583,0.22236914175409686,0.13035323131629362,1,1
e9268097a0d1,0.20571715601560428,0.21537134074626232,0.3241843890198507,0.25472711421828276,2,1
e93a46774f00,0.1420998135570244,0.42958497906322507,0.3373946181325834,0.09092058924716719,1,1
e93b8361bfd0,0.13645244216467514,0.21818695299065544,0.5292595469060971,0.11610105793857232,2,4
e94ccb56b277,0.10645638415767324,0.4644148624261677,0.32552212789806584,0.10360662551809331,1,3
e96f12697ca3,0.18205551526995395,0.5773097218662833,0.13619067863548315,0.10444408422827975,0,0
e97d25d7e522,0.6134127233492515,0.12465781632396003,0.2109984620526408,0.05093099827414773,0,2
e97d79485202,0.8876600533376373,0.028488690184548113,0.04735930336442491,0.03649195311338977,1,0
e9875afe7532,0.40660891097731217,0.09799778276275124,0.11180534877485135,0.3835879574850853,1,1
e9ce880f2202,0.47963110331422754,0.35568924721970085,0.09363688595374665,0.071042763512325,3,1
e9d5e9c6fd14,0.16067068909123056,0.4552779279968268,0.25660044762065404,0.12745093529128856,1,3
e9ede9640810,0.5195262791268147,0.28472525875744664,0.0559092573588291,0.13983920475690942,0,2
e9f977bc280f,0.19902287974804642,0.1506860770974019,0.3415756856565726,0.3087153574979791,1,4
ea095c5991c3,0.5965346279999885,0.15581615355873088,0.225618790313179,0.022030428128101767,0,2
ea1b70752c62,0.16019038171388233,0.3481645203817116,0.3943775368400573,0.0972675610643488,1,1
ea1bf78bc0ee,0.3440230732304731,0.18308962242466228,0.18381363631992384,0.2890736680249407,1,4
ea2d09b4a59f,0.38723857775419995,0.17125003992523624,0.3746268055605732,0.06688457675999054,1,0
ea44061da219,0.1527555307486581,0.4738799640208801,0.28895355936412104,0.0844109458663408,1,0
ea4e755480da,0.1509092500093634,0.7745438500622799,0.0587221198358927,0.01582478009246402,2,2
ea71dbbcf2ab,0.06917528456902966,0.5231480488387793,0.3454249637118611,0.062251702880330016,1,3
eaac01660339,0.19498908872554035,0.46507307407623283,0.10597588079845945,0.23396195639976752,1,1
eab43c22f6e3,0.08565131338356899,0.23894669343760247,0.6055295240074651,0.06987246917136346,2,1
eadbd008393b,0.22863523562023383,0.3799530452732151,0.25127242192600124,0.14013929718054977,1,0
eae003afb999,0.07888516678447373,0.43771450003338885,0.3629022530876519,0.12049808009448557,0,3
eaf7e92ddbd6,0.5166406159381034,0.19394195574792872,0.15318619200968203,0.1362312363042859,0,0
eb17643599fd,0.45787371849581643,0.158349020616109,0.19346321199195293,0.19031404889612175,0,4
eb1e40c40c88,0.22338679454228033,0.43316959203137834,0.18570985449670946,0.15773375892963196,3,0
eb25647982fe,0.19000498950225578,0.3847477594836819,0.2624407420019299,0.16280650901213245,1,0
eb28eda6261a,0.48384224312073537,0.21924831141400222,0.24726407564354672,0.04964536982171563,0,4
eb30f3452fc6,0.6209203197404738,0.07656137396616566,0.2857293546777765,0.016788951615584087,3,3
eb3e488b900d,0.58058977779514,0.1485363159368402,0.14087360007454564,0.13000030619347427,0,0
eb3f608c965d,0.07188902480167124,0.62946085477612,0.2134523622225555,0.08519775819965329,1,4
eb41a8fdece4,0.22033945718842804,0.16588082510413138,0.5869159371697045,0.026863780537736054,0,0
eb4f7a7c46c7,0.4338875110621792,0.2673769481685189,0.23800112966284032,0.060734411106461585,0,3
eb5090e6fdc2,0.17357356107371016,0.5832418553631276,0.20095892359348191,0.04222565996968046,1,4
eb6c62925d9c,0.709082542197687,0.11643596620081426,0.15933952636067705,0.015141965240821634,0,2
eb76ebad1c23,0.15215671916477175,0.4871103989536202,0.2616117801775703,0.0991211017040379,1,0
eb8b05df8563,0.15540910588321483,0.142982596530893,0.5856913925525484,0.11591690503334368,0,0
eb9dc561833d,0.4309354121403717,0.28181642902500015,0.10009153262540339,0.18715662620922469,1,0
eba05ee2d7da,0.3037960582319682,0.4016441721988163,0.23527645496020924,0.05928331460900613,1,4
ebb0b75bd4de,0.03278876882181758,0.8094185547783349,0.14469632432839635,0.013096352071451108,1,4
ebbd78acb0e0,0.1772009255106741,0.29156403464316083,0.06354958414570451,0.46768545570046066,1,4
ebd126be46e8,0.37325830576478214,0.21362478168298082,0.20568177352808228,0.20743513902415475,0,4
ebf4d14f8094,0.1948105035818831,0.22952973428391543,0.5162098950419176,0.05944986709228392,1,1
ec14ca35f6d8,0.08700452432133357,0.19589119106961683,0.12359862285125939,0.5935056617577903,1,4
ec2491ff28f2,0.12316379074581946,0.3442164286494516,0.18005376205377546,0.3525660185509535,2,4
ec43b49013d3,0.2027959121343164,0.31443672807640854,0.34733113749655314,0.1354362222927218,1,1
ec459b9efc52,0.2212853799175481,0.6335051850871264,0.12402822233794633,0.021181212657379173,0,2
ec60a9077385,0.03281263030391663,0.7782975742867819,0.1284108526401019,0.06047894276919953,1,4
ec614c61cdc1,0.5992990292227921,0.22127047692073687,0.173799106465847,0.005631387390623834,3,2
ec69b2c23b7a,0.3316948962198456,0.23729536588584008,0.17724911049296346,0.2537606274013507,0,2
ec6e91420f3a,0.02775356412250891,0.5132892564001019,0.4367142175063167,0.022242961971072495,1,2
ec969fa94baa,0.1665139450530374,0.4394131932262787,0.17654139966912594,0.21753146205155807,2,2
ec99ea1e7890,0.04326024093095468,0.888882735294912,0.05520746117597031,0.012649562598162882,1,4
ecb369802701,0.34581863069762087,0.18487694323970566,0.3859074405433636,0.08339698551930995,2,2
ecb8f4c2606c,0.033235875862665194,0.425706152088612,0.4740402790220323,0.06701769302669057,3,2
ecc8f5b0842b,0.5169078150232652,0.20939570845185057,0.15119910770425407,0.12249736882063017,0,3
eccebc4009a0,0.21458115142144168,0.31713125157091426,0.21717646809170219,0.2511111289159419,1,0
ecd0dea97eef,0.7917508980490783,0.10238970006068199,0.09134002920004834,0.014519372690191379,2,0
ecd883ed5c12,0.15468548776487012,0.60947380087103,0.2218612502761216,0.013979461087978344,1,2
ecdfc29912ee,0.2966523948110555,0.13213125677996554,0.3413766282425748,0.22983972016640414,1,1
ecf019f00e3d,0.6023181035475063,0.25174558055527185,0.07809952381117369,0.06783679208604815,0,3
ed0825c7df20,0.13888583464939097,0.7053925192825802,0.07607592419030246,0.07964572187772638,1,0
ed49428432a7,0.0408933025593881,0.6935098935991345,0.195017373811577,0.07057943002990034,2,0
ed513f058147,0.07555331985787506,0.5944478785647339,0.2968218078248299,0.03317699375256114,1,0
ed5c290105e0,0.5195659829444279,0.31649781769036794,0.13316211016536084,0.03077408919984336,2,1
ed5d94f5100d,0.19379025204748665,0.4113221206462167,0.13794014248918832,0.25694748481710816,2,0
ed6218993ed0,0.31940296126676165,0.36094102483559626,0.1772433782910585,0.14241263560658346,0,0
ed7af0f6cc7f,0.14600500492071733,0.1910345390931492,0.6038645706505927,0.05909588533554072,1,4
ed7cc735db6c,0.1498941688149634,0.4248325595646892,0.3087596248471138,0.11651364677323361,1,2
ed849e809c1c,0.3114532031794949,0.1484952934212945,0.23081486707399576,0.30923663632521486,0,0
ed855d09ffd4,0.28312163269308027,0.38916374092644956,0.2853818944795303,0.04233273190093983,2,1
ed8cc5fd07f1,0.0728927763441932,0.7071177666776092,0.09292400769971706,0.12706544927848057,2,3
ed9792ecb546,0.36091869318269626,0.3043803732262179,0.27881555661796886,0.055885376973116956,1,0
ed9fc7d10eba,0.2043490579760154,0.14655718685962177,0.3621060399321801,0.28698771523218264,1,1
eda00b808607,0.3430089663623283,0.18763498083178526,0.2970574060999942,0.17229864670589223,2,4
edaf69ec10f6,0.07847827504563112,0.15958049159373341,0.502749882280622,0.2591913510800134,0,0
edb5e43491c4,0.23419604167725905,0.3967004996099065,0.34090357373957075,0.028199884973263617,1,2
edd21ee3c460,0.7540790217235601,0.20277075028576136,0.028011458718519188,0.015138769272159458,1,1
edff2028722a,0.3684135799965181,0.30843822205912025,0.12719061311392046,0.19595758483044112,0,1
ee18a08e02d1,0.6310667871362241,0.2627527716643298,0.07050823880935884,0.0356722023900873,2,2
ee22d804e868,0.12740385262082513,0.6083407364876773,0.12313109647807491,0.1411243144134226,3,3
ee4155767b5f,0.2616358255529202,0.1345370460311827,0.5345730220194072,0.06925410639648998,3,2
ee4440d41ee6,0.21920444009894222,0.4888985039514475,0.18046523861721414,0.11143181733239611,3,2
ee59b3ab54f1,0.05355304533457884,0.76633483113277,0.09613483501798298,0.08397728851466829,1,1
ee5af3809557,0.26985756529716837,0.27090665390205954,0.2874796339019718,0.17175614689880025,1,0
ee5ea1ff9f13,0.46092974345895305,0.1613879926731782,0.11415321297485535,0.2635290508930134,0,4
ee5f0438b183,0.2708043031236487,0.3370864638646837,0.3161054375783441,0.07600379543332343,2,1
ee65eee3a327,0.7314219323999885,0.12926666656757763,0.056297443844088225,0.08301395718834573,3,3
ee783fcfed40,0.26070044416116583,0.2888090935732493,0.35433302414674844,0.09615743811883638,0,4
ee8920d4faeb,0.49861952575113044,0.25458074738252506,0.17297082150009865,0.0738289053662457,1,3
ee8c14899dfa,0.10949952986067954,0.41397293618245656,0.22416654299765898,0.25236099095920494,1,1
ee8cf2f50c90,0.21235056142419645,0.346727218630493,0.3212417054081962,0.11968051453711441,1,1
ee946ca9c50d,0.651504210488374,0.10637606282899129,0.20468391592998786,0.0374358107526467,0,1
ee980e0dc7d1,0.15329894107314815,0.11617380799714555,0.18820243966477002,0.5423248112649363,0,0
eea9ab1e6c53,0.49749816279811204,0.3111987926671594,0.131671986678538,0.05963105785619051,0,0
eeab05ccb1a5,0.1367034542910394,0.7297024063958935,0.12240329290219713,0.011190846410870009,0,3
eebaa7b747e2,0.11505609601186237,0.4010547884365324,0.19229616284960893,0.29159295270199626,1,1
eed043f0a603,0.4887029700331388,0.3117384042840429,0.15834662831981727,0.041211997363001025,1,2
eed9b6596e6d,0.22091927747732895,0.5281462095769468,0.20041709372549454,0.05051741922022963,1,4
eee88e3f416d,0.030201888061324796,0.9365424420311304,0.02537824651294777,0.007877423394597061,1,4
eeecfd50b220,0.01850548477523996,0.907704877016649,0.06709217990881924,0.006697458299291703,1,2
eef237fc67b9,0.4856781652383002,0.27436904052918887,0.22547708750926324,0.014475706723247626,1,2
eef6300c5540,0.3098019619091258,0.4654687331215648,0.18894407468378535,0.03578523028552427,2,1
ef2903498dc5,0.7284542702540905,0.09318802736986466,0.12277386443207515,0.055583837943969615,1,0
ef303ca23c79,0.06622246039488472,0.8364541325970831,0.08560333732961797,0.011720069678414205,2,2
ef3e7ae6e700,0.44479580193530194,0.2826805159039764,0.18337277082699222,0.08915091133372949,1,1
ef45370d19a4,0.6374668390179833,0.15693968842512837,0.1584478860644646,0.04714558649242373,0,2
ef45c1184249,0.24674626207135103,0.4983824291263092,0.1814462107431952,0.07342509805914452,2,4
ef6713d49378,0.1312940119295807,0.4125554768976025,0.32282699734758047,0.1333235138252362,2,1
ef8fedf0d644,0.08800605983997446,0.4437012743950335,0.4427754505866551,0.025517215178337167,1,2
ef90d5cec0ec,0.18789487532705806,0.32861679576195835,0.4738206121376244,0.009667716773359158,2,3
ef984f6fa70c,0.5461543363745354,0.34928378267801546,0.056741446801665776,0.04782043414578341,2,4
efb9bc675820,0.6841380112022503,0.11345956347763521,0.13205831089748274,0.07034411442263196,2,1
efd4278840ce,0.06990432738617215,0.6877991861822524,0.13220249923333782,0.11009398719823761,3,4
efefa03de088,0.03972195967069058,0.8095253787043432,0.12172412149841054,0.029028540126555792,2,2
eff72b9f6efe,0.5415064474616441,0.25194605859377633,0.17611446438314424,0.030433029561435284,0,2
efff0a2821eb,0.8401679027909915,0.0960701838216743,0.05492935660932099,0.008832556778013185,1,2
f00a7f15f367,0.2649442887237113,0.21685598117403954,0.13763256399530155,0.3805671661069477,1,1
f00ed1bca2c4,0.041889770164886396,0.8384078722479362,0.07865634351232118,0.041046014074856106,1,0
f0156675755a,0.732006717874081,0.10853520032710168,0.14314567259949995,0.016312409199317285,0,2
f01b33e3ce9d,0.16705455398802327,0.25047469867790884,0.20028292264744005,0.38218782468662793,1,0
f025d675b893,0.15599137073092295,0.36730825612426976,0.22391599222852565,0.2527843809162816,2,4
f028f4a45ccd,0.11380042017872069,0.1791625933498305,0.34631748512842186,0.360719501343027,3,0
f03cec43a0c6,0.015239751923067282,0.6224670428352003,0.34472469851149806,0.01756850673023459,0,2
f04ff90a3dd9,0.28905253361796707,0.11772715567121646,0.3353978334213407,0.2578224772894758,0,4
f0512f3b3a6e,0.17138470957362578,0.2947659342179597,0.5169895963912038,0.016859759817210617,1,2
f05fc3dd7653,0.14426603900102705,0.37154146805753796,0.4060215580021512,0.07817093493928386,2,3
f0637f0d7719,0.3998484262843155,0.456449498757358,0.14074402392207128,0.0029580510362550378,1,2
f07ec852f8c2,0.243279428372395,0.24421787019910077,0.32111700623263056,0.19138569519587367,0,4
f08ec6272e48,0.6995855596147359,0.1406282860827874,0.11311238290377798,0.046673771398698674,0,0
f0a6dc99b78a,0.11268530904053835,0.38280341639336635,0.49454415501241655,0.009967119553678665,1,3
f0a7a52f661c,0.20845204217525243,0.1423577094563193,0.4649492055195628,0.18424104284886536,0,0
f0bee4584261,0.2005824452146521,0.41308561146249495,0.14367445485314959,0.2426574884697033,2,0
f0bfb67c18bc,0.03755271988828041,0.70537257696936,0.23821751329736446,0.018857189844994997,1,2
f0c4dc3b247c,0.11442879059293613,0.16032378402471306,0.48534939251655446,0.23989803286579622,1,1
f0c5e85b5e86,0.031195795216007238,0.8770182045423462,0.0575474950996289,0.034238505142017574,0,3
f0dfde16feec,0.6417562352146172,0.2168051718966605,0.08318597577194678,0.05825261711677554,2,2
f0e023959894,0.01642213474179153,0.8701523755230264,0.10475543097387557,0.008670058761306493,2,1
f0e40c184d36,0.27162441726564224,0.2802430368854089,0.35411346155292467,0.09401908429602425,1,3
f0e99a9fd724,0.40476503416554416,0.38044106574831,0.13219669099004852,0.0825972090960975,1,0
f0f8ccd8b0a0,0.21378643463333236,0.22073721960548423,0.353110991908781,0.21236535385240232,0,0
f1043ac7271b,0.23852218300971573,0.5668392578385409,0.18526637070957455,0.009372188442168777,2,3
f1063f4acf08,0.04503779686479839,0.6095342237311908,0.2187695257547348,0.126658453649276,1,2
f108d58e9f51,0.33526938800851797,0.2402257847980864,0.24247769840989508,0.1820271287835006,2,0
f109811743c5,0.1775607882433533,0.08679017230184385,0.5777274116513899,0.157921627803413,0,0
f10d919f319b,0.613111740332378,0.2614521527585193,0.06983773666501647,0.05559837024408616,1,1
f11ab7648eb2,0.2978990372337227,0.24726148149792754,0.211200358770518,0.2436391224978319,1,4
f1236049dc34,0.021295015724467094,0.7690395320700483,0.20704537163494086,0.0026200805705437437,1,3
f134eb1b9f3e,0.3025809824826176,0.22846516750500728,0.2533568907028848,0.21559695930949033,0,0
f13c5fb56a73,0.2326425809459249,0.40478715831464523,0.13866222979735976,0.22390803094207012,1,0
f14cc84c4e69,0.22383475640903003,0.2104589397570544,0.4142611770309024,0.1514451268030132,2,0
f15583c5d579,0.40766179409662295,0.3017875919293703,0.23642228647280605,0.054128327501200585,1,2
f17037e3c5a5,0.10349052219781407,0.3024701524541056,0.518917544427961,0.07512178092011931,1,1
f171762263b3,0.7963962340912397,0.0955745126359233,0.09347203959508382,0.014557213677752997,0,3
f17665afc4c2,0.11866325480614257,0.563809683501632,0.26166778714345706,0.05585927454876834,0,4
f1788303c669,0.710394646010951,0.11069065535697187,0.14603247199647898,0.03288222663559816,0,1
f17f7d44b959,0.613100365962344,0.08592249110025406,0.0907787654681496,0.21019837746925238,2,4
f18fc8dcef6d,0.38569912518398203,0.1440550697537674,0.2527803401570337,0.21746546490521676,3,4
f1a643119e8d,0.2549035601686755,0.2201655696654882,0.1886880319431944,0.33624283822264195,1,2
f1ab0d2dcd7b,0.10400771304995805,0.3848528674205417,0.4857579869709406,0.025381432558559864,1,0
f1bf16aa4bb7,0.46620656740564187,0.3690978374122942,0.13438151651658153,0.0303140786654826,1,4
f1d8d7ca8477,0.025961323811452428,0.512417910697645,0.0246512826764919,0.4369694828144107,2,2
f1f663bb5ba6,0.6367243922224053,0.29266560314518214,0.06259690382508945,0.008013100807323268,1,2
f20576257dc2,0.6423732246707841,0.17688002507344408,0.11647515532262716,0.06427159493314474,1,4
f206c90d6bf9,0.010610538566263952,0.8638205242459986,0.10316872634581893,0.02240021084191854,1,4
f20d2ff64006,0.23951746243832508,0.20906702294362825,0.26147446761709964,0.28994104700094697,1,3
f20ea4a7e55d,0.17950900028874817,0.5612393684215716,0.12328370671931647,0.13596792457036364,2,2
f21f4dd7e3b5,0.32877500445229296,0.1757809565979077,0.3451223954134684,0.1503216435363309,1,0
f2241ca2d0ff,0.10596982641518113,0.1723716282598547,0.6891375298292999,0.03252101549566425,3,1
f254d359e0ef,0.19672552002958626,0.1333551202045293,0.626382625207807,0.04353673455807746,0,1
f26c50ef1bd0,0.1565260731952595,0.2945359938278238,0.18255630336943657,0.36638162960748016,3,2
f2a899251da3,0.14904306892708377,0.5238446411359091,0.24920525050536782,0.07790703943163935,1,0
f2a9e6e67eda,0.19166658759676322,0.26763942774318816,0.3775998349274297,0.16309414973261888,1,0
f2b77c3c70c5,0.27196793986067536,0.304410162356359,0.28295385725244765,0.1406680405305181,0,4
f2bf2f65fe68,0.4302194368470227,0.19899039495808002,0.2873578477767827,0.08343232041811453,1,0
f2d30ac37f7b,0.056185625278930694,0.7075352912259539,0.22930668413094968,0.0069723993641658865,3,2
f2d5dd65d7d2,0.20952732065223822,0.3037255284028965,0.1158352885531723,0.37091186239169305,2,4
f2d890d8bea3,0.222093437657916,0.29912005486381316,0.2899978787015806,0.1887886287766902,2,4
f2e430c3888c,0.25878808842394785,0.2114503633496137,0.41223195082285147,0.1175295974035871,0,2
f2e5da098e85,0.10173354352330938,0.3367317510660695,0.543754558190623,0.01778014721999799,1,2
f2ee15af6c4d,0.23561643708433958,0.0766639054372348,0.6209830398795092,0.06673661759891647,1,4
f317383c5831,0.5232159232778033,0.2270715001020438,0.146208149168231,0.10350442745192191,2,2
f32dd337bd1a,0.11967078888251007,0.709079992966486,0.15296710828869522,0.01828210986230847,0,4
f333eadeca7f,0.4525758692924396,0.15137853403079532,0.3489620339350411,0.04708356274172387,0,1
f338a2ae96bb,0.46803361025343765,0.18524380261673049,0.16389297742705655,0.1828296097027753,0,0
f36b9bbd21ed,0.40533754457374516,0.18515742680673,0.29024431320922844,0.11926071541029644,2,4
f36bc38a2660,0.009279184258235509,0.8290417773443014,0.1395489474193936,0.022130090978069537,1,3
f36ed95de256,0.4300249800357363,0.20257543464043634,0.18872462587188915,0.1786749594519383,0,1
f371fa5e17ee,0.23787095724136148,0.5665407762658734,0.16073735734342834,0.03485090914933681,1,1
f375191afe2d,0.14723615392715983,0.544541742212126,0.17092812170492255,0.1372939821557915,1,3
f383a0b4d02a,0.5695312382020283,0.3476668598600384,0.04957482164127203,0.033227080296661264,2,3
f3968991ea72,0.024182044582288946,0.8281196531945352,0.1375174962780594,0.01018080594511638,1,1
f39f4119d62b,0.5835405917119985,0.21657069240648189,0.08864575878678427,0.11124295709473538,2,1
f3a123432445,0.4300062844080682,0.29226170523549355,0.25838479731051706,0.0193472130459212,1,1
f3a9bde37ea8,0.7645260433061022,0.10884332492783759,0.07273222614088069,0.05389840562517961,0,3
f3c36d0f9736,0.031025097528236543,0.6900698866870657,0.23703458907795383,0.041870426706744054,0,3
f3cab48d1e7c,0.05803643870596605,0.6984774536089852,0.1543665146715421,0.08911959301350665,1,4
f3d1eeb66284,0.1078011384840381,0.6018597374689796,0.18051945520789595,0.1098196688390864,1,4
f3df81aafa5b,0.026060979131647077,0.9628646884689558,0.008549038707898794,0.0025252936914984363,1,2
f3eb906bdb01,0.3739581571788106,0.3051704157818536,0.24431633526309735,0.07655509177623857,0,4
f400c9a139bb,0.36740311199503417,0.14908724421978753,0.40325610565737957,0.08025353812779862,1,4
f40b5a31d1f4,0.06979474276609389,0.42023703856008887,0.26116469090807737,0.2488035277657398,1,1
f40f145b6d3a,0.02572758851886106,0.9017785995831379,0.06507913211097287,0.007414679787028142,1,4
f41d7c33e0fb,0.14756762039597368,0.29602638477508736,0.4584129637096772,0.09799303111926173,1,3
f42ff739afee,0.0723651468041981,0.8559885545105725,0.04565754225834436,0.025988756426885005,2,4
f44b14970f3a,0.45496052183391555,0.3142696716238928,0.15936777651824383,0.07140203002394772,0,1
f45612bd7e0b,0.031356875482689464,0.4144932644599247,0.5485963858718149,0.005553474185571024,2,2
f457ac57e4f6,0.07287290124450167,0.8082024660134192,0.10556253166393974,0.013362101078139456,1,2
f46cb3c9593d,0.7189814540762565,0.12544094657151433,0.1130882953642753,0.04248930398795401,0,0
f472abdca5e0,0.13010519758007938,0.5640060001210558,0.2708849599760818,0.03500384232278301,1,4
f4833c3311e2,0.27805713846892555,0.5553003892208145,0.1067193444194433,0.059923127890816746,1,0
f49511663558,0.045190429420792794,0.8457088571033334,0.0754106537370377,0.03369005973883611,1,1
f49a276f76f2,0.06041630299606696,0.665593467704359,0.24870018615378817,0.025290043145785958,1,1
f4a638dc3304,0.09132996285938072,0.45510777857341717,0.4000308778656658,0.05353138070153632,3,1
f4b2c6d0edca,0.664301735242144,0.10378521775858014,0.10976901208931886,0.12214403490995701,1,1
f4c4177e4ca9,0.3807004785473187,0.2910427697199883,0.25691880656911364,0.07133794516357927,2,1
f4e21bf210a3,0.21845528672126463,0.3737307085804515,0.3365541902346519,0.07125981446363192,1,2
f4ef01a6e0f1,0.31942902259743394,0.2498218047389427,0.38403422657563246,0.04671494608799084,3,2
f4f08a1bbea9,0.03339354179503922,0.8266710167067062,0.0743252046446128,0.06561023685364169,1,3
f4f5bbdf7a00,0.7914079339999918,0.11660467653551768,0.07319184361557261,0.018795545848917863,1,1
f518654dc20e,0.1423850685114242,0.7344970518939596,0.09261729986281764,0.030500579731798535,1,0
f5239c4023a0,0.39037803936147664,0.23224360914417957,0.34082180392696615,0.036556547567377716,1,0
f5293dfeedda,0.8222244316989947,0.10872234824506984,0.04097743376654288,0.028075786289392637,1,2
f556a329c873,0.2745283297710672,0.13845492649920246,0.5339056638221461,0.053111079907584235,2,0
f55866b3c793,0.16109716334055263,0.4950800131916963,0.2319164768405781,0.11190634662717291,1,0
f5658ffaf0d3,0.14299843225478406,0.5878407120023753,0.2270017640699834,0.042159091672857224,1,3
f56638b54fa1,0.4036552408803518,0.2766332928498259,0.29850562325861196,0.021205843011210243,1,0
f58cb6670e91,0.3981389768841106,0.2583902508647188,0.2854185000819686,0.05805227216920204,0,0
f5a635890da2,0.29919604114066856,0.2311293901540444,0.35758787035708284,0.1120866983482043,3,2
f5a76ea09507,0.08687590392791125,0.3383464162341567,0.21269075336384866,0.36208692647408336,1,3
f5b4675f5f11,0.02721532354018116,0.8969972819096752,0.06805781479162341,0.007729579758520054,1,3
f5babfb67083,0.18153323542301855,0.5608119443556997,0.23172039692391977,0.02593442329736208,1,1
f5c94b5db0cd,0.19128418353207782,0.232983973790638,0.34915396325851844,0.2265778794187657,1,1
f5cd2d815be9,0.09673031529940888,0.574681938721418,0.2753574697879294,0.05323027619124356,1,2
f5d1abcf5693,0.3387653233437163,0.14061445872116957,0.45506294515979595,0.06555727277531836,1,4
f5d2f5175421,0.18879701126220563,0.27598714149034675,0.5165262236586006,0.018689623588847022,1,0
f5f8f43fece0,0.2253356647410875,0.232098341562236,0.4565481384849314,0.08601785521174525,2,1
f5fd72a88ab9,0.3720402680692114,0.5286235908379165,0.08362532482496082,0.015710816267911088,3,2
f604af7af626,0.10724685160537575,0.5293970284423553,0.3040914406502458,0.05926467930202312,1,4
f6286092ca27,0.2738132537984486,0.576223186713356,0.08161255397335389,0.06835100551484141,1,4
f632b46fa980,0.027384237904182606,0.8118683745306686,0.07935120058255872,0.08139618698258998,1,3
f64c3d12ddd7,0.1357150527921382,0.33152975141334473,0.47379831717364496,0.058956878620872254,1,1
f65a185b5aaa,0.6299322736664009,0.1351781246891983,0.14890076316112988,0.08598883848327087,1,2
f65b67d0fae5,0.5965493728750214,0.21004432719785598,0.1829002442211377,0.010506055705984806,2,0
f674b3cf60f7,0.21071631341922492,0.539074830133806,0.21330528747114716,0.03690356897582197,1,0
f689f3fba17a,0.5593700305459719,0.28385875004905037,0.12210258871342228,0.0346686306915555,1,3
f6c14c65ff4f,0.10768889375682676,0.7948532610839302,0.07383108484425818,0.023626760314985104,3,0
f6e480fe97af,0.08963445585867347,0.585434559223621,0.254793018251276,0.07013796666642945,1,3
f6ee6d94f030,0.16286289541815016,0.6001411351996573,0.18457066727558116,0.05242530210661145,1,3
f6ffe212deeb,0.01590857919827462,0.2823270141689244,0.409870307004932,0.29189409962786883,0,3
f7087535a63a,0.015869922876285445,0.9210062245135388,0.0582779722443903,0.004845880365785343,3,4
f73ff8c2182d,0.2680361387928981,0.18171512822501484,0.538933729474476,0.011315003507611037,0,2
f744da386f96,0.11772014617844626,0.566764062317991,0.285164971596485,0.030350819907077616,1,0
f747a0ab20b3,0.06226515083707986,0.7028677807518217,0.20623691213706372,0.028630156274034813,2,3
f74f0c0db300,0.10697031180367145,0.7861701456761914,0.09830940154228104,0.00855014097785604,2,0
f75774536369,0.48755483581319015,0.3762648976220271,0.10540964254716201,0.03077062401762076,1,1
f76c899a8e19,0.08522552815831703,0.6688623309119914,0.22182015990566178,0.024091981024029603,1,2
f779ee1077cb,0.13607970937713776,0.4326367352415125,0.2877017592092715,0.14358179617207817,1,0
f7859a6e1ae1,0.06670965100882878,0.716179739597177,0.05038292348134426,0.16672768591264994,0,3
f7974b5d939e,0.18126709935167856,0.38907920897245823,0.3360016198262448,0.09365207184961834,2,4
f7a24c01093c,0.254291351874921,0.1769444699876393,0.5255005117573123,0.04326366638012744,0,1
f7ae051fa2f4,0.12499548210021771,0.7501863752258895,0.0960974252534746,0.028720717420418294,1,1
f7baa94b8333,0.09321203935367929,0.6258337168022581,0.20851776181305284,0.07243648203100977,1,1
f7bef9f1161a,0.05343168225116089,0.738812354038418,0.07572701845273686,0.13202894525768422,2,0
f7c01c47e966,0.33051975974065295,0.1888037840592529,0.45377892646027607,0.02689752973981811,0,3
f7d8873478ac,0.0761890806211228,0.34276889417013073,0.5009559473956037,0.08008607781314282,0,1
f7e60ddc0f80,0.34870310180426356,0.22945904347802945,0.35146233789301945,0.07037551682468753,0,3
f80048310b29,0.9251961868587973,0.035102050507762404,0.03557418627202161,0.00412757636141881,2,2
f8038bf5a049,0.6335045702389321,0.1802135133473598,0.08479633966318685,0.10148557675052115,0,3
f807cd855d31,0.6102769523131499,0.18090101058623786,0.12401674406060009,0.08480529304001214,3,1
f83b4b1d4a28,0.7896776218870275,0.08320701789127131,0.09933315033435157,0.027782209887349682,1,0
f83e25510eb9,0.22632079612491582,0.24393975761638786,0.1958274955450073,0.33391195071368895,1,2
f8483372c4ff,0.7650387879959012,0.0933256771024446,0.12427812027285137,0.017357414628802657,0,3
f84e46c75e24,0.31296967457651875,0.058080152095172394,0.19355617720753324,0.4353939961207755,2,3
f8567c73e039,0.16259600551497355,0.4750006264243261,0.27990406131857615,0.08249930674212407,1,4
f865b83af346,0.19806776488305675,0.48982699840507843,0.25143451879525336,0.060670717916611355,1,2
f86b1c64bf80,0.362331990174733,0.41348669182920916,0.09326783784742199,0.13091348014863588,0,2
f871e115903e,0.8627499433108747,0.041321321860068455,0.043572986123538056,0.05235574870551868,3,3
f87baaa34bec,0.12154713464186583,0.4601065686163654,0.213418009441299,0.20492828730046986,3,1
f8a3d75d02bc,0.6975046217339799,0.1639821346870088,0.12377978049199535,0.014733463087016063,0,2
f8aea676f0a6,0.33876280637140405,0.24187924154920282,0.19275757589758008,0.22660037618181308,1,0
f8bdffa59cc1,0.13423639661125336,0.3937901125563842,0.341764664143138,0.13020882668922434,1,1
f8c006d79bd7,0.12647567092545708,0.29861250121017247,0.4635906927804725,0.11132113508389806,1,0
f8c0c4c6a036,0.19332622593146595,0.2379194586591415,0.5095313567217504,0.05922295868764213,2,1
f8c0c6d203ad,0.19579187568341677,0.4320406121563461,0.34409273770054116,0.028074774459695865,0,2
f8d8e382f2e6,0.099192476401914,0.4609394309223087,0.39099552505997526,0.04887256761580194,1,2
f938e8a612a8,0.7724750726095548,0.05176431587815769,0.1652349061192445,0.010525705393042907,2,1
f947db14b9ee,0.1804503595691534,0.5988047833527028,0.1596796419213514,0.0610652151567924,1,4
f95e25cb4206,0.6142940614433814,0.1272349128370483,0.19070928322015118,0.06776174249941909,0,4
f975ce4319f4,0.3420257742696923,0.3438778993910741,0.2173312512890338,0.0967650750501997,1,0
f98438a1cf12,0.17442791360604848,0.417925484424052,0.2926561082219296,0.11499049374796984,1,4
f99cfe0bbe0c,0.24198937211518895,0.31822265493045904,0.28938230537264364,0.15040566758170837,2,1
f9ad24c6c692,0.20435614874567642,0.19453104283315367,0.34434497570772277,0.2567678327134471,0,0
f9b47fe9bcb5,0.10074065259685243,0.5779307642048717,0.17566089149844039,0.14566769169983548,1,1
f9b6922fda66,0.3573443353688458,0.5307063938058644,0.10343498385212734,0.008514286973162385,1,3
f9cc68d54cb4,0.018624212852529593,0.8869307213115977,0.08038120491109198,0.01406386092478071,0,3
f9d95dc20962,0.27330343226815845,0.2543425883620171,0.20064452004696456,0.27170945932285995,1,4
f9e4fc65f2ea,0.31279139743710205,0.4369544480701805,0.2329462271821589,0.017307927310558604,0,3
f9f022de357f,0.10941661744858752,0.35457069124929086,0.33126768903254006,0.20474500226958156,1,0
fa146053ba25,0.325990150818135,0.16955343875836487,0.20500107857075062,0.29945533185274953,0,0
fa1c23bc4d54,0.04546650303465396,0.5786956899157939,0.2657211628650231,0.11011664418452909,1,4
fa27a6b3551a,0.8235079853511996,0.12715445812021292,0.03497711780219956,0.01436043872638794,0,4
fa2e157f2acc,0.1331160974776396,0.34181494866293316,0.2703830597190286,0.25468589414039866,3,0
fa41c6bf6cd3,0.20073604279391244,0.5951119573043001,0.14932496968317927,0.05482703021860811,2,1
fa57c8fc7906,0.5162161287097863,0.23750333124806514,0.1900235090594426,0.05625703098270595,0,4
fa58b6e83e6c,0.22106297044797268,0.2991999156009527,0.24280520978573827,0.2369319041653362,2,4
fa6d3b56e333,0.10800181946960018,0.5170942523647786,0.26375258174780253,0.11115134641781864,1,3
fa749cb9895e,0.01715839022713086,0.9397845498023915,0.029054700903579738,0.014002359066897984,3,3
fa79b1765773,0.2949068609493776,0.36950837296639527,0.2569926098884827,0.07859215619574425,1,4
fa8a5228f38b,0.5061258924674348,0.19777495870965492,0.19391854032434647,0.10218060849856396,0,0
fa8e92ee028e,0.6148640228300774,0.23400562410303505,0.09664616538734258,0.05448418767954497,2,2
fa9766f49a25,0.23757481006780198,0.5068871607680014,0.16518609428839415,0.09035193487580245,2,4
fa9ea207e240,0.015006413610225207,0.7739720091133316,0.1675755515055488,0.04344602577089438,1,3
faa6a62e025c,0.045767604457236634,0.6971833574673157,0.19013048654731657,0.0669185515281311,0,3
faaf89353e32,0.6401596838436018,0.21569817921494175,0.10886447368856955,0.03527766325288706,2,1
fab641b3ce7c,0.10368685091134205,0.48370796709265734,0.21739379104731218,0.19521139094868828,3,0
fabeecea5a9f,0.26637163847488887,0.06474194342132233,0.5518789643860836,0.11700745371770516,2,1
fae06a05819a,0.07454607135302885,0.4460801905787672,0.4288058064699464,0.05056793159825768,1,0
fae99afb074d,0.12455226669203655,0.31887740707731094,0.4767358868772315,0.07983443935342109,1,1
fb18563e2a98,0.5361789844474691,0.1493550395393201,0.12209763520033427,0.1923683408128764,2,3
fb24a702b87b,0.2547991474867517,0.26184146365858685,0.22356838664517847,0.2597910022094829,1,4
fb255b926b51,0.18275483242855664,0.46779083200960075,0.3100737697332234,0.039380565828619145,1,1
fb2654cffc9e,0.42643333974356523,0.223161822953976,0.18175460088748524,0.16865023641497348,0,0
fb4399c644e0,0.07942496129091017,0.7759508797464125,0.112706896217295,0.03191726274538221,1,2
fb47f989bbcb,0.2226825911908437,0.4153106999940707,0.14688959501780033,0.2151171137972852,1,0
fb4ddcf7f9d6,0.07804432221218507,0.476451861206731,0.3129743980885403,0.13252941849254352,1,1
fb5044f382e3,0.40896552462836805,0.1972125771346346,0.15882168739082422,0.23500021084617312,0,4
fb5a3285aaa8,0.10887497207484712,0.21496832835540522,0.5317276856676658,0.14442901390208185,1,4
fb6a47691101,0.28690664840472585,0.5558667137395996,0.09314347949722147,0.06408315835845313,1,3
fb6b862b6145,0.4119171624268511,0.18757069747369548,0.3205782005942108,0.0799339395052426,0,3
fb8430889b41,0.1445344708414481,0.3590274853336384,0.38824146563538176,0.10819657818953171,1,3
fb8c469d8dfa,0.21469106226818155,0.39905699754980634,0.15175058101730232,0.23450135916470985,1,1
fb913c5f28a1,0.2198178141578842,0.5235179866604596,0.19861463680394692,0.05804956237770926,2,1
fba292caa45e,0.10905383653544777,0.8447360996967994,0.035896314741900845,0.010313749025852005,1,3
fbcb95b52844,0.5347955144770102,0.14760178726941153,0.11658931572636831,0.2010133825272099,0,4
fbe9974ec5b3,0.10980491830585379,0.5254647486322369,0.3118170487066309,0.05291328435527846,1,3
fc01bbfefaee,0.08342817702564007,0.21523667446486522,0.44508190716112433,0.25625324134837046,0,1
fc1a3a2c2e77,0.43756738096752495,0.374072920485871,0.14084971013267963,0.04750998841392429,0,3
fc3caa4d9eec,0.3965861632731534,0.33739909763102377,0.08787031059770478,0.17814442849811798,0,2
fc42a9c84eb5,0.02893724042063259,0.754593968398375,0.14107710225740916,0.07539168892358308,1,3
fc63422eca1c,0.9104398127040052,0.025895222194710306,0.03121508521981226,0.03244987988147214,0,4
fc6b2aa453eb,0.2589523833879573,0.2088466606622031,0.3184366505359685,0.21376430541387112,2,4
fc76d65f316a,0.04962210360885633,0.37318796417721856,0.5011529699567233,0.07603696225720186,1,2
fc7b87a31179,0.049746094793961394,0.7043071568617328,0.23038227701589334,0.015564471328412436,0,3
fc96b65aa265,0.3013610863168909,0.25530227716911374,0.30013019126878254,0.14320644524521292,0,1
fc9a57e4f583,0.36112524855649897,0.26641175070812906,0.23317683443151965,0.1392861663038525,1,0
fcaa54dda5f3,0.10042182384299149,0.7231466826277876,0.15210516084089773,0.024326332688323217,2,0
fcb2e43ec0fb,0.09805248132357385,0.31665522839922405,0.132170118112733,0.4531221721644691,1,2
fcb3ecf7568a,0.09454738129271412,0.03309049360564471,0.14845655192788781,0.7239055731737534,1,3
fcbe8b4eed91,0.754796196320484,0.09317801215793649,0.07062604719843878,0.08139974432314082,2,1
fcda620cd4ab,0.12231793663565274,0.44455761333144167,0.36139671536058066,0.071727734672325,2,0
fcf51aeb5fab,0.1834943147807319,0.4172100676532059,0.2497337176141479,0.14956189995191424,3,4
fcfef81a42ba,0.15018812362365846,0.24722409966290315,0.5330440801534163,0.06954369656002207,2,1
fd0cd3ed85bd,0.2836875895884461,0.43844132050539075,0.1548539145048047,0.12301717540135843,1,0
fd2947c154c2,0.9656138625355652,0.020954470585131547,0.012529296281298003,0.0009023705980052537,0,2
fd2acdca6a22,0.29746232385955207,0.20791428880257448,0.23010881981909714,0.2645145675187762,0,1
fd33d1e13711,0.32434600075193387,0.15798809791541116,0.48508224813046036,0.03258365320219444,0,2
fd34648eeaca,0.4020566277954385,0.28703459189773756,0.2237065047948844,0.08720227551193958,0,4
fd62a2e871fb,0.08321028684861062,0.709293156515627,0.14747000640999514,0.06002655022576727,1,2
fd657558f339,0.06699900728410407,0.7404585055148384,0.10283806670192866,0.08970442049912877,3,3
fd712fae87c0,0.4366120874055901,0.3079074707829259,0.1201199634480661,0.13536047836341783,1,4
fd8c61575a7d,0.5453203348615538,0.2867075163234835,0.08730253379296153,0.08066961502200096,1,0
fd8f50efba72,0.18065756128991947,0.22128774611777774,0.515808621824205,0.08224607076809781,1,0
fd90f27b813a,0.28918211566600416,0.27200359698839494,0.2861678191984067,0.1526464681471943,0,1
fd92c6f2b2e6,0.35502151405980426,0.35320784544365785,0.2799431917407524,0.011827448755785435,0,3
fd9bc8ec9c4b,0.028991489067805683,0.45338056115642766,0.4844884312981491,0.03313951847761757,1,2
fd9d8a24f167,0.7713282871136211,0.09005214145875576,0.09891000409257782,0.03970956733504524,0,1
fda24ef37907,0.010880999889133573,0.942294316731858,0.037003991208873675,0.009820692170134655,1,2
fda2cd74ad14,0.4679999121880309,0.29273102981098176,0.15320661236071786,0.08606244564026952,1,4
fdb3f0146f58,0.042431249507201625,0.6869014592552616,0.20125204055479684,0.06941525068273993,2,4
fdb830b6745f,0.04700696759086164,0.11436700051586024,0.35490924473053087,0.48371678716274713,0,0
fdbf84b3fd88,0.4885287126196166,0.3921543948186539,0.10180055465754653,0.017516337904182815,1,1
fdc5e14139d7,0.19554765480764155,0.5275509188766012,0.2400476854334556,0.03685374088230162,1,0
fdcc6f504d49,0.09852072463915751,0.5227696952987074,0.22624131731525862,0.15246826274687655,1,1
fde8d14e4c31,0.390720397865704,0.2642504597560034,0.171070299077708,0.17395884330058453,3,4
fdf9cb6b052d,0.08167659070905468,0.8575581263218408,0.04019369863195429,0.020571584337150388,1,2
fdfd07901483,0.658286625907328,0.09210493091855781,0.20637205375320086,0.043236389420913346,0,0
fe0b9c37645b,0.27924579190377324,0.23885873648536626,0.30105167840386676,0.18084379320699367,3,0
fe0be2315bf0,0.16145907740986187,0.3806142626098681,0.15227348499420829,0.3056531749860618,0,4
fe139f2b6429,0.09306378653759244,0.66246635413116,0.17501819803389854,0.06945166129734896,3,2
fe1d8ff109c1,0.27255839397875364,0.6314994279012028,0.06105374527695546,0.034888432843088166,0,2
fe4db0232dad,0.13376721400200195,0.4182760244554611,0.3020976818676111,0.14585907967492584,0,2
fe6b58e8499f,0.13996933118430888,0.627540561602506,0.22324255802941154,0.009247549183773575,2,2
fe6b9118cf57,0.1062174827020078,0.4171413205662996,0.17986929107897132,0.2967719056527212,1,3
fe7b14312526,0.2519354292850558,0.34526914211019016,0.3131965743265244,0.08959885427822956,1,1
fecb27d2edca,0.6935237005897674,0.11500853797550195,0.17600315943634903,0.015464601998381615,0,1
fecddac318f7,0.35042077739678773,0.43503411183319773,0.17542867505071766,0.039116435719296995,0,3
fee1b3d702a5,0.46768167750140227,0.1989580981799348,0.32117223684663704,0.01218798747202576,0,1
fefbd0c403c1,0.1090807683029262,0.6962675069605552,0.16589785462472598,0.02875387011179254,2,3
feffa20fac13,0.700521110821851,0.11661342387892393,0.14099430112082278,0.04187116417840224,2,3
ff0879eb20ed,0.5154126403069694,0.1311388904888957,0.12616237837335353,0.22728609083078122,0,4
ff0bf9cae3b3,0.6198720687593574,0.22220504075715528,0.13789778192759003,0.020025108555897328,1,2
ff19b8e99b4b,0.6243516926330054,0.24547386491901632,0.1057804221768966,0.02439402027108162,0,2
ff3bc8d91f5b,0.09372111170441547,0.869751948709961,0.031057960795464,0.005468978790159516,1,3
ff3e6f379834,0.23057688750976058,0.22901957489974717,0.11218644880325673,0.42821708878723563,1,4
ff3fc3faf1ca,0.3091557351076895,0.588928635866132,0.09752208377773322,0.0043935452484453056,2,2
ff4c1c2444fa,0.6951621946528953,0.07789254458443642,0.18058690194220633,0.04635835882046193,2,0
ff4d28f1b11e,0.31306776589449026,0.4709061781715985,0.12069930818164319,0.09532674775226806,1,0
ff5948fb8ea9,0.03886933670926808,0.32520433353200856,0.5653273869624501,0.07059894279627321,1,1
ff631db5f6d4,0.27592884482735863,0.4842098121626187,0.19270994837802116,0.047151394632001485,2,0
ff7ffd9c6c80,0.8348863942292107,0.06424396949567765,0.05712735748422614,0.04374227879088566,0,4
ff8c65c0cb53,0.2210435201566096,0.18356540232988566,0.16699071626156767,0.428400361251937,3,4
ff9f78aa56a3,0.22691046991874272,0.31886950605370723,0.19810024261806183,0.2561197814094882,0,1
ffa332785df4,0.1253015817944468,0.6472445058969664,0.17976423641326686,0.04768967589531985,1,0
ffc3fa3a1911,0.5669840386884729,0.25112517634345316,0.12318254858537184,0.05870823638270215,3,4
ffc6679e82d6,0.08932332793889754,0.1288743812039469,0.7593321252589532,0.022470165598202405,1,2
ffe4d6e8fbb0,0.15730724804125445,0.3676146533479885,0.4381793088194359,0.03689878979132121,1,2
ffebf1ef4a9c,0.8540343462080532,0.05317749681334109,0.05552683811573804,0.03726131886286775,1,3
