study_id,p0,p1,p2,p3,label,cv_fold
00086460a852,0.042107895646124764,0.7176224703010184,0.15458893459038928,0.08568069946246747,1,3
000c9c05fd14,0.20538480162923897,0.459664287218476,0.21450492458397097,0.12044598656831426,3,1
00792b5c8852,0.18063547377512565,0.5292801069273669,0.22416249506803557,0.06592192422947195,0,1
00908ffd2d08,0.32884033814522645,0.39426676180343045,0.15316539244634092,0.12372750760500185,0,0
009bc005edaa,0.2784611625642784,0.4585729786017574,0.1747849203046285,0.08818093852933585,2,2
00a76543ed93,0.17549105312064148,0.5399224529435486,0.20470592244744704,0.07988057148836317,2,0
00a87235ca36,0.11878167279248067,0.6317419192860266,0.1757035500789428,0.07377285784254989,1,4
00b33b3eb8d9,0.09650256134957436,0.6020045854225193,0.21987905256355816,0.08161380066434788,1,3
00c241c3fc0d,0.17094616605407295,0.5708018113220215,0.1789449937842716,0.07930702883963432,0,3
00c83e33588f,0.304121212321051,0.4596722089297178,0.15209269642011408,0.08411388232911698,2,4
00ccd633fb0e,0.284167339598653,0.4341572775980632,0.19760174984125112,0.08407363296203246,0,3
00e936c58da6,0.44460120511137813,0.34997918507133857,0.11192374466693118,0.09349586515035234,0,3
00fceac64e6a,0.3348988282081357,0.42685940074528417,0.1776031437031011,0.06063862734347881,2,1
00febcfee50b,0.2902090786867317,0.3941555603035665,0.20283106088060782,0.11280430012909394,0,0
01206a422293,0.3078765402599177,0.39300330469880945,0.19879943712989548,0.10032071791137719,1,0
012229ebd9b3,0.48586220603541125,0.27915230002565716,0.15557933707637617,0.07940615686255516,0,3
013d698aeecb,0.44936983760308374,0.3057296081655289,0.15374781576511076,0.09115273846627663,0,0
0142feaef82f,0.09781341770025397,0.6085210322320832,0.2410439077950241,0.05262164227263852,2,0
0147e3c530f2,0.33473028343708994,0.37123357601928386,0.19083429420602044,0.10320184633760536,2,1
01494b9b4423,0.33704465434215447,0.43128674194933636,0.14989344803979326,0.08177515566871586,2,3
015707c0e73f,0.3711393078528981,0.3213414894006357,0.2198582874613898,0.0876609152850762,1,4
0159c2d40b52,0.07180310270659405,0.6785378386067611,0.1592338336291362,0.0904252250575081,1,3
016c1781fbb2,0.17777329115596407,0.4120255959934606,0.24861982855565612,0.1615812842949192,0,0
0172a5607c9d,0.2791597821261062,0.428424254050517,0.2145762061864487,0.07783975763692803,1,0
018c5ec34722,0.1195935653579672,0.594260625116352,0.21313969065037638,0.07300611887530434,2,0
018c96c9aeff,0.09377393401167776,0.6007267758978958,0.21114662201718853,0.09435266807323803,2,2
018cfcc1e851,0.15355319241795515,0.5955993820242187,0.1731712537586947,0.0776761717991315,2,3
01934dbaf28b,0.4197137125004026,0.3234843653256107,0.19232071914414106,0.06448120302984552,0,0
019960c57d32,0.4200709134032783,0.28804513622787886,0.17356536548257026,0.1183185848862726,1,1
019aef94b388,0.4821905689954574,0.2847087918808173,0.14388741407708924,0.08921322504663613,0,0
01c6c27b82a4,0.14599222753445398,0.5483998459767299,0.224426099789927,0.0811818266988892,0,3
01c8e624037b,0.5555847926017119,0.2389158000202849,0.14411807186601971,0.061381335511983555,3,1
01ce54f82d94,0.5674182102188574,0.24472182112535434,0.11695243711484887,0.07090753154093973,0,2
01e030757f57,0.15582415113449943,0.6587173593280498,0.12863821451555513,0.056820275021896,1,3
01e19055f756,0.40116287023966474,0.29028073207433813,0.20543022434637997,0.10312617333961693,2,1
01e830e3a965,0.2826837605346653,0.3837802481624817,0.21182165049119772,0.12171434081165508,0,2
01f104b42afd,0.18424916014765433,0.6060549904101371,0.1549514570443417,0.05474439239786678,0,1
01fc72cc1f1a,0.2356113419758795,0.5217458914194577,0.19654320793252253,0.04609955867214002,1,1
0207ea0aaf24,0.11176579677674063,0.6011604926288211,0.20123741022794783,0.08583630036649041,1,1
0212c908aa20,0.36771048184430627,0.36649281962139807,0.14893059551079776,0.11686610302349787,0,3
0213594439b0,0.19053667570926558,0.5742595396775535,0.1725319201245073,0.06267186448867355,1,1
021986b21570,0.0853634957671152,0.5395393928999718,0.2323849243383424,0.14271218699457,1,1
021a7bd50924,0.19777824829375823,0.5584773560422787,0.16385213073932603,0.07989226492463704,1,2
022f9b3cfd91,0.248786853187159,0.4669483316266438,0.23187192783454122,0.05239288735165605,1,0
02401e15e783,0.12222977568226603,0.5906345913253952,0.20560177280555506,0.08153386018678334,1,0
0287079f5a1a,0.5000153367264673,0.30009679413175666,0.1334500608127647,0.06643780832901135,0,1
028b79a357d6,0.11459319039553509,0.6365038572132543,0.17494877881085485,0.07395417358035604,2,4
02a0fd4d10d6,0.31661852892007303,0.43281208358870854,0.18744940506504604,0.06311998242617241,1,2
02accd5bab1f,0.3853741248319574,0.42691675142299124,0.12175798890309526,0.06595113484195642,0,3
02be71f8212c,0.13190692777765164,0.6361803129300323,0.1671199870910114,0.06479277220130467,3,3
02bfa5949092,0.43957288829890573,0.27421792978770065,0.16598571602196827,0.12022346589142549,0,0
02e31620e4e7,0.3494114594616435,0.41326261050351903,0.17791498495663735,0.059410945078200196,1,2
02e6db1dccd4,0.08847739322926675,0.6636477482972175,0.17941840341385715,0.06845645505965899,1,2
03169bde8e0e,0.10929665358973464,0.6449802626686074,0.17943096780389925,0.06629211593775847,0,2
03295f6c7460,0.2655306475182637,0.40823031316067926,0.2232941530909191,0.10294488623013795,1,0
032c262f65c0,0.6092786201763256,0.16723678984083334,0.15262213642820457,0.07086245355463672,0,2
032d9cc1e0ef,0.14285788681610964,0.5421795144341162,0.2309711490095393,0.08399144974023492,1,0
03461d2a218f,0.45977343038283713,0.32675353199345447,0.11860538030824103,0.09486765731546766,1,1
035c61ec21cb,0.42624664972689597,0.27003950724754394,0.22220818432164438,0.08150565870391559,0,0
0369e0385796,0.1878753829125405,0.5685561826739571,0.18802456596272027,0.055543868450782026,1,1
038124609f4c,0.3389242202663089,0.40867227716694426,0.16488596653336593,0.08751753603338108,0,4
038891a2ca57,0.14268667029287052,0.6232889909263014,0.16175181040911318,0.07227252837171481,2,4
03920c119b2b,0.13376700933797903,0.6209043668201353,0.1846694947043403,0.0606591291375456,0,0
03a549fc0402,0.13400832722068198,0.591072175044498,0.21419237648000178,0.06072712125481824,2,1
03c62bc287b6,0.532158160262313,0.24029061455867257,0.15207578656383003,0.07547543861518438,3,2
03c8c9fe62ba,0.6067339694139369,0.1733410313679895,0.11988412886384105,0.10004087035423247,0,1
03c94694e41e,0.1569548500740703,0.51899796277305,0.21637230435044807,0.10767488280243127,0,2
03db5dc7f1a2,0.4655381766587893,0.2990952350783286,0.15660121391269363,0.07876537435018847,1,0
03e9959341af,0.42146095963717967,0.32060595465438946,0.1894010003021223,0.06853208540630862,0,2
03f7a5f8d8ea,0.20330236342753372,0.5057933404872003,0.20539721500904057,0.08550708107622572,1,0
0412ac22af28,0.16064360704318706,0.5845535170007131,0.19610019776780527,0.05870267818829426,2,0
0428b590379a,0.1226138883548727,0.5760854032463576,0.20920225980174362,0.09209844859702573,0,4
0444a957bb4d,0.23501486239154795,0.46419908726031023,0.1438297774224743,0.15695627292566758,3,1
0447a64e5813,0.3078408015914093,0.48772146434580965,0.1318209393870482,0.07261679467573283,3,4
0455eeb9fbcc,0.4118212319749619,0.31357782952884256,0.15925054741246875,0.11535039108372698,0,2
045762d32a15,0.34088713353875477,0.41999049349401035,0.19180497592685897,0.047317397040376186,1,1
0478ead3b8c2,0.31197521294698055,0.4360696259066897,0.18706366643365574,0.06489149471267376,1,0
047b450939fd,0.3602981476431427,0.34628210035976775,0.1920255469972545,0.10139420499983486,2,0
0482ed7dda6e,0.14332185987216897,0.5453551444432743,0.22172619060971804,0.08959680507483908,1,1
048616ba3fe3,0.13328338343902174,0.5788527910688803,0.18966634683493405,0.09819747865716394,0,3
0490450d954b,0.26621605526563247,0.4576175349760094,0.19510104488576024,0.08106536487259756,3,0
0490565dc4c0,0.15931983296203117,0.6159968664198606,0.15600116260593397,0.06868213801217415,1,1
04e04b1e22c5,0.09347171573598505,0.6246630081917733,0.21525628367613742,0.06660899239610416,1,3
04ebc4466923,0.30688524082210217,0.45922467823320506,0.17164202334041354,0.06224805760427885,0,2
04f115f14e1c,0.09486754386251,0.6302931892588652,0.22681028015930185,0.048028986719322805,2,1
04fc265a693e,0.13711748012003164,0.5341181431332434,0.23198989238752726,0.0967744843591976,2,2
052693d6dfff,0.26080641474189453,0.48517688497490186,0.19908361131033375,0.05493308897286986,0,1
0550e5868e2d,0.12208286150186973,0.6120695956220381,0.21055373482059134,0.055293808055500965,1,0
0556cdfa7299,0.26175223627413097,0.5331115402361445,0.13999698756126006,0.06513923592846436,0,2
055f0253e5cc,0.22786586341219958,0.5361940449973583,0.16551400488024295,0.07042608671019876,0,4
056126fb6e9f,0.2720915393656637,0.3111274492832049,0.2591788680946944,0.15760214325643693,1,4
057c02a959f1,0.28784841841654035,0.45673205479503826,0.15534648905735784,0.10007303773106349,1,2
0586a3fc149c,0.5675098898682083,0.20567857954132132,0.15739538342652026,0.06941614716395023,0,1
0591d7b2d734,0.13168735640712045,0.5660295928775922,0.23125268200056898,0.07103036871471821,1,0
059f8765a1c1,0.15856585576794022,0.5636250406251093,0.17653126367072058,0.10127783993622971,1,0
05debac9c652,0.09252157392535114,0.6433625403220836,0.17535845095870523,0.08875743479386027,1,2
05f00e9a126b,0.1897219248632338,0.5214580732419168,0.21748157627206507,0.07133842562278393,2,0
05f42286c7a2,0.2526189315953452,0.5153914960990412,0.16908694605473967,0.06290262625087407,3,4
05f85b86cdd6,0.12275940670675342,0.6117815388777076,0.1773437447706509,0.08811530964488794,1,4
060ed64e8ea3,0.19153786375742232,0.584716548186581,0.1581016993545532,0.06564388870144311,1,0
060fbd1293ee,0.3256500807737974,0.37631850486107277,0.21869897826308304,0.07933243610204671,0,4
061d2ddaddd1,0.1485752495338092,0.5094968311586315,0.23331894853725252,0.10860897077030682,2,2
065a7fafe1a7,0.2100493672800354,0.558433303888858,0.1606075682823598,0.0709097605487467,3,4
066b12d875eb,0.11122894911702101,0.6815917694685895,0.1403198065728081,0.06685947484158138,2,3
066b28c3eb1e,0.6279998820978301,0.18388382902771816,0.12090525696920178,0.06721103190524992,0,1
067d0d1495a8,0.2022077527203838,0.49839176757397974,0.22114662509958913,0.07825385460604738,1,2
0680d8beb75f,0.2148770121342291,0.47808197356408316,0.21555537755687565,0.09148563674481225,2,3
068be3f82883,0.19852656181760392,0.5114113040604087,0.2157418138150496,0.07432032030693775,1,2
069f0610c6e5,0.28386586450055373,0.5295816138005249,0.1343685517888101,0.052183969910111094,1,0
06b01b8935cb,0.1543070659525221,0.5203578769353968,0.2216464059198222,0.10368865119225879,0,1
06b55d23496f,0.2780222305224296,0.4852478986708875,0.14675577733517672,0.08997409347150653,1,3
06dc92c4302a,0.3510626591205233,0.40974107168002954,0.19035998251424335,0.048836286685203636,1,2
06e5fcfcd2f8,0.26395244432915654,0.4304999836853711,0.22506040676414313,0.08048716522132918,0,4
06ee997f0ba0,0.10438004523565958,0.5610265797536329,0.24652485020906,0.08806852480164733,2,3
06f711c020a1,0.1802582729973791,0.5266774938868525,0.23112051235169626,0.061943720764072036,2,4
07096154447a,0.1339983167697142,0.6176732968897425,0.18032332240809337,0.06800506393245002,1,3
070cbb72137d,0.2637789320088815,0.48363013666139104,0.17628538764539858,0.07630554368432856,2,1
07110539dce9,0.4913796141114348,0.2663945535333239,0.17773882361903554,0.06448700873620554,1,2
0717c8ac304f,0.20488946851251238,0.474209173788434,0.21582830728110197,0.10507305041795154,1,0
0718a591b693,0.32676790948063905,0.41941527118074884,0.16739084333892287,0.08642597599968911,0,4
0725e859c8de,0.179093550812533,0.5159372020123484,0.16501547356055726,0.13995377361456166,0,3
072ae7beb987,0.5669391143828217,0.22363361554459868,0.12883728946949313,0.08058998060308625,0,4
072f2a6a3afe,0.12757842626648733,0.6162594726268236,0.18983786783592752,0.06632423327076122,1,0
075544a7881c,0.2072157400138118,0.5220850557978457,0.20160132502707925,0.06909787916126317,1,1
076451eaa633,0.3640335088569989,0.3432922478609034,0.2283838416856316,0.06429040159646597,0,1
0786e68c8c8d,0.6366179243775376,0.17837678115923075,0.12860984788436558,0.05639544657886623,0,2
078e02e7614f,0.5459972632751828,0.21796132463431106,0.1518616466637278,0.0841797654267782,2,4
07908d53db2b,0.41033421360723316,0.40065787414858073,0.11718162593418008,0.07182628631000619,3,2
079e0cefd391,0.2998796438005764,0.41038463114310375,0.20402838419946595,0.08570734085685403,1,3
07a2358b4e59,0.323708045930832,0.40794442701339745,0.18396876524217864,0.08437876181359212,2,4
07ab05ea79fa,0.10955164046803191,0.6868520859649838,0.14562711238659803,0.057969161180386315,1,2
07b01d3eb9d2,0.19332715741837417,0.5292657745541319,0.20449855485374788,0.07290851317374622,0,3
07caeab1de20,0.1968710134629155,0.4698297838476128,0.24926155939505576,0.08403764329441607,1,2
07d5f3e47055,0.4583715751950608,0.32628591463082113,0.15238967292761205,0.06295283724650617,1,2
07ee38c90625,0.23699410423990513,0.4531178375551103,0.2102759641391695,0.09961209406581517,0,2
0809cb7a5f38,0.37606385194686337,0.3108089286723343,0.20310390094129718,0.11002331843950526,0,2
080c164369e7,0.12439481755238604,0.5919926769529898,0.22650326012969085,0.05710924536493293,1,1
08277cefd028,0.5380511332000572,0.19800370642858725,0.17108269542100565,0.09286246495035012,3,2
082f133bd70d,0.15065742127052986,0.619504179756542,0.1744378610014241,0.0554005379715038,1,1
0833353809f6,0.5036714803134439,0.24603614695251025,0.1816704015483423,0.06862197118570369,0,4
0845243089f8,0.2757281254687411,0.4696861544207833,0.16892611146265873,0.08565960864781673,1,4
0846afd21193,0.2866045288824722,0.4250183147541963,0.20737817165082964,0.08099898471250207,1,1
0847b3407f85,0.532207779302417,0.2804902538468905,0.13350091839147143,0.05380104845922075,2,2
08493873ea34,0.18499980139192151,0.5952437967044181,0.15902053929475093,0.06073586260890978,1,0
0862f314ec92,0.4937563451890143,0.2692131965322878,0.14515379901542538,0.09187665926327253,0,3
086f0ab55636,0.587965176304253,0.19556735593083957,0.15227170233180642,0.06419576543310125,1,2
0878e798a4a6,0.1249971105141491,0.6300700319270657,0.1650438875818308,0.07988896997695444,1,2
088317a7f035,0.22283132345694315,0.584204664581083,0.149169526902356,0.043794485059617846,1,0
088665db15b6,0.21871797201994464,0.47448699502607966,0.23854809460798443,0.06824693834599103,2,1
089b1ed81bba,0.08825598776703952,0.6994894912959811,0.15184462652450442,0.060409894412474865,1,0
08aad9bda74f,0.168249233088114,0.583593412320121,0.1912486988531029,0.056908655738662335,0,1
08b3ed9bd8ff,0.17403753435901148,0.6424408226771825,0.12018525618839922,0.06333638677540657,2,2
08bf9775ebfd,0.15923379602249213,0.575322361873666,0.19057754200510885,0.07486630009873271,0,0
08c27d332b66,0.16546275451445308,0.6249494383325999,0.1553039539281198,0.054283853224827386,1,0
08c7df1f8eee,0.5733343866392752,0.18841687967142537,0.13754134708974916,0.1007073865995503,0,1
08d64eda9bab,0.1729608529674235,0.5856011746555224,0.179438592996316,0.061999379380737844,1,1
08e2e4a4410e,0.1840710183433896,0.5549352764935248,0.20097573056296208,0.06001797460012372,1,4
08ec6f5aa0df,0.1685774823959771,0.5931475743137625,0.1837554484329505,0.05451949485730976,1,1
08ee3bc2ae53,0.2541322459549809,0.4665981984580333,0.17453531720306703,0.10473423838391885,2,3
08f053401845,0.22926420050736976,0.5091917472156278,0.19117437524492434,0.07036967703207808,1,4
090c33962b67,0.18440309916824996,0.5137337252330498,0.23579644563433028,0.06606672996437,1,3
09249d4b7b53,0.3624303576799352,0.35145423820660093,0.20458454620296854,0.0815308579104955,3,2
09419c95273e,0.2768891796143333,0.4230897240969528,0.2033398627347613,0.09668123355395211,1,2
09539e4d58bb,0.1520504681533825,0.5567134274182042,0.2072285520224515,0.0840075524059622,2,0
095a25cc191d,0.2555220811443141,0.4524568490600247,0.1987682258347897,0.09325284396087144,0,3
096061261805,0.21905284291409996,0.41252715144346214,0.21819683667430445,0.1502231689681336,0,1
096c4eb10909,0.38525273229716145,0.3017226241282841,0.1951702191540675,0.11785442442048684,0,2
096eae67f478,0.42776963549697805,0.3347702860686632,0.1367647425055471,0.10069533592881157,0,3
0983897d389c,0.17698602242716432,0.5843821924102017,0.17113400581451232,0.0674977793481216,1,3
099f710eacfd,0.08638388889919217,0.6541379835367248,0.1789938466848501,0.08048428087923283,1,3
09a6c1515372,0.1909524748552963,0.45049296419784207,0.23190245957778804,0.1266521013690738,0,2
09aa1559bcd4,0.27597811151233,0.45442146117058757,0.2059124688129547,0.06368795850412777,2,1
09bb2eb902cb,0.11305407784770209,0.6487271345657192,0.16789618159761438,0.07032260598896456,1,2
09d8a69657ab,0.08117110522182633,0.6476991489001654,0.19694289600713255,0.07418684987087563,2,4
09dd3b736a69,0.17184881742899977,0.5735021618452865,0.17344293998664098,0.08120608073907289,1,2
09eff3975c81,0.1859056574053337,0.5151363989559296,0.18634271575363234,0.11261522788510435,1,2
09fb4da6ca2f,0.4035664576107099,0.37888816556823013,0.16625200678906302,0.05129337003199681,0,2
0a1a3dd9e738,0.3935321433307175,0.34443536758402227,0.1893862363477799,0.0726462527374805,3,2
0a256a4617e8,0.2742135230770379,0.4499745666775266,0.208365124293872,0.06744678595156336,1,2
0a29d44f380b,0.15659567677740294,0.5989712851548245,0.17703550706814397,0.06739753099962854,1,0
0a316256e7b2,0.04924407271511762,0.7073973904285823,0.160297706057228,0.0830608307990721,1,3
0a3cd97f740b,0.492440390411593,0.28221920847310966,0.14227629096086875,0.08306411015442862,0,0
0a49309fc682,0.22790650925346362,0.48489603115679114,0.20822278257216723,0.07897467701757785,3,0
0a54c691d360,0.3787215664537389,0.3067747827826385,0.2078956395109638,0.10660801125265883,1,0
0a5b9e289c44,0.34158628561051957,0.33770763190975894,0.2192692967360266,0.10143678574369465,2,3
0a763df67cdc,0.2549534563151866,0.3507179779263567,0.28111594607964074,0.11321261967881598,2,0
0a903dd7283d,0.40865889063294353,0.3460959476622943,0.17807649971440528,0.06716866199035694,1,4
0a9169b86b81,0.27174793430533944,0.41817939958828415,0.2014793110608154,0.10859335504556078,1,1
0a95fd575cf1,0.31039510051933605,0.3740358648050096,0.22346106236439775,0.09210797231125645,0,2
0ab744a0db95,0.5266242003940822,0.23551329427663353,0.1504765925591268,0.08738591277015734,1,0
0abb818755e4,0.35311712785671623,0.26594835224946456,0.2595795194651723,0.12135500042864666,3,4
0acf45b01bdf,0.10255530407389042,0.6402380738679259,0.19593816177771153,0.06126846028047244,0,0
0ad39f5b94c1,0.12668238025041112,0.6544240680156997,0.16117175057474584,0.057721801159142994,1,3
0adaae6adf1b,0.40818683781863063,0.3196314090999399,0.1772530638086619,0.09492868927276767,0,4
0adca2b37fe5,0.4458729482148241,0.33419374493464,0.16812432711930791,0.05180897973122787,0,2
0adfd8d6f010,0.21428247179137305,0.5384746499326909,0.1656967541850871,0.08154612409084894,1,1
0af232c221f8,0.35128327189847264,0.38432201825795503,0.19287854574608232,0.07151616409749008,2,3
0b0449d32b66,0.112934132703701,0.6599193365787618,0.15995925664971844,0.06718727406781869,3,4
0b152dc8af83,0.20983696529725068,0.5232990474699377,0.17493405674235749,0.09192993049045438,2,3
0b1671929731,0.25679234057315253,0.3731452975122682,0.24836957063642234,0.12169279127815681,2,3
0b19774105f5,0.4563934023617825,0.2863771062713604,0.13841267008671762,0.11881682128013932,0,0
0b457ab68e89,0.43377071461162486,0.27323651091754725,0.1922111670181652,0.10078160745266242,0,4
0b462ace8c37,0.1373682739234403,0.6392162498973446,0.1518562229446155,0.07155925323459966,2,4
0b5593ee3915,0.11428695235628394,0.6495190021022049,0.1576608666618138,0.0785331788796975,1,3
0b58306a56c9,0.2997842436213316,0.4529847759603358,0.15919976846083905,0.08803121195749358,2,1
0b6a57fb8aaa,0.3948198971474886,0.32392766933967554,0.17967861903861526,0.1015738144742206,0,4
0b7a0022dbc8,0.09811714112255804,0.6006323590135038,0.20082825168216595,0.10042224818177246,1,1
0b89a95b6733,0.3597135250713635,0.36517159942227156,0.19688252592302793,0.0782323495833372,2,0
0ba072188224,0.16630776559400945,0.6106666123572588,0.1615167074228038,0.06150891462592834,1,3
0ba55e5422ab,0.6360870496291913,0.15758921831895392,0.11612134662732994,0.09020238542452476,0,4
0baee5ac23b2,0.3351616398538954,0.3920157355536967,0.18005016054265238,0.09277246404975563,1,1
0bc5db15a5b8,0.3133022894296697,0.44021494329952754,0.19955485173112217,0.04692791553968073,1,1
0bc9b8eb7ead,0.505442947871689,0.2637000853561612,0.1400576852100675,0.09079928156208233,0,3
0bdd22c68e47,0.33982090573572415,0.3821802906372337,0.18832129382574261,0.08967750980129993,1,2
0be731313053,0.392787028810153,0.32316667390891846,0.21053872057134249,0.07350757670958577,1,4
0c19eb129296,0.12135738060682617,0.6082400833455499,0.18120495877785142,0.08919757726977211,3,4
0c30a9ded310,0.3460508222385645,0.3505734359699719,0.19182474445550293,0.1115509973359608,0,1
0c329e5c3715,0.12940464926264458,0.6435772131072768,0.13848561250216007,0.0885325251279188,0,3
0c3d6d108e07,0.2178042627849786,0.43619177779341967,0.248063644920029,0.09794031450157274,3,1
0c4be0c6f78c,0.3850161070115439,0.4186837867920496,0.12967251828490323,0.06662758791150297,1,2
0c5c7da459a3,0.10518705200663991,0.6126162115022148,0.19384235605641942,0.08835438043472643,0,1
0c6ef19c59cf,0.3885549535842669,0.30701371907017433,0.2014321651812779,0.1029991621642809,1,2
0c7570079a16,0.2398767764110099,0.5400583092496144,0.16692014357074078,0.05314477076863487,1,1
0c795288aac0,0.2540378926416353,0.46324492868429223,0.20870970404601935,0.07400747462805289,0,3
0c890190c894,0.17633286473253523,0.5748114694962159,0.15484331723508,0.09401234853616887,1,0
0c9b15035c41,0.1336006444085668,0.5472794149927352,0.23389433844725596,0.08522560215144215,1,1
0c9f6e26f5fc,0.2353692727895963,0.4135545477409907,0.2434953747583969,0.10758080471101594,2,3
0ca49b5d2be4,0.28460345395214276,0.48906582197352333,0.16088212219327716,0.0654486018810568,3,2
0ccf6bf856e5,0.3113489405673576,0.3763034490480507,0.17252216605644782,0.13982544432814414,0,0
0cd5e635c50c,0.2529967097564248,0.4963482007586777,0.1666010689436124,0.0840540205412851,0,2
0cde09614efd,0.28881256210018547,0.381440332998796,0.22261774504393755,0.10712935985708091,1,0
0d12c6a46f62,0.1666256027782367,0.5094831482085288,0.21766844023606846,0.10622280877716611,1,0
0d1626be72d5,0.42914145822748223,0.2820668413888895,0.1898062980757137,0.09898540230791456,2,3
0d19a07bbff0,0.13333229324906262,0.5769685068122986,0.1985903236789062,0.09110887625973264,1,3
0d49a20737e8,0.5909327665249152,0.18995058890484054,0.14430186783144291,0.07481477673880127,0,2
0d4f4da9dda3,0.39431376913231025,0.3235023067141157,0.14987826096695112,0.13230566318662312,0,1
0d5082a9a044,0.1319338133988759,0.5725805470445154,0.2040582549415474,0.09142738461506139,1,2
0d6d3f946d7b,0.09000449441171827,0.583867460767708,0.22461908540789313,0.10150895941268083,1,4
0d6d908b3a21,0.09136416671165658,0.6167941081244194,0.18137040497637721,0.11047132018754656,3,1
0d806ffe4e77,0.23410312338020062,0.46956403237268973,0.21447827399156483,0.08185457025554514,0,0
0d88a0777808,0.22947243196249859,0.4716994865089628,0.18983202770688462,0.10899605382165377,1,1
0d8d0ec75a82,0.22509958204934818,0.4692299406989921,0.2236645540418047,0.082005923209855,0,4
0d962bb4c9f2,0.54600924173946,0.2404179495095578,0.1434675203436514,0.07010528840733085,0,3
0d9709b3af74,0.2213489544283075,0.5291674417315442,0.19177226253828694,0.05771134130186123,3,0
0d9ebdd085fc,0.276829061001794,0.4711501276382209,0.1589263877307047,0.09309442362928044,1,2
0da60a794140,0.10378995505320118,0.677900796446094,0.15392401377584755,0.06438523472485694,1,4
0dad96d7bb42,0.30980374884373973,0.30168611474422663,0.23857310088879086,0.14993703552324278,0,1
0dbfffc14b06,0.4014902106430347,0.35765471578900654,0.17090590863846947,0.06994916492948916,1,2
0dca97b508f0,0.12875169148756418,0.563517486664139,0.22094291690411505,0.08678790494418193,0,0
0dccf6c8a734,0.4113978931980021,0.33275110338896297,0.16623132648708142,0.0896196769259534,3,3
0dda3b2bc0a2,0.15274213172594012,0.5024934786296311,0.19926833573398742,0.14549605391044124,1,1
0e073fd45001,0.5204596407972091,0.2844696095524742,0.14264863414654322,0.05242211550377336,1,2
0e1701865c35,0.20090480831772337,0.5416222595520989,0.1922525062574171,0.06522042587276021,1,1
0e2a0ec6533d,0.48370095610987357,0.284801832238829,0.12336315245140395,0.10813405919989369,3,0
0e3c57f50255,0.16068271763933287,0.6298657410883501,0.14862354113772497,0.06082800013459196,1,4
0e3eff99adbc,0.20381966608070648,0.48655463687013756,0.21249541085588697,0.09713028619326883,1,4
0e4c41d96006,0.483488792325546,0.27087722172208584,0.16355573876575394,0.08207824718661429,0,2
0e62c82c7975,0.1336942252851535,0.6141478018754492,0.18300731464369474,0.06915065819570243,1,1
0e63ba149294,0.1381590453258831,0.6182505394828246,0.16685168805827894,0.0767387271330138,1,0
0e698a56dcd3,0.2558434243635087,0.43889622564047326,0.19414123583321735,0.11111911416280044,0,3
0e76983343a5,0.27768332895809944,0.49571083360697,0.14252081029387798,0.0840850271410525,0,1
0e873e593a75,0.11749204924451828,0.5056842104579219,0.26813938281327077,0.1086843574842889,3,4
0e89eeeb5eef,0.14139090762458584,0.633635889374591,0.14405707957398814,0.08091612342683502,1,2
0e908a012691,0.08724306308847656,0.6380561216310247,0.21831781698575853,0.056382998294740375,1,1
0e9bece7e297,0.1952641901113414,0.4908061281066359,0.22924131864324943,0.08468836313877331,2,0
0eb98db06f45,0.5149087162951362,0.29659792333356916,0.14508679978052194,0.04340656059077276,1,1
0ec2cfa1e0ea,0.11065549376359551,0.6641874723247407,0.14018451848544114,0.08497251542622278,3,3
0ec2edfe7846,0.23733487249429314,0.4271835842569676,0.18395878711624364,0.15152275613249558,1,1
0ee1a62438bd,0.474613315922776,0.2730095607507127,0.18621884801865785,0.06615827530785351,1,2
0ee703df04a3,0.09344215381866533,0.6702606463907238,0.16777347084173713,0.06852372894887365,0,3
0efc048f9f22,0.11929880501895511,0.6195782321319304,0.19755947391585577,0.0635634889332588,1,3
0f0cda6d8d62,0.33370685545550055,0.3457792279572544,0.2264123276950316,0.09410158889221354,0,4
0f21dc4d6a38,0.16009635935487554,0.5125505730369911,0.210879529455138,0.11647353815299513,2,1
0f2816e59e90,0.2623249048139598,0.460495109844761,0.1406832285690258,0.13649675677225356,0,0
0f3963b5b9bc,0.18983420914502014,0.6185302632224924,0.12749877536978468,0.06413675226270273,1,0
0f61a1f7ed0a,0.32344038058628927,0.38352128993007883,0.19958846433015298,0.09344986515347889,2,2
0f6b7e2b8dd9,0.23243306992241863,0.44385043645391115,0.217652522609195,0.1060639710144754,0,0
0f712cf8a226,0.7076932975666425,0.1360633019403539,0.10223547311374769,0.05400792737925588,0,2
0f86f48eeeac,0.19468293201338696,0.5655169211351071,0.16739246302783733,0.07240768382366869,2,2
0f903cf7e724,0.15185649220858385,0.5266610899925277,0.2295019304832778,0.0919804873156103,1,1
0f98e00ec7c1,0.6566116997168615,0.1609872980014627,0.1134349772667997,0.0689660250148759,0,2
0fb43e2250de,0.21338744972012808,0.5245956344080938,0.17947374979647418,0.08254316607530383,0,2
0fca95b2e96f,0.0932961374233745,0.6336962050792613,0.1959188135898729,0.07708884390749128,0,1
0fd2db233deb,0.2662365720242756,0.4811576271797909,0.1762906070337854,0.0763151937621479,2,3
0ff3c25a854c,0.10891607741741184,0.5764276930516125,0.2104479747228155,0.10420825480816022,3,1
1011cb42537b,0.13651884947165588,0.603357100819907,0.20519047071668534,0.05493357899175199,1,1
1014eb974c52,0.23050117730772407,0.4376708779847955,0.18306118095012996,0.14876676375735043,2,1
101c3d954b1a,0.42600054760921713,0.2874217406967817,0.20987064478681813,0.0767070669071833,1,0
10210984c4e3,0.5623849325184467,0.2341515071623459,0.1480325283504213,0.05543103196878593,0,2
1023832e4df5,0.21895000258293462,0.48174587326410134,0.19923731993754903,0.1000668042154147,1,3
102b9bd43e3f,0.390694437187386,0.31096150247372883,0.21630870238732472,0.0820353579515605,1,1
1057c264185b,0.09179378684907752,0.685003070258989,0.16549028616318787,0.05771285672874577,1,3
106749939445,0.3490426560756415,0.4039150120410233,0.1833466596249119,0.0636956722584232,0,1
109cf108fd45,0.1607663954915807,0.574747711382556,0.20327507464310646,0.06121081848275711,1,3
10b0f0913b0e,0.42757240490103054,0.3009938647036688,0.18398882696788063,0.08744490342742006,0,3
10b30a720c5b,0.4381945568241789,0.32798436512868634,0.14715003886071557,0.08667103918641916,0,3
10bd268ba723,0.09255100877938333,0.6693810498108406,0.16459049303919196,0.07347744837058436,1,2
10c04ba1bd2b,0.2156989550750953,0.47041527211374373,0.24257912560521797,0.07130664720594299,1,0
10c4ff4c9059,0.14658437888848488,0.5740383811783715,0.18588425936577807,0.0934929805673657,2,3
10e35f64fc16,0.10876824314607385,0.5417961291972436,0.23200860396334555,0.11742702369333718,1,3
10f0d04d472c,0.1261419487489889,0.6447054813025063,0.16785237136685394,0.061300198581650846,0,4
110f748ac87d,0.23079038401767143,0.5084874127214523,0.20596262999599493,0.05475957326488161,0,0
111796da8caa,0.19656095194355092,0.5991180097510437,0.1552725031992827,0.04904853510612272,1,0
111f1af1c3da,0.38322537168730186,0.257193824502185,0.23910386071038894,0.12047694310012423,1,2
1124139f32e2,0.47988391913691836,0.27284315325592157,0.15384765983610224,0.09342526777105782,3,2
116aee0c66b7,0.14539695440490571,0.6417954572720206,0.1511497144821484,0.06165787384092536,1,4
1179757bcf68,0.46203670990511514,0.2886473015700792,0.14399377438655891,0.10532221413824698,0,3
1181dd47fe5c,0.056955790553314824,0.6703103367573663,0.1911540276371948,0.08157984505212405,3,1
11858d1119d0,0.08040573854272845,0.6852428248184517,0.17985314332450347,0.054498293314316416,0,0
11961f06a9b0,0.15708880927159807,0.5117979207860623,0.22806037417584613,0.10305289576649329,0,1
119f1eff7a08,0.11160404517758295,0.6639123671740084,0.15322354194788848,0.07126004570052014,2,0
11a47a5bfa3e,0.13186345469382113,0.6374877828585951,0.1324019618431844,0.09824680060439939,2,4
11b52fbe26a3,0.18370045875149799,0.5175287393563848,0.20904212963999177,0.08972867225212548,2,0
11d06f38e6c7,0.35556198543228484,0.36814966117074466,0.18803815720646527,0.08825019619050527,2,4
11d1ba716865,0.2945187883848315,0.4579932068125951,0.16198481371811568,0.08550319108445764,1,4
11d3ee227030,0.1817066856152366,0.5534697759204648,0.2102736200110985,0.05454991845319983,1,1
11d461e08258,0.18032356427863497,0.6116683140787288,0.14273462373918175,0.06527349790345467,1,3
11dbbf7b8061,0.38930374011527574,0.3214635825901131,0.17915465761992522,0.11007801967468592,1,0
11dd0dac0097,0.12156924509578461,0.585217993915469,0.22023328076549334,0.07297948022325307,1,2
11fc7a6b1309,0.5479859734830163,0.21832754192504258,0.16340974122305987,0.07027674336888161,0,2
122d8eb18755,0.12730757707412838,0.5785739650983854,0.2049388861872015,0.0891795716402845,1,3
12435b432178,0.172739555567876,0.6110559880716183,0.1671999924076046,0.049004463952901076,1,1
12466f93afc9,0.39045046564194846,0.36164084343245456,0.18802755968718157,0.05988113123841558,0,2
1264d1caa4ec,0.10275719454901393,0.5140148846644256,0.15907759047101772,0.2241503303155426,2,1
126aa6f8dd4d,0.12623859187112388,0.5641841293385705,0.20437200175040243,0.10520527703990278,1,0
126bc37fb7cd,0.30946713935625925,0.44462165088447125,0.18704005806337753,0.058871151695891785,1,0
126d0f49608d,0.07587869250062129,0.6332381103489209,0.20595247631595923,0.08493072083449849,3,4
12a7e0fbe115,0.14533475102228005,0.5702347454662349,0.2028772108067794,0.08155329270470565,1,0
12aac2bc16f8,0.7192749916428394,0.12704100641122815,0.10086978630658791,0.05281421563934452,0,2
12d8e3dacf25,0.27098497376055386,0.41610222140708314,0.21177699284034937,0.10113581199201346,0,4
12d985bbeae6,0.3707097347970033,0.4008460091549128,0.16841328782169038,0.06003096822639322,3,1
12e41bdbf7d8,0.26955477684121865,0.3749556413452953,0.23615776495801144,0.1193318168554746,3,2
12e8a13330c2,0.44908046272810476,0.2793708157154827,0.1606716074113648,0.11087711414504782,0,1
12eb7f468be2,0.6534635074151846,0.13917800717719686,0.12456524935150304,0.08279323605611559,2,0
12ee3626ff46,0.17071528636476238,0.5750243998928127,0.17400614343426063,0.08025417030816442,1,2
12fdd23605e7,0.5342388844680805,0.22602011784264214,0.14458044374120185,0.0951605539480758,0,4
12fe5d33abc6,0.14702923895473008,0.5996297655783968,0.16202656679124738,0.09131442867562607,2,1
1310de79e289,0.2941227066978929,0.5014323278956346,0.12575428640307051,0.07869067900340199,1,2
1311dd0e5c64,0.18892668421988218,0.4928492261969355,0.21092827073989417,0.10729581884328829,0,4
131bc41b0023,0.32640199698910743,0.4136909876897663,0.185781539291003,0.07412547603012345,1,4
132141473871,0.11657567566130024,0.6663410033826157,0.15546392159722972,0.06161939935885411,1,0
13320f26da3c,0.20048252893017993,0.48786160619652436,0.24304895951207484,0.06860690536122108,1,2
133a21a5280f,0.07213271626081598,0.6017983222986779,0.22737269633909843,0.09869626510140804,1,4
133f2685856f,0.2038702736307677,0.5037442312451419,0.20184749648660313,0.09053799863748696,1,1
1346f9458379,0.29775730856105,0.4186510721550256,0.21379699958641737,0.06979461969750712,0,2
13481f97071c,0.044178017959133585,0.6956025753961466,0.19529926538651915,0.06492014125820042,1,4
13787cd0a611,0.11837055835194497,0.6654104747239371,0.17161544741977972,0.04460351950433835,1,1
138be234cb3c,0.28790494812028417,0.385446043236117,0.2307033997935493,0.09594560885004924,1,0
1392a9bbcbdb,0.11346639138924386,0.6434386351421136,0.17613908229563266,0.06695589117300976,1,0
13b60143c0f5,0.17916282414774512,0.5861735103563107,0.1748286236930375,0.059835041802907094,1,4
13bd1f239046,0.2915082249629749,0.44606500602787896,0.17138117272037104,0.09104559628877515,2,0
13ce825a3cf7,0.2719031931730345,0.5055537493341453,0.1729619358809431,0.04958112161187704,1,1
13def796c64d,0.11010073215353522,0.661130397655188,0.17939945728671244,0.04936941290456462,1,0
13e21ab810f1,0.5282968949728519,0.2611673665957295,0.16179552597326624,0.04874021245815234,2,1
13eff8f19efb,0.1262186284192855,0.6134204389229093,0.18218143221329822,0.07817950044450694,1,2
13f1e5778385,0.2896575288294219,0.4465547520424139,0.17320888286678807,0.0905788362613762,1,2
13f212585f43,0.2378919424289104,0.5172908967265695,0.15707363881619765,0.08774352202832279,0,2
13f84be4b729,0.12970521840334892,0.6354176192812614,0.17566156313526568,0.059215599180124014,1,4
14098d7c56bf,0.21022089954600023,0.519756558332704,0.1761878523883784,0.0938346897329172,1,3
141cfd1cf748,0.46925581023828794,0.23771556887458903,0.19537103272659576,0.09765758816052753,2,0
14204d559d6c,0.6109889703208337,0.2048166701763807,0.1267013153974353,0.05749304410535019,0,3
14214ff4686b,0.21634489766390153,0.5325098435823017,0.196812039035162,0.05433321971863463,0,3
1427ed4ecdf1,0.18954687036248424,0.46914876282546353,0.2388375772251982,0.102466789586854,0,4
1428fbfc536d,0.47138208519997765,0.24549278708097302,0.20037182815395563,0.08275329956509371,0,0
143c466c5a41,0.13469120973253984,0.5479767072579455,0.2224210538598392,0.0949110291496755,1,0
1452424edbbd,0.1238062207012206,0.6325796780058218,0.17147166347329004,0.07214243781966763,1,4
145a2c752783,0.47541124971404797,0.2364208483474512,0.1640958395676802,0.12407206237082091,0,0
145ea107cfdf,0.3878571195441807,0.39424008021062457,0.16525494071310926,0.05264785953208546,1,1
1468f89958ae,0.07715635681080962,0.6386047935109753,0.21150600744861514,0.07273284222959982,1,4
1496ac223912,0.17953021440443084,0.5869555626384869,0.16318498934324285,0.07032923361383947,2,1
14b5805d90cf,0.4121943222196282,0.3630875783004238,0.15968150658409383,0.06503659289585419,0,2
14be42e4beee,0.2326037745714952,0.46479141939020097,0.20202071290761012,0.1005840931306937,2,3
14c938eebb45,0.2292760688159159,0.4579536855466997,0.23833612799526438,0.07443411764212016,1,4
14e56e75b328,0.16328823429146874,0.6203825002899017,0.15304055602795902,0.0632887093906703,3,2
14f70dbb7730,0.19786501914917465,0.5686393033877745,0.15981778485331172,0.07367789260973939,1,0
14fa513dbf03,0.18303475051456383,0.597592652094239,0.14701459683423362,0.07235800055696355,3,2
14fc1724dc3d,0.11104195635216271,0.5979045623404433,0.18499486218190972,0.10605861912548407,1,2
150c8a29908b,0.12779790906277488,0.6213354361427487,0.17858437937908395,0.07228227541539244,2,2
151097927345,0.07920670598460791,0.6283347776735432,0.2300723856062171,0.06238613073563161,1,0
152084ef57a6,0.6330976452098718,0.18988877530863568,0.10634400448004454,0.0706695750014482,0,3
153f72083ac5,0.07288580036896407,0.6801751522706166,0.17241826774185665,0.07452077961856284,1,3
154b47e45726,0.1982618686982454,0.5377894047931683,0.18222829116206693,0.08172043534651975,0,3
1553091efbda,0.3326496055151318,0.3865148822590724,0.16891124490162213,0.11192426732417364,1,3
1554e808cb6d,0.5019046749020505,0.3065634499063923,0.12332524848178571,0.06820662670977173,0,1
155b096d1b12,0.4793993279547432,0.24127550758312136,0.16690333283439396,0.11242183162774097,0,1
1565a173b9e0,0.47992095962616954,0.33632304865224955,0.13572481001452577,0.04803118170705527,3,1
156e6297a136,0.5693864183784028,0.23508300947139926,0.14062874568587896,0.05490182646431881,0,1
158f4775c613,0.12032887331471435,0.6131037428942278,0.20083971692814853,0.06572766686290941,1,1
1594ca188938,0.10851616955911553,0.6341550022540192,0.19519374873609707,0.06213507945076819,1,3
1595bbc15964,0.24271705360114965,0.4492380183663683,0.17624944714296198,0.13179548088952028,0,1
15987bfb9f6c,0.4243397691121365,0.3243207026213655,0.17774562340319397,0.07359390486330374,1,3
159c607b0f88,0.5839514641936573,0.21116428963192863,0.12332811220716378,0.08155613396724999,2,4
159cbf48e73c,0.19986484083276848,0.5175651248469828,0.18713616561764781,0.09543386870260095,1,3
15ae12f7cfb1,0.3913882894448012,0.3318378418711175,0.1891875447175767,0.08758632396650444,1,0
15b667401963,0.18984604976684713,0.5683941323135355,0.17980833724347697,0.061951480676140404,1,3
15b8fbeb41a8,0.31261179267058814,0.4454978567569427,0.17745675401824246,0.06443359655422672,1,4
15bd754f1ec1,0.09381259408551153,0.6712984200982085,0.16436567652510362,0.0705233092911764,1,3
15cd3787bcc0,0.11872917576364378,0.6248281059794176,0.16989301154292957,0.08654970671400927,3,3
15e2f6a8e8fc,0.6403458150962394,0.1695419998466708,0.12137930927397575,0.06873287578311418,3,3
15e7f6ecc2c5,0.5066179102738543,0.2746297028185817,0.1578559790404931,0.06089640786707119,1,2
15f05ab2d893,0.09584860975763349,0.6414257330069825,0.1783835215562317,0.08434213567915216,1,2
15f599eeb81f,0.13693999722385558,0.6471174076183208,0.14871086432502867,0.06723173083279518,1,3
15f749d8d34c,0.3475701604939022,0.3739266423816524,0.19153267125961532,0.08697052586483012,1,2
15fe7f82b7e2,0.29606495088977186,0.396983427758579,0.2125738110767231,0.09437781027492625,1,4
160c3b649efd,0.16562818504589874,0.534724791057058,0.23040089293746557,0.0692461309595776,1,1
160c8b6c7e2c,0.16009320042284664,0.5547274100188432,0.20183373004909422,0.08334565950921606,1,0
161664ae65cc,0.21387385758584865,0.5236915276327518,0.2075347620531739,0.05489985272822571,2,0
161875acf5a4,0.41378277781443956,0.2672470864374147,0.20179170941366947,0.11717842633447648,1,0
1618ee0e44de,0.35832447722214295,0.38199655065092264,0.17595229547997618,0.08372667664695853,1,3
161a333c9092,0.3146819625078135,0.5122544967505323,0.1223600827530485,0.05070345798860564,1,4
161d81d28399,0.549051855421616,0.21544924401470075,0.1724121386387814,0.06308676192490154,2,1
16203f0dd93a,0.5890687783685468,0.2254500889569839,0.14055882222710203,0.04492231044736736,0,1
162b49bd6d26,0.42767234212834715,0.2988520640026353,0.20305500553554406,0.07042058833347334,3,1
1665788ce755,0.05795943630326787,0.68750395529166,0.1639507397852602,0.09058586861981188,1,3
1674ae57f764,0.14654093829629264,0.5312862222550898,0.22989544650920438,0.0922773929394129,1,4
168dddd3daa1,0.33985878539110737,0.3932533082195621,0.15462844712003218,0.11225945926929815,1,1
16954003ded9,0.4992913591929758,0.2782838242311671,0.13730716993154926,0.085117646644308,2,4
1697e617266f,0.18726963258760218,0.5277369061646549,0.19538185016159798,0.08961161108614488,1,4
16a13141a4ec,0.052286773471016984,0.6983491016802302,0.1720239599285706,0.07734016492018207,1,0
16a9737d2dff,0.2598942582964153,0.5053053069317616,0.1583681608515676,0.0764322739202555,0,3
16c0b52e5fa7,0.1287013654414646,0.6099434969168124,0.2141426982468308,0.04721243939489225,1,1
16d98c50e843,0.14921063045829605,0.5501837575332166,0.21885456733177822,0.08175104467670916,1,4
16fbc834dda4,0.1485681071621583,0.5859674443939658,0.20449310083421562,0.06097134760966029,1,1
170ac27f26c2,0.11447739935341623,0.6623385646826582,0.154669761865971,0.06851427409795485,2,0
172e2caf0eb4,0.23912805848761204,0.4097934274720513,0.22952749898625052,0.12155101505408607,1,1
17493bd373b8,0.23063187296385745,0.5049773790671914,0.18165219557219098,0.08273855239676046,1,3
17577170d7ca,0.605799055808634,0.20423113446437946,0.13229138462970838,0.05767842509727812,0,2
1772697538d3,0.30155579764213886,0.41365390414559344,0.18537233575229314,0.09941796245997438,0,2
17a89ce1e5b3,0.44022108350151395,0.3242426290006604,0.16145905903072869,0.07407722846709681,2,2
17b73dde4491,0.10082747842820752,0.6259913251493354,0.17897082037850864,0.0942103760439485,1,2
17b7d506e666,0.21929921488150286,0.551912336864244,0.17888441389931387,0.04990403435493917,3,1
17bb0bdd2f7b,0.26128179355635966,0.46338087080781115,0.1576163998200792,0.11772093581575019,2,1
17c04e889fdd,0.5536102134866028,0.2428450316193719,0.15969282831726717,0.04385192657675845,0,0
17c25c1ffb8d,0.3520646156594317,0.40357732149181114,0.15444559592214072,0.08991246692661681,3,4
17c64a6e2c5a,0.12140278128247632,0.5739538081312245,0.21614917820930354,0.08849423237699558,1,0
17da3bebe960,0.1186663592697362,0.48290564942051795,0.22147737199326026,0.1769506193164859,1,1
17e2c13b13a4,0.08311067439108052,0.6656758290151773,0.17457091840068786,0.07664257819305441,2,4
17e46fc66a16,0.07812203898273228,0.6656228140215433,0.18852446285312607,0.0677306841425987,1,4
181360cf5b3f,0.42256685790307513,0.302514753742474,0.15489328697053403,0.1200251013839166,0,1
18156e6f27e8,0.19885455464595356,0.5229960557619769,0.20543447625307706,0.07271491333899255,0,3
18211ed86296,0.592877372646667,0.23929517214888468,0.12467404107310819,0.043153414131340176,2,1
184cd4d75979,0.1216336156528487,0.6760066221404386,0.14838613800055228,0.053973624206160316,1,3
185dd4caeaa6,0.12202234131396865,0.5221624569033947,0.25277052365782465,0.10304467812481208,1,1
185ebc0fc39d,0.5827789267125112,0.21153553026874009,0.12668052777625607,0.07900501524249293,0,3
1882d31c20a8,0.11897554683907434,0.623504103875368,0.20190073287781304,0.05561961640774476,1,4
18a530e6a802,0.5115519958427986,0.2633463278786946,0.16793302712248856,0.05716864915601831,1,2
18a979da66a5,0.32544741953077544,0.30852819168492324,0.24971270118007732,0.11631168760422385,2,4
18bcd9a1da10,0.13227893866084875,0.5623316669866093,0.1966417194720523,0.10874767488048954,1,2
18d48e95755f,0.29074197886138403,0.4479138872854644,0.17851521821966182,0.08282891563348985,0,4
18f97a81047e,0.4523592658435401,0.3410983348952533,0.14198187569378548,0.06456052356742097,1,1
19049e36a56b,0.21854264781361887,0.46502587383935623,0.20571420152673608,0.11071727682028834,1,3
190f1d3cbb04,0.2515990768744487,0.5115708648338939,0.15281574880272394,0.08401430948893342,1,1
1914c949b980,0.16214015827342115,0.4613359898277096,0.26413657862976525,0.11238727326910378,1,0
192cb96503cb,0.36772454468883964,0.3878990111857769,0.1819825585929107,0.06239388553247283,1,2
1939753be279,0.08517853884334158,0.6906808988218406,0.1627425213719395,0.06139804096287831,1,4
193d3d99e496,0.14952980221278292,0.5974816915400125,0.15343382630490426,0.09955467994230038,1,2
19406db78215,0.1906278161991347,0.5598027091713063,0.1830523056050781,0.06651716902448075,1,1
1942df72cbb4,0.2537939724630772,0.43405567721740707,0.21748864515785057,0.094661705161665,2,3
1948a0198a86,0.47496510186266033,0.3280144013317763,0.15028624332975787,0.04673425347580555,0,4
1956c85c146d,0.4098907189338258,0.29519076585974197,0.20772297131157672,0.08719554389485559,1,2
1964b644d7ef,0.2910950388533653,0.4192428417200465,0.18739408834840296,0.1022680310781853,3,2
1972681565cc,0.2153822150794197,0.504279444522345,0.17590477308367733,0.10443356731455825,1,0
19905c7259b8,0.2448877112559345,0.49378624222297235,0.1813946784324716,0.07993136808862158,1,4
199ef8aace49,0.4488329903924417,0.2675866524499313,0.20645745506437316,0.07712290209325387,0,4
19a2b2618a2b,0.3094105809738415,0.4219440844984699,0.20593422113184606,0.06271111339584258,3,1
19a69f8ae995,0.10736524902575702,0.6405210176994708,0.149490850357343,0.10262288291742923,1,4
19c6a6e0cb1c,0.1376341154775219,0.634222896750318,0.16263753012454293,0.06550545764761716,1,3
1a03f0a16164,0.32969944073614443,0.43926806617685327,0.15263734118126135,0.07839515190574066,2,1
1a0409ee4b32,0.3709479523287872,0.4042731257198039,0.1695082217499875,0.05527070020142152,2,1
1a107c04965e,0.15858169123183652,0.5374019890518409,0.20327957558214613,0.10073674413417673,1,0
1a11cb490631,0.09231124409230328,0.5957215526123926,0.21831062532374668,0.09365657797155744,1,4
1a1a47e328f7,0.16814411215060565,0.5128367119503668,0.21657164308488272,0.10244753281414502,2,0
1a2cbb5c1a7f,0.5111626432020503,0.21561567849271512,0.19457242369547023,0.0786492546097642,0,2
1a3172a2e845,0.4177570309866541,0.38026542834480526,0.15496560467746642,0.04701193599107418,0,1
1a3e729f201e,0.4093931088542175,0.3298548323511611,0.11848604765033302,0.1422660111442885,3,0
1a404401eda8,0.3457055294335142,0.35498580779511657,0.22399406122031815,0.07531460155105094,2,0
1a4b245e03da,0.26426022642706676,0.42760331712045707,0.19282108355418337,0.11531537289829304,2,1
1a53a4506f10,0.4144046601325683,0.3019775666419788,0.2090455487350058,0.07457222449044724,2,3
1a6082c58f64,0.31753177606452776,0.35905997516936466,0.19985432339206533,0.12355392537404204,1,2
1a724e3102d0,0.2085945730300445,0.5701142431679378,0.1439550274634777,0.07733615633854009,1,2
1a8038230877,0.1198123327956679,0.6136335430636399,0.20509441700683317,0.06145970713385922,1,0
1a8733a7c289,0.5120488797401748,0.32376687609485694,0.1056041978677624,0.05858004629720584,1,4
1aa21301e856,0.2860001650186373,0.4809571828658124,0.18450857377076785,0.04853407834478252,0,0
1aacd741dace,0.13923437091298227,0.5512326216598982,0.21879900507700023,0.0907340023501193,1,2
1aaef9f47b25,0.1471524446491273,0.6524801942334447,0.13901598228934783,0.061351378828080214,1,0
1ab52121be21,0.35547644769122394,0.4017050001635636,0.159944299514483,0.08287425263072963,1,3
1ac1de4ecb6c,0.3401878866487767,0.3305247961654324,0.2244534357776517,0.10483388140813943,1,0
1ac288b2ce23,0.17799337702701476,0.6230984141228529,0.13921305181206203,0.05969515703807078,1,2
1ad268f677fc,0.23217659611903982,0.4222726339461281,0.23001281550050273,0.11553795443432932,1,4
1ad782651f09,0.3222359047664057,0.39169678343761016,0.20578402097977824,0.08028329081620605,1,0
1aecd8c867ac,0.29062195772561983,0.45248642244719445,0.17853006323366388,0.07836155659352147,1,4
1af41c4cbf5d,0.15745873581938183,0.5310566385157499,0.22050957500138801,0.09097505066348052,1,3
1b427c519a72,0.5921714159521188,0.23249271000577598,0.12882276888157954,0.0465131051605256,2,1
1b49b7921474,0.08899655845342049,0.6631681265252779,0.17995512899667127,0.06788018602463018,0,0
1b5ca94ac38b,0.38732330161476,0.3655029872630121,0.1876447374437587,0.05952897367846913,1,0
1b6250d23465,0.3101700575065504,0.4001304006440607,0.16955242622343447,0.12014711562595456,2,4
1b6eb0f6fcb3,0.34075010243240206,0.4189013142989162,0.1855236268655379,0.05482495640314372,2,3
1b80a4e2614f,0.14295497051341172,0.579532464474799,0.19652411609125173,0.0809884489205377,2,1
1b8afd81f6a0,0.5705331177004419,0.20169504766585866,0.16892111797265125,0.05885071666104871,0,2
1ba5ddfad18d,0.23071044566054516,0.47010886245533295,0.1826904383542056,0.1164902535299165,2,1
1baca8182bf8,0.32677295017514374,0.42102463331445444,0.1817661300251615,0.07043628648524054,0,4
1bc9965d033b,0.4483250186979671,0.37396431796503476,0.12018254420768884,0.05752811912930939,0,1
1befbaaa2bdc,0.43186164424894696,0.2993545742733296,0.17817570062102767,0.09060808085669589,2,3
1bf775c57c75,0.17788907142618712,0.48832519300200666,0.2095954134654284,0.12419032210637791,2,0
1c471b0d2fb4,0.31827923422750554,0.43070639088349416,0.14471390831480954,0.10630046657419077,0,0
1c47b7084ba4,0.2896351531971194,0.380570259683254,0.22285863022047386,0.1069359568991526,0,3
1c47fb86c8e7,0.41140993463342757,0.33287430512634,0.16777738626311964,0.08793837397711302,0,4
1c48cbfea106,0.34828607889537283,0.3555058584373084,0.19727985975618134,0.09892820291113746,2,2
1c4a89d7a901,0.13142743899414552,0.5391367103318895,0.2069485041629616,0.12248734651100364,2,3
1c5a0cb3ebc0,0.16358865495108293,0.579575637852141,0.1863831648048798,0.07045254239189636,1,3
1c790318b3ef,0.13875737210380004,0.6595418697587888,0.13948511068408687,0.06221564745332402,1,3
1c88dbf27747,0.07571479626446104,0.687635716804657,0.14329969982038274,0.09334978711049931,1,3
1c897615664a,0.5725114704697299,0.2064947285378173,0.15871399681395093,0.06227980417850188,2,2
1ca63facc033,0.33079228738735106,0.3813276330773404,0.20703657754625693,0.08084350198905153,1,0
1cad23eae406,0.10586295016848121,0.6333632072042772,0.17837902844652948,0.08239481418071179,2,2
1cb23162d215,0.3832598098931867,0.38838658719310426,0.13618653511582876,0.09216706779788066,0,3
1cbbe74b7fcf,0.09882264418814746,0.6553062469245394,0.17017731984556594,0.07569378904174698,1,3
1ccd5ebd1ca6,0.3791298389232993,0.37043175658780797,0.1781222893718939,0.07231611511699873,0,0
1cd14dd22747,0.053080921673568995,0.673618044350293,0.15899996021296764,0.11430107376317024,1,1
1cdcb65db764,0.4181425502954659,0.34109239330671093,0.145063470223667,0.0957015861741563,3,2
1cdccea74613,0.5088977568514206,0.22927298264128076,0.15925074929285354,0.1025785112144449,3,4
1cdf13ab07d0,0.16593219733417272,0.5997880180479452,0.16163306960081386,0.0726467150170684,2,1
1ce3a5d2f184,0.12819975172445955,0.6143263161559535,0.18494753440765002,0.07252639771193674,1,3
1ce5a6058285,0.12829802509345636,0.6542095746816209,0.15879912863166737,0.058693271593255256,2,1
1ceb2008c876,0.43327940546993526,0.3204157358174749,0.17922787020751643,0.0670769885050733,0,2
1cebae6715f0,0.2926008144086411,0.4594076107713118,0.18827854478093814,0.05971303003910909,1,4
1cf24b1b5615,0.1774515550986459,0.5320531412169877,0.21800688817150332,0.07248841551286322,1,0
1d01d5f6e570,0.4933924870233221,0.28241829256497525,0.13809050751248533,0.08609871289921744,2,4
1d079ba88b49,0.25725524928888177,0.3420186244523748,0.27394834887527036,0.12677777738347334,3,0
1d087706bfbb,0.2660994790014341,0.5041688768569743,0.17001382387595215,0.05971782026563971,1,0
1d243015f1d5,0.23801855263411106,0.46263700648602446,0.1997402257726507,0.09960421510721391,1,2
1d28a8b7c0b1,0.1299948017382951,0.6228775675303955,0.19476869974796213,0.052358930983347166,1,0
1d2c03c45291,0.39695152646232174,0.263402347674454,0.2229078877035042,0.11673823815971972,1,0
1d4b92eb1e86,0.12639841911707247,0.6208042348197437,0.17312863040225293,0.07966871566093088,0,2
1d667e9556ad,0.17518350623297632,0.5172466260998361,0.20864942245364998,0.09892044521353775,1,2
1d6fda0514c6,0.44688062204289625,0.23717326839367703,0.19953528554783906,0.11641082401558744,0,4
1d7af2de9365,0.08381290907955992,0.6690473573264756,0.1707563173449413,0.07638341624902337,1,2
1d81732ee787,0.1296099691977622,0.6279025584085147,0.17321709722929493,0.06927037516442835,0,0
1da8d77bfbbc,0.477928945330759,0.3257537177418763,0.1362987175711746,0.060018619356189976,2,4
1dc051f3e900,0.22211870899647898,0.47188338495944276,0.20805885556029322,0.09793905048378518,0,3
1ddffdd81388,0.3059391007580129,0.4466747301838646,0.1674633273811582,0.07992284167696427,0,4
1de4e880cb3a,0.12222342372769883,0.6628955879912338,0.1483526874740533,0.06652830080701377,1,0
1dec8f8a5290,0.08541049372393818,0.5669642876540933,0.2335042403753876,0.1141209782465808,2,0
1e0773b7e49b,0.13617513835678696,0.4814932317645199,0.26607273850478363,0.11625889137390953,1,2
1e1b4b1b53cb,0.3063302920995103,0.42696601288670377,0.1746171667465323,0.09208652826725362,2,3
1e1b97345c32,0.547652771546594,0.2591000968950222,0.1288409459990827,0.06440618555930108,0,2
1e250701d101,0.09207240739675808,0.6191134997514064,0.2361618255004261,0.052652267351409224,3,1
1e26273cf072,0.19573087162824743,0.5693115586780709,0.1780229965339731,0.05693457315970847,1,0
1e322d374cd3,0.24318284605201768,0.4908212366639958,0.1703913432263987,0.0956045740575875,2,1
1e3c3ffc9561,0.11974478093288574,0.5499603678207253,0.22548669706200714,0.10480815418438168,1,4
1e3f6f8e494c,0.05025835310793289,0.6698331583241964,0.20631228408850738,0.07359620447936359,1,1
1e4e4732d5e7,0.3827956416100294,0.3451954672722683,0.20563330570955327,0.06637558540814917,2,1
1e5680a65afb,0.6816944734102098,0.16288153212938647,0.1045472265479469,0.05087676791245638,0,2
1e5912d3fb31,0.5945775045295938,0.22429259281683508,0.1327991733659056,0.04833072928766565,0,1
1e7dc61b9022,0.2962037745387213,0.4386250465386014,0.1918909685749928,0.07328021034768449,0,0
1e7e77b791bd,0.5346403997974508,0.2458892436278809,0.1477853945381283,0.07168496203654022,0,3
1e96d5eb4c91,0.1379409504490158,0.606821873328182,0.18659542206661722,0.06864175415618491,2,3
1e98661f8fb3,0.09231183330391682,0.6164574228819835,0.18827804672002818,0.10295269709407151,1,2
1eafb760551d,0.12179691315515083,0.6119176527629173,0.20233885592083004,0.06394657816110186,3,3
1eb7f8425ce6,0.19368437728483914,0.5479027684984294,0.17554965320997523,0.08286320100675626,1,4
1ed21574ae51,0.5830155634337585,0.2051337530179261,0.13260124723349073,0.07924943631482495,1,1
1eef24598603,0.08874595890105787,0.6594646385292589,0.1763740419110576,0.07541536065862567,1,2
1ef81f7528ce,0.520338070275837,0.27528071768090195,0.137822236441788,0.06655897560147275,0,1
1ef89135ba6e,0.14433430143339238,0.5797176391844627,0.17104786691719048,0.1049001924649542,1,0
1f01637439b3,0.42487820930651615,0.3088247881874153,0.1699192178563983,0.09637778464967016,0,2
1f294b434700,0.3298694068823914,0.3353168999881281,0.206187033849219,0.12862665928026143,0,3
1f321faad845,0.2164893533905066,0.4819855521307506,0.21403746854317326,0.08748762593556939,1,2
1f44938d5c2b,0.15570365368487687,0.649445677018209,0.13763362478450739,0.05721704451240661,1,1
1f4565e83b9a,0.1203990100916997,0.5518921443739802,0.23936001504007853,0.08834883049424158,1,4
1f4ded9818dc,0.07615421752256055,0.7037218740784341,0.15162110322095046,0.06850280517805483,1,3
1f64a498ff9e,0.573618676286874,0.18648259886479382,0.16599613103605956,0.07390259381227242,1,0
1f89329fdcf2,0.3716401453516205,0.3318697454034261,0.1620815363320176,0.13440857291293593,2,1
1f8c2590aa47,0.46657930142713994,0.2673552317139031,0.183211467396571,0.08285399946238599,2,0
1f96e6c401a0,0.10891465771553921,0.5627545008981147,0.2404217736098902,0.08790906777645578,1,0
1f970230eff3,0.16905240726203066,0.49890775430309486,0.26857565937543987,0.06346417905943479,1,0
1f988b9c498a,0.3964390339849512,0.4094656052728141,0.13642209125962176,0.057673269482613115,1,1
1f9fce7e4109,0.4823444765966104,0.3073894657926562,0.1499316495440199,0.0603344080667137,0,2
1fa134cbb2f7,0.13995797418099556,0.6131177918295381,0.18097391515144282,0.0659503188380233,0,3
1fab0b8dc055,0.09806276846867888,0.6446209824882786,0.17590736677485805,0.0814088822681846,2,2
1fc1729b5b3c,0.07110114103881868,0.6800707635621202,0.15204745774343045,0.09678063765563073,1,2
1fc3de06c533,0.35742914937330417,0.3892957126557485,0.16184991914599098,0.09142521882495613,2,0
1fcc3fac4784,0.1854568652324922,0.572595666009972,0.16986099070320973,0.07208647805432596,1,1
1fe87642bbc3,0.2507068992972306,0.5154370961479984,0.16689217158601546,0.06696383296875588,1,0
1ffbfb47b97f,0.47010691261153054,0.30256691967778626,0.14116607301499523,0.08616009469568776,3,2
1ffc645c759a,0.685031620628105,0.14480153894676512,0.10640598826631249,0.0637608521588173,0,2
200c39af6b9d,0.5908557955250837,0.22423471328551145,0.11043174222558753,0.07447774896381716,0,4
201a708feae5,0.2170080435938379,0.4046778114846196,0.24337560803963773,0.1349385368819047,2,2
202662923e15,0.32520031969858465,0.37753702824584195,0.197195520819468,0.10006713123610567,1,3
20658524054c,0.49564991701762867,0.24494410191171392,0.17240059388253118,0.08700538718812616,0,3
2072fcb4eea6,0.3208036985372574,0.24866155305361887,0.294083297526298,0.13645145088282562,3,3
207743ea0f6d,0.2802236100424548,0.4272239633155048,0.21068590033340617,0.08186652630863443,2,2
207758407af9,0.3754060900549485,0.37061856845146757,0.1743105104122491,0.07966483108133476,1,1
207fa6f82857,0.2687762878577832,0.37702397392953774,0.2379828415111812,0.11621689670149789,2,0
20a308389234,0.43092832294174815,0.3734655786260141,0.13296223720678924,0.06264386122544847,3,2
20a86e21402f,0.19906116689431785,0.5298190955095107,0.2225389783694036,0.048580759226767745,0,1
20b52d3e2fa5,0.28078429650302894,0.44286468878913204,0.1947175715388833,0.0816334431689557,2,2
20d3ed4a413e,0.32689548796450957,0.39102778625331647,0.19427116038649464,0.08780556539567916,3,0
20e00874f8ee,0.10578792022208132,0.6443431283300037,0.15244459237078076,0.09742435907713419,1,0
20eb74deaf29,0.5108093128574007,0.23189020832781806,0.17368364436583067,0.08361683444895038,2,3
20f85a875621,0.3733239192234869,0.35942724341842724,0.19590818682583022,0.07134065053225566,1,1
20fa80f5619e,0.5572781713516839,0.2256401715900971,0.15664456918901265,0.06043708786920624,0,3
210570d62277,0.47746754219651155,0.32275697069059534,0.13278525322963874,0.06699023388325419,0,2
2133352e9cde,0.1464470223792682,0.5994299710307502,0.1781906284457327,0.07593237814424911,1,3
2135722ae069,0.09418803426435568,0.6433243610519268,0.20108983158032387,0.06139777310339353,1,4
21468541d7b5,0.47757485869509414,0.2473807079870682,0.17543335511633532,0.09961107820150228,2,4
214a48cfa07d,0.2266715897303614,0.45265821900935516,0.22470159464237202,0.09596859661791143,2,4
214c441d728b,0.17978263728587474,0.4952483360036394,0.22270331008698835,0.1022657166234972,1,2
215bc2b055e9,0.44477747825920616,0.272415392256006,0.16408184767055295,0.11872528181423476,2,3
216e4a640f8e,0.18564575958174884,0.6058786093407381,0.14849770687579944,0.059977924201713696,1,1
218620841a93,0.23078374440565363,0.4705097502208498,0.207592181821471,0.09111432355202562,1,4
2193df2f77b4,0.1738080922170119,0.5843375189759109,0.1779629191320901,0.06389146967498723,0,1
21b42c133cd2,0.13413148393238805,0.6358094870196065,0.17962259757192678,0.05043643147607887,1,0
21b8491fb0e0,0.24732100276293187,0.48113202051361925,0.1936616009541486,0.07788537576930032,1,1
21be1a5bfa64,0.09229768494220801,0.6884260847674111,0.13807062845338652,0.08120560183699434,1,2
21c44b9f3caa,0.4893204026673996,0.2341001452965956,0.1554521081300757,0.12112734390592902,2,4
21ce0d042853,0.20927150585486615,0.5482364109476595,0.18037108071725627,0.062121002480218145,0,4
21d30b087de5,0.40022493995113634,0.3473101659222207,0.19433423776265207,0.058130656363990785,0,0
22088825f165,0.5677525762566134,0.23157916280724083,0.11473231672919611,0.08593594420694944,0,3
2222b92077a6,0.17034591364133947,0.41492205056640025,0.27427608760144573,0.14045594819081433,3,2
22278d83c0ab,0.44228512642019124,0.31136726695571404,0.17846730671261277,0.06788029991148206,0,2
22353f3ff2d1,0.21289342152349647,0.4444307519871168,0.2357094209515108,0.10696640553787617,0,1
2252ba87b56b,0.5682554719380342,0.24906320080413966,0.08724589399390828,0.09543543326391796,1,4
22555df670d7,0.444339403501686,0.28819403452798703,0.19172265981505313,0.07574390215527371,0,2
2259b6d5ac66,0.10794991813253832,0.5459352932980243,0.2201791346974338,0.12593565387200373,0,0
22686edb0131,0.4015316111064406,0.30216285177796265,0.20830731579043804,0.0879982213251587,0,4
2280689e5dd3,0.19898781955305567,0.567488524055768,0.17431036570030034,0.05921329069087608,0,4
22869b2939dd,0.6395818402840389,0.16634630121129387,0.12933856478096073,0.06473329372370668,1,3
2287b570cdd8,0.2695679560727778,0.4614076232814834,0.19512682524823483,0.0738975953975039,0,4
2296c0ca15df,0.14516417605960524,0.5597875051647967,0.21138811026756377,0.08366020850803406,1,4
22adb7da3c70,0.4192260706896967,0.3277891058012054,0.16209548372163837,0.09088933978745953,0,0
22d433d1fe06,0.21460379870732257,0.5604852509447686,0.18051535648340247,0.044395593864506026,1,1
22ebaa704ad4,0.18232803060374972,0.4775985588649035,0.23018652590189725,0.10988688462944952,1,0
230f160d4a7c,0.17646475277764384,0.5793896982938375,0.16669717889115762,0.07744837003736095,0,0
231a5f824249,0.20075929664193018,0.502612239714169,0.21052251263082677,0.08610595101307411,1,2
232d23dcb5c6,0.15339186532841534,0.5935974172211897,0.17297632609299574,0.08003439135739927,1,1
23423a5342ea,0.4776335239327538,0.3035310513332318,0.15129220119220982,0.06754322354180442,0,1
23600e975e6f,0.19653706570116072,0.4666542823359205,0.24432731118063244,0.09248134078228627,1,1
2378d336c876,0.30922796868759167,0.36946009410626923,0.2335793893267383,0.08773254787940073,0,2
237b80c8279f,0.08590359478612587,0.5888191672927666,0.21501212574536482,0.11026511217574253,1,0
23818431bd20,0.16900091105308973,0.5661148447594428,0.19431930035022563,0.07056494383724171,2,3
2386196182fd,0.17178976804030674,0.5415280610640344,0.20807739812640907,0.07860477276924956,3,2
2386f261f756,0.46047168117807397,0.27534284418000315,0.16803208648793663,0.09615338815398664,1,1
2387e52d164a,0.13547912679360152,0.6229452311215561,0.1591182945626868,0.08245734752215558,1,2
2394a4ec8f4b,0.3033842726396869,0.424759401837422,0.18974428578137226,0.08211203974151866,1,4
23a38f510f64,0.11880216208888196,0.5862762682489719,0.21192288107716123,0.08299868858498473,1,1
23aa6dfe0d6f,0.13947242159076817,0.5968214424895242,0.1860682605648648,0.07763787535484273,1,3
23c3bf39df9e,0.27510346334714614,0.4295536020485743,0.18804604991319443,0.10729688469108532,3,1
23c62fb5991e,0.45450280824211886,0.35061661964681395,0.13911165580664317,0.05576891630442397,0,4
23d35c37a05d,0.5011879639174445,0.27214709629135897,0.17317990363173943,0.05348503615945708,1,1
23dc45d96978,0.2690728423584813,0.5003287604773003,0.13861759893352493,0.09198079823069348,0,4
23dd60be5ed2,0.12285409558002687,0.5867441621205973,0.23379962206588606,0.05660212023348921,1,3
23f0f99270d8,0.15460901858752923,0.5967683231306965,0.19248609148949955,0.05613656679227458,3,1
240198fc8e9f,0.6116332963614737,0.20500536385976728,0.12281901921272065,0.06054232056603815,0,3
242e4e777d68,0.24062972305732538,0.4531557059019663,0.23128056337293842,0.07493400766777004,1,2
2433f022b206,0.12161583363499823,0.6500452410664995,0.1714450530234646,0.05689387227503761,2,1
2437e41f60ec,0.19625397626546712,0.5377908878183595,0.2065212839441043,0.05943385197206894,1,0
243b7e22a6cd,0.39370894310736326,0.33000742412158707,0.22172370368947006,0.05455992908157947,1,0
244afdf83230,0.16349962170702564,0.5983651235413411,0.17651187264835175,0.06162338210328162,1,2
244e39a44d1e,0.3364500193905057,0.4194180437839291,0.18680251715650195,0.057329419669063374,2,1
245661629b65,0.16379718524376569,0.525948916548588,0.2123235969210672,0.09793030128657951,0,2
2460844b8bd7,0.5009719419319706,0.2356121151137975,0.16760567320090689,0.09581026975332507,1,3
246130177bd8,0.3645319840032836,0.35928184663503304,0.17383395381312006,0.10235221554856357,1,3
24623d752845,0.18069001150851738,0.529612934029135,0.1758174075296463,0.11387964693270139,0,1
247bc4bd6a73,0.23418319382547204,0.5025420405558387,0.18501657993634169,0.07825818568234823,2,2
247f40620c10,0.5783187822183218,0.196922389502022,0.14941274022578202,0.07534608805387429,0,3
2485bd38bf72,0.4462892850170258,0.28192875498318387,0.18416476327092124,0.08761719672886897,2,0
249fbbfd89d7,0.5216921081346635,0.2103228157123264,0.15346176508573645,0.1145233110672737,1,4
24aa73a20789,0.16171559335095206,0.5080773825928666,0.2133260877979831,0.11688093625819801,2,2
24b6dac13a27,0.5088747675426926,0.25530630734064524,0.1678572398567829,0.06796168525987921,0,3
24b7753e6ef2,0.36446450732089364,0.3882025751180042,0.1580605780190373,0.0892723395420646,2,1
24c3867c5d29,0.37487937697520146,0.36427956404099543,0.2051410892946527,0.055699969689150385,0,0
24c727c4d278,0.11109355749103877,0.6423303658218119,0.1631811334965784,0.08339494319057104,2,2
24cb214dd7f6,0.6010962901857868,0.17601229645689082,0.15643376371589945,0.0664576496414229,0,0
24cd517d2846,0.09603556506168161,0.6026141220287792,0.21214689747670123,0.0892034154328379,1,3
24ddf88491ff,0.2967493699992387,0.4544677029584182,0.18543830554093885,0.06334462150140399,3,3
24ec174ef46b,0.10873170940650544,0.5986134633361083,0.2312100400774882,0.06144478717989805,1,4
24edf21f4d5a,0.25382679089297294,0.4968200065643902,0.16588583083472708,0.08346737170790994,3,0
24fa5cba4f71,0.061660269114164404,0.6560224023082922,0.19918866288283643,0.08312866569470702,3,0
25134b8c00cb,0.15009944735358707,0.5508777523094605,0.19992378638850153,0.09909901394845087,2,1
2514250a50ae,0.10705014268721716,0.6388839693157987,0.17223793245376653,0.08182795554321713,1,2
251753f7ee49,0.14122247518337114,0.5926272880297792,0.20187277941856097,0.0642774573682889,1,3
2534817120d7,0.4424941513238886,0.3126398132161096,0.17056246892866497,0.07430356653133677,1,3
253710fda754,0.20436306442743116,0.49670637645737664,0.21484345668891816,0.08408710242627414,1,3
253c261bde3a,0.18003078703138398,0.5072228910881548,0.1992610370626103,0.1134852848178511,1,1
2558428fe2a7,0.5042838794620387,0.2655096408590729,0.14570974365020178,0.08449673602868672,0,2
255b4b7dbc24,0.2714948248087641,0.5015893651466833,0.1682287435689107,0.058687066475642105,1,2
255e598df62e,0.13895049217488686,0.5199743241095451,0.24910501054886758,0.09197017316670054,2,1
25710be5e0bb,0.3797799824069902,0.3188627415670736,0.21868637441149755,0.08267090161443875,1,2
25a1c199f819,0.14871401883154164,0.5906918248292178,0.1858480482601111,0.07474610807912946,1,2
25a4b11a059b,0.5850092853891025,0.18371685549722444,0.16237055635353703,0.06890330276013608,1,2
25a7988bfc95,0.5687261953227472,0.22629657089500307,0.14885411494607084,0.05612311883617903,0,0
25aabc4c9c95,0.1567218290397285,0.5017718881359885,0.21601756817568654,0.12548871464859648,1,2
25aff4eb8fb1,0.11384108387599971,0.6500528441718287,0.1569433380747097,0.07916273387746194,1,2
25b65cff2f90,0.15373895183969413,0.6106364841802584,0.17472407895980765,0.06090048502023961,3,1
25b8ba43b5a2,0.4565221042509529,0.3267808305123388,0.15764151974704613,0.059055545489662124,1,0
25be7e269a87,0.1834746379735021,0.5547978687347025,0.1965814065811401,0.0651460867106555,1,3
25ce40175fd5,0.19169141715961513,0.5648284714925019,0.16980763787091604,0.07367247347696723,1,0
25d7c75f0317,0.1022075250266759,0.6216912396804362,0.1997507725244919,0.0763504627683961,3,0
25e21353e24e,0.4669338313302652,0.27656405972587617,0.14828881449703976,0.10821329444681872,0,4
25e957bf9bc8,0.18190230199143345,0.5232714810133874,0.1975165978612215,0.09730961913395769,1,4
25f7ca4bed9b,0.29539380988733366,0.4273973602210474,0.20138396796631025,0.07582486192530866,2,3
2605bf788ab6,0.5898204741481756,0.1897996711174045,0.13932291153592447,0.08105694319849532,1,4
26142fe8357a,0.11473880008695923,0.6498392623995238,0.16483845927681562,0.07058347823670152,0,2
262dd75dd358,0.16650008098954774,0.48011834589191704,0.22464992951154059,0.1287316436069945,1,1
263e1aad5f55,0.25965820062767875,0.49063092269810377,0.20133273455930234,0.048378142114914785,1,0
2647aa350094,0.1700009799524819,0.5737210206282253,0.18646383310219805,0.06981416631709471,1,4
2651f80c25b1,0.46247577573080345,0.31034416429170136,0.16777248591291716,0.05940757406457785,0,2
26648048b098,0.13542164925632838,0.608697798516459,0.18682915194451785,0.06905140028269467,3,4
269a455c3c91,0.47800704807270133,0.2865895245075202,0.1468386927797554,0.0885647346400232,0,3
26ae7b9c9414,0.36480041483421694,0.3582764393132922,0.16551535836156153,0.11140778749092904,1,3
26b0111b51b9,0.5560053791282085,0.20724594525913437,0.13680462970965857,0.09994404590299841,3,3
26b07f9e9e24,0.48813900222637596,0.28326938460631573,0.17156923506972271,0.057022378097585646,2,2
26becb3b6c16,0.5094346076904139,0.27112562948124797,0.15466062142450301,0.06477914140383519,2,2
26bf9b216e9c,0.15428416774452197,0.5724034097096562,0.2121152544558986,0.06119716808992311,1,1
26d5f296c24b,0.20922893111829888,0.5607007649594961,0.17523469240718145,0.054835611515023586,1,3
26ec93608fcd,0.22524361614912525,0.4682915839100301,0.19573269897970894,0.1107321009611355,1,1
2708e654cd46,0.3559743800470566,0.3061208905489743,0.22781884714030903,0.11008588226366015,3,0
27153365136b,0.12267265278330183,0.622991967156712,0.1760599681542464,0.07827541190573972,1,4
272233b43d12,0.10279023103916976,0.6646352193068097,0.14863571672288564,0.08393883293113452,1,3
272dfcc2c228,0.5264360965478613,0.2365462610683443,0.16498222725117126,0.07203541513262288,3,1
27307dc8cdb5,0.4312540704778615,0.3308526083191291,0.17417250278947471,0.06372081841353468,1,2
273cfc39402c,0.49226914193451304,0.289700326078438,0.1599228132840152,0.058107718703033905,2,1
27438e27d86d,0.3002220198026866,0.49557344061455605,0.1491303303134939,0.05507420926926322,2,2
274ee714467e,0.15836676191969173,0.568055421154944,0.19632607062364402,0.0772517463017207,0,3
27513bc45ebe,0.0717564289356825,0.5946354576863929,0.24611534887746553,0.08749276450045933,1,0
275219c98ac3,0.34226632863487194,0.42494632728947646,0.15005815601681957,0.08272918805883188,2,3
278fc970196c,0.4561370585231247,0.28428116289075017,0.17561719367754733,0.08396458490857782,2,3
279ff8b28326,0.09311530050317582,0.6237777637829809,0.2326889766112893,0.05041795910255406,1,4
27c586844ff7,0.06996744388185211,0.7404853350866145,0.1276008288862505,0.06194639214528308,1,4
27db1806a764,0.4146210311234907,0.3696013397802676,0.15775167457254033,0.058025954523701406,1,0
27df06029861,0.3496744882886249,0.3612510091944962,0.21715965052339722,0.07191485199348148,1,0
27e863fac512,0.4264378616451657,0.3308381061877224,0.17457761440853065,0.06814641775858131,1,2
27f620156b1e,0.3992088041750543,0.3958341861679728,0.1713295798021669,0.03362742985480614,0,0
27f8616263ed,0.14535771342478285,0.5944524893022651,0.20123483971758044,0.058954957555371716,1,3
280355493a53,0.09241577154736827,0.6899016607526363,0.15800292912634886,0.05967963857364658,1,1
280826f3c8cb,0.10905024802521061,0.6594063876767279,0.15646194955389134,0.07508141474417017,1,1
2813f9090abd,0.3127292993314679,0.3851970162935127,0.19526368981757136,0.10680999455744825,0,2
281d15ca6f64,0.2375565999038828,0.5143716175957214,0.17560036032896553,0.07247142217143016,1,2
28353a62fc75,0.09082477678923698,0.635820648229542,0.17429953533283393,0.09905503964838672,0,1
2838d8cb10ba,0.5092466759175596,0.2692342463170005,0.162965688047721,0.058553389717718965,0,4
28449108106b,0.07737507324546815,0.7043520144068272,0.1467720761789524,0.07150083616875229,1,0
285d0448622f,0.19260432435826583,0.515860342683481,0.21134530250291372,0.08019003045533905,0,3
2863afd4cd1e,0.3124405054133792,0.3796694232151403,0.20649918915580742,0.10139088221567316,1,4
2865cb42d240,0.39268283078373784,0.33854129025363994,0.15087459824041036,0.11790128072221227,0,3
287b389f997b,0.1590109377223169,0.49703631957328037,0.26566543868665826,0.07828730401774417,1,0
2883027e4eb2,0.25478859360216105,0.49943319742504283,0.17991249163390047,0.06586571733889555,0,2
28a5850d4c73,0.1474880192195746,0.533298796550505,0.2254763404642634,0.09373684376565704,1,2
28b1968260da,0.45449251671872487,0.2967390782968867,0.1542886101411261,0.09447979484326256,1,3
28b923d25bb7,0.13169785445757834,0.6450800387661418,0.14610344621037535,0.07711866056590438,2,3
28bd779b2f84,0.6531410280328767,0.17301539623538878,0.13287807372767588,0.04096550200405866,0,0
28cd5ee432cf,0.43171587323260147,0.309292649249037,0.16698815046322257,0.0920033270551389,0,3
28ddb604e393,0.10432575587694312,0.6598763649847768,0.16448184612795205,0.071316033010328,1,3
28dddc8559b2,0.2563714280687966,0.44055972543649174,0.2413531719416834,0.061715674553028274,3,1
28e1a974995b,0.16456446603093958,0.6195936064176175,0.14596420303205815,0.06987772451938454,1,2
28f828b5e399,0.25497389901679646,0.4913985417925353,0.17740845610644582,0.07621910308422207,0,2
28fa33eef652,0.10853772106110843,0.659339180014988,0.17046297480305792,0.06166012412084537,1,2
2906f6903294,0.2127543618916857,0.5015203319911103,0.17366855642019055,0.11205674969701288,0,3
290727bac658,0.1790807863275735,0.5895823072013466,0.1737844376265197,0.05755246884456008,2,4
291df618f81f,0.11570864127707157,0.6421102179501678,0.16879572501975365,0.07338541575300676,3,3
29240c2eaf30,0.15856267024046206,0.598416389225776,0.16238099899406808,0.08063994153969382,1,3
2938b11fe3f2,0.18691611034870442,0.5847137648177747,0.15504537541172955,0.07332474942179103,1,3
2951b5526194,0.10376146058965552,0.6650068737637419,0.14058266354064994,0.09064900210595245,2,3
29552af481ab,0.18082697612607723,0.5052294792588521,0.21403520212989627,0.09990834248517429,0,1
29578de12813,0.17984140632652254,0.6076587312961215,0.15175223403159604,0.06074762834576034,1,0
295c226093ed,0.2972890789693993,0.46389943592074395,0.18498665482294638,0.053824830286910354,1,1
297e73031b62,0.24429319556021425,0.5128736275260357,0.19134732523969547,0.051485851674054575,1,1
2980304e9bfc,0.3344155738988514,0.34229104241284236,0.20693439001431035,0.11635899367399605,1,0
298767d24da4,0.13401876665811668,0.590570935395685,0.21191681690386494,0.0634934810423337,2,4
2990579c982c,0.2895069431319553,0.39762319647833677,0.18467609872312313,0.12819376166658464,2,1
299201b9ba40,0.20045557714897316,0.4697765802880686,0.22261595170322676,0.10715189085973142,0,0
299de817cf02,0.2764402087546892,0.4678759641781871,0.17214798526435734,0.08353584180276626,2,4
299f34b2a99c,0.3419889605874358,0.41268502536169926,0.16134266358364444,0.08398335046722032,1,1
29afa03eedd3,0.1530323074968782,0.6351604241276986,0.14844597564385875,0.06336129273156406,0,0
29b7fce85c4c,0.28575061391430984,0.4017898943541252,0.21671050848941859,0.09574898324214651,1,2
29cd2e8cd19c,0.388733719607839,0.33325252317589316,0.18630342655333096,0.09171033066293698,1,0
29df47042061,0.4982087562488441,0.29119588349873304,0.1492352676798254,0.061360092572597384,3,1
2a1768cea4ae,0.5453055304634947,0.21701853307648553,0.19321212076906602,0.04446381569095388,0,4
2a34f33583d3,0.220984139154914,0.5425741643548317,0.1886677229326456,0.04777397355760821,0,0
2a35c8a7742b,0.2360712189688399,0.512315581989813,0.1937241845440979,0.057889014497249244,0,3
2a457a88c49b,0.49853101308425574,0.3221660286982754,0.11078233326794502,0.06852062494952361,0,1
2a886a5ecdc0,0.4452343902678864,0.34175362693553824,0.13590636617846366,0.07710561661811222,0,1
2a8a246f1ebb,0.4849437686015732,0.2629622047387393,0.1950748033365574,0.05701922332313002,1,1
2a99eceed859,0.174271797162328,0.5775244224479307,0.1895793566876625,0.05862442370207923,3,2
2ab426f9cfcb,0.4208770488479664,0.35486040328613844,0.17744990791458212,0.046812639951312955,1,0
2ac71ff83527,0.2131283323927841,0.5246453800001971,0.20459416854821877,0.057632119058800044,0,3
2ac74c9a0635,0.10153113772524515,0.6746578077797533,0.13416527223750838,0.0896457822574937,1,4
2acecb7b0b72,0.664006141442859,0.17946020874920826,0.1140710728884778,0.042462576919455104,0,0
2ae591e11315,0.4359113880502728,0.34545353729341843,0.17870892274407166,0.03992615191223714,0,0
2afe9fa4b788,0.525699835134388,0.25534244269641493,0.14275718209669772,0.0762005400724995,1,4
2b074ba8887f,0.34376052967640863,0.39438698888728657,0.18871106044360209,0.07314142099270261,0,0
2b2548a40da2,0.227878702276218,0.5550894463626787,0.17805771505355836,0.038974136307544587,2,1
2b26cc349c14,0.3894834656004114,0.39053063680505123,0.15294574165956434,0.06704015593497306,2,1
2b2ab9538843,0.1198883228044977,0.6239937567649584,0.15612178510144203,0.09999613532910166,1,1
2b2e8f74947b,0.3905618892352127,0.30511526775345427,0.20935756373806497,0.09496527927326807,0,0
2b2fb5f5273c,0.418970546763085,0.3361186722668779,0.18250544766792445,0.062405333302112675,0,3
2b4a46eb9079,0.19327125194674308,0.5220042134216215,0.21574070533130496,0.06898382930033096,1,3
2b6132fe557c,0.4234112434225343,0.30059376018791284,0.19201130263949445,0.08398369375005833,1,4
2b70f1b3b474,0.13186660347042578,0.6508730450374218,0.1590567929781164,0.05820355851403584,1,0
2b74c9c8b9fb,0.3764708557248547,0.3909349761250952,0.1563528358992172,0.07624133225083285,0,2
2b7dbc950356,0.4888713660389148,0.2993722093348055,0.14777679191798615,0.0639796327082932,0,2
2b7fc6e4fd1d,0.629527578166083,0.17421332143400375,0.13574976000403496,0.0605093403958782,1,0
2b8680eba187,0.13150664781745505,0.6674263578126625,0.13666429456327592,0.06440269980660646,1,3
2b9150b35d3a,0.1303689537213127,0.5219272796886946,0.23934890823043348,0.10835485835955927,1,4
2b9eb0cb1e87,0.16656474701857016,0.5783706223241271,0.18908426005685186,0.06598037060045116,1,0
2ba80f7a6982,0.5671135828009852,0.2125961015287251,0.15166798141767232,0.06862233425261742,0,4
2bd907ae6451,0.04840766647640728,0.7086539133576764,0.16311890167160323,0.07981951849431349,1,2
2be25a892bbb,0.23123201590488832,0.4655011612705819,0.22569019523911193,0.07757662758541783,2,4
2be9fed93af5,0.2151556964192875,0.5126799247717814,0.19571745272205546,0.0764469260868757,1,4
2bfe8dcbdbf4,0.2391404499109616,0.49146690478311794,0.19730366117891224,0.07208898412700823,3,4
2c082a595014,0.33965128908270964,0.3540552284544425,0.21843995966813257,0.08785352279471531,0,0
2c09d33b5038,0.2011788240834956,0.564406843510893,0.15155656265764847,0.08285776974796266,1,0
2c1e782a68d9,0.2840310778204046,0.4037410110238193,0.2285190865996199,0.08370882455615622,1,0
2c39d421bc0a,0.3841606986942985,0.23657609308816133,0.22423429638378198,0.15502891183375814,2,0
2c45ab64718f,0.13070576874333106,0.5214409558685476,0.2548616498932626,0.0929916254948589,1,4
2c5b54bddd52,0.46338490491953255,0.25602883511769026,0.1868398903932881,0.09374636956948915,3,0
2c78ef584129,0.4047449720542562,0.356805378371753,0.15530044052374803,0.08314920905024291,3,2
2c7d0327a977,0.2639720133536148,0.5022920878926453,0.15300065407476665,0.0807352446789731,1,3
2c84e6b44349,0.42003453480911673,0.2833878371246837,0.2039817359699012,0.09259589209629852,1,4
2c94d957e11e,0.27349225917193415,0.44836117697771877,0.2332732335958397,0.04487333025450747,3,0
2ca53fb28d25,0.413646693902133,0.3594803369491243,0.14050164148459227,0.08637132766415073,0,4
2ca72ba9a015,0.07605601274299419,0.6305719093886798,0.2304984807427306,0.0628735971255951,2,0
2cd2a236d885,0.21647606018118126,0.48095677911380974,0.2229589801726084,0.07960818053240044,0,1
2cd813a52fb6,0.3600580723946801,0.3892281365757653,0.17409977447895522,0.07661401655059917,1,1
2cda294cfd79,0.5313659560735409,0.2254099093904344,0.18372954131021427,0.05949459322581042,0,4
2cf18332758d,0.09898888049055309,0.6843920814313144,0.15246823621663438,0.06415080186149821,1,3
2cf2b94084ff,0.1410299567285691,0.5970916416798127,0.1917789016915235,0.07009949990009468,1,2
2d0150e971af,0.3076329542877739,0.438336339273857,0.1793404322247017,0.07469027421366743,0,4
2d0316dc8a88,0.3094475809584358,0.39440433995692575,0.2031857272223514,0.09296235186228712,2,2
2d0a69701602,0.25964752731387836,0.5194429071640987,0.14072629372380124,0.08018327179822189,1,3
2d14bd39454e,0.4625934680890899,0.31426645330612996,0.14554190928495236,0.07759816931982777,3,4
2d425408deca,0.09634716976391307,0.6478911625206677,0.18096858886935807,0.0747930788460613,1,3
2d4e08bd3523,0.5694967004677292,0.2073106874471236,0.13349593652238967,0.08969667556275755,0,4
2d51cfed3fed,0.3361663652378025,0.3751129969680723,0.1930222865128571,0.09569835128126848,1,4
2d5c41d6e69b,0.5079436919562852,0.2746972571956342,0.13153318911699244,0.08582586173108793,1,3
2d5ede149efa,0.46815678945425665,0.31835373483528695,0.14349571257169427,0.06999376313876204,2,2
2d5ef00a9d18,0.3947170382327526,0.3307959313272333,0.1820279575318463,0.09245907290816763,0,3
2d7154c413fa,0.11813399932678863,0.6245594919935533,0.17500525257706315,0.08230125610259471,1,3
2d794121b64b,0.1693845201495393,0.523184232141513,0.20560296128527544,0.10182828642367221,1,4
2d7e68ba5e8b,0.12256437757732169,0.656087559342358,0.15398153590536587,0.06736652717495466,1,2
2da89579be93,0.21071838653929353,0.5594201116310102,0.1540271885863468,0.07583431324334976,0,3
2dacdf109030,0.3354694098508053,0.376429627234811,0.19555641529819567,0.09254454761618786,1,0
2dc2ece5a7b6,0.20201768781425378,0.49082396380071514,0.23429448519382395,0.07286386319120705,0,0
2dd2e2a2c848,0.6714659159766814,0.16201341720409093,0.12294090406328084,0.0435797627559464,0,3
2dfe7f1a0fb7,0.4542384304574132,0.3838821027092847,0.09206239637149312,0.06981707046180917,1,4
2e04415f03e4,0.5759447329297296,0.1737338522824444,0.17271601927887847,0.07760539550894717,3,2
2e2d6ef7ecbd,0.30542768202165443,0.41947841716194073,0.19020271271041048,0.08489118810599479,1,4
2e34bd2e9262,0.14060823616998325,0.5295892711119601,0.24433662669794826,0.08546586602010821,0,4
2e44e9056939,0.08159421673801684,0.6563968249677888,0.19378767059636745,0.0682212876978269,2,3
2e47497e7ad0,0.48332468191025785,0.26414158991361647,0.18225721401695372,0.07027651415917191,0,4
2e490d6ef2e1,0.25555635655041065,0.513482853169599,0.15807196608314558,0.07288882419684473,1,4
2e52e7ea9fa1,0.1497942485320093,0.5496280940671979,0.2182774409110726,0.08230021648972025,1,3
2e58096bdbd9,0.5324226380609506,0.25090875946218166,0.124843251048757,0.0918253514281108,0,1
2e6158c0eb68,0.2339377478205827,0.5773412957047841,0.13236859926933003,0.05635235720530311,1,1
2e6176e3daea,0.19160412552496645,0.5588602181103542,0.14298753590434896,0.10654812046033056,1,1
2e8e6d58eccd,0.24514681610531494,0.47752808031354954,0.220722010937559,0.05660309264357659,1,1
2e977a960427,0.4498948696114579,0.27879174260657263,0.18121986270397192,0.09009352507799766,3,4
2ea5d1b25a2d,0.4942433903334587,0.22391678105643678,0.18782288105594652,0.09401694755415825,2,4
2ea7b438ec6e,0.6082352157569478,0.19922987845480733,0.11563945868405409,0.07689544710419045,0,3
2ed4ce2d96bb,0.13396286599473567,0.5596482848236267,0.2085743303686902,0.09781451881294721,1,2
2ed67f90c729,0.21425954362731303,0.4530661024651115,0.2461629966000285,0.086511357307547,3,3
2edb1488b0b2,0.10389846558268905,0.6846881246566723,0.14888938042919184,0.06252402933144675,2,4
2ef14d372428,0.2616557016371727,0.44980989973926067,0.16800300300701207,0.12053139561655452,2,4
2ef198e99a5d,0.5000703398537535,0.2145144857610554,0.18254482095048774,0.10287035343470328,0,4
2ef447a9a325,0.46089719210718444,0.3467037916219126,0.11056331066453307,0.08183570560637,1,1
2ef5eac2100d,0.3862219216536852,0.38864954937957474,0.15000143120086362,0.07512709776587598,2,0
2ef93adeace6,0.3485244184831216,0.39852818081428426,0.1561847303256772,0.09676267037691691,0,1
2f21ed3dc84f,0.24228576320421447,0.41377986069375056,0.21542860299882985,0.1285057731032051,1,0
2f3b1d05c8c2,0.37753511703365394,0.38521531550422383,0.1735070250170524,0.06374254244506945,1,1
2f5749d77a09,0.5125847643804906,0.27727456994684707,0.13315011668633825,0.07699054898632397,1,4
2f5d56af2a65,0.3105268069517745,0.37702014023508185,0.208296504639748,0.10415654817339581,2,1
2f606487f89b,0.1762280884039268,0.5854673142803914,0.17435156672329732,0.0639530305923844,1,2
2f6f6db14684,0.3697801501279305,0.33882118453387605,0.20827831214490972,0.08312035319328356,1,4
2f771861f952,0.2122654129955765,0.4654179109356674,0.20856376187390796,0.11375291419484802,1,1
2f9310ed2cb2,0.12056371030179583,0.6485996070240143,0.1798305075281439,0.051006175146045864,2,1
2f969d2bbb31,0.12009246808960627,0.6184113168570393,0.20067635718621676,0.06081985786713765,1,4
2f9813ec9d81,0.1229516767234409,0.6531243327645251,0.17107196410683548,0.05285202640519842,2,1
2fac6ca52178,0.5554190353940271,0.2616163494831769,0.13696978185477368,0.04599483326802219,0,0
2faea6510f1e,0.12267440078204406,0.6486748916300066,0.16034319316967202,0.06830751441827747,1,3
2fcf66c1d5e1,0.10130096515360029,0.6310360978289505,0.17676067135545148,0.09090226566199766,2,3
2fe13c059026,0.17261710069199457,0.6156995190898364,0.149631026817486,0.06205235340068297,1,1
2ffd353f8ba4,0.07784693897230949,0.6599944085653734,0.1760485655770973,0.08611008688521994,1,1
3004fe97a3ca,0.3996746708893085,0.31426741390735496,0.17721322306207238,0.10884469214126392,2,1
3011ca5b6f43,0.218957184703286,0.5015643555682853,0.2120023964001223,0.06747606332830662,2,1
30177765470f,0.27170077887702737,0.4044921686285032,0.20315524000223403,0.12065181249223572,1,2
301e45e1e65f,0.3061228441434353,0.38735691401395,0.22787649756359762,0.07864374427901721,3,0
301eeda8a014,0.10012857988579384,0.6895011823287266,0.1389626258539288,0.07140761193155097,1,4
3022c6eb64bc,0.11902718484396851,0.6503738247046275,0.1566039063412765,0.07399508411012792,0,3
3033f19402f6,0.07269140429507999,0.6593445787600779,0.2011485622895651,0.06681545465527719,1,1
304cbc1f068d,0.5307519863476151,0.24501987235033237,0.16109541883202178,0.06313272247003086,1,2
304f8125817a,0.16861270519099236,0.5097001055625475,0.22882743433392047,0.09285975491253945,1,2
3054a85afa87,0.2892836642167628,0.3898697205765651,0.21540298937958166,0.10544362582709058,1,4
3079db177db4,0.19999168167638354,0.4784338524615101,0.21572935985023753,0.10584510601186875,1,1
308464f7fda3,0.15188382813239945,0.42109648670289107,0.29764576698448725,0.12937391818022229,1,0
3084edc5e8cd,0.31680162387839583,0.407039639468596,0.19171342393587681,0.08444531271713115,1,2
30aa2c27d732,0.6132800794129022,0.23373758875384582,0.09204737039985025,0.06093496143340171,1,2
30c274c783a2,0.167705921960511,0.5199441429706666,0.22156467724823858,0.09078525782058378,1,0
30c9e5013527,0.4172137236680803,0.33863260794274413,0.18719433463214605,0.056959333757029676,1,1
30def70773d8,0.4236377519353531,0.30294732067974384,0.13494788670061356,0.13846704068428967,1,0
30e45593ba08,0.40991242522241605,0.3331551926851403,0.18276993008200992,0.07416245201043395,1,1
30f89ad8f0d8,0.14635681081140597,0.504581083278072,0.24961908256650436,0.09944302334401758,1,4
312b098c64a2,0.13911192520552143,0.6241182887817701,0.1628615215756597,0.07390826443704883,1,0
3130e60ab20d,0.2054581275560301,0.5127056554751127,0.1930076193999764,0.08882859756888092,1,1
3143117893c0,0.5258147607497332,0.22040464616283723,0.15455035440144368,0.09923023868598614,0,0
314432832e5d,0.20945685847260093,0.5490067357716205,0.1869957871354949,0.05454061862028394,0,2
315654b04e6d,0.05186891043394157,0.671376694047252,0.2011739323750559,0.07558046314375026,2,0
31585f62e64b,0.1343343341775549,0.6324008306097905,0.1569348997934054,0.07632993541924982,1,0
31662d55ca54,0.5693340093052365,0.23926326480833313,0.1337745264973515,0.05762819938907889,0,1
316a5c0840f2,0.119487095243077,0.6250984536772852,0.18490259773945383,0.07051185334018373,2,0
3171080f7d14,0.14022516721710798,0.6140824915353034,0.13965176694767203,0.1060405742999164,2,1
3174008702cc,0.5492235715018213,0.24927802080102496,0.14598306074222137,0.055515346954932196,2,1
318ccb5d4c6d,0.13576006710651695,0.6340067321573283,0.1509600447511501,0.0792731559850048,2,0
3190721e0a77,0.17775270743099147,0.5502834485196334,0.20354852846904992,0.06841531558032517,0,4
3193e2366c40,0.18484227832202668,0.5738272353244309,0.17835083230633966,0.06297965404720282,0,2
31b0af5bc54d,0.4323983652830444,0.33390051123395115,0.16794722595536582,0.06575389752763874,0,3
31b12697883a,0.21175096369772964,0.4648422742006397,0.24236672499123882,0.081040037110392,1,4
31b95e5b35a7,0.15886856227718874,0.5621173781773483,0.2098604075244546,0.06915365202100793,1,3
31c8e40bf4bb,0.35322706290113715,0.4105015855035945,0.1807687209339543,0.055502630661313855,0,3
31cb04f8bc04,0.4328625986293647,0.3020495985348224,0.16884655685052422,0.09624124598528858,0,0
31d2ad10ba47,0.16795477420416893,0.5230068948397397,0.21847227002252798,0.09056606093356388,1,2
3217a8869694,0.17678361605659068,0.5289757411057732,0.2092350160075537,0.08500562683008231,1,0
3218844882c3,0.5194910908512909,0.269221639912744,0.14720225135334314,0.0640850178826224,0,2
32218484a1a6,0.08900698787333297,0.6060083301023876,0.18424926027557298,0.12073542174870665,1,0
32240b045a58,0.2543148308056022,0.5117269962074406,0.1761626583291507,0.0577955146578066,1,0
3234ad871f06,0.5140809123909086,0.22202352412348275,0.17033223580928122,0.09356332767632759,1,4
325163dca428,0.20346773457339273,0.5416649200667482,0.19250270954594362,0.06236463581391544,1,4
325c6a75b0a5,0.23953868987829358,0.5190474564558599,0.1812187592571071,0.06019509440873952,2,3
3271d3fa61e6,0.36565646715344624,0.4071009511266181,0.16349772371645271,0.06374485800348312,1,4
328c8b6431a3,0.16188102608573146,0.6194874679825464,0.13138976940363814,0.0872417365280841,1,2
328da94078ec,0.3094401522641967,0.33287990853910143,0.20445141073927042,0.1532285284574314,3,0
32a71d3ee25d,0.29121210234486583,0.4692181269761441,0.17398876569236765,0.06558100498662241,1,3
32bf7e54a7ee,0.2988334950542494,0.3905054956673161,0.20355202727762362,0.10710898200081118,1,3
32d20157a012,0.3626140492856837,0.34826832970083355,0.1984930622495137,0.09062455876396902,2,4
3309d981e5fe,0.16619223326085095,0.579733968262426,0.18257764945327098,0.07149614902345232,1,1
3312377895b6,0.14498978639438634,0.6525280101943645,0.1496908324112134,0.05279137100003609,1,1
33198ca96dce,0.2191783549855223,0.48943338167464484,0.17690456510356423,0.1144836982362688,2,3
33354bc058ae,0.06749110793797765,0.6498867952053069,0.2133236309321996,0.06929846592451565,1,4
3340562b3fce,0.10634785623013912,0.6605936689011839,0.15306889759939246,0.07998957726928455,1,2
334ac465b405,0.13052185500651525,0.6256301602537347,0.17777967041056736,0.06606831432918246,1,1
336e2335b62c,0.46838174699535945,0.2998896822448037,0.13219812683309137,0.09953044392674572,0,0
336f9f6681a0,0.25713681134159516,0.47959639071749005,0.18857441400864822,0.07469238393226667,2,3
33711998b257,0.5156965707438055,0.2450668607524414,0.17053514593574065,0.06870142256801226,1,4
33745ae11797,0.21224799574765413,0.5327209690163188,0.169357877700392,0.08567315753563488,1,4
337a7a92aa4a,0.1104795904324015,0.659801630601018,0.15287067117217829,0.07684810779440197,0,2
337e3525ca2c,0.16324086540543417,0.6413832871121719,0.12916492337337412,0.06621092410901996,1,4
33a89772f781,0.21014365822369688,0.5667056619181884,0.17457286084026635,0.04857781901784849,1,1
33b6e91fe73a,0.09863616800218096,0.6599299805526186,0.17960595328299583,0.06182789816220444,1,3
33fca09f2e00,0.14636132492245213,0.5398433413440176,0.22281502425960192,0.09098030947392825,1,0
340106349073,0.3834044535506803,0.3312816644492158,0.18197680851441977,0.10333707348568419,3,0
341323496486,0.4426742657698145,0.25984613458291655,0.21303451543590468,0.08444508421136392,0,3
341a8f794069,0.18977534033399746,0.6059696764478532,0.1374093820758814,0.06684560114226806,1,1
34366c4dcaa6,0.4030008586584973,0.3658483994250423,0.14503356407931853,0.0861171778371418,0,4
34483c9319e9,0.09412337378529345,0.6437014202356274,0.14965211152646685,0.1125230944526122,1,3
345d0da3ba63,0.1347733976768057,0.604098073675344,0.16759087940842773,0.09353764923942286,1,1
345f41e15373,0.27776800164674187,0.4302706464352169,0.2248825524019781,0.06707879951606288,0,2
345f8129863d,0.15625975959114052,0.5774929563547633,0.1779133317035586,0.0883339523505379,1,2
346c65dba4d5,0.3251402186610412,0.4366960090607255,0.15924176440831783,0.0789220078699157,1,4
347c521c9d97,0.17518015755278524,0.5518785294524277,0.20496515761123782,0.06797615538354947,1,2
347f9ca3f295,0.09025843207931239,0.5879785422572102,0.20544330822829723,0.11631971743518027,1,1
348bf841d923,0.39791220963247403,0.2992453841039265,0.22094686506890532,0.08189554119469444,1,0
34b3c1b15cde,0.2706485191848683,0.46651801821910815,0.20065081016862918,0.062182652427394465,1,3
34cff27c2a43,0.14246094560636544,0.5601839790678821,0.23014090807541596,0.06721416725033649,1,4
34d360dd549f,0.2985724775092393,0.38499007985216055,0.23176403507182608,0.08467340756677427,0,2
34d7f214a7e5,0.5794157565882816,0.21895184730359293,0.13688858594748532,0.06474381016064044,0,4
34d9932348fd,0.2859350114881993,0.48669913298226425,0.1747661163772169,0.05259973915231967,0,1
34e76fd17a93,0.25150779544680324,0.5368720536456447,0.1542342594883722,0.05738589141917978,0,4
34f012146c73,0.1004476481419115,0.6371442811357303,0.21165760403966255,0.05075046668269558,0,0
35035b97e536,0.05363103597984073,0.7037745004547765,0.1700630507916219,0.0725314127737612,1,2
351c9f9580db,0.1265836053907567,0.6252510293080961,0.17861810388389765,0.06954726141724951,1,2
352cd75fce3a,0.4342888255824709,0.31840648145727907,0.1705672634740854,0.0767374294861649,1,4
3532ab7e51f2,0.46978985614998975,0.295814506116404,0.12729292075871435,0.10710271697489179,0,3
353e8d1d3147,0.11128297199340298,0.641629600349412,0.18148785964524244,0.065599568011943,1,4
354ac6bf2105,0.290534603038753,0.38514640219456725,0.2482706657866026,0.07604832898007716,2,0
354d310f53ef,0.19253579409104332,0.5875239848498923,0.1628688721124627,0.05707134894660131,0,0
354e69d0e3e4,0.5622098776441912,0.2073037282590942,0.16100697817613654,0.0694794159205779,0,2
35521a34aebc,0.2013127940961987,0.5089142150250505,0.19994330695747095,0.08982968392127996,1,4
35547e12df7f,0.5818723678051727,0.2215087433520247,0.15021074177150434,0.0464081470712983,2,1
3572cab7a345,0.32964408951664415,0.3808595155708908,0.1929074730041119,0.09658892190835325,1,4
357734e7588b,0.06243382521893529,0.6505593449800232,0.15560563084988013,0.13140119895116167,0,1
358e736e289e,0.22478852984975822,0.4361320855807644,0.24162661448256356,0.09745277008691376,2,4
35aff487b8ce,0.35707891601729597,0.3804315362537047,0.17990718917207663,0.08258235855692275,0,0
35e22da3e615,0.3533044719489245,0.40962361770863964,0.17497848148851136,0.06209342885392401,0,3
35eb68ca9b50,0.12545052330090287,0.5859914560412517,0.2181880463778907,0.07036997427995469,1,1
35f1420690fb,0.41978799997621413,0.2680206516645996,0.1830040976614105,0.12918725069777573,1,3
35f759f8d1b8,0.35580648845510493,0.3676012192695496,0.130836704226153,0.1457555880491924,0,1
35fece530971,0.28879869525224816,0.4359626711123759,0.2203947598971367,0.05484387373823905,2,2
3605ff235600,0.09274218268711899,0.6623124710193532,0.1759098204034017,0.06903552589012622,1,0
360a419fd953,0.3572987725174953,0.38099913595284773,0.1768992324260499,0.08480285910360716,0,3
360c787839e7,0.06854520692950039,0.6175750168659176,0.22272273766266842,0.09115703854191348,1,1
3617282997a6,0.5087335285336234,0.22974112712404363,0.11984306041868374,0.14168228392364934,1,1
361e431e4401,0.1325788421325561,0.5850038891641575,0.2162731518051566,0.06614411689812996,0,1
362a970635e4,0.16486135910839675,0.5239459535208281,0.22807013501713003,0.08312255235364505,1,3
363454850843,0.16363253666348973,0.6107376520064479,0.14762072641131502,0.0780090849187474,0,0
3638f959c7a3,0.3175455385160759,0.38874198579636604,0.19647232980410284,0.09724014588345535,1,3
363eb5029f21,0.1634561038651872,0.5796431112282324,0.19556063595073053,0.0613401489558501,1,0
364f5d65a02e,0.18104243429696307,0.5292501221077333,0.19472458999657574,0.09498285359872824,1,3
36582a5faf1a,0.2832694795302147,0.38221818198501095,0.22704000116409892,0.10747233732067545,0,4
366c5acac35b,0.44436164595869904,0.30415070312941295,0.16080424690451736,0.09068340400737049,1,0
366fc85a2ac8,0.2154681057740055,0.45017752616168843,0.24488099090108997,0.08947337716321602,0,2
36746fa2ffc4,0.12070885981032092,0.6399700476576193,0.1918181823656124,0.047502910166447705,1,0
3694e0a1d9aa,0.2598447986359491,0.5104684676300577,0.18135857956366583,0.048328154170327355,1,0
36a0d836672c,0.4084925421218671,0.3962487502407298,0.12008244201038581,0.07517626562701733,0,3
36aafc1b1c20,0.21194482758655128,0.5307724231041794,0.1945740426699018,0.06270870663936762,2,1
36b8b0686937,0.29338672201426497,0.42244271977223374,0.17407689499599946,0.11009366321750196,1,3
36badedeccd9,0.18442883466184037,0.501137685319539,0.1955021895217195,0.11893129049690107,1,2
36bb4db0e4cf,0.0865149142009492,0.6714425716147059,0.1600565724408549,0.08198594174349007,1,2
36cbfe6f866c,0.2968650120470431,0.4573872078527007,0.1747419169334289,0.07100586316682748,1,1
36d6d8418099,0.5807713955078208,0.1975498602644195,0.14951177439545713,0.07216696983230277,0,4
3708f056c708,0.11425925083440515,0.5479074865994972,0.22946529407918,0.10836796848691779,2,0
371638df8cd9,0.34901158196621934,0.42516155225301555,0.1603521321232543,0.06547473365751046,0,2
372796623006,0.664308311042533,0.13165358568096747,0.1318830666886215,0.07215503658787799,0,1
3729a3c2fafa,0.2938987073438094,0.4090028650191238,0.1962630452712764,0.10083538236579054,3,2
372b63702c46,0.1022341562004392,0.6108803947630415,0.18513779036349529,0.10174765867302445,2,3
3741bdbdbd77,0.1990099101795984,0.5679477156718965,0.12713833554482654,0.1059040386036784,1,0
3757a5a70aa8,0.33800801186407686,0.30451849417074106,0.22245396653190797,0.13501952743327406,0,3
375cac343d45,0.2767018702145627,0.43652338641529237,0.18252036791139878,0.10425437545874605,2,3
376a75f57405,0.3411378674495142,0.4074754938883713,0.17224889012743239,0.07913774853468222,2,2
376f075346cd,0.14029328953165027,0.6223794824935676,0.1462964174578615,0.09103081051692052,1,3
378cee3c149f,0.2717203066564801,0.42049755731816973,0.22610639136164032,0.08167574466370962,2,2
3795c5ddd545,0.6012970105328309,0.22026637262167895,0.11446389216043398,0.06397272468505599,0,1
379799f990df,0.09212377659062196,0.6386457159894486,0.18360802006010254,0.08562248735982703,1,0
379b92fd1ab1,0.23279664322567775,0.5183050224169036,0.16794614674103028,0.08095218761638853,0,0
37b284b23465,0.11430652038522222,0.6751607735651503,0.15684705252321024,0.05368565352641778,1,3
37befe3703ab,0.2774288260082749,0.43242132116337684,0.20209022608973817,0.08805962673861009,3,3
37bfb5f1f1db,0.3251895940897047,0.4017601248941875,0.17209984260497385,0.10095043841113442,0,4
37caabf49a4e,0.07583703737776568,0.7235919462012694,0.14055739227636177,0.06001362414460308,1,4
37cbbdceaef0,0.11425321568247368,0.6025392681734755,0.20101511380889628,0.08219240233515449,1,3
37cfe520e66d,0.36193750816459913,0.38050356214869646,0.1720447007743125,0.08551422891239163,0,2
37e18d937dcd,0.5639891517764984,0.25012167121683454,0.12799856763286613,0.0578906093738009,0,2
37e3551e2f47,0.2985376018251964,0.4332375040790428,0.19867896313943947,0.06954593095632117,1,4
37e503d42cdc,0.1751067146577374,0.5852229988111076,0.16691454276804601,0.0727557437631089,3,0
37f2b094c247,0.5131275263490778,0.22267480162333947,0.17757947787962272,0.08661819414795985,3,1
37f638aff743,0.3031122562356365,0.2882471907546623,0.2553412109786198,0.15329934203108123,3,2
37fda69f3467,0.09244398193321779,0.6829085388277425,0.17470559111579317,0.04994188812324672,2,0
37ffdf650199,0.44449553602207226,0.23636660659097683,0.1669974060645075,0.1521404513224433,1,1
38016f8471b2,0.12159908728889832,0.61403141252393,0.19793635160943557,0.0664331485777361,0,0
38111e7353fb,0.07095968658016319,0.5828275497770556,0.25635910421565244,0.08985365942712872,1,4
381951fcbfd0,0.2426282940554554,0.4614872399170821,0.22887441106828943,0.06701005495917292,2,1
3823cf1c6958,0.3039380654706819,0.4492799205895642,0.16290833964930485,0.08387367429044883,0,4
38322a96d92a,0.09802446891388401,0.5809346277789409,0.20284214901828648,0.11819875428888847,3,2
383b6e0770bd,0.4967544535578465,0.2640959132154887,0.16534295342043148,0.07380667980623302,1,2
384d1d316992,0.34936165437782196,0.42891391676829055,0.1571350702835088,0.06458935857037869,0,0
384d84fbb4fe,0.17052283998452836,0.6118809658521017,0.15830545135857538,0.05929074280479442,1,0
386026264f01,0.11300434236279863,0.6086187259138807,0.19471443771610525,0.08366249400721547,1,2
386520e49eda,0.5232950426528304,0.2591686376457028,0.14139210169059502,0.07614421801087182,0,2
3865c0d08f85,0.16172910732607773,0.6180712955837702,0.16551395383219397,0.05468564325795829,1,0
38682a78a52d,0.6262334879501112,0.16498858957692264,0.14325337341841862,0.06552454905454753,0,2
386aa41785fa,0.550745386588084,0.21884034978152356,0.1556232421112918,0.07479102151910053,1,4
38705dba1a96,0.135836231432587,0.6372916768882028,0.15876258337142227,0.06810950830778802,1,1
387733d739e5,0.09942622707766446,0.6669928432045475,0.16603110374556088,0.06754982597222722,1,4
387984f51e7e,0.4029926600018555,0.32586757800649724,0.1976554881970119,0.07348427379463494,0,0
3882700d8f0e,0.4133453846445915,0.32800071688665045,0.18618965981726504,0.07246423865149319,1,2
38a1f0560e2f,0.2660367176926875,0.41472434776730016,0.21946319129041503,0.09977574324959744,3,1
38cce8d6f373,0.6170860183874898,0.17001363540910583,0.13891233732404623,0.07398800887935794,3,4
38d0b07a2c7d,0.20063955685411164,0.5516806754479047,0.1692027818678801,0.07847698583010398,2,1
38dbce9f5da1,0.29908547037574884,0.45551195268838796,0.19376932248379908,0.05163325445206444,1,0
38ea4356df7a,0.11307932879685695,0.614155902370768,0.1933006295843626,0.07946413924801245,1,2
38f2e947567f,0.09224935288348962,0.6849935394162178,0.15521179509026,0.06754531261003266,1,0
3913b40864b0,0.17705692267936557,0.5670747900115153,0.1824604647158265,0.0734078225932924,1,4
39164e43c8bf,0.1209735602639622,0.6091468739552369,0.20132233789884585,0.06855722788195524,0,4
3920dc377214,0.4023023014392958,0.28017290787402716,0.23420350063015563,0.08332129005652147,3,4
3927f0e451cc,0.19463322711757744,0.6096479934711352,0.12955131779482476,0.0661674616164627,1,4
392a1b9dfb46,0.1401893852628745,0.6102428413643588,0.18788614196189646,0.06168163141086972,1,0
394a6b02efc9,0.0985689665081716,0.6500267948867664,0.1834530759790419,0.06795116262602033,1,3
394d1fbb6cc0,0.4266088797224775,0.25135906594550284,0.19819291509563314,0.12383913923638652,1,3
3965470a0126,0.43099281336938916,0.30741328447706767,0.17528452197160804,0.08630938018193487,1,3
3972d79dd977,0.10663910041665929,0.6372510310343498,0.18433581536002297,0.0717740531889679,2,4
3976f3f36b35,0.37948972306671436,0.37409323927333626,0.18029216686528593,0.06612487079466339,1,3
397ae205b6db,0.6999894803025798,0.14345275537740287,0.11182706181344147,0.044730702506575806,0,0
397ae5aecf2a,0.1506168885286536,0.5781181087305438,0.19371294292179406,0.07755205981900877,0,4
3993e1dd3d8a,0.12378893832431732,0.5724778612790478,0.2049130939880103,0.09882010640862453,3,4
3995fbf3b106,0.16992045139676143,0.5507850991220479,0.21617921322779066,0.0631152362533998,2,3
399b7608576d,0.27848275302258807,0.4184649701052751,0.22814860757142624,0.07490366930071068,2,4
39a56d7788fc,0.11679281310440343,0.5650265792055542,0.22047670777672207,0.09770389991332021,0,4
39a6ef0d976a,0.28766352782919274,0.4680083015232715,0.19333617094225855,0.050991999705277236,1,1
39a80a14bfda,0.14115489928633593,0.6163960709830871,0.17443379800814007,0.06801523172243695,3,0
39a99407a17a,0.11894761519796304,0.5689684255503485,0.2135628529512627,0.09852110630042558,2,1
39ac58218ee3,0.4791290282616559,0.2541910829113515,0.16854701014004378,0.09813287868694881,0,3
39b9303331d6,0.11828517517308448,0.5793532031348262,0.2166006521405254,0.08576096955156372,1,0
39ca2531a729,0.14430175853408017,0.6564315368407273,0.15705275521845397,0.042213949406738116,1,0
39cfc88f6f20,0.43859701412924434,0.2572325311173555,0.20558286232336195,0.09858759243003828,0,1
39d1962d37d1,0.08990290279060403,0.6601618179201527,0.1537945936252306,0.09614068566401227,1,0
3a01c7f8d00e,0.09921338728078717,0.6267617632224417,0.2012205326687083,0.07280431682806297,2,3
3a0391a11c60,0.1220673178529692,0.6192399206999594,0.1909315598122952,0.0677612016347762,1,2
3a07d9311567,0.2581647312884099,0.4327457026290701,0.22547745042724077,0.08361211565527944,0,4
3a0ce16d6362,0.37512923930409886,0.32903210657516097,0.18590626637305585,0.10993238774768425,0,2
3a1aad9fe90f,0.4056302191823107,0.32117055003428546,0.13708526927002124,0.1361139615133826,2,1
3a2ab0d08864,0.10460293720324283,0.6067971793172988,0.19231856537498296,0.09628131810447528,3,3
3a3975e0fae6,0.1763966163750388,0.5725443282612797,0.14637921186348135,0.10467984350019997,2,3
3a3c198051f0,0.12397878493594146,0.6249436201051826,0.18266318514366975,0.06841440981520613,2,3
3a54ca31df78,0.13339513651417104,0.6512813478593038,0.16165648890424128,0.053667026722283614,1,1
3a65207debb0,0.48243862491760164,0.2680549031916908,0.15922185723994026,0.09028461465076719,2,4
3a6c6141fdb3,0.487009418518469,0.2715577677939769,0.17039077539992692,0.07104203828762735,0,1
3a7061149c0a,0.15988846985119717,0.5356393973229668,0.22573297054503436,0.07873916228080145,3,2
3a7cad485369,0.23108009531592086,0.43427117695337075,0.2588122043899705,0.0758365233407379,3,0
3a92284ff753,0.2699999746831711,0.4728130279773035,0.18557461296614378,0.07161238437338158,0,0
3a985664cd4e,0.41200445459051166,0.27809985013049104,0.23014414762250512,0.07975154765649219,1,4
3a9d3f1fdd81,0.26051096434588333,0.4501797323949625,0.2030182362951269,0.08629106696402734,3,2
3aa2fb153a2f,0.24687735909158942,0.4888899035623676,0.18279908249215768,0.08143365485388505,0,0
3acf095adbf4,0.14592991750154588,0.6174077907803898,0.16788764188360292,0.0687746498344612,0,2
3adf9086a151,0.5961180973574433,0.21619232933522914,0.11394929695082988,0.07374027635649769,1,4
3ae836708e67,0.39636361861464814,0.27353142189123386,0.2047242948792466,0.12538066461487152,0,3
3b205aad9af7,0.13642029314255896,0.4861695753619954,0.25545168331811924,0.12195844817732644,1,2
3b317a8d01e7,0.34963160403985677,0.44717506199771756,0.15490886567902068,0.04828446828340496,2,1
3b3f6099e50f,0.19603663558763257,0.5072386432616176,0.21995940079171392,0.07676532035903598,1,3
3b4ad94ce2ba,0.39842644012438083,0.3202331260038902,0.18901814812947645,0.09232228574225264,3,4
3b4cdf9a776a,0.08202211176512379,0.6935148277013783,0.15376191231930708,0.07070114821419081,1,3
3b4ee5bd11b3,0.2839579497817344,0.5262359056577091,0.12878332543019977,0.061022819130356766,0,1
3b5009bd67ab,0.4128183807140899,0.31646178631293537,0.196929672766317,0.07379016020665798,2,2
3b5207b6f84d,0.05692961522356261,0.6380093914729928,0.22370753623470788,0.08135345706873677,0,0
3b57d6722817,0.12279980902023147,0.6459064997641432,0.161206351452526,0.0700873397630993,1,1
3b69158045ec,0.2081426786365831,0.48833965272787316,0.23449872076534356,0.06901894787020021,1,1
3b842e573d63,0.4585112602654026,0.21042128019965115,0.21205293150765958,0.11901452802728643,3,0
3ba744292b92,0.12295770037696033,0.6196746059151362,0.19696298020501263,0.06040471350289106,1,2
3bb35461687d,0.41387505814598335,0.34782331616728257,0.16710172653944647,0.07119989914728786,1,4
3bbcfe7bb63b,0.15700406883772425,0.5231423903111606,0.23253366458520588,0.08731987626590922,1,2
3bc25f4361e2,0.09605116976188816,0.7056598162886719,0.1305373546002839,0.06775165934915627,1,3
3bd90e114e5d,0.5361387972329993,0.225659253741918,0.17376080862979185,0.06444114039529077,0,0
3bdf88144fa5,0.48010163323893756,0.27575537298174213,0.15672100744337716,0.08742198633594297,0,4
3be9203f616c,0.18387401632823913,0.4679121727959101,0.2505902702177148,0.0976235406581359,3,3
3bf0ba9cac51,0.28654668169181763,0.35934677255695074,0.2202901180618171,0.1338164276894146,0,2
3bf5a489d804,0.1140174363549393,0.659313046953253,0.1542527006215153,0.07241681607029235,1,2
3bfb13733ff0,0.08714470798221986,0.5443174770120726,0.24631359798461205,0.12222421702109522,2,1
3bff1d73230a,0.11549803001633605,0.592270963151057,0.21574386595418893,0.07648714087841817,2,2
3c13375ee625,0.2841594946649718,0.37538351826637917,0.19742629128366562,0.14303069578498348,0,1
3c13edac81eb,0.33197585986092637,0.40823840363461383,0.1662148865300722,0.09357084997438797,0,0
3c3399f2170d,0.11956196662345188,0.6423122049922804,0.18399405067616315,0.05413177770810449,1,1
3c4bae86dd43,0.23143304626797775,0.4662938424676505,0.1950791550291187,0.10719395623525337,1,2
3c66c7eef4db,0.14912211360721622,0.5334922442563188,0.2154079324228008,0.10197770971366402,1,0
3c7633f8a03d,0.21702491472216726,0.48756839278942127,0.20821845416383353,0.08718823832457785,1,4
3c87dfa890fa,0.25320742892318515,0.47388499086112773,0.20763379222081305,0.06527378799487368,2,2
3c88bd82fb37,0.1935757149692127,0.5608511562196541,0.1868001467435032,0.05877298206762988,2,3
3c93b438df5c,0.21750547035357898,0.5002643824410262,0.2254789360441458,0.05675121116124882,3,1
3c9540566f10,0.1726629659935074,0.49718307502823134,0.2448276783387825,0.08532628063947874,1,2
3c97acaaf4e5,0.5533829910526893,0.2348345083861673,0.13890681345230083,0.0728756871088429,0,3
3ca4e2ffedff,0.43200222796326326,0.2979567660940681,0.15959044537703293,0.11045056056563572,1,4
3ca7c79b3eac,0.5361745351387855,0.24791637992500581,0.15193433321962907,0.06397475171657939,1,2
3d0812e8b857,0.5038262027542799,0.2629463605518267,0.16516028454367174,0.068067152150222,1,2
3d258ae21e22,0.29561841195206423,0.48953180451109224,0.1382734310092422,0.07657635252760132,0,0
3d33841de910,0.4118950602134526,0.3820081426475589,0.15888266825400754,0.04721412888498078,0,0
3d46777c79fa,0.11840693612970789,0.5713356853017574,0.22523972705658016,0.0850176515119546,1,1
3d4ceb0fe08e,0.25118624549178464,0.5264907913493211,0.13238652339201218,0.08993643976688187,2,2
3d5778dea835,0.17194247931614554,0.567251924681579,0.19183591272379452,0.06896968327848085,1,4
3d6155f6d4e6,0.43065976489394614,0.2753534500591659,0.1976275522442858,0.0963592328026021,0,0
3d6a6a938f4d,0.28778715232848234,0.4830204736372689,0.17560202964235447,0.053590344391894605,1,0
3d6e135dc416,0.4124264382533747,0.31287266722187557,0.20624273166623858,0.06845816285851097,1,4
3d7a5814c41f,0.05428387687852768,0.7185296745268063,0.15940928906544546,0.06777715952922055,1,2
3d9b3b0801a9,0.06289896649856754,0.6214897745809405,0.19724290822356155,0.11836835069693045,2,1
3d9d054474b7,0.18105555849515148,0.5539318682681114,0.2088475804511165,0.05616499278562072,3,4
3da10090af63,0.26819482781502474,0.4158573774348353,0.22958268277739033,0.0863651119727497,2,4
3daae55407fc,0.28511771640716976,0.45908913313163086,0.18445546633515017,0.07133768412604875,1,4
3db73bde49a0,0.27448647033596935,0.5162776648147702,0.1312777981435098,0.07795806670575092,1,4
3dc69e5f2b15,0.19708331297614795,0.5452281862033975,0.1827989095680577,0.07488959125239715,1,1
3de21b98d4b0,0.3777034046432758,0.3116539105044231,0.1972082185861252,0.11343446626617598,2,3
3de827a029ee,0.35852826400977,0.38724035561376463,0.15463773250124574,0.0995936478752197,1,3
3dedb0639734,0.3481076643646665,0.3519913745317927,0.21986023018625125,0.08004073091729005,1,2
3deec0a549d3,0.606682178470173,0.2097731250410493,0.12166618975833836,0.061878506730439375,1,2
3df22af63de9,0.6323247989177049,0.1906502811358861,0.11645019532931579,0.0605747246170935,0,3
3dfc66e41bd9,0.17783336904262387,0.5409611703794497,0.18304631111373432,0.09815914946419232,1,2
3e0dde11b059,0.13856311070388036,0.5578564983555186,0.22276792267631526,0.08081246826428595,3,4
3e22009db59b,0.15571459809627988,0.6256457265841205,0.1585008789057642,0.0601387964138352,1,2
3e2d6faac5dd,0.32522103174067907,0.46803287971640306,0.13653767388869875,0.07020841465421941,0,2
3e314f95dc5f,0.43577201363155155,0.33109066291920625,0.15065925916516026,0.08247806428408208,1,3
3e3329765aaf,0.4331867818860531,0.2762655873305584,0.16879447892333094,0.12175315186005743,0,1
3e4037b0506d,0.5797275373243378,0.23353997727251188,0.1262672862683259,0.0604651991348245,2,0
3e51ede7ee7c,0.38220629102400716,0.39433366984697205,0.16395599022411228,0.05950404890490848,0,2
3e585150ed8c,0.1765561727409736,0.5716967350555421,0.19695789013553516,0.05478920206794973,1,1
3ed3d85a4caa,0.5532519025599952,0.24698829490711424,0.1352487241360299,0.06451107839686043,0,3
3ed6283fd966,0.14812848512164764,0.5756879243083677,0.1786613202787027,0.09752227029128187,0,1
3ee0ccf7f5a7,0.13125699484564843,0.6440793854297047,0.14093241322730332,0.08373120649734372,1,2
3ee6ceb2040b,0.33753695155762314,0.31780107126108464,0.23792207730806858,0.1067398998732231,1,4
3f1e5e240522,0.20806459346232814,0.44242522906040593,0.26122910310728037,0.08828107436998582,0,0
3f2755948419,0.09874853852371021,0.6591835075321419,0.1839949341924517,0.058073019751696056,2,4
3f2ca41bae34,0.2868441567612163,0.4820603795685371,0.16609861340156684,0.06499685026867941,0,2
3f457bc13b99,0.251664751942478,0.39433760149744757,0.2454503363764876,0.10854731018358676,2,0
3f4c9c73330c,0.22433932608198082,0.4251666273329972,0.2075110777866966,0.14298296879832542,0,1
3f667806b517,0.2572027704895122,0.4603705633421444,0.21366172868571867,0.06876493748262465,1,4
3f82bb3ef348,0.23744839422139993,0.44787250045708915,0.21291850783860033,0.10176059748291079,2,4
3f8ed621f16e,0.20387588828943795,0.5556241346679728,0.1557728432654903,0.08472713377709876,2,3
3f91d11cef59,0.17150261224390775,0.6043583974439435,0.15997257522416955,0.06416641508797943,1,2
3f984f0aa172,0.20128540423788813,0.531224748964521,0.2015982396988523,0.06589160709873858,0,2
3f98f789e62a,0.13294680009015483,0.5875936831743473,0.20723575937821215,0.07222375735728558,2,3
3fa878dddd94,0.42716487809564085,0.31030262729535313,0.19899096698190485,0.06354152762710145,1,4
3fcc2be34719,0.187834108493498,0.47221195453400644,0.22177322781837963,0.11818070915411581,0,0
3fd1aead516b,0.30114955066333865,0.3961667547921725,0.22929978228696543,0.07338391225752336,1,0
3fff6c83cd81,0.34633696660730334,0.37392334802044935,0.2114156474907763,0.06832403788147093,2,0
400f0c7e4de4,0.3894262458074386,0.2995551263359845,0.2157399910945243,0.09527863676205237,3,0
402dfb591509,0.33735883180916015,0.3822961766649007,0.19021162357257465,0.09013336795336457,0,1
403f9fb0ef31,0.1607535085484444,0.5427294538108319,0.2105952482448086,0.08592178939591498,1,3
40618161dddc,0.13016771646934927,0.6618494576614913,0.129667252183295,0.07831557368586473,1,1
4063853b3cab,0.11786925699830969,0.664315033557273,0.16067751327230595,0.057138196172111314,1,0
40689b3c62c2,0.1086715769713503,0.6398936773420395,0.16815055385512445,0.08328419183148582,1,3
40925ddc68c3,0.32619482683460094,0.3448521319800416,0.22447875049293392,0.10447429069242371,1,2
409d2496f978,0.13926104747140972,0.6324691812021849,0.15734641978723948,0.07092335153916571,1,1
40b6a080d09a,0.11927336515917407,0.6449901298151407,0.17908379202077943,0.056652713004905604,1,0
40d4ba72961e,0.08158607970160282,0.692574486646207,0.16117354139671733,0.06466589225547288,1,0
40d67faaee75,0.2851063984762173,0.4031151583971627,0.22465509927017718,0.08712334385644274,1,0
40d817276317,0.3229398136877417,0.40293746978649647,0.21188985358700033,0.062232862938761534,2,0
40faddf1bb05,0.5798953304951864,0.20012618918310895,0.14899974503166916,0.07097873529003539,1,0
410819eea797,0.5931609322604453,0.2017427364340916,0.12771634305598792,0.07737998824947499,1,3
411149653816,0.6066862505192724,0.1993810415222856,0.1360648410420824,0.05786786691635977,0,2
414a2893624e,0.11352152032239156,0.5901665466237105,0.20234387946025292,0.09396805359364477,1,2
416edca973f9,0.21795564792578176,0.46572719145400093,0.21084992679979556,0.10546723382042172,1,2
417584cecd96,0.15719590239429984,0.6309177842874129,0.15255172066691347,0.059334592651373516,1,4
41792cfb0e74,0.2654675798485035,0.46034183505276666,0.19268150951603916,0.08150907558269087,2,1
4180aa686422,0.33993872646422946,0.4340043494279714,0.159763876021888,0.06629304808591104,0,0
4189ab7c6027,0.5986268910769443,0.2064101082328436,0.14868590440255597,0.04627709628765642,3,1
419b460cc514,0.12330196035713813,0.6187202089265754,0.17666573217089007,0.08131209854539621,1,2
41a4d1a7f399,0.09234559012310616,0.6141600433758593,0.2137969954426907,0.07969737105834375,1,3
41b664bf705e,0.22259770581348273,0.533427590116771,0.17214791302224144,0.07182679104750461,0,0
41b86a3012d5,0.13149703141369729,0.5116575714543208,0.2258370655947271,0.13100833153725472,2,1
41c32b7a5b44,0.4311340616127397,0.26256487780891774,0.15996994604039053,0.14633111453795214,0,3
41da13080a64,0.42577307222894956,0.34677933500810254,0.1919817579755677,0.03546583478738038,1,0
41f2bb5ef2e9,0.41881410039194106,0.3311864095957604,0.16228461556936247,0.08771487444293591,1,3
42091afaa4be,0.20518184346865653,0.6004149654779806,0.1412335085761212,0.05316968247724173,0,1
420bb7be8ab2,0.16811643905767176,0.5243603262162894,0.19050270037135955,0.11702053435467914,0,1
420d52239d7d,0.2336072368694773,0.5014207541579293,0.14281035636768163,0.12216165260491174,0,1
4213b8c96b2d,0.25379354085496847,0.4298268554278659,0.20147289741681132,0.11490670630035453,0,2
421789206c7c,0.13010247708013875,0.6022029743805568,0.19602213255101705,0.07167241598828729,1,1
422689777b34,0.4646519435897512,0.29306261482943263,0.1809895497805759,0.06129589180024035,1,4
423d5a5b56b2,0.09784696011697427,0.6621802886421717,0.15456121221043836,0.08541153903041553,1,1
424fb90a4bc1,0.4624433049604839,0.2770636737055999,0.1745780124968207,0.08591500883709519,2,4
425baa3b6167,0.1902018185484644,0.6086456736744912,0.13952571055010873,0.06162679722693605,3,4
4278049d12e8,0.21928272663142112,0.4689512516841381,0.21361151925078994,0.09815450243365072,1,3
429a5f79ac0f,0.3456241928091203,0.3904272623762721,0.20320314575976706,0.06074539905484045,2,1
42a5ef66e3d4,0.07032604220949318,0.6417966499029701,0.2158554148747337,0.07202189301280298,1,4
42a9025e9d29,0.4629240230377473,0.31470897527224445,0.155310948852459,0.06705605283754937,0,2
42ad2e4feb4f,0.26507339342671127,0.44059244453641266,0.19901072589588495,0.09532343614099112,1,0
42c28fffc31d,0.2988645079673291,0.4356081653736256,0.20526495743534512,0.0602623692237,0,4
42ce6191e14e,0.2040164453533622,0.49642682113588255,0.1920362257720024,0.10752050773875287,1,1
43001c00ccca,0.4151200651234931,0.37504281669851075,0.14728409356634875,0.06255302461164763,1,1
430855f2a4ff,0.36225439879701105,0.2588304804311775,0.22980078051226435,0.14911434025954698,0,0
43183eb0a475,0.327921407750231,0.4333952713840939,0.17986833281725687,0.0588149880484184,0,0
43213dfca450,0.23073881206311903,0.42836770309069616,0.21166523087584088,0.129228253970344,1,0
4323961acfb5,0.1560552225933448,0.5622310101122319,0.19872607159673594,0.08298769569768735,1,4
433fdf0e14fa,0.35491089548772464,0.3959690051114428,0.16624587020257522,0.08287422919825715,0,1
4344f4c7ca1a,0.2575331724897468,0.4962632207313715,0.16336468642363058,0.08283892035525074,1,3
436ce67eb424,0.511479484043581,0.2568496261796285,0.1429603408208683,0.08871054895592216,0,3
437964b36522,0.33847338186619086,0.3277969907170478,0.2251465929672689,0.10858303444949237,1,4
437efcc34243,0.14961282679532745,0.6145200692705031,0.1638130911674225,0.07205401276674683,1,2
4384bea76688,0.4367298663518112,0.3662368394269317,0.13574747434315254,0.0612858198781046,0,3
4389b99b9c49,0.14025255670417008,0.6442371081569866,0.1652780186636698,0.0502323164751731,1,1
43ab168173df,0.35263091854894035,0.4201987672926328,0.16391391591049959,0.06325639824792736,0,0
43bcd9cbd79a,0.21992759536013737,0.4369230887899354,0.21534057308053195,0.12780874276939527,1,1
43c65f4830dc,0.5950852970046729,0.19173595955485767,0.14225365728692219,0.07092508615354702,0,4
43caab830455,0.16814281431686928,0.5401613117696036,0.20750128725676456,0.08419458665676245,1,4
43e05e0b34b9,0.11797924518405714,0.646616581829746,0.15869569982750587,0.07670847315869105,1,2
43e48c2c4291,0.5355186217578042,0.2220266078284804,0.1620791726240223,0.08037559778969297,0,2
43e67cd54343,0.3203639256046349,0.4230577786702927,0.15305977770237045,0.10351851802270176,1,1
43f4282677e6,0.11529054648456075,0.6243244306931579,0.1862881720183798,0.07409685080390166,1,2
4403b3a0764b,0.24103857729797812,0.4127315563336065,0.22192050954654963,0.1243093568218659,0,3
440cde50a7f5,0.13954828605323996,0.5006511641626292,0.23342587561541184,0.12637467416871884,3,0
44164216b8ef,0.3530924457664388,0.3808116882419587,0.2003837093991302,0.06571215659247195,1,0
442570bcd62f,0.10500184032946289,0.667920812101228,0.1742538840923741,0.05282346347693488,2,1
4453f1641121,0.3930427691200132,0.3109839865967022,0.21198325411459365,0.08398999016869128,2,1
4463659093ea,0.2422776227252894,0.49572459973484745,0.18821240317650326,0.07378537436335986,1,1
4475325ffe2e,0.12774044271394414,0.5806714158221375,0.19661211546674084,0.09497602599717783,1,0
4486acc30384,0.11553477022709423,0.6530767182344664,0.1571745886156178,0.07421392292282156,3,2
4492a7f00b5f,0.35430028254036966,0.3724490056890849,0.1643610321328124,0.10888967963773288,1,1
4499cf9d764e,0.4476888081195028,0.3670256094355372,0.14971796959527175,0.03556761284968811,0,1
449a4e07e0a3,0.3849872384333435,0.3031275897573012,0.1995824889993043,0.11230268281005094,0,3
44b3c1b1bf89,0.18859368301047116,0.5134776139378106,0.23109699742535977,0.06683170562635854,1,4
44b6c4a4f9a7,0.5723359080164134,0.22873801614112418,0.1325825525625975,0.06634352327986488,0,2
44d4bd051e1f,0.6519144913137461,0.18626623686565172,0.10449688291605314,0.05732238890454914,1,2
44fafe9c97eb,0.11946015933325212,0.6198537411526929,0.17626875549017748,0.08441734402387746,2,2
454cac81825b,0.47578565910869425,0.2931475082091831,0.13194663131834972,0.09912020136377278,0,0
455cbab8acad,0.07552065832273018,0.671192260952286,0.189312664198515,0.06397441652646874,3,3
45642bcec833,0.2610082257389019,0.40331151233047635,0.2271043879571443,0.10857587397347788,3,2
45666ba64453,0.6528578035723275,0.15994440415995528,0.12664575183524263,0.06055204043247476,1,2
456c2a3abcf7,0.21384805025484013,0.45779966364749386,0.207472479025343,0.1208798070723232,1,3
456f61eec895,0.2718590466470437,0.45133987486291116,0.177631073362928,0.09917000512711718,1,4
45725d3453c8,0.17601695107345805,0.5324688855445606,0.22146137041443256,0.07005279296754902,3,1
4593937b2976,0.6299223123761969,0.16548267254932245,0.15225280923119366,0.05234220584328672,0,1
4595c11984c3,0.18734332489162903,0.5850055122060819,0.14965519806812427,0.07799596483416475,1,1
45ba102094d2,0.49917192208282357,0.22690480284801373,0.13794201223582,0.13598126283334241,1,1
45dbef1cd1d7,0.1900054527143447,0.5496023145113852,0.19715160958302355,0.06324062319124657,2,1
45ef9c8f3a29,0.4959909430713588,0.257065751073389,0.14456414144989652,0.10237916440535565,0,3
45f32c71c022,0.27788415374588704,0.4488018515248013,0.200476904229121,0.07283709050019073,1,3
46096e40afc4,0.10812837155425857,0.6399901710133481,0.18585955728719403,0.06602190014519912,1,2
460e1bb0eb6c,0.13549578216640915,0.6056516854101747,0.169440839256592,0.0894116931668236,0,2
461eb648381b,0.143507989144426,0.5085462192746922,0.23347390347882924,0.11447188810205272,1,3
4624eb6a47d9,0.24320574485987576,0.5312888015514793,0.16635746342535337,0.05914799016329166,1,3
467079e557f6,0.11373056323288211,0.6559082959352215,0.16582806546392367,0.06453307536797316,1,3
4676a91a79e1,0.6824623306794492,0.1586799165839525,0.10082768205477835,0.058030070681819965,2,3
4676ccc3da0b,0.28399056401717343,0.45449905394348095,0.2041418172968106,0.057368564742535,2,4
46789391270f,0.09039050732323176,0.6728242121073953,0.17594044620614716,0.06084483436322599,2,3
4684064a1c67,0.19578994491294724,0.48493029937057197,0.21963428024146137,0.0996454754750195,0,3
46b5875e3f4b,0.08520910866238185,0.5776867074632199,0.24429112862786506,0.09281305524653323,1,4
46b59bea8e92,0.13939814798252284,0.6377334888039812,0.16192074748366597,0.060947615729830075,1,0
46ee7cfd0bf8,0.6070877131648075,0.1761805554201897,0.12058292738921117,0.09614880402579161,2,3
470b3d8e543a,0.1375680615216334,0.6601972603531213,0.14474252549489847,0.05749215263034687,1,1
470d1f1abc74,0.2885529830645649,0.44576354307080257,0.1878167151955847,0.07786675866904728,1,0
47184d6ce9d8,0.2411539989778644,0.46808806278938236,0.1859625185724379,0.10479541966031547,1,2
471af1d3f5d0,0.21602821364596828,0.5449455214542869,0.17902761104660853,0.05999865385313652,1,0
474a199db1f7,0.08420616193644999,0.7028195200211363,0.14571421455296785,0.0672601034894458,1,2
47666c3cd3de,0.3907983072291979,0.38672795766696955,0.16633737194117088,0.05613636316266173,3,4
476c4e9bd0e8,0.31876536462561317,0.3693947402346124,0.22656952233449248,0.08527037280528196,1,0
478ecae73c0f,0.2995318951188539,0.4215188346182168,0.18134342699753206,0.09760584326539731,3,1
4797141539c1,0.14090426656263588,0.6231420362129967,0.16756494744894745,0.06838874977541985,1,3
47a20936e21e,0.35735839002465775,0.37071582153589916,0.1908535039064415,0.08107228453300191,0,0
47a8d29668f2,0.6088556373025447,0.19623889984842516,0.11074724334675053,0.08415821950227967,0,3
47af8c6239ff,0.08478277790751991,0.6449522828704652,0.18799831846617274,0.08226662075584198,1,2
47f9b7436c3f,0.6244374403270868,0.17317264274989963,0.13385726830893052,0.06853264861408292,1,1
48115244cd07,0.11892614383255815,0.6293993552070818,0.18435152459419102,0.06732297636616892,1,3
481267fb221a,0.33878038390429654,0.37203529535219354,0.21973587171142805,0.06944844903208193,1,4
481522b95d50,0.09491647496665569,0.6520213992403198,0.17419122449648827,0.0788709012965366,1,2
4838494c6cc8,0.09677043227278397,0.6446257456643535,0.19347227880673915,0.06513154325612336,1,4
484e59c2708d,0.35957867476967503,0.3231931656841848,0.18587997032283637,0.13134818922330388,1,4
485d4ccd3c0e,0.33300715662475594,0.356912276326268,0.22493131047857087,0.08514925657040513,0,4
486c0b27043a,0.4654711814142367,0.3191594843689077,0.1420698316603661,0.07329950255648937,1,1
486e633a5721,0.18414229835534807,0.5325248057231738,0.21241092003022263,0.0709219758912554,0,3
48889844ef56,0.2165045633383015,0.48047831485827336,0.22876742257665833,0.0742496992267664,1,2
488d48e19716,0.10340164840379486,0.5854805502666579,0.22910588101144724,0.08201192031810008,1,1
48d8abfbad2e,0.4401461401978743,0.2873995420671461,0.1911560174502621,0.08129830028471767,2,0
48e089b6f3cb,0.24880549346760303,0.39336827642724387,0.25269704767588425,0.10512918242926873,2,4
48e1cde4e995,0.16248016173255034,0.6076958338798744,0.16102641048293206,0.06879759390464331,2,4
4900ec5edaa0,0.2879340819069418,0.4250705913659953,0.1786538158819416,0.10834151084512131,1,3
490545ad8409,0.18573443294876896,0.46266607018426603,0.2410555593371528,0.11054393752981223,1,0
490fe3924dac,0.1301779494460302,0.5277145090406757,0.18591034238735818,0.15619719912593572,0,1
4911fa4de0f5,0.2106446159478377,0.49800517081191126,0.2153870697883404,0.07596314345191062,1,2
4926141293e4,0.20577054959153598,0.5414912374929851,0.17954057041736535,0.07319764249811367,1,2
49358afcfb80,0.1401980952764731,0.6347819470154682,0.14729412016752522,0.07772583754053349,1,2
49374ea79cdd,0.18880501764213997,0.5534310238758972,0.17010716884161717,0.08765678964034562,1,4
4944adbe3aec,0.15947923790489896,0.6033659031722383,0.14439115457047394,0.09276370435238875,2,1
4948bfd21ba8,0.38586451437365776,0.3264502927851952,0.21637056048093026,0.07131463236021654,2,4
494aed280098,0.2886950710093042,0.3894462906607534,0.18867435020704987,0.13318428812289282,1,2
494f4d7a1bed,0.23162128312824315,0.4801849496271085,0.20689966441095622,0.08129410283369208,2,0
49508eb834d6,0.5536071736891389,0.1987283710036924,0.18287614300436,0.06478831230280849,3,1
495ab5cb9721,0.13293431474897435,0.6568883287420132,0.13647085068597406,0.07370650582303845,1,3
4968d37e02cc,0.31733222088799906,0.39647453221029183,0.15578333268349334,0.1304099142182159,1,0
496dae9e8e48,0.35760867530879425,0.35911665363992035,0.20715614595707735,0.07611852509420769,2,1
49719e81744f,0.43135161396881794,0.26832540573564984,0.21263888080729057,0.08768409948824189,1,0
497bf4b490c4,0.5487521420553246,0.2146331154786208,0.18114999123790546,0.05546475122814916,1,1
4986a30d2f81,0.28891222897545693,0.43766333325546497,0.18907249999117826,0.08435193777790001,3,2
4989ab8488fb,0.528676848673973,0.20697372150484722,0.17159612586793377,0.09275330395324562,0,4
4991160776f9,0.455902943243822,0.29144139018935084,0.17409455887918168,0.07856110768764543,1,0
49a79f8222a6,0.2107414086175031,0.4369550012050487,0.22219624781045974,0.13010734236698818,1,0
49c79f89893c,0.11007847948202285,0.657137745565416,0.15701066644304312,0.0757731085095176,1,1
49cb0e4c4f6f,0.23550520948510087,0.4911332338498865,0.20939472806011464,0.06396682860489782,1,3
49f33fad39cc,0.23168059114783232,0.5183661286331476,0.16903752497103058,0.08091575524798954,1,3
4a0fb5ff55bb,0.15039009782951526,0.5903814871783862,0.1694425726055465,0.08978584238655199,2,1
4a161522e760,0.4756807801747406,0.2386722489434176,0.1858664853991233,0.09978048548271824,1,4
4a195eb75def,0.6101173400264601,0.1791812327326578,0.13386330566345675,0.07683812157742563,0,3
4a1e37b8cd8c,0.4610375505778571,0.30325573581591636,0.1891613625462741,0.04654535105995257,1,1
4a2ddd0dc53a,0.20771431591290743,0.45855061824384785,0.23345431453540275,0.100280751307842,0,3
4a40923456d9,0.3407228973355113,0.3800998274318962,0.21381502124085447,0.06536225399173777,1,1
4a4163009281,0.4877636645673923,0.25778738165545995,0.184332979363065,0.07011597441408275,1,2
4a41d40a63d3,0.19944237613863966,0.5303097812284441,0.20236732620120007,0.06788051643171632,1,0
4a4e88562235,0.15671715143151152,0.6481156757638693,0.1387671944516594,0.056399978352959866,3,3
4a4f19493e91,0.3140550586105306,0.38769325146682965,0.20920376339787086,0.08904792652476896,1,3
4a5bba561d65,0.20175071626289665,0.5385672064388338,0.18316301829318193,0.07651905900508756,0,2
4a5d1728c12a,0.23156192468235928,0.5316063312780488,0.15748450278059023,0.07934724125900156,3,2
4a5e943d578b,0.12289100881083895,0.7233625594406727,0.10492830909322598,0.04881812265526234,3,4
4a6290010ad7,0.21627519903186668,0.5077906410608475,0.17705701905706012,0.09887714085022564,2,3
4a683fc106eb,0.4892255812177418,0.2854764538477495,0.16095833262236312,0.06433963231214582,1,2
4a6c95b0cc17,0.37217635734115856,0.3730095383847657,0.1838020381257722,0.0710120661483035,0,4
4a7253e116d1,0.301916187123449,0.40583480375692427,0.18404605075024644,0.10820295836938001,0,2
4a746c1839d7,0.47472750351522613,0.31220155989209947,0.157766920894268,0.05530401569840641,1,1
4a759252b405,0.5746080290108933,0.2528150797259221,0.13424837807321272,0.03832851318997199,0,0
4a9a960d2f8b,0.24434186422029813,0.4550703544658477,0.23739197871249093,0.06319580260136334,2,3
4aa11ef1fd38,0.38557004354451374,0.36416572760886695,0.19258044466454327,0.057683784182076196,0,1
4aa5037091ee,0.6046496272833862,0.17484198522829636,0.15465826858427767,0.06585011890403981,0,0
4ab7fae55612,0.35166967452250186,0.3778167585148711,0.19207823491123852,0.07843533205138836,1,3
4ac2b8f0d043,0.333466602360597,0.4074265525906175,0.19019061852382801,0.06891622652495781,0,1
4ac6bbb98b57,0.3414472798895895,0.38609262993975557,0.19765686855747142,0.07480322161318348,3,2
4acca25f2444,0.4741587903041551,0.2567175144654178,0.17041607560412833,0.09870761962629857,0,4
4ae37a325776,0.12960626278194412,0.6011002617866619,0.20172480421531566,0.06756867121607828,1,0
4ae89e667a24,0.11651739599631229,0.6641795282414803,0.1699498724822386,0.04935320327996867,1,4
4af510894843,0.15343857996317303,0.5708257036773902,0.19121453482692632,0.08452118153251031,3,4
4af9fd126565,0.1290766007926065,0.6616413999476161,0.14371489585787853,0.0655671034018988,1,0
4afcd8aa1ebd,0.1828271168591038,0.46161728001333374,0.22942474261698978,0.1261308605105728,1,0
4b009ead8ab2,0.51061739895393,0.24353732511091455,0.18013993931032218,0.06570533662483322,0,0
4b04ef7e5a91,0.3965147197757876,0.32952206659624683,0.20263522557014882,0.07132798805781657,1,4
4b0988ac86c0,0.44919989928736365,0.32158633339655907,0.11814304184861739,0.11107072546746004,0,0
4b0a5a40676f,0.11469286147741249,0.6382499823621097,0.16742631640587044,0.07963083975460741,1,2
4b0df75f21f5,0.20140621307999834,0.5587419773061693,0.16531507761489297,0.07453673199893955,1,0
4b1d718d562a,0.4956500744848262,0.26199830121619216,0.16123725887960497,0.0811143654193767,0,0
4b24276e0963,0.1176018941242833,0.6229430369245943,0.15644638359492813,0.1030086853561942,1,4
4b263ebf9ad5,0.17483268001516172,0.5928421869115806,0.1818918932723241,0.050433239800933574,3,1
4b4d19205cf6,0.10162890850258452,0.6453936989088034,0.17006284238116323,0.08291455020744923,3,0
4b4fa74957a1,0.5172862038495808,0.2584918959931412,0.13763267329279605,0.08658922686448206,0,2
4b7578c84ffe,0.13810642044559554,0.5968634083365664,0.19326781574337426,0.07176235547446373,2,2
4b7b9871f26f,0.2854084135726596,0.4613696740664397,0.18735231080714,0.06586960155376087,1,3
4b916be9f189,0.583509932588136,0.21039105792172205,0.13419415597380416,0.07190485351633784,0,4
4b93ca3c31ad,0.40287310761984196,0.2641674389131318,0.19556304065385668,0.13739641281316922,1,1
4b9d49cd5e67,0.08880518230249387,0.6733237575603682,0.17905963668847044,0.058811423448667514,1,4
4b9f90e96569,0.1361971851669952,0.5656500497578871,0.19307966357376366,0.105073101501354,0,1
4ba4eb1d380d,0.45416561830034674,0.29526332238251535,0.1833779607070479,0.06719309861008987,0,1
4ba755b48a9c,0.2545765181472178,0.39642078259570146,0.219651708362328,0.129350990894753,2,2
4bac6c7da8b8,0.24634953513222901,0.536322164842303,0.16914000321994,0.0481882968055282,3,1
4bb14a344446,0.4240050229093349,0.3521626003427354,0.13831919129370554,0.08551318545422441,1,3
4bb293489dde,0.5367883948944501,0.27523093930966597,0.13407602464794202,0.05390464114794178,0,1
4bb943c3001c,0.25516236698831785,0.4472400517392584,0.22617964261467374,0.07141793865774972,1,3
4bc2eb20a505,0.34508163920756735,0.36679002661922167,0.20146519026277884,0.08666314391043213,1,4
4bdad39035b0,0.22219927485822719,0.5614353174611026,0.1502496568882712,0.06611575079239902,1,1
4be426760e00,0.5594984822020652,0.2086012936033456,0.15373220250240086,0.07816802169218823,1,1
4beb8e107830,0.4245934849250497,0.3497489483712439,0.15689151437768648,0.06876605232601993,1,4
4c053382f9ab,0.3274252951700129,0.41459429211302173,0.18740371913842008,0.07057669357854505,1,3
4c0a382bf349,0.12138040506342201,0.603481782264746,0.16460823540237413,0.1105295772694579,1,1
4c1a8be87462,0.6119600072073879,0.19738568766761405,0.1298475579836757,0.06080674714132211,0,2
4c1e5ca11b6e,0.2348543586209,0.4819573735615254,0.19419084412237145,0.08899742369520332,0,2
4c45ac349e3a,0.09664030129505508,0.6286606380970502,0.21313483641495204,0.06156422419294273,0,4
4c4a0eb38623,0.3094350104034377,0.4314700068758743,0.18508931921062027,0.07400566351006775,1,0
4c5bc626fee7,0.47716221099947664,0.24620829097035032,0.18184586111538023,0.09478363691479293,0,1
4c6ddbf0fabe,0.3552218873437811,0.3348476773530219,0.14628579877740985,0.16364463652578734,1,1
4c74745605a9,0.34262232270709736,0.46809101573254697,0.10692232661656274,0.08236433494379297,1,1
4c74ab1c7193,0.34150499193753175,0.4277472035874905,0.17526401985879836,0.05548378461617931,2,1
4c8116b5ce1b,0.5118264247388643,0.25963718403379116,0.1596041165212768,0.06893227470606758,2,0
4c96f8a99305,0.30862676984106113,0.3147602557254175,0.2582978032926799,0.11831517114084163,2,2
4ca61dd169d4,0.13231134993370283,0.681271715977591,0.13550580773250162,0.05091112635620419,1,1
4cb338b6e248,0.39361416181900943,0.3748375025923783,0.1807271036600946,0.05082123192851784,0,0
4cce09eca9ca,0.4693996905860476,0.2709601670995434,0.17081807868974866,0.08882206362466027,0,1
4cd37e041b4c,0.21776186936449551,0.4783766828794773,0.21860964899490193,0.08525179876112522,1,2
4cd4a247bc30,0.16126515023636437,0.6152350162682569,0.16289866169286416,0.06060117180251446,2,0
4cdca551d442,0.13350535230003283,0.6248539332443911,0.18048307462087118,0.06115763983470519,3,0
4d02730ae091,0.3424892810984155,0.4414996400858759,0.1390147737412135,0.07699630507449504,0,2
4d11294713ad,0.19195467546679698,0.460149549611366,0.2422212485860171,0.10567452633582004,3,2
4d4042629e59,0.33276766328538304,0.4233206753193104,0.1813926327596867,0.06251902863561985,0,2
4d468b5b8cec,0.12596211410318386,0.5610817502217786,0.2406423260778418,0.0723138095971955,1,1
4d53dbd5fc09,0.41935621564191305,0.3257857814837541,0.16182644996734413,0.09303155290698906,1,3
4d6c1133d688,0.09456943703015921,0.6815764049227288,0.16681951372333326,0.05703464432377904,1,4
4d70ab1d80d6,0.0966728277580881,0.7039145409013966,0.14542035235232204,0.053992278988193296,1,2
4d7a2748dfb1,0.12342954651840544,0.5626773594542678,0.21870009317114125,0.09519300085618523,1,2
4d8280d84b26,0.2951420706223325,0.41629708542763083,0.2115303883867899,0.07703045556324692,1,2
4db82e5d8079,0.3581247385681958,0.34995372266905805,0.23373510660742353,0.058186432155322744,1,0
4dc6197ec461,0.11625481131922778,0.6493093842915004,0.18612886831405112,0.04830693607522091,1,3
4dd1c6cd167e,0.4056426481083771,0.2884222517169142,0.21279091858779495,0.09314418158691376,1,0
4ddbbdbf2690,0.08756855576331193,0.5988264477561231,0.21770495252103106,0.09590004395953394,1,0
4de525e4d09a,0.2490353498980003,0.5016938455054433,0.18000102033319082,0.06926978426336534,3,3
4de6472758de,0.130294275771581,0.48528681539174406,0.24340805751360703,0.14101085132306784,1,2
4dfeb4d6bf0d,0.5262731114066139,0.27296247265172785,0.12462847973988274,0.0761359362017753,2,2
4e3671f1dbf8,0.16879995544954154,0.49782593787973023,0.22245601021769157,0.11091809645303667,2,0
4e51ae89d35a,0.501965661780444,0.23722867877980386,0.17003290160723397,0.09077275783251829,3,2
4e81deb94cab,0.14081361166383194,0.6182935294205352,0.18908956242918956,0.05180329648644306,1,1
4e9a365efc0c,0.18006467464910605,0.4689554809064436,0.2510713790011532,0.0999084654432971,2,1
4e9eb654f451,0.2748234329499639,0.383368039582678,0.2227035030087443,0.11910502445861383,0,2
4ea356d57b10,0.3823610648124525,0.2921362406208269,0.2196533493192554,0.1058493452474652,0,0
4ea3d3aed9a6,0.10550926719317703,0.6176835636241373,0.1952691217967576,0.08153804738592833,0,3
4ea759eebb53,0.1320113651267668,0.639893034447193,0.156808856129193,0.07128674429684707,1,2
4ebaaa8b1eb2,0.08238613443608761,0.6801774491825412,0.17263617748518234,0.06480023889618891,1,3
4ecbcabc9971,0.19669763205088223,0.5367427184719525,0.20383414796607777,0.06272550151108705,1,1
4ee4406b32a0,0.11060051510879355,0.6372806055951677,0.1954368049162317,0.05668207437980703,2,0
4eea62413744,0.17021859495296873,0.6362506305617206,0.1433997100500853,0.05013106443522591,1,0
4f0201c0929f,0.5488402820913998,0.2494897546721848,0.14372903433647882,0.0579409288999368,1,1
4f044c4aa6f6,0.3249917804466579,0.38716613926384175,0.20852752172514477,0.07931455856435568,1,2
4f22fc4115aa,0.4125449069590342,0.2642902824275205,0.19534239072030327,0.12782241989314216,0,4
4f3ac8ed6bc3,0.6052811252388818,0.15424943389069914,0.13940096591811346,0.10106847495230582,0,4
4f3ad9b6686a,0.29533209037066926,0.46581429080158004,0.18613764759275592,0.052715971234994614,1,1
4f429eb104df,0.10131391052549417,0.6747102545139468,0.15852232031578464,0.06545351464477403,1,3
4f4a405729f2,0.1966025958972688,0.6133680839245289,0.14141787886019014,0.048611441318012,0,4
4f4ec43883e1,0.40508221873116645,0.3464529275589475,0.15139607105179004,0.09706878265809615,1,1
4f7282cd3316,0.27781230528462153,0.4880606485875568,0.18669974183908494,0.04742730428873638,0,1
4f7398c0551c,0.16353096815472615,0.613758701877826,0.14738301041418214,0.07532731955326581,1,3
4f76e9117edd,0.4836261576614648,0.25943732887763693,0.16050068735837358,0.09643582610252475,1,3
4f87a1a47342,0.2864185367117601,0.42114579598311386,0.18937160347875182,0.10306406382637426,0,4
4f882088da4b,0.34511952812954305,0.41996087756395256,0.18764133335890104,0.04727826094760342,0,0
4f93ae390464,0.5823456907401906,0.21927590339312877,0.12106841044347035,0.0773099954232102,3,1
4f9e5a782721,0.6102470964749704,0.19923134705300644,0.12432480294457347,0.06619675352744964,0,3
4fb1f71d298c,0.31665276599029474,0.41713947519347816,0.1420757028717599,0.12413205594446758,2,0
4fe046c0f566,0.15068243490349423,0.5865699741789968,0.19136272862774503,0.07138486228976335,1,1
4fe89b3c7225,0.2054166200132212,0.5409830947503612,0.17861333856045183,0.07498694667596575,0,0
5011af7ced63,0.15541197336329898,0.6248053478383181,0.14865373347874508,0.07112894531963788,0,0
501f89688227,0.15877993450591693,0.5765878951041672,0.1842453967447627,0.08038677364515327,1,1
5024b6620c03,0.5976229119738482,0.21016885207754843,0.13128248419685024,0.06092575175175344,0,2
50586fea5441,0.45069702370338366,0.3313429298630398,0.1731850335409756,0.04477501289260072,1,0
5062655a0c9f,0.1642553914813822,0.5650560415219771,0.1469848008133069,0.1237037661833338,0,0
50680af8f366,0.1857073174903445,0.6088805520489933,0.13947036109961577,0.06594176936104636,2,1
506e43568206,0.21112183916386307,0.553859182286879,0.1699887256577573,0.06503025289150048,3,1
50787fecf4ce,0.23093380354860799,0.5387166680258643,0.18490940171296588,0.045440126712562076,1,0
50837951818b,0.4030670976808932,0.3658872472010364,0.1695098798932424,0.061535775224827685,1,3
5083d7064601,0.04908977127617284,0.6550747503986022,0.21701791166891518,0.0788175666563099,1,4
508614a9c9ff,0.17243850427925664,0.48072867884228804,0.25629477733239936,0.09053803954605645,1,4
508b10b44ff6,0.2760910157449584,0.4351455310027742,0.20937629498599206,0.07938715826627536,0,4
508d6acdc4ce,0.40139172832624764,0.36225556265756886,0.16539965732207684,0.07095305169410697,1,3
50ab8f13a325,0.17628137286400627,0.5391447593931714,0.21312577308436026,0.07144809465846183,2,3
50bbbabf06c6,0.35941136145086655,0.3737931694003898,0.1615443773284377,0.10525109182030556,2,3
50c72842fd87,0.18579711793585613,0.4930859874959778,0.24390226452895752,0.07721463003920853,1,4
50c7efb145ce,0.17855713134957463,0.5538267030456073,0.1557602063565527,0.11185595924826522,1,1
50d38e4b0732,0.1697601505929571,0.5832783937029433,0.1799466686229368,0.06701478708116293,3,0
50de43ee58c4,0.1948064535874888,0.5696473886275804,0.1629382303729351,0.07260792741199561,1,0
50e9384ca4c1,0.11611912634067782,0.6103232802014954,0.19545619115411297,0.07810140230371376,1,0
5108dc02655a,0.18319677427972209,0.5885043167234244,0.16662803821677521,0.06167087078007847,3,4
510b4b2ae848,0.49788551663628833,0.27089472770291256,0.1618824153084365,0.06933734035236248,0,3
511b76817a88,0.19249851248278638,0.4645183565249918,0.2397964147077523,0.10318671628446958,1,0
511f9a60ee5b,0.2968831833782992,0.43605667343741816,0.15239663778206936,0.11466350540221314,3,0
5122ec355c24,0.10166055057887854,0.656840791583837,0.17758091503052506,0.06391774280675958,1,4
51294e64d81e,0.2615143682876653,0.49611911906412987,0.172407696038065,0.06995881661013997,1,0
512a9622ca0f,0.19305332986662227,0.5572515662325057,0.1687613864889325,0.08093371741193989,1,2
512f55885e0b,0.2333827559362108,0.4446874644897671,0.21976930804811873,0.1021604715259035,1,2
512fbe9d996a,0.061296753239335276,0.6906032520874964,0.19269975638937578,0.05540023828379251,1,0
5133bbb7b75c,0.4466772364059701,0.33056117977792515,0.1410347989795479,0.08172678483655697,0,1
514b87b8275d,0.38748290291643467,0.30500840753840386,0.20019941383990655,0.10730927570525486,0,0
514f1f9f8912,0.36480885147108133,0.2054897448917616,0.2617102718052639,0.16799113183189304,3,0
51502fa7747d,0.3700624568010334,0.33208386701734915,0.17848320292745073,0.11937047325416708,2,3
5170993e49dd,0.5572283125984496,0.22792600666135907,0.14656564312738363,0.0682800376128077,0,3
5187caabdb51,0.21090428806939254,0.4398400214960319,0.20882903146419082,0.14042665897038456,2,2
51a10504052c,0.10961717893370937,0.6728764854094117,0.15954698849412005,0.057959347162758655,1,4
51c3b10f88d1,0.3071248553714967,0.42683859322006035,0.1860232131702676,0.08001333823817536,1,3
51e626885505,0.3291269602026304,0.3579996035552954,0.21479666736434064,0.09807676887773384,2,0
51f479f9ac83,0.5172716481887032,0.21181989622273278,0.1305981070181643,0.14031034857039956,0,1
51fef9be5005,0.44569766441828823,0.3194364399957297,0.17392609351095129,0.06093980207503064,2,4
521c520f0d18,0.15490353528798506,0.5844219442751202,0.19928876737804904,0.06138575305884527,3,0
5249dd72e890,0.25843202607877636,0.4311561648975404,0.24464017788483233,0.06577163113885062,1,4
525baed75bc5,0.43627881778926036,0.3011691327813531,0.1619658082449778,0.10058624118440888,0,4
525f144cecf9,0.09561942461694253,0.6561164420536922,0.18264314564964299,0.06562098767972244,1,4
526393a46dcb,0.17918716419442626,0.4783092243311513,0.2553545872796437,0.08714902419477868,3,0
528aca245f9a,0.34452462146721546,0.4078072739568584,0.17662818699343083,0.0710399175824953,2,1
5292575d2789,0.10424511429515682,0.6689845561358346,0.16504016334442545,0.061730166224583174,0,3
52a07bdb51ad,0.0949477722910968,0.6457707739322863,0.17508138998354078,0.08420006379307611,1,2
52b4996cd35d,0.07091498511081153,0.6907604757917479,0.17249075488178484,0.06583378421565551,1,0
52ced5f7e2b3,0.42123693402007945,0.36010004819018465,0.16355874142009397,0.05510427636964209,0,0
52dc05bd4381,0.22422696699282063,0.5138478258616009,0.17613135891279363,0.0857938482327849,2,4
52e8c2d0de50,0.3142889132035625,0.3528939449176526,0.23288365086193258,0.09993349101685224,1,4
5304d41ea0a6,0.31651249193117986,0.43540072956794074,0.16625499905721744,0.08183177944366178,2,4
5304dd253880,0.2428315469198023,0.43893712131391255,0.2046148488582442,0.11361648290804086,0,0
531c0554dc5d,0.6396494181155585,0.1789415794591781,0.12457117145416045,0.056837830971102656,0,2
53234761691b,0.10945645451405567,0.6176471075312261,0.19106351358354956,0.08183292437116836,1,2
53345381e15a,0.19528680850078228,0.5682610035221158,0.18064291331901788,0.05580927465808386,1,3
5359e47a53e0,0.13620739414339886,0.596830430873859,0.1880320900033783,0.07893008497936396,1,1
535f8c7a5191,0.3360642616490437,0.36424603885227874,0.22194994823469616,0.07773975126398146,1,2
5368a8bec11f,0.317418500968506,0.41895038852965455,0.1543392981765138,0.10929181232532575,1,3
536ec36c3d62,0.6618009725571263,0.1766533666029229,0.10749130778108658,0.05405435305886436,0,3
537d1ce14277,0.3254758712930062,0.36839378132791256,0.21444877492892297,0.09168157245015839,0,3
537f2065d631,0.2065723946924156,0.48350780368049584,0.19531383227802052,0.11460596934906776,0,1
5380acab9ccf,0.3738137862044251,0.3878300652128184,0.16979427992456586,0.06856186865819039,1,2
5392f3af1472,0.4022272252535801,0.3188330639471427,0.14504645930915525,0.13389325149012182,0,1
53a94edc58d1,0.37091808010441796,0.36203157527078683,0.14897579225275165,0.11807455237204359,1,4
53a991898080,0.33517087390255207,0.37358206116109993,0.19922838578862323,0.09201867914772487,2,4
53ab14d3aeff,0.1235364305015164,0.6443212280428766,0.16192959830279222,0.07021274315281471,1,1
53ab7bc1ca97,0.26623880441448367,0.29961773699668803,0.22787092271000797,0.20627253587882055,2,1
53aed14e6386,0.5719553674004949,0.24532624700667913,0.12563984443527554,0.057078541157550615,2,4
53b2ff894bda,0.3270539398174764,0.4136021599310507,0.1644514024608671,0.09489249779060588,1,4
53b974b2f19b,0.10716447619085069,0.6941132724580229,0.1416230078026199,0.05709924354850649,2,3
53c9dc786907,0.12235844183066497,0.5463571553654921,0.23929393096930998,0.09199047183453288,2,2
53e3f01fabe1,0.11452304924333118,0.6206676243341754,0.18655528434768212,0.07825404207481122,1,2
53f3c8c16f5d,0.34721978966484707,0.33191438375908333,0.20177724029374347,0.11908858628232594,1,3
53fefa2635de,0.6972103940769099,0.14314930814998145,0.11085647271051757,0.0487838250625912,2,3
5400139d2bb4,0.26273575883130257,0.415838363191456,0.2123052653676132,0.10912061260962819,1,2
5410626fc53a,0.4948386696266592,0.29089653861358894,0.13792992889039926,0.0763348628693523,1,3
5423b19fb38b,0.1477125801531171,0.5816537590288776,0.18439535771276727,0.08623830310523839,1,2
543ea3ce1275,0.16815894975081527,0.5945567094755823,0.18435714700594433,0.052927193767658275,1,0
54600e52f553,0.28126210117628886,0.43407688039558334,0.21611045568958118,0.06855056273854669,0,4
547aae81c04c,0.3320488911825665,0.40284548619058247,0.1912334212795085,0.0738722013473425,1,2
547b1dd0ebcb,0.3535617447539715,0.4408698596879575,0.15485370106019944,0.050714694497871755,2,1
549205ed957c,0.26515561053546255,0.4636845570114308,0.20298829305684105,0.06817153939626554,0,2
54a1ff4452af,0.262082916888303,0.41329132964770243,0.24261845255538106,0.08200730090861341,1,2
54a72130e138,0.18530162992770796,0.554759044814552,0.1848520552394288,0.07508727001831111,1,3
54bcc360cc71,0.44918611097352057,0.3036158488449891,0.1733321639372364,0.07386587624425389,0,2
54d2b19a59c4,0.31805052122408695,0.4266987908282231,0.15224919548614807,0.10300149246154176,0,1
54d3bd418490,0.09715157121674735,0.6671194699007031,0.16838018215701386,0.06734877672553567,1,3
54d87992ebd1,0.4969419184770841,0.283855128724822,0.15512636229309673,0.06407659050499721,0,4
55178967f39d,0.10499943230460758,0.6627602590073651,0.16556422205693608,0.06667608663109093,1,2
551ce2f497af,0.1567990497259963,0.5943743420354569,0.18358540797764947,0.06524120026089732,1,1
5545ef49ebfc,0.15760134478554683,0.44190991347275627,0.22293245968673703,0.1775562820549595,0,1
5553337f41b7,0.18377672757777014,0.5764951145881229,0.1812330178844586,0.05849513994964814,1,0
555aa3906759,0.5520734048771659,0.22964626366735777,0.13262545912963752,0.08565487232583892,1,4
556b76b37e6e,0.17974321117576916,0.5659500421574348,0.17028260349094076,0.0840241431758553,2,0
5590d0f84fb4,0.31630711647688653,0.4688847025768574,0.1673979295590584,0.04741025138719747,2,0
55a1e614cd5d,0.18454999173903486,0.4662722792445498,0.24201474507399992,0.10716298394241562,2,4
55bdad0b3d6a,0.3168576232124255,0.43866404612434007,0.15270054957907075,0.09177778108416389,0,0
55bf89ae74ea,0.41912764361278154,0.34153906401411305,0.17539120034335154,0.06394209202975362,0,0
55f9624fef0e,0.4594667910672994,0.3126739516672941,0.14482856956357373,0.08303068770183256,3,1
55fb3303c057,0.44090180223758274,0.3248412482829855,0.17080486621813668,0.06345208326129514,0,3
561871085c06,0.43284867865888,0.3300468966724451,0.14365784513022672,0.09344657953844795,0,4
5618efab082e,0.6596251200000098,0.1668104289924393,0.12774797876597954,0.045816472241571427,0,2
5621dfc80f12,0.11125472666006637,0.5526992713692506,0.27014358166082636,0.06590242030985688,1,4
5623a3a86114,0.15151135406879374,0.6186989343060747,0.14585344355821087,0.08393626806692077,1,2
562b773e21da,0.487847519084523,0.23840874879716936,0.17102118081931622,0.10272255129899124,1,3
565cf7dfcce7,0.271340852512946,0.49389831687035385,0.18161301954197145,0.05314781107472887,1,2
56688f5bde5c,0.3734729366636007,0.3922213580875172,0.16726414650533575,0.0670415587435464,1,2
566c4bfc22a4,0.09182781028766059,0.6877165436948024,0.143911525999243,0.07654412001829455,1,1
568691cc04c4,0.07945742567924485,0.6607592390689946,0.1847125322100428,0.07507080304171772,1,1
56a69969ec4c,0.41737371679831686,0.28942198941541974,0.16065398595862687,0.1325503078276366,0,1
56a6a370c80f,0.3424013478366429,0.3282423875993705,0.24607733008337482,0.0832789344806117,0,2
56b13bf13955,0.19448881983610003,0.564498778465622,0.17137419800758913,0.06963820369068924,2,3
56ec96b96a1c,0.09598907121870784,0.6728864583260941,0.16509205959760215,0.06603241085759584,1,3
56fe338adcca,0.19937254128934423,0.5099086993119543,0.2000818770506723,0.09063688234802908,0,2
5706623a8069,0.4018586250717027,0.29945697912348823,0.17058344266097328,0.12810095314383593,1,3
57081e4ab3b1,0.4468676606504197,0.26100242495669873,0.2090763734220104,0.08305354097087117,0,2
570d6703b8bd,0.258953609496145,0.5062913309003936,0.16593335167781362,0.06882170792564776,1,3
570e81ad62f3,0.33274921103138133,0.38494410628204273,0.19297789893395145,0.08932878375262467,2,3
570fd6af9eab,0.14414690235547536,0.6565316011934542,0.1378619108429806,0.06145958560808933,1,3
5753677905c4,0.12922568151251407,0.6522560422873974,0.16604883903480458,0.05246943716528349,0,1
5756aa070207,0.1445772089706781,0.6553797541745885,0.138593113889912,0.06144992296482126,1,3
5758d3fadf95,0.09076221125569095,0.6254488683306361,0.18470812051057064,0.09908079990310224,0,2
5772159e2645,0.3159662825323722,0.3459604896382815,0.22709850413421984,0.11097472369512648,1,4
57776e62829f,0.43851591753138447,0.3156277115447676,0.1624573504428064,0.08339902048104177,0,0
57850405120c,0.1484209340811065,0.5752869368620472,0.2083288381910191,0.06796329086582706,1,1
57915fbd41fe,0.3160514122935806,0.4261267427101578,0.1967283835963212,0.06109346139994013,0,1
57b5cc0c0645,0.3585381428529341,0.31644552275865334,0.21692379190721253,0.10809254248120015,1,3
57ca1820340c,0.3221883864498751,0.45988349569994974,0.1656479065176012,0.052280211332574024,0,1
57de882902fc,0.20243679695367514,0.5624562609016311,0.1640083622873315,0.07109857985736219,1,4
57dfecfd86ff,0.31551321295845475,0.4129314326836106,0.1541782776168031,0.11737707674113126,2,1
57f81b7f45cf,0.19773903077136007,0.5046272961838315,0.2085122907611526,0.08912138228365572,0,4
58072ae8b0f0,0.19377634487727735,0.5531085183784031,0.1557241076748559,0.09739102906946344,1,2
582562f90e88,0.14090788674993052,0.5943674284202782,0.1555340980622291,0.10919058676756228,1,0
583b8489646f,0.4338438977203439,0.31457261297113404,0.15040190524427421,0.10118158406424801,0,1
583f34f5d5fc,0.3302493093555835,0.37432657153086246,0.1801336715220939,0.1152904475914601,0,3
5840fda24291,0.14032565963508875,0.6226314844601938,0.14831625654710093,0.08872659935761641,1,0
5846e5cc51a2,0.22802814257227252,0.4703937228871023,0.22028954077188753,0.08128859376873755,0,1
58501082c63a,0.14187529199221724,0.5858924346639613,0.1969794101894522,0.07525286315436937,1,4
5861e8681425,0.5353026241727344,0.23799421929086748,0.16857074540819833,0.058132411128199904,1,0
586d54b2a31a,0.12508790283586016,0.5459036435753507,0.22048772426855315,0.10852072932023557,0,2
587699c00f43,0.437350798766126,0.28535633939902305,0.19708866785117696,0.08020419398367405,2,3
588b613b92af,0.23215618011114428,0.4667111739768116,0.22224077398115666,0.07889187193088733,0,4
58ad7c132f66,0.5840159825708114,0.20405921727298115,0.1323538446973475,0.07957095545885985,0,3
58bd213f054f,0.20498360348077507,0.5705429138104923,0.1688650246395951,0.05560845806913774,0,2
58c8cb4271bf,0.386780630876574,0.36782729208457815,0.19460032788652498,0.05079174915232288,1,3
58cc074e38da,0.11082766397529141,0.6640206063032984,0.15565968205359743,0.06949204766781295,3,3
58fd19f3e555,0.1369085879852225,0.5047049528373112,0.24008607923553316,0.11830037994193286,1,1
58ff60a8bc71,0.08502898068413094,0.6200107807628094,0.19305720504304313,0.10190303351001682,1,2
59227e05796e,0.17181810955085408,0.5638973763990113,0.19453575420785857,0.06974875984227602,0,2
59289712b7a7,0.19646651142719956,0.502376439921406,0.2113037917146041,0.0898532569367903,1,4
5947be3fea54,0.33005452347414266,0.35288670949017475,0.19149476746620173,0.125563999569481,2,3
594b6a49d2ea,0.149222438431422,0.5716658760896108,0.1907486667071065,0.0883630187718608,3,0
594b82058ccd,0.48276464487932125,0.2429800335057359,0.1877006376493783,0.08655468396556427,2,4
5970de40ff73,0.05849839308915285,0.7252843425422951,0.1386115272088376,0.07760573715971424,3,3
597671ef6252,0.48549216478407803,0.321453142968781,0.15718677823143215,0.03586791401570892,0,1
5979bc664c1d,0.23002963862834533,0.49608182603946943,0.2086436544371447,0.06524488089504074,3,1
597f5f3f8751,0.5355993901700283,0.2160718006726426,0.17131502830669817,0.07701378085063101,1,4
598b2841a3d5,0.3301304427439546,0.3877912149662976,0.1876905876324967,0.09438775465725119,1,1
599645fe1eb3,0.6474588511112385,0.18576312366268918,0.11575323547173616,0.0510247897543364,0,2
59a91c5701e6,0.4860696523508036,0.2686989312863413,0.169541715056867,0.07568970130598805,1,4
59ab0bb7cd92,0.5462397748477782,0.22361621660082612,0.16764182479616607,0.06250218375523009,0,4
59be4450dac0,0.17113509005777783,0.4733868073902336,0.23442610616930154,0.12105199638268721,0,0
59cb862d37e1,0.1758241154536201,0.6241242018664762,0.13996754984786433,0.06008413283203918,1,0
59d10129bc08,0.07994790894491977,0.6434160662883638,0.19124763685529578,0.08538838791142042,1,0
59e10fae4c81,0.10599179315024332,0.6608616063898121,0.14297968389566582,0.090166916564279,1,0
59e137176570,0.5175740194174729,0.24450814483553654,0.16804503924320882,0.0698727965037817,0,4
59e43e0b66a9,0.07626875898163471,0.6346322720984633,0.1799302546343207,0.10916871428558114,0,3
59f38b6e1b6b,0.11338854822763964,0.6205508414667379,0.17226354505726163,0.09379706524836101,1,2
5a0e35234db3,0.19342005303010779,0.6053554611172226,0.12647652711594723,0.07474795873672248,2,2
5a1b6052355e,0.2899287096378885,0.39646261162079516,0.1614399735490736,0.15216870519224276,1,1
5a23fa5717a3,0.2733717092472023,0.44168502017522526,0.20981963618057078,0.0751236343970015,1,4
5a249578cf8e,0.3130501313067622,0.48360769006267323,0.16268718026749715,0.04065499836306771,0,1
5a37eccaeb4e,0.6322812134584214,0.15422832709131665,0.16421842097416908,0.049272038476092954,0,1
5a40b5567ce8,0.5172944687868828,0.25117335919578654,0.15467512011643655,0.07685705190089426,2,3
5a642870b814,0.35944019727500925,0.3831672606435925,0.17450696640227206,0.08288557567912545,2,1
5a869900cfef,0.3414466034848655,0.40688532940387734,0.1713120355088051,0.08035603160245201,1,4
5a8eabd0dfbd,0.059428429187307355,0.7229474457657195,0.1663625255492178,0.051261599497755314,1,1
5a9ef6342497,0.3547475782327405,0.3203031727546167,0.24182990590248182,0.0831193431101612,0,0
5aab89012cc2,0.33461598282033195,0.3916596209241345,0.21019148760507655,0.06353290865045687,1,0
5ab0afad9234,0.5552879918151874,0.2109426360995081,0.16183445948560327,0.07193491259970146,0,1
5ab46852e359,0.47921836237949167,0.27216138945753177,0.17128037579512911,0.07733987236784728,1,2
5abc0730eea5,0.10262204025292043,0.6629324349359053,0.1643619803047654,0.07008354450640882,1,1
5ae77db07c44,0.24384319888223333,0.4773622273030872,0.20049147722182023,0.07830309659285889,2,0
5b059ef0f8ee,0.16116366454501949,0.6044299798194721,0.14759807844264683,0.08680827719286179,1,0
5b09e5efc537,0.6180514768668269,0.1726910104907306,0.16645975140785754,0.04279776123458498,3,1
5b380012edfc,0.13082704790216979,0.652300100451205,0.15848166776861453,0.05839118387801065,1,1
5b399e31d07f,0.2709338008277229,0.407950660548214,0.22880782608501896,0.09230771253904411,1,2
5b4320cfadc4,0.07105943467068354,0.6115171991076829,0.22695993656606883,0.09046342965556466,1,4
5b5889f8e4b7,0.16332057646681186,0.522713961377938,0.22976637102602587,0.08419909112922437,1,4
5b65a69885b6,0.11074524202109542,0.5676277011779691,0.2543907436888204,0.06723631311211475,1,4
5b96a28a5ae7,0.061929820721975164,0.6857435533775412,0.18834194165227042,0.06398468424821312,1,4
5baf929549c6,0.1816465056971172,0.5325509635846953,0.23165220346818555,0.05415032725000188,1,1
5bbc4574f4ac,0.17603690650413925,0.6388287940988489,0.13215915471629444,0.05297514468071782,1,4
5bbefa3819bb,0.22084290267950962,0.4563617757916565,0.20104474354299479,0.12175057798583912,2,3
5bc2b00f611e,0.20943977943635178,0.5364765828354907,0.18613094146097378,0.0679526962671833,1,4
5bd7e722e24f,0.2400531457656314,0.47880891844928897,0.19959998643269175,0.08153794935238783,1,1
5bea77df76eb,0.6262773283941608,0.16462554972039548,0.1498370780111813,0.05926004387426241,0,0
5c20d46146b3,0.5208793304428259,0.24764701399106268,0.1662373519804352,0.06523630358567639,2,4
5c3c9a303c13,0.6927415239415372,0.13304071085320626,0.11168601363066147,0.06253175157459512,0,2
5c4a2ed04ff9,0.24727462036242928,0.5245974668159578,0.16463291311381206,0.06349499970780066,1,2
5c4e0bef2cc6,0.5390306956348994,0.22728130266351515,0.16334141073294373,0.07034659096864188,1,2
5c5a8fe1d563,0.38404040104299847,0.35033641550258876,0.17138915580505418,0.09423402764935836,0,0
5c63bdd7a0a7,0.09292995572058092,0.6601649607252793,0.16282043051208508,0.08408465304205508,1,0
5c67abd0b49f,0.35329878362667066,0.38878398307317535,0.209553265733132,0.048363967567021965,1,1
5c6b722a9a82,0.1541836830110202,0.6166561460011983,0.14904901483305716,0.0801111561547241,1,2
5c97fb42f06e,0.5860670886887711,0.193490695621929,0.14573773556952058,0.0747044801197794,1,3
5cd6a7ebb37f,0.5473358403391468,0.23905529872788567,0.1451717406887541,0.06843712024421354,0,2
5cf8c5e5aa23,0.6108489449985857,0.1759225403390842,0.130882663082362,0.08234585157996811,2,3
5d09203da3ba,0.05546245070581086,0.7072191105663369,0.1436029605915391,0.09371547813631316,1,1
5d3619fd4540,0.21045677255665657,0.4976623750990238,0.21427624307233673,0.07760460927198286,2,2
5d5f5f5ec586,0.1247706887824822,0.6360678425480562,0.1757305377956241,0.06343093087383742,1,2
5d66b2f4c8e0,0.3010659498498161,0.47644512466482797,0.16920626736450337,0.053282658120852235,1,0
5d786634f354,0.18550889589263647,0.5451209241098722,0.18227712218937853,0.08709305780811273,1,0
5d7a01890cb6,0.347573912173782,0.3677156224391182,0.18704240187373108,0.09766806351336861,1,0
5d8bf0fa1ec0,0.36974269435716317,0.35324883773333887,0.2168027704898837,0.06020569741961429,0,1
5dbe5d09d8b4,0.22103736776766905,0.5332705529844851,0.16077740850195685,0.08491467074588918,3,1
5dcdd4c77f15,0.13031462626120077,0.6089323138635833,0.1868648364910419,0.07388822338417367,1,3
5de1720c253f,0.12443199032589133,0.6530241202726822,0.14425729335251208,0.07828659604891483,0,0
5df3682bc713,0.5896590158586543,0.2554501530822565,0.10884560084332422,0.04604523021576469,0,1
5dfc819491fb,0.38687741105760365,0.24630444121622574,0.20894972514978102,0.15786842257638958,1,3
5e15393e8483,0.32976882686913744,0.41055392585376593,0.179185627018848,0.08049162025824867,0,2
5e1e833afeeb,0.5692667808034849,0.1931539994220007,0.1670565631869191,0.07052265658759528,0,4
5e22d4f43674,0.17662020761813163,0.5775602532263814,0.15178094665590922,0.09403859249957768,1,4
5e3842ff3457,0.19776202199739146,0.5077386029548926,0.19704561403178475,0.09745376101593108,1,2
5e3a04aec6df,0.16699084791977645,0.531372722141381,0.21591280230929943,0.08572362762954297,1,2
5e543578feff,0.18279691242504817,0.5540976897431014,0.18737564585380653,0.07572975197804367,2,2
5e5b8469395d,0.12931042959352868,0.640907325228346,0.16766029308531855,0.06212195209280676,2,1
5e5bee2f9f08,0.08326762241011604,0.6840578127012807,0.1694229013713175,0.06325166351728564,2,4
5e64e42f9b10,0.3743967123079885,0.3838628409647387,0.1463026289756476,0.09543781775162537,0,0
5e7386e9b570,0.44292025910129396,0.29144314735723115,0.17979244438203998,0.08584414915943453,1,3
5e7e2e3b20f3,0.2274567299916298,0.457366633206169,0.22113016813653844,0.09404646866566259,2,1
5e811e5fa7a8,0.18114837787768898,0.49320576816786443,0.23378801313836567,0.09185784081608114,3,1
5e8554463272,0.08428293206721944,0.6197667268408913,0.2208605802698631,0.07508976082202594,3,1
5ea54f3cfdbb,0.33401697840153516,0.43884756728141705,0.14435577864417237,0.0827796756728755,3,4
5eb39b25e6a2,0.09477477213359793,0.6766230596483938,0.1728225569619847,0.055779611256023605,1,1
5ebc6a206211,0.39014495714132263,0.3198206180338893,0.18967473022855755,0.1003596945962305,0,4
5ec612c367ed,0.16808795229614087,0.5360663518133487,0.19750728403527218,0.09833841185523805,0,2
5eca9e1472e6,0.6045561276393202,0.1777658463345736,0.15217185112758833,0.06550617489851797,0,1
5ee57e4e2a9a,0.1154569305161071,0.5771049646186309,0.19494923445722454,0.11248887040803766,2,2
5ef72546790a,0.3111806643160203,0.3411079632318547,0.2179973512147255,0.12971402123739947,3,3
5f0bc1dfa0f3,0.21066895492252932,0.5393912563984665,0.18935535310052137,0.06058443557848283,2,2
5f101534e80d,0.13947834660555675,0.5049089690444257,0.24764622474683107,0.10796645960318642,1,3
5f159e65db5b,0.11950015073426473,0.60139326219004,0.1859810039994246,0.09312558307627092,1,0
5f1d8846918f,0.5722004760043028,0.21026809395946636,0.1234665388088594,0.09406489122737194,0,1
5f214fc89978,0.15670543531055178,0.559367115349391,0.19966680545718657,0.08426064388287083,1,3
5f23e39538df,0.45759270847647165,0.3208872334396103,0.14881774570700884,0.07270231237690912,1,2
5f262d843e38,0.12873526909164593,0.6090664588841792,0.1933932161700346,0.06880505585414025,1,0
5f4a1c18f73a,0.19873750464644732,0.49795110554275246,0.2272262656844113,0.07608512412638865,1,2
5f68d62a53b2,0.1347901936570102,0.5570684127686464,0.22929005847393452,0.07885133510040872,3,4
5f71657bb13c,0.24070778366749832,0.4513855630426852,0.21113126671321467,0.0967753865766016,0,3
5f72cd51c9d9,0.15761199496109782,0.5829732449836584,0.17357665877908918,0.0858381012761547,1,2
5f866897e480,0.40641761394929077,0.34356930737430924,0.1556050348840984,0.09440804379230158,2,3
5f893a168417,0.34543032390586464,0.4241828212268632,0.16226106999860518,0.06812578486866701,1,1
5f9127732aa5,0.24734787433901023,0.4340108212536823,0.22538763877576143,0.09325366563154595,0,3
5f91c6b4a523,0.32396716839038486,0.3594852988690941,0.2187161524141648,0.09783138032635616,2,3
5f9315239590,0.3117360702050677,0.4485410045238046,0.16693186509843944,0.07279106017268813,0,4
5fcb8bc7513c,0.31664117296691596,0.45659636633845535,0.1258867624263668,0.10087569826826194,0,0
5ffacabcbf60,0.4300149336060395,0.3095753460392329,0.17246632335610132,0.08794339699862626,1,0
600ab69570f2,0.4278021859233953,0.3190153153937492,0.1843451594860585,0.06883733919679683,2,0
601e2cbcc9f7,0.4242359123290203,0.2965359457365451,0.19283770294955446,0.0863904389848801,0,4
6024ccb28c47,0.27080919176906554,0.4267636258713969,0.23066320856150763,0.07176397379802982,0,0
602ee70cb61a,0.11581892689173115,0.5906819659322534,0.19599202599507012,0.09750708118094537,1,2
6039f7ffcc5a,0.22749263634462327,0.4895921226285778,0.20173103394601669,0.08118420708078204,1,3
604e3942c322,0.1398328851111839,0.5599991626225004,0.19206652713133565,0.10810142513497996,0,2
60554eada6af,0.44328233343273027,0.2968970004801468,0.19255945445295874,0.06726121163416424,3,4
60582c2b6793,0.44934792279786356,0.30584606863047453,0.168179068785068,0.0766269397865939,1,3
605a4e81d716,0.6413067542875774,0.18472845125409917,0.11383091212369462,0.060133882334628505,3,2
605f27e6f20a,0.2834389723512398,0.45049585398099734,0.1715057499372906,0.09455942373047224,1,4
6065262d57c0,0.08685547218732358,0.6400085565962148,0.18832705410992598,0.08480891710653551,0,0
606f749a9152,0.2904029035929112,0.45071695527686356,0.18763336567140249,0.07124677545882253,1,3
608311337d65,0.14248810627102715,0.578249353212333,0.2200261715397415,0.0592363689768984,1,0
608c09cf07eb,0.5205121845056802,0.29884099158208316,0.12854438127818402,0.05210244263405282,2,1
60b01c86e9c8,0.4094918676568811,0.3235939964568766,0.17967430961513214,0.08723982627111003,1,0
60b307a1d9c7,0.38539840866683533,0.3593832067750853,0.20380884328100884,0.05140954127707074,0,0
60b889344085,0.36112070266283847,0.4155959496996115,0.15284069018548074,0.07044265745206929,0,2
60c6d93dbf6b,0.571454075254701,0.2017301275163285,0.15174491970024911,0.0750708775287216,0,1
60cdc5f41222,0.12758694701679224,0.602474977302888,0.2074816244155607,0.06245645126475895,1,0
60e1338439e7,0.19360346656796357,0.5346262708144836,0.1911795102357217,0.08059075238183099,1,1
60ee48e72980,0.15529871353627756,0.5366201471852651,0.22032691698646614,0.08775422229199115,1,2
60f2bf33d1b1,0.20704183904019435,0.44442097260708086,0.2152543486947937,0.13328283965793128,0,1
60f874bde211,0.4664967900479941,0.3003466637242219,0.15224571532119627,0.08091083090658774,1,4
61007125e8a1,0.3615315405240056,0.37495663941801083,0.1555696974825489,0.10794212257543463,1,3
610b0e29d87a,0.1871708912476628,0.523683792761609,0.18976430894546642,0.09938100704526172,0,2
6126faf783af,0.32754546812602103,0.3835751890929971,0.15877480933795882,0.13010453344302292,1,1
612db6880c2d,0.29019838276488596,0.4522857850242399,0.20677290020763095,0.050742932003243084,0,1
612ea5194007,0.24129055143115072,0.499510471284384,0.19320240165777092,0.06599657562669438,0,0
612f28c33ac0,0.6864736201256189,0.14246080449905174,0.11057805559532126,0.06048751978000805,2,2
6133f90e9453,0.16705788335805785,0.5487759076769688,0.2162028375697239,0.06796337139524947,2,0
614be300927d,0.22784612020042722,0.5769308737027977,0.14396245565860594,0.05126055043816926,1,1
616a679a7380,0.38861730899446917,0.32052281687290385,0.21293495619224728,0.07792491794037988,2,3
616ec28bcb52,0.2743143773885678,0.4381080406817144,0.18949164513187775,0.09808593679783968,1,3
617fdae2aaa1,0.5308023148443591,0.2611600101415363,0.15060960945839197,0.05742806555571255,0,1
618056db0875,0.539226445215724,0.2929106501397481,0.12376077256804154,0.04410213207648647,0,1
6188756af06d,0.3053910935134413,0.39788933499794005,0.16633448130659476,0.13038509018202393,1,0
618e7671d9c2,0.1990558347669908,0.5706840354262552,0.15699263098956734,0.07326749881718685,1,0
619a6ab0ef11,0.30496917391635225,0.447966082214081,0.186789806960204,0.060274936909362836,0,1
619a7e7565ff,0.19065197748675067,0.5810889543244163,0.15883599069386167,0.06942307749497115,1,4
61a2545926a4,0.2470389852033436,0.5266713831758316,0.15943252787347273,0.06685710374735171,2,2
61bfc6b7b0a8,0.35674022042375486,0.38913585003189577,0.19317122006405665,0.06095270948029258,0,1
61ef666e618e,0.34003393321958575,0.4242085116163487,0.16925186807778644,0.06650568708627921,2,3
61f2e71f6a8f,0.1194470158820895,0.6310924781332098,0.18213414703699932,0.06732635894770161,3,3
61f60b0f22a7,0.37810939040503794,0.33684599210942817,0.20091933273124424,0.08412528475428964,0,0
61f869d08130,0.2236306053915854,0.4895105332489105,0.20512951519905565,0.08172934616044836,1,1
61ff519046f4,0.13440912283705223,0.6459092592302799,0.12944712822847823,0.09023448970418989,1,1
620367287eaf,0.16735612235924469,0.5641392880623942,0.1776606382208819,0.09084395135747934,2,3
620c3af8a678,0.28138923522724585,0.41155850055733056,0.19769800160042345,0.10935426261499981,2,0
6216290b4e0b,0.22591485311303988,0.48478602985465097,0.17765390268943154,0.11164521434287744,0,4
622b22589a30,0.10886798359885051,0.6502377936441605,0.1648299623293005,0.07606426042768824,2,2
623fd21cb286,0.06466606488782177,0.705991005089538,0.14783640527871167,0.08150652474392837,0,3
62416d8ec296,0.18923619658199645,0.5207966817198101,0.18398511388344804,0.1059820078147455,1,2
62428c0ca6cb,0.22650289752629443,0.41529069640910254,0.24142708373737143,0.1167793223272314,1,2
6262f05749d3,0.5282782304401457,0.2568494718666838,0.1542001638868374,0.060672133806333316,2,2
6263c19334f8,0.5623675813539306,0.23689214383370527,0.1314277211127692,0.06931255369959491,0,2
62754eaff473,0.20442811039255004,0.5627523012884226,0.17543514644103958,0.05738444187798748,1,4
627a4fc2a0dc,0.176755393248791,0.5953363657482009,0.15738033066544818,0.07052791033755976,0,2
628ef26663bf,0.2640730397033006,0.5244348569419296,0.14376395605145834,0.06772814730331135,1,4
628fc5a824bb,0.150500957549804,0.5991581714306081,0.19433619622521783,0.05600467479437024,2,4
62afcd0adeea,0.0784128600141453,0.6385709283565316,0.20503455732610984,0.07798165430321355,1,2
62c027794523,0.11332887961888291,0.6704656520001719,0.16445387173181683,0.05175159664912863,1,0
62d6d024bfe4,0.17934614948409835,0.45434211572633837,0.2677617051268473,0.09855002966271566,1,0
62ddc7a85907,0.47559311639393986,0.28868992690865075,0.15033691137380092,0.08538004532360867,3,3
62eb85e2e37b,0.10446952795793564,0.6387887013179935,0.1548681454063007,0.10187362531777013,1,2
630e1c371a8b,0.1918495605130013,0.43030655403524404,0.2624035697497145,0.11544031570204025,1,0
631509ad3765,0.097818300322224,0.6584923922949583,0.1847245349327028,0.058964772450114916,1,1
6317840e9b47,0.1955642297619957,0.49362967374966255,0.21326373782828142,0.09754235866006045,0,3
63313ccf753e,0.3408856108917179,0.38408864883028726,0.1987174907477069,0.07630824953028784,3,2
63343210e844,0.4797817235281399,0.31246839256299236,0.12652727682237994,0.08122260708648761,1,1
633ad3666fe2,0.20880213228553157,0.5236235205120985,0.19466652844842716,0.07290781875394312,0,4
6354129bb2c3,0.1036058857329397,0.5397983707015767,0.23214550244557614,0.12445024111990774,1,2
635679335416,0.19261049783395384,0.4426748372877341,0.26266088952442684,0.10205377535388521,1,4
635afb883b30,0.11962361415428305,0.5556638718301306,0.21777145359960368,0.1069410604159828,2,3
635d2d618260,0.1199946493402966,0.6080451162194342,0.1983375266392247,0.07362270780104432,1,4
637e273ff96d,0.21900026111882306,0.5560892225661034,0.1628835491245363,0.06202696719053744,1,3
6395341ccdcf,0.2060462038324218,0.5323194890167029,0.1870871218467641,0.07454718530411113,0,4
63a1906b6403,0.4711267223667746,0.28075578176278326,0.15649263404882538,0.09162486182161703,0,2
63a5cd71557d,0.24529966488859653,0.5051820307592482,0.19614926262164564,0.053369041730509555,1,1
63a95293c73c,0.25263283169590833,0.508819501229352,0.17542260931672082,0.06312505775801854,1,0
63ba14ce106e,0.2558516903751992,0.46692931132020593,0.1798225116388389,0.09739648666575638,1,0
63ce3e6b048a,0.05475063133531521,0.709241047377554,0.14880513767694997,0.08720318361018031,2,0
63de1ceb55b8,0.32281999012457374,0.4094553373415644,0.20770322502836136,0.06002144750550035,1,3
63e0c8d32ca8,0.23511663869677282,0.4512366996487019,0.21999490175386496,0.09365175990066012,0,2
63efba9a923c,0.2956744710264953,0.405645257745,0.18258472638774648,0.11609554484075821,0,2
63f0982859ed,0.48561785403956287,0.2606212791673958,0.16917693266793477,0.08458393412510677,1,2
6407edd84e3d,0.29876183130127654,0.41991605832346807,0.1572120060616785,0.12411010431357668,1,1
640fc90f4691,0.35589985249210276,0.4158245043607851,0.1391368958593221,0.08913874728779007,0,0
642ffa5c3a59,0.36318559322204375,0.4020636925978086,0.17081365000628548,0.06393706417386212,0,2
6441a00880e6,0.3985201423911889,0.36500727202697125,0.1774281434011526,0.05904444218068726,0,2
644889784a23,0.20794588585365723,0.5045126746458335,0.20357088897269196,0.0839705505278178,0,4
64566b44c452,0.1993020388730713,0.5254413967422339,0.15858926729193779,0.11666729709275725,0,1
645e83638252,0.3863493046203557,0.341264493010439,0.18479744468873768,0.08758875768046759,0,3
646a81833c37,0.30656667979199786,0.43202016627083795,0.17117838736092506,0.09023476657623906,1,2
6480202c9a6a,0.07784199290388873,0.6907519195480288,0.15222145487341693,0.07918463267466577,0,4
6482765c23b3,0.405736647535953,0.3486086482417059,0.1770008422240223,0.06865386199831877,0,2
648d90c47364,0.24282002069408012,0.4587623724974162,0.21470161837096524,0.08371598843753868,2,2
6493554b3069,0.25742014486049153,0.43810916343044465,0.21196214185248435,0.09250854985657948,3,4
64af5726691a,0.3085031831843009,0.40150175239849756,0.19498412955536956,0.09501093486183199,2,2
64c7b678ff33,0.12371026135185631,0.6308323264750477,0.1706655351446368,0.07479187702845912,3,4
64c9a942dfac,0.11820045223314578,0.6070662585919572,0.19932917515124113,0.0754041140236559,1,3
64ccc691d5b8,0.12632846766580497,0.6582200988316622,0.13193405591211751,0.08351737759041523,0,0
64def9970a5d,0.39379604186547085,0.33063682194428223,0.20231953918981385,0.07324759700043312,1,4
64f0e6e828c0,0.1735247208832092,0.6066015909069865,0.15722931022533856,0.06264437798446564,2,3
64fe1afb0534,0.4211492208810714,0.317565142358499,0.1760555283882568,0.08523010837217307,0,0
6517ef244d5c,0.18069326066546929,0.47824439976357314,0.2526104988795994,0.08845184069135804,1,4
65442563a7ae,0.523458914554331,0.2162867422787043,0.1658345308608699,0.09441981230609495,2,3
6551dc773a4f,0.34206299239320304,0.35104948381166107,0.1875844610590925,0.1193030627360432,3,3
655298dad8ed,0.09946555032572105,0.6387457529677538,0.19620664879032848,0.06558204791619637,1,1
6556bcef1015,0.08502692057422132,0.6316650606214737,0.18682924322768593,0.09647877557661876,1,1
6566073682bf,0.3938694300124326,0.2755623140485948,0.20670803226555667,0.12386022367341569,0,0
6568580bafe6,0.246144697774064,0.3780939069444688,0.2423536315778666,0.13340776370360047,1,0
6588e42c7051,0.19273132530926193,0.5197169115323264,0.21716471280605235,0.07038705035235945,2,0
659e18eb801e,0.19194232258000907,0.5666538152456979,0.18172443447894335,0.059679427695349244,1,0
65a9ac85fb31,0.4455667235664,0.35364560550410395,0.10090652195882022,0.099881148970676,1,4
65b2d542a83f,0.28060504291202754,0.40914007316338247,0.19232855416116168,0.1179263297634283,0,3
65b95a01d61c,0.5883608893798168,0.18469730637299528,0.15044158172454503,0.07650022252264281,0,2
65c91ba5fd2a,0.47985845409665556,0.2444141818145187,0.1792662621668811,0.09646110192194486,0,2
65e2a7b0905d,0.12091225217651125,0.593394090177837,0.17196129606696148,0.11373236157869021,1,0
65ead08a5f6b,0.14919717923047365,0.5253245312851235,0.18303989713596502,0.14243839234843791,2,1
66028624dad2,0.14201678358589254,0.6243395279752717,0.1608238585783596,0.07281982986047611,1,0
6618a84e2d7f,0.3427674482272691,0.29032405351692403,0.23029761244818472,0.13661088580762226,1,3
6626a3e68101,0.3399995535198771,0.36403169293402315,0.20891573332629523,0.0870530202198045,1,1
66541affb82b,0.16961604778974948,0.5626489015425082,0.2057040149153341,0.06203103575240797,1,1
6677528753f7,0.3536575151040705,0.3828229740593396,0.18099486997793604,0.08252464085865371,3,3
66a8b3010ac5,0.3710782647898945,0.37871962351989485,0.19300756349347117,0.05719454819673947,1,0
66c34b9e2573,0.32198252179989856,0.39209156549955737,0.160977298684605,0.12494861401593908,1,0
66c8721f3b30,0.23533951149140414,0.5420910404842103,0.17475435771840597,0.04781509030597945,1,0
66dd033c1bb2,0.4000435317615904,0.27437297197779137,0.22069061764776046,0.10489287861285786,1,4
66f126a8db9f,0.40044180627599746,0.3607875037026124,0.18203833655435847,0.05673235346703167,0,4
670ad2fc8a1a,0.4312452731740538,0.26023093421497023,0.18983233314805106,0.11869145946292493,1,1
67196f1a10bd,0.14678321004227174,0.6601960429892318,0.1504012710955755,0.042619475872920545,1,1
6721bc35410d,0.41520595607437466,0.31088947254533106,0.19397353512737,0.07993103625292422,2,4
67248a9a20b2,0.22389554702256897,0.4770052122730805,0.21512181615936427,0.08397742454498615,1,0
673e42f95093,0.40080830853410176,0.35851390180262704,0.17747038703612755,0.06320740262714362,3,0
673fa0edd187,0.2995214414448802,0.4063141753636818,0.21376141483774502,0.08040296835369302,3,0
675f6a17212d,0.2439182727415264,0.4583280501234002,0.22796550663643972,0.06978817049863364,2,1
6761361fb525,0.32899424370287983,0.44393060150869673,0.1648352719238256,0.06223988286459776,2,1
6764f0f90077,0.08783129432377798,0.6601692423012845,0.19547844145400733,0.056521021920929934,2,4
678c19bc184b,0.6958370883213854,0.14431309606501377,0.10256275124979014,0.05728706436381096,0,3
678ff202ffd6,0.15472413928096176,0.5135767967972535,0.22432136783823117,0.10737769608355331,0,3
67b9fe4a0b03,0.5466925881093818,0.19678350279300355,0.1380529122661728,0.1184709968314421,0,3
67c36705aa1d,0.17573308094786635,0.6197133242933743,0.12857520516288107,0.07597838959587834,0,4
67d55d17a48d,0.42486815960486884,0.3452650412440943,0.15440069142572543,0.07546610772531127,2,4
67d896636fe2,0.5706753220234706,0.18887729371252496,0.16386574356455952,0.07658164069944469,0,1
67f18795f1c0,0.6644684746874683,0.16153189971418344,0.11900170643628846,0.0549979191620598,0,4
68370c4bcdc6,0.20839890379074927,0.4922162401218307,0.23306011036537022,0.06632474572205004,0,0
6845d1fb4095,0.1887701502232228,0.5299759785184115,0.20134516346921677,0.07990870778914874,2,4
686012381df9,0.6695702638149165,0.16475581136926326,0.10755297697990397,0.05812094783591638,0,4
6863735553dd,0.5816026925312886,0.2116467606598273,0.14078663261149066,0.06596391419739321,1,2
686de7618a36,0.17077267179075065,0.5959326951214315,0.17574137264542522,0.05755326044239255,1,0
68711c5bfca0,0.42273968526946387,0.37869708764269877,0.14346855078638487,0.05509467630145206,0,2
6873d2c34118,0.3426389531727292,0.35320114320788937,0.21695752711597682,0.08720237650340434,3,4
6884d06dc7dd,0.37483626964822586,0.3214286375699558,0.20821210095579504,0.09552299182602328,2,0
688b9316db30,0.24709676862593682,0.4570861293735599,0.1671814061045768,0.1286356958959263,1,1
68912f28a690,0.6811886703607926,0.16752006347214438,0.1161856900011689,0.03510557616589417,0,1
6891e96a910e,0.10533605066782206,0.6700942460759963,0.16781415761386761,0.05675554564231403,0,1
689e8924cae3,0.278459820849444,0.4809537748560849,0.1700133246293033,0.07057307966516761,0,2
68a7d37d581f,0.2965366144741736,0.3799106222067085,0.22163929792590803,0.10191346539321003,1,4
68a889e685a3,0.12858419515045927,0.5913794536457329,0.20625200286290704,0.07378434834090075,2,2
68abb2be3ba4,0.15652225346917206,0.6151080090625155,0.15472156701852516,0.07364817044978679,1,1
68adf82510a6,0.11216941715741217,0.5706003228309326,0.20121489946808319,0.11601536054357209,2,4
68b2e448f6ec,0.291656627219725,0.34758678636482676,0.22501367391439503,0.13574291250105275,0,4
68be8460c512,0.4277607763131894,0.2776190429558184,0.2223719491776249,0.07224823155336726,0,3
68d167b7ed15,0.2468026935157643,0.4803956653842082,0.19278401919510724,0.08001762190491983,1,2
68d7d715efe4,0.2890937539347439,0.4385254628625576,0.1953976662554968,0.07698311694720167,0,3
68d9575beb22,0.5098344973864306,0.2080656169920095,0.15461422000395925,0.12748566561760064,0,1
68da89574353,0.16661279697669013,0.5236530326351926,0.2022197131105288,0.10751445727758818,2,0
68ebe7eadfc2,0.24096522582997892,0.45112738565034916,0.2047037554456103,0.10320363307406132,3,4
68edcbacd401,0.43829385007604255,0.30466487023295236,0.174793393916192,0.08224788577481314,0,3
6909e8b953a5,0.06458751967766442,0.6918330445257628,0.16405848764699502,0.07952094814957794,1,2
690e42810486,0.2166740088228655,0.5489459003018976,0.16057732093097066,0.07380276994426606,0,2
690edf59a68d,0.12239274099025294,0.6172259387136129,0.18310333485708435,0.07727798543904972,1,1
6915678cdfd0,0.34359803939174527,0.4065989462549435,0.171486653601845,0.07831636075146613,1,3
691577f28973,0.2432037662789241,0.43453654551033566,0.2039166944082994,0.11834299380244116,2,4
691a323878a5,0.41061810867234405,0.31242465012704546,0.18032125184566491,0.09663598935494568,2,4
6936f4616519,0.29259891102879587,0.41747798008348813,0.16432434920791017,0.1255987596798055,1,1
69584c7bb3f0,0.45161891427085415,0.2809276068241227,0.17308634368129822,0.09436713522372525,0,4
695e7da261a2,0.22412711129094304,0.5931144844324427,0.12224324394265035,0.060515160333963584,1,4
696814af65d5,0.16815720603523837,0.5449105370323936,0.21109995109774268,0.07583230583462564,1,1
698ec439ea71,0.2912084657933301,0.45374532581924876,0.1488342015498284,0.10621200683759303,2,0
69900354fd02,0.24276784293565518,0.43710452105936975,0.23101002080820537,0.0891176151967696,0,3
699611aaa3b0,0.43489564116085344,0.3301459760139757,0.15982827970284602,0.07513010312232496,0,0
6996bc393596,0.07096434716412715,0.6116531441005063,0.24730294446600393,0.07007956426936261,0,3
699f119d8555,0.1697045829576769,0.5952722193237883,0.1662778853790623,0.0687453123394724,1,4
69a933e0ed96,0.2974816653701515,0.4396027982951377,0.19673537723127493,0.06618015910343582,1,2
69aa502599b5,0.5303609511308226,0.23823248764069563,0.17902249547975221,0.05238406574872988,0,1
69c0923dac41,0.11974308603996954,0.6419557880625926,0.17192734993372333,0.06637377596371487,2,2
69ce4e6043bb,0.13129733789223497,0.5859700290774619,0.19510132473641556,0.08763130829388757,1,3
69e33b894532,0.43138464604697757,0.30945433185029964,0.14055253818059138,0.11860848392213114,1,0
69f1fef9ba01,0.17606282986245866,0.6009738311709455,0.15979998671090354,0.06316335225569192,1,4
69f2bd2ac9ae,0.11763288330940065,0.6677197056394664,0.14326708552566636,0.07138032552546658,1,3
69f765c5e52f,0.20655120966432872,0.5319229912707262,0.179186076387682,0.08233972267726294,0,0
6a034051a411,0.14067301505913682,0.6790861478937085,0.13270073757008846,0.047540099477066076,1,4
6a11242aa493,0.19790863548351004,0.47579737913849973,0.2383637527086603,0.08793023266932971,3,2
6a160adfe649,0.18194789888153384,0.5440380425265021,0.21150140118693794,0.06251265740502633,1,1
6a280e4917c1,0.12248500861167293,0.6397996415746113,0.16671526690765273,0.07100008290606286,1,0
6a3350b438d8,0.2823142725843894,0.43173052484691965,0.1746437442606523,0.11131145830803901,0,0
6a41fee76a05,0.2697608243037531,0.4472373581371602,0.18853108495669987,0.09447073260238646,3,2
6a5a23f659e2,0.296524971460832,0.46047334182270266,0.19211255117898832,0.05088913553747705,1,1
6a6071a3d542,0.1538586888434971,0.6232010538874454,0.12594922588252494,0.0969910313865327,2,1
6a69771d343d,0.09105724621020064,0.6004880257591072,0.21310578750579964,0.09534894052489265,2,2
6a80b8290f19,0.12898737492578563,0.6359784877927034,0.1819914071993849,0.05304273008212599,1,1
6a91cf79b14b,0.10922471855945591,0.6072851789223761,0.22096887252101483,0.0625212299971532,1,1
6a9fa7dbed7c,0.22549551944752935,0.41211445524794504,0.19953230841954261,0.16285771688498304,3,1
6aa858b14f3a,0.22298091224579059,0.5450048875916051,0.15780015783211085,0.07421404233049358,0,0
6aaadabe4cce,0.31043756595535915,0.3694491196545337,0.20999331683360456,0.11011999755650256,0,3
6ab55b9459a0,0.16098432537142912,0.579970180864061,0.1741689361602168,0.08487655760429277,1,2
6ab6283bd80f,0.11078062704421157,0.6253903381108472,0.16504034560256048,0.09878868924238036,2,1
6abd595dc9ac,0.3502283461023765,0.3763844716607105,0.2208485072871674,0.052538674949745456,3,2
6ac13e0b0083,0.18384752077259067,0.5391700502583572,0.1792712669316704,0.09771116203738231,1,4
6adfb7a6ead6,0.1732892448534814,0.59054110883976,0.17636210730744561,0.0598075389993134,2,0
6ae0779efffd,0.4311645916694253,0.28285814745790466,0.21863101688015577,0.06734624399251414,0,1
6ae8a88c4b0c,0.1416943312617128,0.5770396014792315,0.21059158978304518,0.0706744774760104,0,4
6af84ed188fa,0.11156338652120726,0.5991148458600262,0.2037344179392779,0.0855873496794887,1,4
6b02afdf2444,0.11995376949629843,0.5874441549802712,0.23257303074490418,0.060029044778526115,1,2
6b08e639593c,0.4444885902165056,0.33685814666257263,0.1346218840102948,0.08403137911062705,2,0
6b16f7f2065b,0.37310134971934444,0.3324224336787521,0.2100533563547052,0.08442286024719813,2,3
6b20523f5b0c,0.4040620372693843,0.35881169773541066,0.16208440544697328,0.0750418595482316,0,2
6b25cd407849,0.1829971087824121,0.5518558709765619,0.20881924011861872,0.0563277801224071,1,3
6b2ca1539348,0.09708816435922148,0.6682867510918196,0.16357937016357946,0.0710457143853794,1,2
6b35b67f1608,0.486916127803269,0.26193659295858795,0.17831265118180126,0.07283462805634203,0,0
6b3dd41dcac9,0.20463202993021615,0.4672564669441212,0.19434191588895386,0.13376958723670884,2,4
6b50ada2cbef,0.5329451468117455,0.23104536277478507,0.16496823152713389,0.07104125888633514,0,2
6b9b82594fcd,0.35165840832132655,0.3968653932568628,0.1807640017495583,0.07071219667225218,3,1
6ba3acc30c1a,0.33484698398940854,0.4032542843267355,0.15687699759272467,0.10502173409113164,2,0
6ba5b0037757,0.4564238486130497,0.21867109261790127,0.2203021362072138,0.10460292256183534,0,4
6bb07353d102,0.29628033885261956,0.4037452512553569,0.2127165904051316,0.08725781948689178,1,4
6bb38a2b98f0,0.3125316810412122,0.49748868349913755,0.15130956589996203,0.03867006955968834,1,4
6bc01f9a44a5,0.2658089912080588,0.4574807128729085,0.18570834790432877,0.09100194801470406,1,3
6bcea66a71ed,0.35855957433821983,0.41280869122838826,0.1752919957989399,0.05333973863445194,1,3
6bd25e34b9bf,0.1961115469523369,0.5574906195198704,0.18713316591090773,0.059264667616885154,2,1
6be8198c605e,0.4393189159843193,0.25850531773846375,0.1665141130513902,0.13566165322582674,3,4
6c24f49a9da0,0.6090105625554559,0.20076092461924414,0.1198778937104204,0.07035061911487969,0,4
6c30f2ff1a9f,0.132917015387925,0.6222160215759291,0.17614641351644617,0.06872054951969982,1,4
6c38af5d08ab,0.4064949084913342,0.3537031187970257,0.15982537671289204,0.07997659599874805,0,2
6c5894699b1b,0.24519483112443208,0.5190643675382796,0.17794689315299,0.0577939081842981,2,1
6c7342c4e585,0.17909969156898203,0.5631296210959786,0.19429970147320477,0.06347098586183433,0,0
6c7422f3cd88,0.3209228477630008,0.4730252549530907,0.15267263889597646,0.05337925838793173,2,1
6c78db9456a5,0.13998989895753855,0.6261768968121111,0.16383442261688394,0.0699987816134661,1,4
6c8f1d37069b,0.4730117657024854,0.26406431628671484,0.1950578944441869,0.06786602356661289,2,4
6c94a17753d5,0.4991149987841644,0.29202822150282226,0.14538204644714306,0.06347473326587023,0,2
6ca510d3e776,0.32352187572892366,0.40135959386491427,0.19820686081520206,0.07691166959096025,1,0
6cad5f4723bd,0.35837929863998563,0.4117104449878693,0.17851407022277177,0.05139618614937325,2,0
6cb62181e4d4,0.1304676514720598,0.5524906088272864,0.2360132448231538,0.08102849487749986,1,0
6cd0d5caa9b0,0.350183617506062,0.3745601559120775,0.17801516777773446,0.09724105880412638,1,0
6ce204b37e48,0.25072389523543553,0.37289008235919163,0.2137152482956708,0.16267077410970182,3,1
6ce2a9142829,0.5344372639497831,0.2412989262189419,0.1528752471439487,0.07138856268732681,2,2
6ce6dde1c9a9,0.3171154445042706,0.43059510015940056,0.14046475144064996,0.11182470389567892,3,1
6ce999aa308f,0.19820990590393406,0.5653135318111011,0.15668823599440918,0.07978832629055564,0,1
6ceafcc1bebd,0.2098121276219551,0.4987166664653187,0.19010032010073022,0.10137088581199602,1,1
6cef85af3be3,0.1647353478644767,0.49252642679573844,0.2572682061575707,0.085470019182214,1,3
6cf1c5a113d2,0.2665754606341585,0.4394427149568168,0.19253676930811822,0.10144505510090666,1,3
6d0e33569c4c,0.2620397515610647,0.5036229934735699,0.16688742916421687,0.06744982580114876,1,4
6d10dfb48a68,0.17894461065015682,0.502392242839222,0.21708400785913656,0.10157913865148462,0,2
6d172472504c,0.0841576371344222,0.6735600781882979,0.187037604570298,0.05524468010698211,1,4
6d3dfbb13276,0.43317266017621375,0.3269532735109095,0.16922852262466034,0.07064554368821657,0,3
6d6965af3f63,0.3800354871836663,0.3897431956962118,0.14405880713881059,0.08616250998131139,3,1
6d735565d5e8,0.26038797683597964,0.4137616451312866,0.2147051767319587,0.1111452013007749,2,1
6d7efd97265f,0.31390867235701947,0.3755473008982365,0.22681097619725943,0.08373305054748462,0,0
6d83b6774b0a,0.14300928995741458,0.5880459133428347,0.2045737841848122,0.06437101251493808,1,1
6d918a401365,0.35782107367755994,0.4231102468227752,0.12718490534203658,0.09188377415762829,1,2
6da07da4db19,0.44573147496004073,0.2711951250693741,0.17506412923222242,0.10800927073836261,0,3
6de130752a73,0.14956035848339488,0.6176090180489178,0.18236279896344196,0.050467824504245286,2,0
6de88cb78697,0.24084907316070597,0.3867249676139127,0.2102101379448933,0.16221582128048811,2,1
6df28558048b,0.14013567431179763,0.6236863433626303,0.18845608898351907,0.04772189334205303,1,0
6e1722a9f612,0.32906638607126887,0.3789009059856178,0.2152659223461143,0.07676678559699902,1,4
6e1af908f926,0.3845844539613043,0.3340105796312951,0.14301026425360575,0.13839470215379499,1,1
6e1e6e1f06d8,0.5133229509105965,0.25826560772173845,0.15576038756405297,0.0726510538036122,0,0
6e2036e14c7f,0.13168940247887662,0.5854516169481288,0.19749235118958902,0.0853666293834058,0,0
6e2814381ad5,0.07339918716241937,0.6622488609476453,0.17461590924387113,0.08973604264606413,1,2
6e397c1d4ad8,0.12787126448757002,0.5800285474321212,0.20196288253024247,0.0901373055500664,1,4
6e3e83089363,0.29467366178914506,0.41251042400024995,0.14172498285143337,0.15109093135917148,0,1
6e4a0581cefe,0.1194570054388524,0.5623336988309178,0.2340788715619153,0.08413042416831439,1,0
6e550fa78c6d,0.262163080728321,0.4835304269379264,0.17972169328930673,0.07458479904444588,3,3
6e63af9d6140,0.4296005590791294,0.3026187649205883,0.1682443484256437,0.09953632757463873,1,1
6e7239f0b71e,0.23954540492328974,0.5048018116131315,0.1822088024430724,0.07344398102050627,2,4
6ea453b90c6c,0.5805415397171373,0.2627099596782141,0.11075583735819378,0.04599266324645495,0,4
6ea8cbf6da87,0.12223717869665368,0.5772919219032628,0.2152914757960317,0.08517942360405178,1,2
6ead8a34ec98,0.14118168986882262,0.6072957295128936,0.15714132228124555,0.09438125833703821,2,0
6ebb85e3ec55,0.30172064074608046,0.42067471403916085,0.16514063161684134,0.1124640135979174,1,3
6ebc9d6383f7,0.246271469512868,0.49018936681071906,0.15434464810773976,0.10919451556867338,1,0
6ebfc762aa01,0.33749438633374723,0.4174107953827898,0.14786905659847918,0.09722576168498365,1,1
6ee4d806e567,0.339443131084842,0.3608171814402117,0.20902495351401085,0.0907147339609353,2,0
6eec41aa515e,0.2400454338404158,0.48523846554720745,0.1931100102340208,0.08160609037835603,0,2
6ef10ae3338c,0.18690884433704025,0.501487805537397,0.22485958674716391,0.08674376337839874,1,4
6f080807353a,0.0968991133141121,0.6430192923761933,0.17568591653138863,0.08439567777830594,1,0
6f0a11450459,0.06161226218436922,0.673404345719082,0.17891938322304504,0.08606400887350386,3,3
6f29d576794f,0.5569403258915849,0.22444463159786465,0.15505353623292828,0.06356150627762197,1,1
6f2af770938f,0.1298419804211243,0.6167764315539007,0.15488994615956517,0.09849164186540989,2,1
6f2c498c1bc1,0.570000109975577,0.20632681734197642,0.15425147523200822,0.06942159745043854,1,2
6f43b168f0c8,0.267042984846114,0.42484843276936435,0.21015509550800343,0.09795348687651827,0,1
6f60cbbdff62,0.09916908411001267,0.6044040970875174,0.241594652423222,0.054832166379247774,1,1
6f6170503ca8,0.23316882911203254,0.45621608505624783,0.21812413066878805,0.09249095516293186,2,3
6f640d05c3b9,0.35634573132747854,0.42734412938290856,0.16771109395872838,0.04859904533088448,1,0
6f6cf201e2e9,0.5112859200947705,0.24464579950917922,0.1538385937399438,0.09022968665610664,1,1
6f82787b77a9,0.377870515620906,0.3576912577309776,0.16811106950740567,0.09632715714071102,1,4
6f88ee365a75,0.12766638197892208,0.6128692306479087,0.1825681848071787,0.0768962025659905,1,2
6fa9fa493dd8,0.17780834560256695,0.5876348104983624,0.1692509957652028,0.06530584813386754,2,0
6fb902bf498b,0.09560618204488538,0.5965657842134363,0.23555006517116583,0.07227796857051255,1,4
6fc05a848fc4,0.09794745933441058,0.6554562752069316,0.17728469463808105,0.06931157082057673,1,0
6fc7c54a65f0,0.189608405595383,0.6116519445780314,0.12272879986713223,0.0760108499594531,1,4
6fcd121e2158,0.398136562411122,0.3369845043850968,0.19939420586620715,0.06548472733757425,0,3
6fcfdb41c627,0.2793640656046795,0.47958550104225245,0.17349514093276883,0.06755529242029897,3,0
6fd699f5e287,0.2448906760209122,0.4925752566670248,0.19075440664740534,0.07177966066465767,1,3
6fda1242f5e1,0.13171200082703072,0.6146258354417513,0.1658924000791673,0.0877697636520506,1,0
6fdb93227268,0.4076592623311552,0.34924105058653143,0.13068339046147998,0.11241629662083327,1,1
6fddebe03b95,0.13648211112672085,0.6440403097230363,0.14504274773899015,0.07443483141125268,1,0
6fe13adf23a8,0.060310952448526745,0.733515022083289,0.13870782794155728,0.06746619752662682,1,4
6fe5d9760641,0.4328092164534648,0.29128065837028755,0.1805802163749388,0.09532990880130886,3,4
6fecf0039e87,0.18246048215051494,0.5291704447208384,0.23334539548756422,0.05502367764108259,1,4
6ff3619ba762,0.13444502863583227,0.6199527499387549,0.1668581672951025,0.07874405413031035,1,2
6ffc47a55a89,0.1487198558248264,0.6157957261199424,0.15766439589568876,0.07782002215954233,1,2
700f8b64c2b3,0.46452396601394497,0.29003654306630194,0.16424951561421702,0.08118997530553601,0,4
7015d3f8ad97,0.24792984199208187,0.5159540288804852,0.16722493476370243,0.06889119436373033,0,0
70181e40a550,0.26547600760654155,0.47207229034237985,0.199409962974083,0.06304173907699528,1,2
7026a1d06acd,0.6578634282502338,0.14814149961058293,0.11849265752396135,0.07550241461522206,0,1
703862f77abc,0.32256578463477914,0.4465210924672452,0.18253604041009294,0.04837708248788265,0,4
70506829e724,0.37230133053659,0.3695005215147995,0.16044705300008608,0.09775109494852437,2,4
705ef7c40475,0.12869971042014638,0.6385737576422199,0.15168690213536332,0.08103962980227035,1,2
705f6121d2bb,0.09282745539798914,0.6106051479018743,0.22559706641709268,0.07097033028304368,1,2
70623a0fc6da,0.16221405680525344,0.5939272918160341,0.1820462178130263,0.061812433565686366,1,1
7064f1df2a5a,0.11455097063169302,0.6393396181172705,0.16143524774193038,0.08467416350910616,1,1
7082bf0562c7,0.23752740532915823,0.4380479542981695,0.2107656178468114,0.11365902252586113,3,1
70885f674bb7,0.09571353794429803,0.603578881525956,0.22073610157205098,0.07997147895769505,1,2
708fe734309c,0.17038461368068192,0.4889618030541624,0.2555220990237119,0.0851314842414437,1,4
70946a30bc87,0.6908532620539192,0.1392321998693472,0.11013540477366739,0.059779133303065946,1,2
70968f0162f7,0.1954379973799099,0.5354727690173321,0.19664850691002936,0.07244072669272862,3,2
70997208bbc3,0.6438937739605018,0.1802392414330866,0.11518042431053753,0.06068656029587407,0,3
70a770a53304,0.41059202859551264,0.38134252335114693,0.12183434670930189,0.08623110134403848,1,4
70bf1155c5c4,0.3383279697480501,0.4184411637638201,0.1590442874881544,0.08418657899997599,1,1
70c36a2a918d,0.24623511664157247,0.4018850597361901,0.23725650706945361,0.11462331655278389,1,2
70c5a1b111b9,0.25019383352673363,0.41844459468368267,0.23914783624260383,0.09221373554697988,1,4
70db5f349b02,0.4705571242154607,0.30616322169415383,0.15229363060668333,0.07098602348370192,0,3
70e4e4031f99,0.23936216356127413,0.5111020712761691,0.16740956230878684,0.08212620285377016,0,3
70ff97e1af81,0.16521348559970786,0.6053531430188492,0.16069450668639904,0.06873886469504409,3,4
71043aaa32c1,0.06670079459212108,0.7138163992611262,0.15150603448656877,0.06797677166018412,1,1
711e04fc0ec1,0.2447864286243301,0.46315563244835095,0.18106294319747382,0.11099499572984484,1,2
712a74acd2da,0.3480174345210965,0.3819426727105801,0.17203788700157144,0.09800200576675168,0,1
713c1dacba37,0.6526718228953193,0.17679129298562848,0.11529408311968614,0.055242800999366105,0,0
7143ac3d6c02,0.12396543676221282,0.5615622189521164,0.2104455581226851,0.10402678616298558,0,0
7145f6e09e86,0.2813446947364911,0.4643734567097838,0.1488152785775645,0.10546656997616058,0,3
714f28824757,0.0792082809333837,0.6512618895477141,0.18073844261866717,0.08879138690023504,1,3
7154fd5f147c,0.5180653411313475,0.3011215129916334,0.12254065480601017,0.058272491071008785,0,3
716d94e2d49c,0.27408107099843754,0.3457894437803843,0.2664171690247348,0.11371231619644316,3,3
717649076168,0.14020413945104684,0.6207530583382473,0.15784160500184408,0.08120119720886168,1,1
718e884695bc,0.06220363819797315,0.6589214149894868,0.18400388093043016,0.0948710658821098,2,2
71d1bdc6e89d,0.2445651909498481,0.4955895891611743,0.17517169430720111,0.08467352558177622,2,3
71d4e9b630fb,0.26747907697312745,0.4519566678825755,0.1960791980267458,0.08448505711755122,1,2
71d83087844c,0.496219134028991,0.28586697610291856,0.15929053104362914,0.05862335882446119,0,4
71dad6eccd07,0.5032223915982784,0.24504377606330663,0.14673082532579906,0.10500300701261576,1,4
71e052c9da68,0.1052358131060447,0.5657433690253512,0.22357763599870437,0.1054431818698996,3,0
71f56b6a5589,0.10943074537360885,0.6445371770463079,0.1700627991607136,0.07596927841936955,1,2
71fb5ea71283,0.09538535523618544,0.6250904557052577,0.1928617069386377,0.08666248211991927,1,3
72044bb44d41,0.10810574832587977,0.6508025921669989,0.17405835110697657,0.06703330840014499,1,0
72096a738cea,0.100505491561984,0.6987589677197356,0.13343674995299268,0.06729879076528776,3,0
720fb67abb1e,0.4583707872338566,0.3222762952628215,0.11147222042358962,0.10788069707973252,1,4
7213dcc54526,0.09165353642876826,0.6528417693802427,0.18959511579172292,0.06590957839926596,2,4
7222149ad319,0.14767871377313135,0.5621981982744966,0.20783239551299756,0.08229069243937429,1,2
72307dd985e6,0.27521672188965396,0.46346943956009073,0.19210400316432463,0.06920983538593078,0,2
72425b393845,0.07816692421982942,0.6618951335962729,0.17716200025857676,0.08277594192532095,0,3
7249de10ed69,0.1295895729410741,0.6875561650317118,0.13082564813098102,0.052028613896232805,3,4
724d6bc409ed,0.681928579533658,0.17025699812278355,0.09767438099017203,0.05014004135338623,0,4
72514d63484f,0.3054279083273253,0.42320338381080713,0.21114260013481495,0.060226107727052766,0,2
726c53df6609,0.315616903066217,0.39913173188169637,0.20388543764985684,0.08136592740223011,2,3
726e81c6c735,0.19230985975026516,0.5452961285869529,0.18475304929350603,0.07764096236927587,0,2
727cdd8777b6,0.13610194462783004,0.6310760360272047,0.16586629080138962,0.06695572854357554,1,3
7282d136726d,0.28409062834638377,0.4556591134104224,0.18520378123933637,0.07504647700385758,0,3
72844dad85ba,0.14783267671710873,0.6360393860188333,0.15317377147233205,0.06295416579172614,1,0
729a96c67c8c,0.22323326725320064,0.46700029447091707,0.21775982263626587,0.09200661563961658,1,3
72b5ff80fa42,0.19857516654639057,0.55860431639662,0.19348575499678428,0.04933476206020509,2,1
72c48e3d0100,0.34174946617061974,0.32859002822637473,0.23807383271765128,0.09158667288535421,1,4
72d02af1f658,0.0969837848170682,0.6140306862908546,0.20699494478287833,0.08199058410919867,1,1
72f57941bed3,0.13659188674038764,0.6074710741314494,0.17177301650682103,0.0841640226213415,2,2
73049129c53a,0.24969536283770094,0.42609693590699305,0.2056482032775392,0.11855949797776678,1,3
73077ed6c5ca,0.1936388910454795,0.5150378885647922,0.191984624052197,0.09933859633753114,1,2
730aca6abf73,0.5492226175560883,0.21711690043693732,0.14738783941907796,0.08627264258789633,2,1
730dde2edfc7,0.18845571009506987,0.5674475722907063,0.17438050616006703,0.06971621145415707,1,1
731f38a54d39,0.42442007460616366,0.30109478255294986,0.2020367009644478,0.07244844187643855,0,0
7320a49281fb,0.0874141522526946,0.6782768388591962,0.18166459695333997,0.052644411934769327,3,0
7322960be0a9,0.22527709323934297,0.5661035498982573,0.15690790033969218,0.05171145652270737,1,4
732475ef8c2c,0.4030069542640415,0.3211739544258071,0.16912633293753906,0.10669275837261262,1,3
733ed3e2cf92,0.4329728636035085,0.2884350608321874,0.19195233266315195,0.08663974290115208,0,2
735523d1689e,0.33513814376929335,0.3903281104411415,0.19564811393532916,0.07888563185423599,0,0
7359a4fd6f06,0.32477402902554203,0.3761319506124504,0.19166292565321477,0.10743109470879268,1,2
7367c35f74ba,0.5882753102820987,0.18691677821367164,0.136268284806103,0.08853962669812679,0,3
737a25e956f4,0.44986755826300506,0.29172340983506484,0.1760930220297048,0.08231600987222557,0,1
7397c44412f2,0.16081188302346922,0.5176061553146556,0.2307174069780493,0.09086455468382572,2,2
73a7ea88d1c5,0.2570444447539667,0.4650269671125017,0.14145789092377992,0.13647069720975175,3,0
73be9646a914,0.06925713334987331,0.6884081017679902,0.18502106577521452,0.05731369910692193,2,0
73c516bcab83,0.10679499962866683,0.5660537066065725,0.23916812831913078,0.08798316544562983,1,4
73cc509a84f7,0.14863795576326908,0.578275728587638,0.19257822414190684,0.08050809150718602,2,4
73daf4596bf7,0.16066985294260866,0.6248256493791832,0.14913725147978063,0.0653672461984278,1,0
73e3912f1d29,0.2263333320604556,0.5237801805193605,0.184511977689875,0.06537450973030896,1,4
740b0dab33ca,0.5622700865958457,0.24319309692860483,0.11977202971480093,0.07476478676074845,0,2
7416b5cbc531,0.11912257644071651,0.6400074696814794,0.1672448640541731,0.07362508982363128,0,2
741b969bba80,0.19902880875195764,0.5012592433812992,0.22030257433023145,0.07940937353651184,1,4
742a1e1fff0f,0.24201679438615198,0.4409038696634802,0.18344077094016933,0.1336385650101982,0,1
7437ebff0c0c,0.28026122397500874,0.37742168137928395,0.22494099783704052,0.11737609680866658,1,4
7442e4e2cbd1,0.686518165612,0.13628077698086835,0.13037256721246995,0.04682849019466169,0,1
7468e3ccba55,0.18221980312589792,0.49836300938011713,0.21824836645394796,0.10116882104003667,1,3
7474d005a422,0.20812883170044055,0.4954801803155402,0.21225761141080668,0.08413337657321233,1,3
7475f784d4a1,0.1065299487510808,0.673336324648934,0.14085724386060414,0.07927648273938083,1,4
7476f5857c35,0.0805207001834159,0.6860296009133237,0.15018691739481285,0.08326278150844774,2,4
747702a0bbc0,0.48259116626133075,0.23500427121328665,0.19839877035290884,0.08400579217247409,1,4
747af914db5f,0.3129228604624018,0.4706172664192184,0.16687905425639452,0.04958081886198521,0,1
7493e758bb52,0.368353984116957,0.3565626332617338,0.21353132384895346,0.061552058772355894,1,3
74968646f9cc,0.14502494809148683,0.6193076201293729,0.1746715229570153,0.06099590882212469,1,1
74a87565a547,0.1978499869260014,0.4887917228389772,0.234484786905237,0.07887350332978435,1,1
74ac2e1f23bf,0.21417700412565815,0.41110062161680866,0.22064610349961067,0.15407627075792263,1,0
74b07ad32cf1,0.41470568711369404,0.31752328116215683,0.19558240981000435,0.07218862191414491,3,3
74d11c0c0ea6,0.1709323643047687,0.6120933910377817,0.13042309628137977,0.08655114837606968,2,4
74dbd8125c6f,0.19170880639450208,0.48688783849315526,0.25097907280284726,0.07042428230949571,3,0
74dc38d75151,0.3792131441668113,0.3014360003105157,0.21655652682210666,0.10279432870056626,0,4
74ebe8edda5b,0.10405789113025708,0.5886399821793533,0.22260582639885268,0.08469630029153696,2,3
74f757451b08,0.13861360438387052,0.5757044943066688,0.2227999347350138,0.06288196657444699,1,4
753ee89d1fd6,0.12021503140265437,0.5722334500086715,0.22014955769907993,0.08740196088959402,2,2
754759f9a637,0.23399477592861537,0.4678365951422501,0.21551795032322424,0.08265067860591023,2,3
755469264a39,0.2655095629511329,0.4508315144634062,0.19713230991213562,0.08652661267332531,3,0
757db9bd51a1,0.14742357951316867,0.4983643716131566,0.2406035538515572,0.11360849502211748,2,4
7585d5f73457,0.4487705194085768,0.3001092230101451,0.15450983840756,0.09661041917371829,2,3
758eecca893c,0.12130340516856462,0.6215472076040098,0.19399536082219215,0.0631540264052332,1,2
759a8e5cee9d,0.1703665509651996,0.5416268981827211,0.19936148614011107,0.08864506471196873,0,3
759fdf1aaf08,0.36955192548360744,0.38080527964505473,0.135383240168487,0.11425955470285079,0,1
75a00272c6cb,0.4122527250674813,0.3028320466869154,0.17879567575140157,0.10611955249420217,0,0
75b33f606cf5,0.16957329192606538,0.5892157727926735,0.17773271800417503,0.06347821727708594,0,3
75bb6e197bbb,0.2205343023762143,0.4885984844477698,0.20634304247072946,0.08452417070528591,1,3
75ed74f9f238,0.4641269164665149,0.2725564407161868,0.18099955730792602,0.08231708550937238,0,3
75fc2de53d2b,0.47729835574782825,0.2832298459707147,0.18549260770573864,0.05397919057571845,2,1
75ff9d63f15b,0.39191793608877534,0.3566449672674643,0.1889976040935799,0.06243949255018072,0,2
7607adf7450a,0.18792951907868563,0.5671992768120231,0.12556264649136634,0.1193085576179252,1,0
760a7a9bb2a1,0.10337348269921286,0.5866823549380874,0.23170699455765653,0.07823716780504349,0,2
7610dab485fc,0.10913889577604012,0.6817613775224446,0.1613916589983274,0.04770806770318803,1,4
76122cbd97f4,0.09630094371657989,0.6677408432547104,0.15983910846283622,0.07611910456587316,1,2
761d01ff68fb,0.3517848362010485,0.37928863836547755,0.1753529317894571,0.09357359364401675,2,0
761f0f4ecc85,0.11854182889889366,0.6251086842036813,0.17928176234146329,0.07706772455596167,1,3
76519081a45f,0.12120773492435974,0.6356022758326453,0.1595746436269217,0.08361534561607353,1,0
7654fff4b24c,0.2838292012304685,0.4310286235001126,0.16273800196418545,0.12240417330523364,2,1
7664ec8a8a19,0.1571053647166926,0.49269355370384976,0.22645289943291114,0.12374818214654638,1,2
766dc0e879de,0.18190483364229432,0.6105447021860606,0.15297235576924265,0.05457810840240241,1,1
76916f737774,0.4227541041671063,0.32163673353474675,0.18599387597924932,0.06961528631889771,1,3
76938243a97f,0.268751202710514,0.43935814286697916,0.2087143344009493,0.08317632002155764,0,2
76a35cf1cea0,0.39637735019873327,0.29343103731079,0.2333849257297511,0.0768066867607249,2,2
76ae6588e5b4,0.2908181500591674,0.3789386171127959,0.21039401019176177,0.11984922263627497,1,0
76b5e2db22ba,0.10028449864325507,0.7349434186002695,0.11656498198119467,0.04820710077528057,3,4
76c9821a3d06,0.5781543835113733,0.19950950142887183,0.14454793663544635,0.07778817842430844,1,1
76d3ada42326,0.387884304261406,0.39141757704072005,0.16556406982217883,0.055134048875695146,3,0
76d8b00619fb,0.5379655271790427,0.2158249969380422,0.14206898575598506,0.10414049012692991,3,0
76f44ffa4441,0.06492209092382148,0.6711221309189526,0.170392585284729,0.09356319287249695,1,2
76ff3ec3c022,0.22016190867773372,0.5361327363022812,0.1725448022802325,0.07116055273975284,1,3
7703e1787577,0.12193838395526393,0.6205617325080411,0.1785032763897477,0.0789966071469474,1,2
771a4add61c9,0.36966178177883874,0.30237662940186577,0.2050015771723632,0.12296001164693236,0,2
77217025615d,0.122102858882141,0.6358338422094629,0.18283241023720273,0.05923088867119348,1,2
772dbd065c7d,0.14994834092424483,0.6353182439292036,0.15749251621189475,0.057240898934656906,1,1
773f243da328,0.2578223861008506,0.4314941058211905,0.2199481641116917,0.09073534396626755,0,2
774720fb2a45,0.13185242148756335,0.6395993497503937,0.16708176120547058,0.061466467556572334,0,1
77539184cdaf,0.08771523864440356,0.635862592472258,0.2013119494063384,0.07511021947700008,2,2
775b359f53b6,0.464988213261758,0.24581615917492394,0.1669832229243707,0.12221240463894716,3,3
776cb995a1fd,0.20795878804152726,0.5528790476590673,0.17550740484436772,0.06365475945503767,1,3
7786df1d7d71,0.2328060039275606,0.496584151129329,0.2153576567683568,0.055252188174753726,1,3
77955e62e6c6,0.3544200823987987,0.3594819948889658,0.21136720989853683,0.07473071281369878,0,0
77955e96a54c,0.517281572244789,0.23765148698152755,0.1829094556765389,0.06215748509714477,2,0
77a0888b5ac1,0.10097284873803718,0.6257723503508744,0.19152600832450048,0.0817287925865876,1,2
77b272cdda9c,0.2455600694206076,0.44918194523347793,0.21094967667377526,0.0943083086721393,2,4
77b4e0d0a49d,0.19503336314319691,0.5530632685690264,0.16180017138796107,0.09010319689981555,0,2
77f901809e36,0.2790178850895433,0.4682687923209933,0.1752067719901102,0.0775065505993534,0,0
780ffa8abde3,0.31554455369981993,0.3943651321583043,0.21074966752930366,0.07934064661257204,0,2
78258aa63d76,0.45281875419868794,0.27827358123140583,0.17187163219566226,0.09703603237424407,3,2
782ab22207fc,0.06243623587237598,0.6677133411090928,0.1802969842406306,0.08955343877790042,0,4
782d728ee09c,0.28254396011958155,0.44977582315743997,0.20929748315454955,0.05838273356842913,0,1
7846f687646a,0.2866714957950893,0.3594557305699528,0.26115116574013153,0.09272160789482624,1,2
784af90e8cac,0.39685125021983214,0.34486648449644997,0.15870960083970664,0.09957266444401122,0,1
784afbafee30,0.4049894541403814,0.30074775965024203,0.2024540718795379,0.09180871432983892,3,0
78509f1ae31c,0.1226169920641103,0.644736441903556,0.17446146741517157,0.05818509861716216,1,1
78543ff029b2,0.16009221607095192,0.552027832838023,0.20652803141465634,0.08135191967636866,1,2
785e985b3a22,0.14280146170518232,0.5912746187302745,0.18256774846011858,0.08335617110442485,1,2
78661808d8d5,0.3664706378636559,0.3818720820356411,0.1821567397412197,0.06950054035948323,3,3
78688bfcd441,0.225226731109413,0.5152642975612861,0.19078982679421128,0.06871914453508972,0,2
78791be84503,0.33103238099029453,0.44261703345875736,0.173250943760426,0.05309964179052216,0,0
78909b4d3179,0.12775608231608007,0.6508571540432204,0.16144556195203477,0.05994120168866515,1,1
78e93504e04b,0.4831989804686611,0.3149249863042161,0.12615532933070453,0.07572070389641795,0,0
78f1e3db654c,0.5273930577112342,0.24593854354099806,0.12890757523757387,0.0977608235101938,0,4
78fc07c1dd2e,0.5465056456293101,0.23587797357567863,0.1409014105672721,0.07671497022773904,0,3
7902e534869e,0.21147285825023115,0.49283926433900355,0.20319756730946759,0.09249031010129809,2,1
79140443c2e2,0.21974250179815957,0.5574545148030623,0.16312638752757522,0.05967659587120294,1,3
79144883061c,0.5627552793605876,0.20646955698505723,0.1391658697938984,0.09160929386045684,2,3
791bd51ede54,0.544191636398194,0.2178014264979078,0.15854109684572207,0.07946584025817618,1,4
7931e444dbc9,0.3768732701527351,0.27770445384869374,0.19975766979354354,0.1456646062050274,2,4
79642d095252,0.11750143861958029,0.6441837299098209,0.1639456305545717,0.07436920091602708,1,2
7974c126e951,0.4321518464527529,0.38257716514257367,0.13254315795197366,0.052727830452699555,0,3
79774c9d6ec5,0.24518138966484368,0.4504184394809953,0.20660094230754059,0.09779922854662049,1,0
798c27690f1f,0.10405544564694795,0.6437469905391365,0.18148191198150904,0.0707156518324063,1,0
798cdfa7890d,0.0709117867835842,0.7141621193321711,0.145575692449256,0.06935040143498884,1,0
798f8e89c7a7,0.20049391868231314,0.5482084254164988,0.17148128386116218,0.07981637204002526,1,2
79a8a08dac37,0.2690900658428007,0.49480541944355727,0.16276858965304805,0.0733359250605941,1,1
79b0461d245a,0.42140767405709345,0.3231175350628351,0.1724303846158551,0.08304440626421619,3,0
79c3bf957d49,0.24007973880447886,0.4839674119262788,0.1972603084913404,0.07869254077790196,1,1
79cd05c9c1f7,0.42460687599163793,0.32879062570014034,0.17952936134615824,0.06707313696206335,0,0
79d4f7356c39,0.10040334378442728,0.620225601074921,0.20530565581123925,0.07406539932941232,2,4
79d5d8448dca,0.15853659413852528,0.5362258622843792,0.20489152694215526,0.10034601663494011,1,2
79e2eafdb5cd,0.26251363983787745,0.44772586421649113,0.2093128614826967,0.08044763446293447,0,3
79ec91f1194c,0.46891371482716665,0.3296974921618148,0.14051542930366961,0.06087336370734892,1,1
7a06a32e54c9,0.22709624254134844,0.5135239476658173,0.18964418863357746,0.06973562115925645,2,3
7a1023392e52,0.1482336269218254,0.626927223874138,0.14976240125287033,0.07507674795116649,3,3
7a15889e036a,0.4362156291619997,0.31363793831576486,0.18123652842915003,0.06890990409308541,1,4
7a1934d2866f,0.41160815605003126,0.2977678837202171,0.18038478705950473,0.11023917317024665,3,1
7a222273085d,0.17133963070429598,0.5858726760901926,0.1747408696881645,0.06804682351734714,1,4
7a4341a6a2ee,0.19006012101978426,0.520141194231031,0.19992979480221318,0.08986888994697152,2,0
7a5105c66642,0.35671956089068163,0.3408709625878969,0.18875838421721397,0.11365109230420718,0,1
7a69851883f3,0.17149064152290264,0.5796705926472668,0.17631101523739898,0.0725277505924315,1,2
7a8fb17a122b,0.14575229495513836,0.6180313390121628,0.18293779276747296,0.05327857326522568,0,0
7a9186d8ab3a,0.14127532740373197,0.6091902953502103,0.19473006455201744,0.05480431269404045,1,0
7a9a5b3ed60c,0.11892856763722058,0.5409533273213065,0.22936764786733152,0.11075045717414145,1,3
7a9b2f9aa761,0.13226993783237387,0.6663836659145551,0.13099492358919934,0.07035147266387186,1,4
7a9e0a0b31a1,0.18492116088717014,0.5455506434143821,0.1746158823081327,0.09491231339031522,2,2
7aa4e85e5eb5,0.09976391924546806,0.6697333724373749,0.14822003126531483,0.08228267705184215,1,1
7ab1b20d8fe2,0.3052650763986006,0.4798247942094491,0.16057237248346204,0.05433775690848793,2,2
7ab568cc7d2c,0.2806657662384906,0.46757139215937055,0.18368959122539052,0.06807325037674827,1,3
7adea6f20461,0.10076027271000121,0.6345590175131247,0.1729384392954124,0.09174227048146154,1,1
7ae41bc8d8bf,0.38760355624769055,0.31269274536082,0.19478811943052976,0.1049155789609598,0,4
7afa1e20a54e,0.11972386370811738,0.6438479016564539,0.16044793952155095,0.07598029511387777,1,2
7afb581299a8,0.14830854526597406,0.584195918284321,0.18413012129445197,0.08336541515525357,1,3
7afee3a6d7e4,0.39564005775009536,0.38354658450815954,0.14873475362677005,0.072078604114975,0,0
7b00f77a1879,0.30768083758833176,0.4091555901636304,0.2148299531085573,0.06833361913948031,1,4
7b10c52613de,0.10605465136869963,0.6161136969183376,0.21388757997260244,0.06394407174036038,1,1
7b20d3520e9c,0.45948062032333997,0.2920679928698352,0.1909433493638914,0.0575080374429334,1,4
7b54de3984e8,0.4912959361626485,0.21713883164383407,0.18816769200653796,0.10339754018697943,0,4
7b5b31210030,0.22985323879477818,0.5364248930248857,0.17002293340803507,0.06369893477230139,1,2
7b6c49da06db,0.26821608235142297,0.47986165089320504,0.18732846471784229,0.06459380203752983,1,2
7b794c082812,0.3471321730741837,0.43940391922491223,0.16682875829116844,0.046635149409735704,0,1
7b8c999b8505,0.5135477096360677,0.2752531477464361,0.13202476394650484,0.07917437867099136,0,4
7bab30555627,0.331623939307201,0.41424486145376826,0.198914761812955,0.05521643742607565,0,3
7bacc2783fa7,0.1541069632550356,0.5669092013863357,0.2011622087807563,0.0778216265778718,1,4
7bae3da7cc02,0.1324476850099761,0.4908043180814853,0.26544190799500583,0.11130608891353294,1,3
7bb06ca2150c,0.12227701145976724,0.6327623891204389,0.19281425192455778,0.05214634749523615,1,1
7bc704a7b154,0.345615286531523,0.39389718178005007,0.15238590843969904,0.10810162324872795,3,3
7bd39a169837,0.15918302176326857,0.5366309982448052,0.21829698025187172,0.08588899974005478,1,3
7bdfad741d14,0.16778961801795803,0.45772780202278257,0.2507951382795153,0.12368744167974408,0,0
7be73deb61a8,0.1920739087134336,0.5440265672506877,0.20044091961538216,0.06345860442049671,1,2
7bf83b446661,0.15390897658880406,0.6358444953043666,0.15460599188034954,0.05564053622647991,2,4
7c1c89a066e5,0.5143961364007895,0.2179270994428713,0.1788663533032686,0.08881041085307043,0,3
7c1dcb902f6d,0.3022221412311078,0.46478769525296304,0.16273991341250763,0.07025025010342169,2,1
7c3b534b7eca,0.5004258480707721,0.24058580694997056,0.17307555706532848,0.08591278791392908,0,4
7c4bfbefede8,0.27904144579793844,0.3523368616106305,0.2616190810537656,0.1070026115376653,0,1
7c5406d6328c,0.312765309284702,0.4172382790249189,0.19573453839833493,0.07426187329204419,0,0
7c6b51d6639e,0.301832052142638,0.4304650561389678,0.1759134899186898,0.09178940179970467,0,1
7c818f4cbdec,0.19451672055712324,0.5310225040607295,0.21955573717959562,0.05490503820255168,1,4
7c96d6d546d3,0.15255426295592878,0.5229849998318755,0.20925718070670224,0.11520355650549328,1,2
7ca967363865,0.2917024636741373,0.397250682483884,0.2103596679424716,0.10068718589950723,0,4
7cb0d082d21b,0.06327013564552601,0.6046798245879422,0.20908440686174254,0.12296563290478901,1,1
7cb0fdd18092,0.4439896578158128,0.3186559154860652,0.16402295895508623,0.07333146774303555,2,4
7cbbe81579da,0.3345951449337104,0.38121180236994656,0.21312264913692422,0.07107040355941883,0,3
7ccfe56da30b,0.07240179331930487,0.7122741472786209,0.16004046531214988,0.055283594089924316,1,3
7ce1ebc880e0,0.297727490702628,0.34614889317985575,0.20372000550467723,0.1524036106128392,1,1
7d1c99d9eca8,0.15274375621426953,0.562166435143288,0.1968401179988577,0.08824969064358493,2,0
7d26435833cd,0.26914210318840864,0.49343465152692273,0.19266725743317478,0.04475598785149373,2,1
7d28b814a4d4,0.3096500636117186,0.45025760957448574,0.18708338464108273,0.05300894217271289,2,1
7d2b67f6357e,0.21230506978575725,0.5312441150797573,0.18359865070923784,0.07285216442524765,1,4
7d2ca42f0906,0.3271552168082664,0.37880079456010357,0.20932781213778393,0.08471617649384633,1,3
7d38fbf46bbf,0.5397787833074584,0.2693526226223062,0.1295609021124457,0.06130769195778987,3,4
7d3c837a7644,0.4443919183504115,0.26295132887617084,0.19146353333959268,0.10119321943382464,0,1
7d4971c1d0ca,0.2534498313390732,0.4288991757556703,0.19943683601053366,0.11821415689472284,2,3
7d5282a52850,0.07468540202681132,0.6891017547014388,0.16188078258180122,0.07433206068994887,2,3
7d64b5b28306,0.4643788209198378,0.31010770490005773,0.14879143687281485,0.07672203730728991,0,4
7d70e90deb87,0.12433777110179163,0.6406933368549957,0.18178007073299915,0.05318882131021335,0,3
7d82d53204b8,0.13553688943022396,0.5413824867781016,0.2489696232792182,0.07411100051245623,1,1
7d9f72046513,0.12901056933863653,0.546165117380558,0.2173061912938137,0.10751812198699211,1,0
7da2b553b5ce,0.20856964581602247,0.55557542516394,0.18211822413409717,0.05373670488594035,1,1
7db18af1a9d1,0.2253710946668821,0.5127885101260613,0.18511176060441414,0.07672863460264231,0,3
7dc1629a0438,0.4595411360123063,0.24883818440047167,0.1898300084191913,0.10179067116803077,0,4
7dcc972565e6,0.20457066793432374,0.5777535359719732,0.1657334430915014,0.051942353002201375,1,4
7dd3347b0d10,0.3190497370101532,0.41885465257581145,0.19701679221637114,0.06507881819766417,1,3
7dd6835dfc59,0.2252303617040257,0.4674226117138845,0.18083917997512575,0.12650784660696404,0,1
7dd880b043d6,0.29737409189158265,0.4128073586043493,0.22881318233978798,0.061005367164280073,1,3
7ddb42c36bf7,0.19489706232614398,0.5187113188771248,0.17455174813659718,0.11183987066013416,1,0
7ddc4c9daa44,0.557109808527577,0.22776489644752726,0.16503512971015846,0.05009016531473728,0,1
7ddcf63a332f,0.44938814972978974,0.3555120484987812,0.13533634983017417,0.059763451941254805,3,1
7dfd6afee3e9,0.4354332321358241,0.3386095617873332,0.13962630985815944,0.08633089621868345,0,3
7e24eea87ca5,0.07163027631796093,0.676774133639551,0.17241451859138826,0.07918107145109975,1,3
7e26e0963bac,0.09997782940243803,0.6670340921795935,0.16133022678997558,0.07165785162799321,3,1
7e285573bf0f,0.32471406534855546,0.3308720233943643,0.24275427902654656,0.10165963223053394,1,1
7e2fe165275e,0.20262985940532288,0.47706705202790356,0.21867440639549424,0.10162868217127967,2,2
7e4059d6a0f9,0.5236021967638682,0.27607694257907267,0.1435728844658072,0.05674797619125202,0,3
7e4b2e28a241,0.18108844091527304,0.5252957660144201,0.2013550374993944,0.09226075557091239,0,3
7e5785e7fda6,0.12443888708374176,0.5984442823242334,0.20182707777865996,0.0752897528133651,1,0
7e6c68462e06,0.16949521611060453,0.4711889525398778,0.2190616417412731,0.1402541896082447,0,3
7e6e49e5eea7,0.31682987152234116,0.36632885710682195,0.1780133280551887,0.13882794331564824,0,0
7e7701fec9ef,0.7045460508606834,0.13325471383788756,0.1074333103198779,0.05476592498155126,0,2
7e86ca47ec47,0.37740924081002414,0.3767024328784288,0.16578090193817394,0.080107424373373,2,0
7e8be259013a,0.4566593129404274,0.29618967217678704,0.18097230645665294,0.06617870842613284,3,1
7ea118331dfe,0.2376490846401738,0.4890275950994401,0.16472814543435935,0.10859517482602683,1,0
7ea7f0ce6ba4,0.22231115999672116,0.5117542217841986,0.20412096338700997,0.061813654832070505,1,2
7ea86dbc72ee,0.39202305207902066,0.38337438080920866,0.16385278423983834,0.06074978287193227,1,2
7ea9b8b90bda,0.3565840033994656,0.3838610524885542,0.17943383304714547,0.08012111106483485,1,4
7eb0a56757c0,0.4247265680115257,0.3192422837365702,0.18354746845498712,0.0724836797969169,3,4
7ecdff541fd7,0.29986837101268254,0.4066341952441718,0.19323151115623122,0.10026592258691457,0,2
7ed9fad978ce,0.1754990762069893,0.5547782050161661,0.1818577619217873,0.0878649568550573,1,2
7eed9af03814,0.21048687213682188,0.4638268313075169,0.21411964920664636,0.1115666473490148,1,2
7f00e5d4ac58,0.5923347118918227,0.20656224055450992,0.14021548332731643,0.06088756422635094,2,2
7f0a5ea1b11b,0.16040944127081685,0.6448073075238256,0.130658025111835,0.0641252260935222,1,2
7f4b1a1e987e,0.24283812193425425,0.4600307244389947,0.2119052881786089,0.08522586544814181,2,2
7f5a35344d25,0.10250031266705602,0.681704168629532,0.1533660536876547,0.06242946501575742,3,3
7f68921f1b58,0.21979055362097438,0.40583501176642806,0.19508040370141852,0.17929403091117904,0,1
7f73780cf1f4,0.3452254847123297,0.39987897080149665,0.16429084645150155,0.09060469803467235,0,0
7f7379e733a2,0.3413274518649063,0.26699897751249335,0.2409340256715188,0.15073954495108158,0,3
7f773ab567dc,0.5926815768224949,0.19300244121197221,0.14249765198888237,0.07181832997665055,0,1
7f84d57bc1cc,0.5678920612551197,0.23803660832082024,0.13391333576218803,0.06015799466187207,0,1
7f88c3e4abca,0.11096419093186564,0.6351750613036115,0.18020302735207883,0.07365772041244417,0,4
7f9619af434c,0.03339374433184781,0.7044813191966749,0.18635756919513097,0.07576736727634617,0,4
7f9e2766281e,0.14731345919047673,0.5986527757100827,0.18776461217650475,0.06626915292293539,1,2
7fa441d1dd32,0.11933205237208042,0.5497711588165972,0.21263164123759834,0.1182651475737238,0,0
7fac35c9e1f4,0.25633522721277485,0.4899844846822338,0.1933459084800135,0.060334379624977875,3,0
7fba08f9ba1e,0.3523690253835308,0.2953874509737276,0.21168193643393485,0.14056158720880654,1,1
7fc0becb14fa,0.11346682118439448,0.6402268051309781,0.18149466275423176,0.06481171093039598,1,4
7fd0efde20b7,0.1183931756271568,0.6258161115911425,0.18407436650086462,0.07171634628083556,2,3
7ffb3015dacb,0.1047167540610398,0.6668401856073788,0.15901616294605636,0.06942689738552488,1,2
800c22b13e4c,0.27034642240177725,0.393319034789848,0.23699410816745656,0.09934043464091838,0,4
80195e7d2700,0.29925000531219637,0.4095242584382009,0.19753537927048323,0.09369035697911964,2,4
801ff0c146b7,0.5907637868058592,0.18729125664657814,0.15367877253586568,0.06826618401169723,0,4
8021320a355b,0.2529625890643694,0.529935611770092,0.16130318435831872,0.055798614807219864,1,1
804119f6c0a6,0.12118991701543648,0.675528741307091,0.1492573277392557,0.05402401393821732,1,4
80432401db2b,0.12862638007851188,0.6299597925058371,0.15867333603890615,0.082740491376745,0,4
8052009f6e35,0.09270833306944698,0.656194764647679,0.17005203626900853,0.08104486601386554,1,3
805989876fee,0.5108147050923694,0.22905873489842876,0.16084437244318112,0.09928218756602095,1,0
806161ff1e51,0.389632548919165,0.38591438242947307,0.16603560357947314,0.05841746507188877,2,4
8072ea43a9ef,0.14577696109580088,0.5637104021854533,0.23454528125737248,0.055967355461373346,1,0
8087e3bc0efe,0.16890266301531015,0.5418146734849721,0.22040058495541004,0.0688820785443078,3,3
8087ef52aff5,0.6129418444493939,0.17870193449860003,0.12909397142010845,0.07926224963189786,2,3
80a0658f585b,0.45225618359085684,0.3172196528114175,0.13823794604048803,0.0922862175572374,3,4
80a38757f6b5,0.5201584784428102,0.2680796128118733,0.15178792699264088,0.059973981752675716,0,4
80a497a15df6,0.18352978970649758,0.5604026528670312,0.17397951899280384,0.08208803843366712,0,4
80a5f2f9ba0c,0.18198008487468234,0.594025563788828,0.17194335415810044,0.052050997178389395,1,1
80b74df174a9,0.19020940113751922,0.5820861607824757,0.15065165670654576,0.07705278137345939,1,1
80b798963819,0.13387169091470022,0.589830885927458,0.19850196814269336,0.07779545501514828,1,2
80b943fa8ecf,0.4294400053423204,0.2718391601125111,0.1695770867004757,0.1291437478446928,1,3
80ba72c35938,0.2270862406948021,0.5482416983755154,0.17624745730453828,0.04842460362514368,1,1
80c55ce81802,0.48681255131434503,0.3087471222640341,0.15110010129488316,0.05334022512673741,0,4
80e3f166ad2f,0.36609319065622614,0.3885006367166754,0.16522100895005298,0.08018516367704516,1,2
80ec7581b718,0.5039168957907962,0.2302364542206417,0.20683825676088866,0.05900839322767374,0,0
80f212c4109c,0.2215418999885478,0.6055009569889735,0.12123207513427679,0.0517250678882021,1,0
812fbc20eda8,0.14616547090089194,0.6123915203897539,0.15927843205796507,0.08216457665138918,1,3
81493310c235,0.12551306327887132,0.7019124122538424,0.12021861457168566,0.05235590989560042,3,4
814e0fdfde1e,0.1108440247440172,0.6072247240775682,0.20066544747272944,0.08126580370568559,1,0
815214972656,0.6114922039211599,0.1806727438525934,0.13596171543061072,0.07187333679563594,0,4
815278b6c176,0.3724470788031544,0.35005229974047974,0.18790311572755175,0.08959750572881402,1,4
8160bfb420dc,0.3853425471099532,0.4027406632309227,0.16189225117687744,0.050024538482246625,1,1
81651ff35cb8,0.19405588911305932,0.5535861670910138,0.1918388877363005,0.06051905605962615,1,4
816ff8fa8f42,0.36791743864539034,0.3739026808333379,0.16035020606751604,0.09782967445375587,1,0
81711d215ec7,0.38865980616712476,0.3212068533870195,0.1820816338865703,0.10805170655928535,3,4
81718ce513ca,0.40265453300032883,0.28932006358336565,0.17603956692650485,0.1319858364898008,1,1
8176a9253108,0.17503036689301008,0.5407126820631983,0.18309827738405376,0.10115867365973824,2,3
818bda3ca15d,0.6296873397929096,0.17838772746250312,0.10646971098150762,0.08545522176307951,0,4
818c3096a5c4,0.2315028089104525,0.44318231066994374,0.1897263337400613,0.1355885466795425,2,0
8195c077997b,0.39080815359369714,0.38352958738935733,0.17588037204135232,0.04978188697559339,1,1
81a3d149dcbf,0.21851497537089234,0.5437270547212996,0.17062529868748488,0.06713267122032321,0,3
81acc5470917,0.1260926444928682,0.6270040461048756,0.1803682991126196,0.06653501028963649,2,3
81b0675331b4,0.22684652945319514,0.5380993759518616,0.1613941285445361,0.07365996605040732,0,4
81c1e36bdcff,0.27068102880382955,0.4460355899359068,0.21418105099901238,0.06910233026125125,0,2
81d2c8305d95,0.19207114700407352,0.48223559160663926,0.2160792692951146,0.10961399209417298,2,0
81d4dbd5c6d4,0.19128929139148118,0.5686062103209358,0.17051977045333494,0.06958472783424811,2,2
81e2d490e2dd,0.5018816591980745,0.21946233779844465,0.17666557466518262,0.10199042833829831,0,1
81f6b4b343f7,0.10007599711265804,0.7312745952611138,0.1330569647826953,0.03559244284353282,1,4
820fc489e682,0.20908182917237572,0.5619415020367202,0.17973334328403734,0.04924332550686689,2,1
82120a4eebc8,0.06480445062837108,0.724160539757152,0.1441796046142808,0.06685540500019604,1,4
8221a4155cc0,0.3301029828464317,0.35027293961373646,0.21766875089116716,0.10195532664866452,3,2
8222875f1a91,0.1602506094580402,0.5969659483788367,0.16429361440731738,0.07848982775580551,2,2
822b399fcc86,0.25249536361507796,0.47294856081193604,0.20820788083906558,0.06634819473392045,2,4
823201a39872,0.06920967246736655,0.7064820240307281,0.16159341565792693,0.06271488784397851,1,0
8234b8dc3a41,0.13103521612997923,0.6008566878627862,0.16825990023359672,0.09984819577363761,2,1
8237d25ed806,0.23936906890478402,0.4695703003306637,0.2113970532646057,0.07966357749994696,0,0
8240e63ae3b1,0.1182569332484411,0.6615779538170251,0.16347273514034874,0.05669237779418512,1,0
824374b82868,0.37063674435503385,0.30299473466881816,0.21720557696372975,0.1091629440124182,1,0
824aac4d4e6f,0.48395025891843696,0.30223804583640124,0.14494842388919923,0.06886327135596264,0,4
8252bce4e90c,0.2786875008241033,0.44436095921877383,0.20488020613720898,0.07207133381991389,1,3
825e493ca940,0.23245343187886944,0.4742133457165017,0.2188058084541123,0.07452741395051676,1,4
826272b8be99,0.12046401114272606,0.6200177855888623,0.1971771433160255,0.062341059952385806,1,3
8267fb6fc89f,0.11827827505489802,0.6487733060686753,0.1521268651590779,0.08082155371734843,1,0
8276779107e0,0.17471172875647276,0.616465562196888,0.15384074375891305,0.054981965287726274,1,4
82868316ea05,0.15141354652795644,0.6001584034216505,0.1803776153664126,0.06805043468398043,1,2
82bd4db9b87c,0.219074737206594,0.531861643043376,0.18460154491952935,0.06446207483050041,0,3
82d0600dbf57,0.19275849121553357,0.5336245785518716,0.20449462265181556,0.06912230758077885,1,1
82ed58c1b0db,0.22010335150969493,0.4195320535109757,0.23331282812211973,0.1270517668572097,0,3
82fde36914bc,0.1319186907950514,0.5984418864552816,0.17572580893955445,0.09391361381011232,1,4
83007940394a,0.4758811723190301,0.24790768615301137,0.19339457999590587,0.08281656153205269,2,4
8303825d6924,0.17747965449983363,0.5138967715142798,0.22219685710717305,0.08642671687871327,1,3
83088a9ca2d2,0.15261933673899133,0.6237494604384106,0.13707710929806316,0.08655409352453472,1,0
830984d74452,0.14966666129294043,0.5525230906586351,0.21750013764907236,0.08031011039935203,1,0
830d41512494,0.11102478762096626,0.6559423383558097,0.17216322440261322,0.06086964962061099,1,3
83127fd75313,0.30015010669302256,0.3933924468076082,0.20624452652718173,0.10021291997218731,1,1
8315467702a2,0.3873316658983674,0.34178059916716985,0.14694410251593293,0.12394363241852982,0,1
8315b4f8b2c8,0.10136444350414221,0.6775826227840706,0.14301170000281455,0.07804123370897256,1,0
831cea12cf2a,0.20506073353318677,0.5599220241194763,0.16874434540815786,0.06627289693917886,2,2
8332bdaddb6e,0.43460787072433626,0.3507188276366898,0.15246479934629945,0.06220850229267446,0,0
834223220998,0.09377134314402215,0.6711275634297044,0.15802923743017858,0.07707185599609488,3,1
8351c991c7c2,0.31141384783175663,0.43262196229012667,0.15831064887977128,0.09765354099834564,0,0
835dd3c81c51,0.13378276649610676,0.6122357328065157,0.18778385711441528,0.0661976435829625,2,2
835e83150535,0.5376368073625761,0.2637430682970918,0.1413340578152647,0.057286066525067056,0,2
8362bdc5c7f5,0.22971944507403233,0.5449055916928521,0.16509358124752332,0.06028138198559207,0,0
8367345da05a,0.27123668916766397,0.4923260911733287,0.16964419992379806,0.06679301973520947,0,0
83681c8b7743,0.32339801979722066,0.4173072376289762,0.18902344713211552,0.07027129544168746,1,3
836ca5c35bbe,0.5753354771736803,0.2028436199108059,0.1548677226881157,0.06695318022739838,2,2
837fc1ed550e,0.29876355801055715,0.4178008453491856,0.1716323553986618,0.11180324124159538,1,3
8383c0dba9bb,0.34263087440296364,0.3351921266905092,0.20457560643233924,0.11760139247418791,0,3
83a64f9d121a,0.27828632975597645,0.43220040341633986,0.2006163385128067,0.08889692831487711,0,2
83b424ef8bb1,0.3573152449603732,0.3493933692180171,0.20761715376885978,0.08567423205275007,1,4
83b6679566b0,0.10527389958688112,0.5391185489506068,0.24595090449638296,0.10965664696612895,2,2
83f637917a44,0.19007373732440924,0.5232919874469849,0.20248674685793724,0.08414752837066876,2,4
841519065bd1,0.42220726564094246,0.32171802775622366,0.18060173330799825,0.07547297329483592,0,0
841dbb381261,0.285757015749959,0.4268073464411486,0.2517795046725255,0.035656133136367014,1,0
841dfb2ad2ee,0.42247446492864715,0.33811500374507986,0.1805369304731951,0.05887360085307815,2,0
8420a2430b65,0.15703138954147436,0.5215474380530379,0.18740686921417307,0.13401430319131422,1,1
8423d0d5c0b5,0.47684110009696146,0.3099835665991801,0.13285612424302423,0.08031920906083428,2,4
842eea3e3951,0.2047263985146222,0.5957080621829608,0.14625091689876177,0.05331462240365513,1,1
843eebbcc0d2,0.39054219792545763,0.32155129385324915,0.20340774053249386,0.08449876768879955,2,1
84407a15756d,0.11928191556427725,0.6205357360357119,0.1751467974693543,0.08503555093065661,1,3
8447b9e9ad00,0.1640661147029853,0.4826720655814592,0.21788617335216523,0.13537564636339006,1,3
8452bd412bba,0.1236797323732847,0.6149145896306081,0.19458777191278345,0.06681790608332404,1,0
84543edc24c2,0.33260345179161244,0.3765338759886744,0.1926405285357547,0.09822214368395829,2,3
8454851c5270,0.2191550001704052,0.4345381117494592,0.21786492666634005,0.128441961413796,2,1
84657bfd51ee,0.42855106183308705,0.3509141808743459,0.13951510436326492,0.08101965292930204,0,3
847ae068d771,0.187930251097738,0.4891884294317639,0.2227024064013567,0.10017891306914185,0,1
84a72fcf010a,0.4092159951468258,0.3512799971147795,0.1842329484417706,0.0552710592966239,0,2
84b117cebcc5,0.12400248070246447,0.6282221727376505,0.1626387601012945,0.0851365864585903,0,2
84b4d7b819cb,0.12549558461393212,0.6561348641344946,0.15758256090753775,0.06078699034403554,1,2
84b9878362e2,0.24325021168325678,0.41471167160189065,0.20765192509323316,0.13438619162161933,0,1
84cb858a8b18,0.49695281972724026,0.25369315894534655,0.1575533289367237,0.0918006923906895,2,4
84ea93253e6a,0.3090862562407697,0.38529522986701187,0.2080910676580974,0.09752744623412109,0,4
84f48ed1bafd,0.1741179474511629,0.638395241862825,0.12367828598168379,0.06380852470432816,1,2
8501ffeadc53,0.1492480917430798,0.6309920942602889,0.1424704358954298,0.07728937810120137,1,0
851fda48d245,0.2921967008804725,0.5118384279429445,0.1230614255571223,0.072903445619461,0,4
852848545a6c,0.15304950008789614,0.5219127182328075,0.24675080266633337,0.07828697901296257,1,2
853df92b47be,0.14449702595276961,0.6280461456312333,0.1648994007413071,0.06255742767469007,2,4
854d97049377,0.2341182848586508,0.471946769588148,0.20210123182667009,0.09183371372653162,3,4
8557928e510e,0.1000492162159423,0.6777634500989492,0.15105945718220362,0.07112787650290499,1,0
856020133090,0.08176972546592005,0.6359276155757074,0.19025064968338556,0.09205200927498695,2,3
857b9908a0aa,0.4476306314621329,0.299999423895754,0.14679024013682193,0.10557970450529135,0,3
858725b534d6,0.34073052882860977,0.3553565063850721,0.20556772295561862,0.09834524183069944,1,1
858f01b51c3d,0.38808758022302997,0.4000959129348311,0.14134937519665697,0.0704671316454818,1,2
85a651285b8e,0.3376325015259794,0.380881087469161,0.16313242727958135,0.11835398372527789,3,3
85da175299c4,0.4765717020695838,0.27183561061584643,0.16532396728753,0.08626872002703971,0,3
85dc058820ab,0.14007049954326714,0.6303633751757628,0.14497181240192167,0.08459431287904813,1,3
85e721c2c2f7,0.19051424943972045,0.467510663681727,0.22370241530282484,0.11827267157572749,0,2
85f8405ef40a,0.1412328913012524,0.6287159830071908,0.15891665034625446,0.07113447534530207,3,2
860611cd1738,0.33198047696427563,0.2992523872563222,0.2483121574584673,0.12045497832093502,1,0
86092024d731,0.23589069512132876,0.43736210168695805,0.22709182768152641,0.09965537551018672,2,1
8609ebfada9d,0.1538851931032051,0.5921360720222646,0.1955625554401836,0.0584161794343465,1,1
862cdc30fb27,0.18914757594499645,0.5610324013062884,0.17652599941695782,0.07329402333175734,0,0
86323e8815ce,0.09429751591722228,0.6041061373804535,0.21008019587234397,0.09151615082998013,1,0
865cee33719e,0.31536044094533205,0.40272698986698796,0.17472650283654914,0.10718606635113126,0,3
8661a2df18d2,0.12497369805912657,0.4843881513683355,0.26499550047209525,0.12564265010044287,2,2
866879344af1,0.3743043009460537,0.3614501336225225,0.1934015693072608,0.07084399612416285,2,2
8672a27b3291,0.26781000668253474,0.41231006166324974,0.21719727770091624,0.10268265395329906,1,4
8692c37fba6d,0.1920186457565125,0.4447478449615544,0.2567067530533588,0.10652675622857423,1,0
86aaf2215fd4,0.4066587852861011,0.3003108392126206,0.21270188182181995,0.08032849367945803,0,2
86ad90147e40,0.22974938165285913,0.5441223036332986,0.16361024708461877,0.0625180676292238,0,0
86b08ada55fa,0.16919029514226142,0.5850320762988684,0.1875166840448897,0.05826094451398039,3,4
86b2cddc9a96,0.5173088622982563,0.2514267394200786,0.1209286854875611,0.11033571279410356,0,1
86d7ce86d31c,0.3956007023031013,0.38443431880822826,0.1385002938905896,0.08146468499808093,1,1
86e209c99853,0.19807778988630098,0.5740154630558366,0.1565333955497978,0.07137335150806486,1,4
86ecdad652bb,0.5751541585096659,0.20647029427601607,0.14586188531578065,0.0725136618985372,2,2
86f0ced73df0,0.09509696364191038,0.5996933581177365,0.18072671774810717,0.12448296049224591,0,3
86fbc6625250,0.4878940487881803,0.30380000879841335,0.15527848678963305,0.053027455623773374,0,4
8704605c8d78,0.12626819252742041,0.6357516634070904,0.15579770421923583,0.08218243984625351,1,0
8707f9b371b1,0.10914721725519543,0.6147336750888197,0.20229549657505788,0.07382361108092714,1,4
871805a76116,0.15920506822765348,0.5296062234041602,0.2063437372899995,0.10484497107818685,1,3
8723fa61b4c9,0.2681410222698707,0.5351494743951128,0.12806327188464117,0.06864623145037514,1,1
87463d16a03c,0.19023926737192806,0.5663887125054158,0.1798576594054495,0.06351436071720655,1,2
8762482fa9b6,0.4952610042107408,0.28319774159912225,0.15100853959317853,0.07053271459695859,0,2
87664803e3cd,0.15372723880699168,0.6078557591408912,0.16828706227848694,0.07012993977363007,1,4
8771126854cb,0.4272948811926785,0.32063536511944507,0.19091317967138433,0.06115657401649204,0,0
8797c00011a7,0.28821630291153993,0.3973657828064848,0.19314993349078288,0.12126798079119251,1,3
87ad926c7cd5,0.20034379440321493,0.5606854671801762,0.1743685025733235,0.06460223584328526,2,2
87ba5ef70efe,0.25037287144935405,0.47862011848592484,0.21661895383716298,0.05438805622755832,1,1
87d8d1d29655,0.18891674785263007,0.5280572436002253,0.18694629636807772,0.09607971217906712,1,0
87e342354d85,0.2766310250306432,0.44432513667138535,0.1937554691036617,0.08528836919430954,0,3
87f4d0c6babd,0.5354640401637085,0.2281548770727136,0.16199178151963084,0.07438930124394733,1,4
8805b17f963a,0.14911683935867262,0.5502687670514818,0.2066265850075258,0.09398780858232002,1,2
880760598f51,0.08004622142277058,0.637440008719366,0.21781946225144266,0.06469430760642084,2,1
880ef66733bf,0.20521991209390686,0.6017686780503604,0.14197748859183448,0.051033921263898066,0,4
881057f737e0,0.6127146013194348,0.16643961354038594,0.1527305773678585,0.06811520777232036,0,0
881fc5cfb469,0.1293837136100213,0.6210384651056917,0.19154954844062996,0.05802827284365714,3,3
883ec957d088,0.2678354519547558,0.5004771064124546,0.17464949522530465,0.05703794640748488,1,2
884ae726c5fa,0.3140293333626492,0.46849342098661556,0.1453257542212574,0.07215149142947745,0,4
8855be1da6d3,0.3646768885152974,0.3624813348874523,0.1734606381326187,0.09938113846463195,1,4
885dd0b39eb1,0.16906454688932507,0.6067029600515299,0.15517729288376714,0.06905520017537767,1,2
8861d23685ef,0.44658655902112393,0.2941670623224993,0.20407144026142066,0.05517493839495607,2,1
88678531fd19,0.15535187496968464,0.6119824346326442,0.1583240440993997,0.07434164629827127,3,4
88787efdd3d9,0.15767209514792027,0.5825052214285485,0.1924258328118169,0.06739685061171391,0,4
8879adb07db4,0.3351689560750046,0.37754303423235447,0.17012476105425378,0.1171632486383873,0,1
889b5893c83d,0.22679925869225723,0.5033123367362475,0.20541764697400833,0.06447075759748694,1,1
88b7b5dcfd30,0.10823577645745633,0.6260232057588776,0.2062434723040377,0.05949754547962865,1,4
88cb519feae6,0.22896662815018343,0.4559582608182605,0.2183683396295651,0.09670677140199083,1,3
88dbdcdb59c6,0.23266294055328934,0.46833926167891826,0.15073498781837746,0.1482628099494149,2,1
88f2e452d4b2,0.16073942799360486,0.49165984574675586,0.21933151461728886,0.1282692116423504,0,2
88ff3858d82c,0.13234694288174054,0.5365457940271627,0.21844480446069836,0.11266245863039866,3,0
890bbfb62803,0.2659475877875846,0.4265533620247638,0.20118632161083583,0.10631272857681572,1,2
89195455e6ff,0.14452747292418774,0.6525035275514468,0.15803559047410962,0.04493340905025625,2,0
891dccc7f408,0.14610357571539714,0.6212327764453455,0.17068698783649966,0.0619766600027578,2,0
8937a100c4b1,0.29027456148796393,0.3965359600876121,0.22999388710937968,0.0831955913150442,1,4
8943d1d85097,0.33115653252378435,0.3775779424636446,0.2183163306199776,0.07294919439259359,1,4
8945d312af6a,0.1155531753445576,0.6466896504298545,0.18815353603369112,0.04960363819189692,1,4
894cf780d724,0.48353001704059156,0.25793380994174836,0.15221182090969812,0.10632435210796182,2,1
895c41c283cd,0.31938938393365357,0.4008520134762399,0.17864649728125645,0.10111210530885019,0,3
896ab1acf6f2,0.320119230225373,0.3585868625554922,0.20725961383235195,0.11403429338678307,1,0
896ea179cbae,0.13243286637158402,0.6561532947457784,0.1566221301604734,0.05479170872216418,1,2
896ff6f04d0e,0.11413145008879363,0.6672293810376377,0.16305780251955118,0.05558136635401775,1,1
8976a065ab10,0.30373463249924726,0.4477497453158329,0.1715113340547572,0.07700428813016251,0,2
897ab7243051,0.12300483545861725,0.617110370539647,0.16781482940258496,0.09206996459915075,2,4
89921b036cc3,0.4507844498159548,0.2777180457634185,0.15962587377301476,0.1118716306476118,0,2
89ad8581ccaf,0.34924029512222654,0.25335755211616356,0.22972478712089148,0.16767736564071833,0,0
89b8af016a97,0.288087905360741,0.37376811213603495,0.22953909478706153,0.10860488771616247,3,4
89c6489e8df7,0.23543468214334928,0.5277934337489595,0.16901724199346355,0.0677546421142275,1,0
89cb02de68a7,0.11556781975381507,0.5975310308832391,0.23533918216946223,0.051561967193483466,1,1
89cc008ddabf,0.17626883412345673,0.47976956551826555,0.25817998729085895,0.08578161306741881,2,2
89cfe8497e68,0.15727403506214568,0.5569470731606059,0.18825535584322026,0.09752353593402813,1,2
89d2589d197c,0.23278890913858039,0.5121245503617895,0.18471200753722053,0.07037453296240974,0,3
8a0139211dd5,0.42490164771318506,0.3166465705588446,0.1682465806654616,0.09020520106250864,2,4
8a0bb2abd955,0.4007207153495688,0.3422779514518496,0.18906566117895185,0.06793567201962954,0,0
8a0e92da8c69,0.29872874907584895,0.45034592468025647,0.1857493811858867,0.06517594505800803,1,3
8a3b38dbc12d,0.09219742096205182,0.6806884336052125,0.1787539830318491,0.04836016240088683,2,4
8a435c339b1e,0.37977254635514707,0.40098018743931146,0.14413868114327538,0.07510858506226588,0,2
8a606a964b1d,0.4292101618534348,0.3620704616120751,0.11440606514777242,0.09431331138671754,1,1
8a6b5f89162a,0.25651242294359045,0.4942549932783764,0.17938252698178242,0.06985005679625066,1,3
8a7c3c0d189c,0.14909987776066458,0.5633194793463155,0.20543504573977658,0.08214559715324317,2,3
8aa587a862e8,0.0994209902678834,0.6532852963767471,0.18456388437246118,0.06272982898290815,1,3
8ad88b978f87,0.24350711249844212,0.5091775386613981,0.18604879539916666,0.06126655344099297,1,3
8ae458411c33,0.4441021962134354,0.37013970139117464,0.1287868369291286,0.05697126546626132,0,0
8ae943cc3a16,0.16312829761467046,0.5132696683640312,0.22649415211736496,0.09710788190393344,1,4
8afc6567147a,0.21870744280528429,0.5350704548124623,0.15970505069693094,0.08651705168532241,2,1
8b059659257d,0.5884509305975217,0.18992017054314217,0.15654169407627075,0.06508720478306547,0,4
8b18f1963aff,0.12532743654086784,0.6554211215924689,0.14475303529612157,0.07449840657054159,1,1
8b1b8b42cbd2,0.1713006905558262,0.5106000960045315,0.2288265836066195,0.08927262983302266,0,4
8b41c96e9f63,0.29331026465299587,0.4376074042906486,0.1917292671358705,0.07735306392048463,1,1
8b4741c28384,0.4913778781542661,0.27990514915298803,0.13275650102573117,0.09596047166701467,1,0
8b52cf335c4d,0.15934591607878046,0.601688653610286,0.16930165994684893,0.06966377036408446,2,1
8b5efcadabf9,0.3573421100840047,0.43690151339104816,0.16434492625650254,0.041411450268444616,2,0
8b5f06c0671d,0.07597811425796416,0.6587966702677353,0.19370070716729496,0.07152450830700564,1,3
8b7d91225bc5,0.2763027687921927,0.5195510383384291,0.15037794053811782,0.05376825233126021,1,0
8b7e0c35fd8f,0.47826024439780024,0.362846249431735,0.09265610346977618,0.06623740270068854,0,4
8b86c273f095,0.25627255427655976,0.4584349853493352,0.21224889012227913,0.07304357025182565,1,4
8b8d05db440e,0.5901576719980235,0.19950892561035719,0.148349625005357,0.06198377738626228,0,2
8bd4738d4f00,0.46501085022212485,0.2493834827755128,0.16477430279573066,0.12083136420663153,0,3
8bd62094ea13,0.13711705719573794,0.6159197659628298,0.1809189490875692,0.06604422775386312,2,2
8c15768ece37,0.4059686791588354,0.3527595972794784,0.1626195026726896,0.07865222088899682,1,4
8c1872520275,0.18553387579521396,0.5475515630798049,0.18952934177257372,0.07738521935240751,2,4
8c19695fed29,0.3828567194020294,0.3283233979880499,0.1786203831253351,0.11019949948458568,3,0
8c1c165022b6,0.29677690937707485,0.44233878463072884,0.19229391875669566,0.06859038723550061,0,4
8c1f2172bcf0,0.07713674999630248,0.652224241076112,0.19970363747571984,0.07093537145186564,1,4
8c272c45e4bf,0.2726106846301453,0.5340267952047171,0.12951599160848604,0.06384652855665149,1,0
8c382f780705,0.382660018307197,0.3707755640961142,0.15355636039340514,0.09300805720328378,0,0
8c46388eee54,0.13636045569257668,0.5613105656271363,0.2417300183782007,0.06059896030208632,3,0
8c5533597dc0,0.14576077919386776,0.5929440020405172,0.19869269262794717,0.06260252613766829,2,0
8c81896e7e55,0.2545553046181919,0.4980849518635977,0.16421671217698378,0.08314303134122654,1,4
8c93b1d9363b,0.22393217072141314,0.5659182016217564,0.15123717271807693,0.05891245493875384,0,4
8c94a7329137,0.14473631084762079,0.5364548648136863,0.23646057148806215,0.08234825285063084,1,3
8c9bb70fac25,0.2160250050839385,0.5045239002566848,0.17763431991741538,0.10181677474196148,1,3
8cc1d57b3142,0.4249498535922615,0.2956111800474016,0.20055996764811523,0.07887899871222154,0,1
8ce7315d04b1,0.1181045307444708,0.5340109436932493,0.22426430627611801,0.12362021928616204,3,0
8ceba80333df,0.0584010366373235,0.7175813417191479,0.14784097094710782,0.07617665069642056,1,3
8cec64c8a30a,0.16755358434835876,0.5464524586048749,0.21887208352834112,0.06712187351842575,0,1
8cef368b3a7d,0.38272971961302865,0.26700618557291944,0.20252839104321746,0.1477357037708344,0,3
8cf2f88c1831,0.38376227733080764,0.3101952327111176,0.20959030600575587,0.09645218395231928,0,4
8cf5886a6526,0.3072850536013293,0.37702327423874976,0.18999124858474076,0.12570042357518002,0,3
8cf883e963b2,0.5556422817343756,0.20744347818266728,0.15618792082498736,0.08072631925796947,0,3
8cfd81b6304b,0.35124352131399644,0.3642408065901185,0.16631764350483644,0.11819802859104853,1,1
8d04e38ff3cc,0.4264613093493621,0.26287565777417793,0.2176436745346623,0.0930193583417977,2,0
8d05f7a01571,0.3171667772162821,0.408860274775199,0.18706913730398478,0.08690381070453417,1,0
8d107e939496,0.19479720324674243,0.5630279548563254,0.1640999496141906,0.07807489228274196,1,2
8d119ef46916,0.09784475365729971,0.586904224373415,0.23170231054128038,0.0835487114280052,1,4
8d1bb5055032,0.17612993617650427,0.5689288102487282,0.18143101924253216,0.07351023433223543,0,4
8d1e97279e94,0.19131149626593943,0.5158237967610422,0.19964882814775856,0.09321587882526006,2,4
8d266ade4183,0.5056543731445042,0.24451718081126658,0.17560140746516698,0.07422703857906243,3,0
8d2c21678869,0.4240741446665204,0.2911144289574574,0.1905369329109932,0.09427449346502947,1,1
8d3cf4f69a12,0.4417112401916446,0.2876738058753265,0.13306935587102875,0.13754559806200012,0,1
8d4380e847cd,0.07146215169844497,0.6550157337664113,0.1670986653377473,0.10642344919739605,2,2
8d4af13cfe6e,0.17565088232176107,0.5844864126307169,0.1767448147108113,0.0631178903367108,1,2
8d603dc4f0fc,0.1799200314201263,0.586251216069928,0.1648136242815171,0.06901512822842877,1,4
8d6424e7fe13,0.6545189220607331,0.16340670859304215,0.13048589158728288,0.051588477758941764,1,1
8d98b1ffe5cc,0.18754981670662738,0.5721061806951808,0.18768315744212635,0.052660845156065304,1,1
8db3c6dd3bc8,0.321352999095179,0.4439429670094838,0.1668971813673837,0.06780685252795347,1,2
8dd03d75fbbc,0.09260948294648769,0.6313781501938424,0.1941890314147916,0.08182333544487844,2,2
8dd2336dc141,0.1564917357943315,0.5955569214546125,0.17554512178868426,0.07240622096237158,1,2
8dd9d392745c,0.16484886894767134,0.5472539498369798,0.2073423560643746,0.08055482515097416,1,0
8de0328fef41,0.2239475122751897,0.47446868804696857,0.2290659068444968,0.07251789283334495,1,0
8dec4313cf31,0.17005252035648757,0.440370547659413,0.26191876965752436,0.12765816232657506,3,3
8e0e8fb16772,0.1835979011442586,0.5849796390534145,0.17678331656508153,0.05463914323724554,2,0
8e207d306f5a,0.24155596436786314,0.4617859114051071,0.21238973383130988,0.08426839039571982,1,0
8e3028ee83b7,0.22815100805139926,0.5138972547688594,0.18377076043991974,0.07418097673982166,2,3
8e303eb56993,0.2976340638704054,0.47602841943561247,0.16907992913641212,0.05725758755757052,1,0
8e589a80dc42,0.18976603873213435,0.5637470546309802,0.17717190602506946,0.06931500061181617,2,1
8e592ea3b990,0.10770624545106898,0.6680888442916469,0.15414229217224065,0.07006261808504348,1,4
8e66608fcb8b,0.2816090097086377,0.4882686954047876,0.16261270374020656,0.06750959114636806,1,2
8e696c58fe5a,0.5585694453378952,0.20073139379335123,0.1529798401122021,0.08771932075655105,0,1
8e6f3fef011b,0.19323864620010442,0.5452676371782859,0.19065819526027517,0.07083552136133446,2,2
8e844d4f4027,0.4752574194221743,0.2789488963084388,0.1847373804495645,0.061056303819822445,0,1
8e88d7565396,0.11970528731796891,0.6225426893722036,0.179134857028235,0.07861716628159264,1,1
8ea4a61f36d5,0.2512107157210953,0.4182475604740722,0.21237754056571342,0.11816418323911893,1,3
8eac27104552,0.3955015058435745,0.3398366626222894,0.1656302291071462,0.09903160242698998,1,2
8eb7415fd75d,0.2108972458593964,0.4808636940003226,0.20262330398263717,0.10561575615764368,0,1
8ebfb520f2cc,0.4748187174450754,0.21382697110360602,0.1809913676241538,0.13036294382716482,1,3
8f08039e8b7f,0.14130148882538848,0.6195539086884114,0.1473248904365527,0.09181971204964756,1,3
8f0cd3800684,0.18637904143445286,0.5855194876935159,0.1801533287809627,0.04794814209106874,1,0
8f1242af7d14,0.22642117815574692,0.542252388205746,0.14854030540586255,0.08278612823264446,2,3
8f22d79a5ba0,0.19609981399905063,0.5224010364434922,0.19656397164402262,0.08493517791343458,1,3
8f25ccd15213,0.3267645469046544,0.3988711253725149,0.2070135909533686,0.06735073676946222,1,4
8f3131f02439,0.6309152339999925,0.17742193863737143,0.12787854041439192,0.06378428694824431,0,4
8f3a2c63b390,0.276801736116529,0.5220693296710185,0.14201126851562898,0.05911766569682369,1,1
8f3f2c566e2e,0.16980504112775074,0.5382271855373351,0.22905238308021983,0.06291539025469427,1,0
8f40087975d6,0.10884745336015669,0.6229954699652925,0.18353783415551472,0.0846192425190362,1,1
8f43952cb2e4,0.225167081585978,0.40700027761907537,0.2515650630627934,0.11626757773215317,1,4
8f460f57d325,0.1403470296838622,0.5802070062920907,0.2121403622750844,0.06730560174896284,1,2
8f59e4041fb3,0.5378787873916404,0.23880555981830753,0.16509829977836296,0.05821735301168889,2,2
8f668881cb15,0.14542087055866168,0.5732142079389625,0.19411564187265024,0.087249279629726,1,0
8f67031d69a9,0.34585641478636453,0.39985121464978574,0.16646264104661088,0.08782972951723911,3,4
8f67f991ed01,0.3024110415519681,0.45279199585817403,0.19625810456178944,0.04853885802806851,2,1
8f8c93da549d,0.09107393410084909,0.6042948885625767,0.23845940322681033,0.06617177410976405,1,0
8f969a767c03,0.21046146792433532,0.5748804564904103,0.15727853583372606,0.05737953975152807,1,4
8f9900d6dd98,0.5409234841296768,0.25547296356078564,0.1524026897663115,0.05120086254322567,0,1
8f9f2fcd1101,0.12697876176421646,0.681485909274716,0.14219838492562947,0.049336944035437987,1,3
8fa13c443211,0.36085881762002364,0.32134536147665216,0.23934576431154456,0.07845005659177932,1,0
8fc0ab15fbba,0.24568588494133017,0.4593726403625627,0.2156454897323468,0.07929598496376006,0,4
8fc46a1ef7d6,0.4426795049676875,0.3080591386127617,0.176930836229057,0.0723305201904938,0,0
8fcb4fdefa9b,0.15131692174321912,0.578593901379041,0.19284902859171402,0.07724014828602627,1,0
8fd26a99fddf,0.2552291017759308,0.44603345681799067,0.19235784840895423,0.10637959299712424,2,0
8fd6cbf80a60,0.448955781617108,0.277246449399402,0.16871133421465415,0.10508643476883607,3,4
8fde67c815d9,0.12752323225032444,0.626151819391307,0.1821906009487559,0.06413434740961267,1,3
8fe8e5f3d9f2,0.285326092549546,0.40919669139141246,0.19347770008958315,0.11199951596945835,1,1
8fece7358b68,0.42250929431501866,0.3142489587149355,0.18222581565202592,0.08101593131801993,0,1
900f971c9d9d,0.2002185704416984,0.4646425019437294,0.245254780491209,0.08988414712336312,2,1
901033aaf100,0.19084520416499778,0.585135317865737,0.15435863936417069,0.0696608386050945,1,2
9010d82f158b,0.13076375150865718,0.6395471458408057,0.16829127378708467,0.06139782886345263,2,1
90128165c011,0.30099822680835453,0.3571895953304676,0.23321134295114374,0.10860083491003428,2,4
9027e97cec00,0.19371479371188272,0.5653504967021391,0.1601746105086413,0.08076009907733693,1,1
9032f7dfa5b7,0.12656969119662537,0.6323204827926512,0.17093737211331467,0.07017245389740911,1,3
9039045a41db,0.5098588240640011,0.274005576879791,0.16480593463768586,0.051329664418521735,0,1
9039323ef12d,0.2511679056008691,0.533587750040409,0.14798904367487942,0.06725530068384254,3,1
904b2fc4d66c,0.10621287008998763,0.6576684395113979,0.18531887093340887,0.05079981946520567,2,2
90563a9f1f5c,0.2083214730815584,0.5270328446881897,0.20835596760504632,0.05628971462520553,1,1
906b1c0633c1,0.5900625222606068,0.19111392133067537,0.1658743647501776,0.05294919165854039,0,1
90857afa360f,0.17380904222199162,0.475215405061559,0.23440006368011532,0.11657548903633404,3,1
9092b76fd394,0.11005470859617004,0.6181169799110492,0.20148035241353757,0.07034795907924303,1,4
9099a377b0ba,0.1058423972119667,0.6241789370877925,0.21553643722235247,0.05444222847788797,0,1
909b093ebd7b,0.09599103277685914,0.6647690723274953,0.1740735353362135,0.06516635955943216,1,3
90bbbbe42dcf,0.12203627384768401,0.6283889966778522,0.17823419252783682,0.07134053694662702,0,2
90d2406651aa,0.1040623015577375,0.6589525953655361,0.17686589732916366,0.060119205747562875,2,4
90ebb1c07f60,0.5338981835752823,0.25148906969907636,0.15905881744989273,0.05555392927574849,0,3
90f926079a8b,0.6888354256337293,0.14599906031037618,0.12290089089190988,0.04226462316398477,0,1
910fd590ada8,0.4244029731314063,0.3181885253573027,0.17642748106837525,0.08098102044291587,1,4
9113eb5c46c2,0.2330312423424367,0.5109456570393124,0.19907715054869643,0.05694595006955497,1,1
9115e6b5aef1,0.29307338518734444,0.5053799578368633,0.13623594190390761,0.06531071507188475,0,1
911de1f9cbc8,0.26603251120452714,0.43435355723818886,0.1902652585670512,0.1093486729902326,1,4
912c5491499a,0.11398247442752364,0.6630629039461878,0.15653871834769398,0.06641590327859428,1,3
912f0bf73b2c,0.34173506669004006,0.4225895855437819,0.1676119632992164,0.06806338446696182,1,2
913182869146,0.05319926128906711,0.6536304337733776,0.19796285150854534,0.09520745342900999,1,1
914fd6a59eb7,0.29647782071698814,0.4202164129947884,0.23629373324702804,0.047012033041195354,1,0
9168248b2ad7,0.06006719032832956,0.6728034200837989,0.204352009674741,0.0627773799131308,1,4
916911dbc503,0.14761942243395126,0.6352658439882086,0.15607341893017088,0.06104131464766907,1,0
9185f141a3c9,0.13718841658204006,0.5349801012265674,0.25351499389066734,0.07431648830072517,1,1
919d121c32c5,0.34241362305379786,0.35864515233400296,0.21508844543727007,0.08385277917492912,1,4
91a2860aecda,0.10919133544461848,0.6004439103521727,0.21505524318117333,0.07530951102203506,1,1
91a5b9eda347,0.3558689598164576,0.34609190507388155,0.17843836214645784,0.11960077296320287,1,3
91bd57a2c56d,0.14910948610379207,0.5470737947356555,0.20765283486145228,0.09616388429910006,2,3
91ced42c375c,0.20437536085819533,0.5490569651579432,0.16152776829021642,0.08503990569364499,3,4
91dcfcaf5ee0,0.0855464485954315,0.5472785515890215,0.223115660560549,0.14405933925499806,1,1
91e00c3ee94b,0.11681239261835585,0.5883233344376821,0.22233127975047282,0.07253299319348898,1,0
920248f0e483,0.13181557474009653,0.5828617715050264,0.21395221308858467,0.07137044066629245,1,2
9225830ff6e8,0.2448753725504788,0.4807792290741126,0.18493825538318556,0.08940714299222327,1,1
922ecebef0a6,0.1649348109719892,0.602597521317966,0.17302831911017585,0.059439348599869095,2,0
924f402e5f21,0.5056514984525988,0.30889369687355045,0.11690460483270596,0.06855019984114492,2,4
926375b034e2,0.4948953736434325,0.2763706021673069,0.15576469404020704,0.07296933014905371,2,4
9273fc8c7085,0.3912578870069293,0.36013012212537704,0.1545981282120221,0.09401386265567124,1,4
9276f2d48294,0.3040086641874798,0.3848908312352722,0.15914944293747396,0.15195106163977432,0,0
9283b3ca7c42,0.08168498688051762,0.6483811076144127,0.2002185826380986,0.06971532286697085,1,0
928e54bf8b2c,0.2959667052949434,0.38085117658880885,0.22773382313101545,0.0954482949852321,3,2
9291a5debee0,0.14256803293848563,0.6127431595923768,0.15557892667999595,0.0891098807891418,0,0
9298dad2b9d5,0.09111884245311958,0.5951353480126701,0.24108893647659466,0.07265687305761587,1,1
92a134ec6693,0.45528448050002074,0.30284315914056875,0.15563143230861196,0.08624092805079848,0,0
92a2802a224d,0.17539444087355682,0.5482688321973057,0.18267584024061564,0.09366088668852142,2,2
92aacc2910ce,0.48648104367495737,0.2979290024663741,0.13090887664565395,0.08468107721301486,0,0
92aae4899047,0.5175606586641232,0.25731725300419145,0.1750499915048164,0.05007209682686915,0,1
92db40d7a773,0.3800536341684701,0.34164344920362066,0.18831640486314186,0.08998651176476735,0,2
92e2158a09b7,0.07987372328705575,0.6591295323189206,0.19044939203891623,0.07054735235510785,1,4
930457b2b7fc,0.11920878795164302,0.6716512855690195,0.15750299863840672,0.05163692784093065,3,1
93137dfd6a8b,0.12554484438380054,0.6227943211337542,0.20199411551592406,0.04966671896652118,1,4
9315df5edab8,0.1648308632348834,0.5675048749009775,0.18872283973624315,0.07894142212789601,0,4
932c6343566e,0.28423768125279897,0.48390940784328085,0.17454904108678407,0.05730386981713607,0,3
9330e8848d54,0.1670658236485471,0.5839037652747978,0.17003962469339068,0.07899078638326433,1,3
9345d903a235,0.056924578204263915,0.6696600745088404,0.16827993261297233,0.10513541467392305,1,2
9348d63bc024,0.5530724026792305,0.22386644904823572,0.17186630602085423,0.05119484225167935,0,3
936046fa7b66,0.15765900918017928,0.5452574531995568,0.22095857988054587,0.07612495773971815,0,4
936679c7b27c,0.07600074511830163,0.6443673695012154,0.22610986300208377,0.05352202237839932,2,1
936867da7b98,0.2905886060011763,0.4036224772859759,0.23929632497849423,0.0664925917343537,1,3
9376fced310c,0.4574806498190744,0.2943653837581055,0.1831212977106509,0.06503266871216941,1,3
93882c2250e5,0.2359232502670236,0.5117130406216817,0.18597937829869843,0.06638433081259575,1,4
93915d2e405c,0.2699515819624773,0.46935217446567057,0.20776025525437203,0.052935988317479574,0,0
9392e6a8e272,0.4015850049179544,0.32749861271752767,0.20704130920147862,0.06387507316303917,2,4
93b2c01193e9,0.11599989258145722,0.6487565783250397,0.16935629356710996,0.0658872355263929,0,2
93c6a74d9ef2,0.18932143639374346,0.5802424991212204,0.14736656002856485,0.08306950445647121,1,2
93c9ce299102,0.26244385527279446,0.5216759631552605,0.15628087218957298,0.05959930938237219,2,1
93e8a7d28f91,0.668821220309388,0.15147466089991782,0.12463676720335175,0.05506735158734248,0,2
93eaff86bff6,0.33226951378137476,0.35860048447744314,0.1990852934417226,0.11004470829945949,0,2
940927eb98cc,0.2537644532553289,0.43567864528725025,0.17884379932812397,0.13171310212929674,0,1
9424c80e0448,0.22494339833688076,0.4494056044451969,0.2048282613161726,0.12082273590174997,2,1
943486bb3aac,0.2789958115696473,0.4534560259117484,0.18823186193755417,0.07931630058105023,1,3
943d27c0247b,0.13912668666805245,0.5623715004761203,0.20874702225101102,0.08975479060481636,1,3
943eaf84ee7e,0.12668383542525266,0.6132500603173049,0.17722142238817848,0.08284468186926393,3,3
944341248373,0.14097110689322082,0.5930704263116322,0.1795703300686419,0.08638813672650547,1,3
945d11f79ea4,0.1254516933898248,0.6690797790058125,0.13502490764085986,0.07044361996350301,1,4
94708a574bf1,0.345231473523326,0.4082117160158214,0.15528667397489163,0.09127013648596069,2,3
947af0140d33,0.295267420215471,0.4387938655947794,0.19546860664486151,0.07047010754488794,1,4
947bec537575,0.38646342620127166,0.3528859575886038,0.1754511634196468,0.08519945279047815,1,4
948a3520b1f3,0.3497802761802729,0.35453206264522436,0.193641570701395,0.10204609047310745,0,2
948b59d6a856,0.16722229505885242,0.4888810851150713,0.22473992653711547,0.1191566932889609,1,1
948cbaad29d8,0.5240064844228817,0.1959492619178312,0.1850957422030621,0.09494851145622485,1,2
94a3a166d2e6,0.2799272807015905,0.5076766000506436,0.1370948445111889,0.07530127473657688,2,2
94a65a60dd0f,0.17505751633461736,0.5110266380755236,0.2257428751664557,0.08817297042340319,0,2
94df074651a2,0.2612186868236874,0.3940493272546105,0.21961262436387757,0.12511936155782455,2,2
94e318e3c980,0.10545288255928163,0.6669975935939574,0.15047865010868086,0.0770708737380802,1,3
94eda787df5b,0.08666156554094613,0.6766209840925962,0.1622121419981045,0.07450530836835337,1,1
9506596cb1ab,0.2146861486250078,0.4457289133220041,0.21512912135351356,0.12445581669947439,0,3
951400899440,0.13474375872867206,0.6355676739068136,0.14664324014957894,0.08304532721493527,1,3
951b8755c772,0.04763306029797192,0.6548144674821692,0.20944163371569682,0.08811083850416201,1,4
952077ae882b,0.623616070947588,0.1903281317361047,0.13388377856546807,0.052172018750838996,0,2
9526218fe33d,0.07521191549682685,0.6313703899613244,0.23541438177972324,0.0580033127621253,1,0
952f04d9cfcc,0.35106805833882376,0.42918562258692855,0.16846061653326402,0.051285702540983434,1,1
9533d6931fc7,0.11783698264491112,0.5852962315459492,0.217534855142792,0.07933193066634772,1,2
953e5e477eaa,0.076741361258052,0.626809683597545,0.22122731079569372,0.07522164434870929,0,4
954f8acb98dd,0.4104253128282104,0.3067292063784297,0.18923188877513103,0.0936135920182285,0,1
9554527fd4a5,0.1976322071831396,0.5643625954324014,0.14017319726670627,0.09783200011775277,1,0
95566106ef97,0.21079026574903975,0.4923051094466602,0.2077915695766711,0.08911305522762901,1,4
955c9a911fd0,0.4320644275519413,0.3121189380271615,0.21154420202878238,0.04427243239211487,3,0
955e9f43b034,0.28290510061969126,0.43753777116678794,0.1392904748771313,0.14026665333638935,0,0
956d5ff78f91,0.21286341638928688,0.49999330071065484,0.1916031025005711,0.09554018039948706,1,3
95728086046a,0.281366533009738,0.47777976203247574,0.17062419003072427,0.07022951492706203,1,4
9575884bee6b,0.13801145756904157,0.578281207120642,0.2201416697900419,0.0635656655202746,3,0
95843bf24ddf,0.13370365360966113,0.6152568905676792,0.18711100043259743,0.06392845539006234,1,1
95857167b435,0.4146551135549672,0.3152044356410392,0.16905745106521505,0.10108299973877845,1,2
95940c3f283a,0.23534452991886873,0.5570712482752671,0.14737062169421522,0.06021360011164904,0,2
959d3d0d8199,0.300552230983678,0.4180229664718649,0.21035657043370803,0.07106823211074897,1,4
95ad3f9aa671,0.4500184212910039,0.2990167032444281,0.16690046687909854,0.08406440858546936,1,4
95bdaffbc7a2,0.24184542399852507,0.576575768832764,0.11675617177472905,0.06482263539398184,2,4
95c2b109d0d4,0.49596534824345556,0.2832354283629768,0.1604340248676551,0.060365198525912066,2,3
95c3cd8b0bba,0.209366669623909,0.5470381311141168,0.19271242757296217,0.05088277168901197,0,1
95da43e095d3,0.24618140518615364,0.5173381984061827,0.18224985023552331,0.05423054617214022,1,1
95dba116ccd2,0.1725588016543187,0.5788723512116508,0.19003926854488198,0.05852957858914846,2,3
95eb56f807cf,0.42124628532558084,0.28278571861256363,0.17911229271793014,0.11685570334392512,0,3
95fcf5433b40,0.363462599508855,0.4236735255913536,0.1479073025742755,0.0649565723255159,1,0
95fd7cfafd10,0.13252117087663043,0.6180301809214465,0.16705369030399864,0.08239495789792439,2,0
96067887a106,0.3173141864917648,0.37866332994290375,0.2331881329112593,0.07083435065407209,0,3
960d37415757,0.13390346920942406,0.5690268568153634,0.2289960517684682,0.06807362220674447,1,3
961761c43308,0.24029594596070752,0.4181505123106753,0.2191423019834695,0.12241123974514778,1,3
9618c3ca410e,0.14049270293730842,0.5451232837128197,0.2181808665873266,0.09620314676254518,1,0
9624ffcd114a,0.20547337988038417,0.5648087719984645,0.15421386333456572,0.07550398478658563,1,1
962b514336b7,0.12023709784596832,0.6429465344705005,0.1614078198019148,0.07540854788161616,1,3
9639e228b628,0.10655818901435261,0.6289584231934181,0.16640483475078371,0.09807855304144525,1,2
96427109f6d1,0.22265616515634637,0.47090964041059874,0.222970000919834,0.08346419351322065,2,2
96448f229e67,0.18693188337273872,0.5788168704154282,0.17086369327447604,0.06338755293735712,2,1
96533d9801a9,0.5333525660329353,0.2483191930665851,0.1479443075911979,0.07038393330928176,0,3
965aa8281388,0.1175239426896629,0.6448107104385727,0.15993136925061513,0.07773397762114935,1,2
966247fbd8dc,0.3610547400625554,0.3602480901091573,0.2037393262202859,0.07495784360800155,0,0
966b3f33b181,0.23921383757122414,0.5242441160880735,0.17601960965131172,0.06052243668939108,1,1
966cf034dd4c,0.19739449330627154,0.47481665094726583,0.21693762636022046,0.1108512293862423,1,0
9672beea2200,0.275147713376682,0.42455351287459103,0.21498907280146054,0.08530970094726642,1,2
9680b6bc8e55,0.3106472649626093,0.41327446775767357,0.1751682093737346,0.10091005790598238,2,4
96847884be69,0.10269949926045792,0.6329785306096538,0.17847136800784513,0.08585060212204293,2,2
96991f19b1f9,0.5882117514698145,0.1818613774955202,0.15167138094844235,0.07825549008622307,0,2
96b52adeeca5,0.16290319817422969,0.593305660488161,0.17584969681323437,0.06794144452437474,3,0
96d1f9ad6e80,0.06728330793437527,0.6540561473746281,0.14362861565551452,0.13503192903548183,1,1
96d6988dafa4,0.5947545315612348,0.2040316648948923,0.14033462837593533,0.060879175167937366,1,2
96d9d0f47cbd,0.1846628305679946,0.5705182062671891,0.17002711859272052,0.07479184457209571,0,0
96dfa1261098,0.4192138877881428,0.28096901770384625,0.20459006522069145,0.09522702928731974,0,4
96e0daba7ca8,0.20267316708908167,0.562025295073418,0.1588251276756691,0.0764764101618313,1,2
96fa47f2b83f,0.4415436738892314,0.3002224497628858,0.14553035166366313,0.11270352468421944,0,1
97020cda085f,0.2091412705727112,0.5481929995408054,0.17984755205153558,0.0628181778349477,0,3
9704fd5364eb,0.39641338809492593,0.3015839757954393,0.21504074638004708,0.08696188972958761,0,4
970c96c9fa5d,0.3318059278794002,0.43702146801552977,0.1420454094871684,0.08912719461790157,1,1
970e477a229f,0.38516544491425164,0.35940276975497193,0.18608298993393088,0.06934879539684546,0,3
973c7216c8d4,0.3831127266009669,0.42538276907842126,0.12698605071596517,0.06451845360464704,0,3
97674ac9caab,0.10439536582584558,0.6404460433957447,0.16525358109514574,0.08990500968326402,1,4
97692c000b63,0.098231971448202,0.6970839652386176,0.14874027489297698,0.05594378842020375,1,4
9776469ed2a5,0.39993496937112233,0.3698173016958032,0.15968243422403341,0.07056529470904144,0,4
977af8f945cf,0.3888193653396286,0.33099423791966326,0.18808433675505987,0.09210205998564834,0,3
9785b5d2ce37,0.1557313444232403,0.5818592212406565,0.18653414134014687,0.07587529299595665,1,3
9788d6db5ccf,0.1518309077820006,0.5851025450317267,0.18306226456449007,0.08000428262178264,0,0
9793d59830f1,0.6289672064953878,0.1661836284258347,0.14738264676194385,0.05746651831683393,2,1
979f302a2fef,0.3545795831640344,0.3590816694046087,0.20122192560453558,0.08511682182682152,1,4
97a4dc6f1f5f,0.04143175134703072,0.705036700969841,0.18098342852911037,0.0725481191540182,2,4
97ef8dddd102,0.1293388012662869,0.5677210473541933,0.1996065226621769,0.10333362871734311,2,2
98023f79d14d,0.3308285349693053,0.382309561679129,0.15520005706917783,0.13166184628238803,1,1
980351f05de0,0.43444836931519976,0.27008724505322057,0.183034861578785,0.11242952405279494,1,1
980a690320eb,0.16284398468999575,0.5063969223303587,0.20566727134451226,0.12509182163513322,1,1
98177d6d0db0,0.17253534247790986,0.6273816407489232,0.15143099591625594,0.048652020856911136,1,1
9817859ffa87,0.1082572745421056,0.635622156052461,0.16649677375933652,0.08962379564609657,3,2
982b445c0d1b,0.23930402762232328,0.5074040303372579,0.20294995387221,0.050341988168208736,1,0
983579cf7e1a,0.2587076663395515,0.47871807418277634,0.1943967583416977,0.06817750113597439,1,4
983673fbc3e3,0.1955064322150295,0.5317326477017512,0.20060665653895124,0.07215426354426838,1,1
9842ee31aee8,0.14605150639441805,0.5757135292547161,0.19713531597716935,0.08109964837369664,1,0
9847df53f2f7,0.42193564836174435,0.3298604886354392,0.16899063051012586,0.07921323249269051,0,4
984ce6dfbc51,0.15750882546822242,0.5893654176355659,0.1839634200065112,0.06916233688970026,3,1
9855cbfdcb71,0.5163974021169259,0.2567476210520383,0.1647478086007255,0.06210716823031005,0,2
985b26811cf7,0.2595765014259311,0.47009068349907085,0.13261575533109657,0.1377170597439015,1,0
9862e4094231,0.11862973279733717,0.5867326026704061,0.22441952658475092,0.07021813794750573,0,4
98696039f5a0,0.21884103715389164,0.3497961134139266,0.25686844167951123,0.1744944077526704,2,1
9872417abeed,0.5845781796861179,0.1729960185014046,0.17152826846508207,0.07089753334739542,2,4
9878f8b090bd,0.5748395897713785,0.20050391178936522,0.14603481651206893,0.07862168192718752,0,2
98868469e23c,0.14968733797412886,0.5734442150170853,0.1928597403580969,0.08400870665068896,1,1
98a3f60e39a1,0.5769006966375165,0.20585641692389234,0.14630931149630194,0.07093357494228934,0,4
98bbbab1a415,0.27907346515893894,0.4828410794297578,0.18882070233735057,0.04926475307395283,1,3
98c6965e9185,0.14315722454161034,0.5777240144731645,0.20360470891468999,0.07551405207053494,1,2
98ca208a6e43,0.24051441708889945,0.5140438617713631,0.1884663307771828,0.056975390362554466,2,2
98cd48a41756,0.3885424540794061,0.3734869187739777,0.17712124213072694,0.060849385015889365,2,1
98cd793644aa,0.1265037276935374,0.5486568086723933,0.2324497792548552,0.09238968437921433,1,0
98d13a3c4060,0.46618514763311747,0.3067846326976349,0.14266220965995338,0.08436801000929421,1,1
98d246dec8db,0.404232052694141,0.293358261957686,0.19992622935992072,0.10248345598825254,2,3
98e5ea7a176d,0.3085830308421085,0.3800110342951362,0.19308055153354792,0.11832538332920756,2,0
98e86888141f,0.14934120448875568,0.5813974836778868,0.19833348674375154,0.0709278250896057,1,3
98f14a54fa31,0.10817550947553983,0.6611289892729045,0.17091123650222767,0.05978426474932782,1,1
98f702bb9649,0.32325505949295674,0.43065535283339534,0.17128361774407966,0.07480596992956788,1,3
990642807f68,0.39528452393416114,0.3642159257983414,0.18707339974307646,0.053426150524421116,0,1
990da56b9183,0.20261569323536627,0.5694846752485846,0.1650264657087382,0.06287316580731059,1,2
990fc38a16ae,0.33366345877998316,0.3944023284571896,0.1682997898273103,0.10363442293551682,1,4
9911a3ab56c2,0.495431935756672,0.27290227144733586,0.17654071551697031,0.055125077279021634,0,3
9915d9038245,0.11736094774421699,0.6444257880685569,0.1642781264035057,0.07393513778372048,1,1
991c7282e91c,0.16274901488496282,0.6205926284441798,0.15431196105495093,0.062346395615906464,1,2
991e39f747a1,0.5899207427496437,0.18636932774841738,0.1574877518789758,0.06622217762296301,0,1
9927fbe86982,0.14439279903658545,0.4764083455701514,0.2669729413659091,0.11222591402735414,0,4
9945a45c802e,0.1343705025454668,0.6406137886756118,0.15538258787233503,0.06963312090658656,3,0
994885f06db4,0.06002523051177318,0.6471514557530987,0.2161797637702117,0.07664354996491649,1,1
99499db74741,0.2524094640186496,0.47306108854956763,0.15039281671188384,0.12413663071989904,1,0
995b90d044b3,0.14776864102971377,0.625511342310778,0.15630158587117823,0.07041843078833022,1,3
99606cd849bc,0.2678966744403823,0.4835296667943118,0.17560173305056548,0.07297192571474038,2,1
996e865f85d2,0.17019776328238895,0.5274260586287,0.21216369217181152,0.09021248591709921,1,0
997985cf7142,0.46463457773290956,0.273633972977539,0.1793718872706349,0.08235956201891674,1,2
997b769bd2bd,0.1261471056050044,0.6550632713468393,0.13815148157599838,0.080638141472158,0,2
99a33da42b9f,0.358034747230215,0.34567580675759557,0.22075600145813906,0.07553344455405027,1,3
99aa2bb52d7e,0.4222002429418477,0.33513596815781427,0.17778368801121738,0.0648801008891208,0,0
99ba95380399,0.33716064731344253,0.41410168090644095,0.18707293629825003,0.061664735481866455,0,1
99c1585d12cb,0.1703136456955854,0.5877291527393284,0.17663397590972302,0.06532322565536335,1,2
99c38d2b32b3,0.4256622011394878,0.28207973733719016,0.19816337327344286,0.09409468824987917,1,4
99cb5766690f,0.07899640890978293,0.5766482743729352,0.2364965994148497,0.1078587173024324,1,2
9a0b8204400b,0.05518386697611886,0.66524575430868,0.187822393632805,0.09174798508239604,3,4
9a19d3c19232,0.1835677883072438,0.5507126600700124,0.18714624319613588,0.07857330842660792,0,4
9a2ad069cce4,0.1009809771607701,0.6591429213478357,0.1839470280753762,0.05592907341601811,1,3
9a493656953a,0.20173648697646201,0.602017781606137,0.14218952923987926,0.0540562021775218,1,3
9a4a6abdf776,0.21899972081223515,0.5378209609157202,0.19372933486730134,0.04944998340474277,2,1
9a769075f534,0.6335527006303934,0.2156534940945089,0.10186604776747778,0.048927757507620025,0,2
9a7b51f98ab5,0.1981987077853184,0.5258959685713025,0.19416871241592987,0.08173661122744949,2,2
9a9306122b73,0.40445081777109243,0.28968463268974626,0.1624276419177196,0.1434369076214414,1,1
9aa19b9ab337,0.12225580963828522,0.6464664094537121,0.1607510382842527,0.0705267426237499,1,3
9ab36af82642,0.30854728381320085,0.3672880295969841,0.24874277490950064,0.07542191168031433,0,4
9ac50f02c18c,0.42685097967274704,0.32124066256063843,0.16948058747242042,0.08242777029419421,0,0
9acd72663429,0.13407280179626294,0.6341739279204432,0.1281882292414488,0.10356504104184495,1,1
9ad7aec257e6,0.2113057441965395,0.4428632974019675,0.2657601571124291,0.08007080128906388,1,1
9b1d142bd9a9,0.15773129487694879,0.5201157894832944,0.22464435226441756,0.097508563375339,1,2
9b1e813ea349,0.2828112488668091,0.4660750387002696,0.1713689846158899,0.07974472781703129,2,4
9b350fdf9d64,0.4159787169930734,0.2697075325404181,0.2254963409930331,0.08881740947347525,0,4
9b3748a1c634,0.4852523928341866,0.2971480379116526,0.13251902635319296,0.08508054290096782,0,4
9b4bd818dd00,0.22406320729341825,0.5166044759504815,0.16147924900468683,0.09785306775141339,1,3
9b5b8816a625,0.09891222312783057,0.6822783624225897,0.1590110446520516,0.05979836979752832,2,3
9b645ac3442b,0.2053210082480716,0.5835030465400498,0.1401625394600461,0.07101340575183261,1,4
9b6ddea1d71e,0.2522687677982725,0.5270598442237542,0.15271486729998904,0.06795652067798365,1,4
9b7abbb52fe9,0.09470134350979041,0.6263707006543756,0.1906879113638701,0.08824004447196382,1,2
9b978a92670c,0.48107112648755074,0.2814784752771672,0.173924733700842,0.06352566453444035,0,4
9ba12eba8ede,0.11168606048747318,0.6044163566807152,0.21257129800708033,0.07132628482473104,1,0
9bc0baeae132,0.42527134056782456,0.3403293356915787,0.14733072000964006,0.08706860373095662,3,0
9bc1a2bcd4b7,0.4880112374834452,0.27337063531745487,0.12385467317809667,0.11476345402100338,1,0
9bee391e272c,0.3521137555738218,0.4109056964556877,0.14005602167004944,0.096924526300441,1,4
9bfc747353b9,0.11610027000395202,0.5888555862463524,0.23629059301455152,0.05875355073514373,1,1
9c03092ea533,0.1351550442511843,0.5470753958090214,0.19257719812628238,0.12519236181351212,2,3
9c1f5a410926,0.135567859381863,0.6498331786738025,0.16648968119851149,0.04810928074582334,2,0
9c7647d1c27a,0.5173613393570591,0.3071502006402621,0.11427154853879785,0.06121691146388065,0,3
9c9195463881,0.18224679512900657,0.6161345735057352,0.12684147787644812,0.07477715348881005,1,2
9c95946da400,0.28563296719119485,0.4696313133683773,0.17300101441602914,0.07173470502439887,2,3
9cb94320645e,0.5363479003497796,0.2514931550600103,0.15208926790522473,0.06006967668498558,1,3
9cceed954b94,0.4528461275846267,0.2896170379426704,0.15992300733753795,0.09761382713516535,1,4
9cdcb56eaaae,0.5323150116014252,0.23179519704672338,0.15594459979165348,0.07994519156019786,2,2
9cdd781b61ab,0.2394394584915597,0.49576673143719685,0.18899764116676399,0.07579616890447921,3,4
9cdeca924178,0.6072191748362672,0.20492718202447147,0.1443587836265364,0.043494859512724804,0,1
9cece086de6f,0.5661125634188525,0.2177586710463513,0.1565604069578066,0.059568358576989736,0,0
9cef4ea2d3e6,0.41399954199338335,0.33865347548399677,0.18512427427416833,0.06222270824845164,0,2
9cf41cd052f7,0.3746718079694335,0.39020400843308545,0.15038898609347567,0.08473519750400504,0,0
9d0157caf088,0.44577220743011986,0.3209089527486225,0.18022336481360357,0.05309547500765425,2,3
9d07514a1023,0.5102841954145543,0.2793392581576459,0.15663337677188496,0.05374316965591476,1,1
9d17eb56c1ab,0.07778982378840557,0.637158540489906,0.1901416397551396,0.09490999596654916,1,2
9d1c6d0be5b2,0.2926419587613769,0.35991859193292836,0.2272035766857038,0.12023587261999125,2,3
9d2251392b2d,0.3539305971883319,0.33444249559634137,0.16916025059470075,0.1424666566206261,1,3
9d2c1cb6203f,0.13041743554022434,0.546958016460017,0.2510608405298773,0.07156370746988182,1,0
9d41436ab64b,0.33551677525919144,0.3394669117482691,0.20568972163624563,0.11932659135629392,2,4
9d46d14396b9,0.4442694586112567,0.26437224675216525,0.1847845334624445,0.10657376117413345,2,4
9d514ce429a7,0.11859112385733679,0.6358692622065714,0.16365335246374066,0.08188626147235119,1,0
9d553ab91801,0.40738017456680564,0.36769237252430514,0.1693049475706294,0.055622505338259944,0,1
9d55b43150e5,0.338493276989026,0.3425712752888056,0.16622416953463723,0.15271127818753102,2,1
9d5a724952f4,0.48253923675226107,0.22854092859621183,0.19027273727366606,0.09864709737786095,0,0
9d5fb048b2e3,0.33155544718037727,0.3837696996423619,0.19990430826741876,0.08477054490984196,1,0
9d6647847383,0.13178419258057741,0.5457307272076246,0.2630709269223057,0.05941415328949216,1,1
9d66cc2c906f,0.2793392802386588,0.3774352833835089,0.2102351302805871,0.13299030609724485,0,2
9d85cfba99ae,0.06842976586392009,0.6425484250429772,0.21252153428166426,0.07650027481143859,1,4
9d8fb5abccc3,0.10280073061249716,0.6244425808672563,0.1915337459494658,0.08122294257078111,1,0
9da3efcced2e,0.32067284683934044,0.4511493865126601,0.17611304931082497,0.05206471733717486,1,0
9dc2ebecf986,0.42921131692134207,0.35232818089357765,0.13154457570521577,0.08691592647986462,2,4
9ddd0027433b,0.1343854821685185,0.6439637538265476,0.14837806202172446,0.0732727019832092,2,2
9deb368bf67e,0.38150307583057974,0.35541245922699005,0.18477854519891831,0.07830591974351167,0,3
9e1b05a7acb8,0.6181167811113489,0.17661861281600125,0.14536836179973175,0.059896244272918175,1,0
9e203aeed99f,0.3399418820662765,0.34882680246043957,0.21607901879973695,0.09515229667354702,1,4
9e2ce8e735ab,0.2541796614965031,0.4461406089166101,0.19212774113514836,0.1075519884517385,0,3
9e344b8a4fdf,0.11092731849817823,0.6529374392072793,0.16911807546990515,0.06701716682463725,3,2
9e3727c8eb64,0.10173024397082325,0.6554336831297354,0.15257827097924936,0.09025780192019185,1,1
9e49c8e24623,0.35031289562811774,0.2814654567075698,0.26887234520636005,0.09934930245795222,0,3
9e4d14c0491a,0.35527217017102425,0.36407046463236675,0.1809153501163756,0.09974201508023339,1,1
9e54c4048c29,0.4205011588746051,0.2529314415587947,0.22748293311315557,0.09908446645344468,0,3
9e5cb858ff8a,0.48523180506264607,0.2668944739008796,0.15919572376209845,0.08867799727437596,0,2
9e5cdeb53c06,0.5709294484405053,0.21544006141094604,0.14531327326083363,0.06831721688771507,0,0
9e61d18ded2f,0.2199293665942629,0.49369352846844816,0.17530084049580136,0.11107626444148744,1,1
9e649215f5a8,0.33755677441102444,0.4339508956340363,0.16698407949438124,0.06150825046055801,0,0
9e6e8142ca4f,0.2504272107927573,0.49354960671231585,0.12330895426167736,0.13271422823324971,2,1
9e70afac2591,0.5303938419339214,0.24320767394447454,0.1516621876570124,0.07473629646459173,2,4
9e99231860d5,0.12145849934974046,0.6054468021792041,0.20074811953327765,0.07234657893777786,1,4
9eabf871003c,0.17955692126367884,0.5764916641904331,0.19311546306743704,0.050835951478450866,2,1
9ef4fd7b2557,0.38224557063103337,0.37805794299317236,0.18189263480594256,0.057803851569851725,1,3
9f0ec4c9eba3,0.23644878275685877,0.5192152039199911,0.19640355206705395,0.04793246125609637,2,1
9f18402a0625,0.11029418841973057,0.6666620312774403,0.16921335279851835,0.05383042750431088,2,1
9f2c8b935d12,0.37515977344981816,0.33937654216524876,0.1933886927622207,0.09207499162271282,1,3
9f46e9ceed53,0.4060859013373044,0.3455293627566189,0.1766703971890773,0.07171433871699927,0,3
9f61fffd8a09,0.2293972221520497,0.4847472915745101,0.1965130796438664,0.08934240662957356,0,4
9f95066c5136,0.4196275350833876,0.3520416516222567,0.1863169964274969,0.04201381686685875,1,0
9f980fd8cfa2,0.12545484210813662,0.6583319207559086,0.15048916223321593,0.06572407490273885,1,1
9fa2ca50548e,0.2969352072119732,0.33615518955582463,0.23846506758919345,0.12844453564300884,1,3
9faedba4b8f9,0.11611136311908075,0.6215408765192242,0.18078630722314606,0.08156145313854876,1,2
9fd6d2ef1078,0.25158452899718814,0.4775458912928675,0.16973963988716947,0.10112993982277492,1,2
9fdc942fef5a,0.35177351864650885,0.3151065442396387,0.20996242780139887,0.12315750931245352,0,3
9fe9b5770dcb,0.3531013238612764,0.35261977693276386,0.18801485441835653,0.1062640447876032,2,2
9ff049a6b395,0.49201453677829926,0.3087454110512472,0.12967866224532196,0.06956138992513154,1,2
9ffca298e56d,0.33217560538012175,0.35983523567028397,0.18581050339887561,0.12217865555071895,2,2
a00e889aef1b,0.25878340099325514,0.4542814451766365,0.19148513804771486,0.09545001578239357,0,3
a00ea9526864,0.37902025792094834,0.34505454903798904,0.20511598147227783,0.0708092115687849,1,4
a010493089f1,0.0839986939854294,0.5976680840217488,0.2157985653411266,0.10253465665169514,3,3
a01635a34416,0.2124862597177082,0.5164373991563141,0.1714592985033508,0.0996170426226269,2,2
a0254bf8a96e,0.518909010869548,0.25739078318051584,0.15754246393166071,0.06615774201827583,0,2
a03475617868,0.1246281168271248,0.5610886469967133,0.24161496001622315,0.0726682761599388,1,1
a039c3e66fe8,0.1456543401521872,0.595279131184794,0.18000356835968023,0.07906296030333844,1,0
a03daefd7f50,0.09174513032064172,0.6578679863639988,0.18820836382576586,0.06217851948959361,1,0
a049406d1973,0.12035311939548168,0.6398234609421084,0.16486038369116107,0.07496303597124881,2,3
a059024800d5,0.2769861183026254,0.4355080286382301,0.1926813276698943,0.09482452538924997,0,2
a05e3567f7f8,0.5083782159646494,0.25924079314374526,0.14531736797925857,0.08706362291234665,1,3
a0627abab45a,0.17783542312073924,0.5114033762124733,0.2202270806114448,0.09053412005534267,1,0
a072ab44ba69,0.28339605710070065,0.4222761275551167,0.18956295358158062,0.10476486176260225,1,0
a0927e51897c,0.07573974593383213,0.6939143777307494,0.15958180181501008,0.07076407452040864,1,3
a0aeed6297e4,0.4328043291590691,0.2866914062875666,0.1882583269185423,0.09224593763482203,2,2
a0cb0b96fb3d,0.37004486594252256,0.32613490382681154,0.2056621725194935,0.09815805771117248,1,4
a0ee0882a1af,0.24956707041154513,0.5194892171778288,0.14896955025900385,0.08197416215162247,2,0
a0f781c851b5,0.3792816315191868,0.2913982976920936,0.19937240552362742,0.12994766526509222,0,1
a0fa0c688236,0.12300268790579948,0.6409745443362125,0.17464224583638274,0.061380521921605355,2,4
a0fa7251455a,0.49984508084376883,0.21719861459565315,0.2017635521960124,0.08119275236456588,1,0
a1052bbfc9b1,0.16558041522013434,0.56920046764221,0.1513587981643881,0.11386031897326779,2,3
a12376c1eb75,0.3228391578425595,0.3654590054503027,0.20536973872791492,0.10633209797922305,2,2
a12656e39aaa,0.4391735829638543,0.2903096053033876,0.1802272839053588,0.09028952782739916,1,3
a129df480e7f,0.06858031457940506,0.6450714010074373,0.18513096557746336,0.10121731883569425,0,2
a12f0ab3d7ed,0.11692303693720608,0.5893586366990994,0.19229159729067866,0.10142672907301607,1,0
a15ae5112312,0.3114134582821425,0.40462881335428175,0.19399759481466447,0.08996013354891153,2,1
a170d9c2a410,0.08984998337028657,0.6154358482162856,0.2144174409248127,0.08029672748861515,1,3
a173eb366e83,0.13223018101746684,0.6062296498105861,0.18913246164330397,0.07240770752864312,1,4
a17c8a3c6416,0.23296431703533327,0.47113809454767197,0.20555907953342037,0.09033850888357436,2,2
a17dffb1dcf9,0.35145273145507605,0.3784125159192388,0.16704751570593532,0.10308723691974983,3,0
a180e392df12,0.5228977237653961,0.21982264963445672,0.17860338204763104,0.07867624455251607,0,4
a1844a4ba6f2,0.3147982773126314,0.40976921554303597,0.17507136390551442,0.10036114323881841,1,1
a1864aaf556e,0.10695566139954324,0.6723496196542937,0.17062547445525308,0.05006924449091021,1,0
a19382e3cce5,0.23461670714885893,0.49101682913867195,0.2118711710582462,0.06249529265422279,1,0
a1a0ff86b50f,0.14200473156731774,0.591601601060771,0.21230743136137387,0.05408623601053715,1,1
a1adb406b342,0.13112572546834045,0.6343170611967515,0.1702925586110589,0.06426465472384882,1,2
a1ae5f6f0d47,0.08039344985777709,0.6289715532109291,0.20186153133767856,0.0887734655936153,1,4
a1cc057809db,0.5255969580848268,0.2353747487774687,0.16761628264927678,0.07141201048842774,1,2
a1d3defcc10e,0.5281229317100368,0.24595450702543167,0.1585376249342758,0.06738493633025565,3,2
a1d3ecf7c3d7,0.3172120535255172,0.3907509631590952,0.21089121679400755,0.08114576652137995,0,4
a1df5617626b,0.17272139360066027,0.5585510115274012,0.1925030869710142,0.07622450790092411,1,3
a1f9e53e9270,0.2646354775613698,0.45788997260155945,0.19403798124683228,0.08343656859023826,2,4
a1fca1702255,0.18975450332670457,0.5356618747643356,0.18650004290421687,0.08808357900474272,0,4
a2040274d57b,0.11146710608644993,0.6216203522969599,0.16431974311995837,0.10259279849663197,1,3
a20916a9f4fe,0.395837711055553,0.4001223376109195,0.12055819004205258,0.08348176129147496,2,2
a20c8c388d36,0.18705870768282024,0.5510368925008207,0.17251252217931878,0.08939187763704047,1,3
a20f42a2f5b0,0.052740898948928916,0.7095307842999264,0.15983540494866366,0.0778929118024812,1,2
a21b244030e1,0.6243626102033364,0.17281205661514576,0.14055131909401242,0.062274014087505165,0,3
a21d04e8fbe1,0.12637648080509503,0.6132524640523008,0.16179750913402283,0.09857354600858133,0,0
a241b8b55623,0.19321535527915412,0.5130759735943697,0.2181576333998453,0.07555103772663117,1,0
a25113d5cb14,0.6950908862387096,0.15129865055645395,0.11048885627407841,0.04312160693075806,0,3
a26315a4a01f,0.07219018411651282,0.6702011481150469,0.194956253579819,0.06265241418862112,2,4
a26c23e61853,0.40339545168133056,0.3585587583626555,0.1778065148891124,0.06023927506690171,2,1
a27ab5ca843e,0.3682190887771221,0.3558563518775603,0.1774772800200774,0.09844727932524006,3,3
a286861ce88f,0.29707619703305727,0.42449666704673994,0.2100912079639365,0.0683359279562662,0,1
a286afd80fbe,0.6497981029757505,0.18165116068786216,0.12178417725390038,0.04676655908248685,0,2
a292b1d0cce3,0.09678883226479133,0.6626727862134489,0.1717710105509354,0.06876737097082473,1,2
a29b6e721a2d,0.301787365439839,0.39735051824354695,0.2036406794407424,0.09722143687587143,0,2
a29dd9b40ef0,0.20908063616801015,0.5552197435095448,0.18407250228006614,0.05162711804237913,1,0
a2b155b28828,0.382031122836594,0.2527084666968255,0.22056131437393064,0.14469909609265003,1,0
a2c18811ac63,0.5949842603872535,0.20773633826572632,0.12480855850662557,0.07247084284039437,0,4
a2c441a9a2fa,0.44771565213709913,0.2838210432099152,0.17750837718418533,0.09095492746880027,0,1
a2ca59370337,0.14233262831913246,0.5558523565323347,0.2205849880200119,0.08123002712852068,2,4
a2dab8d548ca,0.12630083023191085,0.5446138187054337,0.23132482126743822,0.0977605297952173,3,0
a2e68abf134c,0.27215758057332673,0.4873942833290948,0.18074291985227808,0.059705216245300216,1,2
a2ea009b52fd,0.1781590465098145,0.5359412526409029,0.22521155542709975,0.06068814542218287,1,2
a2f3fa59d0cf,0.17919717889566342,0.5170851050492238,0.1904230392516427,0.11329467680347002,0,2
a2fd15d23a65,0.19851221814045739,0.540476201917477,0.20814387532557302,0.05286770461649265,0,1
a2fd48c105c1,0.13146905894153652,0.6141900639363419,0.18695244198938926,0.06738843513273231,2,3
a30df02de39d,0.6387306298735785,0.1828570446821719,0.11125237892186397,0.06715994652238581,0,2
a312d66f0f1c,0.14165280877814895,0.6221953440279738,0.15857410014160103,0.07757774705227631,1,2
a3262ea06be3,0.11631096051061866,0.6647684116370669,0.1647005059178296,0.054220121934484604,1,3
a335674d8416,0.26826251195394124,0.47814144464036307,0.19102776155375106,0.0625682818519447,0,1
a33697e797cc,0.22687319486033442,0.4675017277143013,0.20768871506509695,0.09793636236026723,2,2
a336bfc009da,0.1360435302049859,0.576036219246545,0.20785422610258236,0.08006602444588667,2,4
a3385095361e,0.0754048860222292,0.6811118030318232,0.18637797347482116,0.05710533747112624,1,1
a33d67387cbb,0.5656157408103598,0.20540889048651625,0.1542555231419734,0.07471984556115037,0,3
a34bfa3e0298,0.256122862988354,0.46558637318357193,0.1907660887136743,0.08752467511439967,1,4
a34fefe62a8c,0.42792215307476567,0.28148276138729533,0.20648297466536308,0.08411211087257595,1,4
a375e7272183,0.14411844656817474,0.47963562496344925,0.24548804831217885,0.1307578801561969,1,2
a3816b3911d8,0.6720877999915531,0.16645317821871553,0.11097358691860791,0.05048543487112341,0,2
a39c8877e5f3,0.4145857289082743,0.3395721696691176,0.18766126871095576,0.05818083271165262,3,0
a3a97e9826f2,0.14279607567338068,0.5566942392807365,0.22074640872287804,0.07976327632300496,1,0
a3b3e87e80c5,0.07978203524917339,0.5503517094098261,0.22687351215981855,0.14299274318118194,3,0
a3ca77fe7d3e,0.3617281142003169,0.3284635970856004,0.1665586845709428,0.1432496041431399,0,0
a3e0a4f98acf,0.10403097321504881,0.6305201795007799,0.1864701167382765,0.07897873054589506,1,0
a3f6bc388702,0.48367744538820795,0.2288542171477311,0.20397175639482945,0.08349658106923169,0,0
a3f959cfb652,0.16526229279476295,0.5163153466134199,0.2274967502357969,0.09092561035602033,0,3
a40024c82acc,0.3398456566259187,0.43384197921469425,0.16084640724826188,0.06546595691112517,0,4
a40158c68404,0.6571382510531003,0.17453191574087162,0.12571109832833793,0.04261873487769019,3,0
a417b008dd8c,0.18647718290566978,0.5484076063833806,0.1973783436767113,0.06773686703423837,1,0
a41ae95d5d0f,0.32392896762309614,0.4308032951230033,0.1730318577861445,0.07223587946775635,1,2
a421f856fe02,0.21068674522062922,0.4838344934865194,0.21582774580980074,0.08965101548305097,1,3
a42ae62f7181,0.17357117643711178,0.5221983144430367,0.22576118481450297,0.07846932430534871,1,4
a435175b518a,0.0778365001819272,0.6064216588759743,0.21159694510205404,0.10414489584004429,1,2
a4429932fae7,0.3474388458217879,0.40355396165111007,0.16995778806880127,0.07904940445830085,0,3
a44afa4fa73d,0.24117004789289928,0.48631724060367104,0.17389345970823045,0.09861925179519924,0,0
a45728df9fa0,0.16802296033992065,0.5955771687315359,0.1670432217058079,0.06935664922273585,1,1
a45b8266678e,0.2176148516654236,0.5373151917447283,0.1792063664684736,0.06586359012137447,2,2
a45fbd22e4b2,0.46388685448207034,0.27228047882525647,0.15257900326131707,0.11125366343135605,2,1
a47390d298a2,0.44275434522360374,0.3291833663034896,0.16638624478145728,0.06167604369144961,2,1
a47b48392e9d,0.16479992262462165,0.5214812231011907,0.21124300916878816,0.10247584510539967,1,0
a4856003f5c1,0.07827290023356721,0.6937785012973908,0.1516698579173585,0.07627874055168357,1,3
a4a423ac8d91,0.14127848980129318,0.5323353687740342,0.22349520852571142,0.10289093289896117,3,2
a4a51116a876,0.34893481774783797,0.38789569333518803,0.180075725585253,0.08309376333172114,0,4
a4b311d1dc4b,0.5258701981338387,0.24562571325841898,0.15267487056579487,0.07582921804194732,0,4
a4b902e30c61,0.17701631360214468,0.590365729324075,0.15458017101926816,0.07803778605451202,0,4
a4bf95ce9c17,0.08982277873578785,0.6427715745580369,0.1932090801062065,0.07419656659996877,1,4
a4c2231544cb,0.13946327379908863,0.5580389397202231,0.21631366099276758,0.08618412548792061,1,3
a4c81006c600,0.05871414681089968,0.7311133992693398,0.1525586832039277,0.05761377071583257,2,4
a4cb6223131e,0.11333150384967747,0.606494725579582,0.2118362754060365,0.06833749516470401,2,0
a4cc472d2a30,0.12731121603032525,0.6305768240171594,0.16959275833707138,0.07251920161544387,0,1
a4db0d4869c5,0.5550262897729057,0.20303410163387606,0.16019131120143731,0.08174829739178084,1,1
a4e94133d95a,0.06327266044395372,0.6852470678419681,0.17629123797054103,0.07518903374353737,1,0
a4fa1a3f4931,0.3579192172439632,0.3567519353717456,0.17673271107072122,0.1085961363135701,0,3
a50b43f24453,0.10982197828778091,0.6486396356593994,0.16371683813848137,0.07782154791433858,1,2
a516d0dd7c9e,0.3097973207489115,0.37056334192228124,0.24018619400413532,0.07945314332467183,1,3
a5203b903444,0.5018076611404297,0.2723405275692356,0.15030822521651016,0.07554358607382465,3,2
a52265dec2ad,0.2831053361872,0.42654760802927844,0.20493730452374667,0.08540975125977447,0,4
a52862899ae4,0.6010212599983089,0.19728328488487978,0.1306321500252121,0.07106330509159949,0,1
a5303f2a4c73,0.38779560555768566,0.3526135848719604,0.19545131352018702,0.06413949605016707,1,1
a5305e516c54,0.05043641726202353,0.7173025633541329,0.1478581007315327,0.08440291865231057,3,3
a5400b659f7f,0.06008731561761479,0.6674168008982104,0.20123799505455855,0.07125788842961572,1,1
a541ccade574,0.07883021355057758,0.6767226274509974,0.17170861417045327,0.07273854482797164,2,3
a54e0662895a,0.1439739505447675,0.6323144101671291,0.16666957250853945,0.05704206677956385,0,0
a5591a2fd5d8,0.16691056800143683,0.5561256964176741,0.19490070490838027,0.08206303067250839,1,1
a562e6aaeed3,0.1964087707699132,0.4820283190298386,0.22294817274484416,0.09861473745540421,1,4
a5656b78cc0e,0.17765354757623827,0.5509415628000084,0.146086882866003,0.12531800675775023,1,0
a56a373f11f7,0.6697936270573942,0.14829314791885603,0.13626467491774594,0.04564855010600369,0,0
a57441f93f98,0.23789586321411196,0.43949910078175525,0.21994325505206574,0.102661780952067,2,3
a5810f9d2099,0.2413125903150994,0.46468823078668764,0.21496823025989348,0.07903094863831947,0,3
a588a2d63baa,0.12762508576113432,0.6235875527414978,0.19481342715424607,0.05397393434312214,1,4
a5958238aa4f,0.2254165237011668,0.4617473030979623,0.21602713924164516,0.09680903395922577,0,2
a5af28176585,0.24179225936035345,0.49217560940792876,0.16651537597645877,0.09951675525525888,1,0
a5b9482cfa77,0.0961122482373763,0.6260153517048294,0.20714739632064108,0.07072500373715343,1,4
a5c349de688d,0.11773013372246227,0.6111848860868488,0.21766579709086414,0.05341918309982481,1,1
a5cbe7d78172,0.20730347257355017,0.4481656701513932,0.2332912326889951,0.11123962458606149,1,0
a5cd73b4850d,0.6712449920222499,0.19413416865289862,0.08463452972591427,0.049986309598937156,2,2
a5e58b48fde6,0.11457593767227503,0.6306516974079394,0.17824112717888488,0.0765312377409008,1,2
a6053c14099b,0.375924058503544,0.35845400872441396,0.18507079963481923,0.08055113313722297,1,2
a606d1cb54cf,0.23175519518852916,0.5026316391266773,0.20126441125600922,0.06434875442878409,1,4
a6393aff012f,0.34458455528196075,0.38088691336399577,0.18610029746838985,0.08842823388565356,2,2
a65bcb6bbd21,0.15177375164081483,0.6130395675149591,0.14775308357407277,0.08743359727015307,1,1
a67f882788f7,0.16816521230700854,0.533817092445244,0.23424440323172926,0.06377329201601824,2,0
a68885796918,0.07791032584337014,0.6673174545109752,0.21009113681813638,0.0446810828275183,3,0
a68ac3632126,0.2158086076789819,0.5567568849773221,0.14936622608907807,0.07806828125461794,2,0
a6c79f136694,0.48916333742365836,0.25566074679263157,0.1855542083119644,0.06962170747174552,0,4
a6e088644d5d,0.31992545994243093,0.41355942287004943,0.1655256852250321,0.10098943196248737,0,3
a6ee878fe655,0.1302592190253773,0.6082958902598719,0.18480249454670583,0.076642396168045,1,0
a7030c1f5a47,0.210276670224537,0.5062823625428781,0.18712170434182102,0.09631926289076381,1,2
a706d8ac9dbd,0.06899155226638058,0.6952775103776923,0.18175800337127743,0.053972933984649724,2,4
a70bc81f81c0,0.22669770361210023,0.4427943028956467,0.23994122473158788,0.09056676876066508,1,0
a70d50759dfb,0.19287881923338146,0.5740032844965706,0.15538337986438974,0.07773451640565822,1,1
a71df1f07bde,0.19467274510250496,0.4580294196658279,0.18399619356961275,0.1633016416620546,1,1
a7289f35fab3,0.4242272119630468,0.30569472956160487,0.17645332938308117,0.09362472909226721,0,2
a7335b2f9815,0.5440634426053654,0.23548836386844502,0.1509305163582448,0.06951767716794485,2,1
a73d9e158691,0.09998136611517346,0.5888217360744158,0.21339638811128725,0.0978005096991234,1,1
a74fe5607fb8,0.0732232115584322,0.6161707840394899,0.2471342612907171,0.06347174311136125,1,1
a76a593c467d,0.24833037675162614,0.48800927571024955,0.17523661723994488,0.08842373029817907,0,2
a791b775061f,0.472642581168311,0.26197251267370825,0.14899006098293316,0.11639484517504782,1,0
a7931ddb1010,0.2446930875398246,0.36309652508388723,0.2327026898332387,0.15950769754304966,3,1
a7b4d14caf36,0.4878578279663885,0.2686453804067036,0.18817265634062255,0.05532413528628537,1,0
a7c0ee2766f9,0.5177416681680752,0.26969292662184685,0.12788961986703018,0.08467578534304757,1,3
a7c66f4267fd,0.09131460531894425,0.6819636743502676,0.15519289589271326,0.07152882443807489,1,2
a7d2a7380ba6,0.25794154540529696,0.45663772950312825,0.2231685989254092,0.06225212616616571,1,4
a7e94066fbf8,0.19251206491634568,0.46459204525881453,0.22231405590719364,0.12058183391764637,2,1
a7f1ea850ad8,0.31684396978698326,0.4115414572836223,0.19951765558547424,0.07209691734392004,1,4
a803abc3bd58,0.3045146922881913,0.4559086081350538,0.18809787099946662,0.05147882857728834,0,0
a80f1386b01b,0.29929694022536285,0.46418488208746117,0.17254338494145158,0.06397479274572457,0,2
a81e1c6fc22e,0.22362358281111896,0.5252967127836283,0.1780578062707367,0.07302189813451608,0,3
a820390aef69,0.45849233953712526,0.29334316368252056,0.15984202096929975,0.08832247581105439,0,1
a8351982c575,0.5383525921962087,0.2523555811258982,0.14155185086531644,0.06773997581257685,0,3
a842d9e96828,0.12718472997722016,0.5036091782275207,0.24579225202675206,0.12341383976850734,2,3
a84d1f0c2ea2,0.28484735375031106,0.46620289614409205,0.17748104019843933,0.07146870990715776,0,1
a85adc24df0a,0.34912197626407643,0.30579663250923034,0.23080550993420149,0.1142758812924917,0,2
a862fd88bd49,0.5783085726785077,0.21282070633597716,0.13947659252745997,0.0693941284580552,2,2
a86697ca60f2,0.2151536385303807,0.5026561562333468,0.21917744375366985,0.0630127614826026,1,4
a87414206bcf,0.1732460309926374,0.5910248365078974,0.17864523343001862,0.057083899069446505,0,1
a874435f5b2d,0.06765777048472044,0.6896850564299009,0.17417748582336012,0.06847968726201872,1,2
a87879343eb4,0.22252964650351972,0.5398725006844232,0.16574536581867913,0.07185248699337822,1,0
a880ba760a7f,0.1377420927775865,0.6061077393619071,0.17523172600689052,0.08091844185361603,1,2
a88363cb1f70,0.1996083498834781,0.5252644725592546,0.18081319725676218,0.09431398030050474,0,4
a891e4625f8f,0.15557657268956923,0.5436642994230727,0.209696949705492,0.09106217818186599,0,4
a89c1f3470e1,0.37162300474691706,0.3318830934018078,0.22569663882753307,0.070797263023742,2,0
a89d9679bdf0,0.13670735622116775,0.6311246961869694,0.162464474157156,0.06970347343470683,1,1
a89df9ce879b,0.08952548727466832,0.6530942201626748,0.19905702248444399,0.0583232700782127,1,1
a8a91d572566,0.4021304130208902,0.3258476982419425,0.1868638920051494,0.08515799673201788,1,2
a8aa15852dfa,0.3852679998728838,0.37175234148978376,0.1771059954084236,0.06587366322890888,1,2
a8ad69453683,0.10789300105317631,0.6747187074018289,0.16297135630408385,0.05441693524091041,1,3
a8b36d06c030,0.09993315719208555,0.6713310478228857,0.16435691873506664,0.0643788762499622,1,3
a8c60c0ef43e,0.34289342842675036,0.3893143741307382,0.17858529534254372,0.0892069020999679,2,2
a8f1280e52ba,0.502753806434979,0.2593269137510814,0.16340781546386512,0.07451146435007446,0,3
a8f1c2912768,0.06609655477132546,0.708531622283299,0.1632987760046965,0.062073046940679104,2,3
a907108f72e7,0.3811819044210732,0.36573310125700376,0.1836904444687722,0.06939454985315081,0,1
a90de7edd9b7,0.33705707227959497,0.38537693577084026,0.20343758564661044,0.07412840630295434,2,2
a91f96dac3cd,0.15765659226672915,0.6218429842748381,0.15826765088280684,0.06223277257562569,1,2
a93183bb781c,0.36124938252307603,0.302404881011528,0.2285713486274608,0.107774387837935,0,0
a937614104e3,0.517544151718678,0.22596553268516673,0.15626796895293307,0.1002223466432223,0,4
a93eef7b3676,0.6326197034532621,0.1777434953475386,0.10628174632281555,0.08335505487638377,0,1
a9414722ad35,0.5702304625368739,0.20377838605827028,0.1667148461711239,0.05927630523373169,2,0
a94358cbd9f3,0.2983398183586261,0.2926649958611587,0.2795874201673343,0.12940776561288078,2,2
a94e15ea47c9,0.25538028325122386,0.4418413114599409,0.22533427294304517,0.07744413234578998,0,3
a95bcd8ba9ad,0.5611774482829286,0.22810983085116907,0.1342871912866242,0.07642552957927835,0,3
a96e94314925,0.25166454061526017,0.42252818781599477,0.21500304453454383,0.11080422703420117,1,1
a96f2b221dd0,0.2602645643190362,0.46954704107397677,0.19535124482815486,0.07483714977883194,0,1
a9734406aa90,0.5284708314230391,0.22508213189583687,0.15512127371596435,0.09132576296516004,0,2
a97f1cd45b2b,0.18566710472800538,0.48261114050254833,0.205911800535483,0.12580995423396343,0,0
a98995d04eb3,0.3843812294822016,0.3990709677616214,0.15633693318951128,0.06021086956666586,2,2
a98a217fe57c,0.4401965113528523,0.3046894667516634,0.18464104002179993,0.07047298187368443,3,2
a99534146bde,0.6336614889992945,0.1839647889892546,0.11452014683269461,0.06785357517875648,0,3
a9a8f500fea0,0.14821079959243505,0.5767819434406619,0.16705667186671505,0.10795058510018814,2,1
a9ba9da7582a,0.06503944355428494,0.6447325301177992,0.21513077895775504,0.07509724737016096,1,3
a9d37ebfe0e8,0.1230294160378155,0.6234564104964931,0.1716171402830225,0.08189703318266857,1,3
a9df86ee71d5,0.21205989728023686,0.5117220185859278,0.2157766656779973,0.060441418455838426,1,1
a9ef2636d4ac,0.4072237451420368,0.35641609821982306,0.1599283367705814,0.07643181986755872,0,1
a9fcf78c3469,0.23851619783510838,0.4792333566533398,0.19197835370337507,0.09027209180817644,1,3
aa01253a3226,0.14963663272878677,0.6175839546117572,0.16657006067454644,0.0662093519849099,1,0
aa0420c82f8e,0.11306935133343782,0.6127055738497801,0.2099734942516768,0.06425158056510577,1,2
aa20aaac8504,0.3199536849403365,0.39836863648906223,0.20027746372013253,0.08140021485046874,3,2
aa6bbda8865b,0.10414553367251418,0.6381331925682038,0.18695436344911479,0.07076691031016726,1,4
aa6f4d3e11d9,0.293743461918005,0.38473813523213,0.24154682298734745,0.07997157986251763,1,0
aa6f86d26781,0.14783545467661666,0.582265720865623,0.19849026908768347,0.07140855537007647,2,2
aa749b4d6cdd,0.07790916117062469,0.686483347744716,0.15222964929646746,0.08337784178819176,1,0
aa7cea654180,0.24052188234366537,0.5272664012231629,0.17607345474050445,0.05613826169266713,0,0
aa7dce7556b0,0.08640427685119202,0.6489963912517903,0.17858569955262119,0.0860136323443963,2,1
aab3267c0c17,0.4705332154360467,0.3042777429645012,0.16549574515113236,0.059693296448319465,2,2
aab84245d034,0.6395076620309127,0.2097069901685331,0.12131569533304536,0.029469652467508732,0,0
aabe07602051,0.10473807215174848,0.6031270120597305,0.21315360643940312,0.07898130934911754,1,0
aac325aaa28c,0.5764765228619728,0.2235506681041128,0.13162603461865285,0.06834677441526173,0,2
aacd7ff3bbae,0.11327397836610852,0.6845093153735716,0.1535221767619124,0.04869452949840749,1,4
aaf19284ce23,0.0757484820507979,0.6791335102712235,0.15847538122996224,0.0866426264480164,1,3
aaf4645886fc,0.19885908899560514,0.5182388158422992,0.18214249037503352,0.10075960478706217,1,3
ab22e9457bfe,0.5166696636933292,0.24896219084537893,0.1417964223209259,0.09257172314036585,0,3
ab2560a15171,0.15730772349346261,0.6186218313062039,0.15680847622656074,0.06726196897377247,1,1
ab2b4ff9c9e8,0.3570011908356117,0.3069545970947288,0.18647753902335637,0.14956667304630328,3,0
ab325bee36de,0.14781602208323782,0.5771072639944546,0.20678103775878168,0.06829567616352597,3,1
ab3a9cde6e06,0.19000423580251305,0.49340304838536125,0.23369229692847457,0.08290041888365128,2,2
ab6ef957fd8c,0.24134491275411482,0.4876562841001035,0.17272183934482838,0.09827696380095331,1,4
ab8205541661,0.07567671851915087,0.5563416095422846,0.2748958663174967,0.09308580562106786,1,4
abb899fcafc6,0.31987304938480937,0.3689779809987732,0.21573367743252028,0.09541529218389685,1,2
abcffc36ff79,0.34351682993691113,0.42481857686139884,0.16103139739086256,0.07063319581082751,1,1
abd0c3d9c5f6,0.16161076251171305,0.5518574001944567,0.22189124188357978,0.06464059541025091,1,3
abdaeba121f8,0.12081174622917956,0.6718128459647499,0.14664410311352066,0.06073130469255011,1,2
abdb858bbb81,0.2763823595463394,0.5141291257002011,0.1449351581108959,0.06455335664256372,2,4
abe76d6fc929,0.08211880240093096,0.6920211383848531,0.15199420443854342,0.07386585477567227,1,2
abf7cffb3176,0.5156303488523045,0.23767976173989655,0.15751379982069996,0.0891760895870993,3,3
abfcd1e7c6d0,0.2828617668631766,0.4327094198770364,0.1939447148996749,0.09048409836011198,1,2
ac150a3b291d,0.40664898588005116,0.34839288249705824,0.17925704314826651,0.06570108847462391,1,3
ac3004ea0405,0.09286058065995283,0.6643513628300929,0.17423033808492178,0.06855771842503264,1,3
ac46cbde0e0e,0.35408386966769795,0.3296454768873181,0.21370601166851838,0.10256464177646547,2,4
ac55dc119f5a,0.1325304326265639,0.6297838309105854,0.16275957489707588,0.07492616156577504,1,4
ac91c4c4a63e,0.6430938637434991,0.17476512117227797,0.1254260858981036,0.05671492918611941,0,4
ac9fa71e33c8,0.35659066976432957,0.3180900892941715,0.22670544885398014,0.09861379208751857,2,4
aca4d52c2f82,0.32789713811221044,0.4779012164564504,0.14007039063503438,0.05413125479630481,0,4
acacf54e2e13,0.16889503031892739,0.5926823845497007,0.14270815759718747,0.09571442753418466,1,1
acc1d221470b,0.23178178947413136,0.5215661797105237,0.1544753174226937,0.09217671339265175,1,3
accb3f0a6276,0.07638623161077004,0.6493566028335338,0.18814943948512775,0.08610772607056838,2,3
acd13733a711,0.1788859071930006,0.5407155909366181,0.20027411752856306,0.08012438434181804,1,4
acdc669b1e06,0.4785586405072989,0.2517827124150683,0.19305734467296531,0.07660130240466723,0,1
aceb84a579e9,0.1288614080104371,0.5955783656223818,0.1902594353263408,0.08530079104084039,2,1
acec33076f73,0.24080505282791337,0.48773641976014004,0.21337268504175655,0.058085842370190245,1,4
acec4f0cbd17,0.18146100842796054,0.49904086066598985,0.23334609437028261,0.0861520365357669,1,1
acf13f7ab5d7,0.5260691936955406,0.21377596434983379,0.1597689271893925,0.10038591476523286,0,0
acf8c450efb2,0.11134302940779774,0.6361599513485677,0.2031332997581997,0.04936371948543494,1,1
ad057569e00c,0.4171528512179372,0.3506446086623851,0.16869187601887137,0.06351066410080634,1,3
ad23cbda5b1c,0.249646446642712,0.4835533305593052,0.21176376660675597,0.055036456191226706,1,0
ad2e47a1a1f4,0.3006511377253463,0.4449202365807196,0.1894749901212073,0.06495363557272694,2,1
ad3ec5a0e7c9,0.06237757874339524,0.6128954926573598,0.2268513640288761,0.09787556457036885,0,4
ad40119bb875,0.13354033520286498,0.6020596752838531,0.20403129720277263,0.06036869231050933,1,4
ad4e4f09c5f2,0.13606140367416908,0.572043982770975,0.20402011731606826,0.08787449623878765,2,4
ad5c640225b4,0.46123675879318204,0.30065890596097467,0.16162080792522465,0.07648352732061874,1,2
ad5ff8dc5e00,0.14618718440318093,0.4880750350040994,0.2873794551061807,0.07835832548653913,3,3
ad6bc3c59891,0.48173714512796273,0.28156280110261495,0.17776487496610874,0.058935178803313594,0,3
ad6fb71d384a,0.11775263780388474,0.636481178400832,0.1652442412056027,0.08052194258968073,0,2
ad97fa89b0b5,0.09744035748592171,0.6628429348314345,0.1628882568477563,0.07682845083488783,2,2
ad98b8875f75,0.3708030774757437,0.31942992799895503,0.2042061698366613,0.10556082468863981,3,2
ada4737c1d3f,0.1565484150302106,0.495060263620395,0.22137063135625645,0.12702068999313795,1,0
adbc10bde10e,0.4855681498398759,0.2379097513951108,0.17308576502483614,0.10343633374017697,3,3
adc53823a49f,0.2024941523871831,0.5674338790969856,0.1637660955170612,0.06630587299877035,1,2
ade84200b83a,0.3072116708167618,0.46167020374300166,0.19025449984653517,0.040863625593701366,2,0
adee0c7ec155,0.24980913828967385,0.5106609346686829,0.14754390446464663,0.09198602257699645,1,2
ae12c55d7e47,0.336848252247746,0.3942130576391678,0.20823588899102255,0.060702801122063485,0,0
ae3a97ad1c07,0.18967230968165918,0.4584753123964908,0.2254347042531326,0.12641767366871776,0,3
ae3c8cba22ec,0.12241459357149635,0.6173539172810885,0.17918028511023917,0.08105120403717647,0,4
ae439b24ddc3,0.11737162302303325,0.6547963074950846,0.15689196342784423,0.07094010605403804,1,0
ae5b75e08fe8,0.2766191985627524,0.4648086896958134,0.19018715393451033,0.06838495780692401,1,0
ae601aa924ea,0.6056750972678434,0.24135845153402427,0.10678799967354655,0.046178451524585586,0,2
ae6fdbc90bf6,0.5026091516789851,0.25426756336946316,0.13627019017280168,0.10685309477875023,0,3
ae70fa66b983,0.16312368580112316,0.6507340071927052,0.13741401836850242,0.048728288637669134,2,2
ae7519c9d04c,0.21227173977721742,0.5355745785841658,0.1961103437095838,0.05604333792903312,1,1
ae9ae4deef75,0.09954433625520256,0.6788134068957001,0.15374365709668295,0.06789859975241458,2,0
aeb8b1d755ab,0.49475506818016973,0.264603528214139,0.1608152406162158,0.0798261629894754,2,3
aec0c258907d,0.41397585216935556,0.3678758128899982,0.14048028901624182,0.07766804592440425,3,4
aed115d939ff,0.36227463030930496,0.3395750929242891,0.20002337757889932,0.0981268991875068,2,4
aed885bf91c3,0.2814546146391085,0.43426702513544946,0.19046526732143654,0.0938130929040056,1,4
aee6f16805c5,0.47163464849817216,0.2823828984423505,0.15689178603706128,0.08909066702241607,3,4
aef234262d84,0.23440289720142446,0.47783602334715736,0.1810185916707435,0.10674248778067467,1,0
aef7218aa071,0.03493434434220723,0.7309309500365072,0.1563934970269533,0.07774120859433237,1,4
af0e1211b9c6,0.43901473021770515,0.2800159946378552,0.1423386080371085,0.13863066710733132,0,0
af0f0c129645,0.5259002110901456,0.2717186972272809,0.13382168333267966,0.06855940834989378,0,4
af481c1cf248,0.37210412823206235,0.4214726587058489,0.15311450285696904,0.053308710205119694,3,4
af571ffc5313,0.17421544501211225,0.5521788315426868,0.18521115032119645,0.08839457312400449,0,4
af7f93704ff3,0.3783342253142244,0.35534437825054166,0.1952778415641091,0.07104355487112507,0,2
af93e125375c,0.5974714442584352,0.17895107912407662,0.1554796125765291,0.06809786404095908,1,1
af986679340b,0.06889955525207318,0.6330690448533758,0.2092561813063487,0.08877521858820243,1,4
afbb7840bab0,0.2135323151166511,0.5468527367062035,0.18871281497943826,0.05090213319770709,1,4
afc2b295485b,0.30253562083868435,0.41188493923239294,0.21932195426634693,0.06625748566257585,3,1
afc40988867b,0.2752002285558588,0.4347260236125047,0.1945411803181661,0.0955325675134705,3,3
afd34e28aba2,0.23694901491561465,0.4918208452522014,0.20842331546310267,0.06280682436908114,0,1
afdda33a1265,0.2567388917757881,0.3994634942994455,0.1929509858084606,0.15084662811630575,2,1
afe34bf97c4a,0.17792323082873202,0.5417736785359749,0.20089848299176616,0.07940460764352669,1,4
b00d45ea85f4,0.17775339837952173,0.5549149317225905,0.1891900588017335,0.07814161109615415,1,2
b031bc52f736,0.4199037857002356,0.26656171363875075,0.1939969826255283,0.11953751803548544,0,1
b032c22da2f7,0.4202804821730239,0.3310301221114818,0.18107039760518434,0.06761899811031002,0,2
b04cbb8b7815,0.39154134864534795,0.2940235050634699,0.21507695500974897,0.09935819128143313,0,0
b06c31c60c7e,0.21831435984465916,0.5339178463590938,0.18763450623598618,0.06013328756026078,0,1
b07b1a96e24c,0.24384638915761617,0.42814033920024847,0.23632892480136425,0.09168434684077106,1,3
b08ae0efd88e,0.09653597731815765,0.6808519946973185,0.1654627827635138,0.05714924522101011,1,3
b08f573ccdf4,0.10921979408111838,0.6196853910756954,0.19111101789039983,0.07998379695278643,3,3
b09b0258b2ae,0.15988775721382356,0.5610100756167937,0.2274699884327953,0.05163217873658715,1,0
b0b4d4ae4e0a,0.1574966095187569,0.6107740460704654,0.1637114002818692,0.06801794412890867,1,2
b0be172528e7,0.20871344445168744,0.5133362238445606,0.1866334222257367,0.09131690947801502,1,3
b0c72167073c,0.5555724212535955,0.22676920471881562,0.12605733983006784,0.09160103419752116,0,3
b0c942f7403e,0.24118833762854036,0.47889631321287157,0.19550292496242436,0.08441242419616372,0,4
b0d86dd860de,0.09626417681523247,0.6557395960143018,0.1679328024841149,0.08006342468635096,1,4
b0e043232ff9,0.08947890543631781,0.5667938742695862,0.23256858998034458,0.1111586303137511,1,4
b0e4f3d07735,0.1871694682311563,0.5755390966855248,0.18574909834667436,0.051542336736644656,0,0
b0e8205dc1ca,0.1268645613070137,0.6394494755921337,0.18023357608891144,0.05345238701194111,1,0
b0ed9f24e855,0.1697591278411193,0.4716194967888435,0.24075158195551952,0.11786979341451781,0,4
b117715cbf64,0.2690877381551672,0.49346888724674914,0.18950160433964772,0.04794177025843592,1,4
b119ef635297,0.16139255031084068,0.5900223253427156,0.17854722917448493,0.07003789517195903,2,2
b121e6f58d1e,0.3920685836476488,0.3348261750388224,0.19113296971928637,0.08197227159424267,1,2
b12798f33ac5,0.2820967188339632,0.4065245924111338,0.16769238146082313,0.14368630729408008,1,0
b127e8b39bcc,0.07661060085378053,0.567104288174621,0.24236625883144086,0.11391885214015805,0,4
b134a98f78d7,0.5533074007392805,0.1819787958816154,0.1720961885259362,0.09261761485316798,2,4
b13d71d1edde,0.27139182332957273,0.4551865767915232,0.1467441680090633,0.12667743186984054,2,1
b13f18dfaa08,0.2228715487105031,0.4642046157278466,0.20094740551803,0.11197643004362028,1,3
b14d98b9ac8a,0.10832981333200242,0.6394417109605576,0.17423655156410958,0.07799192414333049,1,4
b1678815a5be,0.3929600923748181,0.34514149979169595,0.17548753979787432,0.08641086803561182,2,1
b167fbe5e1a6,0.29592974317726706,0.3910490785927776,0.17839939511037084,0.13462178311958442,2,4
b172a04e7bd1,0.1805235826559279,0.5874635488137342,0.15660254925409983,0.07541031927623779,0,2
b185438c915c,0.44758269879724927,0.31520490582937943,0.1577425404404351,0.0794698549329362,0,2
b19d188bd240,0.12526302703469594,0.6223724664170198,0.17467248740328895,0.07769201914499516,2,2
b1a4fd2a22fd,0.41713676492089274,0.29443378917819574,0.24708085200770372,0.041348593893207955,2,0
b1a9bd35559d,0.6170047907844489,0.19990968597830386,0.13739181091791855,0.045693712319328554,0,1
b1afd60f2d1d,0.12978533139600748,0.5877594778185736,0.2218278309035748,0.060627359881843944,3,4
b1c31c1e103a,0.4585199138673569,0.329482663477656,0.1370185208840201,0.07497890177096714,1,1
b1ca7dd14da1,0.18632694493138233,0.5447541735996474,0.20625572005005946,0.06266316141891069,1,4
b1dd1ed88f54,0.3670169550035076,0.3579431684728954,0.1588866926689638,0.11615318385463318,2,1
b1dd8130cbf3,0.23389910893021987,0.5989263903549114,0.11397984106779102,0.05319465964707728,2,2
b1e74e9f7555,0.14142491183663108,0.6451736842900443,0.15096831486982631,0.0624330890034983,1,3
b1edc75f25bd,0.30681125077832994,0.4655839305643269,0.1531390763274675,0.07446574232987545,2,2
b1f21c64a26c,0.08510431460712842,0.6115297965677762,0.22801376413493965,0.07535212469015538,1,4
b20646e12fbe,0.2337528707243199,0.48021251814956833,0.20810942615441427,0.07792518497169748,2,2
b206fa11bca7,0.15551407660351,0.524333589108818,0.21889287240703056,0.10125946188064183,0,2
b227864cd72e,0.3043794046501542,0.33879164347443574,0.20235972928589727,0.15446922258951248,0,1
b23a892a29d8,0.41046151846457424,0.2917946155600574,0.17439183481024795,0.12335203116512015,0,3
b242d9b6f327,0.13724985463571543,0.6043279595447494,0.2036154039092088,0.054806781910326355,2,3
b2626fe919b8,0.1707114218543431,0.5979564530053078,0.16794981621020894,0.06338230893014017,3,0
b266d836e091,0.21164475841137712,0.5928561276225198,0.1381517837888169,0.057347330177286444,1,2
b27172e0b2f1,0.06515638614876822,0.6711889270182662,0.1898253874727192,0.07382929936024621,2,1
b27e356820f7,0.18713680981870423,0.5582730426529326,0.20562920281358238,0.048960944714780824,1,0
b27fe12f2fc0,0.43968474109988664,0.2568766483770059,0.2164714411777269,0.08696716934538082,0,1
b28ad4ebc3f5,0.07483089707441021,0.7030807247196758,0.15807763330147045,0.06401074490444321,1,0
b28ce384008f,0.14601846540172742,0.5317738417662825,0.25313746184675795,0.06907023098523227,1,0
b291fa8c6b02,0.20990121846420792,0.5465432218735753,0.17140365599987326,0.07215190366234363,2,3
b29bffb0d4a3,0.25664586521309013,0.5008712067608483,0.17797073012691755,0.06451219789914371,3,0
b2ad788bfc3b,0.13745676902912832,0.6158282826970293,0.16606288603316885,0.08065206224067334,1,4
b2b9fffd2865,0.5382392434650164,0.23873369577377804,0.11045463849226483,0.11257242226894078,1,3
b2bac61abbe2,0.2685037494051098,0.47323985864720264,0.18761353925824883,0.07064285268943896,0,1
b2e1d9261b55,0.2788595421941717,0.42122227453643973,0.1909671935509861,0.10895098971840236,0,1
b2ea554a013a,0.08037693411727877,0.5872494563276908,0.236944846550092,0.09542876300493858,1,4
b3034a39ab25,0.2590784632918338,0.46340634950659215,0.17629785644385515,0.10121733075771897,1,2
b30c87707a75,0.09452784157330223,0.6862568886207703,0.16135950618700662,0.05785576361892084,1,1
b32c3695dd40,0.12913303195668732,0.6360850620962362,0.1664341553544358,0.06834775059264077,3,2
b35b5e223ed1,0.20343162596232608,0.5670024443273441,0.1607395122406412,0.0688264174696884,1,1
b36a47fb5f1f,0.16784684012786116,0.5229616183420853,0.23277462630149684,0.0764169152285568,0,2
b3715ae5290f,0.42738252547606953,0.29784129399251413,0.20123820934493933,0.07353797118647731,0,1
b389d4881747,0.12110505211699323,0.6566045325447898,0.15403135315668295,0.06825906218153392,1,1
b394cd076dc9,0.1761142513497414,0.5435395266784465,0.2153799631803222,0.06496625879148975,1,1
b39b524d798f,0.5350351391288382,0.25886005821569524,0.11939057622203605,0.08671422643343021,0,3
b3c5eea8f3b6,0.07300745889192739,0.6833103800704151,0.16881095054487408,0.0748712104927834,1,3
b3cf474bee3b,0.38568694284087973,0.414878502262209,0.15232093884645903,0.047113616050452195,0,1
b3d2c3f6ba5c,0.3502323733188168,0.35340846355187333,0.17093892770320032,0.1254202354261096,1,3
b3e4687e4793,0.23029327069300573,0.4358162157618618,0.22301032752924863,0.11088018601588372,3,2
b40c57c36cbf,0.4968950006544837,0.2927555496286771,0.1291705432986868,0.08117890641815258,1,3
b40f174f19a6,0.14040487527558013,0.5978169498926517,0.1673965834651245,0.0943815913666432,2,0
b41f3ff4504e,0.20461960807710078,0.5221040980924285,0.2117459275387975,0.06153036629167327,0,3
b437cb4c577e,0.2592274106821478,0.45901543733977845,0.21466303652806298,0.06709411545001082,0,2
b446d79ee8f1,0.15346061027603677,0.557303362760505,0.19223621258906953,0.09699981437438854,1,2
b447179f34cf,0.5747560946793351,0.24650043454977077,0.13100091093970356,0.04774255983119044,2,2
b449b8c43f5c,0.3276868797136214,0.45919827853399436,0.15234962544043984,0.06076521631194414,1,1
b45b05909f01,0.10101267497872053,0.6536726443799449,0.16149093784859972,0.08382374279273515,1,1
b47a01dbca0f,0.2619554898309172,0.47975547053516215,0.2100662136412871,0.048222825992633646,3,0
b49952dcdb83,0.4366676688916649,0.3804650558588548,0.12253293364606399,0.06033434160341639,3,2
b4dc310fc95f,0.2230583685526792,0.4707901816448554,0.20714330990234217,0.09900813990012322,0,1
b4dcf0375a27,0.4332471013450631,0.3008098450074518,0.1684227113982253,0.09752034224925996,0,4
b4f16c10bd10,0.11188730844191999,0.6446411958509591,0.16994131027315917,0.07353018543396199,1,2
b4ffce3b60b9,0.22993347239633252,0.5081136329143384,0.1840905773037803,0.07786231738554834,2,4
b50ffb872dd3,0.1255491756016232,0.5782654653450635,0.18230681060742776,0.11387854844588532,1,1
b522753ecc9a,0.2780552413622799,0.46794790321941077,0.16938891696717215,0.08460793845113698,3,2
b524c80e729a,0.24798759221463118,0.3865689023214976,0.23928842281942217,0.1261550826444494,0,2
b54b96343f1d,0.4226444483381133,0.2666471110103902,0.20657531097506923,0.10413312967642717,1,1
b54bbad84888,0.49510345723048554,0.2897278643898703,0.165807825930259,0.04936085244938538,3,0
b5582e7bcb41,0.4990462269241552,0.29965045023283454,0.1458564343271521,0.05544688851585833,0,1
b562944eb64a,0.08855201590186218,0.6702664065482611,0.1739073835443492,0.06727419400552778,1,2
b568a6326154,0.4022510905742719,0.3595669161492919,0.15670489254733527,0.08147710072910094,1,1
b569148041f7,0.44832151555817595,0.33905524593195197,0.11908422510889313,0.09353901340097888,0,0
b57abcba61a3,0.2117174573700136,0.46929582575077855,0.22975502228685823,0.0892316945923497,2,4
b58d8a8771c4,0.19115561463901623,0.5474515143539723,0.1536925263454334,0.10770034466157839,1,4
b5962d47cea2,0.450164022978585,0.35774758094721637,0.14469867489379973,0.0473897211803989,1,4
b59f90739827,0.3657409933865748,0.38735924973067015,0.14734506654297735,0.09955469033977789,2,0
b5a166179242,0.11175286719211575,0.6248711722275966,0.19259452445932015,0.07078143612096742,2,2
b5a1a36a6a17,0.20158192521885732,0.5727619538178206,0.15815517244064037,0.06750094852268151,2,2
b5bc8aa87423,0.22684834836750073,0.504300297115912,0.20123273033881384,0.06761862417777384,1,2
b5c9316de211,0.19178190523844987,0.5954614113427273,0.13000516419682662,0.08275151922199639,1,4
b5ced8a554bc,0.10912719291986216,0.679202162709698,0.1646121048809128,0.047058539489526825,1,0
b5e67f04dd09,0.47584507978828267,0.33831510374475415,0.13792567703246125,0.047914139434502005,0,1
b5e8188b8e79,0.3970643099031106,0.39058998587312505,0.15268078517423483,0.05966491904952957,0,2
b611e772ca7e,0.14769565281808755,0.539961088086868,0.22068099882392725,0.09166226027111744,1,3
b616aba4c37f,0.1061796633180558,0.5898431815894949,0.20667028615966443,0.09730686893278458,1,0
b61bfb1fdb36,0.1857357513865554,0.5079267100924264,0.20410460257433696,0.10223293594668126,1,3
b6219d540374,0.2687466406166977,0.43500447140123727,0.16113289772071607,0.1351159902613491,3,1
b6278022ae0b,0.5797546231071277,0.20539638552634415,0.15691352322333302,0.05793546814319521,0,1
b63076e4c6e9,0.11442407795115314,0.5823507987868517,0.1981294117585512,0.10509571150344367,1,0
b64ca770e9de,0.4408366998170576,0.31576900059059243,0.19609168396834806,0.047302615624002245,0,0
b65443c55896,0.42746423354214585,0.30545249075830466,0.17379543224402363,0.09328784345552604,0,4
b65b351871ed,0.10674956791057824,0.6580774503923121,0.17090174967556584,0.06427123202154397,1,3
b665f2996ab9,0.14314834428071946,0.6275230822527575,0.1478293135523778,0.08149925991414501,3,1
b66a03d385b2,0.3781284878327091,0.3663465959779471,0.15036946679509364,0.10515544939425014,3,1
b66ff916214c,0.3809143038113829,0.36974862204877296,0.1882646110264194,0.06107246311342489,1,0
b677082ee199,0.13133248193418548,0.556511209031452,0.2139736074960914,0.09818270153827101,1,4
b69c11090417,0.2790603815592135,0.4792105539606206,0.17430643749148483,0.06742262698868103,2,3
b6a175212044,0.08553212468150614,0.7133020049299094,0.13187919615254523,0.06928667423603938,2,3
b6a1aa419995,0.26834044994100914,0.46147660159873294,0.18191637442356837,0.08826657403668951,1,2
b6ad22a7487e,0.46283274829544857,0.27307898620679893,0.173863280586244,0.09022498491150849,1,2
b6b4bdf92b3f,0.31498455780979034,0.3928834593928621,0.22293915563751238,0.06919282715983492,1,2
b6b6ccce4a2b,0.19580576988355422,0.5811847827280979,0.16715587082625902,0.055853576562088836,0,1
b6d5e818679f,0.6740141813694934,0.15328298636556242,0.11165792197346924,0.061044910291475005,1,0
b6dd2dfbfe52,0.11595575475642245,0.6600586899134099,0.16446464471389594,0.05952091061627148,1,0
b6e467a93579,0.10544601930439147,0.6250360487106952,0.15857354540559965,0.11094438657931355,1,1
b6eab0a3cd1b,0.4094972054877979,0.36854288226059456,0.146095193211276,0.07586471904033122,3,3
b7065c7e72dd,0.14564518013050365,0.5841133963680452,0.20515391889881587,0.06508750460263528,2,1
b70f41a05b87,0.3386678849866791,0.42524896920846,0.12254546590981749,0.11353767989504318,0,1
b714907cbdc7,0.3542919417791718,0.39964604633326284,0.17292603578787832,0.0731359760996869,3,4
b7159866a9ad,0.41973507177519026,0.3080843967793444,0.16493669328960148,0.10724383815586358,3,2
b72a1d6732d8,0.10647409504475168,0.5932782320440257,0.23455433962222083,0.06569333328900193,2,3
b7378896c37c,0.21603424260202717,0.5542464960515746,0.16377785031645675,0.0659414110299412,3,2
b73f2014a696,0.23917516619836066,0.46347503624123626,0.18852497867302,0.10882481888738292,1,1
b744c6f3c22e,0.10000540009048771,0.6514300247163634,0.1550653109447115,0.09349926424843726,1,2
b74b3d2dd83d,0.18751765737889814,0.5254729800780322,0.22680027724076773,0.06020908530230178,3,3
b74f12b5ba5f,0.15100723484778303,0.5426103288340508,0.2244413982342671,0.08194103808389923,2,0
b7543bd8af0c,0.10108738102023461,0.6674322474477729,0.15806728305990347,0.07341308847208902,1,1
b770e72feae8,0.26581795824244736,0.4857819463212362,0.15487207003997794,0.09352802539633837,1,4
b776a1192e48,0.2592884331508009,0.4668651982485877,0.22011803519409115,0.05372833340652011,1,0
b790bca0f34c,0.29216124849965175,0.3857834054330175,0.2285975865611649,0.09345775950616574,3,2
b792f371d0e0,0.516887320356092,0.24886889679212834,0.16290751152459676,0.07133627132718305,2,4
b7a31943f6b6,0.3337627250599838,0.3455073790028393,0.1955229846070308,0.12520691133014622,0,0
b7a4443ddd3e,0.13001389166632868,0.6316403442713036,0.16281085892087907,0.07553490514148861,2,3
b7a8295b6531,0.29829491174994316,0.42431591231228116,0.20067809895961952,0.07671107697815638,1,1
b7ab5977dc47,0.5270270600373625,0.23701649297776672,0.16869461264485175,0.06726183434001921,0,0
b7b44d65e1e0,0.10407449190489015,0.6274085458265138,0.15607834287080788,0.1124386193977882,1,3
b7bad61f1aed,0.5267931702419189,0.20887412430065275,0.1928244500645984,0.07150825539283016,0,0
b7bc624cf296,0.15469094605933925,0.5920119318398837,0.19565011795835047,0.05764700414242675,2,0
b7c96dfb1284,0.3473807618759661,0.35893446681025226,0.21409012724284876,0.07959464407093272,2,4
b7d22144ac7c,0.294608633147018,0.4280306243293208,0.19833783783833808,0.07902290468532341,1,2
b80302d5de11,0.37890229376606827,0.314018623336271,0.21874129082464705,0.08833779207301362,0,2
b807413abe93,0.27774048551324304,0.4716495606870923,0.18098906464453848,0.06962088915512625,0,4
b80f219a0a8b,0.2218939252883365,0.4925375264655135,0.19871705877437965,0.08685148947177032,1,4
b81cbac55d0d,0.12688189163781677,0.6622207665253736,0.13386139403569491,0.07703594780111482,1,3
b82dd18307b0,0.5329577847977938,0.24235193824608361,0.1571796167088209,0.06751066024730192,1,1
b835688d7cc6,0.1534238168253944,0.6324202512649787,0.16367188358496376,0.05048404832466296,2,4
b840c460b426,0.5338727455437786,0.2537213344751142,0.16667271664124395,0.045733203339863346,0,1
b84c4b17a655,0.30203775928821813,0.349258000813623,0.2202001309302835,0.12850410896787542,3,1
b8544e55f55e,0.3819383130717686,0.37004427757702835,0.1832788655110089,0.06473854384019401,1,4
b85454dbd9b1,0.19413664471859177,0.4626646095693426,0.24346316721917832,0.09973557849288732,2,4
b86b6912b970,0.37749540410075616,0.32474364244009685,0.2026431578342764,0.09511779562487045,1,4
b8727a84ded6,0.3982636159720475,0.3291395050956858,0.19063551261094674,0.08196136632131983,0,2
b878791caa1a,0.2780877155315345,0.42489639659317574,0.20010535432188095,0.09691053355340917,1,4
b87d30f0afbd,0.4651915847305904,0.23586811797831134,0.19498872701422856,0.1039515702768695,0,2
b89d2e52d790,0.22279006537304533,0.46929128512373003,0.1989909246208805,0.10892772488234424,0,3
b89d40fe2918,0.38534224896943237,0.35516237328977074,0.18001348917633028,0.07948188856446664,0,2
b8a9bf2fa391,0.38765206345429215,0.3612019374380579,0.20147737223864925,0.04966862686900047,1,1
b8e15549c0f4,0.20112475537150987,0.47014382411941164,0.23459423668643736,0.09413718382264119,1,3
b8e8e84eaafa,0.10103998685382354,0.6852448142780113,0.13235881869932636,0.08135638016883882,1,3
b8f4e76bbd2f,0.43889768214052105,0.3247278785976607,0.17581856412740984,0.06055587513440847,1,4
b8fafbc2ad5c,0.10757002072936417,0.6488076463354212,0.1540594148805184,0.08956291805469598,1,0
b92eb37d3456,0.16514877383723917,0.61735524917884,0.1465986461470966,0.07089733083682416,1,3
b93fcd443349,0.45947312155384745,0.29395532160700266,0.13388333803013064,0.11268821880901918,1,0
b949689a9ef1,0.24935517562778226,0.4965198781156218,0.17827334021989083,0.07585160603670522,2,4
b94e0c41bcee,0.5490227026595498,0.22025219089175885,0.1386081606884732,0.09211694576021844,2,3
b972189fc63f,0.11380779075666136,0.6156937617146508,0.1981420877723006,0.07235635975638721,1,4
b97ba5f9676e,0.5412473203864758,0.20406143196823076,0.17380561273668818,0.08088563490860527,0,2
b9835e921f4a,0.17931820996111453,0.5786112607198698,0.17234409633962208,0.06972643297939356,0,2
b999a7493ffc,0.22857833951530918,0.5027281353631157,0.18380516468365787,0.08488836043791688,0,3
b99ab479998f,0.44215698118469177,0.30823182330531285,0.14467939680073558,0.10493179870926017,1,4
b9a84edbb4d7,0.2527422423263332,0.45721687089482305,0.18728554037143294,0.1027553464074109,0,4
b9aa4efa289f,0.20842454046882908,0.5725528825569312,0.16149407847047909,0.05752849850376066,2,2
b9b701be58a3,0.1260581002491889,0.6115387366856296,0.2011241211173754,0.06127904194780649,0,4
b9b8a810f2d0,0.34997945617937043,0.32164070825550556,0.1860693337400714,0.14231050182505287,2,1
b9eeafea5c41,0.35833585199836787,0.4004970956006432,0.15714090822881122,0.0840261441721779,1,0
ba01c7ed330f,0.2263458044378765,0.4834687537423312,0.21010223811087653,0.0800832037089155,1,3
ba07cc459be2,0.11609013851292468,0.6602557900721495,0.15997810925975695,0.06367596215516866,1,2
ba0d3ee90ce9,0.1265915360511572,0.6368961572097442,0.16069952793418524,0.07581277880491326,1,2
ba29ba23321b,0.3071516481281116,0.4285326849883969,0.21137651289965062,0.0529391539838408,1,0
ba2b03725d21,0.11114013589413811,0.7175956374027646,0.11667910045052902,0.05458512625256826,0,4
ba359fc9666f,0.3272992735320922,0.4472612207134495,0.17817521467225186,0.04726429108220621,1,0
ba382e0d8931,0.2602717032037593,0.4750026468512444,0.18085780177394353,0.08386784817105276,1,2
ba401a51fdee,0.4277220964784238,0.3454262506773503,0.16414465147153587,0.06270700137269015,0,2
ba463f69de41,0.1986077246541643,0.5131738978977984,0.21471709614629375,0.07350128130174326,1,4
ba482ec6743a,0.1842331146528506,0.6056222036182838,0.13472466979811973,0.07542001193074625,1,0
ba4f73c2aff2,0.29907014995867376,0.4251219975595863,0.19076048710576696,0.08504736537597292,2,3
ba50bfcf4757,0.41424964022684646,0.2584231473984857,0.2084924660672455,0.1188347463074221,3,3
ba54f0062738,0.3166726671316392,0.4050933324210492,0.15824736796352643,0.11998663248378515,1,1
ba72d9d6b562,0.522172035243162,0.2539003629640136,0.1422682596379201,0.08165934215490428,0,4
ba7e0977f38b,0.308951026376072,0.3959913188033631,0.22323294328798649,0.07182471153257836,0,3
ba7e67ba6f98,0.13301151647188802,0.6280972072351222,0.1792586409897419,0.05963263530324812,1,4
ba8f9647f1ca,0.22272930237878572,0.48923807033891925,0.19909448176482558,0.08893814551746915,1,1
bab9f823eb40,0.4853542404724252,0.2786647953150292,0.18126308609282002,0.054717878119725616,3,0
babc74e64174,0.6016246530360264,0.21196250448032733,0.12015189377839514,0.06626094870525093,0,4
babd2d68bb87,0.1208348920835504,0.6287875573550977,0.17589527657523377,0.07448227398611869,3,2
badb8a6379ac,0.12894820717423836,0.558336604269622,0.21033093959420207,0.10238424896193765,1,2
bae29add20cf,0.2643891821308496,0.39312242343528936,0.21211016922425294,0.13037822520960815,1,0
bae502afd0c2,0.1985817669889096,0.6060958885181555,0.14216673619954875,0.053155608293386246,0,3
bae643d12bd6,0.12513657161702044,0.5874371000024783,0.20697430677249729,0.08045202160800423,1,0
baf7f4d4a312,0.3459464061242376,0.3299583257567688,0.23307573948749494,0.09101952863149884,1,0
bafb7e87a1b9,0.3156088220108902,0.4491389280840371,0.18611226583974497,0.04913998406532757,0,3
bb251f790a9d,0.10412292774863888,0.6756573010124363,0.1620880905354806,0.05813168070344457,1,3
bb268ee80de6,0.20538342678423932,0.5033854897879932,0.20854384202050213,0.08268724140726526,0,1
bb316c570dea,0.19182884760669217,0.5649736181348346,0.16159901680979583,0.08159851744867717,1,0
bb4e52abc3e7,0.4049074355144985,0.3734154720134134,0.1653162797293946,0.056360812742693396,1,1
bb5d71cc0b7c,0.25517376870855435,0.4504142595143905,0.2165265416622394,0.07788543011481566,0,1
bb676fbfcf2f,0.0884471343158193,0.6326571033724485,0.20072262686316722,0.07817313544856488,1,1
bb74de6c12d6,0.29866889120105,0.43145957075269314,0.18256041007315754,0.08731112797309959,2,3
bb765720c618,0.29104138958832254,0.4877734429097669,0.17305554619580182,0.048129621306108816,1,4
bb8a2eded898,0.22747938716911348,0.4962186100097255,0.2071539821543351,0.06914802066682615,3,1
bb8d7ff318fd,0.4753621037521157,0.3026315588748321,0.16199608518066894,0.060010252192383214,0,3
bb8f28b5c369,0.47339786701455244,0.20475966410441135,0.20280485352999106,0.11903761535104489,0,3
bba84cc338c3,0.07475820526027273,0.70439072251642,0.15263349066310045,0.06821758156020712,2,2
bbc14136a5cf,0.6309500415293509,0.19197809688476755,0.10821823345723729,0.0688536281286446,1,3
bbca377a9bed,0.44773329977612203,0.30519214554368074,0.17025912709338564,0.07681542758681162,0,3
bbd9439c6bac,0.07085745569241596,0.644306925855727,0.204993028351479,0.07984259010037838,1,0
bbe2678852f9,0.6017221866812842,0.17140082099501977,0.15114433095000585,0.07573266137369039,1,2
bbebf4a7d2df,0.5417692655064013,0.2404521540039055,0.14551140761670683,0.07226717287298631,0,0
bbecf7f6c880,0.15059582570611324,0.566870070129833,0.15736965679426992,0.12516444736978408,1,1
bbfcab526b80,0.4473644106395386,0.28662709448510093,0.1693690789750901,0.09663941590027074,2,2
bc086ebcfdd4,0.22463279408597117,0.46855970478067205,0.16759527878745586,0.1392122223459009,1,1
bc1596dfd0ec,0.38040493804443265,0.331963410123018,0.2134269816668751,0.07420467016567374,1,4
bc18de2898c2,0.5675046402993433,0.19575871389101004,0.16186886549264182,0.07486778031700488,0,0
bc27460a2859,0.29669803890969254,0.43520649778230214,0.18191640633537917,0.08617905697262597,0,3
bc2b65a2e0e0,0.4465398883255245,0.3026590270049392,0.15858078239429035,0.09222030227524608,1,4
bc3e009078ca,0.09278612788621558,0.6481846831936603,0.19445986478137967,0.06456932413874457,1,3
bc4f1a8bd241,0.26567964008504524,0.49001661918043676,0.1543195671268839,0.08998417360763421,0,3
bc5d38c88259,0.14316629948827703,0.6269359168597375,0.1736638807565079,0.05623390289547763,1,0
bc641c321681,0.31822179816035084,0.4398249359974025,0.17066514874890273,0.07128811709334398,1,3
bc78728ff8a2,0.08416883024360851,0.5940508573340335,0.2272650799312889,0.09451523249106925,1,1
bc7b9c7f6db0,0.31705837648676727,0.4257220191146922,0.19002851157577988,0.06719109282276069,2,1
bc84d476388e,0.4616547822998118,0.27370041873693296,0.16349210009094578,0.10115269887230942,0,4
bcc7cc108014,0.15634512754912364,0.5881026080272517,0.20865335276552688,0.04689891165809766,2,1
bcd4b22a208f,0.5925838228855416,0.18699908029856147,0.14312553455012966,0.07729156226576692,0,1
bcdfafac68b7,0.34788592569123533,0.40208780411353456,0.1645941008018966,0.08543216939333342,3,1
bce35dd6fafd,0.263450187809037,0.4306355080680919,0.1929496435445481,0.11296466057832312,0,2
bcee64e12aa2,0.11210720477364818,0.6544966536095,0.1436990406029637,0.08969710101388863,1,1
bcfb73eb7ad5,0.14787470723101448,0.6682101201168206,0.12764279344859278,0.05627237920357177,1,2
bcfeb0f76b80,0.4824653583175163,0.31016231108198067,0.15317912835628333,0.05419320224421967,0,1
bd0695952ade,0.23375170511038168,0.5291513045381476,0.180223110573533,0.056873879777937696,2,3
bd0783c01abc,0.05796600917672073,0.7175475977328135,0.14403643647567835,0.08044995661478739,1,2
bd07eaf2191a,0.12613175311677363,0.5925432696571107,0.1991997047280972,0.08212527249801846,1,1
bd1003a23104,0.33128903210289856,0.4523252649495042,0.17734993769297344,0.03903576525462377,2,0
bd65f1e9450d,0.18400784368255602,0.5176723504361264,0.18351099760015518,0.11480880828116266,1,0
bd7354e80f27,0.2327212479482551,0.43678714723484346,0.23075218086180457,0.09973942395509683,0,1
bd9c555b3306,0.20679972457311452,0.552990586927165,0.15872824117173542,0.08148144732798514,0,1
bda053990c9b,0.43447496116680434,0.31416121756737975,0.16486735377890435,0.08649646748691135,1,1
bda0602c708b,0.22371718958791478,0.5363630127127991,0.17657229294870935,0.06334750475057682,3,3
bdaa322433dc,0.195047785523475,0.4952917626054265,0.21014636383870702,0.09951408803239124,1,4
bdb9c7c83922,0.43645959783138355,0.2776388934923152,0.1914992861968348,0.09440222247946642,3,0
bdc6b580adb7,0.29670128309468013,0.48103500650654957,0.1641967386382197,0.05806697176055056,3,0
bdd6949b330c,0.2238896636049955,0.4289274548568036,0.22117866230715186,0.12600421923104901,1,1
bdd87dcce3de,0.32177812866332106,0.41091392909890984,0.20283777801994426,0.06447016421782456,0,4
bddc88dfb40f,0.1612066928644965,0.5760266101017492,0.2098358915666751,0.05293080546707942,0,3
bde318b15e1e,0.09011785285351426,0.6211667609478496,0.1877503320419244,0.10096505415671184,1,2
be0ebd3113b1,0.20772121650876652,0.5390342153335842,0.17805380087765343,0.07519076727999606,0,2
be10f1ab3655,0.33864100991999,0.40784956060632044,0.18479892843734516,0.06871050103634434,1,3
be16979f2071,0.3995820259274932,0.3476174022593142,0.1508400290360693,0.1019605427771234,3,0
be1a7ddcc19d,0.5188180524919734,0.2932559665077682,0.15126133951918982,0.03666464148106841,1,0
be27e91fa4a7,0.3874449499339994,0.3621271654391772,0.178682273221441,0.07174561140538217,2,2
be27ee4c4df3,0.17902990899209584,0.516250914104082,0.2158293167589764,0.08888986014484607,2,0
be3713bb7bdf,0.14483917410394923,0.6094827392311639,0.16490170520089792,0.08077638146398883,1,3
be64cd408bf7,0.14982324742321226,0.6594804583909362,0.1297713790795344,0.06092491510631726,1,1
be71112b8c0e,0.3993488409433262,0.3781469190934165,0.18223064264402927,0.04027359731922796,2,0
be71d3607cf2,0.14362666359382792,0.5354420340044628,0.23156753941841848,0.0893637629832907,2,2
be7bfd0b2237,0.23332024906183024,0.5278301590642615,0.16755871570177833,0.0712908761721301,1,4
be7ff7307411,0.18311539709322086,0.508465872401867,0.20559935769093107,0.10281937281398103,1,3
be8295a3e3f1,0.5130260704375817,0.2587889822133103,0.14926601445822674,0.07891893289088123,1,4
be86e0fdf9f3,0.5488586283955977,0.25285681532003657,0.1503040790693845,0.04798047721498123,1,3
be8966fdac91,0.2397542603218303,0.43351995773726987,0.21314848132313766,0.11357730061776225,0,1
be920463ac73,0.1285152863146508,0.5207265646988316,0.24282323967676953,0.10793490930974813,1,0
beb058ee419b,0.3808089193109156,0.37323142342180343,0.18456249026291474,0.06139716700436659,0,0
beb148677aba,0.1951334555816008,0.5841434109102813,0.1531856987514127,0.06753743475670514,1,1
beb39eada193,0.5596963200721021,0.23540352078308502,0.14816517905313586,0.05673498009167714,0,3
bebaafc7bfbe,0.2741729199689317,0.497370351504468,0.18833189322752777,0.040124835299072736,2,1
bec6fb240456,0.08492582161884143,0.6563989336799291,0.19506479685210876,0.06361044784912047,1,4
bedd74e98d2e,0.6305420716124495,0.198856753083642,0.12422344563520273,0.04637772966870619,0,0
beeb9195fe52,0.11640173819110415,0.6105826949736775,0.1661560713148896,0.10685949552032883,1,1
bef9268e8897,0.18190858799503973,0.5392557586491739,0.1825102675345453,0.09632538582124098,1,1
befd9a5119eb,0.13808734944397122,0.5946901674629557,0.1610782748546576,0.10614420823841521,1,4
bf0f4d0e3474,0.20858240348191223,0.5633703036963141,0.1765059633469797,0.05154132947479384,1,3
bf1a41bf2a35,0.3743520874086772,0.43537085245592466,0.13409337947959066,0.05618368065580734,1,1
bf21ae96901c,0.09016901817397642,0.6540635252186648,0.19347514067399216,0.062292315933366524,2,4
bf35d36cf961,0.392538542843051,0.318521353786743,0.20272668771333024,0.08621341565687556,3,2
bf3653da2444,0.18372072875327186,0.5102324491532727,0.1965534344324326,0.10949338766102296,1,2
bf3ba5075cab,0.059591441943008326,0.6340432850504513,0.22441660064620184,0.08194867236033836,1,4
bf443fd8264c,0.21785163560060888,0.4783054402610523,0.21089481349223757,0.09294811064610092,2,0
bf503a60ff23,0.344176156245741,0.39123525776187446,0.18401602167421563,0.08057256431816881,0,2
bf529579241b,0.5250537302139741,0.2591009318292603,0.15948176734166236,0.05636357061510305,0,2
bf6bb812ec63,0.6782673617659309,0.15848858360868454,0.10271297226422656,0.060531082361158034,0,3
bf6f81be0705,0.10462872309817906,0.6694403952889676,0.14841597795779388,0.07751490365505942,0,3
bf6f84cba47f,0.21792948047143398,0.5494110048949646,0.17229139951996494,0.06036811511363679,2,4
bf718904b796,0.1136959124924671,0.629044756706725,0.17815113195295015,0.0791081988478573,1,2
bf88ddc2621c,0.31448604779383504,0.39818047836331055,0.20967550795824175,0.07765796588461263,1,3
bf89768fd788,0.33569235299708466,0.4271356243778644,0.16299694636232095,0.07417507626273025,1,4
bf912917376f,0.2364359081804953,0.5544648926877126,0.1462168678040944,0.06288233132769785,1,4
bf9f49c46709,0.11804406689808045,0.5566142853941368,0.2193590323049139,0.10598261540286885,1,2
bfb004fb2bb7,0.4458224912228153,0.31027191409949917,0.19030203596508172,0.053603558712603944,0,1
bfd9d34295ba,0.21489082310570248,0.45716051659093004,0.21697351465200232,0.11097514565136518,0,2
bfea52f3ba2e,0.2745006342032946,0.48418482735773255,0.1694524410367919,0.07186209740218083,1,4
bff5c52b5fdc,0.3383406349075106,0.3693226583252999,0.18102182869933087,0.11131487806785895,0,3
c0101bf708f1,0.29823969880793,0.46004484299653525,0.15295544853602097,0.08876000965951392,3,3
c010f88a494b,0.14576161317425046,0.6095429886265248,0.1644132174783973,0.08028218072082799,0,3
c01889462e54,0.16614021702760354,0.614792383938986,0.15834257128036958,0.060724827753040875,3,3
c01c4998eddd,0.3028737655889101,0.39138167976095567,0.17735767199189906,0.1283868826582351,0,0
c0319257bdb1,0.13217143526752478,0.5337653750902592,0.2239289236804798,0.11013426596173631,1,2
c0527255e849,0.3161307342603191,0.3932598709091157,0.18271021059703485,0.10789918423353037,1,3
c05506118d89,0.22255408372339933,0.5196540004341573,0.195041841981969,0.06275007386047429,2,3
c065c89e797e,0.25397351594249473,0.49494894618516966,0.20486928229520085,0.0462082555771345,0,0
c08ddce7c535,0.47936678007374245,0.2629849576714301,0.1586521347137099,0.09899612754111782,1,3
c08deac36ae6,0.36200747823681506,0.4009411244000407,0.13677192437470206,0.10027947298844214,3,4
c08f28069408,0.1353862037339093,0.6375332338631909,0.14700557624441196,0.08007498615848846,1,0
c0a5c404506f,0.10159308009230517,0.5805245994160648,0.20139999411635806,0.11648232637527223,1,2
c0b31c4ca617,0.24428093049343863,0.5368753524155414,0.16484752389804916,0.0539961931929708,2,4
c0b825a70867,0.13737471457661168,0.5781303579981775,0.17678671416200537,0.10770821326320555,2,3
c0be57645ef7,0.12431764893027684,0.6560324038777381,0.16287315886573325,0.05677678832625202,1,1
c0d6283aba70,0.0873978905101569,0.6437013658530014,0.15746622603834956,0.11143451759849252,2,3
c0e02c0cd817,0.4601814419236009,0.2728790238928554,0.1738202821987527,0.09311925198479082,0,4
c11804d10775,0.10487182170684024,0.5095099655658436,0.2685916135617899,0.1170265991655265,1,4
c13f13201af8,0.49484732858395575,0.23640391744947198,0.1852979325265029,0.08345082144006966,2,0
c140fcf4dbce,0.4661226166815115,0.29959781602501656,0.1752289538024379,0.0590506134910341,0,0
c158be090c57,0.22878575572672966,0.5371513712549755,0.1589131259742283,0.07514974704406677,1,4
c15c667317d8,0.23029397435507798,0.5092613907477419,0.17684362072105203,0.08360101417612818,0,2
c15db163ce39,0.14862133721125856,0.6106210509730369,0.18701366628544408,0.05374394553026045,1,4
c18d22653598,0.13284882170354217,0.5987486016697522,0.18860210926194323,0.07980046736476226,1,4
c194eef4058d,0.211647829045383,0.501343742438487,0.19509747777688463,0.09191095073924513,2,4
c1a4593e3210,0.21599570525475847,0.4548213649704448,0.20149097255439488,0.12769195722040208,0,1
c1b4cc5a3d82,0.07838229886877202,0.6374139486643342,0.18906489708255153,0.09513885538434239,2,2
c1ba276f8ca1,0.6433901886384683,0.1557692501806475,0.11516794842063892,0.08567261276024528,0,3
c1ba4d912111,0.3048710399678176,0.4461080406926764,0.16548275861144557,0.08353816072806064,1,4
c1d61c52bdfd,0.12302963308858922,0.6512113873745138,0.16882825253752012,0.056930726999376784,2,1
c1d724ba4d21,0.4532679979365243,0.28654632183229445,0.13110330626220193,0.12908237396897965,2,0
c1da0e5b5e7f,0.1904806595680861,0.5625939103283173,0.1718819822671682,0.07504344783642859,1,3
c1ecb74c1260,0.32961582828252145,0.42484911419804783,0.16600528740178552,0.07952977011764482,1,2
c1f2fb51a794,0.2201170110760298,0.4892652458367825,0.2208736046052581,0.06974413848192944,1,1
c2168febb64d,0.25154541220371074,0.44166806816092163,0.17305989796221918,0.13372662167314825,0,1
c21b75627e3b,0.41215404947094136,0.22346949235170765,0.22229072170755504,0.14208573646979603,2,3
c22387a717a0,0.21719025951891616,0.48842035483569507,0.23135513707093303,0.06303424857445586,2,0
c229eccad476,0.17682218484944856,0.5811397051047582,0.19669223995580787,0.04534587008998548,1,0
c22d3ee72d3f,0.1307127865672449,0.6457836932967064,0.16095057753188957,0.06255294260415929,2,2
c23033b658e0,0.21348642910085638,0.5331692807639448,0.17657298357043738,0.07677130656476172,1,3
c2317b1e87a8,0.10108724749278968,0.6640201927293801,0.17379056758657496,0.06110199219125505,1,0
c2349438eb7d,0.4771361757891059,0.28636078289801176,0.13955409845691166,0.09694894285597057,2,1
c23f590fff4f,0.10872298169491527,0.6667918639944637,0.14863583045745982,0.07584932385316122,1,0
c24d4d4534d4,0.5387152355169934,0.257612016531562,0.1340143675907064,0.06965838036073822,0,1
c24d9ce8858f,0.2738623937520423,0.45909562862291714,0.1793462648503805,0.08769571277465973,1,4
c25107e62d1e,0.18874989751753296,0.5844913709904566,0.17601593746830044,0.050742794023710125,1,1
c251f8956347,0.41855476388615065,0.3522964161524194,0.14134080812734992,0.0878080118340802,1,2
c256d52076a4,0.11562125373926962,0.5491189911850223,0.23113084222700842,0.10412891284869961,1,4
c25d9133b16e,0.17373859594133426,0.5266919134722051,0.24171023296392125,0.057859257622539295,1,0
c26bc0272129,0.25566585345636633,0.46699436978173275,0.2197456178648784,0.05759415889702254,0,1
c27577f295b8,0.46647530548231725,0.3025307497136245,0.16453921899758964,0.06645472580646844,2,4
c27f7fb9e1db,0.4444048433567914,0.29883467617297205,0.18435675664295925,0.07240372382727726,0,2
c29970048923,0.13944038518195537,0.5959982906518839,0.18358664126367466,0.08097468290248591,1,0
c2adb9afbb5f,0.2061191233434019,0.5871831553553177,0.15527374956852225,0.05142397173275797,0,1
c2c53475d6c8,0.224665652681904,0.4462989815420681,0.24183063854237205,0.08720472723365569,2,4
c2d117c7b9fc,0.12561885054575367,0.6682819445864955,0.15321680860533718,0.05288239626241316,1,4
c2f87da261ed,0.26334743826199736,0.41014085470613687,0.22177381975696697,0.10473788727489872,1,0
c3009b38115d,0.1887154736074049,0.455683396247234,0.24214756617545624,0.1134535639699049,1,1
c3107aac6a7d,0.3054893595478345,0.4215267756345921,0.1751425518960414,0.09784131292153193,1,3
c3200a1427a8,0.26576288662570724,0.4745741204079532,0.1749313952083723,0.08473159775796736,2,3
c32b58cf3fcf,0.2947809574340041,0.45755246072023975,0.17701420672410198,0.07065237512165416,1,3
c33551d1160d,0.24253606447963433,0.3846580420804599,0.24859279940170242,0.12421309403820308,2,0
c336b6ddd31e,0.42712123624902926,0.2985485054123703,0.1863260006236924,0.0880042577149079,1,3
c346c7718800,0.293514410711442,0.36835443328508,0.2116028097737917,0.12652834622968603,3,3
c34c3d0cb965,0.10202536326168253,0.6496680608538531,0.1765406316297509,0.07176594425471379,1,1
c35596515b04,0.11776091957703437,0.6010117295121069,0.19256414668295402,0.08866320422790479,0,3
c36730438f84,0.4232365922630536,0.29849537104550933,0.13832282255845574,0.13994521413298133,0,1
c36802596bf8,0.12750751727367357,0.5846216167247885,0.21681487506555017,0.0710559909359878,2,2
c36cde17cd04,0.22723347342248795,0.35948354176217373,0.24618766815675194,0.16709531665858657,0,1
c3835f6d361a,0.1196048241367724,0.5366162418679966,0.24664612731663577,0.09713280667859504,2,4
c38afaf25923,0.07838109671873877,0.6940868449510957,0.15753571587137344,0.06999634245879185,0,0
c39d68397d84,0.13748591925826165,0.6308783737079429,0.17369469293218112,0.057941014101614674,1,1
c3a48893191e,0.4528409001709086,0.2337298568941532,0.21017955828240806,0.1032496846525297,0,0
c3b236f3b68d,0.5760523981082717,0.22049055344934018,0.14061877127952768,0.06283827716286035,0,4
c3b54c0f1f3a,0.3694268429088961,0.3180000115810884,0.21309712578662626,0.09947601972338879,1,2
c3c51d97acf5,0.14522865383551073,0.5533499043497825,0.22234144126235997,0.07908000055234692,1,3
c3c8292e31e4,0.5244880714775872,0.25383390505108205,0.14644935605865184,0.0752286674126787,0,3
c3cd6826fd20,0.3531500861884112,0.4297071405736298,0.1432266410463346,0.07391613219162434,2,4
c3d5876a73a1,0.47720352611038086,0.2846857254252009,0.16547075713047507,0.07263999133394296,2,2
c3da9334b162,0.220100345717148,0.5847443447430443,0.13593439440988364,0.059220915129924064,3,1
c3f453d9e744,0.2697960546235252,0.45152666534950603,0.2167759419893541,0.06190133803761456,1,0
c410870ee506,0.45796826108324223,0.27090892639517355,0.18638127273998525,0.08474153978159883,0,4
c41c937123f7,0.09034924058530411,0.6543634185568785,0.1692455704975402,0.0860417703602771,1,2
c4201775db63,0.3400245289539399,0.3653637184989906,0.22165612637755247,0.0729556261695171,0,0
c4272626019e,0.3674811837271857,0.2610952115196157,0.256618867912105,0.11480473684109362,0,4
c42bf9c1becb,0.4708431781122525,0.25682129610875026,0.18597047985702445,0.0863650459219728,0,4
c4328d32e545,0.14873318776472627,0.6111861276213766,0.17403529667762396,0.06604538793627329,1,2
c445c6365449,0.6303159054881333,0.16905272169505373,0.13503752952124295,0.06559384329556982,2,3
c45d664b2d3b,0.06509340783951106,0.6608244719045859,0.20657280597645597,0.0675093142794469,2,0
c471f279da8d,0.13364333284365396,0.6202738928755717,0.16522914709395833,0.08085362718681588,0,3
c4749d8f848a,0.22124767817504978,0.48111263900315016,0.21180676384763023,0.08583291897416984,2,2
c474e013e0af,0.08226022684308919,0.7265953757650994,0.1206238471424159,0.07052055024939546,1,3
c4870e289de7,0.3339955771708392,0.32502364393772737,0.2309165410534387,0.1100642378379944,1,0
c48aac4f37c3,0.6386114161451207,0.1634766706823794,0.125662469476683,0.0722494436958169,1,3
c4a1e07b68b8,0.22552904122901818,0.47748724454804203,0.2160468054600233,0.08093690876291648,0,4
c4ac6f824edf,0.25830705726954095,0.4367954653847117,0.237297277849203,0.06760019949654422,3,1
c4b86ed06eba,0.43069584567198277,0.2818205822211217,0.18092829269970684,0.10655527940718854,1,4
c4bc22f2003f,0.4369923632781328,0.3177466313294628,0.17912700871298695,0.06613399667941748,0,3
c4c9da010bb7,0.35414167178425193,0.35006948163974,0.24143411890451855,0.05435472767148939,0,0
c4dceddea945,0.2521436587454342,0.45716786178156654,0.1810679709670049,0.10962050850599477,2,2
c4de7c5901ce,0.28418068342377195,0.46955386418519063,0.1833762011431554,0.06288925124788189,0,3
c4ded198c3f1,0.1435380466174729,0.6233220049353341,0.17441685465742846,0.058723093789764355,1,3
c4fab7c2a354,0.1289437487305203,0.5806708883161507,0.21518388584053913,0.07520147711279006,2,4
c50020785833,0.45077067727055153,0.31350123511679406,0.13907568185926503,0.09665240575338933,0,0
c50278df84d0,0.2386421518251184,0.4731947665091783,0.18546102663736158,0.10270205502834184,0,3
c508e7ff4063,0.37209773374297866,0.36782519812553754,0.19739837535725585,0.06267869277422786,2,3
c50ade6786c1,0.2374405966781965,0.5432082453484403,0.13229793544360252,0.08705322252976073,1,4
c51701835609,0.4435616677019325,0.3211701264318136,0.1746185532505126,0.060649652615741505,2,3
c52f27b9bff5,0.23041969168238105,0.433672293211082,0.21167008087268058,0.12423793423385635,3,1
c539ad81cc2b,0.2947882369452572,0.43724111091320733,0.21224493119428725,0.05572572094724807,1,0
c544a46adac8,0.2058036961061519,0.469265331872102,0.21386081343167646,0.11107015859006948,1,1
c553748e7049,0.13276072266434585,0.6333294688926897,0.16645462359773883,0.06745518484522577,2,2
c55dcf172e5b,0.11299029240892124,0.6400180110228489,0.17341290514994973,0.07357879141828026,1,4
c5634cea013f,0.2722559410947382,0.4860669457968847,0.18201322964293443,0.059663883465442547,1,3
c56bbac149cc,0.11326093066531748,0.5611731969639487,0.25925969182604147,0.06630618054469228,1,4
c57c345cc6a1,0.3485894894820802,0.3877136292996183,0.20423381412179964,0.05946306709650195,2,1
c58d3494fd01,0.23473948339354936,0.5112098702018374,0.18502558888476273,0.06902505751985057,1,2
c58f890db01a,0.479603655851835,0.2948246199079037,0.14923028516301495,0.07634143907724644,0,4
c5a5dd5ecc62,0.28028141551290503,0.41264592346194134,0.1992912067988263,0.10778145422632714,0,2
c5ae5513399f,0.20254416502882863,0.4443380878328498,0.2182273357042069,0.13489041143411445,1,0
c5af2a9953f1,0.1609460850730658,0.5787694431764899,0.2099405554803776,0.050343916270066444,1,1
c5bed0d55643,0.4210864928698829,0.3120928212889836,0.15561215646333157,0.11120852937780192,1,3
c5c7c1b15da4,0.1276534599639772,0.6082330635474443,0.20639617287224926,0.05771730361632903,1,1
c5f847a87bd2,0.3886011736982736,0.363334180746242,0.17140904053511527,0.07665560502036926,0,3
c612fea06981,0.1772175888903619,0.5359187721409225,0.2100530635973851,0.07681057537133056,2,3
c61ce24f4011,0.11619261445732262,0.6330911574601096,0.17074882343793452,0.0799674046446334,1,1
c631e5f031a9,0.11972780181761677,0.6307198790359598,0.1951904537390763,0.05436186540734744,1,0
c63c77cebf53,0.3151879750954427,0.3397687561113881,0.20777144867524966,0.1372718201179193,1,1
c640c29623c8,0.49002121752161654,0.287404721939993,0.16310239120652043,0.0594716693318698,2,0
c640e58f2c3e,0.031232653040785884,0.754043213390345,0.15152438972111618,0.06319974384775297,0,4
c64a6fceed0e,0.20101187293567058,0.5476811086711184,0.2018308591223561,0.049476159270855025,1,1
c6583ca18178,0.1875362951946755,0.5450009566294416,0.1997849436374971,0.06767780453838565,1,3
c65ed6750934,0.12583255843698846,0.6700825972939355,0.1351103382940511,0.06897450597502493,1,3
c6621edbc480,0.30053789391806607,0.3347676350812025,0.26832095445238835,0.09637351654834331,1,4
c662e2746cbf,0.14983869073000633,0.5593148410360171,0.220037109047667,0.07080935918630991,1,1
c671c042f2c2,0.5354106805567217,0.302189257896575,0.11268074795283031,0.04971931359387297,1,2
c67a9e39ade5,0.43813226375983866,0.21819738239612052,0.18537789424925266,0.1582924595947883,1,3
c69bf860eb88,0.26775316152998707,0.46684524296102736,0.12071482949464918,0.1446867660143365,0,0
c6a376032cfd,0.5745096845761262,0.21899443279400496,0.15825427728554273,0.04824160534432604,2,0
c6a5e29975eb,0.3588078492323433,0.3885182649207103,0.1581167358077684,0.09455715003917804,1,4
c6ab9c7ba459,0.35130835030617497,0.40010588071100084,0.1477481964242264,0.10083757255859757,3,4
c6b1e11a8f4e,0.20796729927357038,0.43245788611128233,0.2308883359691767,0.1286864786459704,1,0
c6c5e04f3a24,0.38577497402043137,0.34726505830727283,0.1852530478277543,0.08170691984454159,3,2
c6d8c8e90ab4,0.1500988327411945,0.530402123846498,0.22681380384248692,0.09268523956982089,1,2
c6db7683f622,0.3984532221770531,0.2978396367310504,0.20050437638705126,0.10320276470484525,2,2
c6deeff2bd56,0.38572382057286675,0.3326215195148404,0.20272824115926746,0.07892641875302543,2,0
c6e15cb1f2a8,0.30859152496726616,0.40450711181924787,0.20281545169913742,0.08408591151434848,1,4
c6e1b0f07d2b,0.22585146070668763,0.5100636936044091,0.20556711809572026,0.05851772759318293,1,0
c6e9ee8fbf4e,0.225526915842829,0.4763056233611947,0.21651710328430146,0.08165035751167499,2,3
c6ed4ed3f93c,0.1436488542191172,0.5277107989474836,0.20314972616358745,0.1254906206698113,3,4
c6f036281ae4,0.41698523336755383,0.3272826276989406,0.18164114405493134,0.07409099487857419,1,0
c6f8052c3084,0.34200319343778895,0.319473826513114,0.2050223432701883,0.13350063677890875,2,4
c6fd58768e03,0.17245074795681828,0.5915134150735835,0.17364992742157837,0.062385909548019924,2,0
c70369caef91,0.23088385077528645,0.5226827910078858,0.17982765790454333,0.0666057003122846,2,1
c712a4ef7476,0.2803672679958319,0.506039687881921,0.13473930471301912,0.07885373940922803,2,1
c71c8eb2df69,0.35745437498316607,0.4011642528278556,0.1623637608545248,0.07901761133445331,1,1
c7291b008baf,0.05779077242546178,0.6470728910174272,0.18585615384444468,0.10928018271266658,2,0
c732dd163d0d,0.41919162708048646,0.299340264421462,0.19113807603615618,0.09033003246189523,1,1
c7426be07170,0.06103179291114444,0.695540735414004,0.19665801835971497,0.046769453315136426,1,4
c74b100b835f,0.4023261172992577,0.36406281341628066,0.1656365288946114,0.06797454038985024,0,4
c74f9b3910a5,0.21352835811663023,0.520469489894826,0.1909084554584871,0.07509369653005649,0,4
c75957219940,0.12372943383064237,0.5406037289394537,0.25599823398804317,0.07966860324186084,1,4
c76676090cdc,0.31303617276660456,0.43695576472938497,0.16637523065530246,0.08363283184870812,1,4
c766fc255651,0.1182638614979136,0.5697526523328675,0.21947974649465604,0.09250373967456256,2,2
c76b8d3f1402,0.5247733359574629,0.2307212965829466,0.139227699125744,0.10527766833384607,0,3
c77364a32ea4,0.28945668253364787,0.4192516117064861,0.21417541441310772,0.07711629134675832,0,2
c77ad8c72093,0.15913877677234362,0.6477393844893442,0.13124543211816297,0.06187640662014954,1,3
c79e944eb6ae,0.12663848403754918,0.5590089290914627,0.23327847397381796,0.08107411289717015,2,3
c7be24e7b7c0,0.04874337211121912,0.681805693136315,0.18255709094030417,0.08689384381216154,3,2
c7c00de9cb9f,0.433705915148126,0.3283627010543189,0.1477799415508124,0.09015144224674294,3,0
c7c53a0fcccc,0.13270342363166535,0.5959719906207205,0.1610304792075761,0.11029410654003782,1,3
c7cb4bb07b69,0.373160314302322,0.4200832008728208,0.15269381739390453,0.05406266743095296,0,2
c7d21e91ecb8,0.26792601148409617,0.4504759842084303,0.21702263766239976,0.06457536664507384,0,0
c7d9660daaa5,0.4125199050379024,0.3405261084617429,0.14486043492248288,0.10209355157787173,0,1
c7da9786faff,0.1967361352489575,0.5040210383607951,0.2193537793566252,0.07988904703362217,1,1
c7f9cb4677dd,0.5819559808376417,0.21755186946703275,0.12948471831874528,0.07100743137658047,0,1
c7ff315a07d2,0.2349836494171567,0.44435882071915234,0.21386161403619117,0.10679591582749967,2,4
c804cb63b917,0.10263314385645725,0.5628855752021319,0.23066856785816792,0.10381271308324297,1,0
c805bfb98923,0.1615494838902683,0.5953841712177643,0.17593284168997286,0.06713350320199442,1,2
c806bfda328f,0.3732548692957915,0.2998511575653921,0.1734360933421687,0.1534578797966478,0,1
c806e55aadeb,0.4153204117013995,0.30631313452757225,0.1500521284620221,0.12831432530900613,0,1
c8113e6ba961,0.5856731563345292,0.22741288809227558,0.1242173709433352,0.06269658462986014,1,1
c85b74b2f14d,0.3999281633513272,0.37053038775533137,0.13792019022344984,0.09162125866989154,2,3
c87797d3e4a4,0.2661933426962822,0.3869255394813402,0.2306900413458631,0.11619107647651462,0,3
c8787f51904f,0.29300681135456536,0.4574950177404571,0.16519581738849784,0.08430235351647991,1,4
c878e9f77705,0.37094224089305433,0.3699806622305154,0.19543178843209277,0.06364530844433731,0,3
c87a812df3e3,0.35430114060902457,0.3555003980430258,0.2325347230178241,0.05766373833012585,0,0
c87fc2d62863,0.2516249379431794,0.502256119716753,0.19516575151026805,0.05095319082979948,0,0
c889f01b32c4,0.4523997468506763,0.3557150240197409,0.14609757469490023,0.045787654434682704,2,1
c8939c198758,0.07633302375100552,0.6228095424937495,0.2176257051682728,0.08323172858697185,0,4
c8970add821a,0.29020471801357944,0.3995957970328966,0.1611862770975008,0.14901320785602318,1,1
c8a262f4d593,0.46326722287220545,0.29187203004049295,0.13500716949621389,0.10985357759108774,3,3
c8b578ee523f,0.16282672978444687,0.4584537054808321,0.25662763651209675,0.12209192822262413,2,4
c8d0b3531ba0,0.13375292077146106,0.5341804015143561,0.24774327499912036,0.0843234027150622,3,1
c8ec0362eb1d,0.2045672057243467,0.52118280212183,0.1688527934521363,0.10539719870168697,1,1
c8ece2a8d2b4,0.5528697396420191,0.2579852278328156,0.14825757293609798,0.04088745958906725,0,0
c8fba581da8b,0.32848407758394416,0.30766166733052014,0.26342922965738375,0.1004250254281518,2,2
c9171bcfd1f9,0.5270342842171131,0.24772739971436827,0.12204677282795952,0.10319154324055928,0,1
c925ca312688,0.5290564649589129,0.26723675087600335,0.13911299098401256,0.06459379318107122,0,3
c92965e46fe3,0.32246597341108674,0.41000314646504527,0.19397560643066622,0.07355527369320151,2,3
c9377445d2c5,0.0782060938776429,0.6605120677709406,0.18577365550461056,0.0755081828468064,3,4
c942b7beb3c8,0.24195839661752605,0.4922224703942837,0.19673147533080243,0.06908765765738785,3,4
c963416e4f73,0.5979854153596439,0.18804082144795992,0.15122343200406366,0.06275033118833226,0,4
c9a187b33acc,0.27238465859139604,0.43944806077954085,0.21958105515641346,0.06858622547264945,1,0
c9b48db00217,0.3682063693379436,0.3963529313024383,0.16370440587242524,0.07173629348719301,1,3
c9bf4ff8d7e8,0.6502368347515599,0.18181989116162667,0.11340347014270172,0.05453980394411165,1,2
c9cbca627e30,0.12259762835114699,0.6512609304477371,0.16402988249481365,0.06211155870630209,1,1
c9dfce6a3b7f,0.2685829912655633,0.39160189612197654,0.23959770001803768,0.10021741259442267,1,3
c9e4975d5ae8,0.10741565544934512,0.6764283644304492,0.14942732519390556,0.06672865492630001,2,3
c9fb827e89a4,0.17106034023846903,0.47719999552808484,0.2858676752307606,0.06587198900268522,3,4
c9ffe6312921,0.18947232855890353,0.5559973861753186,0.1988515432259055,0.05567874203987244,1,1
ca0faad019c5,0.4162723638039232,0.3502447786390569,0.188859240565357,0.044623616991662736,1,0
ca12997e60a4,0.31836584627133085,0.4026187562187495,0.21280029687402288,0.06621510063589686,1,0
ca1c191b5af2,0.1973268541778817,0.5158389479210305,0.17579894159541676,0.11103525630567104,3,1
ca306996a98d,0.16282004196202504,0.5796772095605074,0.1756825458068453,0.08182020267062211,1,3
ca37589b5766,0.36981385953973517,0.3342868492059264,0.164301262631552,0.1315980286227864,0,0
ca436c68f046,0.43379416817959304,0.3276203573703688,0.14177619499916344,0.09680927945087463,1,3
ca4ae1f8356a,0.2939140200459625,0.29472028624705177,0.2873752390270914,0.12399045467989431,2,4
ca4bd49ea348,0.1024116654424223,0.683243010280039,0.15150643999889823,0.06283888427863997,2,0
ca54d15e5311,0.5054593353475647,0.23733336504380848,0.1830451840750678,0.07416211553355895,1,1
caa1a1861fab,0.17089389929548757,0.5765876328511392,0.1799919560681747,0.07252651178519832,2,1
caae1729c701,0.2504788895940382,0.40672256112478894,0.21468699998691,0.12811154929426272,2,3
cab686c551eb,0.4749791230524279,0.3051831944242526,0.1364246718297522,0.08341301069356732,0,3
cac4d4c92312,0.2164250883666993,0.5505386292865421,0.1541015412660788,0.07893474108067981,2,4
cac903938518,0.10333641706916957,0.5735250577590348,0.22908693656019039,0.09405158861160551,1,4
cacc8f5f2c2e,0.10351097780448178,0.6119380294204874,0.19832010860697294,0.08623088416805805,2,2
cad19e55e9f8,0.07664520842659027,0.695398428550944,0.17718019024809956,0.0507761727743665,1,0
cb04434a6c7e,0.5912318897200783,0.17412369588921556,0.16736259206095652,0.06728182232974995,1,2
cb0d6854e691,0.26264921732723573,0.46798641152433845,0.1812371792828037,0.08812719186562204,1,4
cb2949b1aa32,0.3743377079535008,0.34753176594850677,0.1689412274161873,0.10918929868180527,1,0
cb4d8159a8bf,0.1094163041419442,0.629859149415381,0.1865420680054242,0.0741824784372508,3,0
cb542a3e1086,0.3635656883962299,0.40645195630420733,0.17487745878014527,0.055104896519417544,1,2
cb6673ee6433,0.42828645628456935,0.2919156897876497,0.1845828072674698,0.09521504666031123,2,4
cb8d01dc0d0b,0.34144061395541353,0.37629853634408683,0.18271366788282903,0.09954718181767032,1,2
cb9e68a7ddc6,0.3279514793451947,0.44399945283913517,0.15133445656048922,0.07671461125518098,0,3
cba7dd0a06d2,0.23821221567816744,0.48469733715815677,0.1772737439868831,0.09981670317679257,3,4
cbaee64f9d29,0.5066068792887718,0.2593113158563051,0.16959445797516814,0.06448734687975469,1,3
cbb7b764ca87,0.36426370702914856,0.38415623484105826,0.1830112212248164,0.0685688369049767,0,3
cbbc6e5e7141,0.17782589960417575,0.5529596363079783,0.17527828382065277,0.0939361802671931,0,4
cbc5b788ab7d,0.30870458799176365,0.41052703375574995,0.19988981438135475,0.08087856387113151,2,2
cbcc9c2bfaa3,0.17061162333157903,0.5447712508550985,0.20264421182385003,0.08197291398947246,1,1
cbe28b52b282,0.15977728441699332,0.5464323687643526,0.1981036148126962,0.09568673200595815,2,2
cbe5d39a75bd,0.10876824314607385,0.5417961291972436,0.23200860396334555,0.11742702369333718,3,3
cbf3b338fae0,0.3068330838965924,0.42773835864103665,0.19102945456431258,0.07439910289805828,2,2
cc127cda72f8,0.3402758593359581,0.38662335343339793,0.14538999827668717,0.12771078895395685,2,4
cc214df24ffd,0.4762530170295562,0.25491293011730737,0.15938256267119727,0.10945149018193921,2,3
cc4e5235357b,0.2642689806520308,0.3791227789329143,0.2348647202284723,0.12174352018658247,1,3
cc4f74e87040,0.13761554948609928,0.5067126321117319,0.19656685897867412,0.159104959423495,1,1
cc5dac252ddf,0.3789691344505149,0.3304686143151689,0.17473917040965506,0.11582308082466143,1,2
cc5ff5b6356f,0.09200864148258041,0.5777311495992574,0.19387253265799345,0.13638767626016865,1,1
cc7cafd867f1,0.07157230346577417,0.6878452032977117,0.15357973225157306,0.08700276098494093,1,0
cc7fff1668bc,0.08638171154914205,0.6343394384391446,0.22094993338494784,0.05832891662676549,1,1
ccb2bb7d0986,0.17396998572752834,0.5117221879821986,0.23882353364273326,0.07548429264753977,3,3
ccb8df9dddce,0.17713525977985445,0.5896980376335317,0.16602114135906879,0.06714556122754495,1,0
ccd2dee9eaf9,0.2489841787591064,0.5149139909458784,0.1542109997858797,0.0818908305091356,2,4
cceb9796da02,0.6001063626537905,0.19021566926822295,0.1361547316426695,0.07352323643531714,0,1
ccf4402a880e,0.5213029125789175,0.2519585352088593,0.17250964872000513,0.054228903492218136,2,4
cd009edaae20,0.10021082376598142,0.6053338302981176,0.19141997539740915,0.10303537053849159,2,3
cd082bbb2799,0.4215528271277577,0.29071550447535954,0.1808424738866177,0.10688919451026509,0,4
cd22baf7bb69,0.2675248150480608,0.45657709069746627,0.16147718980545694,0.11442090444901627,0,1
cd26a806db43,0.15128609542918217,0.6097613789004235,0.18237255648842984,0.05657996918196446,2,0
cd3829a517ea,0.44231612078830584,0.278806343600356,0.21946890281812298,0.05940863279321514,0,4
cd3f1572832b,0.17698109166932374,0.5565226566835592,0.174005195037605,0.0924910566095116,1,2
cd430a024263,0.13137930441323675,0.6669849385168537,0.1505283579610402,0.051107399108869286,1,4
cd4526f0c63a,0.282522174211398,0.4236461489399564,0.2178499273059879,0.07598174954265748,1,3
cd50cfa54f6d,0.27358408827294206,0.4875049281423535,0.17715392439012206,0.06175705919458213,0,2
cd5dd5e6f3f5,0.26038504874894103,0.49247390692999116,0.16002773532162948,0.08711330899943819,0,0
cd6d6e960d3d,0.10140358867336313,0.5845488486433473,0.2217944062525143,0.09225315643077531,1,4
cd7b8745e046,0.5042300025131975,0.22407741454053265,0.18651017371651052,0.08518240922975943,0,1
cd8dc0c789ae,0.14483325204849376,0.5975732158116114,0.163674378354278,0.09391915378561673,1,2
cd97a120b1e0,0.2293944660714981,0.4827364911631392,0.1877440539791863,0.10012498878617607,1,4
cd9eb8ab35bb,0.22168161774901002,0.526451973621772,0.18370169109328124,0.06816471753593639,0,0
cda63d7fef2c,0.18715751715103385,0.38166297534313065,0.24024096912649281,0.19093853837934247,1,1
cdbd8e529c4f,0.27013958933544097,0.49991868678202667,0.15787429563924676,0.07206742824328541,3,1
cdbe08f51795,0.22792237534137277,0.46550596628132046,0.20081031558660087,0.10576134279070566,2,1
cdd15519ddb1,0.12759725863804627,0.6610229147774259,0.16264309041000044,0.04873673617452712,1,4
cdd75add0930,0.10034474361116887,0.6788719020381131,0.1519601825070443,0.0688231718436739,2,3
cdda51ee9f0f,0.1860798391513927,0.5376862466243048,0.2014291853585375,0.07480472886576528,1,2
cde0ab9526da,0.2475395147768755,0.46248702723576557,0.21015728275339057,0.07981617523396828,1,2
cdea7e206121,0.6161182928786336,0.17797699250112275,0.14228041501560731,0.06362429960463621,0,0
ce193df4c0fa,0.17512321506954298,0.5868855101244265,0.14618401861196054,0.09180725619407021,1,1
ce1bc101c635,0.4184152899503768,0.32814333889040165,0.17807364337887882,0.07536772778034269,1,3
ce20472bb087,0.4766261062032662,0.25225580321001495,0.1754882380360402,0.09562985255067852,1,4
ce2cb41ebc7c,0.1200430440536709,0.6456875168138677,0.1596235060349479,0.0746459330975136,2,4
ce55217f14e9,0.14151086768443524,0.6053389566096109,0.16462764270030236,0.0885225330056514,2,3
ce5c24b1bb3a,0.10943680278327449,0.6344518015679999,0.19465247009527337,0.06145892555345209,1,3
ce61060be9c9,0.444824169812497,0.2974964436439351,0.15237027999039512,0.10530910655317285,1,0
ce63acbfe9b9,0.14842924369555494,0.6486263284053164,0.1404395767389321,0.06250485116019655,1,4
ce65f4a0c584,0.3664933166796058,0.370261382905337,0.19046933898259297,0.07277596143246412,0,4
ce67c56d3bf0,0.4465190698564448,0.3509481554459365,0.1302269614593102,0.07230581323830818,1,4
ce7450de80f5,0.16097415174598179,0.539505179169,0.19671830897338477,0.10280236011163338,0,3
ce9c6941be72,0.21809381097754785,0.4456372755448527,0.23653994777120876,0.09972896570639082,1,4
ce9fab84f90b,0.15944225625560413,0.5420473862065865,0.20950617341478234,0.0890041841230274,2,4
ceb994683b51,0.09330905324212402,0.6932353032359864,0.15326744936027287,0.06018819416161694,2,0
cec0cef8568d,0.4860369726382469,0.2741588825810242,0.15861721406070667,0.0811869307200222,0,4
cec6e9fb134a,0.07483241601444679,0.6779628353207668,0.16607025303995415,0.0811344956248325,2,2
cf002a39bb2d,0.1701755813313031,0.5203712327830277,0.20842488214210722,0.10102830374356193,1,3
cf03351eb58e,0.3223905293317656,0.3850473052828783,0.19720057388449633,0.09536159150085977,1,2
cf14bc7095a1,0.36784120983382657,0.35524882923236717,0.20034545923583016,0.0765645016979762,1,3
cf1a94eeef5d,0.08747912251064713,0.6050271152002312,0.2161693022434451,0.09132446004567663,1,0
cf201551aaec,0.6403096385611411,0.15970911022782397,0.1348125874413869,0.06516866376964778,0,0
cf2bccfe763c,0.51926601478781,0.2965981128301795,0.1204688132914037,0.06366705909060663,0,4
cf6018adf8b8,0.09537451097683874,0.6324413934691818,0.185909945860849,0.08627414969313027,2,3
cf62b87ad83f,0.3597071631395918,0.3458304912891448,0.20736400667552649,0.08709833889573664,2,1
cf6b1f181849,0.14697235931363625,0.6102537836500915,0.17191505604503682,0.07085880099123547,1,2
cf70a03d178c,0.15942874715441274,0.5702440988282588,0.206296941939988,0.06403021207734082,3,0
cf7676dce2ad,0.184932661822644,0.5907339073678868,0.15631679864223977,0.06801663216722952,1,2
cf7ca67c9c68,0.15848031029640555,0.6570995187288684,0.1354281417614281,0.04899202921329803,1,1
cfa126dc4fe9,0.06188710395229672,0.7576662052934956,0.11637673272784302,0.0640699580263647,1,4
cfba05e7880c,0.13765550011326474,0.5583112445877169,0.2246188205832266,0.07941443471579207,0,4
cfc48a3e03b9,0.06521813964691166,0.6034512965897941,0.20819003732931923,0.12314052643397502,1,1
cfccf6cf66a1,0.3001798389627903,0.4657419460727666,0.15793939713385005,0.07613881783059316,1,1
cff920a92b58,0.2905368971853924,0.4169619369963648,0.19541905683805283,0.09708210898019012,0,1
d00803e34bd5,0.20638225649589106,0.4644265586054149,0.21617530227887705,0.11301588261981703,1,3
d00ba06748c5,0.502254775597266,0.2171604743490501,0.18855390766363636,0.09203084239004779,2,1
d00f5621947f,0.08728650688910874,0.606125679601741,0.21646749712817998,0.09012031638097003,3,4
d02dc4dbc13a,0.14119317056479824,0.5833537098258152,0.192183290575958,0.08326982903342835,1,3
d02f7a78a972,0.08217495998356428,0.689770937773639,0.16148984276677802,0.06656425947601861,1,3
d030fc74ae1a,0.25394989720482297,0.4281700818595814,0.20335759569415643,0.11452242524143931,3,4
d036460bb847,0.06522055390098229,0.7116055081814552,0.15347784706037582,0.06969609085718653,3,4
d03988d6ee6a,0.32792274923331965,0.3397862354509847,0.22987845432145357,0.10241256099424224,0,2
d0696b014aca,0.369010295284627,0.3559667635821099,0.13716495191784572,0.13785798921541742,0,1
d07ea6d8fcd8,0.3979740573410435,0.34912929132130704,0.18964750207937436,0.06324914925827506,0,2
d07f235fa353,0.45249933461915903,0.3040617767292925,0.13637349362424253,0.10706539502730589,2,0
d0906bce2ac6,0.35587849784861625,0.3746910848833704,0.16952264970401112,0.09990776756400233,1,4
d0bdcd1a721d,0.34086163272154985,0.3469392633312448,0.19503993957335128,0.11715916437385386,2,1
d0e43623f62e,0.12839678674453603,0.5975470482189428,0.16838301878396597,0.10567314625255547,1,2
d0e855bbced0,0.08129590969184483,0.6991757541575292,0.1536447803335427,0.06588355581708318,1,3
d0fb37d9aeb8,0.23043028879147628,0.47764604707560093,0.18964103270019347,0.10228263143272946,1,0
d0fdb5a98cb9,0.3321105620441493,0.33347174673111135,0.18563662664429648,0.1487810645804428,0,3
d0ffd118611e,0.4765548397453564,0.2854501614585904,0.1587043150612341,0.07929068373481893,0,4
d0ffd8ac78ea,0.1228399097697413,0.6278406620167177,0.170409188871811,0.07891023934172967,1,2
d104cfbe1544,0.1740540526622363,0.596712110275427,0.178973859637816,0.05025997742452054,1,0
d120a0459e17,0.12210824864018616,0.6552106520059258,0.15270208109608416,0.0699790182578038,1,2
d129ac8188d6,0.5252585796859062,0.23403165822547933,0.1535931291901529,0.08711663289846186,0,1
d12e087e9621,0.4352567078463953,0.3303928750750084,0.13884497756815223,0.09550543951044418,0,0
d14a2b12e580,0.5274914604116661,0.24580827820041154,0.13195352337586255,0.09474673801205999,0,3
d16a188feaf1,0.22282832166911512,0.5103026029195361,0.2054838804944844,0.0613851949168643,1,1
d172b5d65314,0.30474508849156373,0.46064441449342663,0.16353600164273457,0.07107449537227505,0,4
d17a6c6eccdb,0.3738547231628865,0.36523764329728686,0.1556471859328226,0.10526044760700361,1,0
d18ee0cc36c9,0.20082438693157184,0.5526843810626836,0.1671893977990754,0.07930183420666928,0,2
d191addc1610,0.27956446624223885,0.40519928665473554,0.20168779581568172,0.11354845128734396,2,1
d195eac8f7c5,0.1818304522701916,0.4781467057425195,0.23687893341207417,0.10314390857521491,0,2
d19d0011c3cd,0.47769007799320246,0.24203814583315075,0.20395110983673617,0.07632066633691063,0,0
d1b3ad13fb12,0.4081224345946948,0.28902759472700124,0.19603917611086683,0.10681079456743714,3,3
d1b3fa229418,0.28543850086609185,0.4737306378918366,0.19407740262628698,0.04675345861578451,1,1
d1b8da8b457b,0.27185666807361664,0.47000024018015474,0.1861510454519276,0.07199204629430095,3,2
d1d5510f37cd,0.34296769510630704,0.37406410638611504,0.2041378767576832,0.07883032174989511,2,2
d1df45f6463e,0.5955861772202753,0.18535608242774976,0.17048803074057842,0.0485697096113966,0,1
d1e8cfaae748,0.33780451561051,0.3528987067888041,0.19832421521540614,0.11097256238527947,1,2
d1e9e0136254,0.348495912550382,0.40663413227012474,0.18130605096385652,0.06356390421563649,0,3
d1f080b7cba8,0.23393687927527998,0.5412595880640515,0.17120725151726462,0.05359628114340371,1,1
d220d8aa68c4,0.25634513251239693,0.5201173226722441,0.16119860870111294,0.062338936114246374,1,4
d22cb5396003,0.6349057455047332,0.1534646912356615,0.150373470242356,0.06125609301724939,0,0
d2381fceb7ba,0.11102381576387708,0.6056538113378547,0.2133933964013321,0.06992897649693601,1,2
d25eb664a30b,0.10574757166890107,0.5911197697262172,0.21316221212370762,0.08997044648117411,3,4
d261ac4d6627,0.24090722508816217,0.4512895151206103,0.22977101115948848,0.07803224863173924,2,4
d27919d385f8,0.128899017813542,0.6508310247064644,0.15604122345669572,0.0642287340232978,1,2
d290c990efc9,0.5427873852481996,0.21020575522127927,0.15691697649322833,0.09008988303729265,0,2
d29dcb216021,0.3333801882963147,0.4042647998894882,0.18639551780492716,0.07595949400926981,0,3
d2be5fe90e29,0.39559282584823346,0.32491827635496473,0.16427639514503758,0.11521250265176408,0,3
d2c013dd8ce4,0.3432773119685881,0.36870191358178006,0.21113580361368675,0.076884970835945,1,4
d2c1d0cb3f1b,0.35976494691711436,0.383862294638163,0.174573507275894,0.08179925116882843,2,4
d2cc49d90758,0.2301376620993296,0.41607003346996957,0.24849370645070576,0.10529859797999509,2,2
d2cf237688a4,0.19541172064555287,0.5320972402251385,0.17357849924067476,0.09891253988863373,0,0
d2d3cdb4272e,0.18221455120421262,0.5814107708247115,0.1564409718033375,0.07993370616773816,0,3
d2ddeca64f16,0.33642827014686755,0.38229108490635894,0.18090543544103124,0.10037520950574219,1,3
d2f74c94238a,0.125986520441519,0.556990398461232,0.24458951865842446,0.07243356243882482,1,4
d30474806223,0.12016793381204283,0.6400524576041464,0.14912996574995618,0.09064964283385485,2,0
d3253e0cdc4b,0.21387294822496053,0.473175595926402,0.21515136516883945,0.09780009067979788,2,4
d32d755c49d7,0.14481707581649358,0.5659645234147694,0.21468744924338284,0.07453095152535431,1,0
d34ad0ebb757,0.18224272132008046,0.5144808744750398,0.20381457834691386,0.09946182585796585,1,3
d3539d3b0022,0.2504143693807704,0.48858113661231506,0.18750558317605504,0.07349891083085958,0,1
d35441c203d8,0.4509294846357904,0.2886085643655015,0.18612248721031466,0.07433946378839357,1,2
d35ec785b6d9,0.4285608960371525,0.2912967971871491,0.19137343775971272,0.0887688690159858,0,0
d3746284b4db,0.23501437086621807,0.497330519166268,0.19552079545803824,0.0721343145094757,2,1
d3751dde942a,0.42877754332162243,0.31214424114180206,0.18022862748819715,0.07884958804837841,1,2
d380c0640d52,0.3838842493779853,0.3660194334603368,0.12767649924955757,0.12241981791212048,2,1
d390bbdb6eae,0.35013824207565253,0.39878285789562795,0.17556127922962783,0.07551762079909145,1,4
d393eb921fce,0.3508701711571958,0.42981003989813077,0.16234576797895617,0.05697402096571724,0,0
d3b32d6522e6,0.10961312427279246,0.585461520601907,0.2236616411676292,0.08126371395767105,1,4
d3c58aec7ef5,0.5395700783743086,0.22233631774826026,0.1615968584362613,0.0764967454411701,0,1
d3cf46c2aa95,0.5648927104813246,0.267097642970373,0.12066044362862957,0.04734920291967292,0,1
d3d092d9884a,0.20824862888426354,0.5725383657543958,0.166132402222643,0.05308060313869764,1,4
d3da34d7982c,0.085057099778439,0.6831200317539626,0.14794482781590956,0.08387804065168868,1,2
d3e83031ebea,0.3869322580019914,0.34082829694840505,0.18840929483848282,0.08383015021112078,1,2
d40a26be9a1f,0.08656498355355878,0.573168256500853,0.24766397195159234,0.09260278799399604,1,4
d40b3798bbaf,0.048059289228404585,0.6801941511807446,0.1746443604367255,0.09710219915412542,1,2
d41577cf0009,0.6003403783415217,0.20356873571410936,0.126108303003285,0.06998258294108381,0,2
d419cd169212,0.1307044714596854,0.6187125201874416,0.15365693031127098,0.09692607804160192,0,3
d41cace53f70,0.41938653992926833,0.31205449626671866,0.17455452709464775,0.09400443670936545,0,3
d422862db292,0.616915294650257,0.20671531872549403,0.10055132131679063,0.07581806530745869,2,3
d42be282a595,0.14869743378583242,0.6271052805811068,0.15962510834520957,0.06457217728785133,0,0
d4335c32ac91,0.3828724508620967,0.28340953647808687,0.20078618172514576,0.13293183093467056,1,4
d435148e61a4,0.10874126412407274,0.6681481372804728,0.16493610433843492,0.05817449425701921,1,3
d45764216b95,0.3510036723567355,0.3895994736662013,0.1890325479993579,0.07036430597770546,3,0
d45793c3466b,0.07156722841034442,0.6815935848696293,0.17518299274802987,0.07165619397199634,1,0
d46dc030a427,0.3031389910516119,0.4072978768218998,0.19949163306753945,0.09007149905894857,0,3
d4891fb41daf,0.06989401635279129,0.6143676999133026,0.21300294827337032,0.10273533546053587,1,0
d493a19fdc27,0.28270122558746225,0.43516706936166905,0.20521208622173265,0.07691961882913602,1,4
d4a13c7d0be6,0.272676188557797,0.4522986920660186,0.1951064616853255,0.07991865769085907,2,2
d4ab797396b4,0.45578144572023926,0.3057006078221883,0.17312320713579074,0.06539473932178169,0,2
d4ba14d5248e,0.3649661475727018,0.35081981729918194,0.21918385219869582,0.06503018292942038,2,2
d4d230450196,0.4348313119434685,0.3092842655866443,0.1812227101328493,0.07466171233703821,0,2
d4d4ad4ecf8a,0.17253102682547442,0.5560734123013182,0.17653511764949634,0.09486044322371075,1,2
d4fd13f5456d,0.2394411105093794,0.3374923750097638,0.25742077512128714,0.1656457393595697,2,0
d4fe511721c0,0.260694301951716,0.45543501264294667,0.17829736146142453,0.10557332394391311,1,3
d50c91728f09,0.661525095725701,0.14215352786540683,0.13217849491462508,0.06414288149426733,0,2
d51b5cef170b,0.28226887603096523,0.4792605050345506,0.162688400652113,0.07578221828237143,1,0
d522ef41a34e,0.20007642090318603,0.5333209281297897,0.20730395156243503,0.05929869940458903,1,2
d52a34a2589e,0.12131449150752978,0.6533865790944312,0.17241098919248313,0.05288794020555583,1,1
d52f1544921e,0.3255685271092192,0.44542858770965893,0.1398791302612707,0.08912375491985099,1,0
d53147ecb090,0.639742791006004,0.19260128704914267,0.1020572451385466,0.06559867680630672,0,2
d55d019b0687,0.2949765502606723,0.4428614529456617,0.20248481091648818,0.05967718587717789,1,3
d569759613ad,0.10071447022696704,0.6499494197886688,0.17555299612177733,0.07378311386258668,1,4
d57d1c13a875,0.22933937603944124,0.5440133482589173,0.16740098874754764,0.05924628695409375,0,2
d5b987cc8efd,0.4292397555807176,0.3375400992446876,0.1521605369368519,0.08105960823774327,0,4
d5c12a5ebb06,0.13540671096485093,0.6442236702598345,0.16875641541813502,0.051613203357179074,1,1
d5c20d6a24bc,0.07891747719829871,0.6792320107339715,0.15294229984624547,0.0889082122214844,1,1
d5dd9cdb375a,0.23525225958090776,0.4655311134763701,0.17877087027992172,0.12044575666280044,0,2
d5e940685d00,0.5763762183758577,0.2038065799016949,0.1444935507793294,0.07532365094311812,2,2
d5f194b6bff4,0.46624852649979953,0.23299101606451225,0.16928795082361403,0.13147250661207402,2,1
d601d93c351c,0.3468259443432111,0.4209565854037124,0.15198527199495382,0.08023219825812254,1,0
d602b556cb9d,0.22445427041717478,0.5331801259047835,0.16078461515206657,0.08158098852597541,1,4
d603bdeca20e,0.4658713421415858,0.28733498035862387,0.16625280870125422,0.08054086879853593,0,0
d604aae86dd4,0.4202369625139585,0.3114918168813701,0.18065774790215106,0.08761347270252025,2,3
d61e065cdab0,0.4219086799960361,0.33528290842342934,0.18632372890426516,0.05648468267626926,0,1
d6338ff2cfd8,0.1337031235940139,0.6606649019953883,0.15698296784533147,0.04864900656526614,2,1
d64f793908fa,0.19333991509751103,0.4376269487234536,0.2443182380377957,0.12471489814123946,2,2
d65c634447c4,0.17781662817613222,0.5289315302771871,0.22011256722929756,0.07313927431738368,1,4
d662a384288c,0.3013887360982942,0.41954676728486556,0.20326611950992912,0.07579837710691094,2,3
d668a99691f6,0.28932018068965554,0.47505068362182196,0.1746128559386608,0.061016279749861776,0,1
d66df386831f,0.17670326529801317,0.5860889442738318,0.1600252661006487,0.07718252432750645,1,1
d670149083bf,0.16734888155189095,0.5816551906316594,0.18217265311856426,0.0688232746978853,0,1
d68217d20b03,0.16334091016914357,0.5758370657796694,0.19243523206196284,0.06838679198922401,1,1
d6a591a5b3fc,0.2011160156431927,0.5099612074900088,0.21208687237541915,0.07683590449137948,2,2
d6ce804409dd,0.4823427201631856,0.2732883084832688,0.16056363054469097,0.08380534080885442,3,2
d6d45608c97a,0.24189278434563558,0.49011345331927825,0.18587106256303138,0.08212269977205441,1,4
d6fe234594ab,0.4231687610081641,0.30519961059293804,0.18477864678695316,0.08685298161194463,0,3
d70a1e0863fc,0.18969799841844964,0.5738262592657455,0.16991401758638489,0.06656172472941978,1,4
d715b966355d,0.053361883506526854,0.7230480524917691,0.15713593073931253,0.06645413326239173,0,3
d745f58d5aff,0.4204095528003436,0.3140781088032599,0.18974478540182552,0.07576755299457114,1,2
d74b6ea0d497,0.1298372811200539,0.6410320732254283,0.1763952605010938,0.05273538515342428,1,0
d74c849b795b,0.49905121785979456,0.2640504720437904,0.17605991977167607,0.060838390324738825,2,0
d74dcd7ef5ff,0.24423932904300036,0.5698080678978125,0.12762475061407774,0.05832785244510938,2,4
d7561eaf0b7d,0.19242702079697657,0.585095616372636,0.16918435058780548,0.05329301224258167,0,1
d757af907e33,0.28219455999289594,0.3950183302796539,0.21123285005982687,0.11155425966762333,1,2
d7775f0cace2,0.15418560633276038,0.6051244384859449,0.15253820449325475,0.08815175068804021,1,4
d7942d6c2d17,0.3872670672023359,0.3759206370836303,0.1687747244308497,0.06803757128318406,2,2
d79d38bcd191,0.19110209474331152,0.5649300405855987,0.1932438836774897,0.050723980993600024,1,1
d7ab3582e476,0.14433980190969636,0.6287955396784903,0.15517624546617773,0.07168841294563567,2,2
d7c0a0524f8f,0.34164671255104595,0.37908168670479137,0.15576870376320426,0.12350289698095829,1,0
d7c21278a0ae,0.1256157379771089,0.5462113039782653,0.24596305356893738,0.0822099044756884,2,1
d7c37316355d,0.10069749924900125,0.5651400347386076,0.2348560732110652,0.09930639280132622,0,0
d7c6e17080cf,0.22000918760915897,0.5096623885202253,0.2216989546931354,0.04862946917748017,1,0
d7cbe5e26ec0,0.1732133831078491,0.4968077006920422,0.221369754830896,0.10860916136921253,0,0
d7cd1349ab41,0.42935438026542083,0.26040923658691595,0.18395596878413825,0.12628041436352497,1,3
d7dcd6e0f47a,0.12332278922574104,0.6294830659528936,0.18377120585814496,0.06342293896322049,3,0
d7ef8f508b5a,0.2874615424798755,0.4762587355820116,0.16208915568988844,0.07419056624822457,1,2
d7f739cf4bb1,0.1506661001161059,0.5672619600718942,0.17399887837824696,0.10807306143375289,1,0
d7f85b6dc2ea,0.2201279224655217,0.564518406107954,0.1499053488150486,0.06544832261147605,1,1
d7faada10efb,0.36649197565471864,0.39661476902598103,0.1628541107455622,0.07403914457373854,2,0
d809db32456b,0.09117007886661585,0.6621234897424467,0.186052489056413,0.06065394233452436,0,3
d81666456423,0.14248204359185054,0.5286996153628435,0.2520843874456845,0.07673395359962155,3,0
d82241b7d468,0.21298506765269296,0.525938337167916,0.19233519393019047,0.06874140124920092,1,4
d82f8ac5c3aa,0.25806219752631926,0.36978361927081355,0.25230650111969266,0.11984768208317469,1,3
d83df000b7a6,0.19424604867615922,0.5137840796893286,0.20757212760570473,0.08439774402880748,1,2
d8476a95f6c5,0.3454645993038787,0.4235065386587835,0.1325094044048536,0.09851945763248428,0,1
d86be7c7defa,0.18386591283813952,0.5536311845009366,0.18996029408518716,0.07254260857573654,3,1
d89e6a53c322,0.13242115119066644,0.6166994160891829,0.1838198395714856,0.06705959314866507,2,3
d8a361473402,0.15173700430433434,0.5931284560924317,0.1962786846533949,0.05885585494983917,2,4
d8a982947210,0.22246312426118023,0.5013229106800264,0.1708257277557252,0.10538823730306807,0,0
d8b2815cc382,0.5056533301951676,0.2440833471468919,0.1907601370467654,0.059503185611175236,3,1
d8ba78ed0420,0.21724155734428766,0.5647890051237314,0.13441149596812266,0.08355794156385808,1,1
d8c69cd001b1,0.13148625957827764,0.5915489559514119,0.20517430652829638,0.07179047794201436,1,4
d8d5a42411d1,0.08212034129443263,0.6985444964770705,0.14136139902800068,0.07797376320049626,1,3
d8e18f22e6a6,0.1896548659236965,0.5553139912553309,0.1834721988193978,0.07155894400157511,1,3
d8e2fa906f30,0.3109421948397601,0.4078833248438223,0.20896095337897372,0.07221352693744376,2,2
d8f2c08dd86a,0.16217632575253932,0.6405865581528103,0.13398536667087757,0.06325174942377287,0,2
d8f567817b2d,0.4811684062896293,0.22737515734949476,0.18715987944472862,0.1042965569161473,0,0
d8f6fee0e95e,0.3381879039637125,0.37280567243779095,0.20278229528975272,0.08622412830874417,0,4
d8fa04c1d853,0.126682004097556,0.5991260030160922,0.19563505929925734,0.07855693358709462,2,3
d8fbcfc37ef6,0.21511712397200525,0.533501684689379,0.2065621022764281,0.04481908906218763,0,0
d8fd9bb19828,0.17476284006515674,0.5486139186156116,0.20045056550065796,0.07617267581857352,0,1
d90748e85b6b,0.09698641319118224,0.6543187954181456,0.16879001894769283,0.07990477244297929,1,3
d928ebcc2528,0.11810014198357313,0.5708558010589104,0.2163099999274734,0.09473405703004299,2,0
d93242ee3944,0.15586830332226112,0.5356833712294624,0.23318042735302502,0.07526789809525143,1,1
d932662b13ea,0.13848109496786445,0.620441175183826,0.16353617295906672,0.07754155688924247,3,2
d95d173b60c4,0.46584570199283365,0.3153547530641784,0.14761487180459107,0.07118467313839681,0,4
d97364c9384a,0.374343620669575,0.3547128826784761,0.19087420199306168,0.08006929465888715,1,2
d97dffd12359,0.2861474381620046,0.3745714499844217,0.20011944746111165,0.13916166439246214,0,1
d9869f667b54,0.36611661803511303,0.3309820924102676,0.19126727663939005,0.11163401291522923,1,4
d996de7dbaf3,0.20173792936830967,0.5221562511169288,0.2023891030992746,0.07371671641548717,1,4
d9a638d70bce,0.17398643006747883,0.5226138348800992,0.21021104304956933,0.09318869200285261,1,4
d9a899cb5686,0.500065378194637,0.28242145551426356,0.16209822578154176,0.05541494050955762,0,0
d9c139995f71,0.19890454432331275,0.5184180403598946,0.18223586858397417,0.10044154673281844,3,0
d9c245fb1e90,0.4745142914066958,0.31546176337556525,0.14003488782308088,0.06998905739465806,2,1
d9c3624b9ca6,0.6084425630419684,0.23661508515169813,0.11860880026349939,0.03633355154283411,0,1
d9ccda507d0d,0.10387258639294165,0.6483761795733908,0.15842694285933182,0.08932429117433546,1,1
d9ed94436325,0.1171900805379241,0.6797140394929624,0.15083062561238253,0.05226525435673093,0,4
da0412fab70b,0.10482785511052457,0.6855723655457497,0.16024579265352787,0.049353986690197714,1,3
da08e385dcb7,0.292108409309972,0.39691471108927684,0.1967860253165065,0.11419085428424468,2,3
da0d817b69fe,0.19600285321730232,0.5720926859700016,0.1824188649517905,0.049485595860905604,1,1
da286c1597b0,0.446847026140405,0.36000605400316205,0.14853227677035863,0.044614643086074525,0,0
da30dbd6033a,0.5196812093456888,0.23060772290757567,0.17409222402441762,0.07561884372231802,0,2
da418ab5c65a,0.1584361742904311,0.5162091956096523,0.23420791802783267,0.09114671207208364,2,4
da45c7393783,0.35598239768294715,0.26843435294363666,0.24850332376399714,0.12707992560941922,2,0
da507be5f7be,0.2297892834577761,0.5087076933034718,0.15532674112563238,0.10617628211311961,1,1
da535a527858,0.1566341591062947,0.5666894057443876,0.1890762086369753,0.08760022651234249,1,3
da5783a467ea,0.120527583445257,0.5707254004645297,0.1710995091478099,0.13764750694240344,1,1
da63a5ea2b12,0.3397776187848208,0.4371309017883803,0.1515050609823766,0.07158641844442239,1,3
da879ffcc1f9,0.13533997980281728,0.5579858540129389,0.20606645597153397,0.10060771021270959,1,2
da9b63d2f697,0.32463697293451504,0.3844117764964893,0.21202749276564,0.07892375780335563,2,2
daa2aba8e7b0,0.4066859630183829,0.3805721069774139,0.1661308828436413,0.04661104716056195,1,0
daacf4460a62,0.4183430214035992,0.3410890959825127,0.15744967645794725,0.08311820615594055,0,4
dacea3ad99e0,0.11132546369753703,0.5386936360118946,0.1544696891115815,0.1955112111789872,0,1
dad2c0ee2607,0.18578607824243784,0.49675892998625604,0.21140349013228815,0.10605150163901773,2,1
dad30bc7ff47,0.1597328911200434,0.5984369964047024,0.16069825230800708,0.08113186016724669,1,2
db06909d6c78,0.16335262684719393,0.6119305135987403,0.157261250805709,0.06745560874835665,2,4
db14e640e037,0.5511478009710884,0.2235284926458389,0.1295074027403917,0.09581630364268107,0,1
db1bb68655fc,0.1350614524575141,0.6587756062612222,0.14663118548484383,0.0595317557964197,1,1
db29f6ed9d3a,0.5479073921708385,0.20098973560758174,0.17401305378839227,0.07708981843318755,0,0
db2c984ad877,0.17718583873708854,0.6121094935485091,0.14873412918987003,0.06197053852453242,2,2
db406f865d2c,0.6784446286738743,0.15270677954852796,0.10876599464021798,0.06008259713737991,0,4
db48ecc61b3d,0.4498608572652105,0.2901755580646341,0.17185086413821354,0.08811272053194184,0,3
db4d0ddc1235,0.26622613820392055,0.47971190806666075,0.15166148881778596,0.10240046491163271,2,0
db5be2895a72,0.11748092112098202,0.6830407412594192,0.13178239641075715,0.0676959412088416,1,2
db70f01df58b,0.23293455235416863,0.4414391403302856,0.20692310038378064,0.11870320693176507,2,0
db7bacaad1ca,0.2667493114974536,0.4730294880634971,0.1625977491596395,0.09762345127941009,1,3
db7e1c572d15,0.3362625768114086,0.4772420173176764,0.1421597205975444,0.044335685273370416,1,0
db8d0318b5af,0.48401223184839504,0.2766836223105527,0.16454676329351603,0.07475738254753639,2,4
db9298d9ded8,0.07895153176135161,0.6582594713943924,0.18948830010832435,0.07330069673593125,1,2
db97eeddf9ef,0.16534426723386791,0.5610091127647895,0.205531595849275,0.06811502415206787,1,4
db9f9c62dc00,0.5514584341690678,0.24768026556649808,0.14971416901748366,0.051147131246950306,0,2
dba658c69988,0.31770894363208846,0.3930723943040415,0.20357432403758066,0.08564433802628944,1,2
dba690393e1b,0.2078303728303096,0.5216361776949159,0.18917636125934506,0.08135708821542946,0,2
dbb6d75304ef,0.6380284153757697,0.17986286184483133,0.13171406086423637,0.050394661915162946,0,3
dbf005c67f42,0.3919815080911722,0.28112601003272236,0.19892798417177318,0.12796449770433208,0,3
dbfb54d68d5c,0.4325072800618904,0.2935328118782163,0.17836872427989434,0.09559118377999913,0,0
dc074c261a90,0.20197057955310085,0.5163244598543782,0.19294162721858618,0.08876333337393451,0,1
dc0fed8c8737,0.07132584726086276,0.6630437315684041,0.19235319218176827,0.07327722898896478,1,2
dc2115b5198d,0.06681061879749206,0.699883852373598,0.1609046064723147,0.07240092235659489,1,3
dc290fedef27,0.13493289698910893,0.6617856478171101,0.13593897043595482,0.06734248475782614,0,4
dc2b14b11aaf,0.14792699568003928,0.5919920513469732,0.187533346366706,0.07254760660628164,1,2
dc3c2c613d0c,0.2362747248710365,0.47510765237659536,0.19294133138853461,0.09567629136383342,3,4
dc5ad30410e4,0.08150196573822648,0.6478141155455351,0.17925157551855025,0.09143234319768788,1,2
dc5e5ab68387,0.3264083844866548,0.39973362777857985,0.1980630933812024,0.07579489435356312,0,2
dc632437d7c9,0.37064278680739027,0.43142358478622356,0.1407667344478255,0.05716689395856056,0,1
dc6ce7c92fe6,0.42162427171146233,0.28793716510984313,0.1667994218057378,0.12363914137295659,3,4
dc7ddcf65b4c,0.07389150578989355,0.5813952945749503,0.22194104035885678,0.12277215927629945,1,2
dc8dd6a3ae7d,0.34570453386634853,0.37838714673226376,0.205535259234302,0.07037306016708539,0,3
dcaa76ec8d44,0.2403403772367629,0.4665128880491131,0.20745306348430193,0.08569367122982213,2,0
dcc6632b56b4,0.26769738522226283,0.43733630316483607,0.21451291023882224,0.08045340137407886,1,3
dcd5cc87f977,0.43044824559146033,0.30330026388773496,0.18202701616166095,0.08422447435914386,1,3
dcd9d77c6ac6,0.3994244011194514,0.30252510674005956,0.19940259317015308,0.09864789897033596,1,1
dcea6c3e62bb,0.13934671159667866,0.6232887053638849,0.15837978751175877,0.07898479552767793,1,2
dd08a4d54544,0.36687269210784623,0.35824774563065337,0.17644074013202776,0.09843882212947243,1,4
dd148f46bf1d,0.22040052679964345,0.5328395183919739,0.16492406534615275,0.08183588946222962,1,0
dd31f8f3d087,0.15896566838531473,0.5804767463411179,0.1815032881519145,0.0790542971216527,1,2
dd39287d4cdf,0.08762601644765544,0.6675238177559494,0.16140432506936228,0.08344584072703307,1,4
dd47f215e92a,0.48123739475365057,0.27857524509471876,0.17329453313839016,0.06689282701324054,0,2
dd4ce54aef62,0.1568891822120513,0.6034786590062593,0.18013908449737262,0.05949307428431701,2,2
dd50b4d48244,0.11512465772285932,0.6391253078882954,0.1887971484405528,0.05695288594829242,2,3
dd55cdedbede,0.32381467806122305,0.43887460474405054,0.17462596702834296,0.06268475016638345,1,2
dd60b8bfb2d2,0.5306933783247196,0.27379635555290094,0.14857890387798964,0.04693136224438945,2,0
dd7ae61dc7e5,0.22822034785161383,0.4841106849613752,0.2044225617539626,0.08324640543304845,3,4
dd7aeb805eef,0.21625039851417513,0.48174662804753926,0.20185967498843108,0.1001432984498545,1,4
dd8b8a5c9307,0.23724318145706763,0.4638864206903401,0.20689763453544757,0.09197276331714471,2,3
dda0d73e068c,0.4734151223940259,0.3236061379307219,0.14029705079164864,0.0626816888836032,0,1
dda1563c0620,0.1146927921582612,0.6552558451147337,0.15909391599717085,0.07095744672983444,1,1
dda68db29fdd,0.4265412425900535,0.32505597516889817,0.17627888351502835,0.07212389872602021,0,3
dda7e9290f64,0.17242418651924107,0.5315235063627073,0.2274928811709983,0.06855942594705343,1,0
ddb8e432479a,0.17582352960364903,0.5170926642228951,0.19782820110546023,0.10925560506799542,1,0
ddbe636ad06c,0.12121682943792579,0.5926746859026747,0.22473140915009562,0.061377075509303915,2,0
ddc659c2e59c,0.24979444376845147,0.49444214777098905,0.16973891273471153,0.08602449572584765,0,3
ddc87971f87e,0.32980985778097155,0.3889720648960421,0.16478207722464228,0.11643600009834389,2,0
ddd30a3355ab,0.12914542207783794,0.6539473087564214,0.15748900485243958,0.05941826431330118,1,1
dddc5467ff7a,0.4546438170762472,0.2592771533958189,0.20177477792126003,0.08430425160667414,0,3
ddf50c05459b,0.11463813033251077,0.5665420927963589,0.25131951092039,0.06750026595074046,0,1
de1f16eadd95,0.5649661308353541,0.22942275419060978,0.14660143863305608,0.059009676340980234,2,3
de2d1a60c2af,0.4294467630395045,0.3234714622283273,0.18108686109499456,0.06599491363717379,0,2
de333ed072c8,0.3591214013303047,0.3854347770988064,0.15595631364223767,0.09948750792865155,0,3
de33d3a51e83,0.36797078830288704,0.3809684860840457,0.16652057232727985,0.08454015328578735,0,2
de44f6af8b10,0.15568252998861762,0.5847739390910548,0.16903312110795776,0.09051040981236953,1,4
de4ad8d40fdf,0.15525204923429606,0.47302479145252313,0.2670417989321578,0.10468136038102294,2,4
de53947e43b9,0.24372781958146084,0.5272954490536238,0.17702273486388254,0.051953996501032836,1,0
de76a012b637,0.30886613207910424,0.4477719615669913,0.1510577741952307,0.09230413215867371,1,3
de7934b835ca,0.6234893974837746,0.20569213103992356,0.11646804645249532,0.054350425023806624,0,4
de81caee7374,0.261759004266536,0.4434150240742365,0.18944139782724562,0.10538457383198166,3,4
de975d080334,0.26444241501419324,0.4733014268481916,0.20488667330208143,0.05736948483553373,1,4
dea5608c3e0a,0.14671143641773451,0.5727807645241887,0.206805564994598,0.07370223406347919,1,2
deca3972c352,0.16391235234355403,0.540816336764021,0.20350892518479805,0.0917623857076269,1,1
decc8130c6bf,0.24041477071326625,0.47073079599263584,0.21349203513749376,0.0753623981566041,0,1
ded38a5051da,0.2520514641174574,0.4387749550045105,0.20865752358219175,0.10051605729584027,3,4
ded489f168bc,0.5137287327346803,0.20817163349940396,0.16159977109601728,0.11649986266989837,0,3
deee69329e9b,0.1613336994825123,0.6149220531558405,0.16089310370486237,0.06285114365678506,1,4
def37f7cd713,0.42934277154672945,0.3614903379742048,0.14115183968044825,0.0680150507986175,0,3
df07c0223107,0.25020662946130556,0.4672510654426517,0.21927340115353314,0.06326890394250968,0,4
df1750048937,0.07170211687208496,0.6701590299623249,0.18313641940113173,0.07500243376445864,1,0
df21842cfe5e,0.3113276796170992,0.42289574929042556,0.189368649394825,0.07640792169765015,1,2
df37fe53632e,0.46982318107249843,0.23224695884158708,0.19588106204178882,0.1020487980441257,0,3
df453764e19c,0.07855604453457728,0.6728198122266786,0.155283302715307,0.09334084052343686,2,2
df45b695ea21,0.3144993626506548,0.40547430375182536,0.18470980226217704,0.09531653133534275,1,4
df4722bbd29a,0.10831247409838007,0.6364966171778776,0.16517565960844707,0.09001524911529528,2,3
df4a3d3d27ba,0.4523867943871991,0.3275555395362266,0.15280136543825312,0.06725630063832116,0,0
df68e31da347,0.2824296645248972,0.4250688113266849,0.18672998266699917,0.10577154148141854,2,0
df6b420aaa31,0.1287188587645355,0.5929189092700742,0.1962099697680864,0.08215226219730412,0,1
df6b45073c39,0.3644708595445097,0.3368176346249648,0.18978673012459596,0.10892477570592964,1,3
df74415b31d9,0.08091805869753836,0.645676540836631,0.17375952213531617,0.09964587833051437,1,2
df89af5f42ef,0.13797302775298756,0.6716422940919169,0.12223804184553436,0.0681466363095611,1,0
df89f8a12033,0.34084078996766604,0.447612376587343,0.15285663675815633,0.058690196686834464,0,0
df924511c439,0.4123317057816435,0.3650026701592342,0.17008251728907356,0.05258310677004883,0,0
dfb6127e91ca,0.24523721131639709,0.47972421751195454,0.19994825022350765,0.0750903209481408,0,3
dfbe54ad1d85,0.5782779696365388,0.19887737655497012,0.16190761722916447,0.06093703657932649,0,1
dfc0decef09f,0.17867592048551548,0.5012495628473937,0.21975575398113323,0.10031876268595721,1,2
dfd673001c50,0.42069171548464773,0.37136047941607975,0.15346411455136147,0.05448369054791099,2,3
dfdf3913f6eb,0.07426764136990757,0.6928837546708053,0.1518866861278074,0.08096191783147955,1,0
dfe556626958,0.23564154590392505,0.3831770904244023,0.25757732013579693,0.12360404353587534,3,3
dffe7deb873f,0.11656197827575909,0.6042255765680046,0.2053771328679996,0.07383531228823674,1,1
e00eb01eab38,0.14900979074220877,0.5383902404497548,0.1974272438614122,0.11517272494662419,1,0
e02bbb13a371,0.4374660444424315,0.34813691088588433,0.15164170469484575,0.06275533997683873,2,2
e02f99a44c18,0.2586656455441108,0.45312351087311725,0.18900251833089268,0.0992083252518791,0,2
e033c4a5100b,0.07878902900395508,0.683673780022005,0.17210306267266096,0.06543412830137932,1,3
e03476810a2d,0.20099265313817594,0.45797766702286236,0.23272211558263523,0.10830756425632668,1,3
e03fb79d272e,0.2231839901452932,0.5136981801638082,0.18125826760125027,0.08185956208964852,1,2
e092291d0802,0.2652405687584709,0.4818441793115261,0.15754314997100904,0.09537210195899375,1,4
e0944b64b80c,0.3535611707974025,0.39834270982625086,0.18448598912961883,0.06361013024672801,0,4
e094984999c2,0.12214731657921002,0.6252426271407032,0.18658139594494239,0.06602866033514422,1,3
e0b5009d6492,0.07851599715270358,0.6519046643453212,0.17932732492192857,0.0902520135800467,1,2
e0d90a4de0c6,0.18924382353493008,0.5878668604763657,0.16143208162090897,0.061457234367795065,1,1
e0ee01a012f0,0.228040109322015,0.5723977225953071,0.14886890242269019,0.050693265659987934,0,4
e105b07fb9a8,0.5322397608870294,0.30784294829101755,0.10361040699775984,0.056306883824193486,1,4
e10ad2e7182d,0.2704732824804315,0.4267236117619568,0.20554062927319958,0.09726247648441186,1,4
e10ae9dd5000,0.24932009206312503,0.5187923152044733,0.17196484385614128,0.05992274887626088,2,0
e11d6e9affa1,0.20729719676656952,0.5526075021457093,0.15596539073462035,0.08412991035310093,1,2
e126d9d23457,0.14519628794243097,0.6375269717515074,0.15229156339907785,0.06498517690698356,0,2
e12de19718d2,0.22651558339406552,0.5314409033631712,0.17017879807803193,0.07186471516473134,2,2
e13e117a8d82,0.23299057580832996,0.535962787095578,0.16332576767040424,0.06772086942568777,1,2
e156dd640b9c,0.09717290151240744,0.5689973274589664,0.24095258408482012,0.09287718694380633,1,1
e15b98946bf7,0.44994723450637536,0.2921929549713234,0.1685973538064998,0.08926245671580137,0,3
e164f3b294e9,0.33628231298167455,0.38720063563871737,0.16768597283000194,0.10883107854960618,1,3
e171596e4b75,0.2597755894259567,0.4634369389445057,0.20406338863337606,0.07272408299616132,1,4
e17921c991eb,0.6401401057092343,0.20122042081875602,0.1123511530676809,0.0462883204043291,2,2
e17a546bc355,0.11929517569781091,0.6471258707442583,0.1576630388507328,0.07591591470719809,3,2
e18155c4762b,0.5740334579477651,0.21392537477197787,0.15196326516630232,0.060077902113954876,0,0
e19121eb93f0,0.07900968490835587,0.7258689977087448,0.1399269697851947,0.05519434759770475,2,4
e19849e1c8ae,0.3420432218170502,0.42571002885705594,0.16814100656743636,0.06410574275845757,0,2
e1c1ad4b1e61,0.26691264193987596,0.4540276957998036,0.1972934601368207,0.08176620212349978,1,4
e1c473641416,0.43257145668624525,0.2873873762282318,0.20009869903972852,0.0799424680457947,3,4
e1f5682712bd,0.08464364433751244,0.5571074494401463,0.2616711045270613,0.09657780169527985,1,1
e20a1e0b539e,0.3763337008122988,0.3519566720813221,0.19797826406070385,0.0737313630456752,1,3
e21989eb3b6c,0.15519556772866494,0.5329097729688225,0.2222909417990504,0.08960371750346213,2,4
e24e639f39a9,0.06854972335122311,0.6172223507354393,0.21049405392916604,0.10373387198417154,1,2
e25f6e723ded,0.5067950216603746,0.23986577701659048,0.16023839385986777,0.09310080746316694,0,4
e27dbf267565,0.5495016374166001,0.24090947101462623,0.15593763039967207,0.05365126116910183,1,1
e2822dd69c4b,0.43902550440156973,0.34111647815764384,0.13155787173725975,0.08830014570352647,2,1
e284cafd4bdb,0.19236645562031487,0.5323282658034585,0.19477040279149835,0.0805348757847285,2,4
e28655aad4a9,0.17321474621140248,0.5025004192710082,0.2011313644145213,0.12315347010306787,1,0
e29617323fef,0.15594325196441142,0.5726741011291484,0.1967771713753349,0.07460547553110526,1,0
e2998bb6695c,0.1274976005465438,0.6563655536516964,0.16315610754828055,0.052980738253479424,1,4
e2a9723236ca,0.13043798657001482,0.6148675673720082,0.151900881980176,0.10279356407780096,1,1
e2adde6885e0,0.25438246762339206,0.4304021631413551,0.2356721704387411,0.07954319879651127,1,3
e2afeb565737,0.14581330484387633,0.5386708228511524,0.20017008445018836,0.11534578785478279,2,1
e2c18c715bb7,0.2920622491415575,0.403317791608266,0.21975651375187935,0.08486344549829726,1,0
e2cbe011b94d,0.08275872793752605,0.6545865539419483,0.20509090167029528,0.057563816450229933,1,4
e2d20a5c9d8f,0.12053331748749949,0.6350764417666646,0.17679648732682782,0.06759375341900828,2,1
e2e852552b7f,0.36072964123014445,0.27700806522832777,0.22857191037934116,0.13369038316218637,2,0
e300a4e86207,0.08896968424998003,0.6103378689968639,0.197754166167917,0.10293828058523927,3,3
e3209b62ec59,0.3526275092714638,0.38686101832398273,0.18264023416667724,0.07787123823787634,1,3
e32e5c4bb5c2,0.11746111613622912,0.6056054251627947,0.18031961875736627,0.09661383994361022,1,2
e34c6533b5d2,0.4211512963188543,0.31145849511664436,0.17486515008952555,0.09252505847497573,3,4
e3508efe3bb8,0.309350904005541,0.44362386216229877,0.1819893048014477,0.06503592903071266,0,3
e3628650afa3,0.12346471991528017,0.6726372909214139,0.1591136574670854,0.04478433169622088,1,0
e36dac4d5aca,0.2766856131121212,0.479987090034638,0.17848787868874538,0.06483941816449533,1,1
e37291d60bf5,0.3449529140446115,0.38646435831779813,0.17786996771272298,0.0907127599248673,1,2
e389cb066bd8,0.29708410668132573,0.3436461787099792,0.25844148502957565,0.10082822957911931,0,0
e38bf848a4b2,0.22915182778343826,0.5178818418555557,0.17961057232234923,0.073355758038657,2,4
e395615a9a0d,0.34337666785521864,0.3628578156060607,0.1957433676973152,0.09802214884140552,1,4
e39daf2d9636,0.1480938893194092,0.615526682478481,0.16229358110419392,0.07408584709791574,2,1
e39f4a252cb5,0.37520770556952193,0.33995094053900304,0.1879457624107486,0.09689559148072675,0,3
e3a350da2859,0.11789667875434462,0.6573412733260919,0.15628739360902624,0.0684746543105373,1,0
e3a355a01aac,0.24608452715707657,0.425804613619175,0.2205211967821814,0.1075896624415669,1,1
e3a68b6c54b5,0.28806971482035676,0.39229265575052047,0.2153241533538006,0.10431347607532211,1,2
e3a9b892e7c1,0.5633615146388644,0.23701366597991538,0.13918750628822074,0.06043731309299915,0,1
e3b546093b7c,0.13220673255186888,0.6176702618242725,0.17447642703028227,0.07564657859357611,1,2
e3e0b34968ad,0.29144638773036846,0.42161221888636385,0.18209651234244312,0.10484488104082465,0,2
e3efcee5464d,0.18031346372627652,0.5124823408626629,0.22664894552289147,0.08055524988816923,1,4
e416f944cb42,0.28757578905363745,0.427410171796927,0.2036823798244381,0.0813316593249974,0,0
e427306ddc9a,0.28154313295336514,0.46265210029988474,0.19673111767356394,0.05907364907318617,1,4
e43ad5b5e137,0.12750180799591082,0.6051583314420471,0.19358809082137016,0.07375176974067228,1,2
e43c10ce7933,0.053724265786905756,0.7286584385342184,0.16158711332712136,0.05603018235175462,2,0
e44d13263cba,0.6098346067774605,0.20945719118547687,0.110384924652941,0.07032327738412142,0,4
e44d1faedace,0.1942550289599894,0.4487953439279655,0.2239526331086265,0.13299699400341855,2,3
e45231baa93f,0.24241802185609662,0.49522067742038556,0.18660591440898136,0.07575538631453638,1,2
e462b50ef489,0.21206448149804155,0.5575443188320676,0.15067808575425126,0.0797131139156394,1,3
e4645a71f19b,0.3774297961966967,0.4100259691636635,0.14818509865530685,0.06435913598433268,0,2
e479851df410,0.16810374201907397,0.5806753422090956,0.17269191017624416,0.07852900559558641,1,3
e487f7e3b6a5,0.10743342135137308,0.6460512497800627,0.1789409038628756,0.06757442500568886,3,4
e48cc454acd6,0.10575618571503276,0.5873545477264379,0.21240188355465073,0.09448738300387866,1,2
e4a4248cf6fc,0.4973310145751822,0.33633844655752404,0.1103274271483784,0.05600311171891579,1,0
e4aa7df34266,0.06711276129620367,0.6834551733836615,0.15953440062139632,0.08989766469873853,2,3
e4b2c5f23e08,0.2966470951738402,0.3767692668098509,0.23207696403220918,0.09450667398409984,0,1
e4b50e7402c3,0.23214659962788578,0.46443984993045107,0.19963634761752239,0.1037772028241408,0,3
e4d47cc836a1,0.39545032429754984,0.3578914031747854,0.1612390356486732,0.08541923687899158,2,0
e4f280b01af5,0.44738038335118707,0.3177231345381816,0.13724895859621955,0.09764752351441161,0,2
e4fd12eef363,0.20277075303850944,0.5565065938028797,0.19099751657260775,0.049725136586003256,1,0
e509fde57a70,0.3445875803777818,0.430757437081323,0.13770902032242124,0.08694596221847394,1,2
e50d56f75dc9,0.10174041047481877,0.6662356298808163,0.16164543318951002,0.0703785264548547,1,3
e51850dddb1d,0.19953874607218502,0.4724610156957166,0.2096536334308315,0.11834660480126696,3,0
e51b2fc7f149,0.24392693960172585,0.5052415472601899,0.19444575027558986,0.05638576286249418,0,2
e51c3f2307f8,0.0895468235731603,0.6624018566537826,0.1957162200287575,0.05233509974429939,1,0
e52bdc15086a,0.19178484883466415,0.5507805827421324,0.17791888232030378,0.07951568610290011,3,0
e53355bac9ce,0.21682275415813643,0.5353667400272146,0.200446831200885,0.04736367461376394,2,0
e550c0ee9fc4,0.5684615160939281,0.20162358832341729,0.1683843245152895,0.061530571067365016,2,0
e562c9ac6268,0.09839930647817739,0.6602302515525241,0.16031738197728115,0.08105305999201698,1,2
e56e71389ba2,0.19268585133385602,0.5958873641035737,0.154233022135536,0.05719376242703484,1,0
e578212ad3a6,0.1624937502477565,0.5713937277183035,0.1799924025154236,0.08612011951851617,1,0
e58718f4aa74,0.09375078560943849,0.679319570498224,0.1445431420079286,0.0823865018844091,1,1
e598f9bfe550,0.3049135731643887,0.40781676757242175,0.2139961602449468,0.07327349901824298,0,2
e59ac8552f60,0.09899684885636555,0.6464742468739438,0.18333219654825733,0.07119670772143315,2,3
e5a7aeedd323,0.21436089965189148,0.4689001458528735,0.22617419813028136,0.09056475636495369,1,0
e5e19b32a270,0.21236976129781285,0.48996295354738695,0.22028899322285722,0.07737829193194302,0,0
e5e2dbcbd9d2,0.36859544462653426,0.31097545198957804,0.18232643680138827,0.13810266658249953,1,3
e5f1860bc360,0.5331301895556481,0.23350345743657988,0.15733732161557232,0.07602903139219946,0,3
e5f97fa3f2d0,0.12336710681150159,0.5796643475074683,0.1999582531951276,0.0970102924859025,2,3
e5ffc5baa978,0.10972399273078724,0.651054047445897,0.1494161822792387,0.08980577754407691,2,0
e6069f2cab57,0.3644457180624819,0.36457855377555487,0.1374397240420416,0.13353600411992175,0,1
e60a0bcf8160,0.6667058597478274,0.14455356335528055,0.1275838668780911,0.06115671001880104,0,2
e61140a68866,0.08411812100663499,0.6208057857657203,0.1933615904132461,0.10171450281439841,2,3
e615b95130a4,0.6004239354367109,0.20364118680149246,0.13991288516945935,0.05602199259233725,0,1
e619787c1a07,0.15563745093054357,0.5662714943784608,0.20957854116925667,0.06851251352173886,1,0
e63929e6add1,0.06933188898232272,0.6649707879599434,0.19320080745879586,0.0724965155989383,1,1
e63cd8a6d04d,0.10488738772952519,0.693807588153936,0.1348880468394455,0.06641697727709389,2,3
e63e246debfd,0.4062429792145679,0.3411296600144319,0.1621071025469981,0.09052025822400228,0,2
e6505c104184,0.501217204399803,0.2817974072318679,0.1611730653256919,0.05581232304263707,0,2
e65207f12ea2,0.23827533177156973,0.4442768881178452,0.24525351506518722,0.07219426504539765,1,1
e67619d00b58,0.3215855070630495,0.39025906412457745,0.1881008370166146,0.10005459179575814,1,1
e687b28d3864,0.3282666799541597,0.36938198396869576,0.19846738406644981,0.10388395201069439,1,0
e6961147acfd,0.32218104737817993,0.34813739780239855,0.22878436483583103,0.10089718998359064,0,2
e696904df3be,0.1183097143215719,0.6285413946861803,0.19779226547306644,0.055356625519181385,1,0
e699535e65da,0.2652012914129912,0.4180825190747752,0.22366569061195296,0.09305049890028079,0,0
e6ade0ee672e,0.24176052869402512,0.46004676526288973,0.16716906541344312,0.13102364062964203,1,0
e6dd6efb3de0,0.44866335116257383,0.28979783907011747,0.18370512269265363,0.07783368707465523,3,4
e6de6fbdcd67,0.11006417118505478,0.6428013719023349,0.18383324743017337,0.06330120948243714,1,0
e6e361d6a84e,0.24759488170213237,0.46841141113633983,0.1769882166011517,0.10700549056037596,1,0
e6e404e7db47,0.12157251622435732,0.680095366750652,0.14499955187742528,0.05333256514756506,1,2
e6e920ea0609,0.09632986372316249,0.6534556503917397,0.18515493753905535,0.06505954834604269,1,3
e6ee4827951b,0.11663829228076308,0.6293788086941026,0.19516338725323562,0.05881951177189867,1,2
e6f3ba0b25c5,0.19240237903283766,0.5508744000110272,0.17617955110286587,0.08054366985326963,2,2
e705df6bf622,0.11102767568487013,0.6400174657710342,0.18401882396371935,0.06493603458037617,1,4
e7108595fb09,0.0778798446249552,0.6909155386107816,0.16385399666127098,0.06735062010299199,1,3
e713de5fa2f1,0.45573456761143916,0.3590930314587191,0.12026794108353818,0.06490445984630334,0,4
e714c61cedb5,0.13972688965958205,0.5960652064065367,0.1874718847756227,0.0767360191582584,1,0
e719973c92fb,0.5747649988819227,0.2201848601323256,0.1226005110383224,0.08244962994742944,0,3
e72c3641aff5,0.20443113998716686,0.5484603732603311,0.19567018378803003,0.051438302964472264,0,0
e737a74a9830,0.23113091111481657,0.4690496929058506,0.21527574168889532,0.08454365429043725,1,4
e740a2577d7c,0.6044360889697632,0.1729700166698765,0.1565665438302063,0.06602735053015414,0,0
e750ed589351,0.4610397135791669,0.3195066635337397,0.15181291730793922,0.06764070557915433,0,1
e751ae5d2da4,0.1185452404994855,0.6269518778399513,0.19034321132168588,0.06415967033887697,0,3
e752b12382d1,0.22870321189711412,0.34659593723516896,0.26457389898798167,0.16012695187973525,3,2
e764f1cb364c,0.3840449492014122,0.3901401274462267,0.13918673755729782,0.08662818579506328,0,2
e7652a255494,0.28454010190830514,0.5169087837553883,0.13742335840280076,0.06112775593350577,3,4
e770c3c0df1a,0.40310904295165967,0.33633383779488163,0.18346587556385438,0.07709124368960407,2,1
e773dcdd7200,0.21632086145153634,0.4799439395532586,0.19364302461123506,0.1100921743839703,1,2
e78731870e9a,0.1834110859636268,0.5364068594682907,0.18722753059947123,0.09295452396861113,1,3
e7991479fcde,0.292530009451553,0.3342280748288503,0.25359735557871466,0.11964456014088148,0,2
e7b519c4b318,0.4922053514091914,0.24443383222837237,0.15850817663334815,0.10485263972908816,0,3
e7bc5f198df7,0.22308911851651494,0.4408680123265263,0.21237117335127162,0.12367169580568745,1,0
e7c4f060e6d4,0.10712306043041879,0.6168698618373735,0.1966884173723804,0.07931866035982751,1,4
e7c75b329ac7,0.3915665443380752,0.19954723562350044,0.2957161574171514,0.11317006262127302,0,4
e805aa5e9f9d,0.27631383139171717,0.34028791155740706,0.25673594019878215,0.12666231685209378,3,3
e80a00183db9,0.4077244095105976,0.3220036574256851,0.20203310251397225,0.06823883054974482,1,2
e81975072f7a,0.23779806797332903,0.49076347622460775,0.18627656837330486,0.08516188742875826,1,0
e82dabeb2c01,0.29725104867044494,0.36655597954366376,0.25848834032755225,0.07770463145833904,0,4
e82e8c609e01,0.47867801830339374,0.3007834067268443,0.1454372408815824,0.0751013340881795,1,1
e832781629fd,0.35566969309221624,0.34335152682264813,0.21941870023763363,0.08156007984750174,1,2
e83599857d12,0.3169367217425663,0.38451419715173046,0.1743139892356729,0.12423509187003025,1,4
e867ef0d690a,0.11666596752724201,0.6434822499350247,0.14465634691691379,0.09519543562081949,1,1
e86da5ced3d9,0.13478917350508196,0.6367232802575211,0.17116050388256282,0.05732704235483383,1,3
e8738bc58dca,0.22920518764021558,0.5360844173810481,0.16104526346677445,0.07366513151196204,0,4
e8752745d466,0.1721798105778859,0.5680926341416704,0.17145879208178388,0.08826876319865948,1,2
e87937446df8,0.1534066422390667,0.6100632603378829,0.19118126747225597,0.04534882995079433,2,1
e87a9de37972,0.5761790588274801,0.24500551226929623,0.13134309533342126,0.04747233356980247,0,1
e87c1dfe1c1f,0.4367567561833397,0.3647528113104649,0.1438757929064465,0.05461463959974895,0,2
e8956cd9117c,0.30594506153529916,0.4466562360068586,0.18547460501756094,0.06192409744028127,2,1
e8ad62a8f5d4,0.14364417152375633,0.5721897574966205,0.20549573520014186,0.0786703357794812,1,3
e8b4637a1396,0.3252512647279998,0.3395873380688465,0.2248973436992842,0.11026405350386954,2,4
e8ca5a4146ab,0.14912734154329718,0.585751832497121,0.1936507989995989,0.07147002695998284,1,0
e8cd174b1e73,0.17780040801225766,0.5071404185902024,0.20273908240501679,0.11232009099252334,1,1
e8cdd5d7becb,0.16685516948961926,0.5883414121315581,0.18477117336394264,0.06003224501487979,0,0
e8da31ab0da5,0.20405598611798936,0.5803759334210192,0.1627706992685199,0.05279738119247116,1,3
e90d4db7ddd4,0.29920674527166785,0.4019213139678325,0.21642385214421353,0.08244808861628587,0,0
e90dd06ea8a1,0.25427017737942514,0.5354036701169645,0.14516921729468346,0.0651569352089264,1,1
e9268097a0d1,0.2484844086655146,0.427516566640232,0.16534596681715522,0.1586530578770981,2,1
e93a46774f00,0.14179722466848482,0.6068865524011533,0.17646072958190454,0.07485549334845731,1,1
e93b8361bfd0,0.31593239500210357,0.4659487743424378,0.16591478113196928,0.05220404952348948,2,4
e94ccb56b277,0.23997121636040494,0.41428515359569384,0.22004991052687273,0.12569371951702848,1,3
e96f12697ca3,0.29167911726439183,0.4680044873676243,0.17287420555722713,0.06744218981075684,0,0
e97d25d7e522,0.16236351966849177,0.503051206485059,0.2317689306977213,0.102816343148728,0,2
e97d79485202,0.25854755502432925,0.47554615793068933,0.15978516505792725,0.10612112198705419,1,0
e9875afe7532,0.3658824064962428,0.4215187284334487,0.1255890386040337,0.08700982646627495,1,1
e9ce880f2202,0.2819045303734218,0.45878433648746525,0.21539473455953448,0.04391639857957853,3,1
e9d5e9c6fd14,0.09444234077949695,0.6322217825940178,0.2079269612863777,0.06540891534010745,1,3
e9ede9640810,0.375805712232551,0.4343051087725859,0.13330348415766904,0.056585694837194354,0,2
e9f977bc280f,0.26943714489682874,0.4308751014629426,0.19172940109540212,0.10795835254482664,1,4
ea095c5991c3,0.6379034885503333,0.19456602628573694,0.11102953745357834,0.056500947710351475,0,2
ea1b70752c62,0.2188160075946762,0.46522271337699295,0.2561749886043789,0.059786290423952025,1,1
ea1bf78bc0ee,0.18346223748744092,0.5373069307977851,0.20892908346504788,0.07030174824972607,1,4
ea2d09b4a59f,0.1791862202958708,0.5446191323322678,0.20541482741708642,0.07077981995477489,1,0
ea44061da219,0.12773945166512649,0.6071528674195263,0.17055169285337465,0.09455598806197249,1,0
ea4e755480da,0.2562464066255531,0.46677570489034464,0.1784722194912147,0.09850566899288751,2,2
ea71dbbcf2ab,0.2563759053122856,0.4055605040658611,0.23893548221764746,0.09912810840420586,1,3
eaac01660339,0.11258848657194954,0.5447794781149524,0.2499177988292728,0.09271423648382501,1,1
eab43c22f6e3,0.2980294511031961,0.4589225869360934,0.19868947507174708,0.044358486888963544,2,1
eadbd008393b,0.11941159211758572,0.6038202199731866,0.17784686173240521,0.09892132617682259,1,0
eae003afb999,0.4365219151457509,0.320952624718319,0.1504030317949915,0.09212242834093858,0,3
eaf7e92ddbd6,0.23867533178788677,0.442106075143119,0.22755861221205043,0.09165998085694371,0,0
eb17643599fd,0.39470756410280344,0.3274122544747182,0.17831485616782514,0.09956532525465336,0,4
eb1e40c40c88,0.24854941606932787,0.41879798558521597,0.2274256726469362,0.10522692569851988,3,0
eb25647982fe,0.18517777222056495,0.5906855332266671,0.1724463461461694,0.051690348406598856,1,0
eb28eda6261a,0.6984613537321384,0.1227724095636199,0.12016491885784616,0.05860131784639574,0,4
eb30f3452fc6,0.09842035382714834,0.6191279027992121,0.18796345190725106,0.09448829146638853,3,3
eb3e488b900d,0.2613051322683065,0.4109038537311171,0.23014420286134152,0.09764681113923494,0,0
eb3f608c965d,0.13169469382903176,0.5695182609576526,0.20074819400742,0.09803885120589569,1,4
eb41a8fdece4,0.5029923283351672,0.2290022447771803,0.17125359633886864,0.09675183054878363,0,0
eb4f7a7c46c7,0.24838480199392904,0.4792186450624341,0.20387646983082136,0.06852008311281539,0,3
eb5090e6fdc2,0.26196119729794176,0.4753915914887397,0.18336656879843113,0.07928064241488748,1,4
eb6c62925d9c,0.4315572527885516,0.30533551648704366,0.18412314985953718,0.07898408086486729,0,2
eb76ebad1c23,0.12000856848012756,0.577753369870934,0.2259167263329659,0.0763213353159724,1,0
eb8b05df8563,0.25291729355644543,0.41106367602624033,0.21020185199531177,0.1258171784220023,0,0
eb9dc561833d,0.42916816607864916,0.3371763564496897,0.15433336335788042,0.07932211411378069,1,0
eba05ee2d7da,0.07576899041470597,0.688534487675098,0.15396267553066253,0.08173384637953372,1,4
ebb0b75bd4de,0.12182784843356564,0.649980089871378,0.15646657168382858,0.07172549001122766,1,4
ebbd78acb0e0,0.08245863158208237,0.690392974236173,0.15975808991945817,0.06739030426228618,1,4
ebd126be46e8,0.5230230619376696,0.24951307798994668,0.1506311013387228,0.07683275873366122,0,4
ebf4d14f8094,0.05085198634144142,0.6327876428165885,0.23095760207908153,0.08540276876288853,1,1
ec14ca35f6d8,0.20306512397071338,0.5025557682452473,0.19745956474336582,0.09691954304067364,1,4
ec2491ff28f2,0.14303116974777993,0.5750291439725245,0.2205265949788108,0.061413091300884626,2,4
ec43b49013d3,0.08392343220709945,0.6488066222221173,0.18748637909678564,0.07978356647399773,1,1
ec459b9efc52,0.12009740560477311,0.6666610667170243,0.13949101134574543,0.07375051633245684,0,2
ec60a9077385,0.14408623930424858,0.6027993057384227,0.19174792222510126,0.06136653273222764,1,4
ec614c61cdc1,0.527340568043124,0.2416914372439747,0.16854972934709736,0.06241826536580393,3,2
ec69b2c23b7a,0.21389281498711651,0.40718839476959273,0.2425805529729459,0.13633823727034464,0,2
ec6e91420f3a,0.1508121617925143,0.6114630207602046,0.15282363932805348,0.08490117811922762,1,2
ec969fa94baa,0.16916359219709198,0.5120190329041674,0.21149572890648163,0.10732164599225927,2,2
ec99ea1e7890,0.09126116113738283,0.6664399014312876,0.18841949400128005,0.05387944343004955,1,4
ecb369802701,0.49535700110989644,0.26639534777761836,0.175254712990543,0.06299293812194215,2,2
ecb8f4c2606c,0.28340604669627295,0.39387534219194104,0.23634820301168857,0.08637040810009741,3,2
ecc8f5b0842b,0.3068209831446175,0.44535409128608316,0.1724027881842357,0.0754221373850633,0,3
eccebc4009a0,0.05868952872142973,0.6423304754478099,0.19128115786535702,0.1076988379654034,1,0
ecd0dea97eef,0.3831887175184379,0.28271395235940694,0.2331014370417094,0.10099589308044589,2,0
ecd883ed5c12,0.2315153033751732,0.5042237754747214,0.18435181613902915,0.07990910501107622,1,2
ecdfc29912ee,0.09890219948026034,0.6157928739216614,0.23051936865380718,0.05478555794427081,1,1
ecf019f00e3d,0.32848164666611585,0.4313306502289862,0.16375851561483612,0.07642918749006183,0,3
ed0825c7df20,0.24646218392339714,0.42210078039780513,0.2405918470500671,0.09084518862873085,1,0
ed49428432a7,0.12136116541852061,0.6593449792483326,0.1532103180784138,0.066083537254733,2,0
ed513f058147,0.3862942597725371,0.3597252171099385,0.1977743212182868,0.056206201899237605,1,0
ed5c290105e0,0.31767138817271795,0.4113875127636478,0.17169023358046337,0.0992508654831705,2,1
ed5d94f5100d,0.34049411663217777,0.3453981997822243,0.1753787260057158,0.1387289575798821,2,0
ed6218993ed0,0.41488396545430495,0.3338234140594557,0.19279744085218267,0.05849517963405688,0,0
ed7af0f6cc7f,0.18743324749366505,0.5565034221579582,0.17539057141458764,0.08067275893378907,1,4
ed7cc735db6c,0.12528141437468146,0.6126097652850804,0.19084877508739218,0.07126004525284611,1,2
ed849e809c1c,0.5612917081165038,0.2584140282548239,0.14071390572298212,0.03958035790569016,0,0
ed855d09ffd4,0.4234031338959612,0.3481399589483126,0.1607428417842339,0.06771406537149206,2,1
ed8cc5fd07f1,0.23717292081415225,0.4578173483215977,0.19561297627927052,0.1093967545849794,2,3
ed9792ecb546,0.19099905156019364,0.5351058684715,0.1741507264969537,0.09974435347135305,1,0
ed9fc7d10eba,0.251571332114831,0.4749803886799629,0.20135850676302897,0.07208977244217704,1,1
eda00b808607,0.06597984478680038,0.6104226660841074,0.23983413224912994,0.08376335687996204,2,4
edaf69ec10f6,0.26762196511731334,0.433456823995567,0.19368088556222904,0.10524032532489078,0,0
edb5e43491c4,0.28407720426098715,0.48839254071321075,0.16363578928578856,0.06389446574001338,1,2
edd21ee3c460,0.25913563194382416,0.5244157007468642,0.1646368991043347,0.05181176820497688,1,1
edff2028722a,0.19937813662672613,0.5308193752670313,0.20302698064862668,0.06677550745761571,0,1
ee18a08e02d1,0.18092371079934857,0.5207470148226724,0.2222947861465913,0.07603448823138792,2,2
ee22d804e868,0.5171669593205267,0.2784224733548003,0.11830151907807981,0.08610904824659318,3,3
ee4155767b5f,0.38365405879006914,0.3016248591539724,0.2118712207178652,0.1028498613380931,3,2
ee4440d41ee6,0.29748298068504925,0.45729158631663575,0.16952353330228936,0.0757018996960256,3,2
ee59b3ab54f1,0.08265907279046883,0.5854296299367533,0.22871734910511154,0.10319394816766643,1,1
ee5af3809557,0.11189266131671398,0.6198685916558246,0.21366381912218496,0.0545749279052762,1,0
ee5ea1ff9f13,0.15833432566466413,0.6283964526813983,0.14336582498751735,0.06990339666642,0,4
ee5f0438b183,0.2423516785611869,0.4778144906382407,0.1795373805481986,0.10029645025237391,2,1
ee65eee3a327,0.4517172439209724,0.3155051656673969,0.16390097700024697,0.0688766134113836,3,3
ee783fcfed40,0.3666936068230484,0.376813042764092,0.1624437686560402,0.09404958175681909,0,4
ee8920d4faeb,0.15417476356882967,0.5823179223718772,0.18574943936305557,0.07775787469623702,1,3
ee8c14899dfa,0.3717019104148338,0.39217198900074157,0.1834640567065428,0.052662043877881745,1,1
ee8cf2f50c90,0.3351551404299275,0.43701962397207755,0.17318560748149972,0.054639628116495184,1,1
ee946ca9c50d,0.44337962149457594,0.3351658859628616,0.1597823312000887,0.06167216134247355,0,1
ee980e0dc7d1,0.31341829409916333,0.3645540346493827,0.230746046882412,0.09128162436904227,0,0
eea9ab1e6c53,0.47904721666412103,0.2683737940219553,0.18485599596753147,0.06772299334639195,0,0
eeab05ccb1a5,0.5762458022860318,0.22517775808188376,0.12350259650986926,0.07507384312221502,0,3
eebaa7b747e2,0.158642244450159,0.6306851903402758,0.14905609084578383,0.06161647436378154,1,1
eed043f0a603,0.23625974646390024,0.48893006970914227,0.1860681592426627,0.08874202458429468,1,2
eed9b6596e6d,0.1887106638956192,0.4683543590666608,0.23346934298021665,0.1094656340575032,1,4
eee88e3f416d,0.12272573654853329,0.6424263912413976,0.18220089857184296,0.0526469736382262,1,4
eeecfd50b220,0.15649409280920215,0.5949417708763906,0.1676745147793267,0.08088962153508049,1,2
eef237fc67b9,0.5465150433467102,0.2575941977433448,0.1367674184469325,0.05912334046301248,1,2
eef6300c5540,0.3515430187366922,0.31818807438047336,0.20328501095547596,0.12698389592735845,2,1
ef2903498dc5,0.3828326360284574,0.4035700086857598,0.14748148314734716,0.06611587213843545,1,0
ef303ca23c79,0.16826847829109715,0.5959486544590799,0.15420697238480235,0.08157589486502063,2,2
ef3e7ae6e700,0.08721041306419214,0.7020049944661969,0.12769899467421422,0.08308559779539669,1,1
ef45370d19a4,0.48072212197998315,0.25662754036030133,0.15858286916942574,0.1040674684902898,0,2
ef45c1184249,0.2406857819255879,0.4358705054642581,0.2165404627020031,0.10690324990815127,2,4
ef6713d49378,0.38946709996854834,0.3382791635562386,0.14886355204009938,0.12339018443511328,2,1
ef8fedf0d644,0.12856240184483267,0.6397215752512014,0.1517446719181262,0.0799713509858398,1,2
ef90d5cec0ec,0.2267325319310206,0.4767643365510878,0.22994161422288656,0.0665615172950051,2,3
ef984f6fa70c,0.2288433398086116,0.562353641437862,0.13988300650936536,0.06892001224416114,2,4
efb9bc675820,0.3103216014617083,0.39010207332145747,0.17315747278274052,0.12641885243409356,2,1
efd4278840ce,0.0688601711684233,0.6107129828682526,0.23853603802653592,0.08189080793678827,3,4
efefa03de088,0.19829477464392298,0.5296515116989543,0.19491562417674943,0.07713808948037329,2,2
eff72b9f6efe,0.19354420489116708,0.49779733995880643,0.1923168758191273,0.1163415793308994,0,2
efff0a2821eb,0.1812542428706604,0.4928859542226606,0.2343180524269333,0.09154175047974555,1,2
f00a7f15f367,0.14723823098922265,0.5636777046046416,0.18592804512562083,0.10315601928051493,1,1
f00ed1bca2c4,0.12485822284715309,0.654572767067096,0.16457002403806414,0.05599898604768678,1,0
f0156675755a,0.6274797156231381,0.17570986206529227,0.13612252902364988,0.06068789328791995,0,2
f01b33e3ce9d,0.6217635004948844,0.1740850493033174,0.14731792118194853,0.056833529019849546,1,0
f025d675b893,0.47170701156304673,0.29077170848318207,0.15520826931836837,0.08231301063540283,2,4
f028f4a45ccd,0.1698601975965875,0.5960024464065311,0.1705643018174839,0.06357305417939771,3,0
f03cec43a0c6,0.357127728434376,0.3907059722864661,0.16538760704081085,0.08677869223834685,0,2
f04ff90a3dd9,0.5641279266710637,0.22562275379161695,0.13251851507744167,0.07773080445987793,0,4
f0512f3b3a6e,0.06934083490136235,0.7030240052939462,0.1540246539060496,0.07361050589864226,1,2
f05fc3dd7653,0.44789004036266467,0.2525038651859406,0.1788263255039779,0.1207797689474168,2,3
f0637f0d7719,0.29378958383470855,0.4217976340461405,0.17479747479203694,0.10961530732711418,1,2
f07ec852f8c2,0.3167378888423043,0.3830648150197677,0.21029473523791603,0.08990256090001197,0,4
f08ec6272e48,0.34066976599310456,0.409525403985308,0.18515408694890892,0.06465074307267844,0,0
f0a6dc99b78a,0.179854518135847,0.5052199640937737,0.23775819521761585,0.07716732255276358,1,3
f0a7a52f661c,0.3620267271504253,0.42218089074949844,0.16238856522352935,0.05340381687654721,0,0
f0bee4584261,0.1432339571084146,0.6150621951052382,0.17238234563784335,0.06932150214850359,2,0
f0bfb67c18bc,0.12818342619120973,0.6470453764587514,0.1515365224569539,0.07323467489308502,1,2
f0c4dc3b247c,0.18138937566394922,0.5289300430884374,0.2036004468196924,0.08608013442792099,1,1
f0c5e85b5e86,0.4702463367061082,0.31631352268982843,0.12416432774588754,0.08927581285817535,0,3
f0dfde16feec,0.4754811197231237,0.31031410678797583,0.15071168323275708,0.06349309025614351,2,2
f0e023959894,0.19382545220062375,0.5600924719648718,0.16515187773831222,0.08093019809619224,2,1
f0e40c184d36,0.12202734960829142,0.6662462604974169,0.15230356860210556,0.05942282129218637,1,3
f0e99a9fd724,0.35995228468417867,0.3617058162638419,0.16965004886197138,0.10869185019000782,1,0
f0f8ccd8b0a0,0.4830111000141596,0.24403421399460515,0.20852989708645783,0.06442478890477728,0,0
f1043ac7271b,0.5637807010760747,0.21045684241973753,0.14234159828553963,0.08342085821864832,2,3
f1063f4acf08,0.3451108917236877,0.39536175185632116,0.1750083506839472,0.084519005736044,1,2
f108d58e9f51,0.3687805202226513,0.40057601176655333,0.15655953765233988,0.0740839303584558,2,0
f109811743c5,0.4614507436349555,0.27489833705294464,0.1317857773461957,0.13186514196590407,0,0
f10d919f319b,0.15433706972295572,0.5894203097010263,0.18558581082709275,0.07065680974892509,1,1
f11ab7648eb2,0.22153062228733805,0.4968039217212379,0.1952635822211702,0.08640187377025346,1,4
f1236049dc34,0.19991522723324254,0.581859423558627,0.14594494100578936,0.07228040820234093,1,3
f134eb1b9f3e,0.4354067679342954,0.2986211248688238,0.17152153060193012,0.0944505765949504,0,0
f13c5fb56a73,0.11015784750623477,0.5917899183452481,0.23534083056135305,0.06271140358716401,1,0
f14cc84c4e69,0.12094048095885855,0.5554224709296843,0.2128447292365538,0.11079231887490297,2,0
f15583c5d579,0.3439394919145043,0.38953127143178445,0.19371773591985322,0.07281150073385782,1,2
f17037e3c5a5,0.09227169550266187,0.6919707199383145,0.16356022531796513,0.05219735924105848,1,1
f171762263b3,0.4794066657549353,0.26732013524323567,0.17289623602902368,0.08037696297280533,0,3
f17665afc4c2,0.2568926408410317,0.4771850184993546,0.19509727112520445,0.07082506953440934,0,4
f1788303c669,0.364694084928217,0.3705611654052817,0.20244385515009292,0.062300894516408224,0,1
f17f7d44b959,0.4703742198925537,0.2719624508214224,0.17996413849941506,0.0776991907866091,2,4
f18fc8dcef6d,0.4632005984845181,0.31986432117361874,0.13547079347490018,0.08146428686696294,3,4
f1a643119e8d,0.08893904672708358,0.5864287820655457,0.1967172363792506,0.12791493482812002,1,2
f1ab0d2dcd7b,0.09833842118609107,0.6749035713559165,0.1635798985145661,0.06317810894342615,1,0
f1bf16aa4bb7,0.05268238228418203,0.6471005688788157,0.23467937747190518,0.06553767136509689,1,4
f1d8d7ca8477,0.19675475652113678,0.5541724869196416,0.17506789730822853,0.07400485925099336,2,2
f1f663bb5ba6,0.5099763801082963,0.2554629483408657,0.16521645869012436,0.06934421286071393,1,2
f20576257dc2,0.40911821149400757,0.32780854315732855,0.171725753639043,0.09134749170962105,1,4
f206c90d6bf9,0.1588070350488512,0.6490250017626343,0.1334909558409083,0.05867700734760611,1,4
f20d2ff64006,0.2750485835231481,0.3999337271120011,0.19674952504944968,0.12826816431540106,1,3
f20ea4a7e55d,0.15321857804130548,0.6127926237484237,0.16321053185693685,0.07077826635333415,2,2
f21f4dd7e3b5,0.6216358098166455,0.17048533645535272,0.14523462963035205,0.06264422409764986,1,0
f2241ca2d0ff,0.05157510926867398,0.7299733603046543,0.14856119705538337,0.06989033337128828,3,1
f254d359e0ef,0.4697358582130795,0.2695078367652431,0.1942849338108699,0.0664713712108074,0,1
f26c50ef1bd0,0.33172668907321995,0.3552327541046004,0.2223494693197254,0.09069108750245432,3,2
f2a899251da3,0.23532844250218632,0.4967118903782071,0.21192373483143892,0.05603593228816783,1,0
f2a9e6e67eda,0.0559801170630828,0.6915543943874634,0.17463428166510447,0.07783120688434958,1,0
f2b77c3c70c5,0.5201707735716801,0.2528368762289824,0.13836620928171142,0.08862614091762579,0,4
f2bf2f65fe68,0.20513361812427117,0.46205687841452825,0.23560660227584412,0.09720290118535636,1,0
f2d30ac37f7b,0.33279330509682775,0.37949780632480284,0.18477183731653268,0.10293705126183676,3,2
f2d5dd65d7d2,0.3147840990040058,0.3811267142747124,0.18829902070151452,0.11579016601976744,2,4
f2d890d8bea3,0.5158103343906463,0.2151566713865824,0.1506472335750837,0.11838576064768788,2,4
f2e430c3888c,0.19455053850882448,0.5723478141625526,0.16955978575678754,0.06354186157183546,0,2
f2e5da098e85,0.15900781981087994,0.5256344628797512,0.2374416863976839,0.07791603091168521,1,2
f2ee15af6c4d,0.499927699325035,0.2982294791484258,0.13368170672216217,0.06816111480437724,1,4
f317383c5831,0.3568721320737218,0.3000619866342929,0.21281709678329108,0.1302487845086943,2,2
f32dd337bd1a,0.13648436322948074,0.650049022264271,0.15361413989941344,0.05985247460683494,0,4
f333eadeca7f,0.4937279732647775,0.26020179337581584,0.12016846810360331,0.12590176525580338,0,1
f338a2ae96bb,0.4034491482573651,0.3215234986893098,0.19861650187454355,0.07641085117878126,0,0
f36b9bbd21ed,0.053811641610325346,0.7091994416782101,0.1570934423343535,0.07989547437711113,2,4
f36bc38a2660,0.14133749910362606,0.589374858718723,0.20048295335307428,0.06880468882457644,1,3
f36ed95de256,0.28909137191651796,0.4318619805491114,0.20043333747721828,0.07861331005715262,0,1
f371fa5e17ee,0.4360737726084121,0.37634748562852777,0.12470887784242142,0.06286986392063885,1,1
f375191afe2d,0.1362350045308014,0.5462570368689773,0.21164553782402407,0.10586242077619729,1,3
f383a0b4d02a,0.2552569605335795,0.49241094796939316,0.19475423763571223,0.05757785386131543,2,3
f3968991ea72,0.137435433479804,0.6259757983149049,0.17834275638988928,0.058246011815401816,1,1
f39f4119d62b,0.24285884400564217,0.5170000720787283,0.1738186635271044,0.06632242038852519,2,1
f3a123432445,0.12294548025994849,0.6019408760598806,0.1903612174376491,0.08475242624252168,1,1
f3a9bde37ea8,0.3963147137154007,0.3210590837449618,0.18295436047005348,0.09967184206958435,0,3
f3c36d0f9736,0.11978525095987863,0.6331258031585233,0.1690714834443353,0.07801746243726268,0,3
f3cab48d1e7c,0.13222325904372237,0.6759085396084165,0.14202125642980082,0.04984694491806074,1,4
f3d1eeb66284,0.06973715222621726,0.6581307086844772,0.19313728781929865,0.07899485127000681,1,4
f3df81aafa5b,0.1344428011738987,0.6210383333725243,0.17092982549675323,0.07358903995682359,1,2
f3eb906bdb01,0.09980729684406776,0.6533454340387306,0.1877208417370096,0.059126427380191963,0,4
f400c9a139bb,0.09390295891815839,0.5656592769454561,0.22453239045886786,0.11590537367751717,1,4
f40b5a31d1f4,0.12015545279440264,0.6567035857982341,0.16266730392051243,0.06047365748685076,1,1
f40f145b6d3a,0.12765705629624904,0.5558080009133151,0.21929399190617754,0.09724095088425845,1,4
f41d7c33e0fb,0.34726905433545613,0.30391987192090836,0.20840877411857184,0.1404022996250636,1,3
f42ff739afee,0.10910857829274924,0.6062553005188464,0.19947004292880396,0.0851660782596002,2,4
f44b14970f3a,0.5439812099699906,0.27870383844104907,0.13116852661202588,0.046146424976934455,0,1
f45612bd7e0b,0.14697311011128708,0.6243281475538347,0.16615163232355176,0.06254711001132623,2,2
f457ac57e4f6,0.12629281833310965,0.6158881579592198,0.17595744223099055,0.08186158147667998,1,2
f46cb3c9593d,0.1730423819854778,0.5393240507888405,0.22932447480050633,0.0583090924251753,0,0
f472abdca5e0,0.07147629857006242,0.6670022390984762,0.17842932583884738,0.08309213649261378,1,4
f4833c3311e2,0.14624844099256762,0.632833425110728,0.16869896061739828,0.05221917327930602,1,0
f49511663558,0.24195395009688897,0.520952245074785,0.16527378490174377,0.071820019926582,1,1
f49a276f76f2,0.2664850953619355,0.4688669619045915,0.20355867350037585,0.06108926923309713,1,1
f4a638dc3304,0.13085795548604606,0.5756798045063418,0.2280665342073533,0.06539570580025904,3,1
f4b2c6d0edca,0.5030306402746627,0.2276156762403807,0.1626528834731317,0.10670080001182487,1,1
f4c4177e4ca9,0.1906693673115793,0.4861330273786867,0.22397039229064492,0.09922721301908895,2,1
f4e21bf210a3,0.2031952412405094,0.469345324410352,0.23987011343850442,0.08758932091063423,1,2
f4ef01a6e0f1,0.26193202385372105,0.4316610175703056,0.22670734495523465,0.0796996136207387,3,2
f4f08a1bbea9,0.07797823131926196,0.6961212554053862,0.1470929695157912,0.07880754375956071,1,3
f4f5bbdf7a00,0.5221562360536925,0.25965162223913607,0.1335234013179242,0.08466874038924721,1,1
f518654dc20e,0.19546924457394732,0.5381924690964256,0.19552820170636728,0.07081008462325963,1,0
f5239c4023a0,0.1815540940456809,0.5029073673062274,0.2254414440481745,0.0900970945999171,1,0
f5293dfeedda,0.5999480423659204,0.1943102344554851,0.14007515044592844,0.0656665727326664,1,2
f556a329c873,0.30951891686645866,0.4368469271331758,0.14798591905418346,0.10564823694618235,2,0
f55866b3c793,0.07060207009680021,0.6026568215423024,0.2379372129899224,0.08880389537097512,1,0
f5658ffaf0d3,0.21093103371961924,0.5163385168045528,0.17688071119121465,0.09584973828461313,1,3
f56638b54fa1,0.09717604101255291,0.5754016173092303,0.2568019163990845,0.07062042527913244,1,0
f58cb6670e91,0.23778580927710283,0.5020285835265591,0.1563453125824035,0.10384029461393479,0,0
f5a635890da2,0.2514642427223938,0.4479961509490045,0.20783595648916056,0.09270364983944109,3,2
f5a76ea09507,0.25489347975332444,0.4536009260358789,0.208294881419933,0.08321071279086374,1,3
f5b4675f5f11,0.10618167357911491,0.6603945878374883,0.1537961806124876,0.079627557970909,1,3
f5babfb67083,0.5299616817077785,0.27441797626464426,0.15632537169113914,0.03929497033643822,1,1
f5c94b5db0cd,0.34533589636943357,0.3681588866826176,0.16533276686057585,0.12117245008737286,1,1
f5cd2d815be9,0.1234964786611354,0.6347131062165117,0.1674466266825672,0.07434378843978573,1,2
f5d1abcf5693,0.49948935065645944,0.24057161675148916,0.1730922711209249,0.08684676147112662,1,4
f5d2f5175421,0.1440683413842127,0.6255813110355267,0.1727395111747898,0.05761083640547068,1,0
f5f8f43fece0,0.33809774512558477,0.3972827034940434,0.185399694964475,0.07921985641589703,2,1
f5fd72a88ab9,0.4691463870246639,0.32007621864301317,0.12737799121741708,0.08339940311490585,3,2
f604af7af626,0.34021205161761764,0.38132008212877894,0.18214443729939397,0.0963234289542098,1,4
f6286092ca27,0.28533495457323377,0.4313326728079318,0.19626484638183625,0.08706752623699802,1,4
f632b46fa980,0.35479467843745266,0.39835780890367706,0.16076698695504843,0.08608052570382196,1,3
f64c3d12ddd7,0.42754669509940324,0.30456801001658557,0.15796576438810903,0.1099195304959024,1,1
f65a185b5aaa,0.44930447006987456,0.26685255041957545,0.19699007959188233,0.08685289991866772,1,2
f65b67d0fae5,0.4852847867505741,0.2971260004468411,0.1674435281242907,0.050145684678293896,2,0
f674b3cf60f7,0.26068459582476977,0.5315810319059043,0.1512739111270591,0.05646046114226671,1,0
f689f3fba17a,0.478020166988792,0.2558426173870903,0.16297597869638045,0.10316123692773724,1,3
f6c14c65ff4f,0.17948979756848116,0.5771808431742989,0.18195312008461856,0.06137623917260126,3,0
f6e480fe97af,0.22859892102686644,0.4715510970225904,0.20156373651710607,0.09828624543343703,1,3
f6ee6d94f030,0.19508649814472484,0.5650511134019994,0.1800438551925459,0.0598185332607296,1,3
f6ffe212deeb,0.14738461930445457,0.5699934861598832,0.1766747925067281,0.10594710202893388,0,3
f7087535a63a,0.34336544369249605,0.36345238370238475,0.20499346599216473,0.08818870661295462,3,4
f73ff8c2182d,0.30164032025938703,0.4318887189075324,0.2025572295715179,0.06391373126156284,0,2
f744da386f96,0.2951573538370013,0.4595659050844315,0.18894782056403958,0.05632892051452711,1,0
f747a0ab20b3,0.4138045512002105,0.32844258733766557,0.16986052910867017,0.08789233235345384,2,3
f74f0c0db300,0.13008604962331105,0.506295561067436,0.26847263729733817,0.09514575201191476,2,0
f75774536369,0.17569727450891634,0.5061235176841241,0.2290113502301346,0.0891678575768249,1,1
f76c899a8e19,0.03754769448898334,0.7112004129962612,0.1633318989815841,0.08791999353317109,1,2
f779ee1077cb,0.3591454645441779,0.4147258165451676,0.17579050637732346,0.05033821253333107,1,0
f7859a6e1ae1,0.18418381904026135,0.5672139871168372,0.16080364833898916,0.0877985455039122,0,3
f7974b5d939e,0.21048009699749723,0.46369020896923124,0.23886381479075416,0.08696587924251728,2,4
f7a24c01093c,0.4479008368047396,0.3234070948642264,0.17948557379285396,0.04920649453817987,0,1
f7ae051fa2f4,0.21356254010422634,0.4571997341621051,0.22417293981808864,0.10506478591558022,1,1
f7baa94b8333,0.06640026730168848,0.6509410945362166,0.19852823456725693,0.08413040359483812,1,1
f7bef9f1161a,0.23571452644576932,0.5390956484479292,0.18237227208223417,0.04281755302406735,2,0
f7c01c47e966,0.48464812707430643,0.3234293025721767,0.14611755394897058,0.04580501640454628,0,3
f7d8873478ac,0.11513233797877959,0.6218586153134297,0.21526035383590064,0.047748692871890076,0,1
f7e60ddc0f80,0.42817698788844677,0.31215235837427113,0.18418509815216538,0.07548555558511653,0,3
f80048310b29,0.6340170519026773,0.17737790120818767,0.12277133038209236,0.0658337165070428,2,2
f8038bf5a049,0.6049458232973818,0.18838970510490824,0.14434034898589937,0.062324122611810785,0,3
f807cd855d31,0.3409789376901992,0.466385866596239,0.12267147396670668,0.06996372174685522,3,1
f83b4b1d4a28,0.37787245357817145,0.35660937509128576,0.2024448088486353,0.0630733624819076,1,0
f83e25510eb9,0.4935074281616893,0.2691743135646134,0.16052973569419335,0.07678852257950415,1,2
f8483372c4ff,0.565168958970844,0.23078615611740674,0.12821246319449056,0.07583242171725853,0,3
f84e46c75e24,0.1886112783069241,0.5890988662520388,0.135571824665824,0.08671803077521324,2,3
f8567c73e039,0.25176393348814124,0.5401711560073273,0.14544204061748067,0.06262286988705122,1,4
f865b83af346,0.2277947603275771,0.5299280483474184,0.17718146551124972,0.06509572581375482,1,2
f86b1c64bf80,0.18030974551423073,0.5678708704550892,0.16732161448959337,0.08449776954108668,0,2
f871e115903e,0.4202957734167985,0.34245780280049914,0.1553377332298969,0.08190869055280553,3,3
f87baaa34bec,0.1558727165117101,0.597643037387186,0.17420589250220347,0.07227835359890031,3,1
f8a3d75d02bc,0.2244048766465112,0.4627587279095059,0.19635303231810686,0.11648336312587595,0,2
f8aea676f0a6,0.1015617161837238,0.5447935655000715,0.23611345527091948,0.11753126304528495,1,0
f8bdffa59cc1,0.08947934052732423,0.6395446236486704,0.18488573582403822,0.08609029999996708,1,1
f8c006d79bd7,0.23115834707861782,0.5148547611059519,0.1779862406148464,0.07600065120058376,1,0
f8c0c4c6a036,0.22969862858918128,0.4770654534535646,0.19038665237578573,0.1028492655814685,2,1
f8c0c6d203ad,0.20571091077781073,0.5298136049448388,0.18920881241255902,0.07526667186479144,0,2
f8d8e382f2e6,0.4335118305275929,0.2584758929391954,0.1822872412965553,0.12572503523665676,1,2
f938e8a612a8,0.31653275872424447,0.4207505451915363,0.19233316045062693,0.07038353563359213,2,1
f947db14b9ee,0.39480428425162506,0.3553067185118121,0.17594519720069357,0.07394380003586948,1,4
f95e25cb4206,0.4100613530323324,0.38251538779655725,0.140093908663528,0.06732935050758246,0,4
f975ce4319f4,0.2542237635576656,0.47071283664820146,0.20306462714166612,0.07199877265246671,1,0
f98438a1cf12,0.2825981900602624,0.40502650573710375,0.2258444839282785,0.08653082027435567,1,4
f99cfe0bbe0c,0.5120917496404348,0.2564542476483953,0.12555834290923462,0.10589565980193538,2,1
f9ad24c6c692,0.5293014221225388,0.2367627799140005,0.14777228902352665,0.08616350893993416,0,0
f9b47fe9bcb5,0.1999227059066871,0.47701956185374017,0.24252842838544417,0.08052930385412864,1,1
f9b6922fda66,0.3103300048070253,0.44992617814857083,0.1787163017160087,0.06102751532839509,1,3
f9cc68d54cb4,0.08868978687265894,0.7170507008102395,0.13361574230804982,0.06064377000905132,0,3
f9d95dc20962,0.4435251667655969,0.3852214687908086,0.11512384149289864,0.05612952295069574,1,4
f9e4fc65f2ea,0.4826129650688349,0.2780868528119981,0.17708772907190576,0.062212453047261224,0,3
f9f022de357f,0.09998581724244184,0.6741626770694354,0.1380000640483241,0.0878514416397992,1,0
fa146053ba25,0.5670612409313706,0.2140293226157966,0.1655829447604129,0.053326491692419896,0,0
fa1c23bc4d54,0.04908497530480152,0.6802228088064786,0.1857619472781953,0.08493026861052459,1,4
fa27a6b3551a,0.46047934931993384,0.3157665623695454,0.13780371066694344,0.08595037764357721,0,4
fa2e157f2acc,0.06091980797034989,0.6848884490929684,0.1891171739163418,0.06507456902033984,3,0
fa41c6bf6cd3,0.39487725878723595,0.2985106493075054,0.1798994347400673,0.12671265716519142,2,1
fa57c8fc7906,0.6258815053023743,0.1783893228824175,0.13165608872969417,0.06407308308551417,0,4
fa58b6e83e6c,0.08281637949142347,0.64627345174496,0.19564877689249752,0.07526139187111935,2,4
fa6d3b56e333,0.377441934426311,0.24065270345943748,0.23436783600700306,0.14753752610724832,1,3
fa749cb9895e,0.16866665343719286,0.6028568001258501,0.1518625148716825,0.07661403156527477,3,3
fa79b1765773,0.08307025955957505,0.67066246387337,0.17373520546550078,0.07253207110155432,1,4
fa8a5228f38b,0.25852968477495697,0.4138456134456178,0.2255687031796369,0.10205599859978827,0,0
fa8e92ee028e,0.18640684842425262,0.5603437614175065,0.1696826817469678,0.08356670841127313,2,2
fa9766f49a25,0.36590487552626144,0.4279772654753974,0.11727029273911907,0.08884756625922241,2,4
fa9ea207e240,0.10859381831664999,0.6120554059323275,0.2158016545459611,0.06354912120506147,1,3
faa6a62e025c,0.4564585702707943,0.2869079604032881,0.18593378131742394,0.07069968800849324,0,3
faaf89353e32,0.16900327190734718,0.5102342070216257,0.18934980645805172,0.13141271461297505,2,1
fab641b3ce7c,0.3149051124977794,0.3834253319573414,0.20803117175745917,0.09363838378741986,3,0
fabeecea5a9f,0.2561360657554782,0.42759312140392475,0.23836903774677415,0.07790177509382293,2,1
fae06a05819a,0.17030689883926392,0.5806688689265924,0.18779495841895602,0.06122927381518762,1,0
fae99afb074d,0.17792825560890854,0.5340100829169927,0.16612370752237118,0.1219379539517275,1,1
fb18563e2a98,0.1643848111600673,0.4923564306751581,0.2127625846373309,0.13049617352744353,2,3
fb24a702b87b,0.21766404218830362,0.4808047854356459,0.18788808472899246,0.11364308764705795,1,4
fb255b926b51,0.41198601990929923,0.3166843785786686,0.188558187924276,0.08277141358775611,1,1
fb2654cffc9e,0.27795802150230814,0.4532865253303474,0.18273756764567828,0.08601788552166617,0,0
fb4399c644e0,0.1921807861802919,0.5144861598648413,0.21067013952477695,0.08266291443009016,1,2
fb47f989bbcb,0.22736973123560186,0.5086758373696357,0.1734630617563693,0.0904913696383931,1,0
fb4ddcf7f9d6,0.2001039602588653,0.5707518895935795,0.18272586450719494,0.04641828564036,1,1
fb5044f382e3,0.18718740873347606,0.47816816557932434,0.25339441274837715,0.08125001293882231,0,4
fb5a3285aaa8,0.26083420981438965,0.4634198339655074,0.1929583749872897,0.0827875812328135,1,4
fb6a47691101,0.4012008436472576,0.3274140073220037,0.15071614112264234,0.12066900790809627,1,3
fb6b862b6145,0.15401619518550286,0.5574770819619211,0.20410266913221814,0.0844040537203577,0,3
fb8430889b41,0.05727810433529799,0.7108597460051465,0.16606172685455944,0.06580042280499568,1,3
fb8c469d8dfa,0.06472256595651361,0.651779217284127,0.20111371508471065,0.08238450167464864,1,1
fb913c5f28a1,0.2491597858402356,0.4774240208500163,0.1659884359180534,0.10742775739169454,2,1
fba292caa45e,0.1701354118543905,0.5497103380704306,0.20291323924745877,0.07724101082772061,1,3
fbcb95b52844,0.369365013676378,0.32021095743467515,0.21955592947865782,0.09086809941028912,0,4
fbe9974ec5b3,0.2696059962985172,0.47018834193021924,0.19372585072192258,0.06647981104934071,1,3
fc01bbfefaee,0.06917028598868893,0.6609012090014488,0.1781646374805569,0.0917638675293056,0,1
fc1a3a2c2e77,0.28896867756051164,0.43977028751953134,0.20387826277774823,0.067382772142209,0,3
fc3caa4d9eec,0.11404274634502286,0.6160457492263113,0.1932491194149428,0.07666238501372284,0,2
fc42a9c84eb5,0.11095497191020227,0.638605838047115,0.18262658834728485,0.0678126016953981,1,3
fc63422eca1c,0.6033619784689404,0.18477889202948253,0.1326728874446196,0.07918624205695765,0,4
fc6b2aa453eb,0.08275424540472708,0.6841262351368277,0.16940460443965666,0.06371491501878858,2,4
fc76d65f316a,0.26230183263787854,0.46167147209810866,0.20125057591290232,0.07477611935111031,1,2
fc7b87a31179,0.1331388494195418,0.5547431718037248,0.22879917546142217,0.08331880331531127,0,3
fc96b65aa265,0.5040376602556552,0.20705102844318143,0.1743115000874278,0.11459981121373566,0,1
fc9a57e4f583,0.4860796953078204,0.1907336927929886,0.20760721660197715,0.11557939529721384,1,0
fcaa54dda5f3,0.1292117573917285,0.6702927497237673,0.1506560223774547,0.04983947050704988,2,0
fcb2e43ec0fb,0.1283253814553914,0.6348383510629094,0.17204541776321136,0.06479084971848746,1,2
fcb3ecf7568a,0.20112079188772514,0.5420724951779089,0.19953945872644446,0.05726725420792113,1,3
fcbe8b4eed91,0.20416977929713573,0.5391947729445615,0.20473005711316647,0.051905390645136495,2,1
fcda620cd4ab,0.3852398239633939,0.4201957055627913,0.1475863382158698,0.046978132257945455,2,0
fcf51aeb5fab,0.32960695928293354,0.391145607610153,0.1879251315500068,0.09132230155690677,3,4
fcfef81a42ba,0.13362217945673713,0.5557671072741307,0.21946146023290006,0.09114925303623234,2,1
fd0cd3ed85bd,0.22958087162164947,0.48505134793655674,0.211421597726236,0.07394618271555757,1,0
fd2947c154c2,0.22039577152977288,0.4883956129351631,0.21828952547617245,0.07291909005889179,0,2
fd2acdca6a22,0.3599636749046189,0.3752323399090609,0.16872422331615186,0.09607976187016799,0,1
fd33d1e13711,0.3354082963361253,0.37707694072366654,0.20337230198619716,0.08414246095401114,0,2
fd34648eeaca,0.47880534530629854,0.267397438592673,0.15866657620523406,0.09513063989579425,0,4
fd62a2e871fb,0.11792565084727012,0.6511485644058518,0.1548465799389707,0.07607920480790714,1,2
fd657558f339,0.3888229842555517,0.3664226690330661,0.16496795340902648,0.07978639330235572,3,3
fd712fae87c0,0.2524200621282018,0.4306652049664425,0.2031744579486964,0.11374027495665937,1,4
fd8c61575a7d,0.19298185549237085,0.5757625250142151,0.16991488111893224,0.061340738374481875,1,0
fd8f50efba72,0.29176322404573257,0.43528267702620455,0.19576751807113071,0.07718658085693188,1,0
fd90f27b813a,0.5406761750775371,0.23204333828242593,0.15366292588363348,0.07361756075640322,0,1
fd92c6f2b2e6,0.19516825274688646,0.630885208720247,0.11793415834761764,0.05601238018524889,0,3
fd9bc8ec9c4b,0.10316990290645799,0.6450802441753526,0.1645629195687612,0.08718693334942806,1,2
fd9d8a24f167,0.6794847313727844,0.12685468867040622,0.11291151640831627,0.0807490635484931,0,1
fda24ef37907,0.6515740464718536,0.17276801771179418,0.12236004705741894,0.05329788875893368,1,2
fda2cd74ad14,0.1683627563282844,0.5722443498567003,0.18610736418734242,0.07328552962767307,1,4
fdb3f0146f58,0.1603533431838772,0.5982050294205923,0.17698607044965056,0.0644555569458798,2,4
fdb830b6745f,0.1888975931876807,0.5748193783548453,0.1678032635125194,0.0684797649449549,0,0
fdbf84b3fd88,0.2807777798796546,0.4494521105389797,0.19367694987901712,0.07609315970234846,1,1
fdc5e14139d7,0.21609264970546602,0.4759786569318354,0.23772676054076394,0.07020193282193486,1,0
fdcc6f504d49,0.6322054785836171,0.164581127186884,0.15310340715098794,0.050109987078511185,1,1
fde8d14e4c31,0.34724584783111795,0.44765707789277476,0.11653187466360267,0.08856519961250452,3,4
fdf9cb6b052d,0.09358554223038233,0.6786949801429409,0.14923282500246407,0.07848665262421298,1,2
fdfd07901483,0.2516557774259175,0.5144867484712267,0.17534439550274697,0.05851307860010881,0,0
fe0b9c37645b,0.3950500815776074,0.2925853096676553,0.21817695863647177,0.09418765011826553,3,0
fe0be2315bf0,0.3416025965918917,0.407572616966948,0.16494110281924157,0.08588368362191895,0,4
fe139f2b6429,0.19371833998336702,0.511852998643238,0.21319135530434632,0.08123730606904876,3,2
fe1d8ff109c1,0.30797980060838276,0.3461831025170303,0.2322181942386777,0.11361890263590936,0,2
fe4db0232dad,0.27639845915183653,0.5015539599683504,0.16496222769559082,0.05708535318422207,0,2
fe6b58e8499f,0.15302061077121706,0.6328346997876265,0.14864720456531022,0.06549748487584607,2,2
fe6b9118cf57,0.23883905185168944,0.43243162014418557,0.22184697859227717,0.10688234941184792,1,3
fe7b14312526,0.12653914094017754,0.5405126145144425,0.25826964253720597,0.07467860200817424,1,1
fecb27d2edca,0.37171500007526215,0.3102196965923425,0.17970639108190403,0.1383589122504911,0,1
fecddac318f7,0.1981746596723095,0.48662361370675306,0.22106674703158982,0.09413497958934747,0,3
fee1b3d702a5,0.4058517810648292,0.33500305576272094,0.14763332823077177,0.11151183494167814,0,1
fefbd0c403c1,0.3771202058432331,0.35187711689215995,0.1689403815969973,0.1020622956676096,2,3
feffa20fac13,0.5273282429729336,0.2668611007694359,0.14621072895932208,0.05959992729830847,2,3
ff0879eb20ed,0.1485845284666623,0.5951666199524756,0.17643815355487277,0.07981069802598947,0,4
ff0bf9cae3b3,0.2229450707946657,0.49019866619298014,0.21262454915620257,0.07423171385615189,1,2
ff19b8e99b4b,0.6766699919506886,0.14715122090850935,0.11412530615140665,0.06205348098939553,0,2
ff3bc8d91f5b,0.23624528305430037,0.4728508794650132,0.20589300620314882,0.08501083127753745,1,3
ff3e6f379834,0.2613314843869223,0.38124672752827543,0.2558782697205169,0.10154351836428552,1,4
ff3fc3faf1ca,0.5410365995824085,0.23312037001424324,0.15521816909993086,0.07062486130341761,2,2
ff4c1c2444fa,0.1929281831350467,0.48419835715564025,0.22102051511415424,0.10185294459515885,2,0
ff4d28f1b11e,0.587902835068359,0.19269311371619208,0.15639348287540014,0.06301056834004881,1,0
ff5948fb8ea9,0.10794001738791077,0.6465345868970949,0.1696044906129471,0.07592090510204678,1,1
ff631db5f6d4,0.29864140055681665,0.4014860794613487,0.15941860181287057,0.14045391816896424,2,0
ff7ffd9c6c80,0.22720704932484842,0.43800924985165,0.22043988147737578,0.11434381934612607,0,4
ff8c65c0cb53,0.11758289794072146,0.5568798657146105,0.23381038649497693,0.09172684984969093,3,4
ff9f78aa56a3,0.117269230186163,0.5700437990388537,0.25537496885980954,0.05731200191517376,0,1
ffa332785df4,0.4848221352890117,0.22279637223172327,0.19884868971561653,0.09353280276364855,1,0
ffc3fa3a1911,0.2999595540534825,0.41843255459605855,0.19432889026277256,0.0872790010876862,3,4
ffc6679e82d6,0.15194617700825983,0.5141972103607692,0.2408607093786728,0.0929959032522981,1,2
ffe4d6e8fbb0,0.32445231195333946,0.4363806169402598,0.15404657367215727,0.0851204974342436,1,2
ffebf1ef4a9c,0.22287863780425163,0.491173022850248,0.19072536433530782,0.09522297501019239,1,3
