study_id,p0,p1,p2,p3,label,cv_fold
00086460a852,0.12206789485516586,0.20471364837549083,0.5456891529226359,0.1275293038467074,1,3
000c9c05fd14,0.13545811137882263,0.14758606458395382,0.1936120119817549,0.5233438120554686,3,1
00792b5c8852,0.3539423475021776,0.11922451167320924,0.4476179261028156,0.07921521472179759,0,1
00908ffd2d08,0.6327069997199999,0.16617322033343368,0.1330718355111757,0.06804794443539076,0,0
009bc005edaa,0.12690932749110648,0.5800775723382974,0.1715485624704533,0.12146453770014282,2,2
00a76543ed93,0.21058513261209516,0.5131665112085966,0.22509584738554297,0.051152508793765296,2,0
00a87235ca36,0.4290539005807597,0.20373123595835133,0.26580060702874975,0.10141425643213932,1,4
00b33b3eb8d9,0.02960531579865106,0.5817070156359764,0.3601070988055841,0.028580569759788472,1,3
00c241c3fc0d,0.12279374268528204,0.25013631080895843,0.43087066457350987,0.1961992819322497,0,3
00c83e33588f,0.2830772838665361,0.3058545197968553,0.2963203244012075,0.11474787193540108,2,4
00ccd633fb0e,0.40981393434796726,0.1815241066206187,0.2877048639599293,0.1209570950714847,0,3
00e936c58da6,0.41007642026027974,0.3798040628430486,0.13582053685600917,0.07429898004066254,0,3
00fceac64e6a,0.6545404982224541,0.050631931581838915,0.22506448557874106,0.06976308461696588,2,1
00febcfee50b,0.15741158178511525,0.25436390404665343,0.5094009771712883,0.07882353699694308,0,0
01206a422293,0.09841384708349434,0.6261471155479562,0.24452735986244425,0.030911677506105212,1,0
012229ebd9b3,0.24659351076411587,0.10534926675252872,0.554311358300356,0.09374586418299932,0,3
013d698aeecb,0.32993656201449667,0.3486163920039231,0.2604549534037502,0.06099209257783019,0,0
0142feaef82f,0.2079161772699632,0.20905301268370075,0.4090988440914799,0.1739319659548561,2,0
0147e3c530f2,0.5802633000899947,0.15917886770468492,0.17066645425080285,0.08989137795451747,2,1
01494b9b4423,0.5429282716821825,0.12916503223155493,0.18632857304384978,0.1415781230424127,2,3
015707c0e73f,0.0827930192314004,0.6377610774004996,0.2502797162690776,0.0291661870990225,1,4
0159c2d40b52,0.08362735324795524,0.5398083920875383,0.356418161697272,0.020146092967234405,1,3
016c1781fbb2,0.5549373489188077,0.047447289439712804,0.10419422217599023,0.29342113946548914,0,0
0172a5607c9d,0.13985601864995928,0.4299331949639983,0.14403619688675395,0.2861745894992884,1,0
018c5ec34722,0.06415617479281738,0.811813202245929,0.08134438623307509,0.042686236728178506,2,0
018c96c9aeff,0.2691218174320225,0.4044563870866447,0.26126246544516524,0.0651593300361675,2,2
018cfcc1e851,0.11116263745381479,0.6219474926395874,0.22280511131023634,0.04408475859636146,2,3
01934dbaf28b,0.6749803761438242,0.04267590957892636,0.11883871614172284,0.16350499813552655,0,0
019960c57d32,0.11211369953643326,0.5930064617072851,0.2552836943286215,0.03959614442766016,1,1
019aef94b388,0.31946633690066006,0.2376814009722354,0.19013325832014963,0.25271900380695483,0,0
01c6c27b82a4,0.2812080174486827,0.10028399165043851,0.1493751094349997,0.4691328814658791,0,3
01c8e624037b,0.7556735675870015,0.05182257382551955,0.11810042985215528,0.07440342873532357,3,1
01ce54f82d94,0.5910990641161382,0.07046701780665562,0.17792427364391591,0.16050964443329016,0,2
01e030757f57,0.18316225234584838,0.48407511767300554,0.2575012074734961,0.07526142250765012,1,3
01e19055f756,0.7026910792410451,0.03973278068021868,0.1531598617589022,0.10441627831983398,2,1
01e830e3a965,0.24092475382266423,0.256812265935325,0.2303902196603392,0.2718727605816715,0,2
01f104b42afd,0.15570897587206153,0.631088253586717,0.07976633078324719,0.13343643975797423,0,1
01fc72cc1f1a,0.10143347023280254,0.745595501163984,0.09687407976683221,0.056096948836381194,1,1
0207ea0aaf24,0.48870378731779607,0.09461766498388814,0.27843922791048525,0.13823931978783044,1,1
0212c908aa20,0.2220136849962488,0.22512279548699027,0.31901532836979163,0.23384819114696925,0,3
0213594439b0,0.06450086238561165,0.674330698166714,0.08355405928878128,0.17761438015889308,1,1
021986b21570,0.0024274639456614844,0.9657265980253055,0.030462644411073977,0.0013832936179591906,1,1
021a7bd50924,0.2062559026535136,0.16621602720410436,0.5121641597241555,0.11536391041822658,1,2
022f9b3cfd91,0.09978474362903703,0.6351423003856619,0.2580663895404348,0.00700656644486633,1,0
02401e15e783,0.10182246614404974,0.7274518653674825,0.13958510294427723,0.03114056554419038,1,0
0287079f5a1a,0.6102507758694253,0.15617924646938874,0.15097237178608705,0.08259760587509889,0,1
028b79a357d6,0.0439421871185979,0.8398838030012339,0.0781843396376847,0.03798967024248352,2,4
02a0fd4d10d6,0.6117235929607615,0.11737357063214018,0.17956140268850665,0.09134143371859162,1,2
02accd5bab1f,0.5301009287303011,0.10482497800625873,0.3167973946204913,0.04827669864294884,0,3
02be71f8212c,0.21519810973255826,0.4155179671995282,0.1953023596133693,0.1739815634545442,3,3
02bfa5949092,0.08169954023369981,0.6367959863896243,0.24279132925665572,0.03871314412002009,0,0
02e31620e4e7,0.1339950708165804,0.4196599169582712,0.22584953277237027,0.22049547945277823,1,2
02e6db1dccd4,0.39619074620031164,0.11137659892338146,0.25167274133972845,0.24075991353657847,1,2
03169bde8e0e,0.0690583812461343,0.5952492015584447,0.20595574230720742,0.1297366748882136,0,2
03295f6c7460,0.21767906052385808,0.5633506826714616,0.19170880567792362,0.02726145112675667,1,0
032c262f65c0,0.7372772393393052,0.0473164644915712,0.17041339348332646,0.04499290268579717,0,2
032d9cc1e0ef,0.5146797525180177,0.20150437260914492,0.18090736494209572,0.10290850993074159,1,0
03461d2a218f,0.049209350681135855,0.4578150254630518,0.0971171009314082,0.39585852292440415,1,1
035c61ec21cb,0.5993758132866579,0.13213945630155827,0.15230970637497748,0.11617502403680642,0,0
0369e0385796,0.05113138680827917,0.6064856798978177,0.310750558159581,0.03163237513432212,1,1
038124609f4c,0.8083869618051763,0.03289905127193354,0.07960473310015834,0.07910925382273183,0,4
038891a2ca57,0.07814181680144314,0.5976819075494239,0.28606040490449874,0.0381158707446342,2,4
03920c119b2b,0.15549688578417115,0.5761550233034077,0.16995439490472536,0.09839369600769568,0,0
03a549fc0402,0.37068100976017204,0.11577478459605649,0.4773687838453839,0.036175421798387467,2,1
03c62bc287b6,0.6509439424289366,0.14205182319509754,0.1802679859826199,0.026736248393345957,3,2
03c8c9fe62ba,0.5153124221226035,0.06426499739009998,0.2746027119392939,0.14581986854800258,0,1
03c94694e41e,0.02272870743728893,0.767196796967439,0.09750105609257792,0.11257343950269416,0,2
03db5dc7f1a2,0.7494940155197586,0.14665046143122581,0.044021900691345574,0.059833622357670105,1,0
03e9959341af,0.6010191559705848,0.14620228013621703,0.09471700542170702,0.1580615584714912,0,2
03f7a5f8d8ea,0.07732563746173342,0.2205537725730987,0.39075412450177144,0.3113664654633966,1,0
0412ac22af28,0.03964621314292922,0.6923784681000834,0.2188105343300366,0.04916478442695105,2,0
0428b590379a,0.2320437888989642,0.14931198300153664,0.4907058827077213,0.12793834539177792,0,4
0444a957bb4d,0.2110070243025398,0.1481838697452619,0.2837166284229471,0.3570924775292512,3,1
0447a64e5813,0.2603932866474954,0.22785232610014733,0.42131768624464977,0.0904367010077075,3,4
0455eeb9fbcc,0.14970108127692486,0.08320497429157758,0.3204006722977335,0.4466932721337641,0,2
045762d32a15,0.039403845987944025,0.6023456738469491,0.3317835622926562,0.02646691787245062,1,1
0478ead3b8c2,0.06134402756704035,0.7560448881457088,0.16829522152274692,0.014315862764503902,1,0
047b450939fd,0.30776871074107465,0.40823505457371356,0.1972017656596663,0.0867944690255455,2,0
0482ed7dda6e,0.1733446195464308,0.39037545397859,0.21006901332988448,0.2262109131450947,1,1
048616ba3fe3,0.02079050987589249,0.836130176882735,0.07909559305162778,0.0639837201897445,0,3
0490450d954b,0.25710639223263665,0.16019080245117176,0.49004395139031726,0.09265885392587438,3,0
0490565dc4c0,0.08728541524342068,0.601669942656137,0.18487920361620946,0.1261654384842328,1,1
04e04b1e22c5,0.5239388958987321,0.2334933122737232,0.1696708904068881,0.0728969014206567,1,3
04ebc4466923,0.4933438390631776,0.2101070135334036,0.2094831897916026,0.08706595761181618,0,2
04f115f14e1c,0.5689373874040529,0.09448381259797117,0.13733198572932298,0.19924681426865296,2,1
04fc265a693e,0.12221053061161198,0.43633996981218603,0.3699550535337493,0.07149444604245277,2,2
052693d6dfff,0.24411940705850155,0.21027821709406405,0.44826834383863945,0.09733403200879491,0,1
0550e5868e2d,0.01040480020860196,0.8859925634395887,0.08653629254509443,0.01706634380671499,1,0
0556cdfa7299,0.19899310717468896,0.1667830988795722,0.1961837167679626,0.43804007717777615,0,2
055f0253e5cc,0.0971597492488537,0.17262005202386124,0.4691855180982345,0.26103468062905044,0,4
056126fb6e9f,0.3699618527326557,0.2345722608925904,0.270686510091441,0.12477937628331282,1,4
057c02a959f1,0.16817854772581986,0.5707220306720276,0.1921009162917855,0.06899850531036705,1,2
0586a3fc149c,0.3457674983820025,0.1635899016538168,0.42061932450787143,0.07002327545630939,0,1
0591d7b2d734,0.08094572114379361,0.6067441579773337,0.2600441790338826,0.05226594184499001,1,0
059f8765a1c1,0.2859963011357607,0.416456536937029,0.11767104404782616,0.17987611787938407,1,0
05debac9c652,0.1431146955414245,0.6562892529179579,0.09190926337989155,0.10868678816072616,1,2
05f00e9a126b,0.014050159643715608,0.9112426399655972,0.045981133672417455,0.02872606671826982,2,0
05f42286c7a2,0.0376147441739439,0.31611918610428985,0.49155750953360927,0.15470856018815696,3,4
05f85b86cdd6,0.05385145524917608,0.6703866918679698,0.2268954163640099,0.048866436518844286,1,4
060ed64e8ea3,0.16272478457906325,0.45819718459633657,0.28284383998661033,0.09623419083798992,1,0
060fbd1293ee,0.8971314744217632,0.017537475220860962,0.04653248214591671,0.03879856821145913,0,4
061d2ddaddd1,0.22856899292822605,0.32230540566609817,0.4173432765207912,0.03178232488488459,2,2
065a7fafe1a7,0.11535026445942122,0.5960484798599714,0.17726506981835596,0.11133618586225143,3,4
066b12d875eb,0.003122392010605663,0.9597602146938405,0.02214089583656181,0.014976497458992008,2,3
066b28c3eb1e,0.8829066048487014,0.04231265513953636,0.05518677918014385,0.019593960831618542,0,1
067d0d1495a8,0.1624342560217016,0.38336747481712075,0.33693603983199255,0.11726222932918497,1,2
0680d8beb75f,0.1832548620683543,0.5587547827815611,0.17825358017044263,0.07973677497964209,2,3
068be3f82883,0.06130264436027359,0.6195957128195941,0.2398078203942482,0.07929382242588418,1,2
069f0610c6e5,0.28427855214715586,0.31898836324793606,0.3156555173279966,0.08107756727691146,1,0
06b01b8935cb,0.13781273688851486,0.2158754646751721,0.5307939939570447,0.11551780447926828,0,1
06b55d23496f,0.31668717575647837,0.12816629399135962,0.2747835357202441,0.2803629945319179,1,3
06dc92c4302a,0.11793532451349595,0.5709753168066375,0.23138695656285793,0.0797024021170086,1,2
06e5fcfcd2f8,0.1919800560572224,0.42446191086441126,0.23255087118870732,0.1510071618896591,0,4
06ee997f0ba0,0.12488836383385894,0.34089678552291214,0.22081566900777813,0.3133991816354508,2,3
06f711c020a1,0.5639371655662139,0.12856426111721878,0.1950508431801985,0.1124477301363687,2,4
07096154447a,0.23656026049164802,0.46195138131217983,0.23173659622524287,0.06975176197092918,1,3
070cbb72137d,0.4175285903523703,0.3092039246676065,0.20510673069447258,0.06816075428555067,2,1
07110539dce9,0.02870127226013186,0.720710574759022,0.2209565633932041,0.02963158958764194,1,2
0717c8ac304f,0.09006255413522075,0.749589394598121,0.13060606107220196,0.029741990194456412,1,0
0718a591b693,0.40626126497004617,0.3752385820001255,0.16816575863619093,0.050334394393637336,0,4
0725e859c8de,0.12105400886556293,0.6384362844407352,0.22215337283746217,0.018356333856239644,0,3
072ae7beb987,0.6244827858499279,0.06811544626473107,0.20696725237188046,0.10043451551346058,0,4
072f2a6a3afe,0.05579201059167569,0.7171435784736816,0.1678499672085852,0.05921444372605752,1,0
075544a7881c,0.11816324943004998,0.7125367613361929,0.0701638678426017,0.09913612139115549,1,1
076451eaa633,0.37518131164663887,0.22659345275956558,0.3452341688780878,0.052991066715707726,0,1
0786e68c8c8d,0.7335305972381491,0.03639903126544861,0.18397463380468307,0.04609573769171925,0,2
078e02e7614f,0.37795725156292526,0.1396916057341282,0.3594302808950658,0.12292086180788074,2,4
07908d53db2b,0.05965329642879942,0.6414805031173966,0.1746928038982847,0.12417339655551937,3,2
079e0cefd391,0.4049393920538856,0.19699309037947849,0.25436609909185737,0.14370141847477863,1,3
07a2358b4e59,0.8067211044203603,0.05742100566004352,0.11361752146591035,0.022240368453686037,2,4
07ab05ea79fa,0.10467365762355092,0.8131058972240176,0.06512164352236216,0.01709880163006932,1,2
07b01d3eb9d2,0.19830115551563032,0.14694029663939231,0.19505997475746575,0.45969857308751155,0,3
07caeab1de20,0.3074567235421708,0.4219185863009305,0.13720739989497216,0.13341729026192672,1,2
07d5f3e47055,0.1451769617649799,0.38241356963411405,0.4391117837383391,0.033297684862566894,1,2
07ee38c90625,0.08196438610210235,0.0678055808350865,0.8189535725722029,0.03127646049060824,0,2
0809cb7a5f38,0.45695742193995376,0.09181484967045206,0.26126646865434455,0.18996125973524966,0,2
080c164369e7,0.16726306317721581,0.6087690392669174,0.08362384677627745,0.14034405077958925,1,1
08277cefd028,0.4831149052559482,0.09646080342549723,0.13807598155053694,0.2823483097680176,3,2
082f133bd70d,0.020540588408045662,0.8351859974794866,0.07863844174559201,0.06563497236687568,1,1
0833353809f6,0.206779043326831,0.20669039114816917,0.38536911781057626,0.2011614477144235,0,4
0845243089f8,0.07415175782446048,0.5857869691346517,0.15752482442771099,0.18253644861317692,1,4
0846afd21193,0.2532578607758279,0.5293231483810625,0.11595149386787176,0.10146749697523791,1,1
0847b3407f85,0.7037713282003515,0.1196806802327856,0.12955665786186754,0.04699133370499545,2,2
08493873ea34,0.05470630152553111,0.745995557129,0.09853365001583654,0.10076449132963239,1,0
0862f314ec92,0.36762772591908216,0.0884471159179454,0.1854622167813354,0.358462941381637,0,3
086f0ab55636,0.29773742888625593,0.42637554086371815,0.245957688367842,0.02992934188218391,1,2
0878e798a4a6,0.11838527485840052,0.4945589886536995,0.27256672850405766,0.1144890079838423,1,2
088317a7f035,0.07896742459659456,0.8666244889560341,0.04907023571127379,0.005337850736097591,1,0
088665db15b6,0.5724688177299707,0.09029025408150237,0.24128634816254252,0.09595458002598435,2,1
089b1ed81bba,0.290553000418142,0.37931229419697227,0.22087794697462473,0.10925675841026108,1,0
08aad9bda74f,0.62713430834853,0.12575467295750942,0.18967562926621134,0.057435389427749256,0,1
08b3ed9bd8ff,0.3443057804443441,0.4512705879523788,0.1199219075554326,0.08450172404784437,2,2
08bf9775ebfd,0.1391449347733014,0.4171777406236148,0.378829063906818,0.06484826069626588,0,0
08c27d332b66,0.05145477058090621,0.8850314418909926,0.015095121624653087,0.04841866590344809,1,0
08c7df1f8eee,0.8054052528467883,0.028464278593199135,0.0700868256084315,0.09604364295158087,0,1
08d64eda9bab,0.5395878163578364,0.04678810913348042,0.22346965564040694,0.19015441886827633,1,1
08e2e4a4410e,0.008650440657425327,0.9459067975596287,0.03129865376986646,0.01414410801307966,1,4
08ec6f5aa0df,0.2553781625323748,0.4090976115749708,0.19863281022147336,0.13689141567118104,1,1
08ee3bc2ae53,0.11967442855592458,0.6185396869949461,0.13235181189056522,0.12943407255856426,2,3
08f053401845,0.14000897890385688,0.3897056161095394,0.4197934585330209,0.050491946453582716,1,4
090c33962b67,0.0426458010713015,0.5098175827105562,0.2754346940462759,0.17210192217186632,1,3
09249d4b7b53,0.32855736318579976,0.1795093790470739,0.3235690022507108,0.16836425551641557,3,2
09419c95273e,0.21920124971468508,0.2808693461793025,0.3432336054005829,0.1566957987054295,1,2
09539e4d58bb,0.08024995938345372,0.2208113374228196,0.4404563626379753,0.2584823405557514,2,0
095a25cc191d,0.32783426399134874,0.07368289632278205,0.4599039330134815,0.13857890667238773,0,3
096061261805,0.47445624726194563,0.12799140641448725,0.12928245814126788,0.26826988818229935,0,1
096c4eb10909,0.35954418542605626,0.19112513015155574,0.1652067778150994,0.28412390660728853,0,2
096eae67f478,0.7638858787423132,0.07688882573294763,0.12020713724930947,0.039018158275429836,0,3
0983897d389c,0.08464106806878184,0.3817426480329695,0.3706626737944925,0.16295361010375609,1,3
099f710eacfd,0.06434049180038219,0.5324777648152039,0.3804973180349422,0.022684425349471817,1,3
09a6c1515372,0.11809484905883288,0.6302904995434946,0.22339129097179336,0.0282233604258791,0,2
09aa1559bcd4,0.12070301328588286,0.25381572647982237,0.45086354304049625,0.17461771719379857,2,1
09bb2eb902cb,0.0950348285100667,0.5129216543605138,0.214853019913484,0.17719049721593536,1,2
09d8a69657ab,0.44253792421165494,0.2385346860152674,0.16631310893946855,0.15261428083360903,2,4
09dd3b736a69,0.019818164037803784,0.7210175912446688,0.20884252864039127,0.050321716077136265,1,2
09eff3975c81,0.39368275059376695,0.1621782183264344,0.2879821188565408,0.15615691222325787,1,2
09fb4da6ca2f,0.581159479096966,0.15036128494383547,0.2094380380018682,0.05904119795733029,0,2
0a1a3dd9e738,0.40455582511850297,0.35473414762269206,0.15424173850181389,0.08646828875699107,3,2
0a256a4617e8,0.14091087228848087,0.20541803638183187,0.6067319824285812,0.04693910890110618,1,2
0a29d44f380b,0.0864028836738647,0.5596341050763066,0.24662040598323876,0.10734260526658992,1,0
0a316256e7b2,0.3202669408463857,0.4678375520361973,0.1382513090238499,0.07364419809356716,1,3
0a3cd97f740b,0.3598924510611078,0.09687063568388136,0.3221975329645963,0.22103938029041448,0,0
0a49309fc682,0.24498353635798295,0.3785227330993849,0.24784327236625245,0.12865045817637977,3,0
0a54c691d360,0.3507211961111713,0.14234620410447343,0.21922866460655935,0.287703935177796,1,0
0a5b9e289c44,0.09554653532493983,0.7389097243097132,0.09394928106383328,0.07159445930151372,2,3
0a763df67cdc,0.12906718270721493,0.6004223042034208,0.09415465122842118,0.1763558618609431,2,0
0a903dd7283d,0.08515720484758621,0.707639484346325,0.061340787151272336,0.14586252365481656,1,4
0a9169b86b81,0.061748018382984556,0.7406086224427147,0.1645276609079147,0.03311569826638599,1,1
0a95fd575cf1,0.21883941560808884,0.16829187814725405,0.3927268530098331,0.22014185323482402,0,2
0ab744a0db95,0.6950327326486806,0.026173937828461766,0.10131723939048151,0.17747609013237606,1,0
0abb818755e4,0.8410642774578764,0.0774783739002927,0.04116490312872908,0.04029244551310182,3,4
0acf45b01bdf,0.3867076311411603,0.463518303256407,0.07703730379433815,0.07273676180809455,0,0
0ad39f5b94c1,0.21435874099224883,0.5716903994880209,0.16934545582283847,0.04460540369689179,1,3
0adaae6adf1b,0.14072120409541908,0.3561504750804259,0.3239371026797708,0.17919121814438424,0,4
0adca2b37fe5,0.7078857147996107,0.024210268726772413,0.24520768743358076,0.022696329040036076,0,2
0adfd8d6f010,0.024780828936794484,0.8297248583008398,0.07643887416651687,0.06905543859584885,1,1
0af232c221f8,0.33900416503451375,0.303029406239359,0.31635053099983823,0.04161589772628901,2,3
0b0449d32b66,0.051568724979616544,0.829060529722941,0.10574314848182986,0.013627596815612817,3,4
0b152dc8af83,0.1892696758900316,0.3829585882940625,0.3062852130729961,0.12148652274290984,2,3
0b1671929731,0.26610304030476994,0.2633984683847013,0.3882294127067141,0.0822690786038147,2,3
0b19774105f5,0.6631983556236833,0.04826033848802741,0.19609176137434556,0.09244954451394367,0,0
0b457ab68e89,0.4833190816332315,0.15668041976354086,0.1902674425593235,0.16973305604390423,0,4
0b462ace8c37,0.03404620911321923,0.6213415917416515,0.28103444418375584,0.06357775496137343,2,4
0b5593ee3915,0.0849876513465017,0.6812674519504422,0.1917519540667676,0.04199294263628837,1,3
0b58306a56c9,0.12631718629870375,0.19875947189588042,0.5085788022764611,0.16634453952895462,2,1
0b6a57fb8aaa,0.3375193249943233,0.31698928079467137,0.238120381994033,0.10737101221697233,0,4
0b7a0022dbc8,0.06819531939440845,0.6876653594793256,0.20842166547341465,0.035717655652851135,1,1
0b89a95b6733,0.2629507276959007,0.29176785798612986,0.2740759748210903,0.1712054394968791,2,0
0ba072188224,0.018470939011297257,0.7836439545171764,0.14324360212889745,0.05464150434262891,1,3
0ba55e5422ab,0.8952402734769423,0.018986573892273036,0.05912654209783681,0.0266466105329478,0,4
0baee5ac23b2,0.10210196840525827,0.4575098357970094,0.3879652743379475,0.052422921459784874,1,1
0bc5db15a5b8,0.3958110407486327,0.26002440106064384,0.21940854867677606,0.12475600951394751,1,1
0bc9b8eb7ead,0.5236590317530242,0.08472647272840766,0.2658623985044432,0.12575209701412482,0,3
0bdd22c68e47,0.0451657508619214,0.5225887026299244,0.3965241097385327,0.03572143676962144,1,2
0be731313053,0.46040411157404837,0.09511910118636588,0.19092475852627125,0.2535520287133145,1,4
0c19eb129296,0.05112620293860266,0.7340207021708013,0.12153693528883913,0.09331615960175686,3,4
0c30a9ded310,0.07938704536623784,0.4171850924989605,0.14146656365186877,0.36196129848293296,0,1
0c329e5c3715,0.510774299327127,0.16025063338841866,0.11749315842012215,0.21148190886433216,0,3
0c3d6d108e07,0.0653462165813529,0.5547178755645501,0.19357522934945884,0.18636067850463825,3,1
0c4be0c6f78c,0.07112548870053402,0.5308511008752282,0.2944029277402497,0.10362048268398817,1,2
0c5c7da459a3,0.31960366031456133,0.14665677679674166,0.19858882574333583,0.33515073714536125,0,1
0c6ef19c59cf,0.0432557098129167,0.6950848277493696,0.2523805925740044,0.009278869863709197,1,2
0c7570079a16,0.5905570992706255,0.1671094110317402,0.18267949566970135,0.05965399402793304,1,1
0c795288aac0,0.28382348287818726,0.2628497932873853,0.34974819461848616,0.10357852921594136,0,3
0c890190c894,0.044721721564216055,0.7684605321015262,0.14421422419345672,0.042603522140801216,1,0
0c9b15035c41,0.01780570310837012,0.6662196936605512,0.21905034203679713,0.09692426119428138,1,1
0c9f6e26f5fc,0.11150069333873419,0.38561271714126993,0.3718618766208001,0.13102471289919568,2,3
0ca49b5d2be4,0.19453128054232233,0.3353734020718169,0.22651117767146342,0.24358413971439738,3,2
0ccf6bf856e5,0.1273989746610136,0.11349693074261132,0.4104022064734997,0.34870188812287545,0,0
0cd5e635c50c,0.406653914268687,0.28604414403501055,0.07786129986057547,0.22944064183572702,0,2
0cde09614efd,0.11562175134114956,0.3909247614678558,0.46703024835672524,0.02642323883426933,1,0
0d12c6a46f62,0.29227085474509823,0.2802739575234393,0.18580272516458826,0.24165246256687412,1,0
0d1626be72d5,0.38708683697972335,0.19618141640998762,0.3646404638419742,0.052091282768314796,2,3
0d19a07bbff0,0.1612758977006112,0.21451595218924474,0.5197641701573211,0.10444397995282298,1,3
0d49a20737e8,0.8631355107284031,0.03982880879980251,0.036543563725577224,0.06049211674621713,0,2
0d4f4da9dda3,0.8352272285164701,0.04074774890085023,0.08717824330179731,0.03684677928088238,0,1
0d5082a9a044,0.2649156454165915,0.5743806268474296,0.08910127741784332,0.07160245031813571,1,2
0d6d3f946d7b,0.19461844328552175,0.16073468468755453,0.2936617311419323,0.35098514088499144,1,4
0d6d908b3a21,0.04163986715776831,0.6291371267722173,0.2920029835805227,0.03722002248949157,3,1
0d806ffe4e77,0.5873440013122605,0.14377351185878118,0.20906511024384558,0.059817376585112735,0,0
0d88a0777808,0.0072479780009358594,0.6528247518647913,0.22127045276294122,0.11865681737133174,1,1
0d8d0ec75a82,0.3285668842102725,0.34007268261368057,0.1664955386944295,0.1648648944816174,0,4
0d962bb4c9f2,0.30170310787383664,0.25314145799695814,0.35434791502075136,0.09080751910845383,0,3
0d9709b3af74,0.3484352660362164,0.18593433389015743,0.1479849180643853,0.31764548200924086,3,0
0d9ebdd085fc,0.03532360440062306,0.43858364070597944,0.4524351039547113,0.0736576509386862,1,2
0da60a794140,0.09837903841228504,0.3519378438278708,0.3452545317123015,0.20442858604754263,1,4
0dad96d7bb42,0.4026134977088726,0.24492899943490498,0.17149307058530508,0.18096443227091719,0,1
0dbfffc14b06,0.027779967448379444,0.8700019616715711,0.060296985042131414,0.041921085837918134,1,2
0dca97b508f0,0.28605697791580587,0.3223662614788019,0.28011834920410034,0.11145841140129191,0,0
0dccf6c8a734,0.09659065184486192,0.4281574255520905,0.40702090215641473,0.06823102044663266,3,3
0dda3b2bc0a2,0.7766252025752509,0.0843934012119849,0.11560686592961629,0.023374530283147926,1,1
0e073fd45001,0.6972757991629663,0.09026623170746365,0.11744076434304565,0.09501720478652438,1,2
0e1701865c35,0.16750525459429533,0.20778185826751042,0.22368067626918908,0.4010322108690052,1,1
0e2a0ec6533d,0.43680355106913643,0.14000432588134074,0.24845425275762875,0.17473787029189403,3,0
0e3c57f50255,0.2848444455508024,0.5066168322469583,0.10653940541435003,0.10199931678788929,1,4
0e3eff99adbc,0.48293746321502334,0.10109363364468811,0.36077506174281515,0.05519384139747339,1,4
0e4c41d96006,0.3768036885649474,0.21393452759371623,0.20834906102767645,0.20091272281365977,0,2
0e62c82c7975,0.1051182049860704,0.6773459907069344,0.13412597742326227,0.08340982688373295,1,1
0e63ba149294,0.0595487158573277,0.8556723191369876,0.05885675921254669,0.025922205793138038,1,0
0e698a56dcd3,0.4175420174390814,0.2968987415305657,0.17292096004327978,0.11263828098707311,0,3
0e76983343a5,0.31096163534451293,0.22532366637238954,0.2649621192467621,0.19875257903633542,0,1
0e873e593a75,0.19239675298965156,0.4357860337814754,0.30591002150582447,0.06590719172304849,3,4
0e89eeeb5eef,0.02291867420559907,0.7343913263738902,0.22965102535535215,0.013038974065158715,1,2
0e908a012691,0.43704832841723035,0.18742984635075094,0.2742609841398489,0.10126084109217005,1,1
0e9bece7e297,0.10780370867498998,0.4472242562931519,0.339052610157345,0.10591942487451309,2,0
0eb98db06f45,0.17609781462360669,0.47262009722689174,0.3068077037387907,0.04447438441071081,1,1
0ec2cfa1e0ea,0.13594625561924364,0.5580872066737391,0.13384122860964548,0.1721253090973716,3,3
0ec2edfe7846,0.1538425328598173,0.506911061367528,0.27107524752803386,0.0681711582446208,1,1
0ee1a62438bd,0.03279657512380004,0.9211234287388773,0.023788539199853062,0.0222914569374695,1,2
0ee703df04a3,0.28887827938980376,0.45586422088280165,0.1438718892726876,0.11138561045470702,0,3
0efc048f9f22,0.048743269818777406,0.5772848395162812,0.3094439754163342,0.0645279152486072,1,3
0f0cda6d8d62,0.4795098779879318,0.19492152893613132,0.2812910319234541,0.04427756115248273,0,4
0f21dc4d6a38,0.5072119830996736,0.1782591269947936,0.14933402401627052,0.16519486588926222,2,1
0f2816e59e90,0.4756124126939551,0.20993228684591128,0.15770828886290747,0.1567470115972262,0,0
0f3963b5b9bc,0.3947716506241577,0.22694584868479709,0.1820875914959634,0.19619490919508173,1,0
0f61a1f7ed0a,0.7985860856777777,0.044868347862000925,0.03844527142501521,0.11810029503520601,2,2
0f6b7e2b8dd9,0.5959015021003434,0.1525027493315004,0.22896526413916965,0.022630484428986446,0,0
0f712cf8a226,0.4943797729981928,0.09097677406014251,0.2358876605200122,0.17875579242165235,0,2
0f86f48eeeac,0.07045484905328521,0.37602774305199377,0.39815745310438655,0.15535995479033443,2,2
0f903cf7e724,0.38146206673546235,0.03525792137594912,0.4782797546484498,0.10500025724013869,1,1
0f98e00ec7c1,0.5063630906219728,0.18169474094996363,0.24676244597595307,0.06517972245211046,0,2
0fb43e2250de,0.044370003224276706,0.13453642153208828,0.2358516982166213,0.5852418770270137,0,2
0fca95b2e96f,0.11976777094580392,0.3164672630500078,0.5384204866790879,0.025344479325100387,0,1
0fd2db233deb,0.2638542115975583,0.20615342593710795,0.444801548821191,0.08519081364414288,2,3
0ff3c25a854c,0.13917104638649144,0.5703207766018072,0.23646719568517288,0.05404098132652837,3,1
1011cb42537b,0.20240536058502923,0.10390852401980209,0.3319612038683629,0.3617249115268058,1,1
1014eb974c52,0.21995477294921267,0.26465584326641056,0.25622529995215654,0.2591640838322203,2,1
101c3d954b1a,0.26072747193968304,0.21413782210819765,0.2601180069118147,0.26501669904030467,1,0
10210984c4e3,0.7334385051478873,0.04192669441431215,0.16661126531958062,0.058023535118219935,0,2
1023832e4df5,0.012402989806184081,0.9070534120730858,0.06724428878202615,0.013299309338703881,1,3
102b9bd43e3f,0.08140054259055254,0.7821415045716774,0.11221912468321131,0.024238828154558727,1,1
1057c264185b,0.05021122925607082,0.5318712495138136,0.17632552729479226,0.2415919939353233,1,3
106749939445,0.13351485591387602,0.7078786349663143,0.14104052729878241,0.01756598182102705,0,1
109cf108fd45,0.2080896285250777,0.2118029562107133,0.3402097817894727,0.23989763347473628,1,3
10b0f0913b0e,0.6953475428391024,0.029589272133111272,0.0652576880016128,0.20980549702617354,0,3
10b30a720c5b,0.07771500161069542,0.350768471017353,0.4064413320245954,0.1650751953473563,0,3
10bd268ba723,0.056310639179909465,0.5842860620640654,0.23447317906579207,0.1249301196902331,1,2
10c04ba1bd2b,0.06808047109030245,0.5542988610166911,0.3466093490921686,0.0310113188008378,1,0
10c4ff4c9059,0.07994925121309475,0.28749283197976594,0.2756066863569121,0.35695123045022725,2,3
10e35f64fc16,0.2823229113136369,0.21712318453861298,0.36940846374506325,0.13114544040268689,1,3
10f0d04d472c,0.7599547432703861,0.10786847148617229,0.09353441533019342,0.038642369913248126,0,4
110f748ac87d,0.714102152501942,0.05602237766964872,0.10022167070907752,0.12965379911933192,0,0
111796da8caa,0.3920107910925029,0.3064728310935297,0.18959863306508884,0.11191774474887868,1,0
111f1af1c3da,0.1710193049356833,0.09429455679653742,0.4080923749555333,0.32659376331224593,1,2
1124139f32e2,0.02368282218970872,0.7444263789971194,0.12947805157017706,0.1024127472429949,3,2
116aee0c66b7,0.40302732552663145,0.37934094648499667,0.11733684796163973,0.10029488002673222,1,4
1179757bcf68,0.31537892950843166,0.2838841997597536,0.24067482194745254,0.16006204878436223,0,3
1181dd47fe5c,0.056361257924253574,0.3290712135926,0.5909048149600813,0.02366271352306517,3,1
11858d1119d0,0.4625233892048868,0.27746817151086905,0.1578128525613119,0.10219558672293237,0,0
11961f06a9b0,0.10384757718198374,0.518067758282071,0.17047187615730025,0.20761278837864516,0,1
119f1eff7a08,0.1355556904921897,0.20134893651680305,0.555100679804026,0.10799469318698116,2,0
11a47a5bfa3e,0.04466713800408496,0.7710070270703551,0.116023958308344,0.06830187661721585,2,4
11b52fbe26a3,0.26318716740812814,0.17001860206648597,0.21662091502190947,0.35017331550347647,2,0
11d06f38e6c7,0.6381632087460531,0.11674110739649828,0.16973605717161422,0.07535962668583443,2,4
11d1ba716865,0.23801317037402384,0.14510672048528422,0.5524698192872781,0.0644102898534139,1,4
11d3ee227030,0.17074680737761178,0.5916125055055331,0.20853568688472884,0.02910500023212619,1,1
11d461e08258,0.1606318680753238,0.33681801914986376,0.3044347988526401,0.19811531392217238,1,3
11dbbf7b8061,0.10886750935351189,0.4913773341470584,0.37789562853017894,0.021859527969250725,1,0
11dd0dac0097,0.09768613941832567,0.43215639175315274,0.43614760806971986,0.03400986075880172,1,2
11fc7a6b1309,0.461614498144262,0.1822035691536436,0.3173663023965854,0.03881563030550906,0,2
122d8eb18755,0.01857130067385175,0.7681484231321121,0.19743781966684096,0.015842456527195153,1,3
12435b432178,0.10754780360407291,0.3367915484893149,0.387234394131944,0.16842625377466802,1,1
12466f93afc9,0.5252431674229397,0.26197886544274446,0.16775015700008247,0.045027810134233306,0,2
1264d1caa4ec,0.13793041910112325,0.4980774963039484,0.15114645788445966,0.2128456267104688,2,1
126aa6f8dd4d,0.19054520039490672,0.4662182433793328,0.21307637491080814,0.1301601813149524,1,0
126bc37fb7cd,0.35891921750740874,0.26910535851150974,0.2834219208786786,0.0885535031024027,1,0
126d0f49608d,0.07443457881896837,0.587609645359888,0.23731131482176773,0.1006444609993758,3,4
12a7e0fbe115,0.07018215890361335,0.3295987126306273,0.4355811536846809,0.16463797478107847,1,0
12aac2bc16f8,0.7559099042018285,0.07241279153564699,0.0845183936802973,0.08715891058222731,0,2
12d8e3dacf25,0.15470858861166592,0.21347592484287398,0.39766697683241636,0.23414850971304377,0,4
12d985bbeae6,0.6101946229765464,0.0859085307493263,0.1960170912794292,0.10787975499469818,3,1
12e41bdbf7d8,0.35937442176665974,0.1974746750275775,0.17173829002921764,0.2714126131765451,3,2
12e8a13330c2,0.6027829235241907,0.02233104679633786,0.3574523623312234,0.017433667348248142,0,1
12eb7f468be2,0.2888932101661118,0.18889667029134294,0.35973705547884155,0.16247306406370374,2,0
12ee3626ff46,0.062155684658894775,0.624471864247396,0.2904130601562973,0.022959390937411988,1,2
12fdd23605e7,0.5380340190981553,0.2805892305855713,0.12797024267577697,0.05340650764049658,0,4
12fe5d33abc6,0.18497248445785808,0.24710498223988853,0.4161821479189387,0.15174038538331486,2,1
1310de79e289,0.20110334531535837,0.6479417838208309,0.05088231398413935,0.1000725568796713,1,2
1311dd0e5c64,0.46728064389758417,0.23830660973817294,0.28291054344436484,0.011502202919878005,0,4
131bc41b0023,0.28896295217427964,0.5492939017952537,0.1485916280350672,0.013151517995399499,1,4
132141473871,0.08853526396363302,0.5154401470932025,0.3368351771618268,0.05918941178133763,1,0
13320f26da3c,0.1464818259445495,0.20329843634475955,0.5871909639606873,0.06302877375000372,1,2
133a21a5280f,0.12259938582410274,0.692304350180804,0.15419601234790895,0.03090025164718411,1,4
133f2685856f,0.045674829837353485,0.6919154435784146,0.19518213422596076,0.06722759235827108,1,1
1346f9458379,0.2932453659998054,0.39222753037910046,0.28082686600302914,0.03370023761806505,0,2
13481f97071c,0.14193785044339394,0.4719414940722963,0.3191887081969376,0.06693194728737219,1,4
13787cd0a611,0.07866916243117061,0.8712455652620368,0.025324306977039187,0.02476096532975367,1,1
138be234cb3c,0.229146814502118,0.6261702681241653,0.12027842439056365,0.024404492983153017,1,0
1392a9bbcbdb,0.021104740104424556,0.7166222733452235,0.13365757588992577,0.12861541066042598,1,0
13b60143c0f5,0.023483957593622543,0.8570922216563854,0.09931042108278938,0.02011339966720263,1,4
13bd1f239046,0.23578024205631676,0.23335547916549174,0.3799564498887068,0.1509078288894848,2,0
13ce825a3cf7,0.014330554849197446,0.8055190408177817,0.15276122770714584,0.027389176625875054,1,1
13def796c64d,0.03774767265635837,0.7250835727137078,0.21876143988483385,0.018407314745100004,1,0
13e21ab810f1,0.4181473234272589,0.11823120207472763,0.33051551934255996,0.13310595515545368,2,1
13eff8f19efb,0.13377996036284226,0.352632116270882,0.4690618720448916,0.04452605132138416,1,2
13f1e5778385,0.24270732630937747,0.17215021790098287,0.4585699071677469,0.1265725486218926,1,2
13f212585f43,0.34916858392707306,0.37169936531854814,0.1344717621697092,0.14466028858466964,0,2
13f84be4b729,0.02998970545215708,0.6406648511488371,0.30079419957311726,0.028551243825888646,1,4
14098d7c56bf,0.07967210613547036,0.33019797483228547,0.4761373702547679,0.11399254877747639,1,3
141cfd1cf748,0.6264035783081121,0.04186724480639842,0.29717147315512976,0.03455770373035971,2,0
14204d559d6c,0.6456408584006268,0.1067674917966157,0.11230772689492485,0.13528392290783275,0,3
14214ff4686b,0.13495475562512133,0.5428475840450099,0.23890562847784888,0.08329203185201994,0,3
1427ed4ecdf1,0.2455933721000092,0.15803421123660016,0.37340403135889283,0.2229683853044978,0,4
1428fbfc536d,0.27730183067297337,0.186786749189412,0.49115895579172736,0.04475246434588721,0,0
143c466c5a41,0.10202336501961533,0.13834295702323168,0.059059246147514115,0.7005744318096389,1,0
1452424edbbd,0.08987191447310884,0.5548762976944083,0.3022088954782475,0.053042892354235385,1,4
145a2c752783,0.5981622848483463,0.13967403819695423,0.1447178019507882,0.11744587500391125,0,0
145ea107cfdf,0.30873542500498247,0.4230827268341227,0.1451797232463188,0.12300212491457624,1,1
1468f89958ae,0.16488205947946552,0.5201141790378635,0.1218411734127139,0.19316258806995704,1,4
1496ac223912,0.8088042527793973,0.05382659029570113,0.09511642022904558,0.04225273669585599,2,1
14b5805d90cf,0.8921606246378135,0.018213369369708573,0.05724569413684961,0.03238031185562833,0,2
14be42e4beee,0.0707247655629193,0.6067502897903084,0.15104092648758763,0.17148401815918476,2,3
14c938eebb45,0.12048379251496848,0.13732802701312485,0.22625499164476762,0.5159331888271391,1,4
14e56e75b328,0.2129288818897299,0.6439670578460116,0.0374186623889666,0.105685397875292,3,2
14f70dbb7730,0.3516172555624983,0.31076597099695336,0.14893415938995383,0.18868261405059464,1,0
14fa513dbf03,0.11386631983530614,0.2830573648011052,0.048997204794216535,0.5540791105693721,3,2
14fc1724dc3d,0.19574535542104995,0.41115731962037116,0.32813064155150845,0.06496668340707043,1,2
150c8a29908b,0.2921239418604769,0.42941022581380167,0.035574208661448316,0.24289162366427308,2,2
151097927345,0.01783547011737966,0.8827961957304443,0.08714460107071083,0.012223733081465295,1,0
152084ef57a6,0.7956655858483213,0.037690657958426466,0.07495905470287076,0.09168470149038145,0,3
153f72083ac5,0.030210067053766408,0.7922607993981234,0.15568249636656678,0.021846637181543487,1,3
154b47e45726,0.15657529193697264,0.44172667362011486,0.381485644112794,0.02021239033011862,0,3
1553091efbda,0.14263102520797427,0.6218950142133575,0.18776532585679792,0.04770863472187038,1,3
1554e808cb6d,0.7015525790313922,0.1664510283048371,0.06567669492373202,0.06631969774003874,0,1
155b096d1b12,0.5504979588034801,0.09206941467259246,0.17295096587476155,0.18448166064916602,0,1
1565a173b9e0,0.21035657410994313,0.26110984195343684,0.4203459526992924,0.10818763123732758,3,1
156e6297a136,0.811911568237764,0.042335274668987975,0.11943581235946506,0.02631734473378282,0,1
158f4775c613,0.06949116304051968,0.2219621845923889,0.5703389093900809,0.1382077429770106,1,1
1594ca188938,0.041317627886180576,0.5176158110911447,0.3228251265124349,0.11824143451023987,1,3
1595bbc15964,0.17982273221427494,0.21047352386770563,0.43183777744793955,0.1778659664700798,0,1
15987bfb9f6c,0.1331934682260828,0.27562538558415967,0.4134699495969992,0.17771119659275839,1,3
159c607b0f88,0.18067589979463133,0.3823659441650728,0.26266246374859825,0.1742956922916975,2,4
159cbf48e73c,0.050751470537919584,0.5856381153099474,0.24083182481265367,0.12277858933947924,1,3
15ae12f7cfb1,0.018644047559885045,0.8705194764792393,0.07122593266423793,0.03961054329663776,1,0
15b667401963,0.07121201843269304,0.71278864919201,0.1656409800620596,0.050358352313237285,1,3
15b8fbeb41a8,0.08831396274320893,0.6791588448688837,0.14625519236268197,0.08627200002522536,1,4
15bd754f1ec1,0.18371652182597042,0.6297604860031263,0.10361698734462153,0.0829060048262817,1,3
15cd3787bcc0,0.08166397197325417,0.6420785738382866,0.165138135573903,0.1111193186145563,3,3
15e2f6a8e8fc,0.6080284783382702,0.1406627205636198,0.1941442448517018,0.057164556246408094,3,3
15e7f6ecc2c5,0.2578063900656927,0.34529226757324377,0.30382518657744406,0.09307615578361957,1,2
15f05ab2d893,0.04346531472196315,0.6282246250612719,0.2010028532379819,0.1273072069787832,1,2
15f599eeb81f,0.5668063271545535,0.3544591587571644,0.04206481143968773,0.036669702648594406,1,3
15f749d8d34c,0.44751591418376474,0.31886381937055464,0.13072028994403773,0.10289997650164294,1,2
15fe7f82b7e2,0.32689237679915195,0.3801641809964105,0.14964206421141357,0.1433013779930239,1,4
160c3b649efd,0.13631378361920982,0.6884725431277432,0.12504038620505434,0.05017328704799263,1,1
160c8b6c7e2c,0.14994647684663706,0.3206763757829979,0.16495619830772182,0.36442094906264316,1,0
161664ae65cc,0.3234393406072611,0.43612338795836386,0.15120749003479705,0.08922978139957802,2,0
161875acf5a4,0.41450844451600666,0.03589012739579496,0.3995790539198633,0.15002237416833503,1,0
1618ee0e44de,0.09561893203848565,0.47837173995814597,0.2327410421104612,0.193268285892907,1,3
161a333c9092,0.1656873674804352,0.5722572252836644,0.12002562965899617,0.14202977757690408,1,4
161d81d28399,0.39387750391335785,0.31702446232717146,0.20534632416436804,0.08375170959510266,2,1
16203f0dd93a,0.2495958558690174,0.11615230041815043,0.5678274828006525,0.06642436091217964,0,1
162b49bd6d26,0.8148840068119515,0.03395395558004479,0.04533493721137895,0.10582710039662467,3,1
1665788ce755,0.16774606194164832,0.4617054733767516,0.2675672387262727,0.10298122595532752,1,3
1674ae57f764,0.3086103458964098,0.23137961044097405,0.254120154269543,0.20588988939307315,1,4
168dddd3daa1,0.3260292097151722,0.16604787238114066,0.42091149557118185,0.08701142233250535,1,1
16954003ded9,0.6589938603642035,0.12812027983864974,0.07116780783567483,0.1417180519614719,2,4
1697e617266f,0.012831529412483198,0.7671944943639746,0.19911074445897922,0.020863231764563075,1,4
16a13141a4ec,0.031395603557925214,0.739742830211882,0.12411601964056862,0.10474554658962405,1,0
16a9737d2dff,0.3725347518898324,0.24250027169678537,0.2641129589460753,0.12085201746730699,0,3
16c0b52e5fa7,0.06041053349718665,0.428323453828082,0.4229661896857759,0.08829982298895545,1,1
16d98c50e843,0.07025195725233391,0.19362716391715143,0.6273597778614429,0.1087611009690718,1,4
16fbc834dda4,0.028337497122415994,0.7734804095867241,0.18033673760695434,0.01784535568390553,1,1
170ac27f26c2,0.18864514213268554,0.3500934861027689,0.26254682185211664,0.19871454991242885,2,0
172e2caf0eb4,0.20783521754494752,0.6649669176098599,0.09687817087182414,0.030319693973368398,1,1
17493bd373b8,0.01255012214797955,0.887703754081623,0.06400476071665501,0.035741363053742384,1,3
17577170d7ca,0.499767349079338,0.26628054525440875,0.08722868643163435,0.1467234192346187,0,2
1772697538d3,0.39221140871334503,0.3326947373578828,0.22238372011265095,0.052710133816121274,0,2
17a89ce1e5b3,0.5274069041060379,0.20475034701551356,0.18920058504402434,0.07864216383442425,2,2
17b73dde4491,0.05298336796448467,0.7592739661545456,0.12590196089237066,0.06184070498859916,1,2
17b7d506e666,0.1347602829592978,0.512799711862411,0.0772143950168548,0.27522561016143654,3,1
17bb0bdd2f7b,0.32332340375453134,0.2500454053975041,0.2907715103744505,0.13585968047351402,2,1
17c04e889fdd,0.5280533749218596,0.11663174628584393,0.2345319687066641,0.12078291008563259,0,0
17c25c1ffb8d,0.36627082390730553,0.16128186531871194,0.37607079110450614,0.09637651966947644,3,4
17c64a6e2c5a,0.07932443631177584,0.8122590335401195,0.07169560189033714,0.03672092825776746,1,0
17da3bebe960,0.03843420965973209,0.6862648189737749,0.24646780524766213,0.0288331661188309,1,1
17e2c13b13a4,0.18125493204950208,0.17407087972480598,0.6124393044632046,0.032234883762487364,2,4
17e46fc66a16,0.04539687772096456,0.44907614688394776,0.37411543240261963,0.13141154299246796,1,4
181360cf5b3f,0.7074094599245684,0.04992140294965445,0.18269612338240282,0.05997301374337423,0,1
18156e6f27e8,0.37682501417628333,0.26630958004812,0.1552924757174337,0.20157293005816304,0,3
18211ed86296,0.5895138868363775,0.12122571351805934,0.21631670292095614,0.07294369672460693,2,1
184cd4d75979,0.03574505264674847,0.5289654980848302,0.09432299917122902,0.34096645009719234,1,3
185dd4caeaa6,0.03470220789945542,0.8720423888504258,0.05204590144737758,0.04120950180274133,1,1
185ebc0fc39d,0.7536506913307879,0.05763614213313275,0.14191165901019062,0.04680150752588862,0,3
1882d31c20a8,0.05379515482320596,0.6489183725977853,0.18388057645482705,0.1134058961241817,1,4
18a530e6a802,0.40003607177613937,0.36152728162155356,0.06007242013596306,0.17836422646634398,1,2
18a979da66a5,0.5070389458962625,0.14643187345022943,0.2804760929275328,0.06605308772597518,2,4
18bcd9a1da10,0.07672369677008462,0.6690060998749039,0.1558878429074716,0.09838236044753995,1,2
18d48e95755f,0.5435156786974042,0.2480407296081761,0.11826158427342383,0.09018200742099576,0,4
18f97a81047e,0.4164289375572743,0.274904846534315,0.20309363781360845,0.10557257809480239,1,1
19049e36a56b,0.034242400521084286,0.6037206795181499,0.23459802926216117,0.1274388906986046,1,3
190f1d3cbb04,0.04276140961590346,0.5176644798708597,0.3235076313187583,0.11606647919447849,1,1
1914c949b980,0.018324006951571617,0.9063581519381843,0.0627405690035267,0.012577272106717411,1,0
192cb96503cb,0.21077873758077692,0.3010677294988493,0.4104172853568407,0.0777362475635331,1,2
1939753be279,0.06939623184975294,0.7094456181493316,0.16482647544967868,0.056331674551236825,1,4
193d3d99e496,0.13392000100773638,0.3386475040367867,0.46651559629758255,0.06091689865789435,1,2
19406db78215,0.11400679073646108,0.4475673769708981,0.1356491487910481,0.3027766835015925,1,1
1942df72cbb4,0.5486214519750835,0.2601873520846476,0.0782355259359259,0.11295567000434294,2,3
1948a0198a86,0.368985062458143,0.10127031368344601,0.2216068146834415,0.3081378091749694,0,4
1956c85c146d,0.5621258347732506,0.16900757701574412,0.25614469058579253,0.012721897625212782,1,2
1964b644d7ef,0.21791689965044989,0.2387543367312655,0.48102307109873194,0.062305692519552695,3,2
1972681565cc,0.01605658906430833,0.5611843228747945,0.18557476583957128,0.23718432222132585,1,0
19905c7259b8,0.1250514612681416,0.6136126211518627,0.08802005254917387,0.17331586503082202,1,4
199ef8aace49,0.398072299164794,0.28101549261736763,0.25962282705957646,0.06128938115826188,0,4
19a2b2618a2b,0.2640161267583227,0.1267008660015503,0.10806187817531224,0.5012211290648148,3,1
19a69f8ae995,0.14335000950616653,0.4750234283307642,0.325342378425247,0.056284183737822256,1,4
19c6a6e0cb1c,0.15166805371325454,0.6734800976177926,0.08120369910447016,0.09364814956448288,1,3
1a03f0a16164,0.48580520197518323,0.2615432171247809,0.1417304553318092,0.11092112556822674,2,1
1a0409ee4b32,0.14889989199160814,0.5217868441296343,0.2720814840110895,0.057231779867668225,2,1
1a107c04965e,0.27520073771282194,0.22001625451347248,0.40121246208759226,0.10357054568611335,1,0
1a11cb490631,0.06972467100924404,0.5354585746473778,0.35417777328304584,0.040638981060332355,1,4
1a1a47e328f7,0.19699756972197047,0.33180920297637906,0.29591075928063604,0.17528246802101446,2,0
1a2cbb5c1a7f,0.48223510712075335,0.067679217294554,0.2974402445487631,0.15264543103592967,0,2
1a3172a2e845,0.7364424047142833,0.0740874180980022,0.07196222980803062,0.11750794737968398,0,1
1a3e729f201e,0.1590997861456962,0.31401386481485544,0.3173420883907209,0.20954426064872747,3,0
1a404401eda8,0.2596548467782988,0.1866171250495018,0.10283003888761752,0.45089798928458197,2,0
1a4b245e03da,0.36208817287439665,0.3657298521993988,0.1964814757730734,0.07570049915313097,2,1
1a53a4506f10,0.2830074105385371,0.16367918857377164,0.2606352753576012,0.2926781255300899,2,3
1a6082c58f64,0.24934486208174045,0.23801032096173716,0.466343930517184,0.04630088643933849,1,2
1a724e3102d0,0.3831844065597729,0.5602768761837167,0.032489787049251,0.02404893020725951,1,2
1a8038230877,0.03687590622027205,0.45430596676598417,0.38979803306583116,0.1190200939479126,1,0
1a8733a7c289,0.18462842171788493,0.27802298058012986,0.43869362466897205,0.09865497303301324,1,4
1aa21301e856,0.2715818322847058,0.11526366695274427,0.5412579614629495,0.07189653929960038,0,0
1aacd741dace,0.635079906944725,0.07614681413154363,0.20581179662411175,0.08296148229961939,1,2
1aaef9f47b25,0.010610599924312071,0.9447603016509456,0.0077959663127953995,0.03683313211194682,1,0
1ab52121be21,0.5324763987294341,0.1055376876835699,0.25931348351072947,0.10267243007626665,1,3
1ac1de4ecb6c,0.41081948557044934,0.14091454123268954,0.2939955112048004,0.15427046199206074,1,0
1ac288b2ce23,0.10487294534072551,0.6299062208391085,0.20767634274590974,0.05754449107425628,1,2
1ad268f677fc,0.10888097886738403,0.42914667140702534,0.42023829502034304,0.0417340547052476,1,4
1ad782651f09,0.6394834549765097,0.12998437931523865,0.1877434927762044,0.04278867293204719,1,0
1aecd8c867ac,0.07055026479199854,0.29841618551561616,0.45771032692416624,0.17332322276821913,1,4
1af41c4cbf5d,0.039319739970080106,0.6453195114938053,0.249879109092312,0.06548163944380274,1,3
1b427c519a72,0.6246984737743567,0.09934425562202698,0.2202493031224201,0.05570796748119626,2,1
1b49b7921474,0.09057119821034784,0.33272186750086974,0.20112954671405445,0.3755773875747278,0,0
1b5ca94ac38b,0.21333858451501406,0.6534780694355734,0.10558107955389355,0.02760226649551881,1,0
1b6250d23465,0.012321030860403441,0.8537460715207233,0.12715719929420344,0.006775698324669637,2,4
1b6eb0f6fcb3,0.1722930288884918,0.16319700618960611,0.3851596197724901,0.279350345149412,2,3
1b80a4e2614f,0.11165680663649223,0.4634391876972228,0.185562214266104,0.23934179140018108,2,1
1b8afd81f6a0,0.6426405178695774,0.060146510459477824,0.13741685757970076,0.15979611409124392,0,2
1ba5ddfad18d,0.2277556847492853,0.39212595031726283,0.23633584985319628,0.14378251508025566,2,1
1baca8182bf8,0.444084526444091,0.2268361219999149,0.2158924318545165,0.1131869197014777,0,4
1bc9965d033b,0.8489310812606943,0.029958734781221658,0.0954301603320096,0.025680023626074445,0,1
1befbaaa2bdc,0.05359402038055143,0.5364027535638886,0.29846250675092617,0.11154071930463386,2,3
1bf775c57c75,0.44734037231742163,0.26687695248126936,0.14690729534337,0.1388753798579391,2,0
1c471b0d2fb4,0.17214382964800926,0.6534734147143446,0.09990991879569429,0.07447283684195191,0,0
1c47b7084ba4,0.15135291694187172,0.16095665660641154,0.30780222108901,0.37988820536270673,0,3
1c47fb86c8e7,0.6883226521969689,0.04835236680041378,0.09961023224430055,0.16371474875831687,0,4
1c48cbfea106,0.7727960127362209,0.09313170493264725,0.032464393586976094,0.10160788874415555,2,2
1c4a89d7a901,0.05409428748868294,0.7820811064770505,0.11595987943939745,0.047864726594869046,2,3
1c5a0cb3ebc0,0.10539750553968255,0.6624707247852961,0.1394544722605673,0.092677297414454,1,3
1c790318b3ef,0.04366296702696023,0.37707852322970276,0.09560097134764599,0.48365753839569114,1,3
1c88dbf27747,0.24911361014418157,0.12032409972430302,0.46594034011090796,0.16462195002060753,1,3
1c897615664a,0.5377449712655102,0.06201881264733098,0.30225241206944886,0.09798380401770981,2,2
1ca63facc033,0.07011828944088865,0.8091686956315872,0.06185922525700314,0.05885378967052097,1,0
1cad23eae406,0.11399980473718675,0.3789048693159118,0.30953249551370166,0.19756283043319994,2,2
1cb23162d215,0.31961271460083984,0.2726642059853398,0.28486306721148635,0.12286001220233408,0,3
1cbbe74b7fcf,0.16591024260772824,0.5632688477704161,0.16766359785336185,0.10315731176849376,1,3
1ccd5ebd1ca6,0.2729785083462959,0.1919008500926168,0.2127443507851164,0.32237629077597096,0,0
1cd14dd22747,0.197293335985299,0.3592290652056114,0.31253789544633404,0.1309397033627556,1,1
1cdcb65db764,0.5082439708113584,0.05264802954168714,0.21899043066756654,0.22011756897938786,3,2
1cdccea74613,0.5173933897562732,0.08473739932494866,0.16148834714168858,0.23638086377708953,3,4
1cdf13ab07d0,0.49962264499052145,0.12740527113485528,0.2172920009335407,0.1556800829410827,2,1
1ce3a5d2f184,0.17906636817005547,0.35473488262335995,0.424928146907205,0.04127060229937952,1,3
1ce5a6058285,0.16853995683301046,0.7134899768045136,0.07158902574705009,0.04638104061542595,2,1
1ceb2008c876,0.47614331979193797,0.12667257345750865,0.2880749176957695,0.10910918905478396,0,2
1cebae6715f0,0.045816562534595345,0.8103352325010609,0.0789778835773433,0.06487032138700041,1,4
1cf24b1b5615,0.5822185947615247,0.0871610456612305,0.3183913308311262,0.012229028746118668,1,0
1d01d5f6e570,0.22563918751811624,0.41292764868678344,0.14076674228287872,0.2206664215122216,2,4
1d079ba88b49,0.30458884944861625,0.447549083064379,0.14107312623575746,0.10678894125124735,3,0
1d087706bfbb,0.0709810786183962,0.5821013636632951,0.304473645747607,0.04244391197070159,1,0
1d243015f1d5,0.36464973647782994,0.23955052624250409,0.306988826631768,0.0888109106478979,1,2
1d28a8b7c0b1,0.2745190382929127,0.2433989194973529,0.42858847352763896,0.05349356868209536,1,0
1d2c03c45291,0.12913531351675334,0.08971239299929529,0.3840155478729427,0.3971367456110087,1,0
1d4b92eb1e86,0.2869086316632583,0.18398996431043324,0.3056296700812062,0.22347173394510222,0,2
1d667e9556ad,0.09852958679463171,0.3554522730460638,0.39584605824435154,0.15017208191495302,1,2
1d6fda0514c6,0.3456048731642083,0.2702087072948858,0.3309923700101615,0.0531940495307443,0,4
1d7af2de9365,0.052075375072470266,0.47340826929320473,0.21507622253722258,0.2594401330971025,1,2
1d81732ee787,0.3450502405953337,0.3194416171483495,0.22428532270717513,0.1112228195491416,0,0
1da8d77bfbbc,0.11310168426890342,0.44360717123078736,0.24974908627765277,0.1935420582226564,2,4
1dc051f3e900,0.2417733030422186,0.2940279660534447,0.21385175715582527,0.25034697374851145,0,3
1ddffdd81388,0.31259642205386423,0.43628975052857166,0.1509607114617538,0.10015311595581024,0,4
1de4e880cb3a,0.03038001532880665,0.9032549401455895,0.03370616506270999,0.032658879462893795,1,0
1dec8f8a5290,0.17559011858479845,0.5765335354393649,0.12501780514653346,0.12285854082930303,2,0
1e0773b7e49b,0.18589764896915373,0.26402880043556787,0.30803062120280644,0.242042929392472,1,2
1e1b4b1b53cb,0.27742147582810944,0.5051184189929216,0.17842685820688964,0.03903324697207924,2,3
1e1b97345c32,0.7055446172990671,0.12361768507251204,0.12517496962483604,0.04566272800358491,0,2
1e250701d101,0.042471789735811935,0.8290136548740438,0.08810042417653863,0.04041413121360571,3,1
1e26273cf072,0.07159826364249808,0.8504768266895278,0.06163310619584163,0.016291803472132424,1,0
1e322d374cd3,0.23160002168688948,0.34503731575013313,0.2861676451737573,0.13719501738922005,2,1
1e3c3ffc9561,0.04418261387620756,0.662811834690104,0.25447877688818693,0.0385267745455016,1,4
1e3f6f8e494c,0.12138482278586919,0.5920592554269153,0.1096612677438628,0.17689465404335275,1,1
1e4e4732d5e7,0.6999399665283784,0.088654461784729,0.15512409780679634,0.05628147388009636,2,1
1e5680a65afb,0.6019510369573617,0.13437207421098873,0.1368398820484183,0.12683700678323126,0,2
1e5912d3fb31,0.6890229748428262,0.12039841022821282,0.08569966624404303,0.10487894868491812,0,1
1e7dc61b9022,0.29026499433504394,0.1534762304000189,0.382021584550879,0.17423719071405816,0,0
1e7e77b791bd,0.15388583728032468,0.36484518090277757,0.27135639945959955,0.20991258235729818,0,3
1e96d5eb4c91,0.44678299513470215,0.3961572700562022,0.07598162831065848,0.08107810649843707,2,3
1e98661f8fb3,0.03228135287348729,0.6866266729257472,0.13292722843034027,0.1481647457704252,1,2
1eafb760551d,0.13616677176280173,0.6763738576540558,0.13664464876788363,0.05081472181525888,3,3
1eb7f8425ce6,0.1491531951507097,0.5296312007382518,0.26756628067628296,0.053649323434755654,1,4
1ed21574ae51,0.1482843420465365,0.47541978567826004,0.25389264364026576,0.12240322863493758,1,1
1eef24598603,0.08668636419423031,0.70513520095785,0.15661097525511172,0.051567459592807965,1,2
1ef81f7528ce,0.0304704386433952,0.6036331523488621,0.33896129377518935,0.026935115232553368,0,1
1ef89135ba6e,0.03877658819025259,0.7469781358266192,0.18552210325323068,0.028723172729897405,1,0
1f01637439b3,0.6958562478402098,0.07903739164460907,0.1955679827377884,0.029538377777392766,0,2
1f294b434700,0.06684645171273877,0.5405205230351376,0.1148325448356727,0.2778004804164509,0,3
1f321faad845,0.10435179915806617,0.3725007753201407,0.2813397778416227,0.24180764768017052,1,2
1f44938d5c2b,0.07496282677719704,0.6902398103577552,0.19349125522969338,0.041306107635354354,1,1
1f4565e83b9a,0.08463302520038019,0.40175088956827926,0.3228903406261086,0.19072574460523187,1,4
1f4ded9818dc,0.12815727757240306,0.6381099897526563,0.18940992541468757,0.04432280726025314,1,3
1f64a498ff9e,0.24604645608498904,0.22867515532241647,0.4523016176339605,0.07297677095863404,1,0
1f89329fdcf2,0.10391110209973604,0.5189103743821136,0.31561369588355925,0.06156482763459112,2,1
1f8c2590aa47,0.13133642726189018,0.46833580206637077,0.3162928901353027,0.08403488053643647,2,0
1f96e6c401a0,0.10485963997065573,0.6272204098803197,0.1368775520681897,0.1310423980808348,1,0
1f970230eff3,0.19610471058946205,0.3621358243848609,0.376346462519277,0.06541300250640002,1,0
1f988b9c498a,0.7210498374222644,0.12999797798126284,0.07410757193694091,0.07484461265953178,1,1
1f9fce7e4109,0.4797591799903102,0.2605900107753595,0.11414202531652708,0.14550878391780328,0,2
1fa134cbb2f7,0.19757613386838188,0.3823294649801519,0.356411693714357,0.06368270743710913,0,3
1fab0b8dc055,0.05264738503728338,0.36862381657426124,0.359361200737693,0.21936759765076258,2,2
1fc1729b5b3c,0.10537773632543146,0.48481684335902847,0.3301080562978308,0.07969736401770927,1,2
1fc3de06c533,0.02764214003524314,0.7609211072113485,0.13095632597484164,0.08048042677856666,2,0
1fcc3fac4784,0.09408256572981592,0.5727728207565238,0.22407316784628364,0.1090714456673766,1,1
1fe87642bbc3,0.39740297534478075,0.2923851824981173,0.2203867030427366,0.08982513911436533,1,0
1ffbfb47b97f,0.24718301419104208,0.4926283074426227,0.21425647376936238,0.045932204596972837,3,2
1ffc645c759a,0.7425058239312853,0.032678385367403896,0.08412444745832083,0.1406913432429899,0,2
200c39af6b9d,0.6897103852025249,0.09162746256119975,0.07762769238270982,0.14103445985356544,0,4
201a708feae5,0.11072673736118542,0.23425502252243946,0.5321719133513825,0.12284632676499263,2,2
202662923e15,0.24673511800760903,0.08837434010513041,0.14924813443762022,0.5156424074496403,1,3
20658524054c,0.11989407879341908,0.06662043843231981,0.06409893650326455,0.7493865462709965,0,3
2072fcb4eea6,0.6695878964780156,0.08379097197293854,0.1661116294759536,0.0805095020730922,3,3
207743ea0f6d,0.10967117599159532,0.5506145949231184,0.2862156682645363,0.05349856082075,2,2
207758407af9,0.3580651346159297,0.20910948887679193,0.32122719327130383,0.11159818323597441,1,1
207fa6f82857,0.08580682568184786,0.523643064906298,0.10550784856910926,0.28504226084274487,2,0
20a308389234,0.5072594274589012,0.16816090102513126,0.23474393136077856,0.08983574015518894,3,2
20a86e21402f,0.08262942575862056,0.6088766863169681,0.23868062845723562,0.06981325946717572,0,1
20b52d3e2fa5,0.7876489847273217,0.04363262650876276,0.03673719071274511,0.1319811980511704,2,2
20d3ed4a413e,0.5889529933349593,0.1360325682776957,0.14872286366951695,0.1262915747178281,3,0
20e00874f8ee,0.3653584803492823,0.23040590621559726,0.36762548765515274,0.03661012577996761,1,0
20eb74deaf29,0.49562652187091927,0.15182053272865748,0.26851098486371355,0.08404196053670956,2,3
20f85a875621,0.3560271184264285,0.30370842202199644,0.21753427162224387,0.12273018792933123,1,1
20fa80f5619e,0.4447411870132424,0.19441463076964624,0.2554391727519595,0.10540500946515183,0,3
210570d62277,0.18031196313176867,0.20492121992146434,0.5685580747828132,0.04620874216395389,0,2
2133352e9cde,0.002724327384740461,0.8715989185260848,0.04789855762559467,0.07777819646357992,1,3
2135722ae069,0.06290401553781674,0.7118808468932333,0.21262230812759964,0.012592829441350381,1,4
21468541d7b5,0.11552726101175323,0.3391556181686387,0.07575092062952206,0.469566200190086,2,4
214a48cfa07d,0.0694227342143081,0.6394926897491356,0.24210338840711088,0.0489811876294453,2,4
214c441d728b,0.28156096847581497,0.14061260969357164,0.3911343798648545,0.18669204196575898,1,2
215bc2b055e9,0.40580871721426,0.1483154318616761,0.24736615604375198,0.19850969488031198,2,3
216e4a640f8e,0.18002495692735615,0.2966915586674746,0.39799878367997893,0.1252847007251902,1,1
218620841a93,0.48898121501541475,0.2537332827582951,0.16769913317141802,0.08958636905487226,1,4
2193df2f77b4,0.7143770200332634,0.09713579738008783,0.13699707708637054,0.05149010550027815,0,1
21b42c133cd2,0.05131484137092673,0.778722769552809,0.12846608538644042,0.04149630368982401,1,0
21b8491fb0e0,0.07239027442783877,0.554500209361296,0.3247211590216267,0.04838835718923861,1,1
21be1a5bfa64,0.15193318881770806,0.4673134679687873,0.302671179725246,0.07808216348825855,1,2
21c44b9f3caa,0.12712049566250372,0.14205627296403597,0.3455331916751607,0.38529003969829956,2,4
21ce0d042853,0.8772074246222186,0.021538037131785964,0.04542695583716021,0.05582758240883525,0,4
21d30b087de5,0.38245917800926793,0.36466903355595504,0.12570090267832204,0.12717088575645494,0,0
22088825f165,0.7645648209529414,0.043548664336888795,0.08090421334539458,0.11098230136477526,0,3
2222b92077a6,0.16145090532057782,0.07979628757346095,0.6694907699554393,0.08926203715052193,3,2
22278d83c0ab,0.5899015802813053,0.20966918488521305,0.1774218027527537,0.023007432080727978,0,2
22353f3ff2d1,0.5138814647674288,0.07938453076451155,0.13688662132757162,0.26984738314048806,0,1
2252ba87b56b,0.0553518322746771,0.43470261904315444,0.21708766399365967,0.2928578846885088,1,4
22555df670d7,0.15292723098119793,0.5505658949822885,0.1189132481390281,0.17759362589748556,0,2
2259b6d5ac66,0.3415590475447302,0.14122078687350356,0.3088992204682802,0.20832094511348606,0,0
22686edb0131,0.14433553192147597,0.21251431104159296,0.503095847635002,0.140054309401929,0,4
2280689e5dd3,0.050653392715521675,0.7419436621398184,0.11742490754870877,0.0899780375959511,0,4
22869b2939dd,0.20051294877044015,0.5820164994746029,0.1899568506649294,0.027513701090027667,1,3
2287b570cdd8,0.2071522407144344,0.18033502506602772,0.28823649375696925,0.3242762404625686,0,4
2296c0ca15df,0.17841772260107613,0.3438019068574102,0.302745357514416,0.17503501302709767,1,4
22adb7da3c70,0.422254680732468,0.32196986241562425,0.19854212681866157,0.05723333003324612,0,0
22d433d1fe06,0.03972062596194333,0.6626391711560746,0.27199946891262033,0.0256407339693617,1,1
22ebaa704ad4,0.03353502527850692,0.5818439474830343,0.21613119088085134,0.1684898363576076,1,0
230f160d4a7c,0.1596648879516917,0.35622544842561127,0.24954161057679258,0.2345680530459044,0,0
231a5f824249,0.11673781138772932,0.13510316237424416,0.6927107079817014,0.055448318256324965,1,2
232d23dcb5c6,0.054703507302030704,0.7467030115083614,0.09724810583790502,0.10134537535170288,1,1
23423a5342ea,0.22617922562555753,0.40690788359013425,0.19090714696207942,0.17600574382222886,0,1
23600e975e6f,0.10923165321162949,0.4922084106244923,0.3371947882664098,0.0613651478974685,1,1
2378d336c876,0.633917042071293,0.10532007566726793,0.19391641508849358,0.06684646717294558,0,2
237b80c8279f,0.10710133599724313,0.5218300099494733,0.2566384116744064,0.11443024237887728,1,0
23818431bd20,0.1946208282895776,0.3768456060804197,0.2218176440803594,0.20671592154964336,2,3
2386196182fd,0.019839327120231766,0.882074823420023,0.06449068993985335,0.03359515951989194,3,2
2386f261f756,0.5114030977220054,0.1618098130096184,0.2964095914116919,0.030377497856684386,1,1
2387e52d164a,0.0722884496000249,0.3804300320979974,0.30151416396053704,0.24576735434144067,1,2
2394a4ec8f4b,0.15284836104091634,0.4007127339414537,0.3728416419816631,0.07359726303596696,1,4
23a38f510f64,0.12398309994274646,0.26774669830169245,0.437156731040055,0.17111347071550595,1,1
23aa6dfe0d6f,0.20580571958083876,0.5514197080332557,0.17710962437888778,0.06566494800701776,1,3
23c3bf39df9e,0.2873233585142523,0.46059866595229515,0.12183545312841504,0.13024252240503764,3,1
23c62fb5991e,0.24947058984432038,0.4850559415341696,0.2005024508865256,0.06497101773498433,0,4
23d35c37a05d,0.5361357741547914,0.12257714527285685,0.29908530754943663,0.04220177302291513,1,1
23dc45d96978,0.32466592965737884,0.30267949080576073,0.14390829983324605,0.22874627970361439,0,4
23dd60be5ed2,0.3727137130815759,0.14451749197892608,0.3345259155923851,0.14824287934711286,1,3
23f0f99270d8,0.16748768007768036,0.3600268481969985,0.4320069588449958,0.04047851288032549,3,1
240198fc8e9f,0.5288767196687976,0.08071538664608709,0.16583047237140103,0.22457742131371428,0,3
242e4e777d68,0.17306851117603814,0.4177429685435061,0.08455538870873196,0.3246331315717237,1,2
2433f022b206,0.21109160550669814,0.34339543863345606,0.3535999257506734,0.0919130301091724,2,1
2437e41f60ec,0.05602565912541898,0.5691468811673571,0.31569102298451607,0.059136436722707936,1,0
243b7e22a6cd,0.66349215594872,0.09799112477734172,0.1233030444759518,0.11521367479798639,1,0
244afdf83230,0.023360544825026766,0.7653809752001599,0.18150067552701435,0.029757804447798967,1,2
244e39a44d1e,0.18404388260488355,0.2681642586230516,0.3452726348584501,0.20251922391361468,2,1
245661629b65,0.7828536001215985,0.05213112905226372,0.11651330085402271,0.048501969972114964,0,2
2460844b8bd7,0.11725753725737,0.2546846909556459,0.3821386769135805,0.2459190948734036,1,3
246130177bd8,0.020105818282692846,0.7496237522854624,0.11088286366503178,0.1193875657668129,1,3
24623d752845,0.320102188067144,0.09766666533640318,0.24889692299036392,0.3333342236060889,0,1
247bc4bd6a73,0.11532047306467064,0.8127793443632136,0.039748395097105496,0.032151787475010275,2,2
247f40620c10,0.39966751627477737,0.10227870070771623,0.30602152668828,0.19203225632922646,0,3
2485bd38bf72,0.3507284341921757,0.2906644368886369,0.19758496374400553,0.16102216517518173,2,0
249fbbfd89d7,0.0557055173767099,0.40863174325411256,0.4208068433170096,0.11485589605216782,1,4
24aa73a20789,0.06364315912413136,0.6033363944231436,0.1644506560234881,0.168569790429237,2,2
24b6dac13a27,0.6551663327772187,0.08749478158611046,0.19781875400763133,0.059520131629039554,0,3
24b7753e6ef2,0.04581722625160469,0.46333091951439115,0.45289606916634917,0.037955785067654756,2,1
24c3867c5d29,0.25570433037212376,0.15759518441506107,0.43868132633685886,0.14801915887595626,0,0
24c727c4d278,0.02895939161745132,0.8401122815479198,0.06021779506751479,0.07071053176711409,2,2
24cb214dd7f6,0.7061063590085332,0.034421404759269865,0.15345029595653742,0.10602194027565935,0,0
24cd517d2846,0.036602311224704774,0.7858694145761356,0.0700732483326052,0.10745502586655435,1,3
24ddf88491ff,0.21998141588731532,0.23281083980263906,0.21440989583349454,0.3327978484765511,3,3
24ec174ef46b,0.02009521420759562,0.7646641171920815,0.1896822059077342,0.02555846269258864,1,4
24edf21f4d5a,0.45202130384919864,0.18523983852692286,0.23495282911925494,0.12778602850462356,3,0
24fa5cba4f71,0.1093777505844492,0.6012139430291483,0.20469350300312036,0.08471480338328213,3,0
25134b8c00cb,0.2392006698805441,0.3965486706061427,0.2887212558978208,0.07552940361549239,2,1
2514250a50ae,0.26061936958805204,0.32283349537039835,0.3124686722233028,0.10407846281824679,1,2
251753f7ee49,0.17662088043688023,0.2747201405477597,0.43635354182045816,0.11230543719490205,1,3
2534817120d7,0.6594102271370329,0.07329969927783313,0.10167508227832507,0.16561499130680876,1,3
253710fda754,0.1250302495084813,0.26352294491414835,0.2860068129372888,0.32543999264008155,1,3
253c261bde3a,0.026001478645022204,0.7633182408698376,0.17290967837860408,0.03777060210653624,1,1
2558428fe2a7,0.3770510718644356,0.28376197510639556,0.18142472996271236,0.1577622230664564,0,2
255b4b7dbc24,0.16314761881857978,0.2751781293185941,0.3947292516186342,0.16694500024419195,1,2
255e598df62e,0.1246563715214855,0.5144241097537362,0.24997241323526806,0.11094710548951026,2,1
25710be5e0bb,0.2456679423867823,0.45839660501380336,0.19922690800695594,0.09670854459245835,1,2
25a1c199f819,0.05764484707961239,0.7889050818328335,0.10624561846228975,0.04720445262526427,1,2
25a4b11a059b,0.2463340344957039,0.29549162885149216,0.23651720106391635,0.22165713558888764,1,2
25a7988bfc95,0.3539253173940916,0.13945608806229132,0.26748695093444563,0.23913164360917152,0,0
25aabc4c9c95,0.0599342844654371,0.7186129171695921,0.1171085535328344,0.10434424483213642,1,2
25aff4eb8fb1,0.042479950805056746,0.4699548293281609,0.39220316758979984,0.09536205227698254,1,2
25b65cff2f90,0.3198911793918547,0.22314815970484403,0.33363626442443095,0.12332439647887031,3,1
25b8ba43b5a2,0.12391802248809662,0.5583148652338776,0.23989818301237853,0.07786892926564717,1,0
25be7e269a87,0.1165806108199864,0.5291184692939462,0.28993491661071624,0.06436600327535107,1,3
25ce40175fd5,0.19023317238185913,0.3359889174881052,0.4123345884228172,0.06144332170721838,1,0
25d7c75f0317,0.40324728765249057,0.4451799166201258,0.04686474088208139,0.10470805484530223,3,0
25e21353e24e,0.6151437987553563,0.11537404488264755,0.19770686576671756,0.07177529059527855,0,4
25e957bf9bc8,0.05298761309530238,0.7966008692863906,0.13835803026836346,0.012053487349943541,1,4
25f7ca4bed9b,0.06801162053393499,0.549780716161313,0.3575002949766806,0.02470736832807132,2,3
2605bf788ab6,0.7461344312929812,0.035331258043283964,0.11916747821400303,0.09936683244973173,1,4
26142fe8357a,0.2646102581572606,0.32654315048862304,0.23817096913847416,0.17067562221564214,0,2
262dd75dd358,0.2760768301569302,0.12904629466107131,0.43652785101875363,0.15834902416324495,1,1
263e1aad5f55,0.38761984694160995,0.10083467908708404,0.09068004154367089,0.42086543242763513,1,0
2647aa350094,0.042340787267366495,0.7754703077721447,0.04023718047922442,0.14195172448126436,1,4
2651f80c25b1,0.43975054830063276,0.10113753884027327,0.35352558626996095,0.10558632658913297,0,2
26648048b098,0.03439249546148746,0.7787234622781348,0.1361171040222067,0.05076693823817113,3,4
269a455c3c91,0.3273016449746788,0.38482778380875465,0.23488356675776922,0.052987004458797275,0,3
26ae7b9c9414,0.052203827539521235,0.6266660980375146,0.23984375385509166,0.0812863205678726,1,3
26b0111b51b9,0.25915719913517693,0.12487440082018121,0.5245388284409914,0.09142957160365035,3,3
26b07f9e9e24,0.6315013243680679,0.14627281394858535,0.20827645493547053,0.013949406747876288,2,2
26becb3b6c16,0.7471412182868696,0.08098724649554528,0.1456445370553378,0.02622699816224713,2,2
26bf9b216e9c,0.1069826271705038,0.3145795925455223,0.17157895741452392,0.4068588228694499,1,1
26d5f296c24b,0.028096812557422544,0.43371605851469586,0.5059667088778034,0.032220420050078274,1,3
26ec93608fcd,0.25285891958066903,0.3930290990101583,0.17295864516154646,0.18115333624762617,1,1
2708e654cd46,0.28144275874273306,0.32814716047580605,0.1333398571190233,0.25707022366243754,3,0
27153365136b,0.04495692542236391,0.8870560127371334,0.024649126567787248,0.04333793527271521,1,4
272233b43d12,0.039195662710402236,0.5115814093872029,0.11391910883498294,0.3353038190674119,1,3
272dfcc2c228,0.5425542859098086,0.08124811554266059,0.2546894662080535,0.12150813233947735,3,1
27307dc8cdb5,0.01777289672759495,0.7442062514927785,0.13203952967175275,0.10598132210787366,1,2
273cfc39402c,0.28727001487126974,0.44310549521504977,0.080214926265693,0.18940956364798742,2,1
27438e27d86d,0.3534189760300788,0.23354890369245943,0.2712059882578956,0.14182613201956618,2,2
274ee714467e,0.686668716987197,0.10234535601415094,0.1187342901744237,0.0922516368242283,0,3
27513bc45ebe,0.133999126172719,0.6282419242715532,0.051650880111438105,0.1861080694442895,1,0
275219c98ac3,0.052344917302658237,0.777084185096796,0.10943924674543809,0.06113165085510765,2,3
278fc970196c,0.1295806633963519,0.4798622566631635,0.292169152212512,0.09838792772797256,2,3
279ff8b28326,0.2788596836044422,0.48609545039936985,0.214467473890971,0.020577392105216894,1,4
27c586844ff7,0.02419696337982548,0.9171093531174086,0.015183164417968619,0.0435105190847974,1,4
27db1806a764,0.2712860747758185,0.3820516450181646,0.299555709682004,0.04710657052401273,1,0
27df06029861,0.08035427440625852,0.5913022872957809,0.10334571641346332,0.22499772188449724,1,0
27e863fac512,0.10773519443433706,0.4222960195140603,0.26439060074525955,0.2055781853063431,1,2
27f620156b1e,0.6781986032866874,0.07414677395584096,0.20718937761043696,0.0404652451470347,0,0
27f8616263ed,0.11915332278171936,0.522727903826431,0.3050412602283647,0.05307751316348491,1,3
280355493a53,0.0351056294276249,0.8312161197839854,0.09749573161378333,0.03618251917460631,1,1
280826f3c8cb,0.05657705629680634,0.7485573002189672,0.06639751641349409,0.12846812707073255,1,1
2813f9090abd,0.29894880923799527,0.17858421976259,0.2909724508033543,0.23149452019606034,0,2
281d15ca6f64,0.05703533199928976,0.449501124943988,0.39346081912152686,0.10000272393519548,1,2
28353a62fc75,0.8616401424543443,0.049690224071689375,0.04997489842039144,0.038694735053574805,0,1
2838d8cb10ba,0.8284071323157922,0.033846952113686476,0.10896389267879505,0.02878202289172628,0,4
28449108106b,0.09990892714083195,0.593475620082464,0.24598268950797586,0.060632763268728254,1,0
285d0448622f,0.6016580137632516,0.0826191260779009,0.214144997037577,0.10157786312127057,0,3
2863afd4cd1e,0.0895277275898085,0.6784240806014683,0.21353556058982265,0.01851263121890052,1,4
2865cb42d240,0.1125102649329832,0.39944731176763887,0.4456297490313634,0.04241267426801446,0,3
287b389f997b,0.011000688127146808,0.8129575511135698,0.1519239908355751,0.024117769923708218,1,0
2883027e4eb2,0.7418477508887095,0.05083414893215522,0.055920303029583354,0.15139779714955193,0,2
28a5850d4c73,0.0838794980014462,0.4385177184431147,0.35620656905673687,0.12139621449870237,1,2
28b1968260da,0.2865497740546853,0.23053214997683005,0.257146628001725,0.22577144796675958,1,3
28b923d25bb7,0.08867236942369688,0.4913012982676636,0.3614903593824913,0.058535972926148185,2,3
28bd779b2f84,0.8519289170631852,0.030070126520901526,0.07786596342966899,0.040134992986244185,0,0
28cd5ee432cf,0.16666035801731957,0.2885330825699038,0.3570247717085529,0.18778178770422374,0,3
28ddb604e393,0.007822550501619415,0.8466478713959051,0.13272654014668847,0.012803037955787131,1,3
28dddc8559b2,0.36588992029862066,0.20441393147114936,0.2900505813199385,0.13964556691029142,3,1
28e1a974995b,0.09392336735089726,0.6434754724520749,0.07228561278658167,0.1903155474104462,1,2
28f828b5e399,0.9257228932672229,0.014874525817254158,0.03545864369458773,0.023943937220935196,0,2
28fa33eef652,0.050710029507924734,0.4022924861028253,0.47100397701177915,0.07599350737747093,1,2
2906f6903294,0.7332929113483228,0.09945986792866139,0.10726256145863383,0.05998465926438204,0,3
290727bac658,0.014099085960272066,0.907341977786715,0.05361675077901096,0.02494218547400198,2,4
291df618f81f,0.8236343134974053,0.07895053829191301,0.06872108582071637,0.028694062389965427,3,3
29240c2eaf30,0.08458177953439712,0.44084594806716704,0.3762037628315401,0.09836850956689591,1,3
2938b11fe3f2,0.03642043517084379,0.7457023101441996,0.1742729472577335,0.04360430742722314,1,3
2951b5526194,0.03845866749058015,0.6147044673223481,0.20763067480533837,0.13920619038173335,2,3
29552af481ab,0.09726886887445915,0.4482124222810855,0.3707851851949316,0.08373352364952374,0,1
29578de12813,0.028849075870880838,0.9094214693272665,0.020142977203716505,0.04158647759813616,1,0
295c226093ed,0.05153063752487503,0.8968958875490366,0.03771195203473943,0.013861522891349008,1,1
297e73031b62,0.20411992240538088,0.26757640611225564,0.42914137143845416,0.09916230004390922,1,1
2980304e9bfc,0.1408235529986469,0.4279865363688202,0.2451945000559575,0.1859954105765753,1,0
298767d24da4,0.324820431028271,0.126867541102401,0.28996209385543,0.25834993401389794,2,4
2990579c982c,0.13503527423486855,0.18684073856062186,0.4428315292553221,0.23529245794918743,2,1
299201b9ba40,0.40720236930625237,0.08469666301171783,0.4084069251706638,0.0996940425113661,0,0
299de817cf02,0.29983272008838674,0.17990675760212368,0.42305110463323836,0.0972094176762512,2,4
299f34b2a99c,0.06909195007040499,0.7754829096376863,0.12281586009558838,0.03260928019632024,1,1
29afa03eedd3,0.26531596957927955,0.2642988851554834,0.2903306498457342,0.18005449541950297,0,0
29b7fce85c4c,0.03650415823789279,0.6376295834576987,0.26957364706893894,0.05629261123546962,1,2
29cd2e8cd19c,0.16743486194715715,0.3816205225403342,0.3917377511949807,0.059206864317527974,1,0
29df47042061,0.26184558925619267,0.4098330356079461,0.28847658607884696,0.03984478905701417,3,1
2a1768cea4ae,0.31025806428803265,0.28146289558997506,0.16225047391246336,0.24602856620952887,0,4
2a34f33583d3,0.3984674219610863,0.2623728915374771,0.18047627809851816,0.1586834084029183,0,0
2a35c8a7742b,0.47434457829092114,0.12259950154239999,0.23944151413659986,0.1636144060300791,0,3
2a457a88c49b,0.190762367221338,0.4059694018175851,0.35023593081228366,0.053032300148793315,0,1
2a886a5ecdc0,0.7100310421533743,0.11130413333044006,0.07206837004822508,0.10659645446796064,0,1
2a8a246f1ebb,0.3374443451718566,0.2717952030159884,0.366069128147517,0.024691323664637933,1,1
2a99eceed859,0.1315315500646206,0.49334600790060756,0.2936478429512786,0.08147459908349314,3,2
2ab426f9cfcb,0.1435609899760817,0.06227807169362526,0.3852299676481686,0.4089309706821246,1,0
2ac71ff83527,0.5746775602756885,0.09034712561242138,0.23324311231921666,0.10173220179267342,0,3
2ac74c9a0635,0.018345095673507176,0.7279450343606323,0.23292906049793313,0.020780809467927357,1,4
2acecb7b0b72,0.6528330083297467,0.07104052461384357,0.15080871613002986,0.12531775092637992,0,0
2ae591e11315,0.4209289554609897,0.11551221977718222,0.3573600154572646,0.10619880930456352,0,0
2afe9fa4b788,0.3745288630609698,0.12950001869149783,0.09738060704075852,0.39859051120677386,1,4
2b074ba8887f,0.3553625229242989,0.35729429278963676,0.18841862454463215,0.09892455974143215,0,0
2b2548a40da2,0.0288360256279713,0.7979383117655054,0.1598728400968887,0.013352822509634462,2,1
2b26cc349c14,0.5384546860215396,0.21997634118230644,0.17913281258049643,0.06243616021565766,2,1
2b2ab9538843,0.04103396630880067,0.5394479580967878,0.21879130052096846,0.20072677507344314,1,1
2b2e8f74947b,0.3467748813202175,0.3525368206692712,0.17814471480005573,0.1225435832104555,0,0
2b2fb5f5273c,0.5344049037100711,0.0959798507160398,0.325757840195718,0.04385740537817112,0,3
2b4a46eb9079,0.2682307217769839,0.2643781037222712,0.44453469937192003,0.022856475128824768,1,3
2b6132fe557c,0.27176305767060444,0.17391552015159648,0.45506171240804616,0.09925970976975307,1,4
2b70f1b3b474,0.09786083845129082,0.7071722651668123,0.14338345915632741,0.05158343722556938,1,0
2b74c9c8b9fb,0.7409155750640947,0.048068762631598996,0.12833019773539273,0.08268546456891375,0,2
2b7dbc950356,0.916749736804471,0.037197378253254386,0.030933948166169165,0.015118936776105462,0,2
2b7fc6e4fd1d,0.2166222900466665,0.1460823775411769,0.37287022522394087,0.2644251071882158,1,0
2b8680eba187,0.011703696812433252,0.8698565475646081,0.0778398681726328,0.0405998874503259,1,3
2b9150b35d3a,0.012779946317851799,0.8929306436212264,0.051829702449568076,0.04245970761135367,1,4
2b9eb0cb1e87,0.08592096947691552,0.4025621540300582,0.38647551076238734,0.12504136573063904,1,0
2ba80f7a6982,0.899789882977784,0.010754979108019687,0.06029667010328868,0.029158467810907817,0,4
2bd907ae6451,0.1345563084375046,0.6712245224265709,0.06401911788956798,0.13020005124635656,1,2
2be25a892bbb,0.23799870204295903,0.38708107072935954,0.24582300885451497,0.12909721837316646,2,4
2be9fed93af5,0.1405756635364145,0.3151000937790231,0.5177934701492377,0.026530772535324716,1,4
2bfe8dcbdbf4,0.09708998766435965,0.5032023094440352,0.3317922831772406,0.0679154197143645,3,4
2c082a595014,0.6809330780384816,0.09621844239955074,0.16045284388236616,0.062395635679601366,0,0
2c09d33b5038,0.23011232612149163,0.1937891067629016,0.5156894365727752,0.06040913054283153,1,0
2c1e782a68d9,0.22127568886039747,0.15289171926746664,0.5444369870956395,0.08139560477649643,1,0
2c39d421bc0a,0.5847222024997003,0.08753574241429518,0.20762160624323256,0.12012044884277191,2,0
2c45ab64718f,0.12667158996924505,0.16706601979873575,0.2352178360094203,0.4710445542225988,1,4
2c5b54bddd52,0.28704677589833305,0.27000501744334876,0.27202950847949947,0.1709186981788188,3,0
2c78ef584129,0.03475352453602925,0.29949278671615154,0.387796741010414,0.27795694773740526,3,2
2c7d0327a977,0.24807756634265996,0.5511873680207269,0.13736309024604454,0.06337197539056857,1,3
2c84e6b44349,0.9132304364072767,0.022664946453656343,0.04392805073964152,0.020176566399425264,1,4
2c94d957e11e,0.10512021077918947,0.5538547472014717,0.1801065834944168,0.16091845852492206,3,0
2ca53fb28d25,0.40788064876208274,0.1560622166964459,0.31937352382932077,0.11668361071215044,0,4
2ca72ba9a015,0.04450066570788179,0.8496624271695031,0.058436325067040946,0.04740058205557413,2,0
2cd2a236d885,0.16079296580312052,0.5886132533141428,0.19313916018420024,0.05745462069853634,0,1
2cd813a52fb6,0.19146599231353081,0.2964665530150806,0.40673715093956364,0.10533030373182486,1,1
2cda294cfd79,0.9217078225881984,0.02621560034711004,0.03578606696063123,0.016290510104060598,0,4
2cf18332758d,0.10900072250232362,0.7715213558412113,0.09130208063143137,0.028175841025033746,1,3
2cf2b94084ff,0.1482511805331809,0.47718754741417013,0.21089755243578534,0.16366371961686352,1,2
2d0150e971af,0.4570126908751729,0.25391725168128004,0.20646961950508777,0.08260043793845949,0,4
2d0316dc8a88,0.33689852298305756,0.16174646515394367,0.4280081558222098,0.07334685604078885,2,2
2d0a69701602,0.10425601511257071,0.5566522098086741,0.14789492357755302,0.19119685150120214,1,3
2d14bd39454e,0.27682280421464617,0.06577510679590148,0.46877787929128517,0.1886242096981672,3,4
2d425408deca,0.13355709859326176,0.5167166605474455,0.20246446481086464,0.1472617760484282,1,3
2d4e08bd3523,0.45089221740024865,0.08508502206015454,0.4138464379477875,0.05017632259180932,0,4
2d51cfed3fed,0.5354476143840299,0.08505359291067481,0.17761655559717437,0.20188223710812092,1,4
2d5c41d6e69b,0.06439703582274921,0.5657723992151457,0.3147510228779994,0.055079542084105725,1,3
2d5ede149efa,0.13686424536401942,0.19616636809133756,0.5559756159445249,0.1109937706001181,2,2
2d5ef00a9d18,0.7935246782855409,0.0369417350311299,0.10035307375868045,0.06918051292464883,0,3
2d7154c413fa,0.1254904030403371,0.6591126741606211,0.10328962264048845,0.11210730015855334,1,3
2d794121b64b,0.23881667647750174,0.4458842300724676,0.14159707231563234,0.17370202113439845,1,4
2d7e68ba5e8b,0.03550293951692734,0.477402980427081,0.07758950994557554,0.4095045701104161,1,2
2da89579be93,0.18757632412526748,0.33066689589194215,0.43105294466419236,0.05070383531859795,0,3
2dacdf109030,0.14547624157261788,0.5465472431501036,0.2699606801804451,0.03801583509683335,1,0
2dc2ece5a7b6,0.461485959006369,0.03936576391706766,0.1278603586211541,0.37128791845540937,0,0
2dd2e2a2c848,0.5592144803977155,0.17803249359925882,0.23312830410371727,0.029624721899308506,0,3
2dfe7f1a0fb7,0.18470113880619987,0.4785230509402315,0.05967459389304462,0.2771012163605241,1,4
2e04415f03e4,0.8148152403683926,0.03384206396319528,0.12844308032354068,0.022899615344871407,3,2
2e2d6ef7ecbd,0.22310547448424498,0.48607212568319824,0.15132918873446352,0.13949321109809332,1,4
2e34bd2e9262,0.09446117777176591,0.4005186392306023,0.3533292821797384,0.1516909008178934,0,4
2e44e9056939,0.20812622345404894,0.47801201728439424,0.11513382409328075,0.19872793516827597,2,3
2e47497e7ad0,0.3496281557592107,0.06258588982114326,0.5420198500127382,0.045766104406907746,0,4
2e490d6ef2e1,0.15489264504625003,0.33196355197226396,0.06712164971215996,0.4460221532693261,1,4
2e52e7ea9fa1,0.26641863770423957,0.46343361403224953,0.22886286447555426,0.041284883787956604,1,3
2e58096bdbd9,0.34054944889240435,0.1177045954312703,0.30887214434884463,0.23287381132748067,0,1
2e6158c0eb68,0.1735053563206809,0.5470196479192773,0.2441043963855546,0.0353705993744874,1,1
2e6176e3daea,0.1003718185544942,0.4779480173290167,0.3219190395816725,0.09976112453481664,1,1
2e8e6d58eccd,0.099547032561551,0.8018229158514849,0.057003576860717,0.04162647472624706,1,1
2e977a960427,0.7027249654088877,0.1237463346665905,0.12007348389389993,0.053455216030621824,3,4
2ea5d1b25a2d,0.6240523554902311,0.06984779970339926,0.07782230289096968,0.22827754191539987,2,4
2ea7b438ec6e,0.639981183451776,0.10093388001316618,0.10138425667024681,0.1577006798648111,0,3
2ed4ce2d96bb,0.02491775037306017,0.805448578808233,0.1607063120880687,0.008927358730638416,1,2
2ed67f90c729,0.08603147114437057,0.6351593045300717,0.0675562978973237,0.21125292642823393,3,3
2edb1488b0b2,0.008309764120391933,0.8628057342167079,0.11497109192451062,0.013913409738389516,2,4
2ef14d372428,0.23781856983732103,0.25978196792250613,0.3474300216332678,0.15496944060690504,2,4
2ef198e99a5d,0.7295319045848694,0.05335113395456959,0.17468332855761448,0.04243363290294644,0,4
2ef447a9a325,0.28985083586176097,0.26271295581597914,0.15193634508895396,0.295499863233306,1,1
2ef5eac2100d,0.6318250107535008,0.09209043948416634,0.16164977298353994,0.11443477677879295,2,0
2ef93adeace6,0.49838664173482483,0.08460957185990256,0.14612168942923462,0.270882096976038,0,1
2f21ed3dc84f,0.06918977288324807,0.7797600128455834,0.10952130925949076,0.04152890501167784,1,0
2f3b1d05c8c2,0.05049078836691777,0.8621710465350578,0.0700400190917136,0.01729814600631079,1,1
2f5749d77a09,0.2453752464530397,0.29171500738550044,0.3553814927590495,0.10752825340241022,1,4
2f5d56af2a65,0.24602436977102327,0.19341358732111139,0.3785910040259663,0.18197103888189925,2,1
2f606487f89b,0.3500900351379883,0.14540366534954857,0.1994830272269142,0.3050232722855488,1,2
2f6f6db14684,0.19339682500565447,0.35687308328097045,0.3830685194134624,0.06666157229991258,1,4
2f771861f952,0.0648886633746527,0.8175394133280762,0.06453977139366368,0.053032151903607355,1,1
2f9310ed2cb2,0.10205397956678922,0.4832524070668311,0.15572848547736903,0.2589651278890108,2,1
2f969d2bbb31,0.12249299636078019,0.6393436048292147,0.16930313285682913,0.06886026595317576,1,4
2f9813ec9d81,0.045958475761700854,0.6963812817746612,0.11817635335957165,0.13948388910406623,2,1
2fac6ca52178,0.45466996957472705,0.15349904560048275,0.3563369599652584,0.03549402485953179,0,0
2faea6510f1e,0.020908622336545484,0.6671870644055076,0.028861077385336727,0.28304323587261004,1,3
2fcf66c1d5e1,0.08484722097516778,0.40916694519601093,0.4697695991230607,0.03621623470576038,2,3
2fe13c059026,0.21569612609164324,0.41471332519640136,0.07314637315920215,0.2964441755527533,1,1
2ffd353f8ba4,0.5308303574706741,0.145107829377032,0.2756562219452105,0.04840559120708333,1,1
3004fe97a3ca,0.5412101237233411,0.21546184989081546,0.16591035466696613,0.07741767171887727,2,1
3011ca5b6f43,0.28919884554004643,0.21762907545738977,0.3353525115765146,0.15781956742604925,2,1
30177765470f,0.027726444541936755,0.8266376351318199,0.07575769797827193,0.06987822234797136,1,2
301e45e1e65f,0.10613821761622627,0.7259839180045716,0.08778033004690565,0.08009753433229637,3,0
301eeda8a014,0.024406344524303118,0.49426419608264993,0.2559170747191465,0.2254123846739005,1,4
3022c6eb64bc,0.10872676139607751,0.7217371770983539,0.117612717304843,0.05192334420072562,0,3
3033f19402f6,0.06865443682537078,0.6265102059367225,0.16645893640227044,0.1383764208356363,1,1
304cbc1f068d,0.7836813243522296,0.09291865241905674,0.07112396016637668,0.0522760630623369,1,2
304f8125817a,0.28267020967301715,0.4151701281318602,0.21481074654772775,0.0873489156473949,1,2
3054a85afa87,0.13160988692078204,0.31981381096289935,0.1973909587055503,0.35118534341076835,1,4
3079db177db4,0.14537599451824698,0.3502702000690723,0.33913653715765096,0.16521726825502983,1,1
308464f7fda3,0.12402589468608473,0.6289785578830538,0.21969775546846523,0.027297791962396123,1,0
3084edc5e8cd,0.12864246134684995,0.2776071530711538,0.2664397726034188,0.32731061297857744,1,2
30aa2c27d732,0.1485908689724348,0.44831030820666357,0.38372401187210203,0.019374810948799618,1,2
30c274c783a2,0.4200711911592063,0.23576888411152566,0.1297613686623444,0.2143985560669237,1,0
30c9e5013527,0.18225002411673502,0.5195969151376464,0.21589088129818462,0.08226217944743401,1,1
30def70773d8,0.04090683264137063,0.6515892848268835,0.2840680009970723,0.023435881534673558,1,0
30e45593ba08,0.15926860541083224,0.3857066743933584,0.33405791465995793,0.12096680553585143,1,1
30f89ad8f0d8,0.1255937170252526,0.36236197843360485,0.42164056445690984,0.0904037400842328,1,4
312b098c64a2,0.2488045448363252,0.5159192973989034,0.17952544310809398,0.055750714656677504,1,0
3130e60ab20d,0.8507319195538339,0.040140844877132084,0.058899554763037695,0.0502276808059963,1,1
3143117893c0,0.42909314030657486,0.08877067682972711,0.23958120868034274,0.2425549741833551,0,0
314432832e5d,0.2824981925154692,0.4055104939589777,0.14559337135420658,0.1663979421713466,0,2
315654b04e6d,0.11773187326502185,0.18368774937399984,0.602680500894074,0.09589987646690436,2,0
31585f62e64b,0.03174851953033079,0.6729421222449588,0.23529702416403936,0.060012334060671024,1,0
31662d55ca54,0.8162689372581721,0.02695559832218688,0.10458167010998423,0.05219379430965705,0,1
316a5c0840f2,0.4088813026808312,0.26486672582200044,0.2994983036749051,0.02675366782226333,2,0
3171080f7d14,0.10177121710789658,0.7236571109771192,0.15002032481186156,0.024551347103122647,2,1
3174008702cc,0.8564349214204247,0.020907437380835673,0.08142785541333622,0.041229785785403664,2,1
318ccb5d4c6d,0.018231841947357087,0.6917424725012495,0.26504681080332276,0.02497887474807064,2,0
3190721e0a77,0.5027459713560825,0.23217286625978723,0.21464624136216817,0.0504349210219622,0,4
3193e2366c40,0.591798977137045,0.05469341692607831,0.13688012853995915,0.21662747739691748,0,2
31b0af5bc54d,0.4999027334350348,0.18641999443917973,0.24254821807618931,0.07112905404959619,0,3
31b12697883a,0.25228951384671844,0.19870345242260234,0.2549860854833299,0.2940209482473493,1,4
31b95e5b35a7,0.34376340915475884,0.33411370656095657,0.16463394446886873,0.15748893981541595,1,3
31c8e40bf4bb,0.7529163703845559,0.05555347947655795,0.06380782078233131,0.12772232935655473,0,3
31cb04f8bc04,0.6157156833822073,0.10378515618254935,0.21192173758485333,0.06857742285038998,0,0
31d2ad10ba47,0.045215209979146444,0.3291655457167954,0.5259487966368277,0.09967044766723035,1,2
3217a8869694,0.5478567676314365,0.16691615392491366,0.20446516875089257,0.08076190969275725,1,0
3218844882c3,0.3583659830816542,0.4070124921116993,0.1908212081908361,0.04380031661581039,0,2
32218484a1a6,0.05858707322435043,0.30127630461499805,0.5410052458850729,0.09913137627557857,1,0
32240b045a58,0.006782415318937996,0.94366287706416,0.041643014361473385,0.007911693255428674,1,0
3234ad871f06,0.2022197976466337,0.2859266933789174,0.224354156795911,0.28749935217853795,1,4
325163dca428,0.05185412799503751,0.5176553243644764,0.1951402912989654,0.23535025634152076,1,4
325c6a75b0a5,0.18828566766045893,0.3566384499103635,0.3215683241826077,0.13350755824656976,2,3
3271d3fa61e6,0.16120128760338892,0.30827123277341284,0.250609792616117,0.27991768700708125,1,4
328c8b6431a3,0.1365555850283186,0.3992590535424752,0.37771641918753057,0.08646894224167558,1,2
328da94078ec,0.19805608992186496,0.5557716483890672,0.16524816854616203,0.08092409314290575,3,0
32a71d3ee25d,0.16071260483234706,0.5517101170483885,0.2019928315106435,0.08558444660862102,1,3
32bf7e54a7ee,0.03489728588452702,0.7715865158172892,0.173771189796178,0.01974500850200566,1,3
32d20157a012,0.1601546405002495,0.45237273560105135,0.2889496219604731,0.09852300193822605,2,4
3309d981e5fe,0.03972864027843522,0.796635075642525,0.11086721562484335,0.05276906845419652,1,1
3312377895b6,0.021140322905447945,0.8270895551558043,0.03573862461138436,0.11603149732736331,1,1
33198ca96dce,0.11774798243799763,0.6704629590709623,0.14654175477667736,0.06524730371436259,2,3
33354bc058ae,0.46113328135414616,0.38904902123979807,0.1302777560473199,0.019539941358735956,1,4
3340562b3fce,0.089129768072022,0.4943411980476872,0.3471550052006735,0.06937402867961732,1,2
334ac465b405,0.13286315422396908,0.4642918651738524,0.33975119216787975,0.06309378843429873,1,1
336e2335b62c,0.20636459265252455,0.16995194905687735,0.2130056386110107,0.41067781967958733,0,0
336f9f6681a0,0.06146891865732575,0.8119089929244937,0.09050739169438732,0.03611469672379323,2,3
33711998b257,0.40152391550404903,0.26739204947170975,0.2542573007665253,0.07682673425771591,1,4
33745ae11797,0.03345759588495825,0.5900105064215784,0.25919978842860086,0.11733210926486246,1,4
337a7a92aa4a,0.11814140704636987,0.3743083611240492,0.22557681607102056,0.2819734157585605,0,2
337e3525ca2c,0.11210161660261762,0.4896225028417399,0.3554806182387432,0.04279526231689928,1,4
33a89772f781,0.08408358487568182,0.6661346343643487,0.19701838143552913,0.05276339932444035,1,1
33b6e91fe73a,0.1761063728750555,0.43731646619236325,0.2339744590456025,0.15260270188697886,1,3
33fca09f2e00,0.061014450751675366,0.7828546377848451,0.14267606339649497,0.013454848066984468,1,0
340106349073,0.46730440221062025,0.1488646376883614,0.12669816935953498,0.2571327907414834,3,0
341323496486,0.579600561788067,0.10155545550538427,0.17604560691620524,0.14279837579034363,0,3
341a8f794069,0.03586355394364269,0.7865428496420792,0.12187257844311108,0.05572101797116701,1,1
34366c4dcaa6,0.12642666688829288,0.4481181381418636,0.2944119428931507,0.13104325207669287,0,4
34483c9319e9,0.0066626878301681534,0.8530515699442615,0.13242300702928084,0.007862735196289437,1,3
345d0da3ba63,0.25166174127061824,0.2809550341568596,0.2550299827464346,0.21235324182608753,1,1
345f41e15373,0.45885188440818414,0.17109167652095086,0.2884984370848847,0.08155800198598022,0,2
345f8129863d,0.4175475578401138,0.18651748945198973,0.21361310253862312,0.18232185016927338,1,2
346c65dba4d5,0.2114561854745461,0.23877843492869347,0.22251582504068343,0.32724955455607707,1,4
347c521c9d97,0.02356842711242352,0.8525279171392894,0.08401028816051473,0.03989336758777238,1,2
347f9ca3f295,0.16601111710803026,0.23128746494835656,0.1635675632154591,0.4391338547281541,1,1
348bf841d923,0.7012767784849769,0.12439234369701993,0.11970878424639844,0.054622093571604656,1,0
34b3c1b15cde,0.4307692467041453,0.22778176921222942,0.25371726636832603,0.08773171771529915,1,3
34cff27c2a43,0.04817476917715718,0.8596222589032296,0.049995856718807255,0.042207115200805966,1,4
34d360dd549f,0.06030159409339779,0.3742311068468187,0.3844127990473926,0.18105450001239098,0,2
34d7f214a7e5,0.6493537754219301,0.13317798009868625,0.13140880058511306,0.08605944389427056,0,4
34d9932348fd,0.6798256537567049,0.05188168444818216,0.23263125799376547,0.03566140380134758,0,1
34e76fd17a93,0.3673879313403105,0.21121786524537292,0.3781754066519435,0.043218796762373085,0,4
34f012146c73,0.17001182456249272,0.36666416628652226,0.2981133359446372,0.16521067320634789,0,0
35035b97e536,0.01802390421330601,0.8814790061687177,0.08893412661667967,0.011562963001296849,1,2
351c9f9580db,0.2593625134606123,0.17023322681821448,0.358543234216138,0.21186102550503522,1,2
352cd75fce3a,0.20376641132434853,0.42851910347881744,0.16749318737549598,0.20022129782133802,1,4
3532ab7e51f2,0.6395088870829954,0.1296762092226688,0.1634147831983533,0.06740012049598251,0,3
353e8d1d3147,0.10415885234347745,0.711933745756922,0.1208902535963092,0.06301714830329118,1,4
354ac6bf2105,0.029370708236207698,0.7194597594208549,0.1862455324285856,0.06492399991435174,2,0
354d310f53ef,0.08109175010055736,0.6982343945618394,0.17022153049196267,0.050452324845640426,0,0
354e69d0e3e4,0.8146710806800069,0.037867322227250214,0.07134198779612369,0.07611960929661905,0,2
35521a34aebc,0.2653855106537827,0.3874797306642854,0.3207833423734862,0.02635141630844564,1,4
35547e12df7f,0.5576039446533589,0.09137448725286978,0.31546401482345404,0.035557553270317316,2,1
3572cab7a345,0.06789693272317557,0.7051890028331395,0.17668959642035698,0.050224468023328125,1,4
357734e7588b,0.287362692865633,0.38058937123647824,0.2423711789612706,0.08967675693661814,0,1
358e736e289e,0.4622084037555687,0.23053101044795463,0.18816101023829115,0.11909957555818541,2,4
35aff487b8ce,0.31098409907498953,0.26051144955625494,0.29963567138382174,0.12886877998493382,0,0
35e22da3e615,0.7137721705643657,0.0947084984589565,0.1258580757828533,0.06566125519382449,0,3
35eb68ca9b50,0.12811422244711757,0.24419485519234763,0.2873435956958113,0.34034732666472356,1,1
35f1420690fb,0.49397486027264914,0.17277625890832335,0.24056967692209796,0.09267920389692957,1,3
35f759f8d1b8,0.40311396482199974,0.29601869398284114,0.22136157756345792,0.07950576363170118,0,1
35fece530971,0.1289963597668218,0.5288063734446852,0.3289603998074766,0.013236866981016428,2,2
3605ff235600,0.22842443791963374,0.34470346237228094,0.4077400330969918,0.019132066611093648,1,0
360a419fd953,0.3023617561618449,0.17031579495420177,0.3848524759531741,0.14246997293077918,0,3
360c787839e7,0.369612191369846,0.13733661997181587,0.3742357821890663,0.11881540646927181,1,1
3617282997a6,0.6984704727393295,0.04566325693738834,0.0928324419943684,0.16303382832891378,1,1
361e431e4401,0.35441040680113767,0.24970919561272603,0.3313637440460924,0.06451665354004398,0,1
362a970635e4,0.07177882612717655,0.6201422077255394,0.26599436488010364,0.04208460126718045,1,3
363454850843,0.015380040882638151,0.8569930601493632,0.10299957449974846,0.024627324468250195,0,0
3638f959c7a3,0.08791213598233663,0.2644204754975512,0.16579208200414283,0.48187530651596944,1,3
363eb5029f21,0.05849253405484108,0.5978849643057278,0.2796846254044284,0.0639378762350027,1,0
364f5d65a02e,0.3545250268873225,0.22263498457658015,0.36630227039341584,0.05653771814268142,1,3
36582a5faf1a,0.05483762889033504,0.38419217981446,0.3405185948684927,0.22045159642671228,0,4
366c5acac35b,0.08732010422375124,0.6090571895408066,0.23990208687457748,0.06372061936086469,1,0
366fc85a2ac8,0.05627983963759698,0.3921940124962863,0.4256835141919172,0.12584263367419943,0,2
36746fa2ffc4,0.045031439193617205,0.8692985032578773,0.04760471211059955,0.038065345437906045,1,0
3694e0a1d9aa,0.08909962206041137,0.4097101880272579,0.3844450661468423,0.11674512376548841,1,0
36a0d836672c,0.48788162085180237,0.11026898203977617,0.3691287329652825,0.03272066414313887,0,3
36aafc1b1c20,0.3215815227268775,0.19300470699680808,0.2049856720991542,0.28042809817716013,2,1
36b8b0686937,0.04260311650199739,0.896586408941404,0.0337424597157737,0.027068014840824738,1,3
36badedeccd9,0.2694889493107449,0.3181276713862324,0.2876134752140572,0.1247699040889655,1,2
36bb4db0e4cf,0.28846524397725826,0.11587111807696775,0.26520877589053904,0.330454862055235,1,2
36cbfe6f866c,0.30903193782542,0.3452005032662598,0.2239976748573834,0.12176988405093683,1,1
36d6d8418099,0.7165483380284768,0.09293959437968735,0.15893438839621488,0.03157767919562103,0,4
3708f056c708,0.17716324054899682,0.6140049543089018,0.1062210231819658,0.10261078196013557,2,0
371638df8cd9,0.6069928145933684,0.17092027064873244,0.1773975866378346,0.04468932812006461,0,2
372796623006,0.6546624828515241,0.15448751293526838,0.10129674396980752,0.08955326024340009,0,1
3729a3c2fafa,0.2777272649328286,0.17103660464355,0.2850389201955404,0.2661972102280809,3,2
372b63702c46,0.05396484785159897,0.448814634281885,0.10412915696392382,0.39309136090259217,2,3
3741bdbdbd77,0.7462899851635328,0.0923991329194589,0.11597664764950248,0.04533423426750583,1,0
3757a5a70aa8,0.7367928340921044,0.0890256762306369,0.1265833416262198,0.04759814805103893,0,3
375cac343d45,0.04930089695832905,0.7359437344799459,0.1622414600556214,0.05251390850610372,2,3
376a75f57405,0.23005070008490655,0.2539627507179168,0.4604089956192275,0.055577553577949024,2,2
376f075346cd,0.29351126959883433,0.33518532600959966,0.18171602054281577,0.1895873838487503,1,3
378cee3c149f,0.038714851475870816,0.7687920483742239,0.1710333761328608,0.021459724017044397,2,2
3795c5ddd545,0.7163051620144371,0.06947557607410235,0.17882511085626632,0.03539415105519418,0,1
379799f990df,0.17691712250508654,0.4162381594137163,0.36714240734559606,0.03970231073560118,1,0
379b92fd1ab1,0.35602714955291753,0.16048839268593842,0.4018673669790881,0.08161709078205599,0,0
37b284b23465,0.0403910681585962,0.5555894028070283,0.33053130912144063,0.07348821991293482,1,3
37befe3703ab,0.44844601057850914,0.25594517329529526,0.15688071945407872,0.13872809667211694,3,3
37bfb5f1f1db,0.5840499964789453,0.09917950547604144,0.22951302376547666,0.08725747427953649,0,4
37caabf49a4e,0.044020467072188305,0.5708303890310241,0.28551747594349414,0.09963166795329349,1,4
37cbbdceaef0,0.20493156660821782,0.5320313207268942,0.21802963629911254,0.04500747636577546,1,3
37cfe520e66d,0.09759318531501637,0.5463802003346919,0.1144933299013483,0.2415332844489434,0,2
37e18d937dcd,0.4360617506820452,0.21467298378085575,0.10228628107099642,0.24697898446610272,0,2
37e3551e2f47,0.8670166094987445,0.03519925060378044,0.05409844020437804,0.043685699693097046,1,4
37e503d42cdc,0.11817019608404028,0.5470527901132187,0.1291359423398323,0.20564107146290872,3,0
37f2b094c247,0.8270724232861616,0.04878348763117992,0.09648486642968417,0.027659222652974318,3,1
37f638aff743,0.13900050593996152,0.2665062335118962,0.2043265296564431,0.3901667308916991,3,2
37fda69f3467,0.13522153830883527,0.5078339712966058,0.15291345626453337,0.20403103413002557,2,0
37ffdf650199,0.5629039547253681,0.1382243430689063,0.24380176186417546,0.05506994034155013,1,1
38016f8471b2,0.29060553554431107,0.3405181340475422,0.21000007000021176,0.158876260407935,0,0
38111e7353fb,0.03463255492401145,0.5396931486529525,0.3040415951536739,0.12163270126936224,1,4
381951fcbfd0,0.15958591782280468,0.5088321332747754,0.2565486788258702,0.07503327007654986,2,1
3823cf1c6958,0.17662860965503166,0.27164625473150544,0.3563077133453564,0.19541742226810646,0,4
38322a96d92a,0.35709303437916157,0.17322033104857523,0.407184204949202,0.06250242962306117,3,2
383b6e0770bd,0.30603402924303774,0.26576507062159793,0.08585801542779509,0.34234288470756924,1,2
384d1d316992,0.38593736981799015,0.05545984695098017,0.43766163275922637,0.12094115047180345,0,0
384d84fbb4fe,0.049159794095680207,0.866639717265855,0.025071665617360794,0.05912882302110409,1,0
386026264f01,0.10129233933738674,0.5898476309881956,0.254314322140137,0.05454570753428054,1,2
386520e49eda,0.4495682451030002,0.19170403246721573,0.28963161290737804,0.06909610952240601,0,2
3865c0d08f85,0.01859086805059022,0.8917512700234584,0.06828750336735341,0.02137035855859799,1,0
38682a78a52d,0.292215517877153,0.2436896255933591,0.14446402502943037,0.3196308315000575,0,2
386aa41785fa,0.3682518224151151,0.3247366204726418,0.2480250201680629,0.05898653694418023,1,4
38705dba1a96,0.15356213592599113,0.43455762503969114,0.12240829837918715,0.28947194065513077,1,1
387733d739e5,0.0885193540649387,0.5433723962843803,0.33335424838579436,0.034754001264886696,1,4
387984f51e7e,0.7636911203001744,0.037827835983653094,0.12738424763032424,0.07109679608584815,0,0
3882700d8f0e,0.18041207815451182,0.6069477837178239,0.13122899280947883,0.08141114531818545,1,2
38a1f0560e2f,0.09159108919012401,0.5053582141997912,0.39145468044448695,0.011596016165597814,3,1
38cce8d6f373,0.1136824773096738,0.5260642973748778,0.2713422506974841,0.0889109746179643,3,4
38d0b07a2c7d,0.20837503545737618,0.26259998493717945,0.38387555092724085,0.14514942867820355,2,1
38dbce9f5da1,0.36682700175298094,0.23998979392388436,0.3124833048806743,0.08069989944246031,1,0
38ea4356df7a,0.03790386738511492,0.668640231853684,0.21223834210993545,0.0812175586512657,1,2
38f2e947567f,0.4502128072658685,0.13641960410585868,0.3297334132187909,0.08363417540948198,1,0
3913b40864b0,0.15410762603296077,0.44672404594066006,0.28150586324254817,0.11766246478383105,1,4
39164e43c8bf,0.17297667177201168,0.3548526130704369,0.426213324841049,0.045957390316502235,0,4
3920dc377214,0.803948106387718,0.024686083079572096,0.12385881790371935,0.04750699262899069,3,4
3927f0e451cc,0.1383617928313021,0.5173453856663303,0.31852291727997745,0.025769904222390314,1,4
392a1b9dfb46,0.15533616218205729,0.3165509082142142,0.17325946349529495,0.35485346610843355,1,0
394a6b02efc9,0.026074479044332802,0.43375162631115327,0.07054915733334297,0.469624737311171,1,3
394d1fbb6cc0,0.12537987902954864,0.69391948159191,0.12446903011060301,0.056231609267938534,1,3
3965470a0126,0.27011440670135306,0.34475491366385247,0.0836030684204461,0.30152761121434846,1,3
3972d79dd977,0.12480653074195457,0.5112621967832686,0.18280468353132592,0.181126588943451,2,4
3976f3f36b35,0.10881858078820024,0.6334487960936751,0.19076022246798896,0.06697240065013561,1,3
397ae205b6db,0.38854915291322883,0.2658104050862812,0.3121619626875737,0.033478479312916254,0,0
397ae5aecf2a,0.20380596971785325,0.44296954375308345,0.2597743747376305,0.09345011179143271,0,4
3993e1dd3d8a,0.1310882214157217,0.23822349151153804,0.508809191633514,0.1218790954392262,3,4
3995fbf3b106,0.15909348874592102,0.40002917324600107,0.19539843604751694,0.245478901960561,2,3
399b7608576d,0.044437411950391886,0.6874858870320946,0.19154401429593343,0.07653268672158023,2,4
39a56d7788fc,0.1402492081328506,0.42548771599340623,0.369971399832457,0.0642916760412862,0,4
39a6ef0d976a,0.06125579029219764,0.447590454207436,0.3588361020241276,0.13231765347623872,1,1
39a80a14bfda,0.06449225082578962,0.5878983395659254,0.2747997714996545,0.07280963810863052,3,0
39a99407a17a,0.12380792494218404,0.5006940399757547,0.266589451767742,0.10890858331431932,2,1
39ac58218ee3,0.8586280505193956,0.04254598742217862,0.05673482392238683,0.0420911381360388,0,3
39b9303331d6,0.023224739226188902,0.8513126600745577,0.08698677904114005,0.03847582165811329,1,0
39ca2531a729,0.08154259410627547,0.8153046669663367,0.046517752794930506,0.05663498613245728,1,0
39cfc88f6f20,0.13927345741254202,0.2646200535706325,0.438791065859713,0.15731542315711247,0,1
39d1962d37d1,0.09271085893205845,0.6642415914639519,0.08242606476993311,0.16062148483405647,1,0
3a01c7f8d00e,0.2543718512654164,0.3178008443234649,0.20332856910719319,0.2244987353039254,2,3
3a0391a11c60,0.05265439989836888,0.7386004401138653,0.1477051265931304,0.06104003339463556,1,2
3a07d9311567,0.054050538573107584,0.06824731951267157,0.8477375321692299,0.029964609744991103,0,4
3a0ce16d6362,0.2845861394690912,0.0366710460965547,0.6450369671846465,0.03370584724970749,0,2
3a1aad9fe90f,0.18094429544397006,0.2944212991018491,0.3276315592121011,0.19700284624207973,2,1
3a2ab0d08864,0.21269631021042712,0.3500136692321256,0.41066141590122335,0.026628604656223877,3,3
3a3975e0fae6,0.27428484542272513,0.21259096003073785,0.37634381300338615,0.13678038154315084,2,3
3a3c198051f0,0.17119969127978232,0.3678149290985852,0.32576582153344513,0.13521955808818734,2,3
3a54ca31df78,0.07777582025454968,0.4634318729428723,0.3586024090718507,0.10018989773072741,1,1
3a65207debb0,0.6029916053570168,0.20177755440530903,0.17298378475810883,0.022247055479565195,2,4
3a6c6141fdb3,0.4004858108436209,0.05878074501388463,0.3644753383114553,0.17625810583103937,0,1
3a7061149c0a,0.09117289805539511,0.2653042805519531,0.38979960482252646,0.2537232165701255,3,2
3a7cad485369,0.05367036110321082,0.655848242337968,0.14697643446668782,0.1435049620921334,3,0
3a92284ff753,0.611039931359209,0.054822603786570334,0.20600303015642837,0.12813443469779234,0,0
3a985664cd4e,0.10659063264459648,0.4891589605123226,0.2801037381495365,0.12414666869354457,1,4
3a9d3f1fdd81,0.33489968745629883,0.2520634974427678,0.14989421025330507,0.26314260484762836,3,2
3aa2fb153a2f,0.6368401649722382,0.21995578869531635,0.11040585347677878,0.0327981928556666,0,0
3acf095adbf4,0.4317102013063406,0.05566943595475716,0.09802339998313532,0.414596962755767,0,2
3adf9086a151,0.08882405935606798,0.4264138373515934,0.2587691933182562,0.22599290997408253,1,4
3ae836708e67,0.3797864329162403,0.2603977330877609,0.23694156937358385,0.12287426462241492,0,3
3b205aad9af7,0.4169781212626677,0.12705182536303866,0.36104800028619966,0.09492205308809398,1,2
3b317a8d01e7,0.3533088224349514,0.1513968984686243,0.3426170339985655,0.15267724509785882,2,1
3b3f6099e50f,0.18768833564993018,0.32979312261741645,0.1883914074935312,0.29412713423912223,1,3
3b4ad94ce2ba,0.42516317924858277,0.23489354237425006,0.2876534224821353,0.05228985589503187,3,4
3b4cdf9a776a,0.01121985771368453,0.8628026986695521,0.07220153807667849,0.05377590554008502,1,3
3b4ee5bd11b3,0.01597974925433056,0.9418720015406201,0.038292434459487344,0.003855814745561997,0,1
3b5009bd67ab,0.24269724474968188,0.2542289938857202,0.34147203864560494,0.16160172271899312,2,2
3b5207b6f84d,0.33663027434415066,0.5391390901684042,0.09088912224603478,0.033341513241410346,0,0
3b57d6722817,0.16120102159851143,0.5910943270514127,0.18667290757464378,0.06103174377543208,1,1
3b69158045ec,0.2913631424703577,0.12596483000707243,0.5245146127044151,0.05815741481815466,1,1
3b842e573d63,0.4023695883824597,0.15977818548808645,0.2199081593468441,0.21794406678260983,3,0
3ba744292b92,0.10030961207313946,0.43851373179714687,0.43594429700157855,0.025232359128135123,1,2
3bb35461687d,0.014107665510370033,0.9220707438273334,0.03892998280343071,0.024891607858865725,1,4
3bbcfe7bb63b,0.08826727291332961,0.5191147007366248,0.3268786579625833,0.0657393683874622,1,2
3bc25f4361e2,0.09070979480666688,0.15993038615943336,0.21057719292352609,0.5387826261103738,1,3
3bd90e114e5d,0.9409314170165931,0.015774591379071973,0.018378587214979234,0.02491540438935575,0,0
3bdf88144fa5,0.6491192341542346,0.0919836956376869,0.11701921636068373,0.14187785384739474,0,4
3be9203f616c,0.0600735422131629,0.46734926075288613,0.22089445642969724,0.2516827406042537,3,3
3bf0ba9cac51,0.7179152919955425,0.03450631473297008,0.21257177115020687,0.035006622121280466,0,2
3bf5a489d804,0.04212707298556776,0.2763426243736404,0.5674816163393668,0.11404868630142517,1,2
3bfb13733ff0,0.1417438605065073,0.07446469742909878,0.699734915326616,0.08405652673777793,2,1
3bff1d73230a,0.10207612462517963,0.5759150961388579,0.08778629388594088,0.23422248535002171,2,2
3c13375ee625,0.10431822098036,0.34321637361961943,0.34114964579510265,0.2113157596049179,0,1
3c13edac81eb,0.6837830299274485,0.1306371070392143,0.1160020660946603,0.06957779693867691,0,0
3c3399f2170d,0.04180392209967062,0.7081652771919988,0.22267123283352017,0.027359567874810205,1,1
3c4bae86dd43,0.21849465367950452,0.3620048573947603,0.2839515758455082,0.13554891308022707,1,2
3c66c7eef4db,0.04054469171437508,0.9109855856623754,0.043800012075776225,0.004669710547473331,1,0
3c7633f8a03d,0.5251113857458904,0.021972006330148296,0.11937056731845838,0.3335460406055029,1,4
3c87dfa890fa,0.5291173214742372,0.30390487781628694,0.1081909857419335,0.05878681496754231,2,2
3c88bd82fb37,0.1531594489913151,0.5229571516767286,0.13270251385988077,0.19118088547207565,2,3
3c93b438df5c,0.4183494497499083,0.06556677695750016,0.49808989480347277,0.01799387848911877,3,1
3c9540566f10,0.30954735962408225,0.04884060011945293,0.1501512805047393,0.4914607597517256,1,2
3c97acaaf4e5,0.3748157089968257,0.1999241156978258,0.12201934778735352,0.3032408275179949,0,3
3ca4e2ffedff,0.11106164376603447,0.5877226971999825,0.13723103553139698,0.16398462350258597,1,4
3ca7c79b3eac,0.4255273814700418,0.1952070363625762,0.1489319316772378,0.23033365049014426,1,2
3d0812e8b857,0.027280476000157376,0.3154322044153797,0.2957338391067759,0.361553480477687,1,2
3d258ae21e22,0.15455053550485104,0.288239868782314,0.29065685045115325,0.26655274526168177,0,0
3d33841de910,0.6740359352973136,0.11301431372954132,0.10998549693750014,0.10296425403564476,0,0
3d46777c79fa,0.07443338545256663,0.2970639115959562,0.44471355283679936,0.1837891501146779,1,1
3d4ceb0fe08e,0.11419479014948135,0.622339670715821,0.2203651303914496,0.04310040874324818,2,2
3d5778dea835,0.2527307853774717,0.26936754407329094,0.131905242226984,0.34599642832225325,1,4
3d6155f6d4e6,0.7968121773535972,0.03334879983883266,0.09600538044366037,0.07383364236390985,0,0
3d6a6a938f4d,0.08694422378292775,0.41543413858835676,0.3369160362102525,0.160705601418463,1,0
3d6e135dc416,0.1399000037641223,0.5913818277793739,0.1373341790172369,0.13138398943926705,1,4
3d7a5814c41f,0.049092359153353124,0.4229986713887176,0.19740699133359582,0.33050197812433346,1,2
3d9b3b0801a9,0.03638313316337096,0.6715466511262193,0.26207106466382696,0.029999151046582722,2,1
3d9d054474b7,0.37032173049808736,0.1780318524042361,0.3925475704416419,0.05909884665603482,3,4
3da10090af63,0.6021997102389384,0.05275439998103934,0.17662610405583803,0.16841978572418426,2,4
3daae55407fc,0.6838482213499105,0.055511752401506326,0.1419693076050315,0.1186707186435517,1,4
3db73bde49a0,0.08579482473970602,0.4439053059410558,0.30518476013877466,0.1651151091804634,1,4
3dc69e5f2b15,0.06948783958954685,0.7765247183660455,0.1284439414963449,0.02554350054806278,1,1
3de21b98d4b0,0.5629244367942634,0.07893815269093217,0.32795162159730173,0.030185788917502666,2,3
3de827a029ee,0.027143714274144744,0.8297816846674038,0.09402496166091903,0.04904963939753249,1,3
3dedb0639734,0.3516464335281761,0.28818851299204223,0.25006864941743945,0.11009640406234221,1,2
3deec0a549d3,0.18721203488627464,0.5851701714890545,0.1879801909240435,0.03963760270062756,1,2
3df22af63de9,0.67895820785223,0.06745732364601716,0.16100057188912828,0.09258389661262457,0,3
3dfc66e41bd9,0.035289735596864616,0.8326341929979435,0.09716082246685602,0.03491524893833571,1,2
3e0dde11b059,0.07302419001394576,0.6126092010802329,0.1458568044971493,0.16850980440867208,3,4
3e22009db59b,0.19180236235944906,0.34373052302523716,0.27521342738491483,0.18925368723039898,1,2
3e2d6faac5dd,0.1760683422059564,0.28078358393790204,0.18288294354539594,0.36026513031074575,0,2
3e314f95dc5f,0.08278083545044433,0.5880898953595056,0.20512358510300924,0.12400568408704074,1,3
3e3329765aaf,0.31764116523508645,0.1989242403107655,0.28665828204401145,0.19677631241013663,0,1
3e4037b0506d,0.25547554013592194,0.2950874016055804,0.31440970519135664,0.13502735306714098,2,0
3e51ede7ee7c,0.403500362185381,0.24197884621430352,0.23889259961624668,0.11562819198406869,0,2
3e585150ed8c,0.3358790142257852,0.17408627565370896,0.20611762640611336,0.2839170837143925,1,1
3ed3d85a4caa,0.3683351357082329,0.14505902434432452,0.39775876066029353,0.08884707928714919,0,3
3ed6283fd966,0.14756461542236218,0.7392632746974114,0.05246651120740433,0.06070559867282203,0,1
3ee0ccf7f5a7,0.040971886401036064,0.5241033872848255,0.18092827906449607,0.2539964472496423,1,2
3ee6ceb2040b,0.0753301279804171,0.5404732517147244,0.3315927590504414,0.052603861254417066,1,4
3f1e5e240522,0.3266214141849587,0.17211102604355807,0.4424755353626547,0.058792024408828386,0,0
3f2755948419,0.015968228695855492,0.9120449849735682,0.044788032548650394,0.027198753781925766,2,4
3f2ca41bae34,0.7596172082614858,0.10011126866340103,0.06060602428728738,0.07966549878782571,0,2
3f457bc13b99,0.12096157076281812,0.14071457354372086,0.4477903657583272,0.29053348993513384,2,0
3f4c9c73330c,0.7192775701623098,0.07886542246176478,0.14029702087224236,0.061559986503683196,0,1
3f667806b517,0.5379903781090635,0.25416251792638356,0.10923423809939596,0.0986128658651569,1,4
3f82bb3ef348,0.16053818159261948,0.3976810008297855,0.42429600233135306,0.017484815246241885,2,4
3f8ed621f16e,0.12187788485081548,0.5390215077286872,0.2951187569046717,0.04398185051582553,2,3
3f91d11cef59,0.11471444538639748,0.6548011850526942,0.21066309788268842,0.01982127167821988,1,2
3f984f0aa172,0.12687131679537786,0.33614296135698096,0.36376984479638136,0.17321587705125974,0,2
3f98f789e62a,0.5151310894880693,0.2209141480003381,0.2095662060946203,0.05438855641697225,2,3
3fa878dddd94,0.12945677945674938,0.27622050861574327,0.29139493347611956,0.3029277784513878,1,4
3fcc2be34719,0.38136820623519185,0.31175152187079713,0.23337170462879475,0.07350856726521617,0,0
3fd1aead516b,0.11572902823693818,0.3069121117433453,0.5357735381267061,0.041585321893010334,1,0
3fff6c83cd81,0.49454322492852776,0.2915478746542647,0.1763264768023218,0.037582423614885827,2,0
400f0c7e4de4,0.3604130233851551,0.13999881263238587,0.3819718245060561,0.11761633947640297,3,0
402dfb591509,0.5387901528368362,0.14879819743026518,0.17810177690209156,0.13430987283080706,0,1
403f9fb0ef31,0.015127393636012213,0.9425342136734813,0.02622726284716678,0.0161111298433397,1,3
40618161dddc,0.16633130968988177,0.4062019687492406,0.30914892197616545,0.11831779958471218,1,1
4063853b3cab,0.012610363804361376,0.8121099377658213,0.14485995665818938,0.03041974177162785,1,0
40689b3c62c2,0.17619681642651638,0.49138705598032395,0.28292430741890157,0.04949182017425821,1,3
40925ddc68c3,0.6755158050932231,0.12999518530502485,0.15512282460398732,0.03936618499776472,1,2
409d2496f978,0.08187488714718218,0.31359720405156166,0.5765013568019896,0.02802655199926652,1,1
40b6a080d09a,0.09989239796718123,0.6152457395891145,0.20845053928770563,0.07641132315599859,1,0
40d4ba72961e,0.1033345457240751,0.4741552561719441,0.39789633646311184,0.024613861640869057,1,0
40d67faaee75,0.16371171670448895,0.24322305397216426,0.45574993779424094,0.13731529152910593,1,0
40d817276317,0.4670310484023101,0.10834816235137726,0.2418107176732666,0.18281007157304602,2,0
40faddf1bb05,0.21271576263718936,0.44686900730658347,0.3304031735010697,0.010012056555157646,1,0
410819eea797,0.12186326205897048,0.4415176384485992,0.3011715559723681,0.13544754352006205,1,3
411149653816,0.3475957835339937,0.32663028653101067,0.29936372042927833,0.026410209505717413,0,2
414a2893624e,0.03851405875968409,0.4831133209876315,0.44423119789041055,0.034141422362273854,1,2
416edca973f9,0.22711907610620824,0.039945840688002325,0.17002213617019887,0.5629129470355906,1,2
417584cecd96,0.1166788513881701,0.4768391285038049,0.10925088454850403,0.2972311355595211,1,4
41792cfb0e74,0.5787304571895555,0.17605634462697672,0.21774400156611765,0.02746919661735017,2,1
4180aa686422,0.17332040338988403,0.6222775431864184,0.11164773949502312,0.09275431392867439,0,0
4189ab7c6027,0.5598600118672128,0.15760795558036594,0.1573491014211445,0.12518293113127685,3,1
419b460cc514,0.011285478632782075,0.8203984638823608,0.14824835446014809,0.02006770302470924,1,2
41a4d1a7f399,0.05826498749519444,0.8675679215436388,0.05666636219020439,0.017500728770962558,1,3
41b664bf705e,0.03998592035768409,0.8124095172897545,0.11581520645996168,0.03178935589259957,0,0
41b86a3012d5,0.27862329332715335,0.4672409496096398,0.10730757648780408,0.14682818057540262,2,1
41c32b7a5b44,0.7857968954767298,0.1111963290977264,0.07239295283558955,0.03061382258995422,0,3
41da13080a64,0.5101491814107916,0.25531644546507115,0.19922141794656104,0.03531295517757624,1,0
41f2bb5ef2e9,0.14742496243535463,0.5387674595473181,0.07529432431404709,0.23851325370328028,1,3
42091afaa4be,0.1254367902440815,0.6953130081585942,0.13982653226434436,0.03942366933297996,0,1
420bb7be8ab2,0.26334177287820754,0.23067193063825878,0.3152024690059717,0.19078382747756203,0,1
420d52239d7d,0.47976302698703016,0.20357666209544925,0.2148944396159807,0.10176587130153972,0,1
4213b8c96b2d,0.2950447914299652,0.23149726138145835,0.1626710752757662,0.31078687191281035,0,2
421789206c7c,0.09031809960259793,0.5600988798273018,0.3128668999394898,0.03671612063061057,1,1
422689777b34,0.14972294773027175,0.4391882169427622,0.12349503195235217,0.2875938033746139,1,4
423d5a5b56b2,0.019618107892423926,0.9246252778651787,0.02277688190733329,0.032979732335064134,1,1
424fb90a4bc1,0.7359926754603525,0.11048780428335998,0.08797535014501545,0.06554417011127216,2,4
425baa3b6167,0.2516015431155733,0.17177987743544465,0.126649539477173,0.4499690399718091,3,4
4278049d12e8,0.07858544277865534,0.4393372889721576,0.3938292933281967,0.0882479749209904,1,3
429a5f79ac0f,0.1177515801369979,0.4137656581172993,0.4482005588187866,0.02028220292691604,2,1
42a5ef66e3d4,0.041684436719952214,0.5255820574793599,0.3637777314298031,0.06895577437088483,1,4
42a9025e9d29,0.6165239627808484,0.1820117400383566,0.069285629418892,0.13217866776190296,0,2
42ad2e4feb4f,0.21172925545334664,0.40069428362841636,0.32963734097516595,0.05793911994307108,1,0
42c28fffc31d,0.3603450854129488,0.2923398236926502,0.30641351281649676,0.04090157807790423,0,4
42ce6191e14e,0.21744978548493796,0.495069998863144,0.23862740990944503,0.04885280574247301,1,1
43001c00ccca,0.43716188523786287,0.0578621834636177,0.13572664830266593,0.3692492829958535,1,1
430855f2a4ff,0.8678600960345789,0.02213663237515699,0.07645308037595974,0.03355019121430448,0,0
43183eb0a475,0.5401948775688825,0.253437562621453,0.09209244115226158,0.11427511865740282,0,0
43213dfca450,0.10324571597064884,0.4049510399428006,0.4678964022639382,0.023906841822612237,1,0
4323961acfb5,0.08620307093830329,0.44154845119393843,0.40694726741928383,0.06530121044847435,1,4
433fdf0e14fa,0.36720449521078485,0.18028488942624404,0.06765766649976222,0.38485294886320903,0,1
4344f4c7ca1a,0.0028774113154691875,0.9682558482986316,0.02306340343822649,0.005803336947672725,1,3
436ce67eb424,0.5843708255511183,0.13747307032507822,0.1870147455685534,0.09114135855525014,0,3
437964b36522,0.2698382039739619,0.3731685728468395,0.33639435439855697,0.020598868780641523,1,4
437efcc34243,0.21589573483973568,0.5043182249467667,0.15176685056333866,0.128019189650159,1,2
4384bea76688,0.7152541562788505,0.08259522020115437,0.168435168748842,0.0337154547711531,0,3
4389b99b9c49,0.1897272126232179,0.5771286210418078,0.1845605481024112,0.048583618232563,1,1
43ab168173df,0.528465076217794,0.3420610634749988,0.06261171572876159,0.06686214457844557,0,0
43bcd9cbd79a,0.028609290416911258,0.5387155173304032,0.23976185433363412,0.19291333791905138,1,1
43c65f4830dc,0.8962423978717791,0.019840532070322752,0.03164621357741383,0.05227085648048419,0,4
43caab830455,0.06833587633340668,0.30836813971341215,0.1627041493614216,0.4605918345917597,1,4
43e05e0b34b9,0.14667085652590214,0.23886551066957284,0.38778582115995924,0.22667781164456566,1,2
43e48c2c4291,0.6880444986072601,0.12142374465362131,0.16069928790981355,0.029832468829305014,0,2
43e67cd54343,0.026714372454153517,0.70343564676396,0.1326155551741904,0.13723442560769608,1,1
43f4282677e6,0.013382585328465882,0.5477584239771548,0.21455597541467142,0.22430301527970797,1,2
4403b3a0764b,0.07373982156106834,0.6083148135271731,0.19886722237214965,0.11907814253960891,0,3
440cde50a7f5,0.42226619096544826,0.16064193456921808,0.13937381787957012,0.2777180565857635,3,0
44164216b8ef,0.07016345414663772,0.5086048363069676,0.3447820365010024,0.0764496730453923,1,0
442570bcd62f,0.08052393439473757,0.567160286596423,0.259000760663967,0.09331501834487237,2,1
4453f1641121,0.23184799078080742,0.6584671808197159,0.05753474660991854,0.052150081789558066,2,1
4463659093ea,0.023562264330400005,0.8992276444214307,0.023975790122061056,0.0532343011261083,1,1
4475325ffe2e,0.11480361545961829,0.6202662678703741,0.13239479549747837,0.13253532117252934,1,0
4486acc30384,0.02759995028480862,0.8363336465679198,0.10601632174604973,0.0300500814012219,3,2
4492a7f00b5f,0.034608852082464336,0.8106580932576941,0.1271571909612032,0.02757586369863829,1,1
4499cf9d764e,0.4983061044367289,0.1921393789094372,0.20415400118207663,0.10540051547175715,0,1
449a4e07e0a3,0.17365527361413843,0.445220387118194,0.251750625710899,0.12937371355676855,0,3
44b3c1b1bf89,0.06008119907974137,0.674880490605322,0.24917393358792403,0.015864376727012543,1,4
44b6c4a4f9a7,0.6285783147303821,0.08554008292072238,0.05455034404979204,0.23133125829910356,0,2
44d4bd051e1f,0.7735442369186527,0.08657182811144876,0.0801954642514033,0.05968847071849509,1,2
44fafe9c97eb,0.7367106318752972,0.10752977078687158,0.09108110393546832,0.06467849340236288,2,2
454cac81825b,0.3313063484174813,0.2827481739375244,0.16237725303492215,0.22356822461007228,0,0
455cbab8acad,0.14290440080532232,0.5691085169347646,0.1427218047444576,0.14526527751545548,3,3
45642bcec833,0.38458792918699325,0.25475793594594776,0.18502351464570577,0.17563062022135312,3,2
45666ba64453,0.17032885785352522,0.2303301518847029,0.32628201346244756,0.27305897679932434,1,2
456c2a3abcf7,0.33793650704889183,0.29481890677176886,0.12943591812798652,0.2378086680513528,1,3
456f61eec895,0.08123770567510093,0.503072317253151,0.12855924228956883,0.2871307347821792,1,4
45725d3453c8,0.3417882658207891,0.18240728993460706,0.2835497210123566,0.19225472323224724,3,1
4593937b2976,0.7758867692195269,0.0792660412211296,0.07953417745961283,0.0653130120997306,0,1
4595c11984c3,0.03765865526903971,0.7237558510158506,0.20456200927062412,0.03402348444448565,1,1
45ba102094d2,0.37477770283845196,0.24327987768977,0.33380244910883766,0.04813997036294036,1,1
45dbef1cd1d7,0.3230229088215519,0.21721520829069452,0.12951648897375645,0.3302453939139971,2,1
45ef9c8f3a29,0.40106722034973064,0.09202943028615787,0.27905387166635004,0.2278494776977615,0,3
45f32c71c022,0.15789938652027274,0.5760961466599929,0.23110139472969063,0.03490307209004374,1,3
46096e40afc4,0.05431450630034035,0.6297701990988,0.2650047753403014,0.05091051926055826,1,2
460e1bb0eb6c,0.12604341278730538,0.33744318718977,0.3517234291799334,0.18478997084299126,0,2
461eb648381b,0.09130691840706309,0.5997832759572593,0.2805758640624708,0.02833394157320683,1,3
4624eb6a47d9,0.045835582894450555,0.6061616478418356,0.278959876235041,0.06904289302867302,1,3
467079e557f6,0.009190356964596027,0.8326732197948382,0.06970198673211064,0.08843443650845505,1,3
4676a91a79e1,0.5599605169851318,0.1270204667025027,0.23007078916699022,0.08294822714537521,2,3
4676ccc3da0b,0.05662730613552372,0.5183822388108423,0.26972942542481726,0.1552610296288167,2,4
46789391270f,0.36320980933753994,0.272903329477801,0.22181620390657705,0.14207065727808207,2,3
4684064a1c67,0.27406449317075293,0.13009013112776985,0.17097595026791917,0.424869425433558,0,3
46b5875e3f4b,0.12556443785941077,0.4757289251540015,0.3312588996221595,0.06744773736442813,1,4
46b59bea8e92,0.026967957322504798,0.8249873421493715,0.04539335656727487,0.10265134396084867,1,0
46ee7cfd0bf8,0.30724092981125634,0.27639349683919506,0.12317121017367433,0.2931943631758743,2,3
470b3d8e543a,0.07210835530463171,0.7783639089526571,0.10683501175820098,0.04269272398451026,1,1
470d1f1abc74,0.11132594258442516,0.5412507127616377,0.23928025657405108,0.10814308807988611,1,0
47184d6ce9d8,0.11766313183014619,0.40019819822437386,0.3200957391481664,0.16204293079731355,1,2
471af1d3f5d0,0.040780939900769496,0.6579341988970246,0.230701282675504,0.07058357852670177,1,0
474a199db1f7,0.04334392774422105,0.8999307369427968,0.042057265300003595,0.014668070012978417,1,2
47666c3cd3de,0.2121296690408653,0.44100563581167534,0.32500569792910455,0.021858997218354846,3,4
476c4e9bd0e8,0.1398260635542817,0.37398284938763704,0.449233546405151,0.036957540652930186,1,0
478ecae73c0f,0.23063071418001363,0.1283474719692664,0.528086061951984,0.11293575189873578,3,1
4797141539c1,0.05142859490712887,0.5610957699774644,0.31418318661536393,0.07329244850004295,1,3
47a20936e21e,0.25210938874681366,0.3198796608449133,0.21945431825424042,0.2085566321540326,0,0
47a8d29668f2,0.23748983320559536,0.28095182919335837,0.4037386195977297,0.07781971800331658,0,3
47af8c6239ff,0.07662803696892552,0.5610552099227669,0.30201786160738725,0.060298891500920326,1,2
47f9b7436c3f,0.580395443972498,0.1389755276758821,0.21669148776915212,0.0639375405824678,1,1
48115244cd07,0.056666744636320765,0.3475602315486722,0.07196808533528629,0.5238049384797206,1,3
481267fb221a,0.7909016930551422,0.062253001013484494,0.047115691791631616,0.0997296141397416,1,4
481522b95d50,0.0625465476719199,0.5998936666420096,0.1942072958435116,0.14335248984255894,1,2
4838494c6cc8,0.08748512437378189,0.6249214973682116,0.26966838544501665,0.01792499281298991,1,4
484e59c2708d,0.7160486843866364,0.13676876838161187,0.12231494294001118,0.024867604291740543,1,4
485d4ccd3c0e,0.6129230917949853,0.07155874943697972,0.2506690787982548,0.06484907996978019,0,4
486c0b27043a,0.2650299931756814,0.5231788896256259,0.1255077512395876,0.08628336595910502,1,1
486e633a5721,0.20313998075332773,0.1787709069778409,0.34506966055405,0.2730194517147813,0,3
48889844ef56,0.05555896770109781,0.48820811863114827,0.3677190402404649,0.08851387342728907,1,2
488d48e19716,0.6495246339233899,0.07671155267727775,0.23783684660156368,0.035926966797768474,1,1
48d8abfbad2e,0.5183750807690733,0.15968058614232203,0.2409709243989305,0.08097340868967409,2,0
48e089b6f3cb,0.39674579028641915,0.07591053872840878,0.21352932390413681,0.3138143470810354,2,4
48e1cde4e995,0.17354459109339337,0.3221684515748025,0.4508099718947137,0.05347698543709038,2,4
4900ec5edaa0,0.03566567894713041,0.7362544778646352,0.13189761473635483,0.09618222845187957,1,3
490545ad8409,0.17627880533629225,0.4471349094227821,0.24113838443210614,0.13544790080881952,1,0
490fe3924dac,0.07320592872445994,0.5049501506249098,0.3717389508068796,0.05010496984375076,0,1
4911fa4de0f5,0.12931673850440062,0.3264951450626623,0.43052554043151814,0.11366257600141902,1,2
4926141293e4,0.3950344946270267,0.06707620892353214,0.17184185277907452,0.3660474436703667,1,2
49358afcfb80,0.04154062841041678,0.5164829880773302,0.23435546345681374,0.2076209200554392,1,2
49374ea79cdd,0.04167341051047963,0.6948476508491161,0.16521020552229107,0.09826873311811334,1,4
4944adbe3aec,0.2613480280216852,0.1175438627220319,0.20375049714391238,0.4173576121123705,2,1
4948bfd21ba8,0.6242433955372607,0.12078051879724132,0.09499071909530295,0.1599853665701951,2,4
494aed280098,0.41858465114529836,0.44883599544583397,0.06066885987569443,0.07191049353317323,1,2
494f4d7a1bed,0.05563802513134079,0.8037260428405196,0.11598286126847633,0.024653070759663148,2,0
49508eb834d6,0.8396504328059476,0.03884578445067955,0.07967104700719496,0.04183273573617775,3,1
495ab5cb9721,0.05401671783701311,0.6406111080445812,0.2299676699988321,0.07540450411957368,1,3
4968d37e02cc,0.062276303210336864,0.5851771953032538,0.22776794583394633,0.12477855565246293,1,0
496dae9e8e48,0.1435022712847934,0.2167590630787775,0.2025208261506716,0.4372178394857575,2,1
49719e81744f,0.3926322399449295,0.12559272700267515,0.4021666985697931,0.07960833448260216,1,0
497bf4b490c4,0.37268539908737447,0.21857182173819056,0.32777271217343523,0.08097006700099965,1,1
4986a30d2f81,0.7628783715663869,0.04790591027212886,0.14115193346357993,0.04806378469790435,3,2
4989ab8488fb,0.6440748359758007,0.03229830727831704,0.2977291107809393,0.025897745964942962,0,4
4991160776f9,0.02135035232454853,0.6520935629605334,0.2570341795549368,0.06952190515998125,1,0
49a79f8222a6,0.0655593457280274,0.3829379466724141,0.4167495693625245,0.1347531382370341,1,0
49c79f89893c,0.013835443030234384,0.9394516462833262,0.03849898367855483,0.008213927007884583,1,1
49cb0e4c4f6f,0.019855429360083984,0.7769131606383177,0.04332417263778988,0.15990723736380832,1,3
49f33fad39cc,0.09852780887405434,0.4611107614703983,0.3215233350566132,0.11883809459893407,1,3
4a0fb5ff55bb,0.10006715798961456,0.4647048910451224,0.33765174835211187,0.09757620261315113,2,1
4a161522e760,0.5259810225553425,0.2109025949717778,0.21638906741986225,0.04672731505301745,1,4
4a195eb75def,0.7632009280882713,0.08579227907340026,0.10649424834195856,0.044512544496369974,0,3
4a1e37b8cd8c,0.10405855092838118,0.4817336792616329,0.22423778508907333,0.1899699847209125,1,1
4a2ddd0dc53a,0.2924481730096783,0.098679636929725,0.03036710878350829,0.5785050812770884,0,3
4a40923456d9,0.3795925392146997,0.10518455130206747,0.4077858256426776,0.10743708384055504,1,1
4a4163009281,0.024522260859068182,0.7139763615963816,0.1995245689291579,0.061976808615392245,1,2
4a41d40a63d3,0.06990524284967102,0.7196830361548828,0.09766263387592967,0.11274908711951633,1,0
4a4e88562235,0.04891687119287815,0.4090825056827712,0.5027048641809885,0.03929575894336219,3,3
4a4f19493e91,0.5383785713397228,0.17917545818702643,0.16568017598532625,0.11676579448792454,1,3
4a5bba561d65,0.07515734853380701,0.24288350409820206,0.10600590180034246,0.5759532455676485,0,2
4a5d1728c12a,0.6643360839927398,0.14576303879322822,0.06412566215658909,0.12577521505744282,3,2
4a5e943d578b,0.03817943846285012,0.6690608793163698,0.18200434745124142,0.1107553347695386,3,4
4a6290010ad7,0.3354360871546274,0.1481327045131644,0.3523466464604605,0.16408456187174777,2,3
4a683fc106eb,0.021324717771219547,0.9393097871557206,0.030556365155787486,0.008809129917272358,1,2
4a6c95b0cc17,0.5983625171321737,0.15266921121848456,0.15693813705239928,0.09203013459694262,0,4
4a7253e116d1,0.6773545549348974,0.08954846058053903,0.07793301620096078,0.15516396828360288,0,2
4a746c1839d7,0.37175124041801894,0.13191746343721497,0.27985898083059896,0.21647231531416733,1,1
4a759252b405,0.5014539665502441,0.18031614703462284,0.21091142659589843,0.10731845981923466,0,0
4a9a960d2f8b,0.22097177796966447,0.3396145187816598,0.2783901755901955,0.16102352765848027,2,3
4aa11ef1fd38,0.5263491635976116,0.08372048893656742,0.15527560110806138,0.23465474635775965,0,1
4aa5037091ee,0.5003687232369484,0.14611980065853777,0.3313507904290099,0.022160685675503885,0,0
4ab7fae55612,0.3225112948294701,0.16010634897823497,0.2984927809380177,0.2188895752542773,1,3
4ac2b8f0d043,0.8317517269901421,0.0487419695933267,0.10082733814062067,0.018678965275910477,0,1
4ac6bbb98b57,0.03273688937033706,0.7101589736997697,0.2421156332969213,0.014988503632971946,3,2
4acca25f2444,0.6326275177040239,0.11640945023758079,0.22531653741894456,0.025646494639450665,0,4
4ae37a325776,0.11012788807666427,0.4729031096051303,0.38221066908418816,0.03475833323401728,1,0
4ae89e667a24,0.02574160967949387,0.6282452123570851,0.15906129287680074,0.18695188508662025,1,4
4af510894843,0.27298842143264423,0.43704112247228705,0.1701980249593462,0.11977243113572249,3,4
4af9fd126565,0.030232396712257983,0.6182973742684491,0.26733953196727106,0.08413069705202185,1,0
4afcd8aa1ebd,0.2848441185009156,0.24364312128085397,0.37717256816400513,0.09434019205422517,1,0
4b009ead8ab2,0.3765727507975191,0.07616398251063035,0.3434700503882062,0.2037932163036443,0,0
4b04ef7e5a91,0.7160123237082681,0.060464529674737366,0.15814667759889606,0.06537646901809836,1,4
4b0988ac86c0,0.37232915781173,0.17688753511406638,0.4151650561911523,0.03561825088305131,0,0
4b0a5a40676f,0.10799569551800083,0.33500871743828736,0.45354312369749405,0.10345246334621785,1,2
4b0df75f21f5,0.08196297089664656,0.7138200166788345,0.18303984499716355,0.02117716742735537,1,0
4b1d718d562a,0.6350066112863951,0.030874150100122132,0.22922121327223063,0.10489802534125219,0,0
4b24276e0963,0.18626369908952337,0.38755553725262215,0.33906796833827624,0.08711279531957819,1,4
4b263ebf9ad5,0.16624730224465478,0.5469940361963617,0.24656015526455594,0.04019850629442755,3,1
4b4d19205cf6,0.2598451206249783,0.17686243263420443,0.4147579437403512,0.14853450300046608,3,0
4b4fa74957a1,0.7739636890190777,0.08322827595224387,0.030535495729773574,0.11227253929890496,0,2
4b7578c84ffe,0.184784353593953,0.4593572432039611,0.21510130978496628,0.14075709341711962,2,2
4b7b9871f26f,0.3994683878243746,0.19877230073181265,0.27895083076145355,0.12280848068235936,1,3
4b916be9f189,0.5411293980429189,0.09623842443696265,0.23919068740408705,0.12344149011603131,0,4
4b93ca3c31ad,0.5148880228141718,0.11473495866345043,0.2898932485557424,0.08048376996663538,1,1
4b9d49cd5e67,0.04950557550643272,0.784179731970197,0.1433651160046272,0.02294957651874298,1,4
4b9f90e96569,0.3967975691655394,0.09220634846281685,0.16472753325632988,0.34626854911531396,0,1
4ba4eb1d380d,0.6924851176838573,0.06691460649757018,0.1196605686994403,0.12093970711913227,0,1
4ba755b48a9c,0.17436965531912238,0.22911352918111894,0.3892340859296156,0.20728272957014318,2,2
4bac6c7da8b8,0.15949955621394646,0.07003610018141382,0.1881197174912467,0.582344626113393,3,1
4bb14a344446,0.3109332766699431,0.2254107711729458,0.24887470990954275,0.2147812422475684,1,3
4bb293489dde,0.9451736802990995,0.015625540408496154,0.025787489369206013,0.013413289923198315,0,1
4bb943c3001c,0.037545114434268306,0.7771809902800613,0.1213217681214003,0.06395212716427007,1,3
4bc2eb20a505,0.3625227179555653,0.47080354198190916,0.12777158823616833,0.03890215182635736,1,4
4bdad39035b0,0.11366663633200123,0.590484814721438,0.21068943693216205,0.08515911201439867,1,1
4be426760e00,0.28163294593795585,0.3400731810249976,0.2917462306661518,0.0865476423708947,1,1
4beb8e107830,0.8125195751676475,0.04350325923440279,0.11575526198169771,0.028221903616251993,1,4
4c053382f9ab,0.027970684973519965,0.45348192539003984,0.39310281146488796,0.12544457817155227,1,3
4c0a382bf349,0.0697290029406726,0.6321037567066922,0.2528868940564909,0.045280346296144344,1,1
4c1a8be87462,0.4802325517299346,0.046892504214315435,0.1452752927044468,0.3275996513513031,0,2
4c1e5ca11b6e,0.14472373564436875,0.2383123051063625,0.35950791935765924,0.2574560398916095,0,2
4c45ac349e3a,0.212625774254185,0.4954325806481615,0.24196672497880767,0.04997492011884594,0,4
4c4a0eb38623,0.4454468126279054,0.17659719465560642,0.15117896557348667,0.22677702714300152,1,0
4c5bc626fee7,0.7383642884497092,0.05957879933238042,0.14204980155574795,0.060007110662162334,0,1
4c6ddbf0fabe,0.10990167787325823,0.1579247155066434,0.10595334950154986,0.6262202571185486,1,1
4c74745605a9,0.011477672048965526,0.8759649216384042,0.038959257868507055,0.07359814844412337,1,1
4c74ab1c7193,0.4213321612102432,0.1486459286401616,0.36519049389130986,0.06483141625828534,2,1
4c8116b5ce1b,0.7858679336079719,0.049688251247453775,0.08534705634880237,0.07909675879577187,2,0
4c96f8a99305,0.2132751003398132,0.20851809526509496,0.24394050385312166,0.3342663005419701,2,2
4ca61dd169d4,0.022213869905626512,0.7497693879817402,0.1985645357317434,0.02945220638088996,1,1
4cb338b6e248,0.6789231774263425,0.09032926032591879,0.054554756085285934,0.1761928061624529,0,0
4cce09eca9ca,0.40481602014985896,0.20134396151212205,0.30660437724225975,0.08723564109575932,0,1
4cd37e041b4c,0.13641971577168258,0.21562948297122336,0.21377894215832943,0.4341718590987647,1,2
4cd4a247bc30,0.17789835176317095,0.523726867595338,0.23127392517215847,0.06710085546933255,2,0
4cdca551d442,0.14849535822066395,0.5743015936535067,0.16997148474573054,0.1072315633800987,3,0
4d02730ae091,0.5571693910114478,0.08798623920547992,0.2001902931688337,0.15465407661423863,0,2
4d11294713ad,0.051322734241124296,0.5430385967149476,0.4003371579700314,0.005301511073896587,3,2
4d4042629e59,0.13075787381579687,0.5370834017348854,0.10013460018004239,0.2320241242692752,0,2
4d468b5b8cec,0.1304043129490841,0.36769469767117413,0.42445124851980237,0.07744974085993947,1,1
4d53dbd5fc09,0.7847323040000249,0.07366414881151721,0.09056563948383724,0.05103790770462065,1,3
4d6c1133d688,0.05231410830084598,0.5393326540723559,0.18745097079647463,0.22090226683032352,1,4
4d70ab1d80d6,0.16575961929750221,0.18388390712218616,0.1422410234986878,0.5081154500816238,1,2
4d7a2748dfb1,0.030547622443832696,0.7706823856836709,0.16648464069624536,0.032285351176251094,1,2
4d8280d84b26,0.1724674437704621,0.36074338146671336,0.3789615806150924,0.08782759414773228,1,2
4db82e5d8079,0.325254922541756,0.27866013923101474,0.30479742038967605,0.09128751783755312,1,0
4dc6197ec461,0.3936833338040701,0.4896343394716277,0.08510308282454784,0.03157924389975449,1,3
4dd1c6cd167e,0.3788039863663434,0.3524922303648576,0.1799647220470506,0.08873906122174839,1,0
4ddbbdbf2690,0.14230016363023668,0.5597670811830191,0.2632687090826745,0.03466404610406972,1,0
4de525e4d09a,0.3955699877041589,0.22841432855139926,0.27427074455691963,0.1017449391875222,3,3
4de6472758de,0.054687951558165894,0.699458358197928,0.052766970933571244,0.19308671931033494,1,2
4dfeb4d6bf0d,0.286038610118067,0.33049129221934165,0.32665515019637054,0.05681494746622078,2,2
4e3671f1dbf8,0.01122022190600095,0.9291187336965208,0.024486264326078644,0.03517478007139974,2,0
4e51ae89d35a,0.3233646634231038,0.08629314093220504,0.21513878015988228,0.3752034154848088,3,2
4e81deb94cab,0.06828054276846109,0.5584385892045839,0.3556510235386662,0.017629844488288922,1,1
4e9a365efc0c,0.03033202175615505,0.7489903243363807,0.19528845681401566,0.02538919709344857,2,1
4e9eb654f451,0.6573589274953869,0.07479202638804948,0.15930842182941649,0.10854062428714713,0,2
4ea356d57b10,0.5985927905740868,0.14512686570281896,0.1071634890267313,0.14911685469636296,0,0
4ea3d3aed9a6,0.2665832602760439,0.47203986796793024,0.18629745693005487,0.07507941482597101,0,3
4ea759eebb53,0.029853964823776405,0.5127722086549181,0.26897227699572446,0.18840154952558102,1,2
4ebaaa8b1eb2,0.0793524524243906,0.6241215407027089,0.24021574176147922,0.05631026511142131,1,3
4ecbcabc9971,0.12057204141625073,0.5234142458749403,0.18512027859674887,0.17089343411206015,1,1
4ee4406b32a0,0.06470129310707085,0.5654678148179771,0.31965834937000026,0.0501725427049518,2,0
4eea62413744,0.15803870017788055,0.714590370197849,0.05359846367448601,0.07377246594978437,1,0
4f0201c0929f,0.633011441768127,0.07222299957459923,0.14870889989463482,0.1460566587626391,1,1
4f044c4aa6f6,0.09498210839127051,0.5353675659924922,0.27202219067097844,0.09762813494525896,1,2
4f22fc4115aa,0.02106662114604354,0.9000549490874677,0.07553702382940583,0.003341405937082807,0,4
4f3ac8ed6bc3,0.3183771591978917,0.3793462066170309,0.079717202472579,0.22255943171249837,0,4
4f3ad9b6686a,0.04192787034886259,0.5533649963569456,0.3887020994209848,0.016005033873206984,1,1
4f429eb104df,0.13669074065421483,0.4829589104006293,0.28179910229455823,0.09855124665059752,1,3
4f4a405729f2,0.5556462901350923,0.1280281302159486,0.27909494077586594,0.0372306388730931,0,4
4f4ec43883e1,0.3234817616483906,0.27456706866584885,0.21810359995591125,0.18384756972984925,1,1
4f7282cd3316,0.6451667736411032,0.10804477193648768,0.19597025535941429,0.05081819906299487,0,1
4f7398c0551c,0.08851560540148752,0.5583551538856191,0.2961626219194399,0.056966618793453425,1,3
4f76e9117edd,0.22044598996055387,0.3900502592516351,0.17158276520899438,0.21792098557881662,1,3
4f87a1a47342,0.1346510832807694,0.7646749737436593,0.0900686115602149,0.010605331415356406,0,4
4f882088da4b,0.13101846903564482,0.38416421698226455,0.3474692622284625,0.13734805175362813,0,0
4f93ae390464,0.4815337869861489,0.13006017637995648,0.22707719882656188,0.16132883780733268,3,1
4f9e5a782721,0.8431642004878696,0.04053533901654464,0.07677861176993202,0.03952184872565379,0,3
4fb1f71d298c,0.21798862269341662,0.25380388450127117,0.3217996149842952,0.20640787782101697,2,0
4fe046c0f566,0.023236108948327082,0.5369671685430467,0.3546741729322627,0.08512254957636348,1,1
4fe89b3c7225,0.08774666710656684,0.7677099188387412,0.07198781441556772,0.0725555996391243,0,0
5011af7ced63,0.5431981847675778,0.17620221533538136,0.11258582844015008,0.1680137714568907,0,0
501f89688227,0.07706210249798215,0.5529578911334233,0.3059731373631472,0.06400686900544734,1,1
5024b6620c03,0.5642126247996624,0.1310516531692801,0.18514090577032757,0.11959481626072993,0,2
50586fea5441,0.21455143950606972,0.30797320691557617,0.3445804463120828,0.13289490726627132,1,0
5062655a0c9f,0.17945426163431602,0.6103850706222186,0.13572548961981168,0.07443517812365369,0,0
50680af8f366,0.3999014791545453,0.19944386861520672,0.2931153939043223,0.10753925832592569,2,1
506e43568206,0.11913749765831032,0.5761247531324524,0.13281900681614456,0.17191874239309274,3,1
50787fecf4ce,0.00828578884148597,0.8976507110164027,0.07860306576842077,0.015460434373690598,1,0
50837951818b,0.43654491042735,0.3611467201100529,0.12829715052918125,0.07401121893341595,1,3
5083d7064601,0.04137960167503526,0.8765203785182003,0.07627857644256626,0.005821443364198096,1,4
508614a9c9ff,0.2372776208516898,0.22976643695484017,0.31335403970804304,0.21960190248542696,1,4
508b10b44ff6,0.09747663269205736,0.387538560344528,0.4359666327592404,0.07901817420417427,0,4
508d6acdc4ce,0.07554329132775026,0.6551329300443486,0.25740947768541117,0.011914300942489962,1,3
50ab8f13a325,0.0123654849246958,0.9707315420339266,0.008340499401590843,0.008562473639786879,2,3
50bbbabf06c6,0.23164881123367095,0.41065041855431106,0.10439650647768779,0.2533042637343302,2,3
50c72842fd87,0.07414081066882211,0.680194855375658,0.19075938117561003,0.05490495277990988,1,4
50c7efb145ce,0.4745259153480232,0.3394453223138599,0.11823078198202512,0.06779798035609177,1,1
50d38e4b0732,0.5870777854144663,0.15722325846979615,0.1778166716721565,0.077882284443581,3,0
50de43ee58c4,0.7721104302715852,0.10838259552714796,0.10322018666596813,0.016286787535298695,1,0
50e9384ca4c1,0.025404317655118018,0.7914963647704015,0.1578846201890173,0.025214697385463183,1,0
5108dc02655a,0.11744165346301066,0.4802582027070804,0.17897008753264154,0.22333005629726738,3,4
510b4b2ae848,0.9029350101500645,0.0271329278377323,0.03917119663290693,0.030760865379296367,0,3
511b76817a88,0.2945020975964184,0.1917202530142738,0.34306572032109606,0.17071192906821173,1,0
511f9a60ee5b,0.093750039410954,0.6082112150674738,0.20769561695382865,0.09034312856774372,3,0
5122ec355c24,0.0061736519792469245,0.9607617982221114,0.021630007314738374,0.011434542483903494,1,4
51294e64d81e,0.2163030560836384,0.6911016768372639,0.0578035779036585,0.034791689175439254,1,0
512a9622ca0f,0.08140927727125968,0.4653142038943689,0.33524598290846064,0.11803053592591069,1,2
512f55885e0b,0.0698064926337851,0.8575339224419942,0.04406468732835129,0.028594897595869345,1,2
512fbe9d996a,0.6337515329035943,0.11027962605895004,0.2249420275057056,0.03102681353175002,1,0
5133bbb7b75c,0.34804968598745534,0.15136701663572064,0.08333652733427306,0.4172467700425509,0,1
514b87b8275d,0.45836924551870495,0.06058972020144749,0.1403261422026045,0.340714892077243,0,0
514f1f9f8912,0.47240199466646365,0.12419893681705477,0.19616097372757557,0.20723809478890595,3,0
51502fa7747d,0.16343830584276223,0.3307720635686697,0.34992009566069426,0.15586953492787384,2,3
5170993e49dd,0.175864176408292,0.16503042090380696,0.29021705550967364,0.3688883471782275,0,3
5187caabdb51,0.07009618128159513,0.6039791303926447,0.12438973876556271,0.20153494956019746,2,2
51a10504052c,0.2954458596355006,0.3715425964883807,0.29507986156754273,0.03793168230857593,1,4
51c3b10f88d1,0.12615256652814555,0.3581080868587256,0.3867421518435208,0.128997194769608,1,3
51e626885505,0.7596819425721772,0.049395921894743275,0.1428718267654671,0.04805030876761247,2,0
51f479f9ac83,0.8373168483850981,0.07658482752830147,0.05486605076250165,0.031232273324098926,0,1
51fef9be5005,0.11737935960182419,0.13317517265511328,0.32280643733544434,0.42663903040761825,2,4
521c520f0d18,0.24428208665672727,0.3709605618979787,0.3024859846360748,0.08227136680921919,3,0
5249dd72e890,0.16311431631849768,0.35335289899384803,0.3832782056550947,0.1002545790325595,1,4
525baed75bc5,0.2459171425473713,0.5262491871941459,0.16000839077456983,0.06782527948391297,0,4
525f144cecf9,0.5724048047169948,0.09529197150335728,0.24567104543262577,0.08663217834702205,1,4
526393a46dcb,0.08191137479586626,0.7542160391531434,0.12154028782719353,0.04233229822379662,3,0
528aca245f9a,0.05727249724849024,0.6668831440844946,0.19486911717319275,0.08097524149382254,2,1
5292575d2789,0.29074840077870917,0.389000057306428,0.24985319884071372,0.07039834307414916,0,3
52a07bdb51ad,0.021837462672733485,0.8470068686100275,0.08226493121325157,0.04889073750398749,1,2
52b4996cd35d,0.12577451873770296,0.49558973583278837,0.1824652845967385,0.19617046083277015,1,0
52ced5f7e2b3,0.4656448038480255,0.11339964479463908,0.32427706532201855,0.09667848603531695,0,0
52dc05bd4381,0.39238923967433803,0.2760947751013302,0.14178050369820336,0.18973548152612854,2,4
52e8c2d0de50,0.3911631517446593,0.11360333460521681,0.4291948526624372,0.06603866098768665,1,4
5304d41ea0a6,0.02702762220492874,0.6036986646059436,0.1849529371404852,0.18432077604864244,2,4
5304dd253880,0.20719261235317885,0.3040342010657748,0.2952872550440642,0.19348593153698213,0,0
531c0554dc5d,0.8944654254111081,0.034628370775326524,0.05411187266497743,0.016794331148588026,0,2
53234761691b,0.07307266386299262,0.8089205693773299,0.08933527806318418,0.028671488696493424,1,2
53345381e15a,0.004906671666438459,0.9639666259904255,0.020450691880807285,0.01067601046232866,1,3
5359e47a53e0,0.21868727192337678,0.387559373799325,0.34968032871761157,0.044073025559686646,1,1
535f8c7a5191,0.1888559911139428,0.27155028708367346,0.5152839349882405,0.024309786814143093,1,2
5368a8bec11f,0.1115545257026201,0.5042405014934775,0.18841614758227154,0.19578882522163077,1,3
536ec36c3d62,0.8755671034300786,0.027692365638892817,0.07103150061303952,0.025709030317988955,0,3
537d1ce14277,0.7941506193011726,0.07436227843057337,0.08043519363652875,0.05105190863172533,0,3
537f2065d631,0.27973344046529247,0.22145371871383124,0.28407544593059664,0.21473739489027963,0,1
5380acab9ccf,0.13955537714101765,0.2730361761275085,0.2786861595656926,0.3087222871657812,1,2
5392f3af1472,0.5061727210644518,0.10025496568699768,0.2527793465034903,0.1407929667450602,0,1
53a94edc58d1,0.08992256959137389,0.6223013819769994,0.14273783692980563,0.1450382115018211,1,4
53a991898080,0.3056574247521461,0.18832759281848158,0.16158797845161493,0.34442700397775744,2,4
53ab14d3aeff,0.23241145749906686,0.33460354992336083,0.3557585232627017,0.07722646931487072,1,1
53ab7bc1ca97,0.40149815611985384,0.11056894475531058,0.3367982653700831,0.15113463375475247,2,1
53aed14e6386,0.725432721762104,0.09319383642595695,0.11920552349171201,0.06216791832022707,2,4
53b2ff894bda,0.0031432798811665452,0.9546940714715544,0.026908225151197816,0.01525442349608131,1,4
53b974b2f19b,0.039709811544820776,0.6876216880838661,0.13609239162025497,0.13657610875105813,2,3
53c9dc786907,0.10677681406363104,0.6407294322837842,0.10334999367823812,0.14914375997434653,2,2
53e3f01fabe1,0.06721193105708337,0.5009178570141842,0.339636530094547,0.09223368183418552,1,2
53f3c8c16f5d,0.1313225634592947,0.5439274123445317,0.26246467079369945,0.0622853534024742,1,3
53fefa2635de,0.5152331051388349,0.13489003437429975,0.1298634436323984,0.220013416854467,2,3
5400139d2bb4,0.054603176268625035,0.7472055335692976,0.17311983710697193,0.025071453055105376,1,2
5410626fc53a,0.21586198202920864,0.457047346553474,0.13799455165835303,0.18909611975896426,1,3
5423b19fb38b,0.40534394738653173,0.1788106816976806,0.10462849270045911,0.3112168782153286,1,2
543ea3ce1275,0.015202271425545845,0.900162904374392,0.06927996282849018,0.015354861371572161,1,0
54600e52f553,0.4381793258423508,0.19373316314461103,0.22210255427552866,0.1459849567375096,0,4
547aae81c04c,0.054230327416259855,0.7780969834300936,0.05827662299997277,0.10939606615367374,1,2
547b1dd0ebcb,0.23032031120994464,0.3903710473835469,0.3211505585297052,0.058158082876803366,2,1
549205ed957c,0.3168652169581132,0.29537004674733747,0.16296118330502846,0.22480355298952087,0,2
54a1ff4452af,0.08501857715730954,0.11615942926684632,0.29748450406501564,0.5013374895108285,1,2
54a72130e138,0.03855708128061393,0.7133616172925464,0.19690943441298941,0.05117186701385035,1,3
54bcc360cc71,0.3298683380313462,0.069725329333453,0.3925420359791312,0.2078642966560696,0,2
54d2b19a59c4,0.2626473515832579,0.4467922324351786,0.18147096029214285,0.10908945568942069,0,1
54d3bd418490,0.16257182910620407,0.5364537528141826,0.1458466514716262,0.15512776660798702,1,3
54d87992ebd1,0.6845984489433855,0.14500418153910002,0.08252207470531052,0.08787529481220402,0,4
55178967f39d,0.026726258414699323,0.8575999651660786,0.07528986926704138,0.040383907152180744,1,2
551ce2f497af,0.3712079253822163,0.21911117890086565,0.2507445073327493,0.1589363883841688,1,1
5545ef49ebfc,0.3775695165434214,0.12013166081144008,0.17539859009002323,0.3269002325551153,0,1
5553337f41b7,0.2730814738083992,0.3213906613827744,0.3769608771836209,0.02856698762520537,1,0
555aa3906759,0.14094298369788022,0.5201627899449498,0.2138114358007271,0.12508279055644295,1,4
556b76b37e6e,0.06316517777793106,0.5131593043923165,0.3595841079945286,0.06409140983522384,2,0
5590d0f84fb4,0.617637071157768,0.07535655841895843,0.24364903455522588,0.06335733586804781,2,0
55a1e614cd5d,0.23578249111412183,0.2105130887788006,0.39113977956545903,0.16256464054161854,2,4
55bdad0b3d6a,0.15160259555307354,0.20065406906555913,0.3883340203479276,0.2594093150334398,0,0
55bf89ae74ea,0.4768616593630154,0.2352640294286198,0.2586145681938287,0.029259743014535967,0,0
55f9624fef0e,0.09152597139398158,0.8154418639701245,0.06397680385587141,0.02905536078002238,3,1
55fb3303c057,0.2508928875678256,0.10811915562932427,0.22402542046784588,0.4169625363350044,0,3
561871085c06,0.5803049830218759,0.18275415786984578,0.14585605366625243,0.09108480544202573,0,4
5618efab082e,0.9255642728455094,0.017861111038084604,0.033569924994898616,0.023004691121507284,0,2
5621dfc80f12,0.10900329310419059,0.6480449342301423,0.18713879753573529,0.055812975129931844,1,4
5623a3a86114,0.10042930287697674,0.47871527431693023,0.19611961422053836,0.22473580858555475,1,2
562b773e21da,0.4142031802250229,0.12489330534197109,0.2037694703332141,0.2571340440997919,1,3
565cf7dfcce7,0.08748006043071081,0.6364853635213871,0.20239194270536326,0.07364263334253876,1,2
56688f5bde5c,0.09886126303716712,0.36977916142037476,0.4136202224990316,0.1177393530434266,1,2
566c4bfc22a4,0.14992966384309114,0.2139292204218881,0.41567145628495744,0.2204696594500633,1,1
568691cc04c4,0.006224600510173268,0.8751212768697523,0.08081323941839795,0.03784088320167636,1,1
56a69969ec4c,0.8230049029322286,0.04308998382665519,0.07000033904375755,0.06390477419735872,0,1
56a6a370c80f,0.3514876895148455,0.2575293246856889,0.3025777542121905,0.08840523158727512,0,2
56b13bf13955,0.2088117178819037,0.30284263198882666,0.25419208114167946,0.23415356898759024,2,3
56ec96b96a1c,0.03090013312284404,0.5795907128237373,0.26769026600006257,0.1218188880533561,1,3
56fe338adcca,0.052899452820776294,0.3770059683634803,0.37862349617847596,0.19147108263726742,0,2
5706623a8069,0.5328394390671621,0.25095665639201115,0.15403235702506582,0.062171547515760796,1,3
57081e4ab3b1,0.44495250760297117,0.10307679272429607,0.2592553198369984,0.19271537983573425,0,2
570d6703b8bd,0.06766504325847972,0.6874557827455894,0.11437185498669344,0.13050731900923737,1,3
570e81ad62f3,0.045270068067717766,0.500616208137393,0.3553468425931504,0.09876688120173872,2,3
570fd6af9eab,0.09779055305169251,0.7768050586927856,0.0755524633968058,0.04985192485871611,1,3
5753677905c4,0.32017709415889756,0.590188396474343,0.06614763782196845,0.023486871544791,0,1
5756aa070207,0.27387502765689437,0.4078476932192841,0.07896183904211355,0.23931544008170788,1,3
5758d3fadf95,0.1707573416849499,0.2721500762385144,0.41496717899450697,0.14212540308202865,0,2
5772159e2645,0.09834721919878162,0.37184214739035903,0.343036509438018,0.18677412397284138,1,4
57776e62829f,0.6009167255079607,0.2353322391696297,0.08046827455830856,0.08328276076410118,0,0
57850405120c,0.2562221212903281,0.2809014624829707,0.3516699776432253,0.11120643858347594,1,1
57915fbd41fe,0.5894070715657367,0.1008685669397887,0.2579152054737665,0.051809156020708125,0,1
57b5cc0c0645,0.23066772955123876,0.20766064437266282,0.23705600295133988,0.3246156231247585,1,3
57ca1820340c,0.4336180631424963,0.39455870541016297,0.13402332072071824,0.037799910726622574,0,1
57de882902fc,0.1015588327544077,0.6560605838635478,0.02548508126940851,0.21689550211263597,1,4
57dfecfd86ff,0.4308410186456928,0.3674290983215079,0.11687547193694266,0.08485441109585648,2,1
57f81b7f45cf,0.19442524244399909,0.2989344434939082,0.22813329613844505,0.2785070179236477,0,4
58072ae8b0f0,0.13771456542530047,0.3224735265896047,0.116002776899081,0.42380913108601387,1,2
582562f90e88,0.0819751740970544,0.6142622661480066,0.2709513104478951,0.03281124930704402,1,0
583b8489646f,0.8479049089407372,0.03343064801936702,0.05446006698720143,0.06420437605269434,0,1
583f34f5d5fc,0.47131202160553176,0.27327253984543154,0.12623157382640832,0.12918386472262833,0,3
5840fda24291,0.4499377062770788,0.27260322930817915,0.23249087305040844,0.04496819136433372,1,0
5846e5cc51a2,0.30259562542219326,0.22579058965601134,0.2239987381586271,0.24761504676316837,0,1
58501082c63a,0.028015661888052563,0.6973209204008141,0.20250767276410195,0.07215574494703139,1,4
5861e8681425,0.6168499347426122,0.10744281164966786,0.19587962083798804,0.07982763276973202,1,0
586d54b2a31a,0.3796263368849702,0.188244290952283,0.36379037804521314,0.06833899411753357,0,2
587699c00f43,0.17222777496701017,0.15538554923673506,0.38125338242681855,0.29113329336943633,2,3
588b613b92af,0.5020058517791913,0.08394754394632933,0.3172972694478714,0.096749334826608,0,4
58ad7c132f66,0.45764212846931634,0.12918800619823162,0.24235519060471417,0.17081467472773793,0,3
58bd213f054f,0.42903433561502013,0.1315715584587827,0.2572994619409402,0.18209464398525688,0,2
58c8cb4271bf,0.11108617103307149,0.2769359136535892,0.5865100885057076,0.02546782680763179,1,3
58cc074e38da,0.1050488630291083,0.21210808086162744,0.3520193206780655,0.33082373543119875,3,3
58fd19f3e555,0.024605033550398156,0.7744631676631202,0.16540917376356937,0.03552262502291234,1,1
58ff60a8bc71,0.017832330193352796,0.798403157786239,0.09004661291371785,0.09371789910669034,1,2
59227e05796e,0.7058187489031426,0.15642858684358113,0.042313410296193676,0.09543925395708275,0,2
59289712b7a7,0.007357854240465905,0.9229246641409573,0.06052131071768168,0.009196170900895003,1,4
5947be3fea54,0.09333145861073054,0.2855331020918056,0.5714234879602289,0.049711951337235015,2,3
594b6a49d2ea,0.17207296614210152,0.40445954899900727,0.16413295759051066,0.25933452726838047,3,0
594b82058ccd,0.8451741211731063,0.04569327408615439,0.09537821286267846,0.013754391878060799,2,4
5970de40ff73,0.34782499232755454,0.14944436603621028,0.4193936065668927,0.08333703506934259,3,3
597671ef6252,0.7734327292416275,0.0713505206356699,0.11318084021786289,0.04203590990483973,0,1
5979bc664c1d,0.2179547479395913,0.16655641910814156,0.482604858141684,0.1328839748105831,3,1
597f5f3f8751,0.6190000237669163,0.07151278564209788,0.2562391103303247,0.05324808026066107,1,4
598b2841a3d5,0.09940006525008975,0.49369307370420407,0.24682724945603254,0.16007961158967365,1,1
599645fe1eb3,0.8286162601159082,0.02753747088119083,0.09450044726246162,0.04934582174043928,0,2
59a91c5701e6,0.7955530617700834,0.06238454948094964,0.12241299764181862,0.01964939110714835,1,4
59ab0bb7cd92,0.4513367105197269,0.14714886032368776,0.32755392393454036,0.07396050522204503,0,4
59be4450dac0,0.1353044412298497,0.1845770473408701,0.4775136765455661,0.2026048348837142,0,0
59cb862d37e1,0.239462349607188,0.3083203209636175,0.3321891233432284,0.12002820608596597,1,0
59d10129bc08,0.06389757866664164,0.44249900883889465,0.3813889611998386,0.11221445129462507,1,0
59e10fae4c81,0.15772705855295913,0.3187531642721348,0.422903337673691,0.10061643950121509,1,0
59e137176570,0.23479429443848338,0.14439208347909602,0.5975201217620685,0.023293500320352153,0,4
59e43e0b66a9,0.21720242548536736,0.21673846526973423,0.2780294126441444,0.28802969660075406,0,3
59f38b6e1b6b,0.19550714150294074,0.5295471364314938,0.1919085538588037,0.08303716820676181,1,2
5a0e35234db3,0.30153468266059796,0.3803173594350463,0.25377289067539266,0.06437506722896323,2,2
5a1b6052355e,0.26778732247964776,0.22186735768069055,0.3128061910737039,0.1975391287659578,1,1
5a23fa5717a3,0.10267917973785251,0.5260941058658348,0.1587618301253948,0.2124648842709179,1,4
5a249578cf8e,0.6859869797781232,0.15597350144426703,0.11865496692378849,0.039384551853821365,0,1
5a37eccaeb4e,0.36355648278910835,0.18159506910821535,0.30350700493967464,0.15134144316300147,0,1
5a40b5567ce8,0.4242562864745589,0.346187836014413,0.13885868767560325,0.09069718983542478,2,3
5a642870b814,0.12378208625782464,0.23355244715460705,0.4066663252838688,0.2359991413036994,2,1
5a869900cfef,0.3036532253027195,0.2236370956656326,0.3560631817625508,0.11664649726909722,1,4
5a8eabd0dfbd,0.11290157066941793,0.5040921142766445,0.30720869939690504,0.07579761565703252,1,1
5a9ef6342497,0.0837119978085513,0.5043152067016655,0.3613950681304009,0.050577727359382374,0,0
5aab89012cc2,0.10989371107162775,0.5249959955086293,0.3485448704402284,0.016565422979514445,1,0
5ab0afad9234,0.1076463673415334,0.33469423201908377,0.1472519288328136,0.4104074718065691,0,1
5ab46852e359,0.5155781734964717,0.08604322387460903,0.35385106262363114,0.04452754000528815,1,2
5abc0730eea5,0.025820157091759815,0.7459701021570574,0.16961505620339914,0.05859468454778356,1,1
5ae77db07c44,0.5069268497599887,0.2215839860033062,0.1340372639753377,0.13745190026136733,2,0
5b059ef0f8ee,0.2832890127419547,0.21757054071198326,0.4817465651110266,0.017393881435035275,1,0
5b09e5efc537,0.6725485435211221,0.06909954479162754,0.20070044045862767,0.05765147122862271,3,1
5b380012edfc,0.011173838656728524,0.8695034544532364,0.10561539923914641,0.013707307650888682,1,1
5b399e31d07f,0.13381132447679767,0.4373052165266833,0.18951800866777413,0.23936545032874493,1,2
5b4320cfadc4,0.03566600224159976,0.7358713637424467,0.21041270595959274,0.01804992805636076,1,4
5b5889f8e4b7,0.12713650798287013,0.6184950241866151,0.19116550799313178,0.06320295983738305,1,4
5b65a69885b6,0.12737450691052976,0.7484493099371115,0.08002273372201502,0.0441534494303439,1,4
5b96a28a5ae7,0.06620996513507078,0.46070673558606434,0.40831850769072325,0.06476479158814155,1,4
5baf929549c6,0.03648003368006515,0.8282704824500705,0.0942004908232803,0.04104899304658408,1,1
5bbc4574f4ac,0.1933387139768033,0.25334760430359105,0.19888774489562527,0.35442593682398044,1,4
5bbefa3819bb,0.14321803250011547,0.18510189877691935,0.4526269606522708,0.21905310807069445,2,3
5bc2b00f611e,0.07275507719871109,0.3584761255546659,0.534266147170034,0.03450265007658912,1,4
5bd7e722e24f,0.09102630352810101,0.5273762283750577,0.3179948136576282,0.06360265443921301,1,1
5bea77df76eb,0.6985815674682437,0.11022291247085693,0.07664758668052722,0.11454793338037228,0,0
5c20d46146b3,0.3339869950207969,0.20075007331459238,0.3059401281053044,0.15932280355930645,2,4
5c3c9a303c13,0.5839047347511153,0.06597954574962375,0.30061234567859846,0.04950337382066259,0,2
5c4a2ed04ff9,0.06834683571766707,0.5023638873141458,0.28494790803982756,0.14434136892835955,1,2
5c4e0bef2cc6,0.028463478462482213,0.7381128053208101,0.1663950626189451,0.06702865359776264,1,2
5c5a8fe1d563,0.7303755689843724,0.0415344029975166,0.16897703748311774,0.05911299053499327,0,0
5c63bdd7a0a7,0.06458025072169041,0.6360098743844323,0.25932673565488146,0.0400831392389958,1,0
5c67abd0b49f,0.28735094462022776,0.38604130239289125,0.06592054230622561,0.26068721068065537,1,1
5c6b722a9a82,0.30933041977626674,0.4248796646978577,0.06774013664868152,0.1980497788771939,1,2
5c97fb42f06e,0.9095182027128746,0.037091742490881714,0.040329490080761525,0.013060564715482127,1,3
5cd6a7ebb37f,0.7176882732487592,0.03926429171612283,0.08839634445512011,0.15465109057999782,0,2
5cf8c5e5aa23,0.6911438966828238,0.09404516043099409,0.08773486404968657,0.1270760788364954,2,3
5d09203da3ba,0.0890905674747218,0.3699443663426229,0.4724549429793632,0.0685101232032922,1,1
5d3619fd4540,0.1378674302026673,0.22005085468391059,0.5714155886734456,0.07066612643997643,2,2
5d5f5f5ec586,0.09058608425917976,0.7137292036494628,0.18744570233411156,0.008239009757245895,1,2
5d66b2f4c8e0,0.07670734354233913,0.6891884150106058,0.14670017507786995,0.08740406636918517,1,0
5d786634f354,0.22801772440789345,0.5697249605266393,0.1516122154389929,0.05064509962647423,1,0
5d7a01890cb6,0.04740252357730498,0.7815740630487749,0.13335544669128147,0.0376679666826385,1,0
5d8bf0fa1ec0,0.2627658759685923,0.2838627026672553,0.2511581879211495,0.20221323344300288,0,1
5dbe5d09d8b4,0.32449050089300974,0.05348806159154612,0.4427549841596504,0.17926645335579378,3,1
5dcdd4c77f15,0.07353248461897646,0.5310495423999742,0.3618967522642403,0.03352122071680913,1,3
5de1720c253f,0.11434901714772397,0.24876053731154643,0.38868974012788976,0.2482007054128398,0,0
5df3682bc713,0.6974253560345556,0.03779096583058309,0.1812938723206907,0.08348980581417065,0,1
5dfc819491fb,0.07872282254863734,0.4515229051055165,0.05868585413319279,0.41106841821265344,1,3
5e15393e8483,0.46084535473440735,0.28312492401004047,0.05198715528602899,0.20404256596952308,0,2
5e1e833afeeb,0.9250319744106537,0.013846290063163607,0.040896611548005696,0.020225123978176923,0,4
5e22d4f43674,0.1710474825714849,0.2654015498299484,0.08170437851170256,0.48184658908686406,1,4
5e3842ff3457,0.33098888456292397,0.09051125630846635,0.2545083170147765,0.32399154211383324,1,2
5e3a04aec6df,0.015399915832600827,0.7000951249249815,0.2674331733800562,0.01707178586236162,1,2
5e543578feff,0.27163636852737294,0.44441673186996217,0.1593588490713314,0.12458805053133347,2,2
5e5b8469395d,0.5145955641008005,0.27082908152879065,0.16781358563012982,0.046761768740278896,2,1
5e5bee2f9f08,0.07463151320315806,0.1419123856445925,0.293967297696134,0.4894888034561154,2,4
5e64e42f9b10,0.006642806519406259,0.9563772210135308,0.022584679303094067,0.014395293163968764,0,0
5e7386e9b570,0.324672124528747,0.2861116624814887,0.3320407281100566,0.057175484879707625,1,3
5e7e2e3b20f3,0.07105512359843183,0.6596519126804705,0.23672778940695474,0.03256517431414296,2,1
5e811e5fa7a8,0.13494615723583284,0.36194363568851307,0.3647665745534641,0.1383436325221899,3,1
5e8554463272,0.007820960088892243,0.9037765396509148,0.045508580033090267,0.04289392022710281,3,1
5ea54f3cfdbb,0.16881190121939982,0.36006324196204603,0.4115248759827166,0.05959998083583753,3,4
5eb39b25e6a2,0.005306208616844483,0.9092887347484906,0.07621185502768799,0.009193201606977012,1,1
5ebc6a206211,0.24800690741320527,0.2316402274810527,0.16025104238565852,0.3601018227200835,0,4
5ec612c367ed,0.7044929133477659,0.04822935108557917,0.23244987020464047,0.014827865362014638,0,2
5eca9e1472e6,0.7207591946072199,0.025516628105001823,0.16963041499384562,0.08409376229393263,0,1
5ee57e4e2a9a,0.16642943059869333,0.188485563533003,0.4246522471629797,0.22043275870532408,2,2
5ef72546790a,0.598868849834973,0.06166088142031518,0.16327777357730133,0.17619249516741045,3,3
5f0bc1dfa0f3,0.0990035043763477,0.5269529991106146,0.09112707693628447,0.2829164195767532,2,2
5f101534e80d,0.08576296021065184,0.750157148157084,0.15144736730948632,0.012632524322777932,1,3
5f159e65db5b,0.04811054847431011,0.5847706147843299,0.21965360677947632,0.14746522996188363,1,0
5f1d8846918f,0.480339322119962,0.0911607579060354,0.20854734883608214,0.21995257113792044,0,1
5f214fc89978,0.03572509402614859,0.6931920270771775,0.06029726616951244,0.21078561272716154,1,3
5f23e39538df,0.5774865920381023,0.10673464388734358,0.21258658763388963,0.10319217644066443,1,2
5f262d843e38,0.03555813326825241,0.5350053583065418,0.13491701391373406,0.2945194945114717,1,0
5f4a1c18f73a,0.35377072990370145,0.3360426102172694,0.11567937588812437,0.19450728399090472,1,2
5f68d62a53b2,0.10335565090499062,0.1932023924115732,0.09380267598078244,0.6096392807026537,3,4
5f71657bb13c,0.14866191214122654,0.2464174607660899,0.12401400832499439,0.48090661876768903,0,3
5f72cd51c9d9,0.1365672243225401,0.38663539532673763,0.219143707166816,0.25765367318390636,1,2
5f866897e480,0.8252326036740134,0.029420447298705573,0.09702895069160183,0.04831799833567902,2,3
5f893a168417,0.2129246681259713,0.2754073855852341,0.28876178866566854,0.22290615762312616,1,1
5f9127732aa5,0.4602097111970209,0.22402022396143395,0.18410868724223625,0.13166137759930882,0,3
5f91c6b4a523,0.42195718356698564,0.12282637229367194,0.4240383782712688,0.0311780658680737,2,3
5f9315239590,0.32931524246649374,0.1894179992705269,0.1572869007487,0.3239798575142793,0,4
5fcb8bc7513c,0.11857167927099176,0.4761717898458476,0.16485141079080778,0.2404051200923529,0,0
5ffacabcbf60,0.2715056985518601,0.18529200452436437,0.1632516297800296,0.3799506671437459,1,0
600ab69570f2,0.3158795468103769,0.21039310837363903,0.3941660038222585,0.0795613409937255,2,0
601e2cbcc9f7,0.44947590928601966,0.11220417145455905,0.3190235595324132,0.11929635972700821,0,4
6024ccb28c47,0.7079371450393352,0.051735277646977655,0.18751696418448807,0.052810613129199095,0,0
602ee70cb61a,0.33366129671959505,0.3410534180587228,0.14050189991123657,0.18478338531044564,1,2
6039f7ffcc5a,0.007341427840346385,0.7845873989175427,0.14922532135715288,0.05884585188495813,1,3
604e3942c322,0.3601756500353853,0.3323197946700072,0.13612203718015828,0.17138251811444918,0,2
60554eada6af,0.41183248816226126,0.08579199768127334,0.2968377198035223,0.20553779435294314,3,4
60582c2b6793,0.15135574623777073,0.42593772552601294,0.2051557832634052,0.21755074497281113,1,3
605a4e81d716,0.48083450381737863,0.11884838508580506,0.15550158756858568,0.24481552352823066,3,2
605f27e6f20a,0.22751520006135212,0.5863247098691504,0.16160496459863835,0.024555125470859047,1,4
6065262d57c0,0.13951787585468609,0.7287744224574968,0.057662340461379254,0.0740453612264379,0,0
606f749a9152,0.23415380369135047,0.32058385464592315,0.33572837424704033,0.10953396741568613,1,3
608311337d65,0.17538743103833263,0.3856114894309928,0.40702416143055326,0.03197691810012127,1,0
608c09cf07eb,0.31222213103350877,0.2176512624493381,0.27495248069399086,0.19517412582316226,2,1
60b01c86e9c8,0.2975440028647016,0.19198820283689846,0.36742391681483483,0.14304387748356506,1,0
60b307a1d9c7,0.2732264723256145,0.18975552583993568,0.20350723498287038,0.3335107668515794,0,0
60b889344085,0.36677916337370703,0.4333545169233354,0.13893221334775877,0.06093410635519878,0,2
60c6d93dbf6b,0.3301910460514592,0.22932487247394426,0.36630091354435523,0.07418316793024132,0,1
60cdc5f41222,0.08087625833440856,0.655894060011351,0.24190685859722383,0.02132282305701674,1,0
60e1338439e7,0.028683791759847213,0.8405803157297977,0.05123236461963497,0.07950352789072017,1,1
60ee48e72980,0.15034922285720673,0.4146452071413891,0.3882959573586184,0.04670961264278566,1,2
60f2bf33d1b1,0.30455932194281177,0.18238532849656955,0.09675436689102032,0.41630098266959836,0,1
60f874bde211,0.08955441484310002,0.35922078075169345,0.47710815008749424,0.07411665431771239,1,4
61007125e8a1,0.32964358682218686,0.23025397701940137,0.31005882364918774,0.13004361250922397,1,3
610b0e29d87a,0.3785036627227984,0.3435284125562857,0.22439424433065056,0.05357368039026532,0,2
6126faf783af,0.029029463263457247,0.8281938115672757,0.09203330455553767,0.05074342061372932,1,1
612db6880c2d,0.040469610223526145,0.7859014532159049,0.1560022433685654,0.017626693192003533,0,1
612ea5194007,0.14261260390581673,0.42128016816484726,0.32464707062597226,0.11146015730336382,0,0
612f28c33ac0,0.569315924975764,0.11577719777830718,0.25391879127694644,0.06098808596898244,2,2
6133f90e9453,0.32706676797727113,0.3051623905059235,0.32381642822782997,0.04395441328897549,2,0
614be300927d,0.12820944334036655,0.6660551139186751,0.1354563510495373,0.07027909169142102,1,1
616a679a7380,0.3093631735259163,0.4635145292252415,0.16555450472300073,0.06156779252584158,2,3
616ec28bcb52,0.06476221404524682,0.2917264170887817,0.35875193323929705,0.2847594356266743,1,3
617fdae2aaa1,0.5262305367771292,0.0764385484981437,0.16487760807666924,0.2324533066480578,0,1
618056db0875,0.3649316389992032,0.10100348414011677,0.3802548189523872,0.15381005790829277,0,1
6188756af06d,0.3066785926298508,0.3296511200446902,0.3295560684265992,0.03411421889885971,1,0
618e7671d9c2,0.06807457563974079,0.8625721763382549,0.04332364255207764,0.026029605469926796,1,0
619a6ab0ef11,0.6326663900243397,0.08309865604524644,0.1791478291879224,0.10508712474249134,0,1
619a7e7565ff,0.07184152340104986,0.690160308431348,0.20753732826484741,0.030460839902754784,1,4
61a2545926a4,0.14950118676530527,0.4114106541689404,0.3827117925584045,0.056376366507349875,2,2
61bfc6b7b0a8,0.1579979286507413,0.6218787624649111,0.132529732889945,0.08759357599440255,0,1
61ef666e618e,0.16668077485434998,0.3270838007912563,0.3501376689682724,0.15609775538612142,2,3
61f2e71f6a8f,0.37150416091663657,0.27427630234477257,0.21505675350758893,0.1391627832310019,3,3
61f60b0f22a7,0.6041912551770774,0.05516432522227861,0.304356351697568,0.03628806790307616,0,0
61f869d08130,0.6449739267915375,0.1522015419751183,0.08277845255297189,0.12004607868037236,1,1
61ff519046f4,0.2332465206758482,0.3353926883072259,0.32169355959394264,0.10966723142298324,1,1
620367287eaf,0.10291604711781262,0.5830837222205978,0.20919310312194975,0.10480712753963983,2,3
620c3af8a678,0.4541415715362783,0.034225562298074955,0.2881269905629758,0.22350587560267093,2,0
6216290b4e0b,0.07254654060903673,0.5582333808966521,0.23772546938233674,0.13149460911197436,0,4
622b22589a30,0.2001406580919021,0.5123208654028497,0.21078890986193388,0.0767495666433143,2,2
623fd21cb286,0.09244462106715161,0.5460377630653716,0.31335847869533934,0.048159137172137524,0,3
62416d8ec296,0.187218432267041,0.480815059029471,0.19258444988551654,0.13938205881797136,1,2
62428c0ca6cb,0.10977096962714214,0.4041022514597785,0.43965937677178984,0.046467402141289645,1,2
6262f05749d3,0.5398920319262916,0.09731918675957915,0.2841341939468085,0.07865458736732056,2,2
6263c19334f8,0.828674683899949,0.04499046052936551,0.07572549139833581,0.05060936417234958,0,2
62754eaff473,0.1321633454160141,0.5615996658493552,0.11090744057205243,0.19532954816257836,1,4
627a4fc2a0dc,0.13085327771239677,0.6107950005994387,0.22235900750364584,0.03599271418451884,0,2
628ef26663bf,0.07548943878733054,0.6028367887734639,0.23909414503508772,0.08257962740411787,1,4
628fc5a824bb,0.2047435554892484,0.4617500647674863,0.2514150137611436,0.08209136598212173,2,4
62afcd0adeea,0.2013765591566969,0.3770210521455079,0.36584374664782526,0.0557586420499699,1,2
62c027794523,0.030233623637044644,0.5769956854270194,0.3237431364682546,0.06902755446768144,1,0
62d6d024bfe4,0.049581630057477157,0.626134721676795,0.18940907216789737,0.1348745760978306,1,0
62ddc7a85907,0.6194493696385606,0.12100356140817103,0.147094240941041,0.11245282801222732,3,3
62eb85e2e37b,0.16744757750028508,0.472658558664692,0.23303262134313624,0.1268612424918867,1,2
630e1c371a8b,0.3231354315249897,0.32318741373226323,0.1681873416003026,0.1854898131424445,1,0
631509ad3765,0.15044224242943333,0.29406695921423937,0.10936493699243777,0.44612586136388943,1,1
6317840e9b47,0.049462487186418456,0.5531842022152162,0.09908430666994274,0.29826900392842254,0,3
63313ccf753e,0.520813734606778,0.08545327027348452,0.18529275641230356,0.20844023870743397,3,2
63343210e844,0.10209782407076132,0.7509571295648728,0.09384924639044936,0.0530957999739163,1,1
633ad3666fe2,0.8672162070433195,0.03678876541568807,0.07808339275407211,0.01791163478692038,0,4
6354129bb2c3,0.14740971268914618,0.27939932530500433,0.17651977243398786,0.39667118957186176,1,2
635679335416,0.11047093143878281,0.31336194496723346,0.40969546073345564,0.16647166286052817,1,4
635afb883b30,0.09984254281281635,0.49684360974305897,0.3625468023828205,0.04076704506130406,2,3
635d2d618260,0.05332824279679183,0.7694928191989066,0.1044062326289095,0.07277270537539222,1,4
637e273ff96d,0.14127569965316927,0.497923440011379,0.27844324099962586,0.08235761933582592,1,3
6395341ccdcf,0.0985247873150722,0.4406863879454014,0.3053360681146087,0.1554527566249176,0,4
63a1906b6403,0.7312861842143253,0.06318783139975417,0.08445725281168397,0.12106873157423668,0,2
63a5cd71557d,0.13482516216881435,0.653158433460575,0.02689215593058873,0.18512424844002184,1,1
63a95293c73c,0.5933653931935838,0.18810925470324452,0.14092192042652474,0.07760343167664693,1,0
63ba14ce106e,0.22819546968978668,0.2892897461141162,0.32253544899829323,0.15997933519780388,1,0
63ce3e6b048a,0.23024911334365997,0.3643116727836094,0.29641020020155867,0.10902901367117195,2,0
63de1ceb55b8,0.17790084969979353,0.5721119857422772,0.1580839394220009,0.0919032251359284,1,3
63e0c8d32ca8,0.3514389386392406,0.1733258162677731,0.42356684671395145,0.05166839837903485,0,2
63efba9a923c,0.2953453951525859,0.3057963829363121,0.3588150499629947,0.0400431719481073,0,2
63f0982859ed,0.24630776160223988,0.41504929967890264,0.22140997446962893,0.11723296424922852,1,2
6407edd84e3d,0.09509826048936806,0.41488408210358235,0.2750747742059134,0.21494288320113614,1,1
640fc90f4691,0.21472024617574756,0.2984164784218184,0.3794163895654214,0.10744688583701267,0,0
642ffa5c3a59,0.7412325394885954,0.05747403171652502,0.0699669665404149,0.13132646225446476,0,2
6441a00880e6,0.8900606865353429,0.027556114305016637,0.051001209142687444,0.03138199001695291,0,2
644889784a23,0.8301958030130251,0.045255229863531865,0.08113580711720274,0.04341316000624044,0,4
64566b44c452,0.16911209334953362,0.27230624533035847,0.29490321088215177,0.2636784504379561,0,1
645e83638252,0.5947414279910338,0.09087545136732679,0.26249802697647195,0.05188509366516737,0,3
646a81833c37,0.08916584548262878,0.2469615844599821,0.2808009116743083,0.3830716583830808,1,2
6480202c9a6a,0.033401963710040214,0.2579949768603058,0.6224718513256775,0.08613120810397651,0,4
6482765c23b3,0.8438316570299637,0.05902157146626154,0.04450401447941778,0.05264275702435711,0,2
648d90c47364,0.4361063876163153,0.3479816643350246,0.12931330295716945,0.08659864509149091,2,2
6493554b3069,0.39825629630055115,0.1667490711514181,0.23960356180480302,0.19539107074322778,3,4
64af5726691a,0.37555797108992406,0.1731512994716454,0.3401409835180092,0.1111497459204214,2,2
64c7b678ff33,0.0677462008922454,0.3448212911855646,0.3082273715593382,0.2792051363628517,3,4
64c9a942dfac,0.059614815758812,0.6983133104325295,0.19935347023566843,0.04271840357298993,1,3
64ccc691d5b8,0.6806075955242201,0.07120466627989297,0.20279443968780655,0.0453932985080803,0,0
64def9970a5d,0.1728990664036553,0.26886083852869475,0.4616310715637027,0.09660902350394736,1,4
64f0e6e828c0,0.11290293015213568,0.3745399120407592,0.4181609654673981,0.09439619233970693,2,3
64fe1afb0534,0.6689294286868461,0.05141228532029234,0.2043923654768778,0.07526592051598366,0,0
6517ef244d5c,0.11473939845113386,0.43052116529707646,0.10088446390146674,0.353854972350323,1,4
65442563a7ae,0.50863972671765,0.17672012902108056,0.17924561400174804,0.13539453025952147,2,3
6551dc773a4f,0.13630178342952443,0.3452037573885592,0.36393969303007145,0.15455476615184496,3,3
655298dad8ed,0.47375721008741534,0.24426687934922472,0.16942648528281473,0.11254942528054518,1,1
6556bcef1015,0.04568956521205603,0.279321307904467,0.48725639739804116,0.18773272948543576,1,1
6566073682bf,0.6411012901804387,0.04050231788615779,0.21559269734919098,0.10280369458421255,0,0
6568580bafe6,0.04706361717589263,0.7883953434062217,0.130106492698558,0.034434546719327455,1,0
6588e42c7051,0.33708081231204046,0.15220138318190796,0.22362452810165487,0.28709327640439664,2,0
659e18eb801e,0.6678765048969837,0.05745356471009002,0.1277011337975991,0.14696879659532708,1,0
65a9ac85fb31,0.36042731416988216,0.2946388770786747,0.2670557516641223,0.0778780570873209,1,4
65b2d542a83f,0.25183891461573216,0.4692473474585243,0.1852313958925428,0.09368234203320076,0,3
65b95a01d61c,0.3746825787554328,0.02630474593374305,0.1214968258319704,0.47751584947885367,0,2
65c91ba5fd2a,0.4118181189291125,0.24214694253455843,0.28375571718236825,0.06227922135396082,0,2
65e2a7b0905d,0.021822822767316827,0.5557587687884642,0.317503940791727,0.10491446765249204,1,0
65ead08a5f6b,0.16433324372908997,0.49502947962859845,0.11055601699733729,0.23008125964497433,2,1
66028624dad2,0.04416747848778111,0.08328186070158182,0.05924231228477173,0.8133083485258653,1,0
6618a84e2d7f,0.7215866181878932,0.09331993673644973,0.05880408522683784,0.12628935984881928,1,3
6626a3e68101,0.4911625778429995,0.1217624259660074,0.2670064482206722,0.12006854797032089,1,1
66541affb82b,0.03592823218188574,0.8002238187995008,0.1239787762275328,0.03986917279108069,1,1
6677528753f7,0.3900048375379088,0.17828216578733386,0.3347934543660176,0.09691954230873966,3,3
66a8b3010ac5,0.15758236320154884,0.14648823537594707,0.5949510438139075,0.1009783576085965,1,0
66c34b9e2573,0.45764700452725215,0.2887642067622049,0.13461494145005656,0.11897384726048649,1,0
66c8721f3b30,0.033465340533594436,0.8548593499135354,0.09361250295434037,0.018062806598529896,1,0
66dd033c1bb2,0.26516109519241404,0.30372175934071416,0.37121579205811056,0.05990135340876118,1,4
66f126a8db9f,0.6028909753000157,0.13378012078713855,0.2122960234615179,0.05103288045132785,0,4
670ad2fc8a1a,0.04608903384598591,0.6890170392777013,0.24951630340587083,0.015377623470442067,1,1
67196f1a10bd,0.057109951254789994,0.6857314941423259,0.2362836076265346,0.020874946976349465,1,1
6721bc35410d,0.44185759651596934,0.23588211109086418,0.29714558238999667,0.02511471000316995,2,4
67248a9a20b2,0.1384738685843741,0.5474778295888167,0.21435795996932638,0.09969034185748281,1,0
673e42f95093,0.5091330286261686,0.10675481790421842,0.21851673143236,0.165595422037253,3,0
673fa0edd187,0.7470482028798473,0.033509474738079754,0.10621610673725163,0.11322621564482115,3,0
675f6a17212d,0.12098051512807562,0.4612333630853722,0.12835283381186682,0.2894332879746854,2,1
6761361fb525,0.2741703545345081,0.5170919988226023,0.14102261490982707,0.06771503173306254,2,1
6764f0f90077,0.46330752751975085,0.32561192892301843,0.053595633873342215,0.1574849096838887,2,4
678c19bc184b,0.7159906941118767,0.07062172288210508,0.10454353373931968,0.10884404926669854,0,3
678ff202ffd6,0.222119711193103,0.26744166192662516,0.25623766207418386,0.25420096480608806,0,3
67b9fe4a0b03,0.3390679356291729,0.2230512544320089,0.27428493247201574,0.16359587746680254,0,3
67c36705aa1d,0.3845834350921221,0.158958083591172,0.2754307228956922,0.1810277584210136,0,4
67d55d17a48d,0.030914252837276245,0.23300912488342357,0.11921524495717123,0.6168613773221291,2,4
67d896636fe2,0.3643473829087787,0.2041128839065516,0.26033167121870937,0.17120806196596045,0,1
67f18795f1c0,0.579718802354116,0.08956187243607472,0.23426454749182363,0.09645477771798558,0,4
68370c4bcdc6,0.575353211900018,0.2910894523850606,0.11863026328625469,0.014927072428666649,0,0
6845d1fb4095,0.15573745032763225,0.510423911093149,0.11542944335885955,0.21840919522035931,2,4
686012381df9,0.492560757987919,0.24236241135110045,0.20625060638259426,0.058826224278386324,0,4
6863735553dd,0.3975789847756268,0.15398340026597582,0.3125223043247667,0.13591531063363071,1,2
686de7618a36,0.3741532644707955,0.18497685690406743,0.2800222098150745,0.16084766881006263,1,0
68711c5bfca0,0.8173428590681827,0.10165550603761742,0.0426119340102169,0.03838970088398287,0,2
6873d2c34118,0.8501720794746701,0.03348158828722756,0.101084791934347,0.015261540303755388,3,4
6884d06dc7dd,0.24492219452393033,0.3632592110644877,0.2895766656743519,0.10224192873723002,2,0
688b9316db30,0.1582307330766123,0.6560191075931023,0.14495703278757033,0.04079312654271504,1,1
68912f28a690,0.9072884228739844,0.019222788403142364,0.05107390758472809,0.022414881138145208,0,1
6891e96a910e,0.28700422500103745,0.27353571256685505,0.3055586556700235,0.13390140676208412,0,1
689e8924cae3,0.8232672556463057,0.04906437884933085,0.03570311674198711,0.0919652487623765,0,2
68a7d37d581f,0.05802724775135038,0.6520829363727085,0.1802837512781711,0.10960606459777003,1,4
68a889e685a3,0.14022168298279045,0.6759338873199016,0.15821042656906953,0.02563400312823848,2,2
68abb2be3ba4,0.023710527331765912,0.5209206517295182,0.4258907480739478,0.029478072864768196,1,1
68adf82510a6,0.2724122730941656,0.4686841965004859,0.1474371433045259,0.11146638710082273,2,4
68b2e448f6ec,0.5637853723180535,0.09624584239418323,0.2601228393554349,0.07984594593232824,0,4
68be8460c512,0.21616132202811905,0.3560117382336685,0.25927058978384904,0.16855634995436344,0,3
68d167b7ed15,0.8300181581888231,0.06290026282010112,0.08061616754784413,0.026465411443231647,1,2
68d7d715efe4,0.5892603073317211,0.09927514434271224,0.18012055966714616,0.13134398865842045,0,3
68d9575beb22,0.4427447901257955,0.27547151326234137,0.23424968824742393,0.047534008364439315,0,1
68da89574353,0.09595974996583777,0.0770339364629491,0.10739571885841334,0.7196105947127999,2,0
68ebe7eadfc2,0.5501789632541866,0.2607137622779792,0.14431090250745576,0.04479637196037845,3,4
68edcbacd401,0.5556251977553965,0.06753978691738151,0.32232295598198984,0.054512059345232185,0,3
6909e8b953a5,0.1446924786444061,0.3318508424640232,0.5105790400937176,0.012877638797853004,1,2
690e42810486,0.6964479993258528,0.12599345604016282,0.11318547007712852,0.0643730745568559,0,2
690edf59a68d,0.05287249198680714,0.7515765996400917,0.11627516603183358,0.07927574234126769,1,1
6915678cdfd0,0.1125551576530578,0.4332745357255104,0.2615327858775063,0.19263752074392546,1,3
691577f28973,0.716308732185466,0.018844307438535695,0.03653739135262733,0.22830956902337093,2,4
691a323878a5,0.013543126866009683,0.5535738236727993,0.41448032064283263,0.018402728818358447,2,4
6936f4616519,0.13007067620879825,0.17716676444350418,0.6129576265204298,0.07980493282726783,1,1
69584c7bb3f0,0.5338999622447358,0.10273950605674237,0.31126704945108885,0.05209348224743288,0,4
695e7da261a2,0.06040068166385119,0.7880927370791562,0.09523484613127105,0.05627173512572157,1,4
696814af65d5,0.030535285424095546,0.7595366821691155,0.16991193552517525,0.04001609688161381,1,1
698ec439ea71,0.1646727660992808,0.29701679893665556,0.3631766192274493,0.17513381573661432,2,0
69900354fd02,0.09432073560606413,0.8001449199373399,0.06632861965071332,0.039205724805882525,0,3
699611aaa3b0,0.23427530692998777,0.25168651264157277,0.32513188869242055,0.18890629173601906,0,0
6996bc393596,0.04899994411131167,0.6883981949579624,0.12119590855268846,0.14140595237803738,0,3
699f119d8555,0.0911534338336359,0.1256806363101981,0.028136189651452457,0.7550297402047135,1,4
69a933e0ed96,0.2799625993692003,0.3431841656277235,0.23717989431031195,0.13967334069276421,1,2
69aa502599b5,0.21538837993261065,0.22015236093731658,0.4858646855243904,0.0785945736056824,0,1
69c0923dac41,0.23389757169841074,0.18610629434393014,0.21486436193342984,0.36513177202422925,2,2
69ce4e6043bb,0.2957692478458541,0.37564777963807183,0.15861716727176212,0.16996580524431185,1,3
69e33b894532,0.4717616697756727,0.22979036464279928,0.23410645788043039,0.06434150770109762,1,0
69f1fef9ba01,0.14036180880735258,0.38513568496280826,0.21177663417018178,0.2627258720596574,1,4
69f2bd2ac9ae,0.22397747236021676,0.4484517581660528,0.2024071215662423,0.12516364790748827,1,3
69f765c5e52f,0.09010188870012577,0.14741513803604725,0.03152529826084719,0.7309576750029797,0,0
6a034051a411,0.05957757567875644,0.8284151016538147,0.07001769592511313,0.04198962674231577,1,4
6a11242aa493,0.16643496311604858,0.3412275276296024,0.39139166417354687,0.10094584508080229,3,2
6a160adfe649,0.01682459759873625,0.8594730769338759,0.10989474356071334,0.013807581906674554,1,1
6a280e4917c1,0.008230729530413804,0.9082968246703993,0.0450185624727145,0.03845388332647245,1,0
6a3350b438d8,0.15143106372193135,0.3211440470412054,0.16092567542896938,0.36649921380789374,0,0
6a41fee76a05,0.2894982690076083,0.30662237991822927,0.23949652948664496,0.1643828215875174,3,2
6a5a23f659e2,0.16564387557454135,0.3393001296315289,0.3192693458559123,0.17578664893801735,1,1
6a6071a3d542,0.17291313128286334,0.6591421432575685,0.0716478808149497,0.09629684464461859,2,1
6a69771d343d,0.1906958249713545,0.3366801095486722,0.3746916198553551,0.09793244562461824,2,2
6a80b8290f19,0.17010456013432515,0.25484535679485404,0.5032798831214776,0.07177019994934318,1,1
6a91cf79b14b,0.08455279450260783,0.4514347901677974,0.3115953405851171,0.15241707474447755,1,1
6a9fa7dbed7c,0.35670768273373593,0.14914305323513605,0.3373520321044701,0.15679723192665795,3,1
6aa858b14f3a,0.268729025131622,0.3299256068071427,0.32853551047795065,0.07280985758328466,0,0
6aaadabe4cce,0.07890185597712056,0.6777457649891762,0.20155467330512705,0.041797705728576245,0,3
6ab55b9459a0,0.6089622740808367,0.20467562595572575,0.16283526316515437,0.023526836798283317,1,2
6ab6283bd80f,0.18562411889731142,0.35521102934636567,0.3795621411337109,0.07960271062261196,2,1
6abd595dc9ac,0.22128000368354803,0.3909291190529797,0.14804171693779525,0.23974916032567703,3,2
6ac13e0b0083,0.05820288172450584,0.6562492757120737,0.17834570673303848,0.10720213583038193,1,4
6adfb7a6ead6,0.0646401791117591,0.5004460519016802,0.3862301591538354,0.04868360983272531,2,0
6ae0779efffd,0.22476336962436744,0.37516639957060727,0.3373430908908314,0.06272713991419392,0,1
6ae8a88c4b0c,0.06923845299997401,0.156547071571807,0.11708835051445783,0.6571261249137612,0,4
6af84ed188fa,0.008591962872397742,0.8413291005490119,0.13626733842066752,0.013811598157923084,1,4
6b02afdf2444,0.17083853064463433,0.6822841481821027,0.06196330766130985,0.08491401351195307,1,2
6b08e639593c,0.7371392884766624,0.08299985795081122,0.1290064654716658,0.05085438810086059,2,0
6b16f7f2065b,0.1516528180739118,0.21320269262589914,0.5220298956774709,0.11311459362271808,2,3
6b20523f5b0c,0.43095400651700644,0.3246394269613382,0.14316389791107842,0.1012426686105769,0,2
6b25cd407849,0.09093883277152388,0.6425477700628257,0.13141105934758435,0.13510233781806608,1,3
6b2ca1539348,0.029162371443103272,0.46029692203986955,0.42950152186453283,0.08103918465249431,1,2
6b35b67f1608,0.4518458712809763,0.09137820668477946,0.1324606971196501,0.3243152249145941,0,0
6b3dd41dcac9,0.5746290091694037,0.038152556999824554,0.35066171397423923,0.03655671985653256,2,4
6b50ada2cbef,0.34036488616384125,0.047475443977981785,0.07383160437890421,0.5383280654792728,0,2
6b9b82594fcd,0.3555177137952672,0.3806027494497718,0.20760459603137313,0.0562749407235878,3,1
6ba3acc30c1a,0.6293375514639323,0.08804386415127043,0.1777132720330543,0.10490531235174297,2,0
6ba5b0037757,0.8454019307651065,0.03382386697593523,0.07366884158090328,0.047105360678054854,0,4
6bb07353d102,0.4824112369534818,0.13576374902500893,0.2732281706545458,0.10859684336696344,1,4
6bb38a2b98f0,0.17771761261003677,0.3514223177010726,0.23777128188011754,0.2330887878087731,1,4
6bc01f9a44a5,0.017183835393426595,0.8105780515851592,0.11933993225160049,0.052898180769813695,1,3
6bcea66a71ed,0.33650044058583345,0.4026128082573904,0.18004414955578874,0.08084260160098747,1,3
6bd25e34b9bf,0.44792761144453697,0.17256186072627908,0.2420927470809827,0.1374177807482011,2,1
6be8198c605e,0.4711700030340428,0.08885715327140083,0.26731108468761483,0.17266175900694167,3,4
6c24f49a9da0,0.7481714581587738,0.06915675800572527,0.1553817244961219,0.027290059339378937,0,4
6c30f2ff1a9f,0.3022285334861307,0.5058971804158853,0.13283046482527638,0.059043821272707665,1,4
6c38af5d08ab,0.41129516144478406,0.42659092345555494,0.12504109245507392,0.037072822644586986,0,2
6c5894699b1b,0.3688625793708183,0.35849094989904945,0.2636168053217116,0.009029665408420479,2,1
6c7342c4e585,0.14152034394503427,0.45284400830558313,0.2257107380529804,0.17992490969640218,0,0
6c7422f3cd88,0.555428140840612,0.15901157335443955,0.2394592889818068,0.046100996823141595,2,1
6c78db9456a5,0.15981854416844612,0.38995874300375555,0.058496407748042586,0.39172630507975587,1,4
6c8f1d37069b,0.36422959288860507,0.1808377570074573,0.1489043674184954,0.30602828268544213,2,4
6c94a17753d5,0.8667105480612388,0.022365297555376747,0.0488173898715285,0.06210676451185599,0,2
6ca510d3e776,0.2708818191779181,0.48430150786977827,0.17572540300956033,0.06909126994274334,1,0
6cad5f4723bd,0.3068013033144134,0.3376672247418826,0.2872705405860105,0.06826093135769348,2,0
6cb62181e4d4,0.12044211781665769,0.5136985550105797,0.11598461853736723,0.24987470863539538,1,0
6cd0d5caa9b0,0.14099933324629246,0.46809573734886756,0.309339324966963,0.08156560443787687,1,0
6ce204b37e48,0.2837241614193917,0.3212081332317465,0.3175507058162437,0.07751699953261812,3,1
6ce2a9142829,0.444830504206702,0.11934933339977766,0.19392305840326354,0.2418971039902569,2,2
6ce6dde1c9a9,0.6281924097960572,0.11811387328413046,0.15183343261658266,0.10186028430322965,3,1
6ce999aa308f,0.4050253903415726,0.4627142001675278,0.04929235628630208,0.08296805320459752,0,1
6ceafcc1bebd,0.04837844498289875,0.6122580255120736,0.2985257981337686,0.04083773137125909,1,1
6cef85af3be3,0.12402222453086305,0.7863001522898232,0.06608498354709512,0.023592639632218537,1,3
6cf1c5a113d2,0.01058514892477682,0.8758292698125844,0.048181295550363774,0.06540428571227506,1,3
6d0e33569c4c,0.3326985035239519,0.42828768070696643,0.20804025364562032,0.030973562123461435,1,4
6d10dfb48a68,0.0865179413784186,0.3339998483283734,0.35155831985527103,0.22792389043793695,0,2
6d172472504c,0.006604682390347664,0.9133990148718754,0.05482213177425997,0.02517417096351701,1,4
6d3dfbb13276,0.7163238800432538,0.055385093485315284,0.09464203600564924,0.13364899046578166,0,3
6d6965af3f63,0.18656151371369042,0.39240438823545304,0.14576793761744447,0.27526616043341195,3,1
6d735565d5e8,0.14101573027464054,0.19874252442323467,0.594726997451631,0.06551474785049381,2,1
6d7efd97265f,0.11742668241420288,0.7306552025570581,0.12855868382692867,0.0233594312018104,0,0
6d83b6774b0a,0.19827892539372338,0.2738396851407191,0.3345932534473733,0.1932881360181842,1,1
6d918a401365,0.6556209218236018,0.06406746383370765,0.22389384201465243,0.05641777232803812,1,2
6da07da4db19,0.5280788070635166,0.09278805003485928,0.06858858683431718,0.3105445560673071,0,3
6de130752a73,0.09451848110186098,0.40463821390510113,0.457295544195439,0.04354776079759879,2,0
6de88cb78697,0.2833784198580351,0.21248288600521664,0.2744875787993706,0.22965111533737761,2,1
6df28558048b,0.10367445497484436,0.2910839072216101,0.5214980587996443,0.08374357900390131,1,0
6e1722a9f612,0.1446418189231093,0.22622173314887664,0.37275327468691044,0.2563831732411037,1,4
6e1af908f926,0.06005158570199797,0.6801950717150452,0.08739568835644566,0.17235765422651111,1,1
6e1e6e1f06d8,0.46077126458187323,0.12097659104196497,0.15716396727463736,0.2610881771015245,0,0
6e2036e14c7f,0.09349178340106283,0.690304214059328,0.0972536330766572,0.11895036946295207,0,0
6e2814381ad5,0.07346807812161138,0.34167167374725643,0.5227575050806944,0.06210274305043788,1,2
6e397c1d4ad8,0.05937912502110657,0.3921410260384223,0.32788070892096227,0.22059914001950892,1,4
6e3e83089363,0.05397347770270777,0.730781514937399,0.16643093415456345,0.048814073205329815,0,1
6e4a0581cefe,0.20236775420626518,0.4835582032314957,0.2820954781910678,0.03197856437117142,1,0
6e550fa78c6d,0.2095420484166709,0.23515253631677058,0.336763770148203,0.21854164511835544,3,3
6e63af9d6140,0.13999023889200085,0.41831126189954304,0.2976465090732306,0.14405199013522565,1,1
6e7239f0b71e,0.14124458890382405,0.4583269180668789,0.27804975421700795,0.122378738812289,2,4
6ea453b90c6c,0.3148813122677609,0.27344900272296246,0.2779976084910395,0.13367207651823695,0,4
6ea8cbf6da87,0.7139028517664487,0.07480988215409644,0.18181432135996087,0.029472944719494045,1,2
6ead8a34ec98,0.03421201303924812,0.6148447096052584,0.284735841362418,0.06620743599307546,2,0
6ebb85e3ec55,0.22120787852311127,0.28289851875437083,0.3715611643787622,0.12433243834375561,1,3
6ebc9d6383f7,0.1630559303377929,0.3508268579161008,0.3108849350038328,0.17523227674227346,1,0
6ebfc762aa01,0.3082481022373423,0.3256283759675876,0.15088076451691637,0.21524275727815378,1,1
6ee4d806e567,0.7524038330112824,0.049527235523496284,0.051665320996717286,0.14640361046850398,2,0
6eec41aa515e,0.43449317930868186,0.2790425707072359,0.20708311626814574,0.07938113371593632,0,2
6ef10ae3338c,0.0653332653656631,0.8076618019056986,0.09527427114829423,0.031730661580343836,1,4
6f080807353a,0.2225938007444292,0.1800477615265264,0.43348461092235885,0.16387382680668564,1,0
6f0a11450459,0.08098491922498155,0.33813578829332774,0.17545690476446907,0.4054223877172216,3,3
6f29d576794f,0.41150150552959186,0.15867927130833556,0.30589971013004436,0.12391951303202818,1,1
6f2af770938f,0.0648467347971259,0.8599849618504034,0.04147344072848306,0.03369486262398782,2,1
6f2c498c1bc1,0.26678035244113424,0.5225127900437891,0.09415010304789245,0.11655675446718429,1,2
6f43b168f0c8,0.195261395064413,0.1616121312509723,0.31778869878954386,0.3253377748950709,0,1
6f60cbbdff62,0.12028063630552151,0.6799847849878078,0.09674116251376333,0.10299341619290729,1,1
6f6170503ca8,0.32725984582359047,0.33479019822170836,0.26423331983345705,0.07371663612124407,2,3
6f640d05c3b9,0.06931564264820596,0.8525082215845488,0.04094039767366984,0.03723573809357534,1,0
6f6cf201e2e9,0.2006653900645886,0.22783567916313527,0.3760718474825502,0.19542708328972602,1,1
6f82787b77a9,0.24808850546294356,0.10090733752303858,0.4822563905304737,0.16874776648354423,1,4
6f88ee365a75,0.1927795124082491,0.451371991456931,0.32330031967481787,0.03254817646000217,1,2
6fa9fa493dd8,0.681343069445865,0.027954435483825438,0.21421948601255894,0.07648300905775059,2,0
6fb902bf498b,0.4779574252395997,0.298043476259023,0.12119188126382453,0.1028072172375527,1,4
6fc05a848fc4,0.049602033350647536,0.8435734696636404,0.09287059206234631,0.013953904923365667,1,0
6fc7c54a65f0,0.23100137736515408,0.380286713005472,0.22203362726027928,0.16667828236909457,1,4
6fcd121e2158,0.16015753556845921,0.36559726041205937,0.2289643672324226,0.2452808367870588,0,3
6fcfdb41c627,0.07859066199695182,0.6867057539648843,0.14724256438754213,0.08746101965062177,3,0
6fd699f5e287,0.21411896531202187,0.4392879546706925,0.16375246537060162,0.18284061464668397,1,3
6fda1242f5e1,0.18370392740823493,0.35620110251629294,0.39288108524938725,0.06721388482608491,1,0
6fdb93227268,0.17728045637834242,0.37537130428280396,0.25912379362180743,0.1882244457170462,1,1
6fddebe03b95,0.02116367703106261,0.867786098282559,0.05392793540945193,0.05712228927692651,1,0
6fe13adf23a8,0.18490809528770943,0.6034879880150132,0.08624106943840655,0.1253628472588708,1,4
6fe5d9760641,0.534444639058356,0.2218201729661593,0.09466739714933746,0.14906779082614718,3,4
6fecf0039e87,0.31138749750130695,0.3903238133185513,0.22316144098668467,0.07512724819345709,1,4
6ff3619ba762,0.02457420675892602,0.8089732649928915,0.14794514284633886,0.018507385401843462,1,2
6ffc47a55a89,0.24700763138003656,0.32369650603122413,0.28524760506878716,0.14404825751995218,1,2
700f8b64c2b3,0.16939627190646223,0.42854182310746414,0.21973022187266478,0.18233168311340894,0,4
7015d3f8ad97,0.4550899593744911,0.2671157741814061,0.19268953912262538,0.08510472732147754,0,0
70181e40a550,0.643641178417263,0.16516935033580296,0.06916423709939828,0.12202523414753573,1,2
7026a1d06acd,0.9390844731343582,0.014407695271455656,0.019566934773466396,0.02694089682071976,0,1
703862f77abc,0.24291186210428548,0.3897617748125582,0.0684716536372105,0.2988547094459457,0,4
70506829e724,0.2778974005731383,0.2912366588544064,0.1424500984105529,0.2884158421619024,2,4
705ef7c40475,0.021968650235400962,0.7085544575486228,0.18435497846207585,0.08512191375390026,1,2
705f6121d2bb,0.0511618696263302,0.5397600752416385,0.39275954686626413,0.01631850826576717,1,2
70623a0fc6da,0.11623351781198507,0.6736736077719461,0.1525216043641101,0.057571270051958806,1,1
7064f1df2a5a,0.07925322971186412,0.5331299916859517,0.3523427233584613,0.03527405524372308,1,1
7082bf0562c7,0.298390006133218,0.2197808683366293,0.3536621229392115,0.1281670025909411,3,1
70885f674bb7,0.09819269772901715,0.3315724857795409,0.385478740998743,0.18475607549269876,1,2
708fe734309c,0.014212718425515922,0.7933073447388838,0.12387911981389026,0.06860081702171021,1,4
70946a30bc87,0.22349480341771255,0.48812136729797256,0.2467505006776704,0.04163332860664453,1,2
70968f0162f7,0.36048602369351823,0.1406818766783097,0.3093504849736879,0.18948161465448435,3,2
70997208bbc3,0.36884710337974974,0.21059375875619335,0.3383263798488851,0.08223275801517174,0,3
70a770a53304,0.08680742786322516,0.2811126011116292,0.5201361022557214,0.11194386876942408,1,4
70bf1155c5c4,0.4150234650569735,0.17916491697315767,0.10315827112635581,0.30265334684351286,1,1
70c36a2a918d,0.06228443539762305,0.42246887131223443,0.4512460201051599,0.06400067318498255,1,2
70c5a1b111b9,0.04485311601957486,0.5581321669952684,0.09799626437037458,0.2990184526147823,1,4
70db5f349b02,0.48919494761974486,0.044635238461395735,0.13114192363722338,0.33502789028163604,0,3
70e4e4031f99,0.13924956084342588,0.33672541224579233,0.37950315683542324,0.14452187007535844,0,3
70ff97e1af81,0.07110186553971094,0.4270034994886655,0.4019555815360619,0.09993905343556168,3,4
71043aaa32c1,0.05881910257945557,0.621303898637455,0.14801455703981134,0.1718624417432781,1,1
711e04fc0ec1,0.3568862659429549,0.32863384242760485,0.15580872428123313,0.15867116734820721,1,2
712a74acd2da,0.22180713899244858,0.21206713711181224,0.45549702502080247,0.1106286988749367,0,1
713c1dacba37,0.30172895776181263,0.07937311343750897,0.5499912000670006,0.06890672873367773,0,0
7143ac3d6c02,0.5373195723434209,0.07460216672904846,0.22197751879861005,0.1661007421289208,0,0
7145f6e09e86,0.7322526687309857,0.07190589894457587,0.12896305981667394,0.06687837250776453,0,3
714f28824757,0.09654096357946536,0.36293592280170633,0.4234484290167763,0.11707468460205198,1,3
7154fd5f147c,0.357311552497485,0.5257280755212482,0.05647354911048023,0.060486822870786626,0,3
716d94e2d49c,0.3710758531089497,0.2011006320330351,0.2208445011700459,0.20697901368796928,3,3
717649076168,0.10963560223308713,0.47108123838154353,0.1859538283583915,0.23332933102697795,1,1
718e884695bc,0.39278207590228575,0.28449886672071945,0.22918014662099184,0.09353891075600305,2,2
71d1bdc6e89d,0.15619574169582426,0.44351481261964576,0.2724797868064014,0.12780965887812873,2,3
71d4e9b630fb,0.22187993689202506,0.5756347536160189,0.13809232451056228,0.0643929849813937,1,2
71d83087844c,0.29998551610262164,0.1208334079071254,0.1995954281021331,0.3795856478881199,0,4
71dad6eccd07,0.01944361131017615,0.7991420979706432,0.15849696718227999,0.02291732353690074,1,4
71e052c9da68,0.25190023295532127,0.14690166232766724,0.48120861257935277,0.1199894921376588,3,0
71f56b6a5589,0.011007584354483993,0.7303482089155346,0.23512014153615096,0.02352406519383037,1,2
71fb5ea71283,0.5096221834929662,0.10147398495213872,0.09514196360673145,0.2937618679481636,1,3
72044bb44d41,0.05300496650546949,0.3881271812675707,0.34853590081778424,0.21033195140917557,1,0
72096a738cea,0.061633925612081954,0.49881364224528807,0.38263008347752314,0.056922348665106856,3,0
720fb67abb1e,0.26691071838786906,0.22836997172349455,0.42718857713496333,0.07753073275367317,1,4
7213dcc54526,0.28031396243276074,0.18809146084632936,0.5130848654777717,0.018509711243138258,2,4
7222149ad319,0.1722461261712633,0.4814081085248217,0.27393436115587555,0.07241140414803944,1,2
72307dd985e6,0.2049865974409648,0.22577506310135828,0.04250593982041805,0.5267323996372589,0,2
72425b393845,0.1263255595156648,0.2477253365842606,0.12173203201660494,0.5042170718834696,0,3
7249de10ed69,0.10089243691256591,0.6937435930241995,0.14874325882545145,0.05662071123778314,3,4
724d6bc409ed,0.9076479609966057,0.018998072715843712,0.04525441967697263,0.028099546610577876,0,4
72514d63484f,0.2015657725924524,0.5415949122110084,0.20540826007862673,0.05143105511791241,0,2
726c53df6609,0.4708729214558964,0.2894429833855904,0.08595256691063916,0.15373152824787412,2,3
726e81c6c735,0.5554609353363114,0.15509319182772457,0.17753461364410564,0.11191125919185849,0,2
727cdd8777b6,0.05147947253550684,0.7290095775578965,0.1828159846742596,0.036694965232337125,1,3
7282d136726d,0.8502006516309766,0.037557619159326844,0.061528113429584384,0.05071361578011219,0,3
72844dad85ba,0.1539349201704709,0.6743229261356032,0.08397730847280518,0.08776484522112059,1,0
729a96c67c8c,0.0235209970522143,0.9090540895626089,0.051208929865449025,0.016215983519727657,1,3
72b5ff80fa42,0.3804497658825074,0.18641921432316422,0.29688482206247935,0.13624619773184912,2,1
72c48e3d0100,0.12738998647639774,0.35855086926337,0.38002077852468097,0.13403836573555117,1,4
72d02af1f658,0.04382110501199946,0.6163920352698335,0.3039356402412031,0.03585121947696382,1,1
72f57941bed3,0.251725043162985,0.17102109515106867,0.16933795625908096,0.4079159054268653,2,2
73049129c53a,0.07040349326152785,0.4216854447644339,0.34877963078071156,0.15913143119332657,1,3
73077ed6c5ca,0.22124195307884476,0.3855134517926109,0.2860071144600885,0.107237480668456,1,2
730aca6abf73,0.2678359505957781,0.27954348679319957,0.3086649400238266,0.14395562258719577,2,1
730dde2edfc7,0.3286783924661188,0.233246985392078,0.21921648847354827,0.21885813366825485,1,1
731f38a54d39,0.22664986448229107,0.2238994765067218,0.4681987638772082,0.08125189513377885,0,0
7320a49281fb,0.3763516832328658,0.33656340862343326,0.2562209693583382,0.030863938785362727,3,0
7322960be0a9,0.7087553553934417,0.0973750938797601,0.08137245854015632,0.11249709218664182,1,4
732475ef8c2c,0.0993364946724396,0.576732364458592,0.14764181316230662,0.17628932770666178,1,3
733ed3e2cf92,0.33913603180068774,0.09522494249899167,0.209851662413782,0.3557873632865386,0,2
735523d1689e,0.5527575855760722,0.17151907981700623,0.22941951127300736,0.04630382333391416,0,0
7359a4fd6f06,0.06177046701686719,0.7299259573620701,0.17882064672719286,0.029482928893869848,1,2
7367c35f74ba,0.8876270741860974,0.03743023833385513,0.06225768174135202,0.012685005738695437,0,3
737a25e956f4,0.7555167384816801,0.07028415690061686,0.08993407756533947,0.08426502705236363,0,1
7397c44412f2,0.05690961145089528,0.6452440269172711,0.2498068521687167,0.0480395094631168,2,2
73a7ea88d1c5,0.21057389292929626,0.23588804052880705,0.5210212234288366,0.03251684311306015,3,0
73be9646a914,0.13473115420531973,0.4972467126088672,0.28569111738462183,0.08233101580119127,2,0
73c516bcab83,0.1836973437748786,0.4525055030549896,0.25187165413040746,0.1119254990397244,1,4
73cc509a84f7,0.18819821485977667,0.5110907431271304,0.210214504060378,0.09049653795271492,2,4
73daf4596bf7,0.042142457273881204,0.9221695737501401,0.008640037139455816,0.02704793183652288,1,0
73e3912f1d29,0.652167083452069,0.13356440123238478,0.1276618258136518,0.0866066895018944,1,4
740b0dab33ca,0.2916654394131039,0.22933021339365198,0.35932542543275603,0.11967892176048815,0,2
7416b5cbc531,0.036276944312334664,0.8246908605845373,0.12404139116656834,0.014990803936559773,0,2
741b969bba80,0.030167027299864223,0.8486837803251068,0.0911437973857513,0.030005394989277755,1,4
742a1e1fff0f,0.21467862381276406,0.22965048580419006,0.19129358357838425,0.3643773068046617,0,1
7437ebff0c0c,0.1942005049270746,0.30731652526749653,0.22816195295849892,0.27032101684692994,1,4
7442e4e2cbd1,0.6697005811495864,0.08144925871328251,0.14719115419569806,0.101659005941433,0,1
7468e3ccba55,0.05539881929159998,0.5570173735826862,0.34181640257209894,0.04576740455361487,1,3
7474d005a422,0.06210478356028616,0.8591104855713672,0.06969335734638626,0.009091373521960372,1,3
7475f784d4a1,0.03529988791277476,0.7185489409527926,0.1582245156022653,0.08792665553216739,1,4
7476f5857c35,0.02041753466037464,0.8986626516628499,0.06130182929299336,0.019617984383781935,2,4
747702a0bbc0,0.36665770905453887,0.2900986239067902,0.286505589723751,0.05673807731492,1,4
747af914db5f,0.45141104153860323,0.219322450724146,0.14787480215896429,0.18139170557828657,0,1
7493e758bb52,0.3694837597394211,0.2206868141110991,0.24796186090224334,0.16186756524723644,1,3
74968646f9cc,0.13919728235176865,0.49303732395633765,0.2577472640143932,0.11001812967750058,1,1
74a87565a547,0.18889217808950554,0.4232186664840591,0.20101857297376538,0.1868705824526701,1,1
74ac2e1f23bf,0.33581245447017816,0.1096520268584094,0.3594884796550188,0.19504703901639353,1,0
74b07ad32cf1,0.46995236688157654,0.21981192141569528,0.25716099664410114,0.053074715058627084,3,3
74d11c0c0ea6,0.2142299723022053,0.27473416986833976,0.420654155022914,0.09038170280654086,2,4
74dbd8125c6f,0.24345191337020425,0.19597020830116307,0.1606164964611439,0.39996138186748886,3,0
74dc38d75151,0.7065561025807355,0.0770798207618891,0.13769368339878008,0.07867039325859523,0,4
74ebe8edda5b,0.37528015506954515,0.44344063101143333,0.11210607188132214,0.06917314203769927,2,3
74f757451b08,0.08765487380994888,0.4330575266811902,0.3624544604601927,0.11683313904866818,1,4
753ee89d1fd6,0.04724653154519088,0.6243119977707863,0.2108751997644046,0.11756627091961826,2,2
754759f9a637,0.2708144644206082,0.36684301724994034,0.23458111193408113,0.12776140639537026,2,3
755469264a39,0.21735645801682815,0.5249910357435988,0.22646149767314291,0.03119100856643021,3,0
757db9bd51a1,0.1690529748382763,0.402688882845941,0.3230362282129077,0.10522191410287503,2,4
7585d5f73457,0.659341636095749,0.12644790388638644,0.17446693678591324,0.03974352323195127,2,3
758eecca893c,0.12039862516602252,0.4600689869483616,0.31401302857992147,0.10551935930569435,1,2
759a8e5cee9d,0.07365632145219474,0.6050541160177194,0.29385531400090087,0.027434248529184933,0,3
759fdf1aaf08,0.5966603607951791,0.16370300636536153,0.1686728898624253,0.07096374297703405,0,1
75a00272c6cb,0.7756221383530385,0.10497662956082027,0.051449011323664966,0.06795222076247642,0,0
75b33f606cf5,0.741277665622423,0.056879364282942296,0.08009600656345002,0.12174696353118457,0,3
75bb6e197bbb,0.16054060206936702,0.6691685338148464,0.08721367396197376,0.08307719015381271,1,3
75ed74f9f238,0.3260409862879264,0.10132028735889649,0.4307027849612023,0.14193594139197485,0,3
75fc2de53d2b,0.8164619908000139,0.05939891962043825,0.05968469892152779,0.06445439065802001,2,1
75ff9d63f15b,0.7404399496764852,0.04020903248379321,0.09182771874996339,0.12752329908975818,0,2
7607adf7450a,0.11443584210413121,0.43514518669694313,0.3052855579384745,0.14513341326045118,1,0
760a7a9bb2a1,0.09334150439832001,0.40979995245649586,0.4389965154073761,0.057862027737808054,0,2
7610dab485fc,0.06642753173936222,0.3072825457715067,0.41153358949446756,0.2147563329946636,1,4
76122cbd97f4,0.04158060536240461,0.6102493070228711,0.12781218481096585,0.22035790280375858,1,2
761d01ff68fb,0.5347083662742551,0.0907679913135928,0.13880457608616517,0.23571906632598702,2,0
761f0f4ecc85,0.08250527937416288,0.23296539320539475,0.34219265559785833,0.3423366718225841,1,3
76519081a45f,0.04665189973767719,0.7479777212409282,0.10392911578398092,0.1014412632374139,1,0
7654fff4b24c,0.017039511183536776,0.9384894867653565,0.02602034346810471,0.018450658583001937,2,1
7664ec8a8a19,0.19385853663005495,0.18638102343636942,0.5377205370882466,0.08203990284532901,1,2
766dc0e879de,0.24724485132804488,0.36924295733535567,0.19594998535665087,0.18756220597994863,1,1
76916f737774,0.039013216482247155,0.5573791799377763,0.2692317544388439,0.13437584914113257,1,3
76938243a97f,0.10439227615302354,0.3338832702281794,0.3626439144108884,0.19908053920790875,0,2
76a35cf1cea0,0.28895981575630414,0.17299556221518816,0.20648535784127148,0.3315592641872362,2,2
76ae6588e5b4,0.06253534656089042,0.7058121606901944,0.19109203456803697,0.040560458180878126,1,0
76b5e2db22ba,0.004173551430610288,0.9456114174529907,0.026773041509918803,0.02344198960648032,3,4
76c9821a3d06,0.36988552409316955,0.13057387704902257,0.09433256308959972,0.4052080357682081,1,1
76d3ada42326,0.11261568310669358,0.2637084085577274,0.5883472417407827,0.03532866659479635,3,0
76d8b00619fb,0.5896132770493897,0.0963027570301466,0.1834194462345156,0.13066451968594814,3,0
76f44ffa4441,0.25543594244001916,0.14598764638050798,0.3977966520330826,0.20077975914639024,1,2
76ff3ec3c022,0.06819952924540723,0.6770289487409992,0.23022046638272167,0.024551055630871895,1,3
7703e1787577,0.0923161777677923,0.588270109475545,0.062295517118077855,0.2571181956385849,1,2
771a4add61c9,0.4809659152790179,0.05959363045640971,0.20803482336748605,0.2514056308970863,0,2
77217025615d,0.05317185716942787,0.576542138112761,0.24341979588458768,0.12686620883322342,1,2
772dbd065c7d,0.07584330419451164,0.7204699623180534,0.04206733083379849,0.1616194026536364,1,1
773f243da328,0.2672713446666449,0.273276166529763,0.3475928111403186,0.11185967766327348,0,2
774720fb2a45,0.20400632303874114,0.45746422313399165,0.14957973945067124,0.1889497143765959,0,1
77539184cdaf,0.06203781003456326,0.7066600799077488,0.21735476765928421,0.013947342398403636,2,2
775b359f53b6,0.2585570880024081,0.23229268779108023,0.4266645604102002,0.08248566379631167,3,3
776cb995a1fd,0.05013534217002798,0.7017193145384487,0.11204216604564922,0.13610317724587406,1,3
7786df1d7d71,0.35132155498239975,0.39915035560754597,0.0753922882524479,0.1741358011576064,1,3
77955e62e6c6,0.6021289929816089,0.09566770002761567,0.19442583940099098,0.10777746758978457,0,0
77955e96a54c,0.3846767594799099,0.09578486868272235,0.1116128980242122,0.4079254738131555,2,0
77a0888b5ac1,0.28997715499485116,0.40601684981573677,0.2698912122073268,0.0341147829820853,1,2
77b272cdda9c,0.09366148437247697,0.42923969395192024,0.08105323275322979,0.39604558892237296,2,4
77b4e0d0a49d,0.16129483985874105,0.26443932235679884,0.16393441519151153,0.41033142259294847,0,2
77f901809e36,0.566066593291324,0.10491053076964925,0.21587160936341226,0.11315126657561447,0,0
780ffa8abde3,0.37871673979774656,0.05962171305684051,0.18985440632102976,0.37180714082438326,0,2
78258aa63d76,0.24048152841308956,0.4154290989775745,0.19159288253355036,0.15249649007578545,3,2
782ab22207fc,0.05654462376870156,0.8134048012044831,0.0894747095600775,0.04057586546673778,0,4
782d728ee09c,0.7219864876031266,0.06090562567711174,0.09392272042785141,0.1231851662919104,0,1
7846f687646a,0.2697320223551368,0.30139414581098306,0.35334194330342894,0.07553188853045108,1,2
784af90e8cac,0.2043357052534207,0.3457924623514284,0.2298329620039832,0.2200388703911678,0,1
784afbafee30,0.35164394433766594,0.2278862228178739,0.3030426691637591,0.11742716368070107,3,0
78509f1ae31c,0.059985753456563956,0.40833551394775336,0.2764946858290871,0.2551840467665957,1,1
78543ff029b2,0.24514113104890553,0.6320935937872387,0.09697548764762619,0.02578978751622942,1,2
785e985b3a22,0.10803041873748459,0.34916025720556876,0.25351170247881494,0.28929762157813177,1,2
78661808d8d5,0.6281608033796154,0.06722579482435546,0.258801181510513,0.04581222028551611,3,3
78688bfcd441,0.8391196537637606,0.052815066509662674,0.05050455760743303,0.05756072211914354,0,2
78791be84503,0.32021999789734007,0.15847864324888092,0.38966481625206784,0.13163654260171137,0,0
78909b4d3179,0.21186246358895566,0.5773457440588735,0.17253125409211692,0.03826053826005382,1,1
78e93504e04b,0.6625358642178596,0.10349238204496242,0.16295556624483323,0.07101618749234466,0,0
78f1e3db654c,0.8126353033315487,0.02918812180015264,0.06583264015921698,0.09234393470908177,0,4
78fc07c1dd2e,0.6113022239974687,0.08915298891052655,0.2559266720192826,0.043618115072722084,0,3
7902e534869e,0.6182744865417332,0.0607362564693644,0.18595653234253387,0.13503272464636853,2,1
79140443c2e2,0.081578860092838,0.44559213734836656,0.42620848028327046,0.04662052227552487,1,3
79144883061c,0.42535602305049147,0.035677699116386255,0.44169519906680194,0.0972710787663203,2,3
791bd51ede54,0.16772311608752163,0.3614167819743008,0.2547193210847822,0.21614078085339536,1,4
7931e444dbc9,0.11146321933481745,0.5267770979512811,0.3158693624549541,0.0458903202589473,2,4
79642d095252,0.03503237803701029,0.7775854916887389,0.13927716078972052,0.048104969484530205,1,2
7974c126e951,0.41666047415136287,0.1624399591982928,0.3420252222430641,0.07887434440728018,0,3
79774c9d6ec5,0.3084007636406698,0.16525128219649154,0.4682334087042006,0.058114545458638076,1,0
798c27690f1f,0.14713445465100888,0.7887840241449399,0.05825833766336063,0.005823183540690707,1,0
798cdfa7890d,0.07018056615174575,0.6889149757929758,0.11222794330026215,0.1286765147550163,1,0
798f8e89c7a7,0.06450979174116699,0.5700923006503194,0.19062968919814424,0.1747682184103694,1,2
79a8a08dac37,0.10281941018706746,0.42342252159036586,0.3750432232935566,0.09871484492901002,1,1
79b0461d245a,0.6329251980308412,0.11453270031996007,0.2068733607187824,0.04566874093041638,3,0
79c3bf957d49,0.06914308129212873,0.5005920482412393,0.18098873746379424,0.2492761330028378,1,1
79cd05c9c1f7,0.7577702776676537,0.07217941553365635,0.06692105052113584,0.10312925627755418,0,0
79d4f7356c39,0.14781106139571576,0.3861556642587193,0.39444130628642576,0.07159196805913914,2,4
79d5d8448dca,0.08247018082942477,0.36775842225110084,0.23583885966705798,0.31393253725241627,1,2
79e2eafdb5cd,0.3224654854928285,0.2642064918411367,0.3035964176090491,0.10973160505698573,0,3
79ec91f1194c,0.052319428794959315,0.5499129579694693,0.3580357694106848,0.03973184382488654,1,1
7a06a32e54c9,0.31161838000767794,0.13650058248425412,0.3602286390024907,0.19165239850557722,2,3
7a1023392e52,0.228233268741681,0.35219401440154363,0.38944397881471643,0.030128738042058994,3,3
7a15889e036a,0.15486582658602496,0.6246325523767892,0.07231839327082155,0.14818322776636422,1,4
7a1934d2866f,0.23079164801753238,0.26997521443722294,0.22656203424600768,0.27267110329923694,3,1
7a222273085d,0.10288674058278253,0.6011621283658767,0.28218786761000636,0.013763263441334567,1,4
7a4341a6a2ee,0.6184998069349212,0.15453683821968273,0.18589084401561304,0.04107251082978301,2,0
7a5105c66642,0.27547950219541245,0.22742193050976997,0.20128119112654314,0.29581737616827447,0,1
7a69851883f3,0.23290853230667488,0.6207487255979109,0.095553461631169,0.050789280464245176,1,2
7a8fb17a122b,0.21288952794954608,0.1438786050155546,0.14637005160845912,0.49686181542644015,0,0
7a9186d8ab3a,0.1879909014447212,0.3762861471019283,0.38777724583148254,0.04794570562186794,1,0
7a9a5b3ed60c,0.07122543912128537,0.8138653480573337,0.08879657020968591,0.02611264261169519,1,3
7a9b2f9aa761,0.3141951044173353,0.29700701910743793,0.241410917155116,0.14738695932011076,1,4
7a9e0a0b31a1,0.3396996950325508,0.2718622298342932,0.21184735306424465,0.1765907220689113,2,2
7aa4e85e5eb5,0.11658489279994129,0.49493809312401316,0.3107147113127188,0.07776230276332664,1,1
7ab1b20d8fe2,0.13048869392249965,0.15322362281476967,0.27250332106238134,0.4437843622003494,2,2
7ab568cc7d2c,0.4710363518547893,0.21929344722254235,0.18024973703386693,0.12942046388880143,1,3
7adea6f20461,0.02994033290720382,0.8083643225719656,0.13464085605000017,0.027054488470830567,1,1
7ae41bc8d8bf,0.6444727658171139,0.1342880846314614,0.20956235263001818,0.011676796921406583,0,4
7afa1e20a54e,0.11834618047024632,0.6700365517067698,0.17571825159233545,0.03589901623064853,1,2
7afb581299a8,0.20013265293120586,0.33180940325834835,0.43936906077338794,0.02868888303705782,1,3
7afee3a6d7e4,0.8069541601515484,0.03299503039399691,0.08690997880680212,0.07314083064765234,0,0
7b00f77a1879,0.033849078128810314,0.5366940950026844,0.15856689049951322,0.270889936368992,1,4
7b10c52613de,0.3408094143125758,0.5167584350316339,0.0998692985514991,0.04256285210429121,1,1
7b20d3520e9c,0.30894544621259457,0.4710220767955994,0.18678750879460815,0.03324496819719788,1,4
7b54de3984e8,0.593914854985906,0.049412577565494394,0.3022981228676383,0.0543744445809613,0,4
7b5b31210030,0.1030282197788407,0.6644876229224826,0.1507251282062355,0.08175902909244105,1,2
7b6c49da06db,0.6400645595003931,0.1436101944854636,0.17503383483828727,0.041291411175856066,1,2
7b794c082812,0.8928147712015678,0.046787439196946175,0.0420082765589955,0.018389513042490715,0,1
7b8c999b8505,0.6462848957102502,0.16405475224578164,0.08403276472305375,0.10562758732091437,0,4
7bab30555627,0.13019118257315795,0.3133251832749645,0.3593062076186085,0.197177426533269,0,3
7bacc2783fa7,0.09130592615809874,0.3747451483445038,0.3669770812445623,0.1669718442528351,1,4
7bae3da7cc02,0.24887315903729318,0.32963250767384245,0.3406875758159419,0.0808067574729223,1,3
7bb06ca2150c,0.03902344862072616,0.4854844808977479,0.38130675433717703,0.09418531614434895,1,1
7bc704a7b154,0.0827299822939177,0.6565994689844354,0.10947051851541063,0.1512000302062364,3,3
7bd39a169837,0.16029610074059802,0.39093116510020426,0.41861612296519773,0.030156611193999913,1,3
7bdfad741d14,0.2590542416986018,0.27743861920686474,0.3341231925822826,0.12938394651225074,0,0
7be73deb61a8,0.20461007716901325,0.6817670737175638,0.08314294769284974,0.030479901420573295,1,2
7bf83b446661,0.11253966520692865,0.47542290481391547,0.246650699050153,0.1653867309290029,2,4
7c1c89a066e5,0.19575716355507178,0.07872373899886888,0.08169453143434026,0.643824566011719,0,3
7c1dcb902f6d,0.18517123864994808,0.5030902266289945,0.2561894838604878,0.05554905086056969,2,1
7c3b534b7eca,0.7033650632140034,0.05393618705748752,0.10263852815933559,0.1400602215691736,0,4
7c4bfbefede8,0.3097288127437673,0.32316878075227085,0.2245901121989883,0.14251229430497356,0,1
7c5406d6328c,0.3476293014712814,0.19080525902363146,0.30457949370794624,0.15698594579714084,0,0
7c6b51d6639e,0.3628584491831829,0.1291736047217367,0.17254213472575394,0.3354258113693265,0,1
7c818f4cbdec,0.16244897002716557,0.5517448216579264,0.22298686706813578,0.06281934124677237,1,4
7c96d6d546d3,0.3311818762291393,0.23807657720736153,0.16917992198607865,0.2615616245774205,1,2
7ca967363865,0.3638589584092457,0.12465459696091327,0.3443432399036383,0.16714320472620264,0,4
7cb0d082d21b,0.03577135208850803,0.8988602193473482,0.058170654743686434,0.007197773820457371,1,1
7cb0fdd18092,0.36929747886641634,0.30453591150158543,0.23279711164799016,0.09336949798400818,2,4
7cbbe81579da,0.459339966777869,0.352315710175933,0.08966669019451998,0.09867763285167812,0,3
7ccfe56da30b,0.32090294102929173,0.16118841400900613,0.38661672902527644,0.13129191593642567,1,3
7ce1ebc880e0,0.0961813386252881,0.5549126456980995,0.23406714181664787,0.11483887385996457,1,1
7d1c99d9eca8,0.39570374501475536,0.09639432862154994,0.4000551809163114,0.10784674544738308,2,0
7d26435833cd,0.1360264031235275,0.4508832536745274,0.22816787665305108,0.18492246654889405,2,1
7d28b814a4d4,0.43299659382998884,0.11320182271776354,0.34319239995045575,0.11060918350179194,2,1
7d2b67f6357e,0.05599582549892743,0.7695798875128164,0.14436334385064978,0.030060943137606398,1,4
7d2ca42f0906,0.11569391225300416,0.5204875714498957,0.08414409658487368,0.27967441971222656,1,3
7d38fbf46bbf,0.5704918463396429,0.11812270818553951,0.26296380089835886,0.0484216445764588,3,4
7d3c837a7644,0.21889958647848137,0.22193616513918688,0.5452929209002954,0.013871327482036452,0,1
7d4971c1d0ca,0.683321928771637,0.0788352225042204,0.15354122763707395,0.08430162108706861,2,3
7d5282a52850,0.14168096131335056,0.42703536123175284,0.24743807185480032,0.18384560560009633,2,3
7d64b5b28306,0.7135584137481229,0.0389129585661835,0.1531537489180475,0.09437487876764603,0,4
7d70e90deb87,0.09890653351451914,0.40502274961597295,0.40595739551953475,0.09011332134997323,0,3
7d82d53204b8,0.05961151060498391,0.6620120391470009,0.24759099375237156,0.030785456495643557,1,1
7d9f72046513,0.17734892463101717,0.6138521650435952,0.1910249092145099,0.017774001110877707,1,0
7da2b553b5ce,0.2607039416630766,0.36227192716442397,0.3002262138590454,0.07679791731345399,1,1
7db18af1a9d1,0.18192161413403796,0.31573728342209717,0.03494721581539376,0.4673938866284711,0,3
7dc1629a0438,0.8339894863937695,0.06396102981159335,0.08838760927992277,0.013661874514714423,0,4
7dcc972565e6,0.06563404712451318,0.3659755178812838,0.3737866955587808,0.19460373943542225,1,4
7dd3347b0d10,0.5681490635255672,0.12755972638667712,0.21370185710066084,0.09058935298709508,1,3
7dd6835dfc59,0.4776224604632116,0.0729896478412185,0.33483531708623826,0.1145525746093315,0,1
7dd880b043d6,0.038032769455614686,0.7854264812317581,0.1481523923753578,0.028388356937269522,1,3
7ddb42c36bf7,0.24118965633294154,0.3393041318819939,0.35311249838129705,0.06639371340376743,1,0
7ddc4c9daa44,0.674529437955379,0.12328465677654928,0.16939560476097834,0.032790300507093445,0,1
7ddcf63a332f,0.1357740462044543,0.32546893499511426,0.15610003048843507,0.3826569883119963,3,1
7dfd6afee3e9,0.3562689473471916,0.145412409736312,0.3137137450625648,0.1846048978539316,0,3
7e24eea87ca5,0.11243439301746641,0.284811821028265,0.2114913214136288,0.3912624645406396,1,3
7e26e0963bac,0.03658533779116423,0.6355423219308773,0.10948693393634452,0.218385406341614,3,1
7e285573bf0f,0.09082094604937188,0.8470523446887201,0.04626612040606887,0.01586058885583904,1,1
7e2fe165275e,0.40767345322754267,0.20903260780495306,0.2823557935165144,0.10093814545098993,2,2
7e4059d6a0f9,0.7441557147952107,0.06608737769141534,0.1706790423669747,0.01907786514639932,0,3
7e4b2e28a241,0.13285119251824123,0.32493133991509776,0.4175819624309131,0.12463550513574793,0,3
7e5785e7fda6,0.032148788224146255,0.5394362293421708,0.4123234211665621,0.016091561267120726,1,0
7e6c68462e06,0.3365900909599931,0.29840821219512226,0.2991561753016571,0.06584552154322766,0,3
7e6e49e5eea7,0.2213830519471692,0.37250699233655105,0.12151859884451223,0.2845913568717675,0,0
7e7701fec9ef,0.7618912696174698,0.0720202761172565,0.1420725388457349,0.02401591541953879,0,2
7e86ca47ec47,0.20479502874319794,0.21674781594332074,0.3382347200624799,0.2402224352510015,2,0
7e8be259013a,0.19408315820502525,0.27000845002721335,0.46137211488197555,0.07453627688578587,3,1
7ea118331dfe,0.16637062554148896,0.4874137896336586,0.20151648876855002,0.14469909605630235,1,0
7ea7f0ce6ba4,0.22590695157091828,0.5546444441186794,0.14011523633506306,0.07933336797533933,1,2
7ea86dbc72ee,0.650880597431072,0.21241987687529992,0.08869663046870083,0.04800289522492739,1,2
7ea9b8b90bda,0.17123809263348405,0.2762145615592547,0.3471916121632916,0.20535573364396972,1,4
7eb0a56757c0,0.044848035874323254,0.6880017314783727,0.20231885429703753,0.06483137835026656,3,4
7ecdff541fd7,0.3504923698860329,0.30167539244666497,0.1202659823058271,0.22756625536147498,0,2
7ed9fad978ce,0.1536900025596271,0.14242019246922943,0.6195209793269473,0.08436882564419618,1,2
7eed9af03814,0.31505367550498975,0.20258206558398054,0.3480837939230697,0.13428046498796015,1,2
7f00e5d4ac58,0.874827665202999,0.018441503068148676,0.040351184456100975,0.06637964727275138,2,2
7f0a5ea1b11b,0.13881658381582943,0.5568224506955569,0.03745036197638967,0.266910603512224,1,2
7f4b1a1e987e,0.13852009170042268,0.3166786728362563,0.17385422872788936,0.37094700673543163,2,2
7f5a35344d25,0.07706333862603178,0.723467032067812,0.17150968175820291,0.02795994754795321,3,3
7f68921f1b58,0.3411484059945608,0.26473325652502017,0.2899294194551082,0.10418891802531081,0,1
7f73780cf1f4,0.33058925628559993,0.17480509285710918,0.26174741763944354,0.2328582332178473,0,0
7f7379e733a2,0.6450225154603314,0.06503533331818849,0.1960819761709942,0.09386017505048591,0,3
7f773ab567dc,0.13090403664331557,0.38785020457044195,0.45347470714186894,0.027771051644373438,0,1
7f84d57bc1cc,0.6173948212410566,0.2024853804106559,0.09623850459475046,0.08388129375353706,0,1
7f88c3e4abca,0.8000670213266001,0.05314779693413369,0.1169345359772111,0.029850645762055154,0,4
7f9619af434c,0.31465886254497655,0.1917501788517253,0.34040507085475374,0.15318588774854447,0,4
7f9e2766281e,0.01204475246071175,0.8756046536179796,0.054371358010671375,0.05797923591063724,1,2
7fa441d1dd32,0.22464490532087758,0.130793868250854,0.25663765534792016,0.38792357108034825,0,0
7fac35c9e1f4,0.015484152719777699,0.7862533307527948,0.18019892274248026,0.018063593784947048,3,0
7fba08f9ba1e,0.3974353548482979,0.06565062850661586,0.14633780424749512,0.3905762123975911,1,1
7fc0becb14fa,0.010703752482724885,0.8281910094101295,0.1520694286775728,0.00903580942957284,1,4
7fd0efde20b7,0.01331171979854539,0.8656445229339986,0.08764736771099008,0.03339638955646578,2,3
7ffb3015dacb,0.1073459979956454,0.31356492148855547,0.48622649481919894,0.09286258569660025,1,2
800c22b13e4c,0.2033077316089342,0.05282996284714044,0.042827543169525396,0.7010347623744,0,4
80195e7d2700,0.11942876397616707,0.2605089571484049,0.3847638826453486,0.23529839623007937,2,4
801ff0c146b7,0.53147680251936,0.11989652364760049,0.2269761208406185,0.12165055299242103,0,4
8021320a355b,0.06319725890651198,0.27208131761580895,0.3735320036905671,0.29118941978711205,1,1
804119f6c0a6,0.04031634575207625,0.4900266571816637,0.07018047136923451,0.39947652569702563,1,4
80432401db2b,0.5452959530328088,0.09608263333654739,0.33651103334568117,0.022110380284962736,0,4
8052009f6e35,0.26781808063164936,0.4173027159276628,0.2100217885965661,0.10485741484412167,1,3
805989876fee,0.7233889677293862,0.09148280852325325,0.1525378263417196,0.03259039740564085,1,0
806161ff1e51,0.07324050135204659,0.6918665096957809,0.1980831484638018,0.03680984048837078,2,4
8072ea43a9ef,0.19012315737811036,0.17764335983625393,0.48883187962820757,0.14340160315742825,1,0
8087e3bc0efe,0.22295822752501301,0.2592944729706509,0.33325919790656267,0.1844881015977734,3,3
8087ef52aff5,0.09331137017951385,0.4390591717400097,0.2741616699492315,0.19346778813124488,2,3
80a0658f585b,0.29845048026772353,0.15128186673146438,0.3839270015858722,0.16634065141493995,3,4
80a38757f6b5,0.492159940915049,0.06668443907328257,0.338303429513062,0.1028521904986065,0,4
80a497a15df6,0.8985732796023957,0.05120295938279999,0.02283264205513222,0.02739111895967198,0,4
80a5f2f9ba0c,0.006178761446144317,0.7992045463226877,0.18967570866563077,0.00494098356553712,1,1
80b74df174a9,0.1745564916314034,0.47150762938734403,0.25007022778224586,0.10386565119900672,1,1
80b798963819,0.40947812616671786,0.13126612509356067,0.2384861370760186,0.2207696116637029,1,2
80b943fa8ecf,0.11051658481139799,0.48796223104798725,0.2795446102744773,0.12197657386613753,1,3
80ba72c35938,0.2084463729777782,0.23001523780567215,0.40729758305742614,0.15424080615912344,1,1
80c55ce81802,0.14480758058929014,0.12485624459317751,0.4600136923896335,0.27032248242789886,0,4
80e3f166ad2f,0.48620237029328217,0.15847001917501205,0.24709555677362185,0.10823205375808384,1,2
80ec7581b718,0.523199752969982,0.16521230088461547,0.2287598596767294,0.08282808646867304,0,0
80f212c4109c,0.4745708058466558,0.17601009103862258,0.0753929299778862,0.27402617313683536,1,0
812fbc20eda8,0.03997533948472525,0.5969161056295887,0.1579289954503668,0.2051795594353193,1,3
81493310c235,0.0455396130321374,0.8596562976455334,0.048990751564449944,0.04581333775787921,3,4
814e0fdfde1e,0.14183138515520885,0.38695333793500547,0.25545690810465965,0.21575836880512597,1,0
815214972656,0.7074153491497204,0.069164243963286,0.16886837547438294,0.05455203141261067,0,4
815278b6c176,0.08326320861436132,0.6233507229193926,0.09952901720976068,0.19385705125648542,1,4
8160bfb420dc,0.16476515603348188,0.409669731144012,0.09751262813204123,0.3280524846904649,1,1
81651ff35cb8,0.352845347978295,0.4228615776387282,0.035113180107362606,0.18917989427561419,1,4
816ff8fa8f42,0.026631698207127973,0.6340508915951919,0.27561842798398034,0.0636989822136998,1,0
81711d215ec7,0.17052658923736208,0.21570188058302914,0.32800623416999325,0.28576529600961553,3,4
81718ce513ca,0.5442358767126433,0.08951473216164967,0.19207392601293968,0.17417546511276724,1,1
8176a9253108,0.08586685239122861,0.5689688272523281,0.21972870676405226,0.12543561359239105,2,3
818bda3ca15d,0.575269603220525,0.05468823609465891,0.15278875727952348,0.21725340340529256,0,4
818c3096a5c4,0.08379791561607394,0.4731481907608707,0.39620987246822,0.04684402115483521,2,0
8195c077997b,0.020237358411171066,0.7213349349120506,0.21553708677683514,0.042890619899943125,1,1
81a3d149dcbf,0.7085946357869134,0.07881267182285563,0.13395942026993576,0.07863327212029524,0,3
81acc5470917,0.1798291319862333,0.5082563125229308,0.27053274009028694,0.04138181540054907,2,3
81b0675331b4,0.1748232164214826,0.5354467987020555,0.16557881940112665,0.12415116547533535,0,4
81c1e36bdcff,0.34063902606623925,0.3557323290202496,0.17592862543123036,0.12770001948228077,0,2
81d2c8305d95,0.43863578255764474,0.2608439769411182,0.2593844594860633,0.04113578101517357,2,0
81d4dbd5c6d4,0.21404556469089336,0.2164506836592152,0.33573538082799176,0.2337683708218998,2,2
81e2d490e2dd,0.8457258498472505,0.019068206459857004,0.06802709716299246,0.06717884652989999,0,1
81f6b4b343f7,0.15073394846832608,0.729516152529158,0.11122422781583402,0.008525671186681991,1,4
820fc489e682,0.09654503199935342,0.3542574362314688,0.39049404832307794,0.15870348344609989,2,1
82120a4eebc8,0.011246019052559094,0.8844739210061441,0.08948515722720342,0.014794902714093335,1,4
8221a4155cc0,0.0597623367964046,0.43237674536234355,0.39566261311222056,0.11219830472903114,3,2
8222875f1a91,0.306930824360712,0.4568882529299199,0.21936160531739535,0.01681931739197267,2,2
822b399fcc86,0.15135060766670116,0.3500894788210946,0.44835719444268485,0.050202719069519446,2,4
823201a39872,0.20233533930048272,0.4133331704072074,0.2921438533402901,0.09218763695201979,1,0
8234b8dc3a41,0.07271682997941663,0.7235637330251186,0.12586739936400457,0.07785203763146024,2,1
8237d25ed806,0.7007725667482604,0.10336554222555121,0.12034377414035194,0.0755181168858363,0,0
8240e63ae3b1,0.13924179380981874,0.6648953519819336,0.1461122923437257,0.04975056186452214,1,0
824374b82868,0.7078148082698547,0.08054032253898054,0.07641814816444487,0.13522672102671993,1,0
824aac4d4e6f,0.4089638902546492,0.10236157088807554,0.12894746991820583,0.35972706893906936,0,4
8252bce4e90c,0.1357200399071228,0.3985023194838096,0.31788950698918156,0.1478881336198861,1,3
825e493ca940,0.051022268346272576,0.3100942498212737,0.5770545502447878,0.061828931587665927,1,4
826272b8be99,0.3012766575816634,0.1335518939215383,0.5228360731216446,0.04233537537515371,1,3
8267fb6fc89f,0.009179475151780251,0.8910803786676953,0.08181804632390692,0.017922099856617416,1,0
8276779107e0,0.04861733282267951,0.5383644076773159,0.3232715690686146,0.08974669043138997,1,4
82868316ea05,0.11076813273956634,0.41190856863565656,0.20008178004118857,0.2772415185835886,1,2
82bd4db9b87c,0.6776795827298222,0.10554665522959905,0.15937975891442577,0.05739400312615303,0,3
82d0600dbf57,0.1618384847678712,0.13456963882154943,0.262035039623583,0.44155683678699637,1,1
82ed58c1b0db,0.26243343379745143,0.29780374904795,0.23851016033995073,0.20125265681464774,0,3
82fde36914bc,0.6822499037153652,0.11733840517131815,0.14476271672122507,0.05564897439209167,1,4
83007940394a,0.11732563222954573,0.5686053706068303,0.2571132363012357,0.056955760862388426,2,4
8303825d6924,0.12908624201395838,0.5280375280415018,0.28068376529403016,0.06219246465050965,1,3
83088a9ca2d2,0.6110886584001382,0.3301231481357342,0.04359097725276163,0.015197216211366169,1,0
830984d74452,0.10482745593295158,0.4493316167879434,0.41601620538324696,0.02982472189585798,1,0
830d41512494,0.009405023894428325,0.6560190356814601,0.32007179677363856,0.014504143650472921,1,3
83127fd75313,0.35941494896407694,0.2014991460959047,0.29575211951095237,0.14333378542906597,1,1
8315467702a2,0.5286816560600128,0.08799848273771246,0.30116227808809926,0.0821575831141755,0,1
8315b4f8b2c8,0.22308586364642058,0.21054302821844895,0.2904063545566455,0.275964753578485,1,0
831cea12cf2a,0.4098844402345728,0.14610135958811088,0.30375340740595946,0.14026079277135692,2,2
8332bdaddb6e,0.3773099097412195,0.4385925727467518,0.04863808560696483,0.13545943190506396,0,0
834223220998,0.057287876831530214,0.654767371922468,0.21207176459536128,0.07587298665064032,3,1
8351c991c7c2,0.04222788746699184,0.5210206888171561,0.32090243358117976,0.11584899013467212,0,0
835dd3c81c51,0.025953344057877522,0.7027879074885887,0.23594972596570973,0.03530902248782406,2,2
835e83150535,0.3625827643249017,0.28844284822358257,0.17135013528798335,0.17762425216353236,0,2
8362bdc5c7f5,0.8335543498280578,0.04556079624323857,0.08175218467601564,0.039132669252687886,0,0
8367345da05a,0.35831011069564395,0.37378981547435686,0.19662846462691516,0.0712716092030841,0,0
83681c8b7743,0.18599709440727122,0.30739397302337385,0.3723783234530628,0.134230609116292,1,3
836ca5c35bbe,0.3997039778232521,0.24010546867497667,0.3247897358778433,0.03540081762392787,2,2
837fc1ed550e,0.19905636428290158,0.34673278692898346,0.2113373682620958,0.24287348052601923,1,3
8383c0dba9bb,0.06766710580581961,0.5008138941430819,0.19539370637482856,0.23612529367627003,0,3
83a64f9d121a,0.7026925064700034,0.13348354884202687,0.09534108083153062,0.06848286385643906,0,2
83b424ef8bb1,0.5934131322727983,0.050722656010291155,0.12282689250541888,0.23303731921149168,1,4
83b6679566b0,0.3865992836725161,0.4225456231227857,0.14372706277355282,0.047128030431145315,2,2
83f637917a44,0.03784537346591249,0.6630827565754043,0.23329423598800034,0.06577763397068269,2,4
841519065bd1,0.3923269453527008,0.05728206654099422,0.5067936284415299,0.04359735966477514,0,0
841dbb381261,0.34180960742000194,0.328185592540212,0.19355007902631036,0.13645472101347578,1,0
841dfb2ad2ee,0.7315092637704017,0.10705825830201032,0.08381394081822115,0.07761853710936686,2,0
8420a2430b65,0.026768244014736226,0.7250359669515021,0.20475966485929067,0.0434361241744712,1,1
8423d0d5c0b5,0.5229989027207474,0.1720649347519052,0.24627604606256337,0.05866011646478411,2,4
842eea3e3951,0.09228115071345862,0.6264349567622612,0.2622409057424653,0.019042986781814847,1,1
843eebbcc0d2,0.042955210170307366,0.2706820126522381,0.4558530694222298,0.23050970775522472,2,1
84407a15756d,0.04384312737614703,0.6080404924707925,0.1593645217162605,0.18875185843679992,1,3
8447b9e9ad00,0.13815838593868335,0.5272665151021769,0.2824923107975383,0.052082788161601466,1,3
8452bd412bba,0.049277534017569735,0.725146957812021,0.1939071598727576,0.031668348297651576,1,0
84543edc24c2,0.27202418850480997,0.2556224363108318,0.3151041742340028,0.15724920095035555,2,3
8454851c5270,0.28633226761518327,0.3972284050659154,0.12250145884516156,0.19393786847373967,2,1
84657bfd51ee,0.6646547457165981,0.13244830133960742,0.1291717246264808,0.0737252283173138,0,3
847ae068d771,0.10917240307275873,0.5544436618605105,0.15280841899724718,0.18357551606948358,0,1
84a72fcf010a,0.35474074337732164,0.15153485879765874,0.17966374925772124,0.3140606485672983,0,2
84b117cebcc5,0.24608559865145668,0.42680971646283195,0.2728239214149059,0.054280763470805515,0,2
84b4d7b819cb,0.01318795908551956,0.9186892029724455,0.06352370971309892,0.004599128228935939,1,2
84b9878362e2,0.42159907141128855,0.1019167504719084,0.16056394326495824,0.31592023485184484,0,1
84cb858a8b18,0.3955459940642272,0.11159444912185906,0.38319227256755634,0.1096672842463574,2,4
84ea93253e6a,0.6526990500636276,0.13516670951264334,0.11675778086657092,0.09537645955715823,0,4
84f48ed1bafd,0.22263387017656647,0.4393014185653314,0.23890090360106117,0.09916380765704111,1,2
8501ffeadc53,0.11439496187720491,0.5064399298106519,0.2909392797428376,0.0882258285693056,1,0
851fda48d245,0.49903461809936545,0.22440180876584653,0.22888503981471361,0.04767853332007434,0,4
852848545a6c,0.5258949291687134,0.1722153473794597,0.2241320928037916,0.07775763064803533,1,2
853df92b47be,0.179166927464757,0.5841260727709768,0.13114535184813966,0.10556164791612656,2,4
854d97049377,0.6305606404675985,0.06458606634176145,0.17556940998446066,0.12928388320617934,3,4
8557928e510e,0.03391346946016561,0.9251345784158749,0.03545735272029636,0.005494599403663303,1,0
856020133090,0.592248126794807,0.08396182030063969,0.17623198949494512,0.14755806340960817,2,3
857b9908a0aa,0.4448065481580662,0.07118075636634809,0.3579870728334345,0.12602562264215106,0,3
858725b534d6,0.04487816376370025,0.7679408154766054,0.15421370056620556,0.03296732019348887,1,1
858f01b51c3d,0.31971321274584963,0.15896292628453126,0.28253050567425714,0.238793355295362,1,2
85a651285b8e,0.1526313930467341,0.4174641351129669,0.3554148330279987,0.07448963881230021,3,3
85da175299c4,0.3082728668660453,0.19481315580833306,0.41272966443582404,0.08418431288979766,0,3
85dc058820ab,0.02159101315643997,0.5947575049400431,0.05509738937584052,0.32855409252767637,1,3
85e721c2c2f7,0.22738923871506936,0.3371720247243811,0.3110389499427673,0.12439978661778214,0,2
85f8405ef40a,0.016873963353468652,0.8488983452379133,0.12293283371815406,0.011294857690464042,3,2
860611cd1738,0.023921736557516438,0.6111569250209078,0.2533364851422878,0.11158485327928802,1,0
86092024d731,0.09436794402790837,0.12965159365310064,0.4467053269385134,0.32927513538047765,2,1
8609ebfada9d,0.14471582441227385,0.34888216437739045,0.08019750630036988,0.4262045049099658,1,1
862cdc30fb27,0.5061245632757674,0.20720897650278017,0.2207810584030418,0.0658854018184107,0,0
86323e8815ce,0.20378395705344646,0.4766267279581213,0.08635853702002284,0.23323077796840935,1,0
865cee33719e,0.19950028480215629,0.3788972536410904,0.311526549605726,0.11007591195102738,0,3
8661a2df18d2,0.6765504798199535,0.06574942436177528,0.14950912231328367,0.10819097350498762,2,2
866879344af1,0.17537394660674063,0.6697118597397832,0.13336353581634883,0.021550657837127406,2,2
8672a27b3291,0.07417838217652038,0.3004162443297972,0.588083355542619,0.0373220179510634,1,4
8692c37fba6d,0.25403129170886957,0.37974601617848003,0.30772223250828457,0.05850045960436577,1,0
86aaf2215fd4,0.1406810650872057,0.17416325558469833,0.5991317010711773,0.08602397825691871,0,2
86ad90147e40,0.49208387774204,0.20798287866388557,0.2303681554721158,0.06956508812195873,0,0
86b08ada55fa,0.1531246360255777,0.41876303805167236,0.354216292745077,0.07389603317767299,3,4
86b2cddc9a96,0.6913085583503544,0.08869344803507258,0.1675191273594343,0.0524788662551387,0,1
86d7ce86d31c,0.029898731083159758,0.7877683610738498,0.08007319030518469,0.10225971753780583,1,1
86e209c99853,0.15026593724360723,0.3436036739422873,0.4803054873174747,0.0258249014966309,1,4
86ecdad652bb,0.03616364787153866,0.8297758526188261,0.08578747665419953,0.0482730228554356,2,2
86f0ced73df0,0.08558999840694353,0.6060833735593807,0.2661882495891538,0.042138378444522014,0,3
86fbc6625250,0.3568519824433444,0.219229007157211,0.38800192340130735,0.03591708699813734,0,4
8704605c8d78,0.29709238833969015,0.4470138164935976,0.2319086256825458,0.023985169484166312,1,0
8707f9b371b1,0.1854079246053381,0.42776026051860033,0.3658815710826667,0.020950243793394913,1,4
871805a76116,0.550700870331234,0.08788796022803648,0.32145667636274655,0.03995449307798295,1,3
8723fa61b4c9,0.05227614247053261,0.8620196379863816,0.07441504192207905,0.01128917762100653,1,1
87463d16a03c,0.1253767019579993,0.6232466327941838,0.15361609759333644,0.09776056765448052,1,2
8762482fa9b6,0.5249412802788979,0.13164113966123542,0.172053580065169,0.17136399999469773,0,2
87664803e3cd,0.09257806868926204,0.3817418640016327,0.3597478639543569,0.16593220335474843,1,4
8771126854cb,0.8894673399547138,0.016015115338554167,0.049680379309095815,0.04483716539763624,0,0
8797c00011a7,0.5805720825248376,0.20020839172993973,0.16292049841480785,0.056299027330414676,1,3
87ad926c7cd5,0.7540032536348797,0.07038425667764216,0.10214769126545246,0.07346479842202572,2,2
87ba5ef70efe,0.355583714014738,0.5265130637971254,0.06928042821871973,0.048622793969417086,1,1
87d8d1d29655,0.1398836925055671,0.6141557050796116,0.1830622643613658,0.06289833805345547,1,0
87e342354d85,0.3851279393371863,0.10388739027961622,0.373620510662261,0.13736415972093644,0,3
87f4d0c6babd,0.4525679111504459,0.13802496341336182,0.2964306145298005,0.11297651090639182,1,4
8805b17f963a,0.12439067114381126,0.6728939760572558,0.06836131183213036,0.13435404096680276,1,2
880760598f51,0.06066150486113567,0.5356846092737261,0.20002886257006275,0.20362502329507548,2,1
880ef66733bf,0.1548020872960312,0.532673089124857,0.23489432786682848,0.07763049571228339,0,4
881057f737e0,0.5097215654339137,0.13159797650029822,0.16707471856650827,0.1916057394992799,0,0
881fc5cfb469,0.09606639120827516,0.22946367098867332,0.28949694297273065,0.3849729948303209,3,3
883ec957d088,0.046439351184944765,0.44810816016195937,0.46197244727448955,0.04348004137860622,1,2
884ae726c5fa,0.18097015201129754,0.4427802994936398,0.26896074924404595,0.10728879925101666,0,4
8855be1da6d3,0.3051018099225614,0.07093449525621269,0.5455321646954854,0.07843153012574049,1,4
885dd0b39eb1,0.07688735665019007,0.40629664627325546,0.48533636173703465,0.031479635339519925,1,2
8861d23685ef,0.6350714492101989,0.037892170737506954,0.14254959117318677,0.18448678887910744,2,1
88678531fd19,0.34056276615843634,0.27164748287031326,0.19804956119144512,0.1897401897798054,3,4
88787efdd3d9,0.42942448629986696,0.19213418366774832,0.19627010115289836,0.18217122887948636,0,4
8879adb07db4,0.7157019980673754,0.14468661025672966,0.08753876796414846,0.05207262371174649,0,1
889b5893c83d,0.0658149971432462,0.6885717834797515,0.16600539822478286,0.07960782115221941,1,1
88b7b5dcfd30,0.07472226362011804,0.8027767892134278,0.09498648353844871,0.02751446362800557,1,4
88cb519feae6,0.21329582771572822,0.2718830314683135,0.4648364056431341,0.04998473517282411,1,3
88dbdcdb59c6,0.7507401786706142,0.10637343403527798,0.09853357053151089,0.04435281676259683,2,1
88f2e452d4b2,0.26045268872026794,0.2518098380054702,0.35225469700583073,0.13548277626843114,0,2
88ff3858d82c,0.2196526605629101,0.2899047987712308,0.4463973023589869,0.04404523830687211,3,0
890bbfb62803,0.7314663480650159,0.09177209117900077,0.11531150740395615,0.06145005335202711,1,2
89195455e6ff,0.23382695970494122,0.21085732304916238,0.4505356993657697,0.10478001788012666,2,0
891dccc7f408,0.035587136667330675,0.7792033203242104,0.16125513903650912,0.023954403971949926,2,0
8937a100c4b1,0.11578758191288531,0.28796129879372184,0.38403255329672287,0.21221856599667005,1,4
8943d1d85097,0.14075035159588542,0.6568624419783782,0.16295359567973752,0.03943361074599885,1,4
8945d312af6a,0.3701054967745319,0.18712333839603443,0.3481044651654502,0.0946666996639835,1,4
894cf780d724,0.5183361280702772,0.23437875568869265,0.23262581028265328,0.014659305958376948,2,1
895c41c283cd,0.06718002491449802,0.34574615051327673,0.5069568728029176,0.08011695176930782,0,3
896ab1acf6f2,0.13348603216361388,0.7630747628187682,0.07049410841440552,0.032945096603212425,1,0
896ea179cbae,0.04919913675932699,0.8331711442004642,0.07360908842859752,0.04402063061161117,1,2
896ff6f04d0e,0.00917426096474739,0.8332241032004757,0.13503916901671587,0.022562466818061122,1,1
8976a065ab10,0.9628301988411658,0.010028778332134867,0.01412324562060561,0.013017777206093668,0,2
897ab7243051,0.03654716716272315,0.797273086264207,0.1268839678442401,0.03929577872882995,2,4
89921b036cc3,0.33994343191519427,0.2776597270243157,0.2544300318800826,0.12796680918040748,0,2
89ad8581ccaf,0.5249718178578476,0.11749837372663033,0.11314599130684543,0.24438381710867654,0,0
89b8af016a97,0.059104849675842744,0.7441664505161288,0.15166929919042427,0.04505940061760421,3,4
89c6489e8df7,0.13490037265894766,0.4330515458216089,0.3066916635550682,0.12535641796437544,1,0
89cb02de68a7,0.09861614793538488,0.2902665770523722,0.5102422339676774,0.10087504104456557,1,1
89cc008ddabf,0.3589152343015845,0.41065213891018815,0.10828492784900116,0.12214769893922615,2,2
89cfe8497e68,0.03300140224100242,0.5942888693431128,0.28968217469958213,0.08302755371630263,1,2
89d2589d197c,0.41581574077377076,0.08679675165893053,0.45850803843028176,0.038879469137016905,0,3
8a0139211dd5,0.03763073722513322,0.8052774931721663,0.10791775376173329,0.049174015840967304,2,4
8a0bb2abd955,0.6025316525589591,0.21089882355341108,0.15359430766479928,0.03297521622283055,0,0
8a0e92da8c69,0.06669840259749489,0.510154059877438,0.20207811862830088,0.22106941889676618,1,3
8a3b38dbc12d,0.030902784517314513,0.9164059144966384,0.038979122806269285,0.013712178179777818,2,4
8a435c339b1e,0.925950648153889,0.035217287003966084,0.026669825687054283,0.012162239155090467,0,2
8a606a964b1d,0.03090756985788607,0.767643181847294,0.0857434584820517,0.1157057898127684,1,1
8a6b5f89162a,0.16044812884779044,0.128074190938354,0.4280918097002254,0.28338587051363,1,3
8a7c3c0d189c,0.3069676929105365,0.3132299715999757,0.21817369755350116,0.16162863793598664,2,3
8aa587a862e8,0.2483891042723876,0.4737962613541433,0.12468020997886071,0.1531344243946084,1,3
8ad88b978f87,0.03358688628271175,0.8282316050381001,0.060455935678783754,0.07772557300040443,1,3
8ae458411c33,0.840074131743144,0.11774970082303247,0.02610457428956311,0.016071593144260425,0,0
8ae943cc3a16,0.058407256410223915,0.8633698787582131,0.046721039543239154,0.03150182528832371,1,4
8afc6567147a,0.48495455369852963,0.11473232726299959,0.0729113327666665,0.32740178627180433,2,1
8b059659257d,0.4751496128207671,0.23657497905299482,0.24934334618849202,0.03893206193774602,0,4
8b18f1963aff,0.07793641945743322,0.4733776220045889,0.25245187447733036,0.19623408406064763,1,1
8b1b8b42cbd2,0.07065240910412578,0.5686329085716616,0.3131565106144091,0.047558171709803414,0,4
8b41c96e9f63,0.06339038620513457,0.35599479760080993,0.5414013100229729,0.039213506171082685,1,1
8b4741c28384,0.16693045621963581,0.48865342526938893,0.28444595376758197,0.059970164743393214,1,0
8b52cf335c4d,0.42585079537960346,0.05254559094560262,0.2541465470884795,0.2674570665863144,2,1
8b5efcadabf9,0.39907292316704684,0.3611855856322248,0.1881670549676003,0.05157443623312791,2,0
8b5f06c0671d,0.0948540083661174,0.6587600499959415,0.15636575904887856,0.09002018258906254,1,3
8b7d91225bc5,0.04854919712546397,0.8002016507082511,0.13120506582443925,0.020044086341845686,1,0
8b7e0c35fd8f,0.6886993126205287,0.12666639128830415,0.10288293370023845,0.08175136239092869,0,4
8b86c273f095,0.08517842351738326,0.625431536364666,0.11953498835665563,0.16985505176129514,1,4
8b8d05db440e,0.6828329033887612,0.06502930489372152,0.1411535521306286,0.11098423958688859,0,2
8bd4738d4f00,0.31634922188164905,0.11753428543337205,0.3932107384383072,0.17290575424667182,0,3
8bd62094ea13,0.7526365713963651,0.125359076257374,0.09016075396155286,0.03184359838470802,2,2
8c15768ece37,0.20750111781214203,0.2612421877846506,0.34634914867937305,0.18490754572383436,1,4
8c1872520275,0.06022776878865763,0.4054339723899422,0.49584743871189374,0.038490820109506295,2,4
8c19695fed29,0.37758363878842166,0.0713357559740029,0.23413586234462266,0.31694474289295266,3,0
8c1c165022b6,0.7079860328451015,0.10375841058709699,0.11563994879013387,0.07261560777766762,0,4
8c1f2172bcf0,0.039150476213374294,0.3865410406579524,0.10070413804678308,0.4736043450818902,1,4
8c272c45e4bf,0.06662050084837796,0.8047236356821842,0.05531631233868964,0.07333955113074835,1,0
8c382f780705,0.660116845503975,0.06857151957539154,0.15241735156675915,0.11889428335387439,0,0
8c46388eee54,0.07464791722783114,0.8233612648458286,0.05072376387191701,0.051267054054423056,3,0
8c5533597dc0,0.3387211391093066,0.34712818636079384,0.2942142002857412,0.019936474244158325,2,0
8c81896e7e55,0.06499051183050418,0.2593551124822164,0.5139231870912946,0.16173118859598484,1,4
8c93b1d9363b,0.028338137532013582,0.8820055301690379,0.07488020197114117,0.014776130327807335,0,4
8c94a7329137,0.027251360816438978,0.6978696964115817,0.0441630023668539,0.2307159404051254,1,3
8c9bb70fac25,0.013492466773155043,0.8038977346406068,0.16742250419503452,0.015187294391203756,1,3
8cc1d57b3142,0.8513723924569738,0.02367887174921982,0.09002161940723441,0.03492711638657199,0,1
8ce7315d04b1,0.11981052336590316,0.51584607925807,0.31111497481574146,0.05322842256028529,3,0
8ceba80333df,0.18458776343953828,0.5991198063422976,0.18958084552803797,0.02671158469012605,1,3
8cec64c8a30a,0.3333162807496487,0.4583339077447614,0.10345041672795677,0.1048993947776332,0,1
8cef368b3a7d,0.5370185276489242,0.07119832437001934,0.14928647382242918,0.24249667415862733,0,3
8cf2f88c1831,0.8241041394656917,0.03491066940312038,0.06910843316811334,0.07187675796307458,0,4
8cf5886a6526,0.4542303399265037,0.1580113951091156,0.1582528848366996,0.2295053801276812,0,3
8cf883e963b2,0.6828811741537615,0.09439434465793513,0.17116555992950078,0.051558921258802744,0,3
8cfd81b6304b,0.12842103444245967,0.30758916887948606,0.44041028550083994,0.12357951117721433,1,1
8d04e38ff3cc,0.12189921707559333,0.5845182454094959,0.24878371162230647,0.04479882589260415,2,0
8d05f7a01571,0.1852434540627751,0.45123829322972325,0.2535874685581962,0.10993078414930549,1,0
8d107e939496,0.05066253791590816,0.8266008395087894,0.04486476505414198,0.07787185752116046,1,2
8d119ef46916,0.037675624329552994,0.8526402677405502,0.08071044933608093,0.02897365859381578,1,4
8d1bb5055032,0.3669719721659561,0.5599288410309282,0.036956463460498086,0.036142723342617596,0,4
8d1e97279e94,0.04224535599093516,0.8066880290952415,0.10395752297662705,0.04710909193719617,2,4
8d266ade4183,0.709232953826663,0.07567591302028442,0.13467489305573072,0.080416240097322,3,0
8d2c21678869,0.31107507723836053,0.12844670285547405,0.14256200528622995,0.4179162146199356,1,1
8d3cf4f69a12,0.8492569350574577,0.018824477426442065,0.09732922562370175,0.03458936189239841,0,1
8d4380e847cd,0.2943618205472666,0.05623741209313318,0.4232567205257043,0.22614404683389583,2,2
8d4af13cfe6e,0.37292200028263645,0.14388102492117966,0.4438645313524994,0.03933244344368464,1,2
8d603dc4f0fc,0.6257721480528073,0.10793900479711042,0.14693083409372165,0.1193580130563605,1,4
8d6424e7fe13,0.9144433138608338,0.022407184814653487,0.03729552929116107,0.02585397203335168,1,1
8d98b1ffe5cc,0.060937024927731086,0.666513381229738,0.1864672834927507,0.08608231034978019,1,1
8db3c6dd3bc8,0.05128506583222353,0.3429667689618448,0.56871929109346,0.037028874112471764,1,2
8dd03d75fbbc,0.04155138866831171,0.5379252534646219,0.37529098307987213,0.045232374787194204,2,2
8dd2336dc141,0.6508496999121496,0.08260494099541872,0.11964000168853216,0.14690535740389946,1,2
8dd9d392745c,0.05836544105337763,0.7058585147321742,0.21118946284343626,0.024586581371012,1,0
8de0328fef41,0.13092231016326844,0.4348472644277921,0.39668656548513076,0.037543859923808834,1,0
8dec4313cf31,0.5540499469651512,0.07167502186597338,0.2553534051350164,0.11892162603385911,3,3
8e0e8fb16772,0.48988159698560857,0.08092180620056948,0.32698236464089214,0.1022142321729298,2,0
8e207d306f5a,0.011409187686587798,0.8154008169919319,0.0488267998826407,0.12436319543883946,1,0
8e3028ee83b7,0.5484257934649652,0.33182122529472585,0.09196627728784114,0.027786703952467795,2,3
8e303eb56993,0.0727580836843803,0.5027472369551413,0.26188295924659005,0.16261172011388833,1,0
8e589a80dc42,0.06482453267168875,0.4200730768967228,0.09234385039179739,0.42275854003979113,2,1
8e592ea3b990,0.11271865711958354,0.7452819296196943,0.1069583285633643,0.03504108469735784,1,4
8e66608fcb8b,0.39582174552200233,0.13476555569739548,0.34969308459057136,0.11971961419003083,1,2
8e696c58fe5a,0.5973006219840742,0.20732021390395275,0.10494828093366218,0.09043088317831086,0,1
8e6f3fef011b,0.12760549111404768,0.6290485454068623,0.18025644175923253,0.06308952171985746,2,2
8e844d4f4027,0.48338298061266405,0.1332421067248504,0.3034305603880701,0.0799443522744155,0,1
8e88d7565396,0.01077609792229508,0.8841586205660205,0.09187980280574952,0.01318547870593495,1,1
8ea4a61f36d5,0.023649029114410712,0.824430881558061,0.08266653605344311,0.06925355327408515,1,3
8eac27104552,0.07641460594021751,0.3491706945711885,0.4902252455783494,0.08418945391024465,1,2
8eb7415fd75d,0.8261336769816301,0.031553502433023656,0.10926357342238932,0.033049247162956846,0,1
8ebfb520f2cc,0.4693176590265061,0.11993475112211283,0.25675152150362524,0.1539960683477561,1,3
8f08039e8b7f,0.17868714831668012,0.24699325478147127,0.26074184817856955,0.31357774872327904,1,3
8f0cd3800684,0.4135417539913225,0.15295158664217473,0.3694260686377145,0.06408059072878823,1,0
8f1242af7d14,0.13069489732995038,0.6962026227999129,0.1302379842755599,0.04286449559457689,2,3
8f22d79a5ba0,0.15328117284260853,0.21445751392933762,0.42280515490447845,0.2094561583235754,1,3
8f25ccd15213,0.08990228984569053,0.6520936564451053,0.1753289225828359,0.0826751311263683,1,4
8f3131f02439,0.4975260806111828,0.1709886944713986,0.22581462822321208,0.10567059669420653,0,4
8f3a2c63b390,0.16678875638899424,0.17536422230222995,0.36016323063848343,0.2976837906702924,1,1
8f3f2c566e2e,0.08977232436201667,0.5155992129287091,0.23852644456679353,0.1561020181424806,1,0
8f40087975d6,0.1586132686347715,0.1725389968166001,0.18947580715686282,0.4793719273917655,1,1
8f43952cb2e4,0.3212570093111798,0.16359588076737605,0.19048429789780233,0.32466281202364183,1,4
8f460f57d325,0.04014898049239523,0.8085434596803123,0.1018381575711108,0.04946940225618155,1,2
8f59e4041fb3,0.5282391784745806,0.14048118730626033,0.2652482428929572,0.06603139132620182,2,2
8f668881cb15,0.0285236843549403,0.7535830788139986,0.1756765348756961,0.04221670195536503,1,0
8f67031d69a9,0.25581273372520547,0.2991690737452808,0.36720723374786124,0.07781095878165242,3,4
8f67f991ed01,0.3421289048658649,0.2840592642185834,0.22024289201085015,0.15356893890470155,2,1
8f8c93da549d,0.04920567282122327,0.7473088139703018,0.14881341718002813,0.054672096028446825,1,0
8f969a767c03,0.3010837118310524,0.39223164885488343,0.27249166479477577,0.0341929745192883,1,4
8f9900d6dd98,0.5715183333619366,0.03492271132861146,0.26562093816833837,0.1279380171411136,0,1
8f9f2fcd1101,0.04666548423534087,0.35454022206865693,0.16584267948743464,0.43295161420856754,1,3
8fa13c443211,0.2376543079609795,0.2629608439646754,0.4387350113056776,0.060649836768667614,1,0
8fc0ab15fbba,0.22934409653969487,0.5265549114419346,0.17021098825313136,0.07389000376523913,0,4
8fc46a1ef7d6,0.21458513464298007,0.36518374186402647,0.32920824179266295,0.0910228817003304,0,0
8fcb4fdefa9b,0.16306626920733344,0.3435480550169749,0.40424701253360434,0.08913866324208733,1,0
8fd26a99fddf,0.10988929185305571,0.29201910263201053,0.32777478081453876,0.27031682470039503,2,0
8fd6cbf80a60,0.0630381038370172,0.538003436702341,0.29226713171738955,0.10669132774325231,3,4
8fde67c815d9,0.06632307572096392,0.6476471093434342,0.18368601224701203,0.10234380268858985,1,3
8fe8e5f3d9f2,0.10275728487712596,0.7419800426196574,0.1360572250896155,0.019205447413600932,1,1
8fece7358b68,0.6074740752067705,0.09903609300276472,0.17703626335452968,0.11645356843593514,0,1
900f971c9d9d,0.08960413644879459,0.4598561853981389,0.3798666960234288,0.07067298212963774,2,1
901033aaf100,0.08549270449594149,0.5096432529779747,0.10699401546771035,0.2978700270583734,1,2
9010d82f158b,0.31622880691838134,0.45137372148156885,0.05509385825381911,0.1773036133462307,2,1
90128165c011,0.1429614178370346,0.40975970460618805,0.24147193700070388,0.20580694055607351,2,4
9027e97cec00,0.01024880420874993,0.8441240650088077,0.10772685927557657,0.037900271506865944,1,1
9032f7dfa5b7,0.019313462957716826,0.6010416474571411,0.3249907086660851,0.05465418091905703,1,3
9039045a41db,0.4090666021196187,0.1395717223648032,0.21757860417011687,0.23378307134546117,0,1
9039323ef12d,0.8228209167528777,0.09395063086494122,0.06473354213792484,0.018494910244256337,3,1
904b2fc4d66c,0.16986853582516018,0.5444156491693087,0.2231290716480522,0.06258674335747892,2,2
90563a9f1f5c,0.07092851789754227,0.4425578178709882,0.25575838456550065,0.23075527966596882,1,1
906b1c0633c1,0.802094001251378,0.033436738411083834,0.14453227023159865,0.019936990105939436,0,1
90857afa360f,0.29644791091053335,0.22341502184242495,0.3103372205790767,0.16979984666796502,3,1
9092b76fd394,0.20381827388236068,0.25898139645432994,0.4619678185451154,0.07523251111819394,1,4
9099a377b0ba,0.022325694568626004,0.8411446411860752,0.1020860271970504,0.03444363704824844,0,1
909b093ebd7b,0.012462485950798905,0.6375069329207145,0.31347297543659614,0.036557605691890385,1,3
90bbbbe42dcf,0.33793672193738417,0.2440336744945608,0.31517879533828014,0.10285080822977503,0,2
90d2406651aa,0.5469903672679491,0.18078432668696798,0.06863792755726836,0.20358737848781436,2,4
90ebb1c07f60,0.37146765522454844,0.09348240753997888,0.22570757985929854,0.30934235737617416,0,3
90f926079a8b,0.8561519229912541,0.08769929191094249,0.049736802455578655,0.006411982642224626,0,1
910fd590ada8,0.10174274671432226,0.6418705375577927,0.2328033329080863,0.02358338281979883,1,4
9113eb5c46c2,0.12865472657215066,0.2970566386258463,0.3359626943689644,0.2383259404330386,1,1
9115e6b5aef1,0.48778788719283855,0.14145232088947757,0.24267793498253895,0.1280818569351449,0,1
911de1f9cbc8,0.058184227748928126,0.6571706320016076,0.1596057577221273,0.12503938252733687,1,4
912c5491499a,0.05319079350400487,0.4056754657117437,0.11173125262030208,0.4294024881639494,1,3
912f0bf73b2c,0.0792491810774344,0.6855290977264605,0.19904547141452122,0.03617624978158392,1,2
913182869146,0.06449410582064237,0.5955068573354553,0.32123954263598703,0.018759494207915416,1,1
914fd6a59eb7,0.04898954334902568,0.663202560381196,0.233357348990184,0.05445054727959441,1,0
9168248b2ad7,0.07411249785751962,0.5547989771740705,0.33570365262722,0.03538487234118993,1,4
916911dbc503,0.14258866587179192,0.6057805400431578,0.20633615583789228,0.04529463824715804,1,0
9185f141a3c9,0.041129677382465646,0.7981881036734341,0.10527845403262308,0.05540376491147741,1,1
919d121c32c5,0.14991820308328951,0.4082301766153241,0.41955077435923055,0.022300845942155794,1,4
91a2860aecda,0.09028714762798387,0.5293887611854053,0.11976305824737042,0.2605610329392405,1,1
91a5b9eda347,0.5886163401618522,0.1958496153884543,0.13801049649702113,0.07752354795267241,1,3
91bd57a2c56d,0.04252586097192909,0.7295204115926921,0.19944175578870865,0.028511971646670246,2,3
91ced42c375c,0.014270654527793395,0.8595844336242208,0.05840338182122053,0.06774153002676536,3,4
91dcfcaf5ee0,0.00405058141636776,0.9191042698954212,0.05168644165745716,0.025158707030753725,1,1
91e00c3ee94b,0.2040078610162975,0.28516505410088655,0.4387064159892464,0.07212066889356941,1,0
920248f0e483,0.15654182572677985,0.5734299774471924,0.12512036734253035,0.14490782948349745,1,2
9225830ff6e8,0.12117071483152501,0.41286181890396345,0.22809796985127773,0.23786949641323366,1,1
922ecebef0a6,0.16544890687855074,0.5389542168655456,0.18473318479291975,0.11086369146298392,2,0
924f402e5f21,0.3053098274757114,0.2431076137959924,0.3018459307017997,0.14973662802649654,2,4
926375b034e2,0.30844077551977556,0.41682477409828933,0.21877392980609775,0.05596052057583743,2,4
9273fc8c7085,0.6401165106597302,0.17645117965243,0.15776549663583617,0.025666813052003558,1,4
9276f2d48294,0.34862342649138356,0.1017136009091188,0.4675367551731364,0.08212621742636117,0,0
9283b3ca7c42,0.3676978295320597,0.17380615414794956,0.4095816971616089,0.04891431915838183,1,0
928e54bf8b2c,0.4635351729648355,0.1895433671529385,0.13926272645697096,0.20765873342525498,3,2
9291a5debee0,0.17148399931027475,0.3484739248910394,0.2938357108126193,0.18620636498606655,0,0
9298dad2b9d5,0.08532104182326436,0.6639751801234414,0.21564804038626445,0.035055737667029845,1,1
92a134ec6693,0.12078818029003692,0.6862575516486074,0.14641759507527918,0.04653667298607655,0,0
92a2802a224d,0.29971110439362203,0.18327775398469714,0.0629627354930497,0.4540484061286311,2,2
92aacc2910ce,0.8020298813370038,0.03771923868503771,0.08067579281349942,0.0795750871644591,0,0
92aae4899047,0.276683422706449,0.2743758693694267,0.35912355307297467,0.08981715485114966,0,1
92db40d7a773,0.4895709656567276,0.1646775654733392,0.29183802982606016,0.05391343904387298,0,2
92e2158a09b7,0.040942215359607896,0.2890587339347504,0.4230167758001473,0.24698227490549438,1,4
930457b2b7fc,0.14924522218646827,0.5025496862466948,0.15085348431535917,0.19735160725147766,3,1
93137dfd6a8b,0.04171472145890134,0.5461936555507019,0.10737885467050981,0.30471276831988714,1,4
9315df5edab8,0.20164062048632425,0.27055629961250055,0.2220941618565585,0.30570891804461664,0,4
932c6343566e,0.4944653372704318,0.12870068032181065,0.29339059607794754,0.08344338632980988,0,3
9330e8848d54,0.12476951798684977,0.7438882972408715,0.05780820291215344,0.07353398186012532,1,3
9345d903a235,0.16253461304985128,0.516117610353315,0.214042807035641,0.10730496956119262,1,2
9348d63bc024,0.49878297159222007,0.1714140072446448,0.2504582569336,0.07934476422953524,0,3
936046fa7b66,0.059341738663219644,0.7237650301455102,0.08137500683902618,0.13551822435224395,0,4
936679c7b27c,0.27555228242664853,0.22998744173502372,0.445071177974451,0.04938909786387678,2,1
936867da7b98,0.12845874381065475,0.4600265352324382,0.2067513154091893,0.2047634055477177,1,3
9376fced310c,0.6471538481852931,0.06786416096912704,0.058483716901125755,0.22649827394445424,1,3
93882c2250e5,0.6416784003208346,0.053912455056319086,0.2742436289980807,0.030165515624765656,1,4
93915d2e405c,0.3009242424828225,0.2552596719857606,0.4036126488203655,0.0402034367110513,0,0
9392e6a8e272,0.18784638469322404,0.10039607934061168,0.38407890368605885,0.32767863228010546,2,4
93b2c01193e9,0.07962548257466251,0.725965793539397,0.14428687463842338,0.05012184924751707,0,2
93c6a74d9ef2,0.112796910361189,0.1390938811222448,0.7166206114427672,0.03148859707379898,1,2
93c9ce299102,0.05755948554439045,0.6274566472964319,0.10668507985459547,0.20829878730458232,2,1
93e8a7d28f91,0.5700492838903687,0.06617267263485388,0.2653000825920895,0.09847796088268795,0,2
93eaff86bff6,0.49605442744018174,0.13860818734716318,0.21685047017873946,0.1484869150339157,0,2
940927eb98cc,0.4228408685192544,0.17740684304141394,0.3345604713121025,0.06519181712722917,0,1
9424c80e0448,0.2413636120408349,0.4707387119813042,0.2236924917892193,0.06420518418864164,2,1
943486bb3aac,0.006106687375455865,0.8391056151774694,0.09433508740805252,0.06045261003902218,1,3
943d27c0247b,0.2082400633333669,0.4303936826585968,0.2112811127518307,0.15008514125620567,1,3
943eaf84ee7e,0.4572391627563789,0.15778350129895735,0.2209861242799431,0.16399121166472067,3,3
944341248373,0.07418516149412628,0.6426423919850613,0.1253497888450995,0.1578226576757128,1,3
945d11f79ea4,0.030577749689803205,0.6142629153320245,0.3213983894242756,0.033760945553896644,1,4
94708a574bf1,0.07449271953826085,0.6472410072645366,0.2529216140728368,0.025344659124365773,2,3
947af0140d33,0.11925181815314585,0.21526465041626178,0.3464605721932008,0.31902295923739166,1,4
947bec537575,0.1930568798849445,0.2535331469103009,0.42980051798205765,0.12360945522269688,1,4
948a3520b1f3,0.44671677062280585,0.12598210941411223,0.23288711377116308,0.19441400619191895,0,2
948b59d6a856,0.18755503507057988,0.437097640010331,0.33840222533718906,0.03694509958190023,1,1
948cbaad29d8,0.5314460646074677,0.18663782284137478,0.16803087190616442,0.1138852406449932,1,2
94a3a166d2e6,0.4485755913591781,0.29678263876706484,0.1628738710729905,0.09176789880076645,2,2
94a65a60dd0f,0.2568194259405266,0.19040013215060403,0.4444442743256315,0.1083361675832379,0,2
94df074651a2,0.4657944311655158,0.184362235441171,0.27811573607389234,0.07172759731942072,2,2
94e318e3c980,0.15385182248011323,0.3733425461641992,0.35753014823455137,0.11527548312113607,1,3
94eda787df5b,0.14194881946419927,0.4790912978562585,0.30560356418128853,0.07335631849825378,1,1
9506596cb1ab,0.41916181946060815,0.20220495281698728,0.22661737092666565,0.15201585679573898,0,3
951400899440,0.06666881454091651,0.5463992048755933,0.37357182171523595,0.013360158868254146,1,3
951b8755c772,0.005403469386802947,0.9509424838698868,0.04169412723193517,0.001959919511375281,1,4
952077ae882b,0.4705005994281752,0.12180508418767465,0.11189212221758177,0.2958021941665684,0,2
9526218fe33d,0.09399916007452785,0.7156535377192259,0.09234917336588659,0.09799812884035969,1,0
952f04d9cfcc,0.23278290464400359,0.38224050641536755,0.2777654332764237,0.10721115566420515,1,1
9533d6931fc7,0.016680846842648662,0.840560182358107,0.1047964872329517,0.03796248356629255,1,2
953e5e477eaa,0.07605705989466796,0.40227498215279905,0.30663503892816096,0.21503291902437205,0,4
954f8acb98dd,0.8497308397579127,0.044293169142089354,0.08702189085351596,0.01895410024648199,0,1
9554527fd4a5,0.24914499746289162,0.31338396935029594,0.4020026489778816,0.03546838420893086,1,0
95566106ef97,0.06458340757560724,0.6584796094985452,0.16893524326706313,0.10800173965878446,1,4
955c9a911fd0,0.38853449132611906,0.27975659832546995,0.2975592784674046,0.03414963188100632,3,0
955e9f43b034,0.15227302924356143,0.30312665134964767,0.2859189029296346,0.25868141647715626,0,0
956d5ff78f91,0.5816544969010872,0.16054404449120815,0.19926905539827183,0.058532403209432704,1,3
95728086046a,0.23576203143499802,0.404604808684488,0.27835101783612043,0.08128214204439364,1,4
9575884bee6b,0.18577069632539753,0.25344613351614553,0.3187043296995748,0.24207884045888226,3,0
95843bf24ddf,0.1023072949034387,0.10962414259908965,0.19685257264949418,0.5912159898479775,1,1
95857167b435,0.5260046978322375,0.2314871552662743,0.19944136464927664,0.04306678225221168,1,2
95940c3f283a,0.3265065526732585,0.22184802970331732,0.3364932648371608,0.11515215278626328,0,2
959d3d0d8199,0.10554538924250007,0.2924924805418219,0.3893226027184759,0.212639527497202,1,4
95ad3f9aa671,0.4421059257523284,0.136562777264395,0.257933020260219,0.16339827672305773,1,4
95bdaffbc7a2,0.13466473571337723,0.5453261459676629,0.3094174463469287,0.010591671972031202,2,4
95c2b109d0d4,0.21800715797170134,0.669068390777239,0.06704503491024308,0.04587941634081651,2,3
95c3cd8b0bba,0.2060520760997338,0.3188647015355152,0.325235545262427,0.14984767710232408,0,1
95da43e095d3,0.10421078333190512,0.33881315945163526,0.304478037868538,0.25249801934792165,1,1
95dba116ccd2,0.050406481345360764,0.48095273313648124,0.34811556564178614,0.12052521987637208,2,3
95eb56f807cf,0.4522798871037595,0.14808546764517494,0.30261717656149767,0.09701746868956794,0,3
95fcf5433b40,0.05610434866952754,0.49184982080193046,0.1349397810045721,0.31710604952397,1,0
95fd7cfafd10,0.05903012164381385,0.6969265224596758,0.19374074649444664,0.05030260940206381,2,0
96067887a106,0.7002362102087833,0.134298919447456,0.08826988377693985,0.07719498656682082,0,3
960d37415757,0.1624991968813325,0.48648426222178587,0.2506117792320713,0.10040476166481033,1,3
961761c43308,0.059599457202695535,0.4410956013242763,0.36696760617561686,0.1323373352974113,1,3
9618c3ca410e,0.19331374616474087,0.4590555063135242,0.2666727563534634,0.08095799116827151,1,0
9624ffcd114a,0.34391601960591495,0.20470232125148777,0.04684633295357833,0.40453532618901894,1,1
962b514336b7,0.24855071593842556,0.4623855577218832,0.21650573382805993,0.07255799251163127,1,3
9639e228b628,0.08847637520898963,0.5284095758940399,0.3042312167879398,0.07888283210903065,1,2
96427109f6d1,0.11236133196886174,0.38702689448886274,0.4179078861551344,0.08270388738714103,2,2
96448f229e67,0.2734064732538837,0.5510481519193057,0.08233686110323173,0.0932085137235789,2,1
96533d9801a9,0.742859076222132,0.09541030298751696,0.14052172137582047,0.021208899414530573,0,3
965aa8281388,0.041261603712248546,0.5256158780845529,0.38402056605610474,0.04910195214709382,1,2
966247fbd8dc,0.17915650722583398,0.27258743867049895,0.3022007881693405,0.24605526593432656,0,0
966b3f33b181,0.00806172739628712,0.8608660993492978,0.10006958553538711,0.03100258771902794,1,1
966cf034dd4c,0.12531941934421706,0.5490094370096104,0.2717715818372968,0.05389956180887582,1,0
9672beea2200,0.08705082718976069,0.7213271860503736,0.12636127947247708,0.06526070728738857,1,2
9680b6bc8e55,0.20332223530592455,0.40476783459689597,0.27543210259114886,0.11647782750603057,2,4
96847884be69,0.06145298379901165,0.34873395428345544,0.4553333132977452,0.13447974861978773,2,2
96991f19b1f9,0.6057069912459367,0.06395913945468848,0.27450461083640415,0.05582925846297058,0,2
96b52adeeca5,0.1882264317801478,0.26011845516545384,0.3994207317542113,0.15223438130018707,3,0
96d1f9ad6e80,0.21988399294582753,0.27478269670515054,0.3531222167956343,0.15221109355338758,1,1
96d6988dafa4,0.7231813480501202,0.08410921718369206,0.15067946746920358,0.04202996729698425,1,2
96d9d0f47cbd,0.4787186458059371,0.246061588957089,0.17241605155941286,0.10280371367756111,0,0
96dfa1261098,0.6496978114665216,0.06603686527518034,0.1154474263407307,0.16881789691756732,0,4
96e0daba7ca8,0.13404635912330667,0.42341647266381627,0.28185650290026737,0.16068066531260983,1,2
96fa47f2b83f,0.5450750007107112,0.14537654228235083,0.16487088810082584,0.1446775689061121,0,1
97020cda085f,0.039584782006938046,0.6997016536492137,0.21636023483286396,0.044353329510984335,0,3
9704fd5364eb,0.7616172664051173,0.04137055291582185,0.11293021242768553,0.08408196825137519,0,4
970c96c9fa5d,0.020341151441819746,0.6869608516415012,0.20608631192435245,0.08661168499232647,1,1
970e477a229f,0.6958214150416127,0.09447510378708063,0.08341739632134139,0.12628608484996515,0,3
973c7216c8d4,0.78258576629544,0.057682963782184384,0.09378879527111411,0.0659424746512614,0,3
97674ac9caab,0.09762219439577072,0.7832549898882549,0.10060076314576503,0.018522052570209353,1,4
97692c000b63,0.10280166435760023,0.6103061149305069,0.09361660970137063,0.1932756110105224,1,4
9776469ed2a5,0.7349619391550412,0.08042844592925359,0.08214661231356983,0.10246300260213541,0,4
977af8f945cf,0.839725311746219,0.057404672635309364,0.06900457263596017,0.03386544298251155,0,3
9785b5d2ce37,0.43469533875607685,0.10652891343687179,0.3629981447810825,0.0957776030259688,1,3
9788d6db5ccf,0.4337174462592972,0.1690939099527933,0.21720775897243708,0.17998088481547247,0,0
9793d59830f1,0.4704415682820858,0.13510218283261322,0.25662351500553776,0.13783273387976316,2,1
979f302a2fef,0.42663091217121435,0.22486194014313468,0.120054692607604,0.22845245507804696,1,4
97a4dc6f1f5f,0.10013626327417813,0.6668617267791916,0.12114557204759309,0.11185643789903725,2,4
97ef8dddd102,0.47993737347245846,0.07025677321860443,0.3993041943201342,0.05050165898880291,2,2
98023f79d14d,0.06207001715239233,0.7959707437773507,0.09453029817508396,0.04742894089517318,1,1
980351f05de0,0.23423500167301084,0.21128113627935272,0.18152357463775506,0.37296028740988146,1,1
980a690320eb,0.015276008394823912,0.7101826289210056,0.11037936308406911,0.1641619996001013,1,1
98177d6d0db0,0.0992885764363433,0.5678189588845639,0.28836772011675244,0.044524744562340346,1,1
9817859ffa87,0.019730699840677938,0.8567244367523478,0.11492713337237191,0.008617730034602453,3,2
982b445c0d1b,0.07143208397084612,0.7659754842072461,0.11830051348317491,0.0442919183387329,1,0
983579cf7e1a,0.09539414997912588,0.7320038098081332,0.07383173390333574,0.0987703063094051,1,4
983673fbc3e3,0.3123579478015274,0.4653539408717153,0.1654516813858887,0.056836429940868585,1,1
9842ee31aee8,0.11016170901241382,0.5748481553574585,0.29898226123989036,0.016007874390237365,1,0
9847df53f2f7,0.6710550899426829,0.11910087560253979,0.1751460649510454,0.03469796950373187,0,4
984ce6dfbc51,0.2825194891094171,0.29082625120938344,0.28512062476998623,0.14153363491121324,3,1
9855cbfdcb71,0.7516458933544702,0.12520830476692882,0.08371963288172284,0.039426168996878154,0,2
985b26811cf7,0.09027420249172823,0.7336538758569423,0.07879631825403169,0.09727560339729775,1,0
9862e4094231,0.20866872801620084,0.34334073654097513,0.4143452514196027,0.03364528402322134,0,4
98696039f5a0,0.2630156706611616,0.14601759720116356,0.289668644390541,0.3012980877471338,2,1
9872417abeed,0.35296008277165264,0.09900118111557964,0.4801746370358251,0.06786409907694257,2,4
9878f8b090bd,0.525026796796569,0.1419855643081041,0.2869695166257014,0.0460181222696253,0,2
98868469e23c,0.0957888859593312,0.3458146102465497,0.4817071682784209,0.07668933551569815,1,1
98a3f60e39a1,0.38392465512417484,0.13110517278096948,0.45113004462133255,0.0338401274735233,0,4
98bbbab1a415,0.09355666278729481,0.5119135852742127,0.23527821238891433,0.15925153954957805,1,3
98c6965e9185,0.08322279863650713,0.5683906245271292,0.30311152800364044,0.04527504883272326,1,2
98ca208a6e43,0.4453897981315689,0.1702301688569684,0.25917168208087565,0.12520835093058702,2,2
98cd48a41756,0.0821041620532702,0.6491306997509104,0.20087440407781862,0.06789073411800083,2,1
98cd793644aa,0.049041021431976944,0.5896814088380518,0.28440973319441465,0.07686783653555664,1,0
98d13a3c4060,0.6939199297067015,0.0443139852581669,0.13766136701839257,0.12410471801673913,1,1
98d246dec8db,0.8342978871706831,0.03560839952036759,0.0598230633680903,0.07027064994085894,2,3
98e5ea7a176d,0.2674957250119533,0.29922241646858777,0.25031415114639527,0.18296770737306364,2,0
98e86888141f,0.06918676154808398,0.7493454546735965,0.13024625809613105,0.05122152568218849,1,3
98f14a54fa31,0.19384109595477644,0.4989633613218542,0.2287026827463508,0.07849285997701856,1,1
98f702bb9649,0.4982499783784891,0.14426598286336817,0.21534339084748322,0.1421406479106595,1,3
990642807f68,0.40867057219746594,0.230793162044602,0.16318147649174025,0.19735478926619182,0,1
990da56b9183,0.1608323564480681,0.4402656560031336,0.1944719290769374,0.20443005847186077,1,2
990fc38a16ae,0.19579082643195944,0.629198383217068,0.02966938378085378,0.14534140657011876,1,4
9911a3ab56c2,0.42064091931284237,0.09659144424220907,0.2698259801538103,0.2129416562911382,0,3
9915d9038245,0.07339265064625143,0.27313403338980285,0.39625386585692485,0.25721945010702085,1,1
991c7282e91c,0.5224004288240575,0.22893963897117392,0.19738645120565715,0.05127348099911154,1,2
991e39f747a1,0.807056427673345,0.02427208426592073,0.1002964025913253,0.06837508546940889,0,1
9927fbe86982,0.1549524790578583,0.24663544196942516,0.4441600741715565,0.15425200480116003,0,4
9945a45c802e,0.05214766603426092,0.7088625645069784,0.13529709991264907,0.10369266954611159,3,0
994885f06db4,0.18237383339121002,0.49015415864396855,0.08847799846247643,0.23899400950234503,1,1
99499db74741,0.35863571538070926,0.27749347901452626,0.20089117372542525,0.16297963187933934,1,0
995b90d044b3,0.054222321135435646,0.6677059139141653,0.22505052037470022,0.05302124457569883,1,3
99606cd849bc,0.21323425128337908,0.1620315470142394,0.10814765598080545,0.516586545721576,2,1
996e865f85d2,0.12947547435267753,0.6561735623295046,0.18157195290205486,0.03277901041576301,1,0
997985cf7142,0.3041066110714782,0.28985532538413267,0.26364877859592534,0.14238928494846387,1,2
997b769bd2bd,0.16830496215790317,0.4000073359646368,0.408253936017904,0.023433765859556137,0,2
99a33da42b9f,0.42854117616576465,0.14240072183250932,0.28820035603644856,0.14085774596527756,1,3
99aa2bb52d7e,0.21157071828415142,0.11667911375456018,0.3411405010228793,0.33060966693840915,0,0
99ba95380399,0.5890913859500649,0.060713176365144374,0.2819107489557792,0.06828468872901153,0,1
99c1585d12cb,0.060936546346773895,0.7728784566824969,0.10937437782343384,0.05681061914729539,1,2
99c38d2b32b3,0.3894571007378349,0.2766266016677621,0.19791399814563543,0.1360022994487676,1,4
99cb5766690f,0.2552464522961706,0.1517002007708834,0.3728597441597076,0.22019360277323852,1,2
9a0b8204400b,0.2534368058080309,0.21857364953830327,0.2723468237657983,0.25564272088786755,3,4
9a19d3c19232,0.15798477033213146,0.20823695648855187,0.4242245602484442,0.20955371293087258,0,4
9a2ad069cce4,0.014791605894472573,0.49126941020352066,0.40814658394893827,0.08579239995306856,1,3
9a493656953a,0.09053431992700997,0.4760774439522124,0.30570856089628234,0.12767967522449514,1,3
9a4a6abdf776,0.19882508597993043,0.2978282573959888,0.40720993230344577,0.09613672432063498,2,1
9a769075f534,0.8107023872191542,0.04572040491627432,0.11064511202167072,0.03293209584290074,0,2
9a7b51f98ab5,0.3708151410411163,0.4795000979822,0.10939650788676568,0.04028825308991812,2,2
9a9306122b73,0.36853171422147224,0.2986665169470335,0.22884171403847153,0.10396005479302278,1,1
9aa19b9ab337,0.08566101860891397,0.29894794976993416,0.5412080753606827,0.07418295626046918,1,3
9ab36af82642,0.3653339961228354,0.429913248269129,0.1748859269253076,0.029866828682728008,0,4
9ac50f02c18c,0.6791031613383196,0.08329819093319578,0.1579222755795251,0.07967637214895945,0,0
9acd72663429,0.055112863099732144,0.8370090241840926,0.031857752519218824,0.07602036019695653,1,1
9ad7aec257e6,0.16838602384183957,0.7101319880451256,0.07238988964711132,0.049092098465923606,1,1
9b1d142bd9a9,0.008010085948089819,0.8540861069055768,0.13506214506672895,0.002841662079604147,1,2
9b1e813ea349,0.32446076228019155,0.20021041341880097,0.2828422655026118,0.19248655879839563,2,4
9b350fdf9d64,0.2766881462999963,0.43306364676535003,0.25594752974456686,0.03430067719008678,0,4
9b3748a1c634,0.6169576417497099,0.11201696574580819,0.20187048905441657,0.0691549034500653,0,4
9b4bd818dd00,0.22169313361653673,0.38978525595619495,0.3487137389329519,0.03980787149431653,1,3
9b5b8816a625,0.3188397364792652,0.4771084679144166,0.12871989702597142,0.07533189858034685,2,3
9b645ac3442b,0.036871956143348456,0.5551377625983908,0.25179014922586673,0.156200132032394,1,4
9b6ddea1d71e,0.33645454455832624,0.3913842787122237,0.22453318482541743,0.04762799190403268,1,4
9b7abbb52fe9,0.28572046747683477,0.36946023028906805,0.18586717871349315,0.15895212352060406,1,2
9b978a92670c,0.2506507079761457,0.2336523015484071,0.4189241651439013,0.09677282533154583,0,4
9ba12eba8ede,0.038935391367630766,0.8584437756323324,0.09232058509402294,0.010300247906014004,1,0
9bc0baeae132,0.7270602953471873,0.06360123195271364,0.10631972164010076,0.10301875105999823,3,0
9bc1a2bcd4b7,0.16486623278214477,0.35070786837328255,0.3869135383363328,0.09751236050823989,1,0
9bee391e272c,0.07730884280840346,0.7284284114596532,0.1688298833775168,0.02543286235442658,1,4
9bfc747353b9,0.04733031640710633,0.7830858016083344,0.12410788868252265,0.045475993302036576,1,1
9c03092ea533,0.19086716960460803,0.2220541752007356,0.22053807541327683,0.36654057978137944,2,3
9c1f5a410926,0.048865031135887194,0.5798545744498416,0.11631072363031293,0.2549696707839584,2,0
9c7647d1c27a,0.6798392081518991,0.17044363072008104,0.14154669220930943,0.008170468918710367,0,3
9c9195463881,0.43243146368558444,0.4026338669415672,0.07415782125184384,0.09077684812100441,1,2
9c95946da400,0.17434261819540767,0.40407811750553563,0.3550858542073609,0.06649341009169592,2,3
9cb94320645e,0.5532203823398019,0.15995055712377754,0.218659472800396,0.06816958773602452,1,3
9cceed954b94,0.6595259398561725,0.22453714731145058,0.07549171683198738,0.040445196000389476,1,4
9cdcb56eaaae,0.30483679014988235,0.24501130494206103,0.2452192818099528,0.2049326230981037,2,2
9cdd781b61ab,0.2138243812312049,0.4538335803405288,0.15429060059459043,0.17805143783367594,3,4
9cdeca924178,0.6031140836380104,0.19345542842975863,0.1550468744476004,0.04838361348463054,0,1
9cece086de6f,0.41088028755839684,0.13638808300125776,0.23305205558876244,0.21967957385158285,0,0
9cef4ea2d3e6,0.706308366982923,0.0660235758267924,0.16976530288755695,0.0579027543027276,0,2
9cf41cd052f7,0.8119564970738178,0.04839958462151305,0.10238827241009306,0.03725564589457612,0,0
9d0157caf088,0.4721485841543646,0.09305137484293716,0.26930427321551464,0.1654957677871837,2,3
9d07514a1023,0.836015454978811,0.04927963765043157,0.052174112284886,0.0625307950858714,1,1
9d17eb56c1ab,0.18295641494975967,0.2728672804767777,0.28334644727580593,0.26082985729765656,1,2
9d1c6d0be5b2,0.049989973194146005,0.511425758416934,0.12422222093373021,0.31436204745518975,2,3
9d2251392b2d,0.3429356465893898,0.29386793384113424,0.24596850332506776,0.11722791624440808,1,3
9d2c1cb6203f,0.034404085302846506,0.7070489636966598,0.2392014729412296,0.019345478059264048,1,0
9d41436ab64b,0.5101604067832786,0.21947932046241836,0.12533067182150165,0.14502960093280148,2,4
9d46d14396b9,0.27004807474403897,0.1750843658825928,0.28183454236439326,0.273033017008975,2,4
9d514ce429a7,0.1112362758573116,0.325906148460077,0.45899482813104575,0.1038627475515657,1,0
9d553ab91801,0.5957199713229298,0.09023036123873865,0.2634619823714704,0.05058768506686132,0,1
9d55b43150e5,0.49537893501244856,0.14702818849478988,0.21027129048596233,0.1473215860067991,2,1
9d5a724952f4,0.320495070777706,0.14354849489637528,0.274575664284834,0.2613807700410848,0,0
9d5fb048b2e3,0.6627169255704968,0.04233834976623977,0.12206708108619212,0.17287764357707133,1,0
9d6647847383,0.0427782941190627,0.7732966545974617,0.11814753823456452,0.06577751304891111,1,1
9d66cc2c906f,0.8501448837843322,0.016735832607195085,0.08730983333352445,0.045809450274948364,0,2
9d85cfba99ae,0.06948232024678513,0.5634604980706449,0.28083641892054273,0.08622076276202724,1,4
9d8fb5abccc3,0.031145868474801955,0.737153866177271,0.13601409326174096,0.09568617208618627,1,0
9da3efcced2e,0.08121724170614775,0.77441854230602,0.12404246279416309,0.02032175319366922,1,0
9dc2ebecf986,0.14584888255971395,0.5902113715855214,0.22155211104750827,0.042387634807256325,2,4
9ddd0027433b,0.16139724165418207,0.43831287341840847,0.1290935371435279,0.27119634778388163,2,2
9deb368bf67e,0.5697592145638796,0.09505169467226539,0.2076581280147664,0.1275309627490886,0,3
9e1b05a7acb8,0.36499632438283375,0.17619952747769385,0.3312810977469286,0.12752305039254389,1,0
9e203aeed99f,0.4380170785097665,0.11105936188803653,0.2578789690798377,0.1930445905223592,1,4
9e2ce8e735ab,0.055364357010832685,0.5206535409212106,0.04559781555528493,0.37838428651267164,0,3
9e344b8a4fdf,0.320236273107923,0.19782100137936137,0.3102370543398954,0.17170567117282015,3,2
9e3727c8eb64,0.10096456809304222,0.5255444259735064,0.16183463630408673,0.21165636962936463,1,1
9e49c8e24623,0.6483125164489945,0.07256057600511338,0.16433525050094322,0.11479165704494881,0,3
9e4d14c0491a,0.2324064969653211,0.21389308490409373,0.39120258289107135,0.16249783523951367,1,1
9e54c4048c29,0.8013175649194353,0.02832078733886775,0.10934534811795274,0.0610162996237442,0,3
9e5cb858ff8a,0.8434834582728215,0.042144225318576,0.07539752003240878,0.03897479637619379,0,2
9e5cdeb53c06,0.7527677601864018,0.03658551284025722,0.09758973924437361,0.11305698772896733,0,0
9e61d18ded2f,0.14418350067194502,0.493681435194403,0.33523968930477993,0.02689537482887208,1,1
9e649215f5a8,0.5587932289459917,0.2524378353568034,0.13729170027127124,0.051477235425933555,0,0
9e6e8142ca4f,0.45937946973301375,0.10840292131124092,0.29455060062337507,0.13766700833237036,2,1
9e70afac2591,0.3493605100012997,0.1270561551209193,0.39523473844877427,0.12834859642900687,2,4
9e99231860d5,0.046370127299747106,0.7000305939522257,0.22862509068884007,0.024974188059187,1,4
9eabf871003c,0.03579468369855713,0.42583386454097005,0.4919959005017151,0.0463755512587578,2,1
9ef4fd7b2557,0.043895897752198106,0.8380293041152209,0.06579411157845295,0.052280686554127986,1,3
9f0ec4c9eba3,0.05382606900687963,0.6311351236720828,0.30990022788017474,0.00513857944086276,2,1
9f18402a0625,0.3950547549561615,0.19181782081975116,0.16809566146798752,0.24503176275609986,2,1
9f2c8b935d12,0.3323028951870847,0.21580172986995155,0.25361347897122066,0.19828189597174303,1,3
9f46e9ceed53,0.6224447427274034,0.08009158816399847,0.2256421669506648,0.07182150215793337,0,3
9f61fffd8a09,0.067088038305699,0.780012996382796,0.11571230631245172,0.03718665899905338,0,4
9f95066c5136,0.043454720607961,0.8484456760090769,0.043960007194009346,0.06413959618895271,1,0
9f980fd8cfa2,0.049507190889022425,0.8691083307389791,0.056918718359250844,0.024465760012747775,1,1
9fa2ca50548e,0.2379688792790293,0.49089526825331375,0.2088159156470219,0.062319936820635136,1,3
9faedba4b8f9,0.312474794717399,0.4638569392379273,0.14124520144716288,0.08242306459751068,1,2
9fd6d2ef1078,0.18594389456439472,0.46250108810353835,0.1167255502012431,0.2348294671308238,1,2
9fdc942fef5a,0.4718348441269816,0.03647721322640218,0.06940341673075995,0.4222845259158562,0,3
9fe9b5770dcb,0.5422682103539826,0.08790886838179518,0.1940647956544602,0.17575812560976203,2,2
9ff049a6b395,0.6544208817625605,0.05167088095528281,0.24422200931698534,0.04968622796517129,1,2
9ffca298e56d,0.4054854692880566,0.1604191289992946,0.2843316428296971,0.14976375888295185,2,2
a00e889aef1b,0.44094292834722737,0.2183651624524912,0.12893191735178716,0.2117599918484943,0,3
a00ea9526864,0.20211225155436174,0.21475478729437367,0.43223020414639446,0.1509027570048702,1,4
a010493089f1,0.21764271645606345,0.2628120038869709,0.3279094850339488,0.19163579462301691,3,3
a01635a34416,0.24816811625470678,0.33113161382523254,0.2918065343848709,0.1288937355351898,2,2
a0254bf8a96e,0.1397229172126429,0.21914522063169053,0.1626860612432171,0.47844580091244937,0,2
a03475617868,0.49382158242447366,0.2639377868557619,0.17363319798943644,0.06860743273032793,1,1
a039c3e66fe8,0.23834249901616011,0.45337734565979165,0.13979568856960156,0.1684844667544467,1,0
a03daefd7f50,0.27620393120801645,0.3396643569760951,0.33135233874775727,0.052779373068131144,1,0
a049406d1973,0.04082838635178504,0.6608829620137493,0.053188316044163915,0.2451003355903018,2,3
a059024800d5,0.7041218527620297,0.10510971448878247,0.0985417516142223,0.0922266811349656,0,2
a05e3567f7f8,0.1262573057147969,0.6499870019825019,0.11454319921842378,0.10921249308427733,1,3
a0627abab45a,0.01396235039599748,0.8317603058940716,0.1444812063872485,0.009796137322682318,1,0
a072ab44ba69,0.22585011144993405,0.174235907186162,0.4454480577924279,0.15446592357147598,1,0
a0927e51897c,0.24656274048554053,0.42774825365629593,0.12552245519006425,0.20016655066809944,1,3
a0aeed6297e4,0.48147002151442975,0.2009026258646279,0.11612677383114742,0.20150057878979497,2,2
a0cb0b96fb3d,0.09883581781571923,0.5625398158429495,0.3192539779069803,0.019370388434350863,1,4
a0ee0882a1af,0.23563473739480784,0.3730921217936058,0.1880008123993336,0.2032723284122528,2,0
a0f781c851b5,0.6162094238744289,0.12580834891077194,0.11063311590763586,0.1473491113071633,0,1
a0fa0c688236,0.049260160132223396,0.5591960990512286,0.2336753964121764,0.1578683444043716,2,4
a0fa7251455a,0.7235981469625785,0.04605498444615669,0.10007273106579558,0.13027413752546932,1,0
a1052bbfc9b1,0.2513543028821234,0.26884190130446894,0.34394859733178257,0.13585519848162508,2,3
a12376c1eb75,0.06920085668307084,0.18738304754194005,0.0721521779996078,0.6712639177753813,2,2
a12656e39aaa,0.01287250636331041,0.5621020776260034,0.3796688344684159,0.04535658154227036,1,3
a129df480e7f,0.2090370336661417,0.07263782100407441,0.6640507580906361,0.054274387239147855,0,2
a12f0ab3d7ed,0.09982930875560854,0.7723628628753204,0.09294198603159068,0.034865842337480364,1,0
a15ae5112312,0.27593892166726225,0.23314495990208461,0.4342233304393024,0.05669278799135074,2,1
a170d9c2a410,0.22855934355635268,0.33137924614570113,0.3490828316473281,0.09097857865061804,1,3
a173eb366e83,0.21265567102419938,0.1978595286379805,0.35419885792684874,0.23528594241097145,1,4
a17c8a3c6416,0.36337604662008127,0.29625114540852493,0.2283711961005924,0.11200161187080132,2,2
a17dffb1dcf9,0.29747551605459716,0.23947288520208837,0.3690647837876188,0.09398681495569568,3,0
a180e392df12,0.26600613063432244,0.22216018264826656,0.21286459713851894,0.2989690895788922,0,4
a1844a4ba6f2,0.2587573845694438,0.5431954261706395,0.07861807049575864,0.11942911876415813,1,1
a1864aaf556e,0.33719275584234604,0.3326224487009688,0.24833766061948323,0.08184713483720185,1,0
a19382e3cce5,0.26948759506753917,0.21988906123688465,0.2445136200014482,0.266109723694128,1,0
a1a0ff86b50f,0.05656992256373527,0.7116750426470225,0.19852108438550506,0.03323395040373711,1,1
a1adb406b342,0.04715130761779074,0.5826412824351227,0.1563852568638309,0.2138221530832557,1,2
a1ae5f6f0d47,0.02486269005794842,0.6992600808254567,0.2492752578991306,0.026601971217464132,1,4
a1cc057809db,0.35350921415954845,0.11980791738497477,0.2787354650045481,0.24794740345092878,1,2
a1d3defcc10e,0.4415360594173495,0.12714275777510084,0.20221898034822006,0.22910220245932952,3,2
a1d3ecf7c3d7,0.10668599054636267,0.3887739221775266,0.4058658089462192,0.09867427832989148,0,4
a1df5617626b,0.0912200947738639,0.4519477213234267,0.3373119915869103,0.11952019231579904,1,3
a1f9e53e9270,0.1493559779236384,0.37849051821828816,0.4343290221862546,0.03782448167181888,2,4
a1fca1702255,0.5849204637287213,0.09902004659342958,0.2067206262986505,0.10933886337919857,0,4
a2040274d57b,0.3944611226611167,0.353807457930007,0.06710312585047727,0.184628293558399,1,3
a20916a9f4fe,0.14423853987632657,0.5808822654831081,0.20841872891236854,0.06646046572819665,2,2
a20c8c388d36,0.009743184699198371,0.9335257605800978,0.03737930626088912,0.019351748459814758,1,3
a20f42a2f5b0,0.023619386205859027,0.7238944663993327,0.2103462571814104,0.0421398902133978,1,2
a21b244030e1,0.5512055077134586,0.09892054395780464,0.20906220148588134,0.1408117468428554,0,3
a21d04e8fbe1,0.0865956740472526,0.42569475989087474,0.3974585767388705,0.09025098932300228,0,0
a241b8b55623,0.34351687177540524,0.4822916184295257,0.13244639968192598,0.04174511011314317,1,0
a25113d5cb14,0.40158604184696733,0.15771816839954939,0.34729171109936186,0.09340407865412127,0,3
a26315a4a01f,0.06269333483824578,0.5118435231884134,0.38777248903443917,0.037690652938901566,2,4
a26c23e61853,0.09570106346464767,0.5229721187678598,0.33035558102943563,0.05097123673805703,2,1
a27ab5ca843e,0.12608077348389463,0.288423614056393,0.484489583213143,0.10100602924656937,3,3
a286861ce88f,0.49255445371688217,0.17783905138932588,0.2576408287827291,0.07196566611106292,0,1
a286afd80fbe,0.5869257498480407,0.09589240667413383,0.24310063765150478,0.07408120582632065,0,2
a292b1d0cce3,0.13191707891922788,0.25344415995917924,0.22656859389256137,0.3880701672290314,1,2
a29b6e721a2d,0.21965648340062732,0.16360619639988028,0.5310015115117922,0.08573580868770019,0,2
a29dd9b40ef0,0.034844844290187756,0.8094216744833425,0.13471566026952111,0.02101782095694871,1,0
a2b155b28828,0.31255957097446724,0.209926866632144,0.22784254542047322,0.24967101697291544,1,0
a2c18811ac63,0.8502904231954806,0.014732388888539845,0.11927971369505792,0.015697474220921603,0,4
a2c441a9a2fa,0.5152259374775989,0.1042048712580742,0.2881515448794526,0.09241764638487435,0,1
a2ca59370337,0.17333149471315512,0.233891530500876,0.3788773201993219,0.21389965458664703,2,4
a2dab8d548ca,0.17961669784984405,0.6380173269124568,0.043888647660444674,0.13847732757725442,3,0
a2e68abf134c,0.09441280198173783,0.6939855943197409,0.08315286642471932,0.1284487372738019,1,2
a2ea009b52fd,0.05900269353314814,0.8639761125014264,0.03946260243058169,0.037558591534843845,1,2
a2f3fa59d0cf,0.08168605368737655,0.5315512474777474,0.2605761187590408,0.12618658007583525,0,2
a2fd15d23a65,0.037519733034645425,0.5001354974045253,0.379950294575762,0.08239447498506708,0,1
a2fd48c105c1,0.09196538988994091,0.742653472522466,0.10405369332261245,0.061327444264980595,2,3
a30df02de39d,0.7962426248767138,0.12683572723571657,0.05057944761625666,0.026342200271312892,0,2
a312d66f0f1c,0.014260967184506026,0.827312152982763,0.08080223132137677,0.07762464851135423,1,2
a3262ea06be3,0.10920537882112315,0.27263840921766797,0.14578316273735972,0.4723730492238493,1,3
a335674d8416,0.41640542184846796,0.17118156551122415,0.3628743371461643,0.049538675494143494,0,1
a33697e797cc,0.25542129139113323,0.2849886033849662,0.2544573719157428,0.20513273330815765,2,2
a336bfc009da,0.5712003773932529,0.060537419096767034,0.25908710317137473,0.10917510033860539,2,4
a3385095361e,0.12711409680804878,0.6229753148555149,0.14869541602622463,0.10121517231021182,1,1
a33d67387cbb,0.7219027198528025,0.10220519029062108,0.08972783860111956,0.08616425125545685,0,3
a34bfa3e0298,0.027957161977047257,0.7776350575608162,0.1647292253803039,0.02967855508183265,1,4
a34fefe62a8c,0.7402524607449715,0.11176174894366367,0.11983676013239845,0.028149030178966222,1,4
a375e7272183,0.07442242456167153,0.6254558378682339,0.04166979656668022,0.2584519410034144,1,2
a3816b3911d8,0.4472031776029261,0.15799833297220883,0.24396842318957668,0.15083006623528852,0,2
a39c8877e5f3,0.6365555726771028,0.07756834752408208,0.06383692988940518,0.22203914990940996,3,0
a3a97e9826f2,0.17288645275637723,0.3029210969631289,0.3267709876594846,0.1974214626210092,1,0
a3b3e87e80c5,0.038385034169232383,0.7454987955034775,0.136975095625804,0.07914107470148603,3,0
a3ca77fe7d3e,0.3223047401062914,0.14014582916077684,0.42780825904577396,0.10974117168715772,0,0
a3e0a4f98acf,0.07911219886614468,0.7432952589149882,0.1328345583662324,0.04475798385263493,1,0
a3f6bc388702,0.267058720081687,0.19443633411463085,0.4219965389041995,0.11650840689948257,0,0
a3f959cfb652,0.21717719531083549,0.45417150901712355,0.1751272324359358,0.15352406323610512,0,3
a40024c82acc,0.29943411158374006,0.2620973865439334,0.3427257326511781,0.09574276922114852,0,4
a40158c68404,0.7139542754494803,0.06929388778002538,0.17098173016867704,0.04577010660181719,3,0
a417b008dd8c,0.1578956015173788,0.5340820231269882,0.15544761568643586,0.15257475966919706,1,0
a41ae95d5d0f,0.40174817515829675,0.16721606658035,0.30738171742945175,0.12365404083190153,1,2
a421f856fe02,0.01938749332729828,0.6240978270633298,0.2774358510765436,0.07907882853282819,1,3
a42ae62f7181,0.3699954461274707,0.4604577438271803,0.15886646960585885,0.01068034043949013,1,4
a435175b518a,0.13202243852243487,0.5463916009455423,0.255203715388664,0.06638224514335883,1,2
a4429932fae7,0.5830387382172746,0.11690108765442128,0.2659110572974756,0.03414911683082849,0,3
a44afa4fa73d,0.5056798557213739,0.13519406869059822,0.18382872427140193,0.17529735131662605,0,0
a45728df9fa0,0.05380720512240916,0.6463605324545318,0.05462920755267377,0.24520305487038518,1,1
a45b8266678e,0.04000668485520049,0.6990257930291004,0.1639218128251626,0.09704570929053635,2,2
a45fbd22e4b2,0.5242506119746845,0.056029779966190955,0.2557215206249318,0.16399808743419275,2,1
a47390d298a2,0.13728725488777374,0.36187166071120946,0.40809890435221463,0.09274218004880207,2,1
a47b48392e9d,0.0750616407294807,0.5403397478781158,0.18493329221972457,0.19966531917267893,1,0
a4856003f5c1,0.010631237147231987,0.780712152043031,0.08210825414168413,0.12654835666805284,1,3
a4a423ac8d91,0.32093510187257945,0.2668369294976423,0.36761227301702915,0.04461569561274902,3,2
a4a51116a876,0.048462080977591755,0.6448051726281786,0.1294624319035069,0.1772703144907227,0,4
a4b311d1dc4b,0.7809038048164652,0.06143492413134645,0.11673115118471335,0.040930119867475065,0,4
a4b902e30c61,0.3647476548298345,0.19594921587972078,0.31458285509155726,0.12472027419888754,0,4
a4bf95ce9c17,0.09804451164161161,0.5774694482562053,0.20178203734202127,0.1227040027601619,1,4
a4c2231544cb,0.1777024050571672,0.4605046722010941,0.3002160851658,0.061576837575938716,1,3
a4c81006c600,0.17773813325450433,0.06793172508520154,0.6865965617338995,0.06773357992639464,2,4
a4cb6223131e,0.19491104029820586,0.48009349345715413,0.1476857156545592,0.17730975059008072,2,0
a4cc472d2a30,0.11672518521495737,0.4447745731987679,0.358816534780634,0.07968370680564071,0,1
a4db0d4869c5,0.4791187948891015,0.16431541655783036,0.22653851820679274,0.13002727034627537,1,1
a4e94133d95a,0.04816489411208628,0.5720499796842042,0.3399401425487595,0.03984498365495008,1,0
a4fa1a3f4931,0.08189178618120214,0.2766724078345455,0.39746747932423887,0.24396832666001353,0,3
a50b43f24453,0.014403226029656423,0.8401779506102365,0.11817410410944415,0.027244719250662946,1,2
a516d0dd7c9e,0.35772174842094484,0.13710672360195375,0.24659025840183812,0.25858126957526334,1,3
a5203b903444,0.153898475165277,0.5028676312525988,0.23316042712443188,0.11007346645769232,3,2
a52265dec2ad,0.27197918618850553,0.29757881667614583,0.3242799025523924,0.10616209458295615,0,4
a52862899ae4,0.9706443624253737,0.007843309520063586,0.01611228493175424,0.0054000431228086775,0,1
a5303f2a4c73,0.40096671089447916,0.21579672454932142,0.09536360201311843,0.2878729625430809,1,1
a5305e516c54,0.021513117223932076,0.6731748541938262,0.2833262034953273,0.021985825086914455,3,3
a5400b659f7f,0.016428721735706503,0.8430839690524397,0.09657834272675671,0.04390896648509717,1,1
a541ccade574,0.4783823812036845,0.08051714055624029,0.2870521148576625,0.15404836338241257,2,3
a54e0662895a,0.7494914142327281,0.029330886406397628,0.2009624093213449,0.02021529003952943,0,0
a5591a2fd5d8,0.23662450376949326,0.058455609388109626,0.042511635325655675,0.6624082515167415,1,1
a562e6aaeed3,0.022976426644601117,0.7692324544080081,0.17725926652778135,0.03053185241960943,1,4
a5656b78cc0e,0.02886987285522147,0.8401112303013509,0.0670224913397917,0.06399640550363596,1,0
a56a373f11f7,0.4526986185840797,0.11706144635607799,0.20094102268051683,0.22929891237932543,0,0
a57441f93f98,0.0840404183678566,0.7050932158973163,0.12878632844057153,0.08208003729425557,2,3
a5810f9d2099,0.6844308454925915,0.05714114391165598,0.21556326198269135,0.04286474861306128,0,3
a588a2d63baa,0.17341784709701583,0.6844001456700142,0.11240683756706792,0.029775169665902056,1,4
a5958238aa4f,0.23101601514526618,0.3417000001370121,0.3884784916666573,0.0388054930510644,0,2
a5af28176585,0.03049559875157912,0.7985865993926515,0.11248359562243859,0.05843420623333078,1,0
a5b9482cfa77,0.037112787067933695,0.6382506963473102,0.29434699129379566,0.03028952529096045,1,4
a5c349de688d,0.014819652114235944,0.9133352841270466,0.04568504193667738,0.02616002182203997,1,1
a5cbe7d78172,0.09284229194208123,0.706417184886567,0.03069697295345893,0.17004355021789277,1,0
a5cd73b4850d,0.7121643165411768,0.04546624474782602,0.12815346951505963,0.11421596919593757,2,2
a5e58b48fde6,0.03832015240485012,0.5475795683594685,0.3994594025204343,0.014640876715247012,1,2
a6053c14099b,0.6697425837196035,0.0670847284818663,0.21105858211585207,0.05211410568267811,1,2
a606d1cb54cf,0.0241067443038572,0.6463491215955254,0.30076288536023155,0.028781248740385863,1,4
a6393aff012f,0.17054429739943203,0.3799903658057685,0.2665308636602982,0.18293447313450117,2,2
a65bcb6bbd21,0.173928800040984,0.5976971646287698,0.061873034343305065,0.1665010009869412,1,1
a67f882788f7,0.05048163699047136,0.7046463051051609,0.21063919162468508,0.03423286627968274,2,0
a68885796918,0.07019137233976747,0.6427828575859865,0.25457588445747154,0.032449885616774345,3,0
a68ac3632126,0.2548360472581082,0.49570814801550017,0.15691088192608957,0.09254492280030206,2,0
a6c79f136694,0.6637652316766497,0.11781123203116656,0.14292819080788197,0.07549534548430169,0,4
a6e088644d5d,0.6263065851582512,0.1358705754213185,0.14216436641046365,0.09565847300996655,0,3
a6ee878fe655,0.14050788133917327,0.518470385554792,0.2073072590096184,0.13371447409641635,1,0
a7030c1f5a47,0.13975761617910415,0.6522227382371504,0.08153278765013948,0.12648685793360598,1,2
a706d8ac9dbd,0.040123526753211534,0.5907236998604479,0.33554997970914324,0.03360279367719738,2,4
a70bc81f81c0,0.11058254739545748,0.6878571773987865,0.162498950909438,0.03906132429631806,1,0
a70d50759dfb,0.026542206437525407,0.8302095746308732,0.012755568363046255,0.13049265056855502,1,1
a71df1f07bde,0.4518085630093479,0.16009313700358682,0.18101672571914848,0.20708157426791685,1,1
a7289f35fab3,0.3435965296310988,0.13403345744617182,0.44632171076431504,0.07604830215841417,0,2
a7335b2f9815,0.6827131728354837,0.08137188019604111,0.16917421735790902,0.06674072961056611,2,1
a73d9e158691,0.07548295063986264,0.5749957098423216,0.06688370906913145,0.28263763044868434,1,1
a74fe5607fb8,0.1156030880910823,0.46377254385026134,0.2153111159598987,0.20531325209875761,1,1
a76a593c467d,0.08924149403851227,0.6766720044042213,0.1985528320101821,0.035533669547084416,0,2
a791b775061f,0.5808477309285254,0.08065648258915833,0.2915589875854686,0.0469367988968477,1,0
a7931ddb1010,0.6603349005729326,0.10524478191672389,0.20521776509399764,0.029202552416345846,3,1
a7b4d14caf36,0.6030909598742806,0.10488993122830265,0.08948842009999221,0.20253068879742447,1,0
a7c0ee2766f9,0.08910622735412968,0.5937214349231095,0.29724081983250134,0.01993151789025957,1,3
a7c66f4267fd,0.1584800958677812,0.6318978351266497,0.19161001678091838,0.018012052224650747,1,2
a7d2a7380ba6,0.0939685291746824,0.16559119398073993,0.047743370666198263,0.6926969061783793,1,4
a7e94066fbf8,0.2742794099550175,0.4612599954095115,0.24934614873481592,0.01511444590065502,2,1
a7f1ea850ad8,0.24284711543883175,0.18359545989409642,0.3322162649077998,0.24134115975927206,1,4
a803abc3bd58,0.7709435427197079,0.05619780089493921,0.10162812004982896,0.0712305363355241,0,0
a80f1386b01b,0.747343034845723,0.07386343942662488,0.12417575235305531,0.054617773374596994,0,2
a81e1c6fc22e,0.3541192483734654,0.15288193762777724,0.4481823047553631,0.04481650924339415,0,3
a820390aef69,0.8490105160819855,0.028282648859643194,0.07941232661780483,0.043294508440566454,0,1
a8351982c575,0.7537107082080229,0.061818934887484314,0.10217877031090834,0.0822915865935845,0,3
a842d9e96828,0.16309312999176592,0.3262517412658184,0.4020111430353163,0.1086439857070993,2,3
a84d1f0c2ea2,0.24496224470250283,0.20301138630437024,0.3486398447682899,0.20338652422483705,0,1
a85adc24df0a,0.3795560455890452,0.14528218300772874,0.34086851706759197,0.13429325433563416,0,2
a862fd88bd49,0.6081977936968167,0.11810559969905644,0.19297912053588143,0.08071748606824554,2,2
a86697ca60f2,0.028953796822178197,0.8149773914027121,0.12313687033604688,0.03293194143906303,1,4
a87414206bcf,0.1602412639606209,0.5596105417927993,0.21314679718801646,0.06700139705856314,0,1
a874435f5b2d,0.006529853836612021,0.7982899083099776,0.18770701556398214,0.007473222289428123,1,2
a87879343eb4,0.11672500862630111,0.6607980314697882,0.19523760212750244,0.027239357776408193,1,0
a880ba760a7f,0.2489792120299343,0.36259357365767314,0.3710297697307355,0.017397444581657085,1,2
a88363cb1f70,0.10273042411538018,0.4373748301428742,0.2921055134432237,0.1677892322985219,0,4
a891e4625f8f,0.344686150496512,0.39233581770565845,0.14786012069366353,0.11511791110416594,0,4
a89c1f3470e1,0.22458768212453756,0.4912288045170739,0.2566384710220763,0.027545042336312223,2,0
a89d9679bdf0,0.11835740510348607,0.44227620138888374,0.317913673189741,0.12145272031788926,1,1
a89df9ce879b,0.2083784218704162,0.46713857509062456,0.28468321191365237,0.03979979112530694,1,1
a8a91d572566,0.04528801863997153,0.7043108097760497,0.15192102074655098,0.0984801508374278,1,2
a8aa15852dfa,0.04132181324156789,0.6859002038925309,0.22867966141166438,0.04409832145423692,1,2
a8ad69453683,0.054876029578201105,0.6745114095887228,0.2461769279402685,0.024435632892807563,1,3
a8b36d06c030,0.06910966114261566,0.6147935054611315,0.11249168462618724,0.20360514877006541,1,3
a8c60c0ef43e,0.5525063693338367,0.05531363370210624,0.36313871066195497,0.029041286302102093,2,2
a8f1280e52ba,0.665670703246661,0.05826481057170073,0.14876742504549756,0.12729706113614078,0,3
a8f1c2912768,0.1667223299447483,0.6200249047754427,0.15466128852711628,0.05859147675269274,2,3
a907108f72e7,0.6299054969115895,0.1561777625916948,0.12668615490682197,0.08723058558989373,0,1
a90de7edd9b7,0.6945190116901164,0.0199090684659798,0.20173559689730886,0.08383632294659499,2,2
a91f96dac3cd,0.02655959693048426,0.582384060492135,0.33481512455562473,0.05624121802175599,1,2
a93183bb781c,0.09906178077451326,0.6477250926970717,0.08392562941004264,0.16928749711837252,0,0
a937614104e3,0.48487307882938463,0.09321916576753884,0.3774274853598175,0.04448027004325905,0,4
a93eef7b3676,0.5973324637628132,0.051182369706589695,0.22591449313423154,0.12557067339636557,0,1
a9414722ad35,0.5002159405802564,0.09817383576403059,0.21486344772467722,0.18674677593103584,2,0
a94358cbd9f3,0.41782026102107633,0.031427824494799,0.4000411008467836,0.15071081363734115,2,2
a94e15ea47c9,0.09031821592606205,0.638157134186731,0.21987796333973797,0.05164668654746899,0,3
a95bcd8ba9ad,0.6818652201504959,0.10282555174763065,0.12801819823712754,0.08729102986474584,0,3
a96e94314925,0.011101257312590304,0.7992867454429945,0.17439492634650386,0.015217070897911302,1,1
a96f2b221dd0,0.07703061430514321,0.40877177205942444,0.24488820342328513,0.26930941021214727,0,1
a9734406aa90,0.273105198351355,0.31086244632376336,0.3449080965641121,0.07112425876076951,0,2
a97f1cd45b2b,0.1755231002030353,0.14321405634527162,0.2164891455772935,0.4647736978743997,0,0
a98995d04eb3,0.40140118200902836,0.2507008937281993,0.15539226257166003,0.19250566169111252,2,2
a98a217fe57c,0.3092119896566699,0.2596310441936106,0.29658252249427713,0.1345744436554423,3,2
a99534146bde,0.3076233896056629,0.23048405746418021,0.3121532693326895,0.1497392835974675,0,3
a9a8f500fea0,0.188118166037592,0.5183298716868965,0.15160616149311737,0.14194580078239413,2,1
a9ba9da7582a,0.037779756104855525,0.8964401877553517,0.04369901313410595,0.02208104300568667,1,3
a9d37ebfe0e8,0.4124998198402706,0.22944544609850473,0.2510962951564149,0.10695843890480979,1,3
a9df86ee71d5,0.2326865043505639,0.17632544468734546,0.36622428772595966,0.22476376323613104,1,1
a9ef2636d4ac,0.25693488824720545,0.2640294447616965,0.2943889781725326,0.1846466888185655,0,1
a9fcf78c3469,0.20409370247449266,0.4878134690847275,0.21917546579300196,0.0889173626477778,1,3
aa01253a3226,0.2950622227318871,0.4742200730748135,0.1931645067992355,0.037553197394063986,1,0
aa0420c82f8e,0.036648130711960936,0.5556585590567776,0.3761927756280711,0.031500534603190376,1,2
aa20aaac8504,0.1257232591901352,0.24116286088716,0.41823128131797654,0.21488259860472833,3,2
aa6bbda8865b,0.23816170900804165,0.5921370515376068,0.09302869276675667,0.07667254668759485,1,4
aa6f4d3e11d9,0.20021100693904031,0.22174916462990168,0.2869752227899369,0.2910646056411211,1,0
aa6f86d26781,0.08836459224348474,0.44813986680845713,0.3221417632906463,0.1413537776574119,2,2
aa749b4d6cdd,0.16576235045433912,0.5779663918169097,0.23475288697908633,0.021518370749664905,1,0
aa7cea654180,0.5936746101277335,0.08264718166495887,0.2144348952747103,0.1092433129325974,0,0
aa7dce7556b0,0.26069303540575856,0.14819052645575295,0.2726848003217753,0.3184316378167133,2,1
aab3267c0c17,0.46421993434033965,0.1145721078803034,0.29174075345051126,0.1294672043288458,2,2
aab84245d034,0.7000404426688837,0.02220057396600881,0.21018529310679374,0.06757369025831376,0,0
aabe07602051,0.1295507646014127,0.4792499899263994,0.31984898101287607,0.07135026445931186,1,0
aac325aaa28c,0.5226675758556816,0.018865275509800817,0.2224467274226187,0.23602042121189887,0,2
aacd7ff3bbae,0.05291250188566246,0.6135396081580774,0.24773331729829126,0.085814572657969,1,4
aaf19284ce23,0.12297171403078704,0.5535230009758982,0.2855420647930812,0.0379632202002337,1,3
aaf4645886fc,0.08989757012553717,0.7165801614917011,0.17000379719885556,0.023518471183906143,1,3
ab22e9457bfe,0.5869667213194804,0.07882262457033126,0.16906148518991446,0.1651491689202739,0,3
ab2560a15171,0.07557088886691249,0.635267449982499,0.2131217944354594,0.07603986671512918,1,1
ab2b4ff9c9e8,0.7648884018740494,0.15880167246472346,0.05036847383767644,0.02594145182355076,3,0
ab325bee36de,0.5184822108967948,0.10448877919050577,0.2507277769489959,0.1263012329637036,3,1
ab3a9cde6e06,0.083119739929866,0.20088218787536344,0.28084915335672667,0.435148918838044,2,2
ab6ef957fd8c,0.1150400161456773,0.35979156505190835,0.12672820580500066,0.3984402129974136,1,4
ab8205541661,0.13742970067356175,0.48106294552084455,0.2782629466383596,0.10324440716723418,1,4
abb899fcafc6,0.03548042668238773,0.8711652769177346,0.0849334228618928,0.008420873537984997,1,2
abcffc36ff79,0.5546901393104258,0.12848510984285264,0.2209544619577076,0.0958702888890139,1,1
abd0c3d9c5f6,0.28519849665137503,0.22792908201636686,0.2962561344408191,0.19061628689143897,1,3
abdaeba121f8,0.07207145325329554,0.7556807916685736,0.12157156331946889,0.05067619175866198,1,2
abdb858bbb81,0.4966914365597205,0.1133062236585729,0.2763933175963814,0.11360902218532509,2,4
abe76d6fc929,0.038346673136896506,0.7234606545707135,0.1406938718302953,0.09749880046209466,1,2
abf7cffb3176,0.6530316996633363,0.06203567919442055,0.19943553361631122,0.085497087525932,3,3
abfcd1e7c6d0,0.05650860316832907,0.23878575086313547,0.40751654225733486,0.29718910371120066,1,2
ac150a3b291d,0.03635805505613883,0.8140332812755597,0.09685726200367173,0.052751401664629806,1,3
ac3004ea0405,0.05704920178927605,0.7531267857158396,0.09233798891714173,0.09748602357774278,1,3
ac46cbde0e0e,0.5101564614362735,0.07441670116881342,0.16049854190726423,0.2549282954876488,2,4
ac55dc119f5a,0.13645470684761046,0.3707052775764379,0.42158305244437116,0.07125696313158034,1,4
ac91c4c4a63e,0.4100775162085764,0.09326971990273572,0.2570226595962202,0.23963010429246773,0,4
ac9fa71e33c8,0.0850163883398231,0.5864425622700871,0.2415886745051172,0.08695237488497266,2,4
aca4d52c2f82,0.2415779962315782,0.09897339149284785,0.5565576532150514,0.1028909590605225,0,4
acacf54e2e13,0.01798801625978907,0.7605319021923503,0.09485364749071457,0.1266264340571462,1,1
acc1d221470b,0.10305918279847794,0.32439105290682896,0.4274257949337014,0.14512396936099178,1,3
accb3f0a6276,0.20033762289545556,0.5453909857776374,0.1121416187259852,0.14212977260092166,2,3
acd13733a711,0.07764101122736995,0.4788933578571968,0.1484407617203838,0.2950248691950494,1,4
acdc669b1e06,0.8130791001133694,0.04902137238711402,0.07014376792054086,0.06775575957897571,0,1
aceb84a579e9,0.10636577386232715,0.6183975649485565,0.1962449764622297,0.0789916847268868,2,1
acec33076f73,0.032198477469741,0.5178793096732752,0.029717361192700822,0.42020485166428295,1,4
acec4f0cbd17,0.1170492603120781,0.4968183053888974,0.3102811702331558,0.07585126406586859,1,1
acf13f7ab5d7,0.4988350439027236,0.16195560740822196,0.25423346944986663,0.08497587923918781,0,0
acf8c450efb2,0.4006309253820809,0.4296232038505272,0.0912261586085553,0.07851971215883657,1,1
ad057569e00c,0.37324989006796366,0.0666852008842844,0.2530862103343492,0.3069786987134028,1,3
ad23cbda5b1c,0.4329141840832666,0.45544442741306923,0.0575761430945945,0.05406524540906964,1,0
ad2e47a1a1f4,0.06300675432952871,0.6761825839186048,0.020290189253571976,0.24052047249829464,2,1
ad3ec5a0e7c9,0.01583086925833425,0.8759346762043613,0.09250356330965692,0.01573089122764743,0,4
ad40119bb875,0.15886391305149436,0.5132298300185925,0.13934752644960083,0.18855873048031221,1,4
ad4e4f09c5f2,0.2589086967330307,0.46588387841076817,0.22824276909238803,0.04696465576381292,2,4
ad5c640225b4,0.30004191577428563,0.16494879561972026,0.4522191600956881,0.08279012851030615,1,2
ad5ff8dc5e00,0.2984850469601717,0.27207667474901187,0.22468052023032625,0.20475775806049015,3,3
ad6bc3c59891,0.4663191813334335,0.07700693635036343,0.1170075068450526,0.33966637547115053,0,3
ad6fb71d384a,0.7593192979458905,0.04270904460288664,0.046062557560636444,0.15190909989058635,0,2
ad97fa89b0b5,0.23803555136551574,0.20531550607822724,0.5265574802743417,0.030091462281915452,2,2
ad98b8875f75,0.42651973942810983,0.2888413204119501,0.0844742969216868,0.2001646432382534,3,2
ada4737c1d3f,0.37636946935865134,0.25121203738494446,0.2796425815462357,0.09277591171016858,1,0
adbc10bde10e,0.5620719746946099,0.10378932686817768,0.16425146834260088,0.16988723009461146,3,3
adc53823a49f,0.31832856606829535,0.2519130302196772,0.30799244954710087,0.12176595416492658,1,2
ade84200b83a,0.47393443097060367,0.21319510276099146,0.2742269030816425,0.03864356318676218,2,0
adee0c7ec155,0.20308993173183498,0.23275254636920636,0.37296614397924366,0.19119137791971488,1,2
ae12c55d7e47,0.6879699265268199,0.06151950391469596,0.16162858235115435,0.08888198720732977,0,0
ae3a97ad1c07,0.16543529242766217,0.680091279603511,0.10813958367053297,0.046333844298293646,0,3
ae3c8cba22ec,0.038263393339443987,0.6267252814210732,0.26778876805243657,0.06722255718704635,0,4
ae439b24ddc3,0.06952741343274324,0.34105993688744174,0.5596779353641771,0.029734714315637997,1,0
ae5b75e08fe8,0.7221024562701277,0.09768566948510228,0.09991510406953025,0.08029677017523977,1,0
ae601aa924ea,0.7222604780256877,0.08114088295706234,0.13673008213131563,0.05986855688593431,0,2
ae6fdbc90bf6,0.24166760483921831,0.09743161318529324,0.47909173244622383,0.18180904952926452,0,3
ae70fa66b983,0.2050644654146755,0.17132018735553295,0.5701016962103727,0.05351365101941896,2,2
ae7519c9d04c,0.009922918057770189,0.8855162439241924,0.08594551207838323,0.01861532593965432,1,1
ae9ae4deef75,0.5764419611048452,0.12997178007413765,0.16033711667626088,0.1332491421447563,2,0
aeb8b1d755ab,0.28720681804673426,0.3019241040616629,0.29493132478831274,0.11593775310329008,2,3
aec0c258907d,0.23335028009048636,0.1462222014889704,0.2895914379214693,0.3308360804990739,3,4
aed115d939ff,0.18607834321791653,0.41610306675165215,0.3432377302806188,0.05458085974981268,2,4
aed885bf91c3,0.3671043477044781,0.21756015178917323,0.29259208406422543,0.12274341644212337,1,4
aee6f16805c5,0.6968533266557614,0.07960969630759976,0.09481753575645682,0.12871944128018195,3,4
aef234262d84,0.06664167252134141,0.6073909227173419,0.26114881087027797,0.0648185938910388,1,0
aef7218aa071,0.05434971604231061,0.6461483681420475,0.08635864512664287,0.21314327068899908,1,4
af0e1211b9c6,0.5507402637918719,0.21515492352918902,0.15470744252988763,0.07939737014905145,0,0
af0f0c129645,0.5952829659015282,0.034455604664805094,0.2587173071374869,0.11154412229617966,0,4
af481c1cf248,0.056519821947544256,0.8191002594094119,0.07338827748879735,0.05099164115424646,3,4
af571ffc5313,0.6977645661813561,0.12390463022403171,0.06715451283353063,0.11117629076108164,0,4
af7f93704ff3,0.5867637744146964,0.07598951616842423,0.19538217156976176,0.1418645378471176,0,2
af93e125375c,0.5019686211534045,0.22074835961373535,0.22315347217171358,0.0541295470611466,1,1
af986679340b,0.027398797214372633,0.5876842259938664,0.36576381965471344,0.01915315713704756,1,4
afbb7840bab0,0.08320616839731677,0.7560599463663301,0.11666927160365338,0.044064613632699846,1,4
afc2b295485b,0.22554803789702238,0.23622117981919022,0.3537942570560703,0.18443652522771706,3,1
afc40988867b,0.23907658484097213,0.30190342372950757,0.12988685492284105,0.3291331365066792,3,3
afd34e28aba2,0.144507932466451,0.23027856914664688,0.4416130961347764,0.18360040225212568,0,1
afdda33a1265,0.2741319006530178,0.32962969824139865,0.3267410167289385,0.0694973843766451,2,1
afe34bf97c4a,0.05327758224630281,0.7317024012661927,0.16695483437590566,0.04806518211159882,1,4
b00d45ea85f4,0.0552508436785382,0.5614545083214124,0.3587484593791347,0.02454618862091463,1,2
b031bc52f736,0.8433369994955806,0.0421979926856078,0.07682344051740941,0.03764156730140222,0,1
b032c22da2f7,0.8359063429275618,0.06454784280482995,0.05372926289259439,0.04581655137501399,0,2
b04cbb8b7815,0.1546475417483075,0.4624434352377321,0.21240815744761832,0.17050086556634206,0,0
b06c31c60c7e,0.5846390909693574,0.08343684615298046,0.27255718583938365,0.05936687703827853,0,1
b07b1a96e24c,0.04829722686442808,0.5980529811403937,0.2487189626995715,0.1049308292956067,1,3
b08ae0efd88e,0.05446311195499171,0.4307998614939209,0.33697739405643096,0.1777596324946564,1,3
b08f573ccdf4,0.10906718380517431,0.2768794766853668,0.5940224809411537,0.020030858568305155,3,3
b09b0258b2ae,0.083210055993161,0.5222286105664421,0.17716526610400507,0.21739606733639197,1,0
b0b4d4ae4e0a,0.050320746110453805,0.6558640847863269,0.22907127513817005,0.06474389396504916,1,2
b0be172528e7,0.027279270510723697,0.788390464739349,0.1400208138622381,0.04430945088768906,1,3
b0c72167073c,0.5606245921433979,0.0899671344558917,0.23928166180755286,0.1101266115931575,0,3
b0c942f7403e,0.8334181217672824,0.04818061057403753,0.05447812670711384,0.06392314095156633,0,4
b0d86dd860de,0.07263115204547177,0.5710045020165349,0.3004208891433188,0.05594345679467458,1,4
b0e043232ff9,0.043444425586589355,0.6699057726973033,0.23915079925735355,0.047499002458753894,1,4
b0e4f3d07735,0.42200090101336374,0.3389962667721926,0.18333516324121038,0.05566766897323332,0,0
b0e8205dc1ca,0.03264243764712366,0.7989048515571356,0.1085733633176871,0.05987934747805359,1,0
b0ed9f24e855,0.291229683434838,0.08608695666975762,0.5565606269080481,0.06612273298735635,0,4
b117715cbf64,0.04133282477513137,0.4783187420089664,0.3358817341153901,0.1444666991005121,1,4
b119ef635297,0.5777498701168456,0.05838322608149798,0.21907587126470998,0.1447910325369465,2,2
b121e6f58d1e,0.3207087939290963,0.29540004066180015,0.3092688971361501,0.07462226827295344,1,2
b12798f33ac5,0.22142965124124964,0.20655610041984485,0.24429756650025664,0.32771668183864894,1,0
b127e8b39bcc,0.042238584773828886,0.6102238584602583,0.18686074028861108,0.16067681647730175,0,4
b134a98f78d7,0.4070086274411348,0.17690362269410176,0.39233235267687944,0.02375539718788407,2,4
b13d71d1edde,0.5461522974928765,0.1202834383380925,0.13199878428492648,0.20156547988410464,2,1
b13f18dfaa08,0.050807583191932494,0.5842517645019882,0.22190988067544967,0.14303077163062955,1,3
b14d98b9ac8a,0.02193967861307566,0.6710923483118061,0.2527058198212041,0.054262153253913946,1,4
b1678815a5be,0.23658114166033625,0.21698253860135566,0.4081758148143982,0.1382605049239098,2,1
b167fbe5e1a6,0.22048666458871688,0.22205200134687336,0.4961909078381498,0.06127042622626007,2,4
b172a04e7bd1,0.07708982792832043,0.38829296798612783,0.09637968578828954,0.4382375182972622,0,2
b185438c915c,0.6788932661147423,0.10817199096251078,0.08898446990490595,0.12395027301784103,0,2
b19d188bd240,0.03974593287790676,0.6906202139258396,0.2287824213918144,0.0408514318044392,2,2
b1a4fd2a22fd,0.22342605115906583,0.6522039475857387,0.10248573013577823,0.021884271119417115,2,0
b1a9bd35559d,0.7984739864352851,0.05035269211262565,0.08104780978296992,0.07012551166911937,0,1
b1afd60f2d1d,0.17664986342776254,0.5555162372317642,0.17468981378664125,0.09314408555383198,3,4
b1c31c1e103a,0.658732266543084,0.15417875342519138,0.15156173929103778,0.0355272407406867,1,1
b1ca7dd14da1,0.1457779273215535,0.4162521595845012,0.23617975776169808,0.20179015533224726,1,4
b1dd1ed88f54,0.3578215647622922,0.3326848872605089,0.23851291832818144,0.07098062964901744,2,1
b1dd8130cbf3,0.41879547806490386,0.24950315334154946,0.3090408531054662,0.022660515488080495,2,2
b1e74e9f7555,0.23467872728972475,0.16067576104040668,0.3335960157319839,0.2710494959378847,1,3
b1edc75f25bd,0.16769398216267173,0.41456861612513685,0.2660900190947063,0.15164738261748528,2,2
b1f21c64a26c,0.036239334972762154,0.7331624328162788,0.11168353370293939,0.11891469850801972,1,4
b20646e12fbe,0.1601207475067865,0.5979227675841138,0.21611503359757395,0.02584145131152587,2,2
b206fa11bca7,0.418656554993317,0.08803635531765314,0.3141124575233345,0.17919463216569528,0,2
b227864cd72e,0.2983754604005535,0.2015960479629975,0.317389777589952,0.18263871404649715,0,1
b23a892a29d8,0.8055749620296385,0.05091391105477967,0.09558377348913534,0.04792735342644664,0,3
b242d9b6f327,0.03942707338451866,0.6305264139095598,0.15319226424985805,0.17685424845606362,2,3
b2626fe919b8,0.3268097708450374,0.3191886214962058,0.2427474412987902,0.11125416635996645,3,0
b266d836e091,0.06455776864904472,0.20384192129328346,0.4091361837633803,0.3224641262942915,1,2
b27172e0b2f1,0.07809140932788643,0.8014210390949142,0.07473726473356235,0.04575028684363698,2,1
b27e356820f7,0.10355149812780262,0.14581418821084366,0.09774764635296954,0.6528866673083842,1,0
b27fe12f2fc0,0.5903803440869219,0.11907846432332866,0.19327281709526933,0.0972683744944801,0,1
b28ad4ebc3f5,0.23390470322096135,0.3137169129165099,0.3286726231086119,0.12370576075391686,1,0
b28ce384008f,0.0653575648963261,0.5996879443540325,0.2809629604658353,0.053991530283806,1,0
b291fa8c6b02,0.36720838609496514,0.27224462163660246,0.15475114382846547,0.20579584843996693,2,3
b29bffb0d4a3,0.03984087025967643,0.6532681088096562,0.18493995753850784,0.1219510633921595,3,0
b2ad788bfc3b,0.17336308725197064,0.4217208361181843,0.1875953265968964,0.21732075003294862,1,4
b2b9fffd2865,0.535336644068013,0.0994779342108171,0.14538370194419795,0.219801719776972,1,3
b2bac61abbe2,0.3797097239971875,0.24888349650588604,0.21985450133302803,0.15155227816389832,0,1
b2e1d9261b55,0.8497542026928689,0.03991971193124436,0.0830834549078339,0.027242630468052795,0,1
b2ea554a013a,0.029577505014566578,0.5750406466219827,0.2629604638618402,0.13242138450161042,1,4
b3034a39ab25,0.15279812045802574,0.6537745135956213,0.12604344417376237,0.06738392177259055,1,2
b30c87707a75,0.3142775590976475,0.15503531804353737,0.4463303192505879,0.0843568036082273,1,1
b32c3695dd40,0.1671547414854262,0.48415126496620847,0.09963972491751945,0.249054268630846,3,2
b35b5e223ed1,0.31993524734483225,0.23919230852741552,0.26790392571228705,0.17296851841546518,1,1
b36a47fb5f1f,0.13409171042297505,0.43454502326379063,0.3894225213233729,0.04194074498986146,0,2
b3715ae5290f,0.24964281056554377,0.274031057574623,0.31850857589377035,0.1578175559660629,0,1
b389d4881747,0.06430482562318762,0.692361151925396,0.2071795369353286,0.036154485516087756,1,1
b394cd076dc9,0.4647127336422581,0.236624686061789,0.20738574073769242,0.0912768395582605,1,1
b39b524d798f,0.549839962725376,0.06389572480114153,0.161232837101803,0.22503147537167945,0,3
b3c5eea8f3b6,0.09453585661156436,0.467828778836892,0.2517407385141902,0.18589462603735346,1,3
b3cf474bee3b,0.33395470637901514,0.16012896863133425,0.20950109227686306,0.29641523271278747,0,1
b3d2c3f6ba5c,0.20047795616841285,0.33566388699017957,0.3051245230133273,0.15873363382808026,1,3
b3e4687e4793,0.26221787979116074,0.6248343388671146,0.07711534075776617,0.03583244058395851,3,2
b40c57c36cbf,0.22789869374675123,0.446502253069156,0.10054361489244579,0.22505543829164698,1,3
b40f174f19a6,0.09673805682977449,0.1942311427750194,0.18492218293526025,0.5241086174599459,2,0
b41f3ff4504e,0.4288764001295812,0.20553837507686945,0.3111174805671347,0.05446774422641478,0,3
b437cb4c577e,0.4094736198090934,0.2982344088394587,0.10084271547695148,0.19144925587449643,0,2
b446d79ee8f1,0.17057892737848898,0.4205500929022156,0.35856405646693007,0.05030692325236542,1,2
b447179f34cf,0.8639713347218242,0.00806787753269917,0.08705584878016834,0.04090493896530835,2,2
b449b8c43f5c,0.49256852338238416,0.16806572473493153,0.307929912432007,0.03143583945067732,1,1
b45b05909f01,0.018341416669551653,0.3590096167328734,0.5967262587944926,0.0259227078030824,1,1
b47a01dbca0f,0.6358761373306231,0.05784856945127964,0.2557383540984174,0.05053693911967988,3,0
b49952dcdb83,0.7117027220156815,0.14486760348074623,0.09512333992288506,0.04830633458068713,3,2
b4dc310fc95f,0.4415681488342325,0.3540144176303255,0.12679082408938763,0.07762660944605436,0,1
b4dcf0375a27,0.28427082121997327,0.15966241113041668,0.514302476004767,0.041764291644843146,0,4
b4f16c10bd10,0.06655369036131968,0.3451213004559991,0.417536332338775,0.17078867684390617,1,2
b4ffce3b60b9,0.09754948052205235,0.5204587802198084,0.3276904965798219,0.054301242678317256,2,4
b50ffb872dd3,0.06802316503933421,0.7590826993979177,0.1550783280840859,0.01781580747866235,1,1
b522753ecc9a,0.29243980555705323,0.14832947548497627,0.49856395915211915,0.06066675980585128,3,2
b524c80e729a,0.6860090919144703,0.10146662700057774,0.08762956243319982,0.12489471865175204,0,2
b54b96343f1d,0.6540368809776851,0.1350508831551784,0.15279765823211247,0.058114577635024145,1,1
b54bbad84888,0.7086150920012378,0.05599415660808277,0.14428370880126395,0.09110704258941547,3,0
b5582e7bcb41,0.5688605271097004,0.12587224375921957,0.2419769610428519,0.06329026808822825,0,1
b562944eb64a,0.2704488285936229,0.29134520175301004,0.13279669804378186,0.3054092716095852,1,2
b568a6326154,0.0647424573520517,0.4909906292623654,0.3579356001997097,0.08633131318587317,1,1
b569148041f7,0.15289800085797295,0.3157848890780784,0.25652466350184294,0.2747924465621057,0,0
b57abcba61a3,0.06101490958273939,0.43434167761038,0.4122404704665467,0.09240294234033376,2,4
b58d8a8771c4,0.28838164182282916,0.353001462052619,0.27302086650754986,0.0855960296170019,1,4
b5962d47cea2,0.2589606455938633,0.29902701682218924,0.32495476983934474,0.11705756774460273,1,4
b59f90739827,0.16377053742414655,0.491990085507719,0.16635524340248514,0.17788413366564929,2,0
b5a166179242,0.10539196340905248,0.5261872466107146,0.3276891396222668,0.0407316503579661,2,2
b5a1a36a6a17,0.18990640557592772,0.32168890154149915,0.3830973411185643,0.10530735176400877,2,2
b5bc8aa87423,0.08656473555677664,0.565288078135833,0.2509420731298316,0.09720511317755873,1,2
b5c9316de211,0.13009928373416843,0.526322633529504,0.23064669539107807,0.11293138734524939,1,4
b5ced8a554bc,0.020783582546841626,0.6978186844907477,0.18840297657802885,0.09299475638438195,1,0
b5e67f04dd09,0.5485863101531334,0.110193453882586,0.19518918577603864,0.14603105018824183,0,1
b5e8188b8e79,0.7610491153001042,0.07578761217115278,0.1126270328306491,0.05053623969809395,0,2
b611e772ca7e,0.015826999346816452,0.7999795575670432,0.12844407532575944,0.05574936776038107,1,3
b616aba4c37f,0.03520358000925601,0.7652523783931561,0.11048855132277233,0.08905549027481573,1,0
b61bfb1fdb36,0.19294136430559333,0.6614288442820967,0.06985154958007848,0.07577824183223156,1,3
b6219d540374,0.2408724780591917,0.5354380470631627,0.08874279991701706,0.13494667496062857,3,1
b6278022ae0b,0.8461700583979352,0.03691564873355687,0.062286201968993406,0.05462809089951447,0,1
b63076e4c6e9,0.3144881338414711,0.49130174647028646,0.13977017931066238,0.05443994037758015,1,0
b64ca770e9de,0.137146431859416,0.20179112066581872,0.2327774246392745,0.42828502283549075,0,0
b65443c55896,0.660092159905648,0.04326009707656804,0.13282430294757877,0.16382344007020525,0,4
b65b351871ed,0.22469048281907456,0.3310134926514778,0.3895883875349821,0.05470763699446561,1,3
b665f2996ab9,0.057186848702404015,0.5057260660815148,0.36380162392204135,0.07328546129403973,3,1
b66a03d385b2,0.08625924062951827,0.6894920322872923,0.19639353724880707,0.02785518983438228,3,1
b66ff916214c,0.14867664932305394,0.36402569180115035,0.31265277795695884,0.174644880918837,1,0
b677082ee199,0.22690965178951628,0.1115301446902393,0.29845612679558187,0.3631040767246626,1,4
b69c11090417,0.496608902064302,0.18124497165840817,0.1653014907439143,0.15684463553337558,2,3
b6a175212044,0.07799736522103098,0.6092224437533523,0.2732179498264309,0.03956224119918582,2,3
b6a1aa419995,0.1100107025697014,0.5529136448559072,0.15236008270733542,0.18471556986705587,1,2
b6ad22a7487e,0.17153408835658732,0.5039502291779032,0.24955351238030482,0.07496217008520446,1,2
b6b4bdf92b3f,0.07440937525937176,0.5200061352590563,0.1442999301598106,0.2612845593217614,1,2
b6b6ccce4a2b,0.3215986508472804,0.14811622501888252,0.3474925527288514,0.1827925714049857,0,1
b6d5e818679f,0.6165715699748566,0.10882239566122058,0.2199321552512879,0.05467387911263489,1,0
b6dd2dfbfe52,0.5461154465704557,0.1905384603865635,0.21772425216419966,0.0456218408787811,1,0
b6e467a93579,0.005559401659176679,0.881353870678874,0.09906000782871317,0.014026719833236093,1,1
b6eab0a3cd1b,0.23425373308578412,0.4299018355986515,0.20707169844135173,0.12877273287421268,3,3
b7065c7e72dd,0.07104384315033693,0.47950003962607374,0.2520980741957012,0.19735804302788823,2,1
b70f41a05b87,0.3215895084036764,0.4330683303141845,0.21501021679494886,0.03033194448719028,0,1
b714907cbdc7,0.3512624627376921,0.19555879774257712,0.28450439834776514,0.16867434117196572,3,4
b7159866a9ad,0.5304776605162667,0.14574573556944564,0.24602574939145835,0.0777508545228293,3,2
b72a1d6732d8,0.08480294438806997,0.4896521733308396,0.3665205837492506,0.05902429853183995,2,3
b7378896c37c,0.5043695621389449,0.3518635365896018,0.09404496541963366,0.0497219358518197,3,2
b73f2014a696,0.42340998904876037,0.2454388840419001,0.28715752446838255,0.04399360244095684,1,1
b744c6f3c22e,0.2784895743546348,0.461509856404379,0.2092150407541453,0.050785528486840835,1,2
b74b3d2dd83d,0.10831904212721125,0.5332516409024399,0.21508438666729654,0.1433449303030522,3,3
b74f12b5ba5f,0.24860259878968818,0.5287301244765947,0.19787512074069188,0.02479215599302505,2,0
b7543bd8af0c,0.2901352058583082,0.3134797777512188,0.12904926172369402,0.2673357546667789,1,1
b770e72feae8,0.3160926345297522,0.1542210506182803,0.32468220304141293,0.20500411181055456,1,4
b776a1192e48,0.018081355673509807,0.7806480543690005,0.14607173991941566,0.05519885003807403,1,0
b790bca0f34c,0.375648784534147,0.07739734786322361,0.4360775502988834,0.11087631730374596,3,2
b792f371d0e0,0.1353457094576407,0.4048208163800173,0.3658137576153283,0.0940197165470138,2,4
b7a31943f6b6,0.015303166844335685,0.8092144463469793,0.11247000332974706,0.06301238347893776,0,0
b7a4443ddd3e,0.31853224762246835,0.23959799893357514,0.32367852856866536,0.1181912248752911,2,3
b7a8295b6531,0.5621875828138149,0.14710489211360728,0.12896672862529077,0.1617407964472872,1,1
b7ab5977dc47,0.834069296839468,0.06149888701798808,0.08319202629148965,0.021239789851054146,0,0
b7b44d65e1e0,0.03374835836524264,0.7581574933548009,0.16821707283746562,0.03987707544249093,1,3
b7bad61f1aed,0.7303226779836366,0.058758953999312975,0.1612083145612973,0.04971005345575295,0,0
b7bc624cf296,0.08814315138341189,0.6696600013701639,0.14491182498814006,0.09728502225828416,2,0
b7c96dfb1284,0.1706025291937252,0.5844004119176158,0.23608356224214427,0.008913496646514767,2,4
b7d22144ac7c,0.025522785456354724,0.9087606413734202,0.05898925348067189,0.006727319689553268,1,2
b80302d5de11,0.3381232000592423,0.21502228121463407,0.14804026789106117,0.29881425083506236,0,2
b807413abe93,0.10516291082163602,0.41420799535206554,0.45456305646856726,0.026066037357731185,0,4
b80f219a0a8b,0.2999163336365757,0.2113783508688133,0.11922252147124048,0.3694827940233705,1,4
b81cbac55d0d,0.30528581342692174,0.39451226965511726,0.2120268385883481,0.08817507832961284,1,3
b82dd18307b0,0.23703950228034867,0.38270428443120114,0.30745675563207814,0.07279945765637205,1,1
b835688d7cc6,0.027973148434715208,0.8530350502869555,0.09654038097258898,0.022451420305740186,2,4
b840c460b426,0.8087661581164624,0.052654623194907955,0.0967404283268451,0.04183879036178473,0,1
b84c4b17a655,0.46712306998027425,0.17409675563398372,0.32660651598962787,0.03217365839611419,3,1
b8544e55f55e,0.27567923412971995,0.454878217966411,0.03865597380288364,0.23078657410098546,1,4
b85454dbd9b1,0.0801876834369592,0.513357199064145,0.3718666218373859,0.03458849566150989,2,4
b86b6912b970,0.1642252454843453,0.45416353666027404,0.329465114315869,0.05214610353951151,1,4
b8727a84ded6,0.7300136112677357,0.11833352370204893,0.1048387945745941,0.04681407045562143,0,2
b878791caa1a,0.1188092140626705,0.19676167469356626,0.07347030773960736,0.610958803504156,1,4
b87d30f0afbd,0.25522307814081036,0.171109130619762,0.29646366618710057,0.2772041250523271,0,2
b89d2e52d790,0.24449261781131584,0.16319000854341742,0.5574671719330526,0.034850201712214056,0,3
b89d40fe2918,0.6032948053694441,0.1649467728197179,0.1669254708967612,0.06483295091407676,0,2
b8a9bf2fa391,0.6114931867020302,0.09324548747840126,0.17066014133616994,0.1246011844833986,1,1
b8e15549c0f4,0.21802934763814433,0.3755374010534256,0.3362081710814921,0.07022508022693791,1,3
b8e8e84eaafa,0.0064564501155203605,0.8983922570672468,0.0722683317196747,0.02288296109755802,1,3
b8f4e76bbd2f,0.21793100420931372,0.12285659032806184,0.11602092425587225,0.5431914812067522,1,4
b8fafbc2ad5c,0.047815897795107525,0.3357606937760794,0.21801915814371042,0.3984042502851027,1,0
b92eb37d3456,0.22115136939629051,0.5194367431623097,0.20551690379132925,0.05389498365007045,1,3
b93fcd443349,0.014996811241942706,0.8205006049039248,0.1474092559672093,0.01709332788692315,1,0
b949689a9ef1,0.04257849977988693,0.8694786085131385,0.07987332180936169,0.008069569897612937,2,4
b94e0c41bcee,0.37051362661108445,0.17788919744458,0.144551591731228,0.30704558421310757,2,3
b972189fc63f,0.09488482069785086,0.2808457473395762,0.48894437883510006,0.13532505312747292,1,4
b97ba5f9676e,0.5565706699445331,0.06672403139282534,0.3290996692354509,0.04760562942719062,0,2
b9835e921f4a,0.429121001831105,0.24126619320633588,0.28304864989897827,0.04656415506358091,0,2
b999a7493ffc,0.8102941115153887,0.05846989708074781,0.0713590831203845,0.05987690828347899,0,3
b99ab479998f,0.28585663277631096,0.22941047085338898,0.4282968827586016,0.056436013611698414,1,4
b9a84edbb4d7,0.1603009882482626,0.19267144808913148,0.16184740618402266,0.48518015747858323,0,4
b9aa4efa289f,0.20380504152566783,0.16059711218927397,0.5323555573622377,0.10324228892282053,2,2
b9b701be58a3,0.27868280642011345,0.30229305403852363,0.356252184711528,0.06277195482983491,0,4
b9b8a810f2d0,0.16092436311637692,0.42562605866237674,0.3986420501502255,0.014807528071020724,2,1
b9eeafea5c41,0.23494111843795384,0.504084730877117,0.058753507601447486,0.20222064308348167,1,0
ba01c7ed330f,0.22443710322133686,0.38336752669241364,0.15981405099605825,0.23238131909019122,1,3
ba07cc459be2,0.015064341869569594,0.9349607331051462,0.04471469700667926,0.005260228018605218,1,2
ba0d3ee90ce9,0.0850157070619401,0.5980032908303355,0.2803655441008687,0.03661545800685554,1,2
ba29ba23321b,0.12984695618927952,0.40944887536510377,0.08348357747114776,0.37722059097446903,1,0
ba2b03725d21,0.5306557815191216,0.17155383346787736,0.23093222950803294,0.06685815550496806,0,4
ba359fc9666f,0.02139048190751973,0.6896590050994347,0.21774472071805417,0.07120579227499148,1,0
ba382e0d8931,0.13342239315332088,0.4811945189985061,0.3054471104188609,0.07993597742931222,1,2
ba401a51fdee,0.7673898740447312,0.06405490976063116,0.09933621631498588,0.06921899987965162,0,2
ba463f69de41,0.09043265868439328,0.4359036771203154,0.2692112509822533,0.20445241321303803,1,4
ba482ec6743a,0.048752806648971296,0.8870612509546351,0.02125571536464029,0.042930227031753435,1,0
ba4f73c2aff2,0.07417488455423583,0.6629976357732674,0.21313853475665284,0.049688944915843865,2,3
ba50bfcf4757,0.09626739210627548,0.26837922593462615,0.42376463401293374,0.21158874794616467,3,3
ba54f0062738,0.041028821979142385,0.8614350013241191,0.048498497184744145,0.049037679511994316,1,1
ba72d9d6b562,0.4804602986673812,0.38786832597214377,0.07226819427386924,0.05940318108660576,0,4
ba7e0977f38b,0.6603270887513492,0.0952638348572681,0.17268854057685928,0.07172053581452345,0,3
ba7e67ba6f98,0.18604489978594368,0.26406763059601523,0.19388206663451965,0.3560054029835215,1,4
ba8f9647f1ca,0.12641255418233183,0.4467040758904975,0.3297906189031867,0.09709275102398397,1,1
bab9f823eb40,0.06271156845262792,0.5469815346948294,0.3464897718670528,0.04381712498548994,3,0
babc74e64174,0.8600351861264309,0.02053895650835916,0.06036953412986568,0.059056323235344384,0,4
babd2d68bb87,0.3891410759430296,0.2891579700376578,0.11501819536237065,0.20668275865694188,3,2
badb8a6379ac,0.14249428924856372,0.3492829364639693,0.4591024203640603,0.049120353923406836,1,2
bae29add20cf,0.14785138158771202,0.26481755541927793,0.4928218153430225,0.09450924764998755,1,0
bae502afd0c2,0.45423139024920145,0.24001446071714558,0.08110587180298345,0.22464827723066955,0,3
bae643d12bd6,0.062124497424507284,0.7445428273933038,0.160940811984656,0.03239186319753305,1,0
baf7f4d4a312,0.11714515939868107,0.3259581904928453,0.42186897698083325,0.13502767312764047,1,0
bafb7e87a1b9,0.29711410619399564,0.14784222843424397,0.21775154248830192,0.3372921228834585,0,3
bb251f790a9d,0.009625736499926844,0.7894789436830962,0.1561066252651321,0.04478869455184483,1,3
bb268ee80de6,0.47879999106328663,0.3080424147523978,0.1540727676936246,0.05908482649069097,0,1
bb316c570dea,0.08412271173817303,0.8383765103377356,0.038085988158284324,0.039414789765806944,1,0
bb4e52abc3e7,0.10327747086539765,0.41176594655143417,0.19291155032601162,0.29204503225715644,1,1
bb5d71cc0b7c,0.3080088803096467,0.2818524463206082,0.3000451442270556,0.11009352914268954,0,1
bb676fbfcf2f,0.01514843891860545,0.8327900592146219,0.10401258526510805,0.04804891660166451,1,1
bb74de6c12d6,0.3752994617788997,0.11608241915667368,0.4604321869353316,0.04818593212909498,2,3
bb765720c618,0.04644580544242004,0.7831979985727553,0.1508004992659779,0.01955569671884652,1,4
bb8a2eded898,0.49719460651265907,0.2294057468138173,0.2073684692042268,0.06603117746929678,3,1
bb8d7ff318fd,0.7039564953387952,0.03226593920592455,0.1873491878100456,0.07642837764523464,0,3
bb8f28b5c369,0.40664111533786046,0.10409187581001443,0.18911155235975044,0.30015545649237463,0,3
bba84cc338c3,0.3787621868531386,0.10796358538522798,0.15017130531953052,0.3631029224421028,2,2
bbc14136a5cf,0.08291971964836045,0.7031377462664128,0.16085652675712692,0.05308600732809989,1,3
bbca377a9bed,0.4574314617231248,0.06608784065879734,0.4449443239145128,0.031536373703565046,0,3
bbd9439c6bac,0.4723996477308103,0.08086420977314754,0.2624985110812521,0.18423763141479002,1,0
bbe2678852f9,0.3056631164031043,0.22487717603615806,0.3188036522637223,0.1506560552970154,1,2
bbebf4a7d2df,0.7080268647379467,0.09282450487019968,0.13338120644444146,0.06576742394741218,0,0
bbecf7f6c880,0.07065070806048192,0.2970076955826719,0.3476176278005674,0.28472396855627874,1,1
bbfcab526b80,0.2703909426091467,0.17905423599708767,0.4703490028895732,0.08020581850419249,2,2
bc086ebcfdd4,0.11923562037123514,0.3031460153146566,0.5190639260867597,0.05855443822734847,1,1
bc1596dfd0ec,0.0560423203119731,0.7312101722870379,0.18511379978451573,0.027633707616473244,1,4
bc18de2898c2,0.5600705746316403,0.2120362952334909,0.12968416981500677,0.0982089603198619,0,0
bc27460a2859,0.37822219632514936,0.11849502594671625,0.29931770210575426,0.2039650756223802,0,3
bc2b65a2e0e0,0.3699552887034139,0.1436654178015229,0.3296254482046685,0.15675384529039468,1,4
bc3e009078ca,0.04893317227834504,0.5247763234880227,0.08524137791431735,0.3410491263193149,1,3
bc4f1a8bd241,0.7834587170019193,0.13528093803608798,0.0519686454468313,0.029291699515161515,0,3
bc5d38c88259,0.027669623157058128,0.63263220635093,0.05033895258315862,0.28935921790885316,1,0
bc641c321681,0.04134883761714202,0.7010289601458067,0.11027664432396468,0.14734555791308654,1,3
bc78728ff8a2,0.05030206638855857,0.5498414093675985,0.29800444050129643,0.10185208374254648,1,1
bc7b9c7f6db0,0.09056703366842306,0.5584258368554127,0.24362462362404066,0.10738250585212353,2,1
bc84d476388e,0.7679950898531887,0.05469880860711116,0.10638973097888567,0.07091637056081439,0,4
bcc7cc108014,0.013583506556835254,0.841234832058348,0.1284947709336298,0.016686890451186844,2,1
bcd4b22a208f,0.8683967672104317,0.02586341136578573,0.045733229523197874,0.06000659190058472,0,1
bcdfafac68b7,0.38864220705246966,0.16934907787887218,0.2730658822275283,0.16894283284112974,3,1
bce35dd6fafd,0.12344570662545858,0.42427250882365664,0.3066828810756882,0.14559890347519663,0,2
bcee64e12aa2,0.006791555703091054,0.9075792805853079,0.03193728348310087,0.053691880228500015,1,1
bcfb73eb7ad5,0.09307948616650583,0.41842246433331054,0.4215851012139693,0.06691294828621433,1,2
bcfeb0f76b80,0.41943982502396926,0.29448418270208865,0.17028515227682753,0.11579083999711444,0,1
bd0695952ade,0.3468641697760761,0.2573625043989259,0.2779050532296048,0.11786827259539319,2,3
bd0783c01abc,0.1580597345257767,0.29611156137172046,0.16255269649016535,0.38327600761233754,1,2
bd07eaf2191a,0.14176240809307686,0.5242061263416261,0.15135904116465723,0.18267242440063972,1,1
bd1003a23104,0.7045229400949844,0.0844011587079288,0.11688499340766129,0.09419090778942552,2,0
bd65f1e9450d,0.0665763149544738,0.8146797949373127,0.013137944156658699,0.10560594595155488,1,0
bd7354e80f27,0.11910420446342722,0.24489596480586912,0.19440621995693014,0.4415936107737736,0,1
bd9c555b3306,0.13806475707752253,0.7312731773429876,0.10254238013172365,0.028119685447766277,0,1
bda053990c9b,0.49800520971435064,0.16844178998780665,0.16063457320390923,0.1729184270939334,1,1
bda0602c708b,0.335832890026304,0.48935044359151575,0.10575935201043575,0.06905731437174449,3,3
bdaa322433dc,0.09213529642674856,0.6627000879914933,0.19876127549795725,0.04640334008380104,1,4
bdb9c7c83922,0.6634898569441917,0.05683563297894995,0.20093208839928034,0.07874242167757796,3,0
bdc6b580adb7,0.5444589104842524,0.192976555785223,0.22270105373196308,0.03986347999856146,3,0
bdd6949b330c,0.1181522458490692,0.5520224368777951,0.1970977112750291,0.13272760599810662,1,1
bdd87dcce3de,0.2546155183053323,0.3521829338119956,0.13505048831693645,0.25815105956573553,0,4
bddc88dfb40f,0.6796095750873641,0.06124857668358476,0.22798598861803418,0.031155859611016946,0,3
bde318b15e1e,0.5211853377502816,0.2518008304093286,0.09630589168559063,0.1307079401547991,1,2
be0ebd3113b1,0.22384928805336798,0.6188989667335394,0.09544701806032875,0.06180472715276392,0,2
be10f1ab3655,0.07651130567743689,0.4258753957696924,0.18197940256848694,0.3156338959843837,1,3
be16979f2071,0.5730263620871466,0.2455828873728617,0.0959659431196721,0.08542480742031955,3,0
be1a7ddcc19d,0.2227860509606849,0.16150079807731496,0.5389904952079547,0.0767226557540455,1,0
be27e91fa4a7,0.16566657286134673,0.3358658519496932,0.23486180266076964,0.26360577252819045,2,2
be27ee4c4df3,0.31843375900564924,0.2592260535060406,0.3680131908920444,0.054326996596265754,2,0
be3713bb7bdf,0.6434154762106642,0.10729295832657532,0.14573956344146352,0.10355200202129701,1,3
be64cd408bf7,0.07952956073179773,0.4998113181343918,0.3502285344640608,0.07043058666974968,1,1
be71112b8c0e,0.19844041475488153,0.18489912417999715,0.28194024664249884,0.33472021442262245,2,0
be71d3607cf2,0.3860450682952559,0.2301587400266175,0.23405622279800492,0.14973996888012173,2,2
be7bfd0b2237,0.06308930924118962,0.34251963813454417,0.2947578787467736,0.2996331738774926,1,4
be7ff7307411,0.09363649900496157,0.563690149155953,0.2005259449646446,0.14214740687444086,1,3
be8295a3e3f1,0.3061662319495175,0.20244880088170272,0.3637411121777961,0.1276438549909836,1,4
be86e0fdf9f3,0.09077018299331309,0.4085447488374537,0.436923236796923,0.06376183137231017,1,3
be8966fdac91,0.32434892508295293,0.31735687324079004,0.28520430266408836,0.07308989901216859,0,1
be920463ac73,0.0663814019709424,0.5883564043499993,0.2517397226104322,0.09352247106862611,1,0
beb058ee419b,0.802484606541099,0.05355574235427185,0.07311041217737527,0.07084923892725405,0,0
beb148677aba,0.10643236022974056,0.7744992027450862,0.0723171229054503,0.04675131411972294,1,1
beb39eada193,0.5221162984528953,0.15477474410915504,0.17871758604988716,0.14439137138806252,0,3
bebaafc7bfbe,0.14593491440480483,0.2621289598132885,0.4870845921411506,0.10485153364075603,2,1
bec6fb240456,0.12644352316629828,0.4689891927769455,0.28124372057256386,0.12332356348419238,1,4
bedd74e98d2e,0.7015572077464666,0.04449449140129858,0.11733631990739463,0.13661198094484012,0,0
beeb9195fe52,0.039737227484259695,0.779850952468259,0.1400032953603236,0.0404085246871577,1,1
bef9268e8897,0.5033954752361612,0.1128029687513246,0.25598030959003065,0.12782124642248338,1,1
befd9a5119eb,0.013908468249272821,0.7401983427483129,0.19561544059860744,0.05027774840380673,1,4
bf0f4d0e3474,0.009078387280975467,0.7588839163223847,0.19789025053801307,0.03414744585862671,1,3
bf1a41bf2a35,0.0643336832878773,0.684233820134967,0.19852612969483796,0.05290636688231775,1,1
bf21ae96901c,0.2113917705394021,0.521487277238811,0.19538218371171315,0.07173876851007377,2,4
bf35d36cf961,0.25227115337642436,0.1772411977380762,0.3577246870924622,0.21276296179303722,3,2
bf3653da2444,0.05915623499846145,0.7622041224717564,0.10002152381958988,0.07861811871019243,1,2
bf3ba5075cab,0.19883002921429244,0.5060572479886933,0.22352977062815893,0.07158295216885532,1,4
bf443fd8264c,0.20186929674453924,0.1580844908134442,0.35764973772008196,0.28239647472193463,2,0
bf503a60ff23,0.3560198549138505,0.08648258998416773,0.19932375618674777,0.358173798915234,0,2
bf529579241b,0.4579188159923922,0.16810704160004844,0.23769966221445046,0.1362744801931088,0,2
bf6bb812ec63,0.32781297555573985,0.11904474119638389,0.5296527647792055,0.023489518468670808,0,3
bf6f81be0705,0.12640686722151856,0.4278203301395777,0.2232602731768952,0.22251252946200864,0,3
bf6f84cba47f,0.0497122198840328,0.428033145284197,0.47344969836863177,0.04880493646313851,2,4
bf718904b796,0.09389405887717875,0.4751309223284609,0.26263014475820684,0.16834487403615353,1,2
bf88ddc2621c,0.04937647163115422,0.3741273583554984,0.22189092972527302,0.35460524028807444,1,3
bf89768fd788,0.15264456319503308,0.5366886308496815,0.0693057902658788,0.2413610156894065,1,4
bf912917376f,0.13401197555181285,0.7140670420953711,0.1147568588889531,0.03716412346386303,1,4
bf9f49c46709,0.09927765491329547,0.2841541298611452,0.4895649515162871,0.1270032637092723,1,2
bfb004fb2bb7,0.5080069811940221,0.2622894991442654,0.12459387394640198,0.10510964571531044,0,1
bfd9d34295ba,0.35594749481554827,0.18390465504526532,0.1798698937161862,0.28027795642300024,0,2
bfea52f3ba2e,0.11744020014227913,0.21752131778909853,0.555136285350443,0.10990219671817925,1,4
bff5c52b5fdc,0.6896752541695489,0.11589394350456957,0.08566613850759125,0.10876466381829035,0,3
c0101bf708f1,0.18816115971085498,0.36467752407608384,0.3892086088951345,0.05795270731792681,3,3
c010f88a494b,0.3598114448767745,0.20851515772018905,0.21602741694364505,0.2156459804593914,0,3
c01889462e54,0.47796320834920436,0.14581718574850203,0.2937769796951698,0.08244262620712384,3,3
c01c4998eddd,0.38409825139559645,0.31560757470817385,0.2875577748794896,0.012736399016740136,0,0
c0319257bdb1,0.007213356022331416,0.7626921021028754,0.22093574483200074,0.009158797042792325,1,2
c0527255e849,0.15322496721610712,0.3106470111129542,0.45654421469289325,0.07958380697804551,1,3
c05506118d89,0.0767455750967332,0.7244377589776047,0.10457953913028399,0.0942371267953782,2,3
c065c89e797e,0.73927445014284,0.09775345923728068,0.1279536100329567,0.035018480586922654,0,0
c08ddce7c535,0.07028996908916534,0.46179970233297635,0.42008171820749207,0.04782861037036613,1,3
c08deac36ae6,0.23175689567338095,0.5453134958015708,0.0773395266711691,0.1455900818538792,3,4
c08f28069408,0.050189195323294813,0.7115860600851772,0.1087395384598422,0.1294852061316858,1,0
c0a5c404506f,0.08418587489506914,0.39979180097302697,0.3646197832568381,0.15140254087506583,1,2
c0b31c4ca617,0.08440833028361357,0.24542940895434193,0.5362710300250766,0.133891230736968,2,4
c0b825a70867,0.3761002326653113,0.10935557494293079,0.19551654946297722,0.3190276429287808,2,3
c0be57645ef7,0.03578558727190141,0.6965363793743905,0.1530457321173756,0.11463230123633258,1,1
c0d6283aba70,0.04042314029048569,0.682380446540871,0.24113872905246925,0.03605768411617412,2,3
c0e02c0cd817,0.3722361502110385,0.10010733346661808,0.11736277023634108,0.41029374608600244,0,4
c11804d10775,0.07332147696439273,0.6115898306963247,0.27873347136358223,0.036355220975700306,1,4
c13f13201af8,0.5120209112595574,0.10473302143165346,0.24045379771570968,0.14279226959307945,2,0
c140fcf4dbce,0.6816035470649363,0.05120260872887409,0.2012681208171393,0.06592572338905034,0,0
c158be090c57,0.1041054217300111,0.40622126071892195,0.3562254366815944,0.1334478808694726,1,4
c15c667317d8,0.5433995942217544,0.14858465853801053,0.19602412077617976,0.1119916264640552,0,2
c15db163ce39,0.11169149113666858,0.40554257966659796,0.4514977028933553,0.031268226303378034,1,4
c18d22653598,0.5529433092514041,0.2734590782201727,0.09257648220946418,0.08102113031895902,1,4
c194eef4058d,0.21068129186400772,0.3148393359888946,0.36052596551071536,0.11395340663638233,2,4
c1a4593e3210,0.506484503062041,0.1870088088183983,0.21089414237575543,0.09561254574380543,0,1
c1b4cc5a3d82,0.16674319351988992,0.3392633755083395,0.32672136091538034,0.1672720700563903,2,2
c1ba276f8ca1,0.6556875457290811,0.0789486398020213,0.1420290508668284,0.12333476360206912,0,3
c1ba4d912111,0.3755105356631805,0.12556468958771067,0.4773523699025994,0.02157240484650949,1,4
c1d61c52bdfd,0.011369614370963989,0.7882784058407393,0.19205161168178855,0.008300368106508086,2,1
c1d724ba4d21,0.3035641250314909,0.11042108214025217,0.3061224781771207,0.27989231465113623,2,0
c1da0e5b5e7f,0.05820470175635999,0.5299836204981975,0.3194603381472187,0.09235133959822375,1,3
c1ecb74c1260,0.02052995622242997,0.5956377527833472,0.3142188761152772,0.06961341487894551,1,2
c1f2fb51a794,0.016390330804246293,0.8913339536568569,0.05503073323726439,0.037244982301632264,1,1
c2168febb64d,0.45442115670720057,0.1022717986863004,0.15144475443036517,0.2918622901761339,0,1
c21b75627e3b,0.12428274520508326,0.4448704102839144,0.2834844089248444,0.14736243558615802,2,3
c22387a717a0,0.027381936870191734,0.5904191804995458,0.24525692505527352,0.13694195757498898,2,0
c229eccad476,0.18995379134399268,0.35515390444173084,0.4070359241818756,0.0478563800324009,1,0
c22d3ee72d3f,0.06370562333475295,0.4965403436822042,0.2929226353260617,0.14683139765698114,2,2
c23033b658e0,0.17002854718869123,0.26043472090405156,0.30801242785931465,0.2615243040479426,1,3
c2317b1e87a8,0.3189949728644968,0.3780867276693491,0.2519723540405358,0.050945945425618186,1,0
c2349438eb7d,0.3387121326008806,0.17695152532752415,0.2622027040153574,0.22213363805623781,2,1
c23f590fff4f,0.06016053796776379,0.54205675569053,0.30657831179843487,0.09120439454327128,1,0
c24d4d4534d4,0.7779313401454097,0.03117458291422644,0.156681314560238,0.03421276238012594,0,1
c24d9ce8858f,0.3631996985020609,0.13666391332463773,0.388607064005132,0.11152932416816934,1,4
c25107e62d1e,0.05488113977740325,0.696933322242136,0.09078864822606095,0.15739688975439975,1,1
c251f8956347,0.32422704519199574,0.05048196122883999,0.20304632647897486,0.42224466710018943,1,2
c256d52076a4,0.2465711809672438,0.2370822867638431,0.31326142113973743,0.20308511112917577,1,4
c25d9133b16e,0.22909301890755593,0.2735496557745116,0.4642522100435435,0.03310511527438899,1,0
c26bc0272129,0.37319085156886755,0.14892398672141594,0.3973554055937004,0.08052975611601598,0,1
c27577f295b8,0.41127576704067115,0.11134779976165264,0.2489726343668396,0.2284037988308366,2,4
c27f7fb9e1db,0.25436968177609903,0.5315610375995993,0.1553480055276493,0.05872127509665242,0,2
c29970048923,0.19832876068352062,0.3498271009130551,0.41019985125913183,0.04164428714429254,1,0
c2adb9afbb5f,0.20146945610410863,0.2917615003163981,0.4051714048619209,0.10159763871757238,0,1
c2c53475d6c8,0.29713813645319137,0.13132122978021035,0.11421994659486874,0.4573206871717295,2,4
c2d117c7b9fc,0.10504712427831857,0.7832584680849793,0.06850254503687511,0.043191862599826845,1,4
c2f87da261ed,0.23615581995975513,0.2619007650879052,0.20391079976484858,0.29803261518749113,1,0
c3009b38115d,0.03526464310235111,0.2616335758077351,0.5624321490303333,0.14066963205958036,1,1
c3107aac6a7d,0.04428141839992042,0.7463224908207925,0.12574801247300565,0.08364807830628135,1,3
c3200a1427a8,0.1016887738722458,0.213174430975624,0.613488165719055,0.07164862943307533,2,3
c32b58cf3fcf,0.1391174858546512,0.12083168363635423,0.5697436947888126,0.1703071357201819,1,3
c33551d1160d,0.04901944892915888,0.3402679764907047,0.12572782344079908,0.4849847511393373,2,0
c336b6ddd31e,0.21189211096665236,0.39630153776274446,0.3456861300354849,0.04612022123511838,1,3
c346c7718800,0.11427106625414457,0.18968385753474984,0.2896076586741835,0.40643741753692203,3,3
c34c3d0cb965,0.46964887060925525,0.23738848236488178,0.14736321783614184,0.14559942918972113,1,1
c35596515b04,0.13530707551304627,0.4217848232807173,0.24916838028118865,0.1937397209250477,0,3
c36730438f84,0.3817233724469579,0.2167521804777388,0.3003640506250146,0.10116039645028863,0,1
c36802596bf8,0.02234512753307636,0.6665494127023269,0.3029434509203686,0.00816200884422805,2,2
c36cde17cd04,0.07204690767096596,0.5198545559111253,0.3132928226892194,0.0948057137286894,0,1
c3835f6d361a,0.08076484918909047,0.7162487175835301,0.16390885244410194,0.03907758078327741,2,4
c38afaf25923,0.5477633903324156,0.1938592902760443,0.12172723051985207,0.13665008887168795,0,0
c39d68397d84,0.05126156099022578,0.596956090844846,0.319098748785314,0.032683599379614355,1,1
c3a48893191e,0.745775511519987,0.048157121068272316,0.10662490482748946,0.0994424625842512,0,0
c3b236f3b68d,0.7652252083757708,0.016667699085183244,0.06680047936408061,0.15130661317496538,0,4
c3b54c0f1f3a,0.18194193550544477,0.23398086358360337,0.20927862788606155,0.3747985730248903,1,2
c3c51d97acf5,0.10618677170755143,0.7098674105322439,0.11842691015349122,0.06551890760671354,1,3
c3c8292e31e4,0.6737275165698924,0.06634436882901203,0.15617836714675576,0.10374974745433986,0,3
c3cd6826fd20,0.2788894857815168,0.33685400549869204,0.23460461251212975,0.14965189620766153,2,4
c3d5876a73a1,0.08825284394650855,0.5267765602830131,0.28799737618475635,0.09697321958572187,2,2
c3da9334b162,0.15090436580464617,0.22161123765289978,0.22248932656684664,0.4049950699756073,3,1
c3f453d9e744,0.14302914532523642,0.7262389557521003,0.0595636973096808,0.07116820161298262,1,0
c410870ee506,0.4855258882493399,0.15877362466485623,0.12080037682750873,0.23490011025829508,0,4
c41c937123f7,0.2623325478619153,0.18563672423840444,0.30324150703033637,0.24878922086934402,1,2
c4201775db63,0.2752867870960367,0.17281671695034123,0.40922294393727304,0.142673552016349,0,0
c4272626019e,0.04177255036836942,0.25598627963967935,0.5673911195350979,0.13485005045685322,0,4
c42bf9c1becb,0.6372431852886253,0.10384122070213175,0.19474296389130785,0.06417263011793506,0,4
c4328d32e545,0.1409698368742423,0.40360766005397875,0.36442117462701085,0.0910013284447681,1,2
c445c6365449,0.7064572037741447,0.06892042837593208,0.07005057825547249,0.15457178959445086,2,3
c45d664b2d3b,0.08611699051894081,0.4095656936588375,0.3795505992231738,0.12476671659904792,2,0
c471f279da8d,0.035506614353122766,0.7891928201451617,0.11426646838739474,0.061034097114320805,0,3
c4749d8f848a,0.10984271791087696,0.29264055498841146,0.4806370447457359,0.11687968235497578,2,2
c474e013e0af,0.3236485956816632,0.5256876013576219,0.11898434730133475,0.031679455659380136,1,3
c4870e289de7,0.11062532029366992,0.7203017734728455,0.12987318917657986,0.03919971705690484,1,0
c48aac4f37c3,0.2711713036497734,0.19994767851890652,0.465921552048554,0.06295946578276601,1,3
c4a1e07b68b8,0.17920128119723472,0.3992667481729851,0.3202326246786986,0.10129934595108156,0,4
c4ac6f824edf,0.25065478442939404,0.33803962706402607,0.3002092630151806,0.11109632549139929,3,1
c4b86ed06eba,0.4920760503297223,0.28408043681678197,0.10306300434000366,0.1207805085134922,1,4
c4bc22f2003f,0.8788621908149293,0.034567598740943756,0.074725995385843,0.01184421505828394,0,3
c4c9da010bb7,0.40499865131334023,0.41148065409612544,0.1555939851769204,0.02792670941361378,0,0
c4dceddea945,0.4525816783959994,0.0872857054253522,0.4389867388209265,0.021145877357722134,2,2
c4de7c5901ce,0.5551871713673014,0.09333999506084716,0.2903016990053222,0.061171134566529145,0,3
c4ded198c3f1,0.03754048767286326,0.594862139238686,0.24494854116758139,0.1226488319208693,1,3
c4fab7c2a354,0.12954012740510804,0.4339537383832898,0.21327358445011965,0.22323254976148255,2,4
c50020785833,0.41898735971633994,0.18495487482613143,0.3305754086224872,0.06548235683504149,0,0
c50278df84d0,0.19786258061257245,0.3686200178987175,0.1654301284163329,0.26808727307237723,0,3
c508e7ff4063,0.11991045902526425,0.3860378531452367,0.20135315502130932,0.29269853280818975,2,3
c50ade6786c1,0.4398427023082197,0.3841598730174173,0.12800592443933415,0.047991500235028794,1,4
c51701835609,0.07941225290730446,0.26576879259344866,0.313959564208806,0.3408593902904409,2,3
c52f27b9bff5,0.2333556654747732,0.08453239528670788,0.5068283209825163,0.17528361825600255,3,1
c539ad81cc2b,0.06600265076441082,0.4701830520678856,0.41585322127656044,0.047961075891143234,1,0
c544a46adac8,0.012346337360068668,0.8003559873996625,0.16510995039436796,0.02218772484590073,1,1
c553748e7049,0.36976710905486065,0.5109378576237535,0.070699995055544,0.04859503826584177,2,2
c55dcf172e5b,0.03381921048706267,0.5683963397638833,0.2711325405660745,0.1266519091829796,1,4
c5634cea013f,0.16334419677621223,0.6747103731044507,0.10831785043485158,0.05362757968448537,1,3
c56bbac149cc,0.017178650974529704,0.7002694578764892,0.24231247913002793,0.04023941201895305,1,4
c57c345cc6a1,0.18801963365613367,0.31020378180065616,0.4482903666705966,0.05348621787261366,2,1
c58d3494fd01,0.12665651040817497,0.5016148191174886,0.18163975178538946,0.19008891868894678,1,2
c58f890db01a,0.7827220348648708,0.04478951189596103,0.13982658024079653,0.03266187299837169,0,4
c5a5dd5ecc62,0.31195335476483926,0.42186457046913917,0.1062245396901363,0.15995753507588523,0,2
c5ae5513399f,0.6736859128148429,0.055020220578464854,0.11825716657748842,0.15303670002920383,1,0
c5af2a9953f1,0.3596392528417831,0.2727524618039962,0.2878034108262013,0.07980487452801921,1,1
c5bed0d55643,0.1303186888930155,0.32304671286712033,0.19770357830642013,0.34893101993344405,1,3
c5c7c1b15da4,0.07300516425741285,0.47305820277302124,0.33948383851128294,0.11445279445828305,1,1
c5f847a87bd2,0.36193935157530077,0.23502319216209272,0.14407025965202871,0.2589671966105778,0,3
c612fea06981,0.18493515908885022,0.5560324325506808,0.1754299559235171,0.08360245243695194,2,3
c61ce24f4011,0.24443477155847548,0.592456227263129,0.09566216240589874,0.06744683877249691,1,1
c631e5f031a9,0.02032309061099428,0.6738997118087723,0.2625187758483059,0.04325842173192749,1,0
c63c77cebf53,0.22297214092616888,0.5447874834434493,0.15005321405567204,0.0821871615747098,1,1
c640c29623c8,0.3713378854850984,0.41715753599962924,0.10467939225872643,0.10682518625654588,2,0
c640e58f2c3e,0.09221381391636096,0.7231445172978171,0.1593109811685843,0.025330687617237696,0,4
c64a6fceed0e,0.01644261703072551,0.5648846532145562,0.22773067385555482,0.1909420558991635,1,1
c6583ca18178,0.22361181413931103,0.27677424113389165,0.34972341253456213,0.1498905321922353,1,3
c65ed6750934,0.17185449725712057,0.18417972706815952,0.36529583983300984,0.2786699358417101,1,3
c6621edbc480,0.01597612144790352,0.8156986449986678,0.1318390970925883,0.03648613646084029,1,4
c662e2746cbf,0.13324686636074837,0.5367201269203077,0.3042307758950986,0.02580223082384536,1,1
c671c042f2c2,0.10887152696641528,0.21278140525117095,0.6466954843641415,0.031651583418272164,1,2
c67a9e39ade5,0.6429731672588762,0.04590368755617678,0.19343171375644908,0.11769143142849788,1,3
c69bf860eb88,0.21479393851195647,0.2533667317257573,0.347383670967605,0.18445565879468123,0,0
c6a376032cfd,0.516517672963218,0.12567940800162067,0.17659181294355655,0.18121110609160468,2,0
c6a5e29975eb,0.19630251612657476,0.38898710515109797,0.3394217836086209,0.07528859511370627,1,4
c6ab9c7ba459,0.18853195553941696,0.4658989538333176,0.19480122964468125,0.15076786098258418,3,4
c6b1e11a8f4e,0.4689992302750321,0.22463102024112802,0.0921267786069,0.21424297087693991,1,0
c6c5e04f3a24,0.7542781790302999,0.059665573897034654,0.06944740618321035,0.11660884088945508,3,2
c6d8c8e90ab4,0.03656449893367423,0.29048163458839504,0.6510619993791115,0.021891867098819216,1,2
c6db7683f622,0.412720406907136,0.11888746114547045,0.2821527831443108,0.18623934880308268,2,2
c6deeff2bd56,0.21971741624447158,0.449297824443418,0.2648835325893626,0.06610122672274779,2,0
c6e15cb1f2a8,0.09349755983025426,0.21682892880737822,0.5656168810665313,0.12405663029583631,1,4
c6e1b0f07d2b,0.10566348152848247,0.6813781351322612,0.1154083473724678,0.09755003596678867,1,0
c6e9ee8fbf4e,0.043287671426963575,0.8787075120196227,0.06277633501964003,0.015228481533773772,2,3
c6ed4ed3f93c,0.04042897826779333,0.7319131849535632,0.18592645263629562,0.04173138414234798,3,4
c6f036281ae4,0.9170111605267193,0.020883307015560723,0.03472663730371487,0.0273788951540052,1,0
c6f8052c3084,0.33585502970035297,0.14247057478612266,0.29067665075228005,0.23099774476124432,2,4
c6fd58768e03,0.8355912172074464,0.02788996168733517,0.04937289267701716,0.08714592842820132,2,0
c70369caef91,0.06583049129291647,0.7265073909266477,0.1460034913651291,0.061658626415306804,2,1
c712a4ef7476,0.15219254385408054,0.5404239667240986,0.19876226914487555,0.10862122027694529,2,1
c71c8eb2df69,0.25330933490832014,0.32703977686073094,0.3126188876009229,0.10703200063002606,1,1
c7291b008baf,0.14930264301773055,0.5690506733540951,0.24606763489222924,0.03557904873594512,2,0
c732dd163d0d,0.37268929331285977,0.10258162860380061,0.3512420568705837,0.1734870212127559,1,1
c7426be07170,0.04494460563748677,0.6031709325527533,0.17588083264933513,0.17600362916042475,1,4
c74b100b835f,0.8024153174567231,0.029846574278390558,0.12226229209060693,0.04547581617427934,0,4
c74f9b3910a5,0.07959529598388372,0.4118246946017843,0.3823626856472534,0.1262173237670786,0,4
c75957219940,0.13153893562268695,0.2624894232956243,0.47018351144206116,0.13578812963962755,1,4
c76676090cdc,0.18839944175512713,0.25743125297930747,0.4838291142212539,0.07034019104431154,1,4
c766fc255651,0.1454588253440111,0.5021116216163682,0.3166954811084261,0.035734071931194565,2,2
c76b8d3f1402,0.5527790065527644,0.09575640381552383,0.1229571715030826,0.22850741812862913,0,3
c77364a32ea4,0.1676569458269383,0.1166429551675145,0.62034412357067,0.09535597543487727,0,2
c77ad8c72093,0.022264943924155144,0.8853123483656514,0.05728540668273138,0.035137301027462216,1,3
c79e944eb6ae,0.08263064714642966,0.6744449712992767,0.18360285131340714,0.05932153024088644,2,3
c7be24e7b7c0,0.4856277343497084,0.16905313646882786,0.2562876236528801,0.08903150552858369,3,2
c7c00de9cb9f,0.09741984529637872,0.2759540430426951,0.5420618779778119,0.08456423368311428,3,0
c7c53a0fcccc,0.09179626591882965,0.3541055824936569,0.5118363039841453,0.042261847603368125,1,3
c7cb4bb07b69,0.5850958369859601,0.045931351594589255,0.2212570463378694,0.14771576508158127,0,2
c7d21e91ecb8,0.1351107373091938,0.28757015234926286,0.5509078577053768,0.026411252636166626,0,0
c7d9660daaa5,0.1260382910825161,0.5053650784338927,0.09396862339062113,0.27462800709297003,0,1
c7da9786faff,0.13876609223080458,0.4949649951432817,0.270847010173403,0.09542190245251088,1,1
c7f9cb4677dd,0.897752113211074,0.0347971856816243,0.04300106594373215,0.024449635163569395,0,1
c7ff315a07d2,0.22097642960473393,0.15160329534766656,0.15929522508856447,0.46812504995903514,2,4
c804cb63b917,0.2342010035502328,0.3043959407661495,0.38739370673102747,0.07400934895259025,1,0
c805bfb98923,0.2207475361179499,0.21159028237811028,0.37598099922522993,0.19168118227870995,1,2
c806bfda328f,0.12490548862871152,0.323194745595873,0.5073243607882485,0.04457540498716699,0,1
c806e55aadeb,0.058847188935619604,0.6532752464920522,0.1849233565756365,0.10295420799669164,0,1
c8113e6ba961,0.35543756608672794,0.17218785393227076,0.34100157547346893,0.13137300450753225,1,1
c85b74b2f14d,0.16280263842823742,0.5078491791558625,0.24596678922933193,0.0833813931865682,2,3
c87797d3e4a4,0.7138768568764644,0.06215259730092867,0.18420596834403566,0.0397645774785712,0,3
c8787f51904f,0.05813274686925776,0.33938174262325865,0.3876684341667052,0.21481707634077832,1,4
c878e9f77705,0.0808181696408388,0.5659964417328875,0.18887502961218694,0.16431035901408664,0,3
c87a812df3e3,0.6052872602127258,0.05862924415351335,0.2746701990201643,0.061413296613596506,0,0
c87fc2d62863,0.5100446106193822,0.24011497785886396,0.18778276622377776,0.06205764529797605,0,0
c889f01b32c4,0.0869554644317729,0.8183000470627642,0.07884264375200958,0.01590184475345344,2,1
c8939c198758,0.0761675932386302,0.29156379428431023,0.5778205004853243,0.054448111991735354,0,4
c8970add821a,0.03785788725972549,0.8714704701690332,0.04160985166059686,0.04906179091064445,1,1
c8a262f4d593,0.5997575452928836,0.15647300154189928,0.11254730670452288,0.1312221464606942,3,3
c8b578ee523f,0.1996447257014514,0.22869739359476024,0.488586629406899,0.08307125129688939,2,4
c8d0b3531ba0,0.1269929563058657,0.4927455537283779,0.32714384418052456,0.053117645785231773,3,1
c8ec0362eb1d,0.024411487435235767,0.7001683950697881,0.1696645367968598,0.10575558069811627,1,1
c8ece2a8d2b4,0.43504829662075306,0.0869955983537239,0.2825166357935291,0.19543946923199412,0,0
c8fba581da8b,0.8460799257129175,0.015459406754605996,0.1207022907762766,0.017758376756199835,2,2
c9171bcfd1f9,0.8598637745001434,0.035954618487334236,0.08519322413697747,0.018988382875544926,0,1
c925ca312688,0.455818825703453,0.21216307952711835,0.2634356156117362,0.06858247915769261,0,3
c92965e46fe3,0.3649899600043292,0.21707838549613573,0.31459283955016754,0.10333881494936765,2,3
c9377445d2c5,0.17783814138829412,0.5928429357805981,0.06392236695170438,0.1653965558794034,3,4
c942b7beb3c8,0.045475204992525955,0.2837499060481739,0.5901141127985197,0.08066077616078045,3,4
c963416e4f73,0.24367093966719003,0.12503812156717967,0.29942883659938846,0.3318621021662418,0,4
c9a187b33acc,0.10819525325771287,0.23956969738387185,0.4268991440533946,0.2253359053050207,1,0
c9b48db00217,0.18197255450366398,0.5786961963088999,0.08534935625341478,0.15398189293402129,1,3
c9bf4ff8d7e8,0.4945220084599477,0.1865761575915763,0.28466697594846535,0.0342348580000105,1,2
c9cbca627e30,0.03047633968902158,0.8074104442083656,0.07000301890921391,0.09211019719339893,1,1
c9dfce6a3b7f,0.19746288913662285,0.5944875658385435,0.13598315112849763,0.072066393896336,1,3
c9e4975d5ae8,0.035246012123789534,0.6755957302612584,0.08291160489707339,0.20624665271787862,2,3
c9fb827e89a4,0.03286976833147779,0.8568791952757767,0.04646853141252651,0.06378250498021913,3,4
c9ffe6312921,0.08214914723257233,0.6733412864066357,0.15350816596018452,0.09100140040060721,1,1
ca0faad019c5,0.1961851546367077,0.45729155124261667,0.28179423613681925,0.06472905798385638,1,0
ca12997e60a4,0.7088966053356826,0.040103685934914035,0.1431095362861892,0.10789017244321421,1,0
ca1c191b5af2,0.04665680804921447,0.7973021513800937,0.13618982928833057,0.01985121128236106,3,1
ca306996a98d,0.030645316165196085,0.618228368304885,0.2569997101788149,0.09412660535110393,1,3
ca37589b5766,0.4280151367170692,0.21221031361247225,0.19987487816473085,0.15989967150572773,0,0
ca436c68f046,0.0720236143690307,0.4100024922216529,0.4895824160858561,0.028391477323460267,1,3
ca4ae1f8356a,0.2012180426610603,0.4298260490503176,0.34372510763074815,0.025230800657873913,2,4
ca4bd49ea348,0.13241280141410694,0.6075984676199603,0.15956829663358363,0.10042043433234916,2,0
ca54d15e5311,0.4387365528398714,0.1242523187519176,0.25374090315653863,0.18327022525167236,1,1
caa1a1861fab,0.16195097386736135,0.472423695689307,0.2949916011322304,0.07063372931110135,2,1
caae1729c701,0.5510275505844154,0.15955390287573634,0.1890610056026235,0.10035754093722457,2,3
cab686c551eb,0.5622801885056335,0.15289699204502447,0.11917244008933948,0.16565037936000251,0,3
cac4d4c92312,0.157289638405548,0.16237352973384292,0.4662865302390159,0.21405030162159322,2,4
cac903938518,0.07338046829517114,0.47388697067406527,0.2934391306171753,0.15929343041358823,1,4
cacc8f5f2c2e,0.08821591666647703,0.5163382539581155,0.37250654643817593,0.0229392829372316,2,2
cad19e55e9f8,0.05200348407424728,0.6903634579506893,0.2114982858986552,0.04613477207640803,1,0
cb04434a6c7e,0.28191046710670414,0.294878415959799,0.18001062402709103,0.2432004929064057,1,2
cb0d6854e691,0.22606331109365135,0.46589733313263804,0.17005973078440714,0.13797962498930355,1,4
cb2949b1aa32,0.026387972428500932,0.7450578476004786,0.19618938872412547,0.032364791246895015,1,0
cb4d8159a8bf,0.5678521944693445,0.07266963321765221,0.3041578399877265,0.055320332325276785,3,0
cb542a3e1086,0.08786492508925804,0.41091780234474923,0.10836243323986802,0.3928548393261246,1,2
cb6673ee6433,0.48790257223116906,0.1636369464090542,0.10539607517368357,0.24306440618609307,2,4
cb8d01dc0d0b,0.11205672096521135,0.5544860329203674,0.31102965996526205,0.022427586149159316,1,2
cb9e68a7ddc6,0.09356285278845519,0.7204852758538522,0.15288561625371266,0.0330662551039798,0,3
cba7dd0a06d2,0.3729852571614441,0.16827875951757668,0.11039154845208464,0.3483444348688946,3,4
cbaee64f9d29,0.5910798593083333,0.10986731781941945,0.2513702852890033,0.04768253758324394,1,3
cbb7b764ca87,0.8827491985491968,0.02369719046983603,0.05715331917017933,0.03640029181078794,0,3
cbbc6e5e7141,0.35807271472687496,0.14530895449787343,0.3508414671879265,0.14577686358732503,0,4
cbc5b788ab7d,0.2663983474371388,0.27648436468359866,0.4026442741356774,0.054473013743585236,2,2
cbcc9c2bfaa3,0.012742915023025768,0.7672899748221781,0.20055724366672137,0.01940986648807486,1,1
cbe28b52b282,0.0676219922027176,0.2284206887722893,0.210689970150378,0.49326734887461504,2,2
cbe5d39a75bd,0.2823229113136369,0.21712318453861298,0.36940846374506325,0.13114544040268689,3,3
cbf3b338fae0,0.16730997003779963,0.34559411541459084,0.09467548201285611,0.39242043253475345,2,2
cc127cda72f8,0.0833335246661259,0.5921625288581811,0.17788230108016312,0.14662164539552988,2,4
cc214df24ffd,0.224083218231767,0.39866254252391686,0.24419389057656601,0.1330603486677502,2,3
cc4e5235357b,0.1772208176452126,0.14005380093331998,0.22559438065671075,0.4571310007647567,1,3
cc4f74e87040,0.3726929142781265,0.08117144801140674,0.11504080374650548,0.4310948339639613,1,1
cc5dac252ddf,0.027866272471562707,0.6815245251090357,0.27527116056799394,0.015338041851407703,1,2
cc5ff5b6356f,0.1597410900387865,0.28555465503603605,0.44173042628034775,0.11297382864482983,1,1
cc7cafd867f1,0.03675164856030583,0.6310124058307187,0.27152209216775225,0.060713853441223146,1,0
cc7fff1668bc,0.10777478205806687,0.43480815378934246,0.39879329422402265,0.058623769928568055,1,1
ccb2bb7d0986,0.05977822432544216,0.7779784565312635,0.13266204449327693,0.029581274650017232,3,3
ccb8df9dddce,0.048642835993581574,0.5373900681802263,0.27673748963520395,0.13722960619098815,1,0
ccd2dee9eaf9,0.23940105166321488,0.29158540449929293,0.3881248023796675,0.08088874145782471,2,4
cceb9796da02,0.47272066998401585,0.1033789131516287,0.14658516948119996,0.2773152473831556,0,1
ccf4402a880e,0.14062825936056025,0.26935035169332655,0.5307673778417902,0.05925401110432316,2,4
cd009edaae20,0.3598364399215376,0.3422540044899441,0.2147415631457922,0.08316799244272613,2,3
cd082bbb2799,0.7054933815276041,0.05546170741252068,0.19540960735091803,0.04363530370895713,0,4
cd22baf7bb69,0.2996924787950416,0.2446949361907042,0.18563094245439865,0.2699816425598556,0,1
cd26a806db43,0.6089867225582195,0.061392528522485106,0.2842372236833198,0.04538352523597558,2,0
cd3829a517ea,0.4349719345257777,0.16573486035845206,0.32109100387902895,0.07820220123674149,0,4
cd3f1572832b,0.3340958584110654,0.06618130509999073,0.5493365244011,0.050386312087843915,1,2
cd430a024263,0.06298810583711201,0.2870027400047025,0.19848639059659806,0.4515227635615875,1,4
cd4526f0c63a,0.08692167069519958,0.5259199283652114,0.14572386469514556,0.24143453624444344,1,3
cd50cfa54f6d,0.5465699924918849,0.058051319144380206,0.35929181903808216,0.03608686932565262,0,2
cd5dd5e6f3f5,0.5635855487867987,0.166347147361793,0.1968574864061286,0.07320981744527966,0,0
cd6d6e960d3d,0.04892397813615612,0.5790842980983342,0.3509490303048928,0.02104269346061698,1,4
cd7b8745e046,0.33865641501985727,0.23485282661211557,0.21962724189030755,0.20686351647771964,0,1
cd8dc0c789ae,0.18164222505349567,0.6041709531382229,0.15247089937723526,0.061715922431046295,1,2
cd97a120b1e0,0.6637272078256616,0.05518033168651359,0.1506402195547765,0.13045224093304839,1,4
cd9eb8ab35bb,0.41786131832405654,0.17809326437594772,0.20443537063896552,0.1996100466610302,0,0
cda63d7fef2c,0.3763835104066474,0.15821331000314925,0.28393618720595576,0.1814669923842476,1,1
cdbd8e529c4f,0.908271489903502,0.0359755315175048,0.03494989773736607,0.020803080841627127,3,1
cdbe08f51795,0.04933339812081832,0.6786227975961651,0.19791072614750754,0.07413307813550901,2,1
cdd15519ddb1,0.0579465439147396,0.6424372668254151,0.2566518066207366,0.042964382639108824,1,4
cdd75add0930,0.1062599912472522,0.3868561615936076,0.47979471259714856,0.027089134561991673,2,3
cdda51ee9f0f,0.011779360563626422,0.828632253701948,0.10315615575628588,0.05643222997813965,1,2
cde0ab9526da,0.16862914363950665,0.1937733643199599,0.39483106190514616,0.24276643013538743,1,2
cdea7e206121,0.6419881746159808,0.09428658194721765,0.1596057884651695,0.10411945497163201,0,0
ce193df4c0fa,0.02732100533545802,0.833447013381571,0.09389292458392352,0.04533905669904755,1,1
ce1bc101c635,0.013429518324680652,0.8018572613948978,0.16945979336202274,0.01525342691839879,1,3
ce20472bb087,0.1121775811367024,0.4864946187517527,0.324150148442507,0.07717765166903787,1,4
ce2cb41ebc7c,0.3834489812871646,0.18129370490638125,0.1432010372955711,0.29205627651088306,2,4
ce55217f14e9,0.21685916464256882,0.4111118285262531,0.21105400750389416,0.1609749993272839,2,3
ce5c24b1bb3a,0.3959236848555852,0.2844905453684069,0.23136070066805176,0.08822506910795616,1,3
ce61060be9c9,0.2389488592137911,0.4741917668296361,0.19731181465872064,0.08954755929785214,1,0
ce63acbfe9b9,0.3600988972862315,0.3450956285161124,0.11662290619865517,0.17818256799900084,1,4
ce65f4a0c584,0.05510985067544336,0.8612534726277946,0.06522433579361772,0.018412340903144312,0,4
ce67c56d3bf0,0.09115478717452646,0.5557355479711145,0.20385186671396838,0.14925779814039064,1,4
ce7450de80f5,0.2613593393143041,0.17785289573895366,0.2848752136073524,0.2759125513393898,0,3
ce9c6941be72,0.07557866408856069,0.6887320588594784,0.10617458331583916,0.12951469373612187,1,4
ce9fab84f90b,0.2938098947622568,0.23380893996033233,0.32638362333885595,0.14599754193855496,2,4
ceb994683b51,0.27216424361081104,0.3364515804605871,0.23954068640929196,0.15184348951930995,2,0
cec0cef8568d,0.4248564547500498,0.10283717734007963,0.41114948498191484,0.06115688292795581,0,4
cec6e9fb134a,0.030309939370536377,0.5329763547278729,0.24183485016951417,0.1948788557320765,2,2
cf002a39bb2d,0.056433289397292086,0.5899076448279889,0.30513764851542924,0.04852141725928989,1,3
cf03351eb58e,0.16964660891815342,0.44356852162285776,0.24175030804361605,0.14503456141537277,1,2
cf14bc7095a1,0.1981245524025449,0.3174823354970572,0.2898203221202379,0.19457278998015987,1,3
cf1a94eeef5d,0.03750641622303224,0.49925938148636356,0.36486356911778617,0.09837063317281808,1,0
cf201551aaec,0.633648161008223,0.09762906768814558,0.18109867335924137,0.08762409794439002,0,0
cf2bccfe763c,0.593960531300787,0.06165209797419822,0.27026781448261294,0.07411955624240206,0,4
cf6018adf8b8,0.21147493804813497,0.23444163862272704,0.4122825496389031,0.1418008736902349,2,3
cf62b87ad83f,0.3246878323676498,0.1969278190107339,0.45283580165780146,0.025548546963814932,2,1
cf6b1f181849,0.007626931832302329,0.8648202430399564,0.11980026026251563,0.007752564865225595,1,2
cf70a03d178c,0.126719914153564,0.43518894572009986,0.36408978984572465,0.07400135028061136,3,0
cf7676dce2ad,0.07097172826766483,0.4667651931479792,0.3920245552763885,0.07023852330796745,1,2
cf7ca67c9c68,0.06254308654130658,0.7661175086659257,0.08139076474916032,0.08994864004360749,1,1
cfa126dc4fe9,0.1372877548325585,0.46183628086456335,0.06940053043863192,0.3314754338642462,1,4
cfba05e7880c,0.03931724777535543,0.6829164357889451,0.18201619905792893,0.09575011737777055,0,4
cfc48a3e03b9,0.14204853718697635,0.6271438105972371,0.22386618027526797,0.006941471940518497,1,1
cfccf6cf66a1,0.3159159582972231,0.177482820250459,0.2576561795261699,0.24894504192614786,1,1
cff920a92b58,0.17317741905429462,0.3551330300345116,0.39256723087044537,0.0791223200407483,0,1
d00803e34bd5,0.014824788270501293,0.8143290209018371,0.14355125409848268,0.027294936729178976,1,3
d00ba06748c5,0.5268601323663722,0.04918286292689772,0.12441316733607086,0.29954383737065915,2,1
d00f5621947f,0.3046153922797466,0.24368220702432414,0.23542877116936273,0.21627362952656642,3,4
d02dc4dbc13a,0.08782464392454004,0.6719386133098821,0.20447969643155336,0.03575704633402445,1,3
d02f7a78a972,0.21744912974224404,0.5092519705114692,0.2035832105289356,0.06971568921735104,1,3
d030fc74ae1a,0.4983707947160495,0.0868008903848219,0.05808677271382016,0.3567415421853084,3,4
d036460bb847,0.04731578376276126,0.5163965225965205,0.37518495311567585,0.06110274052504235,3,4
d03988d6ee6a,0.14864888180184505,0.32827192941365146,0.21237381129464541,0.31070537748985805,0,2
d0696b014aca,0.5521756339147001,0.16359997698781867,0.21302687918520471,0.0711975099122766,0,1
d07ea6d8fcd8,0.40276794377404657,0.2983521970902216,0.25761917021922515,0.041260688916506666,0,2
d07f235fa353,0.2494113074713729,0.40183856466231627,0.13080434671575544,0.21794578115055546,2,0
d0906bce2ac6,0.07577689889469273,0.6610260826161606,0.21980740758411324,0.0433896109050334,1,4
d0bdcd1a721d,0.2919685920999423,0.3519152305604077,0.14508335043962212,0.2110328269000278,2,1
d0e43623f62e,0.05010002388623663,0.6312626459592179,0.299837768157264,0.018799561997281503,1,2
d0e855bbced0,0.0669092746027337,0.6134185238017992,0.2558629347727446,0.06380926682272248,1,3
d0fb37d9aeb8,0.2604096489056878,0.3803536391888846,0.1205346984570086,0.238702013448419,1,0
d0fdb5a98cb9,0.08559283595567334,0.620330523576786,0.17406107185213224,0.12001556861540841,0,3
d0ffd118611e,0.7092541204759332,0.10049435888719187,0.13045394234503085,0.059797578291844025,0,4
d0ffd8ac78ea,0.033084433469877196,0.5943606949682806,0.11675851082732586,0.2557963607345163,1,2
d104cfbe1544,0.0857244335156044,0.360686981542939,0.3924941434598142,0.16109444148164237,1,0
d120a0459e17,0.08571200327614839,0.5964223637022148,0.13642046204929786,0.18144517097233898,1,2
d129ac8188d6,0.8168378220742731,0.053977417876513216,0.10250502123904244,0.026679738810171435,0,1
d12e087e9621,0.8340929380952621,0.029607168758114092,0.07263202087295932,0.0636678722736644,0,0
d14a2b12e580,0.6145434430973081,0.16595781317084968,0.15530036445398396,0.06419837927785822,0,3
d16a188feaf1,0.2307756084828182,0.28914367768986426,0.17956833687894402,0.30051237694837346,1,1
d172b5d65314,0.21697702959361767,0.2968613144884691,0.3739270697304858,0.11223458618742742,0,4
d17a6c6eccdb,0.04123750475744762,0.7624444143611269,0.07252916881339551,0.12378891206803004,1,0
d18ee0cc36c9,0.09635572383123985,0.5036718724771001,0.3856956729152399,0.014276730776420003,0,2
d191addc1610,0.26919899485882653,0.32831087647202434,0.22974390694855815,0.17274622172059095,2,1
d195eac8f7c5,0.35973915326097355,0.17609028310884878,0.3287019696668799,0.1354685939632978,0,2
d19d0011c3cd,0.38660369067432315,0.18500466457540884,0.18592834076964107,0.242463303980627,0,0
d1b3ad13fb12,0.36152588251806306,0.16079679328830818,0.17517390969719746,0.3025034144964313,3,3
d1b3fa229418,0.4287619141735464,0.09399651817884773,0.3454882943541255,0.13175327329348033,1,1
d1b8da8b457b,0.20547534995425518,0.3237274056705403,0.37220075432314936,0.09859649005205506,3,2
d1d5510f37cd,0.22402156625287684,0.4284522016442547,0.31707118899176584,0.030455043111102493,2,2
d1df45f6463e,0.38305716300367804,0.2896851002445016,0.28850236367758225,0.03875537307423821,0,1
d1e8cfaae748,0.22150021224399413,0.5105245045854627,0.2171262300570957,0.05084905311344737,1,2
d1e9e0136254,0.20139737815164915,0.568205699712158,0.15131602190907734,0.07908090022711559,0,3
d1f080b7cba8,0.30616336919766984,0.37780075920674816,0.2225728810836167,0.09346299051196531,1,1
d220d8aa68c4,0.11047981685861603,0.5245791435594646,0.2005880621261508,0.16435297745576857,1,4
d22cb5396003,0.8181231943048256,0.028967696032786473,0.05627448901185307,0.09663462065053476,0,0
d2381fceb7ba,0.10824213759747132,0.4078324684644332,0.4306739837499469,0.0532514101881486,1,2
d25eb664a30b,0.06341376969128261,0.7509196747299828,0.16945689144864964,0.01620966413008485,3,4
d261ac4d6627,0.141829374417609,0.21036160396974943,0.5944087494915284,0.053400272121113146,2,4
d27919d385f8,0.3217814791682899,0.46703822497488573,0.1932401700704464,0.017940125786378023,1,2
d290c990efc9,0.45363718883656046,0.1730575424012183,0.3049532698070424,0.0683519989551788,0,2
d29dcb216021,0.6831956329521274,0.06274052202248163,0.15273931511040434,0.10132452991498672,0,3
d2be5fe90e29,0.7788109687866862,0.0575274083351162,0.09164491872623755,0.0720167041519601,0,3
d2c013dd8ce4,0.0903055323146342,0.6442080666706814,0.11288162179114454,0.15260477922354,1,4
d2c1d0cb3f1b,0.50063889483796,0.08030318448110486,0.3221422698449119,0.09691565083602335,2,4
d2cc49d90758,0.19286844093484246,0.3312981076677564,0.38623678652477006,0.08959666487263102,2,2
d2cf237688a4,0.39570128101667323,0.3276759437823652,0.2294818301687861,0.04714094503217541,0,0
d2d3cdb4272e,0.016277791530192973,0.8252452075766451,0.11955905106986928,0.038917949823292615,0,3
d2ddeca64f16,0.10438072670029203,0.41101396553710695,0.23502230954345424,0.24958299821914676,1,3
d2f74c94238a,0.09121049167023007,0.49153560224513926,0.230714866289441,0.18653903979518974,1,4
d30474806223,0.07909779825892363,0.24860720231228878,0.1548109152827065,0.5174840841460812,2,0
d3253e0cdc4b,0.5673978601188656,0.19524905823694125,0.15330080559390027,0.08405227605029283,2,4
d32d755c49d7,0.4039957531972547,0.12511075602769886,0.2200591618443867,0.2508343289306597,1,0
d34ad0ebb757,0.14926041538686216,0.5737419081232741,0.2396805315461539,0.03731714494370994,1,3
d3539d3b0022,0.1247442866540325,0.3434961409161651,0.35450944940932355,0.17725012302047874,0,1
d35441c203d8,0.47061238031482056,0.13649899328305076,0.32017427475928717,0.07271435164284148,1,2
d35ec785b6d9,0.7420429941094923,0.06831585439178801,0.11930459859795745,0.07033655290076236,0,0
d3746284b4db,0.18218042081078237,0.43096095288266445,0.14689169752392459,0.23996692878262857,2,1
d3751dde942a,0.027110234380260546,0.7477331970559216,0.21282416120340608,0.012332407360411793,1,2
d380c0640d52,0.097163827670639,0.6525042073643903,0.19021802451040917,0.06011394045456154,2,1
d390bbdb6eae,0.19093818178305313,0.6073528385090993,0.08590263387203823,0.1158063458358094,1,4
d393eb921fce,0.881166672894108,0.022363951746124926,0.03778560924103105,0.058683766118735964,0,0
d3b32d6522e6,0.10678371010754667,0.6104289227013739,0.2500275930863723,0.03275977410470711,1,4
d3c58aec7ef5,0.44704719688890915,0.25563188350988436,0.19403402284474763,0.10328689675645876,0,1
d3cf46c2aa95,0.6403665902348246,0.09393797645541622,0.12969666070919592,0.1359987726005633,0,1
d3d092d9884a,0.08348421089734101,0.380990676802738,0.45607624518946616,0.07944886711045492,1,4
d3da34d7982c,0.03385164039500464,0.7875697259520651,0.16004459773985233,0.01853403591307808,1,2
d3e83031ebea,0.14189742950920164,0.5298346793930165,0.24343501954153893,0.08483287155624303,1,2
d40a26be9a1f,0.19025873872203422,0.23670229007584911,0.35384918967019824,0.21918978153191845,1,4
d40b3798bbaf,0.013435174933871313,0.7326523201840468,0.2468123857160115,0.007100119166070333,1,2
d41577cf0009,0.22621568404758258,0.22773496536825805,0.14394373463236396,0.40210561595179545,0,2
d419cd169212,0.1221886621711232,0.7649617530162686,0.07516485057815511,0.03768473423445317,0,3
d41cace53f70,0.18157662339311437,0.142157571297252,0.19027858908441694,0.4859872162252168,0,3
d422862db292,0.6933189902726867,0.029303424652344916,0.23010443782913106,0.047273147245837206,2,3
d42be282a595,0.521783207600779,0.23962011924559795,0.13027973343015586,0.10831693972346712,0,0
d4335c32ac91,0.09002410966017073,0.415249421589646,0.3239668876197544,0.17075958113042886,1,4
d435148e61a4,0.05266826909333552,0.8134962480664292,0.11296226422063155,0.020873218619603957,1,3
d45764216b95,0.22139106292062244,0.34925949717668847,0.2922456668939297,0.13710377300875937,3,0
d45793c3466b,0.5859881487009457,0.15725680865566047,0.23650193145269577,0.02025311119069806,1,0
d46dc030a427,0.12856821708841362,0.39848888964444823,0.12550587759132967,0.3474370156758084,0,3
d4891fb41daf,0.16977295722751365,0.2692346973835805,0.1726180198110905,0.38837432557781537,1,0
d493a19fdc27,0.4806242355965902,0.19849003322695064,0.23616708346865184,0.0847186477078074,1,4
d4a13c7d0be6,0.6277411049691943,0.1838512466212672,0.15710394908897707,0.03130369932056141,2,2
d4ab797396b4,0.7794489309621822,0.08395475064935017,0.10848482338535911,0.028111495003108698,0,2
d4ba14d5248e,0.35128173251416256,0.24296900850796027,0.27769157226159147,0.12805768671628573,2,2
d4d230450196,0.34081704551173947,0.24151141099315948,0.3960316346863515,0.021639908808749525,0,2
d4d4ad4ecf8a,0.04912136916352122,0.2779340527279675,0.6407796281837765,0.03216494992473474,1,2
d4fd13f5456d,0.13103308846192183,0.35986349995980366,0.4267177068709578,0.08238570470731661,2,0
d4fe511721c0,0.08185417242542274,0.806318401077851,0.090319807449885,0.021507619046841085,1,3
d50c91728f09,0.29274869635681905,0.2505313090245075,0.15243442455788125,0.3042855700607922,0,2
d51b5cef170b,0.06695854417690197,0.6246594179953295,0.2299900276886395,0.07839201013912889,1,0
d522ef41a34e,0.1452890753599243,0.12093412090530285,0.6878775867478182,0.04589921698695477,1,2
d52a34a2589e,0.038213023323507886,0.805323666507136,0.1413870464743377,0.015076263695018464,1,1
d52f1544921e,0.19043872429209913,0.602126039951269,0.12837072757429624,0.07906450818233564,1,0
d53147ecb090,0.4188630642227521,0.2051892422233232,0.2764722931247233,0.0994754004292015,0,2
d55d019b0687,0.09466003325958164,0.7244994369026124,0.10140864538472323,0.07943188445308257,1,3
d569759613ad,0.06423490486684245,0.7962145985424464,0.09628142907463057,0.04326906751608054,1,4
d57d1c13a875,0.2144165593554453,0.17853703787678893,0.2578900831941693,0.3491563195735964,0,2
d5b987cc8efd,0.5617977197951673,0.031456736055469565,0.34570559604651996,0.061039948102843036,0,4
d5c12a5ebb06,0.15393922212538114,0.5883192779061491,0.16847483650848763,0.08926666345998205,1,1
d5c20d6a24bc,0.7714030135691015,0.062327564440222354,0.11146597600795409,0.05480344598272207,1,1
d5dd9cdb375a,0.8753963769004041,0.02902795979363007,0.059526115906849156,0.036049547399116665,0,2
d5e940685d00,0.7527743763118685,0.06628273274311117,0.07367516504148491,0.10726772590353562,2,2
d5f194b6bff4,0.228874529355417,0.3365715152601878,0.3177643395603947,0.11678961582400037,2,1
d601d93c351c,0.37121349898192146,0.15198527895278519,0.14961211952367515,0.32718910254161826,1,0
d602b556cb9d,0.1121542257947587,0.1918953484491447,0.059818580124793345,0.6361318456313033,1,4
d603bdeca20e,0.8670707893880605,0.015472592060308614,0.09385258731057396,0.023604031241056905,0,0
d604aae86dd4,0.3581959870338714,0.08988020468941853,0.30810559971699447,0.24381820855971564,2,3
d61e065cdab0,0.3092121187323584,0.09606027923185996,0.2614439467785509,0.33328365525723075,0,1
d6338ff2cfd8,0.024739450842131926,0.880449572764511,0.07421180284697676,0.020599173546380474,2,1
d64f793908fa,0.38700951122536326,0.08492366852593984,0.3361700782872193,0.19189674196147768,2,2
d65c634447c4,0.05592029426026132,0.5901524694066445,0.260121890225694,0.09380534610740034,1,4
d662a384288c,0.5368899782328775,0.21252590708985244,0.12084130349627652,0.1297428111809934,2,3
d668a99691f6,0.2391007966609388,0.30110699939779656,0.3961488797156982,0.06364332422556654,0,1
d66df386831f,0.13780853514782535,0.7454509999727916,0.09206816176748599,0.02467230311189709,1,1
d670149083bf,0.026067467188932016,0.6979222435878841,0.24190912332510517,0.034101165898078614,0,1
d68217d20b03,0.04063641277541998,0.5813175958172466,0.3142475898302615,0.06379840157707181,1,1
d6a591a5b3fc,0.1646331174681794,0.7783622011614398,0.044545746984584626,0.012458934385796053,2,2
d6ce804409dd,0.07705600658654109,0.5433702165285582,0.26434408516174535,0.11522969172315539,3,2
d6d45608c97a,0.09518997456031959,0.5884083292352044,0.2573903403803833,0.05901135582409289,1,4
d6fe234594ab,0.23113581575913364,0.13975325405210295,0.1203183981947248,0.5087925319940385,0,3
d70a1e0863fc,0.3084908187875505,0.5544837248191733,0.015683891776573748,0.12134156461670247,1,4
d715b966355d,0.47563243105848546,0.13916498682691264,0.23671298370831143,0.14848959840629047,0,3
d745f58d5aff,0.21091604702935374,0.41599680246254717,0.2796360105751813,0.09345113993291769,1,2
d74b6ea0d497,0.841145569278483,0.04029585716296624,0.050114008345263215,0.0684445652132874,1,0
d74c849b795b,0.09210964228319256,0.2994372624732771,0.23959619647135233,0.3688568987721779,2,0
d74dcd7ef5ff,0.34471040764370114,0.3745786409871663,0.16173552430143667,0.11897542706769584,2,4
d7561eaf0b7d,0.0906386756999385,0.08473551931579734,0.8009370795020077,0.02368872548225658,0,1
d757af907e33,0.25308477493648945,0.41768999620901875,0.25259575541815954,0.07662947343633221,1,2
d7775f0cace2,0.15290039013001575,0.19619033125826066,0.5422090493511762,0.10870022926054745,1,4
d7942d6c2d17,0.15412519587613413,0.04360126210202969,0.29894788624257995,0.5033256557792563,2,2
d79d38bcd191,0.07437878630154597,0.4417457544298821,0.437082306443677,0.046793152824894775,1,1
d7ab3582e476,0.046603658237546045,0.7615962909797958,0.09152668926727785,0.10027336151538031,2,2
d7c0a0524f8f,0.37089751385029796,0.23289088705880068,0.24549671069578857,0.15071488839511277,1,0
d7c21278a0ae,0.08846383070986846,0.4778616381193201,0.3667621528937503,0.06691237827706102,2,1
d7c37316355d,0.2781512155300131,0.21616264772953658,0.2592119571669266,0.2464741795735238,0,0
d7c6e17080cf,0.08135308937829046,0.7786690146157963,0.11749370427135519,0.02248419173455814,1,0
d7cbe5e26ec0,0.7011629875532281,0.07627785457737721,0.16400426761069917,0.05855489025869525,0,0
d7cd1349ab41,0.4264804756588812,0.09770921602461421,0.23679898725040585,0.23901132106609888,1,3
d7dcd6e0f47a,0.027819441383241023,0.6482993687493697,0.27235117825242866,0.05153001161496067,3,0
d7ef8f508b5a,0.1638678570663228,0.2789255786228245,0.31748842391500165,0.239718140395851,1,2
d7f739cf4bb1,0.19937915601230635,0.5565003805908026,0.19758946284305498,0.046531000553836084,1,0
d7f85b6dc2ea,0.050199279547397196,0.9096297013299227,0.031611959979633675,0.008559059143046504,1,1
d7faada10efb,0.08085035075749564,0.3851721978634552,0.49476897438096484,0.03920847699808433,2,0
d809db32456b,0.30454706787639635,0.3233030454342521,0.15464631507620671,0.21750357161314487,0,3
d81666456423,0.07833234747186203,0.30728471512003613,0.20815356629478488,0.406229371113317,3,0
d82241b7d468,0.19607585818639856,0.3157096595192315,0.19899018528670273,0.2892242970076672,1,4
d82f8ac5c3aa,0.24281187934434814,0.48597915429639577,0.16269370471622274,0.10851526164303323,1,3
d83df000b7a6,0.8361235573857377,0.05909910379688414,0.07848946689498551,0.026287871922392562,1,2
d8476a95f6c5,0.16950952975897704,0.2798531803627815,0.3953449750989266,0.1552923147793149,0,1
d86be7c7defa,0.32661416060956194,0.10666869927670608,0.19436701920792618,0.3723501209058058,3,1
d89e6a53c322,0.3042376747020193,0.28963741984972163,0.23252816662481787,0.17359673882344126,2,3
d8a361473402,0.02015803745587158,0.6876312925806338,0.18361621413162874,0.10859445583186589,2,4
d8a982947210,0.6827318071693741,0.058586968135174756,0.166540236515869,0.09214098817958213,0,0
d8b2815cc382,0.3561119574939458,0.2066299727703289,0.10953253875677482,0.3277255309789504,3,1
d8ba78ed0420,0.02202324218665655,0.8256381492431522,0.10409308793120126,0.04824552063899013,1,1
d8c69cd001b1,0.05728130872370629,0.5305658553545093,0.3109498412676564,0.10120299465412809,1,4
d8d5a42411d1,0.1329765175646015,0.2913032889115685,0.352223772033222,0.22349642149060805,1,3
d8e18f22e6a6,0.25085247029424096,0.4005088742704484,0.27495026160833047,0.07368839382698014,1,3
d8e2fa906f30,0.06688698302159451,0.6653209957819501,0.243266711207394,0.024525309989061415,2,2
d8f2c08dd86a,0.626750112616917,0.17955917071539962,0.15276725146502862,0.04092346520265471,0,2
d8f567817b2d,0.3949999696338884,0.2299357990394631,0.1895640705124202,0.18550016081422832,0,0
d8f6fee0e95e,0.07065631772487177,0.4166879202245215,0.2864501648130829,0.22620559723752381,0,4
d8fa04c1d853,0.044511729775257095,0.5147684391109093,0.21206509102713536,0.2286547400866983,2,3
d8fbcfc37ef6,0.3869048953373424,0.275837653705885,0.2506533419146913,0.08660410904208139,0,0
d8fd9bb19828,0.20700045335228842,0.3795551858838467,0.34496722460920937,0.06847713615465546,0,1
d90748e85b6b,0.07486138572889907,0.4495282059859858,0.324549664979561,0.1510607433055542,1,3
d928ebcc2528,0.1422281330123407,0.5137079625370624,0.2956858453740053,0.04837805907659161,2,0
d93242ee3944,0.08720476090225474,0.5469957622874556,0.22807738061432328,0.13772209619596634,1,1
d932662b13ea,0.20876865787138887,0.3237945240975465,0.36830782468369316,0.0991289933473715,3,2
d95d173b60c4,0.4883438237048383,0.16194947845912433,0.2265094560719004,0.12319724176413711,0,4
d97364c9384a,0.1810553953157777,0.4711639390024279,0.3027720344114116,0.04500863127038298,1,2
d97dffd12359,0.32723856117882183,0.1624838599371498,0.08866677699797551,0.4216108018860528,0,1
d9869f667b54,0.1259703281623151,0.4131694285750372,0.3709018759650064,0.08995836729764117,1,4
d996de7dbaf3,0.16477081262017074,0.7214740763408439,0.03940702142162285,0.07434808961736242,1,4
d9a638d70bce,0.07547181593297349,0.5559774408837336,0.3120317800793978,0.05651896310389512,1,4
d9a899cb5686,0.7122973604331573,0.1062274673339659,0.1169296539240675,0.06454551830880924,0,0
d9c139995f71,0.10600123593927781,0.362906548379698,0.3505552738749237,0.1805369418061004,3,0
d9c245fb1e90,0.488070599062291,0.2770012165048777,0.11045885075156855,0.12446933368126285,2,1
d9c3624b9ca6,0.5046183894372539,0.18658400593248056,0.13136369723337965,0.17743390739688594,0,1
d9ccda507d0d,0.07832308737659999,0.4455270461222758,0.37574634730680523,0.100403519194319,1,1
d9ed94436325,0.3257244422895028,0.4990858970507649,0.0655231398561708,0.10966652080356144,0,4
da0412fab70b,0.10692199715231847,0.6546841938775888,0.21519048375060143,0.02320332521949148,1,3
da08e385dcb7,0.15719132567762192,0.43947495169987316,0.2903186371635696,0.11301508545893542,2,3
da0d817b69fe,0.31762497135161194,0.09392358549966015,0.46046778400808214,0.1279836591406458,1,1
da286c1597b0,0.7228169080942989,0.056885449938940486,0.08419684893516483,0.13610079303159583,0,0
da30dbd6033a,0.5585718627976808,0.1647769902267456,0.14995329245550487,0.12669785452006874,0,2
da418ab5c65a,0.6350193128965682,0.07369955836390098,0.2551229081530269,0.036158220586503975,2,4
da45c7393783,0.6832772899088113,0.1182481970403577,0.137820704105325,0.06065380894550586,2,0
da507be5f7be,0.1553861664009486,0.49752762404182743,0.32959873468671214,0.017487474870511915,1,1
da535a527858,0.046270334032347184,0.521822925154447,0.3547084360086675,0.07719830480453832,1,3
da5783a467ea,0.09346818418360667,0.30642148313189105,0.5817152359302743,0.01839509675422795,1,1
da63a5ea2b12,0.04939660869288179,0.606873166964638,0.20950080709940902,0.1342294172430713,1,3
da879ffcc1f9,0.1737171939514094,0.36065152597142097,0.36271706301993906,0.10291421705723067,1,2
da9b63d2f697,0.10875498206322226,0.2736879660415716,0.45689921191120914,0.16065783998399702,2,2
daa2aba8e7b0,0.10583494357667228,0.5028814946508251,0.36556626320052865,0.02571729857197394,1,0
daacf4460a62,0.22993185488647022,0.34778874845038366,0.3417862828205121,0.08049311384263394,0,4
dacea3ad99e0,0.0823339988867291,0.541773475422483,0.3355272194365506,0.040365306254237364,0,1
dad2c0ee2607,0.21546566000172676,0.44960547814641105,0.24941389199863834,0.08551496985322371,2,1
dad30bc7ff47,0.18850218332436075,0.47002083639804554,0.10830978668217187,0.2331671935954218,1,2
db06909d6c78,0.07739712725490536,0.6809057923960704,0.1386326800248591,0.10306440032416517,2,4
db14e640e037,0.7409681404402538,0.07237981703541424,0.1440275365228228,0.0426245060015092,0,1
db1bb68655fc,0.16809654855820078,0.5213950540925482,0.20560118994213525,0.10490720740711568,1,1
db29f6ed9d3a,0.8977164769869276,0.01643245660216343,0.05360510959152613,0.03224595681938287,0,0
db2c984ad877,0.394513185700421,0.4413847812920444,0.09698073579128517,0.06712129721624942,2,2
db406f865d2c,0.5903523096007353,0.06261690154950535,0.21361648402943453,0.13341430482032482,0,4
db48ecc61b3d,0.2644400116108439,0.2786940830628525,0.34430962390993675,0.11255628141636684,0,3
db4d0ddc1235,0.08242010812537995,0.6220386500199433,0.2691293503786276,0.02641189147604918,2,0
db5be2895a72,0.15336405596044272,0.2066454678045182,0.42854872046450854,0.21144175577053065,1,2
db70f01df58b,0.22873539377776061,0.25381391972870965,0.3724677613065589,0.1449829251869708,2,0
db7bacaad1ca,0.09894093644288163,0.6552173729096854,0.19687987408051486,0.04896181656691821,1,3
db7e1c572d15,0.03090442457357526,0.9384987152538051,0.019190687206439832,0.011406172966179955,1,0
db8d0318b5af,0.798009461777654,0.05499993186058089,0.08955916947273299,0.05743143688903204,2,4
db9298d9ded8,0.04263048593155561,0.7419851595085613,0.12406886798193503,0.09131548657794808,1,2
db97eeddf9ef,0.06648571646832954,0.5113788012150235,0.3830972093455385,0.039038272971108394,1,4
db9f9c62dc00,0.6211677623125975,0.10618478114881985,0.08543341398874502,0.18721404254983756,0,2
dba658c69988,0.1215114898133514,0.35840880351361754,0.4957449920381058,0.024334714634925154,1,2
dba690393e1b,0.6468573616528259,0.13543278669184944,0.1874013536463683,0.030308498008956217,0,2
dbb6d75304ef,0.5246440310119777,0.1682160140387047,0.21847434130500634,0.08866561364431126,0,3
dbf005c67f42,0.3962275123524805,0.21515923948788077,0.2799978005120343,0.10861544764760454,0,3
dbfb54d68d5c,0.4136821131452222,0.16972600309643537,0.23934474377163079,0.17724713998671165,0,0
dc074c261a90,0.6249552393324022,0.1431297170464287,0.12680991008769085,0.10510513353347824,0,1
dc0fed8c8737,0.042935202259382424,0.7439513619099085,0.17888794572913047,0.0342254901015787,1,2
dc2115b5198d,0.06523763780172988,0.7490948997057303,0.11092905839048336,0.07473840410205647,1,3
dc290fedef27,0.04980247328012749,0.34510764016579454,0.31470670686030194,0.290383179693776,0,4
dc2b14b11aaf,0.25493072912755904,0.5028397505426389,0.1863504903054665,0.05587903002433557,1,2
dc3c2c613d0c,0.09902131210576043,0.3853425878710245,0.3670737504274489,0.14856234959576625,3,4
dc5ad30410e4,0.05822220591936896,0.2919090810896279,0.6210292488075388,0.028839464183464326,1,2
dc5e5ab68387,0.5882068815638675,0.10658407763703605,0.2425290478202398,0.06267999297885683,0,2
dc632437d7c9,0.7756474727870589,0.10982468807322614,0.09737153915851189,0.017156299981202876,0,1
dc6ce7c92fe6,0.06350051031350358,0.7095331865892237,0.13790768498009412,0.08905861811717872,3,4
dc7ddcf65b4c,0.13154880561235027,0.40458248155495324,0.37797362068426965,0.0858950921484268,1,2
dc8dd6a3ae7d,0.45589730080690416,0.15495535100097496,0.3701664227280394,0.018980925464081633,0,3
dcaa76ec8d44,0.2085964703206101,0.31646229385880265,0.34385975452111606,0.13108148129947114,2,0
dcc6632b56b4,0.05486062061474664,0.526063753255581,0.3837298945673069,0.03534573156236548,1,3
dcd5cc87f977,0.36921071449226955,0.30985267094067326,0.24294555772441995,0.07799105684263719,1,3
dcd9d77c6ac6,0.16450617875224394,0.3293562253706368,0.4530230701850857,0.05311452569203341,1,1
dcea6c3e62bb,0.043956631273968184,0.6147744346357351,0.10971048688019745,0.23155844721009916,1,2
dd08a4d54544,0.21195384496822406,0.19675482016304507,0.5584973159797785,0.032794018888952364,1,4
dd148f46bf1d,0.05605453548167588,0.7408213030794802,0.13538823320982982,0.06773592822901418,1,0
dd31f8f3d087,0.2540438572561251,0.28695128541521236,0.29229874584594107,0.1667061114827215,1,2
dd39287d4cdf,0.054127780960985056,0.795576996510741,0.06848374381001729,0.08181147871825675,1,4
dd47f215e92a,0.4550966914470392,0.21848940012571708,0.17111848777123426,0.15529542065600943,0,2
dd4ce54aef62,0.23365497187393464,0.37623460912347445,0.2459963742816075,0.14411404472098335,2,2
dd50b4d48244,0.43330342959498547,0.15748524345153295,0.30814573592665145,0.10106559102683019,2,3
dd55cdedbede,0.07997934424934401,0.722068274050939,0.09467716496194849,0.10327521673776845,1,2
dd60b8bfb2d2,0.6110383444840869,0.026959998608783894,0.18215536644157096,0.17984629046555817,2,0
dd7ae61dc7e5,0.1169483401984789,0.2066743177619363,0.475954090485945,0.20042325155363985,3,4
dd7aeb805eef,0.43820014298945525,0.15583014940893802,0.14889954277854645,0.25707016482306017,1,4
dd8b8a5c9307,0.5929967790750961,0.07864686640676098,0.3030318704350887,0.025324484083054086,2,3
dda0d73e068c,0.6138174817987976,0.17237709911162002,0.11401955180430451,0.0997858672852778,0,1
dda1563c0620,0.16668447782900994,0.5965125066672494,0.19671221978508802,0.04009079571865252,1,1
dda68db29fdd,0.5376255448059509,0.08277111562170786,0.2549408015063912,0.12466253806595001,0,3
dda7e9290f64,0.13744379338241183,0.5787050009295334,0.1206418626145113,0.1632093430735435,1,0
ddb8e432479a,0.20620753727989438,0.312460137132998,0.29582902912643705,0.1855032964606705,1,0
ddbe636ad06c,0.2857138746953823,0.32476148969450824,0.1237026117294469,0.26582202388066256,2,0
ddc659c2e59c,0.35201133102485876,0.20231444062961854,0.32552868652563394,0.12014554181988889,0,3
ddc87971f87e,0.6449803404008463,0.0548013889287934,0.1060974984368864,0.19412077223347393,2,0
ddd30a3355ab,0.02828545519765491,0.7534266172356158,0.09155654984754072,0.12673137771918863,1,1
dddc5467ff7a,0.5005300116466501,0.10678821787156738,0.3233403273730135,0.06934144310876889,0,3
ddf50c05459b,0.4456781653367529,0.1401149438483313,0.36544411016372264,0.048762780651193015,0,1
de1f16eadd95,0.5035378158538387,0.2627480804322769,0.16280155542152955,0.07091254829235485,2,3
de2d1a60c2af,0.4526234389341601,0.10856872283675364,0.31517857891165924,0.12362925931742702,0,2
de333ed072c8,0.7640517628841363,0.05926890764044304,0.10229289308070719,0.07438643639471343,0,3
de33d3a51e83,0.20519773644810022,0.23247016321774291,0.31617675200680406,0.24615534832735278,0,2
de44f6af8b10,0.32264567737104183,0.1207430080983862,0.5157386624953294,0.04087265203524257,1,4
de4ad8d40fdf,0.20543037891006855,0.4458072289648443,0.2745951920186525,0.07416720010643464,2,4
de53947e43b9,0.10745737823926835,0.6194459468743553,0.2107686763572922,0.06232799852908412,1,0
de76a012b637,0.11922592749600132,0.5420697796167678,0.19069906272356854,0.14800523016366235,1,3
de7934b835ca,0.8248557535597194,0.044356154753572775,0.10923257594455321,0.021555515742154523,0,4
de81caee7374,0.849081457062276,0.06378897355282882,0.0475817553403429,0.039547814044552376,3,4
de975d080334,0.1733478190702036,0.45251376617009426,0.16178101314026466,0.21235740161943742,1,4
dea5608c3e0a,0.030640805621429852,0.9161944165050883,0.03132834522598089,0.021836432647500785,1,2
deca3972c352,0.09268786634570317,0.2319165803405597,0.11092387121867096,0.5644716820950662,1,1
decc8130c6bf,0.6036279531146402,0.18074149283485988,0.10823529899713007,0.1073952550533698,0,1
ded38a5051da,0.11926214925077783,0.4241614526965905,0.21479487270686642,0.24178152534576527,3,4
ded489f168bc,0.12434854966246033,0.23686230437580455,0.19922937632294138,0.43955976963879384,0,3
deee69329e9b,0.0579781151750097,0.8152665552121313,0.030848733705834526,0.09590659590702437,1,4
def37f7cd713,0.5695115866785384,0.17677345514575882,0.19952796421330296,0.0541869939623998,0,3
df07c0223107,0.0838679594550907,0.3302614493373134,0.4912879011953507,0.09458269001224516,0,4
df1750048937,0.037950313586033804,0.8411523356518177,0.1015247468929131,0.01937260386923565,1,0
df21842cfe5e,0.03738177635086577,0.6207362363550335,0.23157883525475403,0.11030315203934665,1,2
df37fe53632e,0.23510022015616663,0.07965362489745295,0.5631781970135746,0.12206795793280573,0,3
df453764e19c,0.14015286275857575,0.1762391507508264,0.17255685142452384,0.511051135066074,2,2
df45b695ea21,0.8636698452332231,0.012248970994732778,0.07732091246296,0.04676027130908409,1,4
df4722bbd29a,0.052013233145246876,0.8546744006380448,0.07421978969413612,0.01909257652257217,2,3
df4a3d3d27ba,0.8877568939352164,0.01609312653092826,0.05826138929150092,0.03788859024235443,0,0
df68e31da347,0.1360338292981064,0.3776671344013593,0.36875269936123106,0.11754633693930339,2,0
df6b420aaa31,0.04188269397620308,0.5984647215586182,0.2884457989184148,0.07120678554676398,0,1
df6b45073c39,0.03976218903923963,0.35072008924018755,0.2405284200906822,0.36898930162989074,1,3
df74415b31d9,0.2636756892813334,0.13340321008743597,0.28796089401452707,0.3149602066167036,1,2
df89af5f42ef,0.05889157563784673,0.437175173743463,0.4511788854845345,0.05275436513415569,1,0
df89f8a12033,0.6907467720313737,0.0413548377565521,0.15525635418720812,0.11264203602486594,0,0
df924511c439,0.4091545147666963,0.1374712591450259,0.30899498680055787,0.1443792392877199,0,0
dfb6127e91ca,0.2751187682029199,0.28642249259788616,0.17183392056157515,0.2666248186376188,0,3
dfbe54ad1d85,0.8561054050021445,0.03104579968372444,0.05489207876015043,0.05795671655398059,0,1
dfc0decef09f,0.03373109818900549,0.7383882147445446,0.141359814928747,0.0865208721377029,1,2
dfd673001c50,0.3139633625369637,0.17971319777871134,0.12795676510928253,0.37836667457504247,2,3
dfdf3913f6eb,0.053909953987015986,0.6616423392210796,0.1677708791340048,0.11667682765789975,1,0
dfe556626958,0.8149355747354039,0.0707695774880536,0.03196505670671267,0.08232979106983009,3,3
dffe7deb873f,0.043702350843708306,0.702928495060613,0.08615087112856937,0.16721828296710933,1,1
e00eb01eab38,0.07812625639827833,0.6510888156255664,0.0509279869498368,0.21985694102631828,1,0
e02bbb13a371,0.1313039251892717,0.25680890845595283,0.44283494769241166,0.16905221866236375,2,2
e02f99a44c18,0.732683775005359,0.0656688401587139,0.11690191707563652,0.08474546776029057,0,2
e033c4a5100b,0.062127811144213806,0.6106884972546618,0.21932504312349643,0.10785864847762797,1,3
e03476810a2d,0.029004467827973536,0.7795608872967468,0.15085615941390115,0.04057848546137859,1,3
e03fb79d272e,0.4820217199208424,0.18104867748433778,0.20630307427089078,0.1306265283239291,1,2
e092291d0802,0.15403887746074804,0.3232658012640641,0.5086117723336849,0.014083548941502967,1,4
e0944b64b80c,0.7422302115993763,0.05554136564011045,0.15370160286529105,0.04852681989522209,0,4
e094984999c2,0.26239520507435543,0.26964918816653405,0.14710442576141436,0.3208511809976962,1,3
e0b5009d6492,0.1774115973013461,0.4481701988533227,0.23997513961221736,0.13444306423311378,1,2
e0d90a4de0c6,0.01311649150905188,0.7419543370813884,0.2340930806339585,0.010836090775601114,1,1
e0ee01a012f0,0.6300128892964029,0.18674654164323434,0.10275426787522901,0.0804863011851338,0,4
e105b07fb9a8,0.29538014928883594,0.3500698734134578,0.2410552336395753,0.11349474365813107,1,4
e10ad2e7182d,0.1584776692176843,0.4661318017872274,0.3424895882597723,0.03290094073531592,1,4
e10ae9dd5000,0.11634740246867617,0.15925463628185485,0.28522891574401077,0.4391690455054582,2,0
e11d6e9affa1,0.04835612675430539,0.6161717821631961,0.2395534068584731,0.0959186842240254,1,2
e126d9d23457,0.45700116349499376,0.32659112296769194,0.11425245357078868,0.10215525996652565,0,2
e12de19718d2,0.7551722399812141,0.01237587466171632,0.2055456468629414,0.026906238494128328,2,2
e13e117a8d82,0.19113160572334328,0.31693414001683734,0.38227754604730274,0.10965670821251672,1,2
e156dd640b9c,0.042085558573427335,0.6145228803767566,0.296120068744245,0.04727149230557088,1,1
e15b98946bf7,0.14625084506374061,0.350251320787367,0.3502045255670939,0.15329330858179843,0,3
e164f3b294e9,0.02993079717572594,0.7226325198189986,0.17105493626795387,0.07638174673732152,1,3
e171596e4b75,0.1924428164869058,0.12429715479144876,0.16912047649376571,0.5141395522278798,1,4
e17921c991eb,0.1410860262374974,0.591638462310785,0.22022359131982902,0.04705192013188865,2,2
e17a546bc355,0.1069717610475385,0.3072650208941823,0.36618655537561073,0.2195766626826684,3,2
e18155c4762b,0.7140519961346372,0.029712735086877187,0.12649561269050794,0.12973965608797763,0,0
e19121eb93f0,0.11820851772403121,0.14962719531525037,0.19703320661338694,0.5351310803473314,2,4
e19849e1c8ae,0.6556422871521462,0.18142050442034907,0.14170925719951163,0.02122795122799309,0,2
e1c1ad4b1e61,0.12430621985703111,0.46414690950612464,0.36244434382831614,0.049102526808528,1,4
e1c473641416,0.33914111147806253,0.18592102474524386,0.4318576174814056,0.043080246295288095,3,4
e1f5682712bd,0.08370687348460103,0.4732968989958842,0.3609907474051137,0.08200548011440108,1,1
e20a1e0b539e,0.5526877475900612,0.09808882012567817,0.27511692062108156,0.07410651166317912,1,3
e21989eb3b6c,0.5236289684337752,0.32106131307677893,0.13938736478869357,0.01592235370075242,2,4
e24e639f39a9,0.19692246773346975,0.30424129089998037,0.3210220508605454,0.17781419050600444,1,2
e25f6e723ded,0.2393917156417604,0.04211936592545792,0.6720214305129553,0.04646748791982643,0,4
e27dbf267565,0.7058659970694864,0.08614310439377042,0.07516900666467217,0.13282189187207102,1,1
e2822dd69c4b,0.5478228805914649,0.05013345677830325,0.3302644214286469,0.07177924120158498,2,1
e284cafd4bdb,0.4659709055484799,0.15334324485968392,0.18455282718377863,0.19613302240805752,2,4
e28655aad4a9,0.2706849293015701,0.30731350940099006,0.3286245873047612,0.09337697399267862,1,0
e29617323fef,0.08590083321621926,0.5845510112514267,0.2281518296950669,0.10139632583728707,1,0
e2998bb6695c,0.017439419238814743,0.7829104424894259,0.1704771476399771,0.029172990631782247,1,4
e2a9723236ca,0.2262301442209364,0.32136784749274033,0.4297662353552746,0.022635772931048643,1,1
e2adde6885e0,0.17522661953037802,0.27519909962795674,0.3479841668669248,0.2015901139747405,1,3
e2afeb565737,0.18897480746533935,0.5320540527758427,0.06505034356929318,0.2139207961895247,2,1
e2c18c715bb7,0.1980647719685452,0.5192221574927522,0.25816101891087284,0.02455205162782963,1,0
e2cbe011b94d,0.019194084719910624,0.7502134179672088,0.19803717711784183,0.032555320195038845,1,4
e2d20a5c9d8f,0.02739610411531185,0.8950175988014939,0.06806177166157426,0.009524525421620007,2,1
e2e852552b7f,0.5047478992740861,0.10453917056231248,0.23513133117927798,0.15558159898432342,2,0
e300a4e86207,0.08178291112323947,0.6852681983705731,0.15105820581568968,0.0818906846904977,3,3
e3209b62ec59,0.052952699052137356,0.6207843678029207,0.228177918069449,0.09808501507549298,1,3
e32e5c4bb5c2,0.07946782152199244,0.4099920380302943,0.46199393695175495,0.048546203495958215,1,2
e34c6533b5d2,0.5739509729233604,0.08130642011884157,0.11886195140998605,0.22588065554781203,3,4
e3508efe3bb8,0.24245006880613906,0.25215139921529006,0.2818276353675523,0.22357089661101853,0,3
e3628650afa3,0.030651576363039477,0.5156056399372588,0.3924052546454362,0.06133752905426545,1,0
e36dac4d5aca,0.5641560056883842,0.11992663394802779,0.2287479111754678,0.08716944918812033,1,1
e37291d60bf5,0.4096937488345297,0.10546257477564211,0.35124159612597916,0.13360208026384904,1,2
e389cb066bd8,0.39056013930842776,0.14250445872628073,0.16793617931376506,0.2989992226515265,0,0
e38bf848a4b2,0.05400710332570885,0.7354174522076665,0.09358106910900557,0.11699437535761917,2,4
e395615a9a0d,0.17536484660498589,0.07749613650920995,0.28754626544226297,0.4595927514435411,1,4
e39daf2d9636,0.15808683783912017,0.3989671883433489,0.41904948039525136,0.023896493422279706,2,1
e39f4a252cb5,0.08938284186925025,0.5462428941293972,0.2620103732137403,0.1023638907876121,0,3
e3a350da2859,0.020208705218359914,0.8072166819484833,0.13049592712588626,0.04207868570727063,1,0
e3a355a01aac,0.052329113482465474,0.32348780167253843,0.41383263844232887,0.21035044640266717,1,1
e3a68b6c54b5,0.5549351028011728,0.13941133689120883,0.259831939752148,0.04582162055547043,1,2
e3a9b892e7c1,0.2020392542902908,0.5882611076609766,0.1824244575390823,0.027275180509650304,0,1
e3b546093b7c,0.04734929652090933,0.7336500121083007,0.17713418361773314,0.0418665077530568,1,2
e3e0b34968ad,0.20022434903147618,0.17645146376960028,0.44671920928478653,0.17660497791413712,0,2
e3efcee5464d,0.0768256704215486,0.6961439963377215,0.19972523795316968,0.027305095287560217,1,4
e416f944cb42,0.5899187831640759,0.1784594919610517,0.17137767545931878,0.060244049415553655,0,0
e427306ddc9a,0.09234997858580055,0.48766481923386695,0.20812885197751288,0.2118563502028196,1,4
e43ad5b5e137,0.10236020722581966,0.4771755069475842,0.2747879613942944,0.14567632443230172,1,2
e43c10ce7933,0.04007139736343999,0.9152969601598832,0.032549987513166276,0.012081654963510413,2,0
e44d13263cba,0.4899482641832146,0.15016494694986998,0.30151684399773077,0.058369944869184745,0,4
e44d1faedace,0.0937364773807385,0.5170558712183131,0.24627012899646372,0.14293752240448476,2,3
e45231baa93f,0.20713305667659213,0.4248987055567363,0.2778667082097752,0.09010152955689635,1,2
e462b50ef489,0.10223418993896213,0.40808440787549777,0.34916229363726825,0.14051910854827188,1,3
e4645a71f19b,0.08634195260089074,0.7141040053462762,0.0985329992622074,0.10102104279062575,0,2
e479851df410,0.06468764286832389,0.7225893116519099,0.11252912605499113,0.10019391942477507,1,3
e487f7e3b6a5,0.1682654394930983,0.454684854419484,0.30423109724325537,0.07281860884416251,3,4
e48cc454acd6,0.0496246074276772,0.7857657124327169,0.15205441456112842,0.012555265578477436,1,2
e4a4248cf6fc,0.19933259634927192,0.4002302951616513,0.34828199499349527,0.05215511349558156,1,0
e4aa7df34266,0.06984996726679821,0.46363668377276746,0.2667282164187934,0.199785132541641,2,3
e4b2c5f23e08,0.17587155340511224,0.4336529448969252,0.30838865897666984,0.08208684272129281,0,1
e4b50e7402c3,0.4892670286637768,0.15564207131793048,0.11666540391628145,0.2384254961020113,0,3
e4d47cc836a1,0.27023326339850545,0.2584261691634692,0.40141745346476004,0.06992311397326524,2,0
e4f280b01af5,0.7949213574358657,0.09818903986279773,0.05493112488538105,0.051958477815955556,0,2
e4fd12eef363,0.6877863808114003,0.0806124908271577,0.11421226675275944,0.11738886160868259,1,0
e509fde57a70,0.24838139585662056,0.3655692957444068,0.20958659933514837,0.17646270906382444,1,2
e50d56f75dc9,0.01436018000879209,0.7448101097562335,0.11201565130603815,0.1288140589289361,1,3
e51850dddb1d,0.37820824606893594,0.3265134169285222,0.2263071405593281,0.06897119644321367,3,0
e51b2fc7f149,0.20851935274592873,0.18006184086111,0.18275588037143534,0.42866292602152595,0,2
e51c3f2307f8,0.24292803181822434,0.19109602432410067,0.16610221588835788,0.3998737279693171,1,0
e52bdc15086a,0.2529130672167569,0.38085249540259797,0.27756176743072924,0.08867266994991578,3,0
e53355bac9ce,0.3005608865462543,0.3630252938745969,0.23664108505891293,0.0997727345202357,2,0
e550c0ee9fc4,0.6581844977914296,0.07671743907564801,0.1583211324604424,0.10677693067248002,2,0
e562c9ac6268,0.15678235156007553,0.6532334405162756,0.14994689557412041,0.04003731234952843,1,2
e56e71389ba2,0.11873860753456908,0.34959432188261635,0.41444197666673854,0.11722509391607613,1,0
e578212ad3a6,0.050929960474418924,0.6900604842184833,0.21512892624809213,0.04388062905900561,1,0
e58718f4aa74,0.04706896054195352,0.7499846911329126,0.17132721516706387,0.031619133158070044,1,1
e598f9bfe550,0.4487639373801428,0.08455160591034235,0.35818108863714043,0.10850336807237441,0,2
e59ac8552f60,0.1813084717492537,0.30717551795742504,0.2700883188132851,0.24142769148003615,2,3
e5a7aeedd323,0.05448186176419345,0.6500260523539804,0.24630110638212394,0.04919097949970229,1,0
e5e19b32a270,0.20141567620163814,0.38003602685017024,0.027438060121777085,0.3911102368264146,0,0
e5e2dbcbd9d2,0.2012924494109049,0.4048228887780128,0.18887975622157344,0.2050049055895089,1,3
e5f1860bc360,0.8800455834553524,0.028439503762893184,0.050432210569792774,0.04108270221196165,0,3
e5f97fa3f2d0,0.2198857341412473,0.42051837394929065,0.24493434896746633,0.11466154294199574,2,3
e5ffc5baa978,0.3664099644136163,0.2673354874886553,0.3050975158833699,0.06115703221435829,2,0
e6069f2cab57,0.42298858166574077,0.09417996438665065,0.366952562007393,0.11587889194021556,0,1
e60a0bcf8160,0.42551386781016176,0.2018686420960168,0.30000377609833023,0.07261371399549119,0,2
e61140a68866,0.17152564617046714,0.2892591570479906,0.3590804056069942,0.18013479117454798,2,3
e615b95130a4,0.6734939582070171,0.0809135147045157,0.09720732420712737,0.14838520288133988,0,1
e619787c1a07,0.06535965225451988,0.31353499023748477,0.4837520241364683,0.137353333371527,1,0
e63929e6add1,0.10915027351000146,0.6296349225645023,0.23633660384627522,0.024878200079221088,1,1
e63cd8a6d04d,0.015228803628741284,0.6727965933120023,0.2603397589332843,0.05163484412597196,2,3
e63e246debfd,0.6280028250897106,0.1567442718545533,0.1620357665917858,0.05321713646395032,0,2
e6505c104184,0.7940148751575187,0.053459430561469755,0.13361179280429913,0.01891390147671259,0,2
e65207f12ea2,0.008172468196009449,0.8934728901575004,0.08435796213179574,0.013996679514694316,1,1
e67619d00b58,0.1530821615411288,0.6539973854558047,0.07811035553433157,0.11481009746873493,1,1
e687b28d3864,0.42141867809565436,0.25000536728887857,0.2668615317997187,0.06171442281574843,1,0
e6961147acfd,0.690185794396047,0.09951167780641793,0.06687902864750976,0.14342349915002522,0,2
e696904df3be,0.583024145293795,0.061460218227783275,0.06253125436858584,0.29298438210983585,1,0
e699535e65da,0.7104238836346912,0.10783706838448133,0.176053528289569,0.005685519691258314,0,0
e6ade0ee672e,0.06947894896718637,0.781633917983278,0.07660812320667706,0.07227900984285883,1,0
e6dd6efb3de0,0.6173420318133622,0.15578658108785237,0.17587768181328184,0.0509937052855036,3,4
e6de6fbdcd67,0.12911202190950974,0.24375600486571614,0.509705161848738,0.11742681137603604,1,0
e6e361d6a84e,0.08418676635711579,0.6767598890681085,0.16457889638708978,0.07447444818768606,1,0
e6e404e7db47,0.08426513513715356,0.41749660564850255,0.28878252209416383,0.20945573712018017,1,2
e6e920ea0609,0.020322242203955176,0.8392384232895419,0.08605010946855125,0.05438922503795159,1,3
e6ee4827951b,0.012381613939021655,0.7336078364816209,0.23081748045194259,0.02319306912741497,1,2
e6f3ba0b25c5,0.1720603712772334,0.5668104706383986,0.18001018336818794,0.08111897471618006,2,2
e705df6bf622,0.18586465045623982,0.4720267496587792,0.2338609302744783,0.10824766961050267,1,4
e7108595fb09,0.08309046370996831,0.5315224521581992,0.2870667523364505,0.09832033179538205,1,3
e713de5fa2f1,0.17629226639316403,0.3068127837627898,0.308402235171163,0.20849271467288322,0,4
e714c61cedb5,0.09230922156045739,0.7027650101280997,0.16547596377227353,0.03944980453916932,1,0
e719973c92fb,0.07681343299809741,0.7630369868389913,0.13925562348749237,0.020893956675418667,0,3
e72c3641aff5,0.15886231426810737,0.7289800354435286,0.09086684124884392,0.021290809039520155,0,0
e737a74a9830,0.05904532068996417,0.24126999620618866,0.6122738520630973,0.08741083104074991,1,4
e740a2577d7c,0.5796406739119986,0.06351271526936307,0.19150449558986773,0.16534211522877057,0,0
e750ed589351,0.8348927899625109,0.02952025120495313,0.036923313786902154,0.0986636450456338,0,1
e751ae5d2da4,0.008466581411118562,0.5953661037513781,0.3753171408316315,0.020850174005871868,0,3
e752b12382d1,0.08477082814506118,0.10616433147395417,0.6268816314626349,0.18218320891834974,3,2
e764f1cb364c,0.2791619010983004,0.22454045899196964,0.3838655779688072,0.1124320619409227,0,2
e7652a255494,0.6043912258136563,0.21092221779223394,0.09917953257244477,0.0855070238216649,3,4
e770c3c0df1a,0.34270518004779194,0.38875691274993834,0.24202250342437076,0.02651540377789894,2,1
e773dcdd7200,0.6039333185548363,0.16610967010370573,0.14461516801740457,0.08534184332405335,1,2
e78731870e9a,0.024802693390600802,0.6708758987626674,0.2381446647152534,0.06617674313147842,1,3
e7991479fcde,0.6100112697714156,0.09622173718155715,0.20167735932207537,0.09208963372495185,0,2
e7b519c4b318,0.7010438988271138,0.09268759915201465,0.12013038098559692,0.08613812103527471,0,3
e7bc5f198df7,0.07901142055665997,0.6935412916748538,0.2034884771489311,0.023958810619555244,1,0
e7c4f060e6d4,0.44417233608480333,0.1024204671444677,0.347187227552505,0.10621996921822409,1,4
e7c75b329ac7,0.36734208280318,0.17846523892838603,0.07478857739983168,0.3794041008686023,0,4
e805aa5e9f9d,0.4563386148364475,0.18534669013494137,0.220221418542322,0.1380932764862891,3,3
e80a00183db9,0.053248111887801625,0.6081486220499565,0.21494780678913594,0.12365545927310591,1,2
e81975072f7a,0.15989071316133543,0.4861440670941301,0.25277559282056894,0.10118962692396552,1,0
e82dabeb2c01,0.4676513943630139,0.20295652557121774,0.28552509694719547,0.04386698311857309,0,4
e82e8c609e01,0.5941176245512899,0.1425630244001605,0.16518571317785877,0.09813363787069079,1,1
e832781629fd,0.050172772087767846,0.7115608123448572,0.22451688277017365,0.013749532797201137,1,2
e83599857d12,0.021540683421975047,0.6773972719304994,0.27126111829414745,0.029800926353378113,1,4
e867ef0d690a,0.2757974502177704,0.29315091747230504,0.22520678708836453,0.20584484522156002,1,1
e86da5ced3d9,0.03341927005533824,0.7128137578481092,0.23359640130492598,0.020170570791626638,1,3
e8738bc58dca,0.1864202954215371,0.49311498580278046,0.11133706594562422,0.20912765283005816,0,4
e8752745d466,0.20977819962240332,0.38917264401756296,0.29742300110367353,0.10362615525636014,1,2
e87937446df8,0.027745417020431793,0.8555983698839994,0.05811962169984489,0.058536591395723835,2,1
e87a9de37972,0.8019592895702862,0.06636251184883678,0.11294799205518044,0.018730206525696545,0,1
e87c1dfe1c1f,0.22494495233891354,0.26995928512472284,0.47909275728724343,0.026003005249120272,0,2
e8956cd9117c,0.3487706197426262,0.2758114000463777,0.27562462057018133,0.09979335964081469,2,1
e8ad62a8f5d4,0.19060662121063124,0.5073978363878261,0.20753536191017893,0.09446018049136365,1,3
e8b4637a1396,0.09130483880287456,0.7058788446007742,0.07422026096700315,0.12859605562934806,2,4
e8ca5a4146ab,0.06664776483119648,0.5795965482679192,0.2691200021899506,0.0846356847109336,1,0
e8cd174b1e73,0.10629591491929673,0.6999804891879711,0.08969054742513174,0.10403304846760042,1,1
e8cdd5d7becb,0.2509662320972846,0.11163077234566712,0.16705800940867033,0.470344986148378,0,0
e8da31ab0da5,0.07630373881926733,0.7506381862391975,0.1462359893646115,0.026822085576923414,1,3
e90d4db7ddd4,0.4783541141047615,0.22341134541705684,0.21892754553275065,0.07930699494543095,0,0
e90dd06ea8a1,0.0966208675405438,0.4579417390175306,0.3828299003524864,0.06260749308943908,1,1
e9268097a0d1,0.8676154795700686,0.04262539072734205,0.06953534631745727,0.020223783385132265,2,1
e93a46774f00,0.17684578638646667,0.05565997712067146,0.13851371071387922,0.6289805257789827,1,1
e93b8361bfd0,0.1918663004739723,0.28278309962385034,0.33360281475893366,0.19174778514324364,2,4
e94ccb56b277,0.058949313034388134,0.32371634079834544,0.29276527064343605,0.3245690755238304,1,3
e96f12697ca3,0.2282964327235011,0.4877271117693343,0.21383943906281885,0.07013701644434571,0,0
e97d25d7e522,0.15814505914078855,0.521795422000562,0.24465099400128357,0.07540852485736592,0,2
e97d79485202,0.5432542129519208,0.16324393777020008,0.276778846412017,0.016723002865862188,1,0
e9875afe7532,0.20457388783659453,0.3919838380337511,0.18811807630166785,0.21532419782798662,1,1
e9ce880f2202,0.16735433924368442,0.404592404762352,0.36191355692049465,0.06613969907346898,3,1
e9d5e9c6fd14,0.24381993532399046,0.16659465461565004,0.2752755920225865,0.314309818037773,1,3
e9ede9640810,0.6406581464574491,0.11355818325038328,0.13523421104690087,0.11054945924526673,0,2
e9f977bc280f,0.15059281901754815,0.2469163506817909,0.42830959472646774,0.17418123557419313,1,4
ea095c5991c3,0.724345386463203,0.11917576878389262,0.0953799150965004,0.061098929656404045,0,2
ea1b70752c62,0.1431524777263349,0.5248439583038766,0.22635835596419512,0.10564520800559345,1,1
ea1bf78bc0ee,0.08856607306916264,0.5985337388237135,0.2723910603271868,0.040509127779937044,1,4
ea2d09b4a59f,0.07871584550750803,0.6700281911017624,0.21460175599730416,0.03665420739342549,1,0
ea44061da219,0.2684894956004865,0.5025191668828909,0.19035676272030294,0.03863457479631966,1,0
ea4e755480da,0.11685325906909769,0.48353021669896457,0.24249231660967122,0.1571242076222665,2,2
ea71dbbcf2ab,0.0628867972423918,0.6149560180859555,0.1728504037702409,0.1493067809014119,1,3
eaac01660339,0.6540522182361946,0.059180296432376094,0.16252092761873005,0.1242465577126992,1,1
eab43c22f6e3,0.15517086600133068,0.6023984018907839,0.17489920392193467,0.06753152818595087,2,1
eadbd008393b,0.26053298218344906,0.3893140800292943,0.09359753955427874,0.25655539823297785,1,0
eae003afb999,0.056682211433139465,0.2938638043360687,0.2455796266430129,0.4038743575877789,0,3
eaf7e92ddbd6,0.17117646269053952,0.4846019554036235,0.2549505544452935,0.08927102746054359,0,0
eb17643599fd,0.04743673291310235,0.5890876852113238,0.2066996038581347,0.1567759780174392,0,4
eb1e40c40c88,0.3750764323636235,0.25206615639413027,0.28058364384165285,0.09227376740059343,3,0
eb25647982fe,0.10325471625482506,0.7182546798982837,0.16507254854501718,0.013418055301873908,1,0
eb28eda6261a,0.8758454047769064,0.03595985969172355,0.0631793648098114,0.02501537072155851,0,4
eb30f3452fc6,0.2340154211389284,0.3439351562532774,0.385736159505299,0.036313263102495226,3,3
eb3e488b900d,0.932607618948916,0.02238269584706844,0.03919522462092774,0.005814460583087887,0,0
eb3f608c965d,0.24786440837809973,0.20248634510663405,0.45377097743197864,0.09587826908328771,1,4
eb41a8fdece4,0.7702070861744625,0.03739561011895241,0.09779711002921782,0.09460019367736718,0,0
eb4f7a7c46c7,0.27963601198314947,0.1909290445188512,0.31798608720633076,0.2114488562916686,0,3
eb5090e6fdc2,0.15122996689821103,0.7749313645230937,0.05537223999394131,0.018466428584753922,1,4
eb6c62925d9c,0.8587636211589853,0.04618255536456493,0.056950315397857526,0.03810350807859213,0,2
eb76ebad1c23,0.22563799619788005,0.47452058935732716,0.25369096856151324,0.04615044588327946,1,0
eb8b05df8563,0.32476942806099207,0.20964193659881503,0.2473520642351758,0.2182365711050171,0,0
eb9dc561833d,0.3439938457224089,0.2478658304478296,0.2389940144103006,0.1691463094194608,1,0
eba05ee2d7da,0.14727200422333298,0.4131144544688347,0.4109034207798951,0.028710120527937186,1,4
ebb0b75bd4de,0.03463755098518358,0.7885533792781545,0.10540659013945446,0.07140247959720757,1,4
ebbd78acb0e0,0.03051886811037629,0.7969988316591375,0.1593927509497927,0.013089549280693454,1,4
ebd126be46e8,0.2162105886781352,0.2637251476530355,0.3260631196547613,0.19400114401406793,0,4
ebf4d14f8094,0.13462536958861543,0.6617373039244109,0.0960888451115137,0.10754848137546,1,1
ec14ca35f6d8,0.04948099877194503,0.7435579985759713,0.15390070345887194,0.053060299193211626,1,4
ec2491ff28f2,0.08287880255305172,0.6900763581379349,0.18101700072762772,0.04602783858138563,2,4
ec43b49013d3,0.04109888979045728,0.5170790260563997,0.3104042502223871,0.13141783393075593,1,1
ec459b9efc52,0.4603000256587214,0.28126973610315953,0.08894319734263456,0.16948704089548453,0,2
ec60a9077385,0.06686967585582654,0.7515143255985612,0.16411417716764856,0.01750182137796382,1,4
ec614c61cdc1,0.6372453976551865,0.07917186582746989,0.224405604897824,0.05917713161951961,3,2
ec69b2c23b7a,0.05093615087065054,0.10245166810817881,0.6464493012142314,0.20016287980693925,0,2
ec6e91420f3a,0.05162105022250639,0.29715296866244784,0.3400169409396973,0.31120904017534845,1,2
ec969fa94baa,0.5812979966813571,0.14256539505969434,0.09496473112950536,0.1811718771294432,2,2
ec99ea1e7890,0.027208000077750816,0.8105620935051152,0.1447129499014641,0.017516956515669757,1,4
ecb369802701,0.7420580890288198,0.07274314769204938,0.09142438006678376,0.09377438321234713,2,2
ecb8f4c2606c,0.2674026582695388,0.1954216926915267,0.4477136499987614,0.08946199904017317,3,2
ecc8f5b0842b,0.38550291553757327,0.25145071561240745,0.284807237031916,0.07823913181810324,0,3
eccebc4009a0,0.051608339622369784,0.8709565107763868,0.06775182702626792,0.009683322574975587,1,0
ecd0dea97eef,0.12650228091228985,0.39070756684381713,0.047685436193339405,0.43510471605055356,2,0
ecd883ed5c12,0.05132289204927705,0.7356405300705966,0.17336317100541596,0.039673406874710285,1,2
ecdfc29912ee,0.2113153029825445,0.3911879646314324,0.28549770016615933,0.11199903221986378,1,1
ecf019f00e3d,0.809210898009787,0.056836046787311904,0.09457144187363414,0.039381613329266964,0,3
ed0825c7df20,0.13132410631698657,0.6295632728705025,0.1880522097381215,0.05106041107438942,1,0
ed49428432a7,0.04025547563371064,0.11029996934875691,0.059512735290665655,0.7899318197268669,2,0
ed513f058147,0.09702791361617454,0.7527364313405877,0.10858773051422874,0.04164792452900896,1,0
ed5c290105e0,0.508786478255961,0.18749285804279367,0.16068542484876183,0.14303523885248345,2,1
ed5d94f5100d,0.2842044095418411,0.34120459011230314,0.17451101650887949,0.20007998383697614,2,0
ed6218993ed0,0.5611889358314823,0.06372388504217633,0.27976108878881617,0.09532609033752512,0,0
ed7af0f6cc7f,0.24395391501496072,0.4670229746384362,0.23878880847108883,0.05023430187551424,1,4
ed7cc735db6c,0.12824374158276022,0.5623017503498932,0.196181031732429,0.11327347633491776,1,2
ed849e809c1c,0.8981058724601616,0.03645490175071886,0.049978215994891606,0.015461009794227912,0,0
ed855d09ffd4,0.171713082479045,0.25951309259052513,0.334844074194136,0.2339297507362938,2,1
ed8cc5fd07f1,0.19388968550563943,0.20227492990173254,0.2951058172193779,0.3087295673732502,2,3
ed9792ecb546,0.2089795628402926,0.07635879526094702,0.25170247256161904,0.4629591693371413,1,0
ed9fc7d10eba,0.23826655574323607,0.14753451399429632,0.38552676914075495,0.22867216112171274,1,1
eda00b808607,0.0854031729370898,0.4523350064579093,0.268631496669309,0.19363032393569177,2,4
edaf69ec10f6,0.232661475387894,0.36029348373095654,0.22085025814102424,0.18619478274012533,0,0
edb5e43491c4,0.1925807173668723,0.5572147183797229,0.14118971817310536,0.10901484608029949,1,2
edd21ee3c460,0.12779232032955815,0.6270119433195022,0.1568303029445845,0.08836543340635522,1,1
edff2028722a,0.11816251645818632,0.1986994587986835,0.30773829904707,0.3753997256960602,0,1
ee18a08e02d1,0.11397783454534448,0.13643993670529175,0.5226982074311762,0.22688402131818758,2,2
ee22d804e868,0.23617016829036888,0.33415608765339794,0.3486885159955689,0.08098522806066429,3,3
ee4155767b5f,0.3901272234802268,0.09466188579094222,0.25714516174552476,0.25806572898330604,3,2
ee4440d41ee6,0.33970722358775873,0.20901080054402785,0.253628085892413,0.1976538899758003,3,2
ee59b3ab54f1,0.09913932722251916,0.6516106157072258,0.11789245583970967,0.13135760123054527,1,1
ee5af3809557,0.022815374067862385,0.7735046143455345,0.1394553163112094,0.06422469527539384,1,0
ee5ea1ff9f13,0.6329614224038078,0.03026460950730326,0.27770478438949014,0.0590691836993988,0,4
ee5f0438b183,0.23572570588369762,0.3882456925638153,0.174539138560685,0.20148946299180204,2,1
ee65eee3a327,0.7232157314412502,0.1087443558712986,0.08754213227670282,0.08049778041074825,3,3
ee783fcfed40,0.42225232311353733,0.0830809098686052,0.28921035383243304,0.2054564131854243,0,4
ee8920d4faeb,0.02384144365499881,0.7707361168548087,0.16542320749691067,0.0399992319932818,1,3
ee8c14899dfa,0.03618949551615888,0.8528207376373567,0.0864473729670505,0.02454239387943388,1,1
ee8cf2f50c90,0.8403118658277288,0.029146613626222468,0.06020949171728183,0.07033202882876677,1,1
ee946ca9c50d,0.7758655843248239,0.07769936159578779,0.01754748444962162,0.12888756962976675,0,1
ee980e0dc7d1,0.5809778372340058,0.08412926134426449,0.16167425272140076,0.17321864870032905,0,0
eea9ab1e6c53,0.900766346413563,0.037930359617754095,0.04397800647638103,0.017325287492301892,0,0
eeab05ccb1a5,0.5253544872102547,0.2908374250452874,0.09875034718304736,0.08505774056141062,0,3
eebaa7b747e2,0.1542665731292801,0.24825154496916446,0.09575305048241532,0.5017288314191402,1,1
eed043f0a603,0.2786868453669846,0.24588781779667532,0.3977643422221788,0.0776609946141613,1,2
eed9b6596e6d,0.037623927149029464,0.49280855636254123,0.36904074485974353,0.10052677162868576,1,4
eee88e3f416d,0.035975579552825376,0.5290017157055216,0.40019008268344325,0.03483262205820977,1,4
eeecfd50b220,0.03405402758148802,0.7340467478465122,0.13517208683796958,0.09672713773403013,1,2
eef237fc67b9,0.5045941112821167,0.0498774508630292,0.2750772656824139,0.17045117217244016,1,2
eef6300c5540,0.12501810927744547,0.5718229560602849,0.2718245540457403,0.031334380616529336,2,1
ef2903498dc5,0.1720214554329566,0.4698176005270778,0.25687208839927417,0.10128885564069139,1,0
ef303ca23c79,0.2146382497381962,0.2589649021258533,0.27808118901358114,0.24831565912236928,2,2
ef3e7ae6e700,0.297387543813021,0.41833785899693166,0.21381634318403686,0.07045825400601051,1,1
ef45370d19a4,0.35711993581363227,0.19079943926131412,0.19788257661860767,0.25419804830644604,0,2
ef45c1184249,0.09506813751335025,0.642469020945437,0.19117284523047925,0.07128999631073346,2,4
ef6713d49378,0.06942491427787557,0.6667435996303321,0.19910373683589502,0.06472774925589735,2,1
ef8fedf0d644,0.04959927976521621,0.7008351510773441,0.06741549636026203,0.1821500727971777,1,2
ef90d5cec0ec,0.39180116079558586,0.34999645540548235,0.18789016970021655,0.07031221409871523,2,3
ef984f6fa70c,0.3110234480185448,0.3190686111250213,0.28941233219112883,0.0804956086653051,2,4
efb9bc675820,0.6021035585109892,0.04902444847308332,0.17990463254874728,0.16896736046718017,2,1
efd4278840ce,0.011419060876708121,0.9187045961419278,0.06011818533873812,0.009758157642626027,3,4
efefa03de088,0.1736795743133991,0.5739111118605628,0.18015694838655272,0.0722523654394854,2,2
eff72b9f6efe,0.23054837950573714,0.35091662306061094,0.2905723864992235,0.12796261093442846,0,2
efff0a2821eb,0.09759661068941299,0.5002688366180418,0.33391962977128087,0.0682149229212644,1,2
f00a7f15f367,0.21546131444075353,0.24070508293330956,0.4133730116786317,0.13046059094730525,1,1
f00ed1bca2c4,0.025190780651078822,0.46180650346769603,0.13873534792238976,0.3742673679588355,1,0
f0156675755a,0.8088907426379711,0.02673008095072045,0.08622483349987624,0.07815434291143222,0,2
f01b33e3ce9d,0.5083977558598577,0.17198073504166878,0.21938649454869483,0.10023501454977878,1,0
f025d675b893,0.09398758958756669,0.45925519120569414,0.2442759558964075,0.20248126331033164,2,4
f028f4a45ccd,0.7134236437932863,0.05862381664369532,0.14679424288460127,0.08115829667841719,3,0
f03cec43a0c6,0.16628620790740128,0.16326390839046762,0.5934614500679826,0.0769884336341485,0,2
f04ff90a3dd9,0.7823853369132918,0.0864977763862636,0.10366836330577829,0.027448523394666153,0,4
f0512f3b3a6e,0.11284848929301093,0.5070937112767211,0.2164685661501243,0.16358923328014374,1,2
f05fc3dd7653,0.6011144292987054,0.1567313325253401,0.14868301252745494,0.09347122564849958,2,3
f0637f0d7719,0.043431535824600395,0.3633203890601902,0.4910331816482861,0.10221489346692336,1,2
f07ec852f8c2,0.05078559312570054,0.157975447982109,0.7535863088611956,0.03765265003099485,0,4
f08ec6272e48,0.5432399505519077,0.20101328431855592,0.2284310019321216,0.02731576319741494,0,0
f0a6dc99b78a,0.004324637903751863,0.8495489644264694,0.07335920645811356,0.07276719121166508,1,3
f0a7a52f661c,0.14133476465872405,0.2839640472388705,0.4886022448422635,0.08609894326014192,0,0
f0bee4584261,0.2190768622897981,0.21201404756732956,0.3526964472026348,0.21621264294023756,2,0
f0bfb67c18bc,0.020986272525764505,0.5394242496690754,0.4130123684463534,0.02657710935880663,1,2
f0c4dc3b247c,0.19792811360937404,0.3020311138367998,0.39156959680725667,0.10847117574656939,1,1
f0c5e85b5e86,0.06458084022445938,0.7835993455572218,0.1265790736620125,0.025240740556306325,0,3
f0dfde16feec,0.7288825686328021,0.07894631364374059,0.1067868850705196,0.08538423265293775,2,2
f0e023959894,0.12481265159536012,0.722420313914457,0.1288819755775254,0.023885058912657478,2,1
f0e40c184d36,0.10491900861605724,0.2956820360640234,0.22482435705264542,0.37457459826727396,1,3
f0e99a9fd724,0.16474939757099627,0.37459202805294095,0.27777311458543497,0.18288545979062795,1,0
f0f8ccd8b0a0,0.46944484559750577,0.14790362537757074,0.21314443399380645,0.16950709503111697,0,0
f1043ac7271b,0.15935707964336993,0.5560014019432266,0.26513431845079743,0.01950719996260598,2,3
f1063f4acf08,0.054318762267373456,0.8367817724684037,0.0993067633433843,0.009592701920838644,1,2
f108d58e9f51,0.5118885840935467,0.21552997028761461,0.22858871779939333,0.04399272781944546,2,0
f109811743c5,0.7955601535161467,0.1269157063915127,0.053495169207293164,0.024028970885047556,0,0
f10d919f319b,0.7173688553782422,0.07225226002129648,0.20019055795541282,0.01018832664504833,1,1
f11ab7648eb2,0.44241689074240004,0.12610345158181477,0.35960418897783897,0.07187546869794621,1,4
f1236049dc34,0.04136196602769077,0.30598775815983975,0.25179355920297525,0.4008567166094943,1,3
f134eb1b9f3e,0.5388780120572744,0.1128045943195243,0.2938191585509271,0.05449823507227416,0,0
f13c5fb56a73,0.2204411575661167,0.3918857172206368,0.12095072485725031,0.2667224003559963,1,0
f14cc84c4e69,0.053663762954458884,0.8860574647194079,0.052173281315952745,0.008105491010180278,2,0
f15583c5d579,0.11260880044508911,0.5483087138752134,0.2546821088748271,0.08440037680487039,1,2
f17037e3c5a5,0.0374498132137834,0.8440060180594333,0.05846003515776058,0.06008413356902269,1,1
f171762263b3,0.33398991688474383,0.3136338546956847,0.06277892346902765,0.28959730495054387,0,3
f17665afc4c2,0.3759018902487162,0.3105441133716604,0.24037332287548485,0.07318067350413861,0,4
f1788303c669,0.47541832818947066,0.2515660167562709,0.1746698033376709,0.09834585171658745,0,1
f17f7d44b959,0.2715514559024423,0.23898048946157424,0.2491809326902847,0.24028712194569884,2,4
f18fc8dcef6d,0.27295268996264255,0.42910506038857626,0.19542407680802093,0.10251817284076017,3,4
f1a643119e8d,0.19726608710433588,0.14753090710806846,0.624536568031239,0.030666437756356666,1,2
f1ab0d2dcd7b,0.019822103709077495,0.7866370412638433,0.159198188736723,0.03434266629035617,1,0
f1bf16aa4bb7,0.006312683703603534,0.8737477869164489,0.1159974046200917,0.0039421247598557954,1,4
f1d8d7ca8477,0.21288960416197267,0.33156542097319663,0.33245299464801537,0.12309198021681533,2,2
f1f663bb5ba6,0.18381624734147756,0.3911452300222809,0.3922140821046373,0.03282444053160432,1,2
f20576257dc2,0.3005623539330534,0.2156126423810927,0.303281621669752,0.18054338201610198,1,4
f206c90d6bf9,0.0060347028267883455,0.9546744056108413,0.02208687745721991,0.017204014105150565,1,4
f20d2ff64006,0.014330059870726672,0.5955620135726255,0.19640881305031668,0.19369911350633118,1,3
f20ea4a7e55d,0.12025733413562172,0.5913183158672791,0.15905755328431465,0.12936679671278462,2,2
f21f4dd7e3b5,0.7345227023445055,0.11833029550268509,0.11447337747113634,0.03267362468167314,1,0
f2241ca2d0ff,0.07963536185684507,0.49439382480677,0.35938983328577434,0.06658098005061053,3,1
f254d359e0ef,0.7355025831374383,0.03227365308589083,0.08430283200356954,0.1479209317731014,0,1
f26c50ef1bd0,0.08113726287395275,0.348926291140007,0.47273904378398185,0.09719740220205834,3,2
f2a899251da3,0.04660032083661699,0.6587690992532821,0.13779364518382994,0.15683693472627094,1,0
f2a9e6e67eda,0.2657868631452842,0.23908580378959968,0.27121893077406034,0.22390840229105569,1,0
f2b77c3c70c5,0.5275986764580994,0.12139131319421229,0.3015075238497302,0.04950248649795804,0,4
f2bf2f65fe68,0.29276818716406544,0.14110763879733043,0.02792823804709337,0.5381959359915107,1,0
f2d30ac37f7b,0.19477156859557415,0.45857355998282834,0.1840855125177312,0.16256935890386637,3,2
f2d5dd65d7d2,0.2683845966469158,0.2360971256751322,0.3868934652786228,0.10862481239932939,2,4
f2d890d8bea3,0.594224926887064,0.11861773497817639,0.1359688230033866,0.15118851513137313,2,4
f2e430c3888c,0.12115624572476126,0.5510578220209846,0.17527461154157184,0.15251132071268236,0,2
f2e5da098e85,0.05328373167479541,0.5566091070083119,0.35722614088894966,0.03288102042794312,1,2
f2ee15af6c4d,0.1515093230307109,0.6877593090577038,0.12472984327685788,0.03600152463472746,1,4
f317383c5831,0.5691351542317172,0.03994832898839493,0.29304028542575916,0.09787623135412848,2,2
f32dd337bd1a,0.03974945944405831,0.7074578350334532,0.20352278521955616,0.049269920302932424,0,4
f333eadeca7f,0.5527532885540958,0.077648419833245,0.2791906227895481,0.09040766882311116,0,1
f338a2ae96bb,0.49437118942711145,0.08521288543320998,0.36519568382393763,0.05522024131574099,0,0
f36b9bbd21ed,0.10911239635026972,0.3535803393728638,0.39311611361340604,0.14419115066346044,2,4
f36bc38a2660,0.07822268392301364,0.8293010009292727,0.017990373362072473,0.0744859417856411,1,3
f36ed95de256,0.6273679323331679,0.15122948120232763,0.1023730411722087,0.11902954529229583,0,1
f371fa5e17ee,0.0460571716793812,0.831483469549202,0.03634002724464439,0.08611933152677247,1,1
f375191afe2d,0.08726668461964426,0.0848673565891825,0.4529361273105286,0.37492983148064474,1,3
f383a0b4d02a,0.4935546657221383,0.3083994628965355,0.13731052391972307,0.06073534746160318,2,3
f3968991ea72,0.09561960351476774,0.4534946844902765,0.4292787848380289,0.021606927156926845,1,1
f39f4119d62b,0.177371836791142,0.45249524351719406,0.22986950476139043,0.14026341493027342,2,1
f3a123432445,0.11334604644043181,0.6520596709664089,0.21259468717180488,0.021999595421354406,1,1
f3a9bde37ea8,0.4581003330003053,0.11020799036157157,0.37773140458200505,0.05396027205611804,0,3
f3c36d0f9736,0.3220937223903811,0.32474932354713076,0.20511798188653013,0.14803897217595813,0,3
f3cab48d1e7c,0.02588801885599273,0.8524627545346921,0.11065314410259203,0.010996082506722998,1,4
f3d1eeb66284,0.0878795985409701,0.7303964787815306,0.04745397950240235,0.13426994317509688,1,4
f3df81aafa5b,0.07554219822843433,0.49907157656975365,0.15767163031877898,0.2677145948830331,1,2
f3eb906bdb01,0.4188539146157244,0.19217950773562523,0.1894629323645625,0.1995036452840879,0,4
f400c9a139bb,0.46677729658230244,0.36776416320183264,0.1328160898235597,0.032642450392305164,1,4
f40b5a31d1f4,0.08777983201858397,0.5011900372587044,0.37599442100706826,0.0350357097156434,1,1
f40f145b6d3a,0.019309912286842323,0.8903156307972162,0.07419026262410047,0.016184194291841113,1,4
f41d7c33e0fb,0.16507815372268764,0.39245431598223046,0.363388954629105,0.07907857566597692,1,3
f42ff739afee,0.02712849545223159,0.7875245539318846,0.15624812350795547,0.029098827107928386,2,4
f44b14970f3a,0.3558200637249459,0.11332275384815031,0.2348886321232002,0.29596855030370356,0,1
f45612bd7e0b,0.3315553317484905,0.34789885543926874,0.282280807912478,0.038265004899762874,2,2
f457ac57e4f6,0.21243108698282062,0.33704310736998416,0.18303417106978764,0.26749163457740766,1,2
f46cb3c9593d,0.20680181534774433,0.08992146009945548,0.30506088843168383,0.3982158361211165,0,0
f472abdca5e0,0.19808991748687066,0.6648358947717058,0.10472237348559787,0.032351814255825805,1,4
f4833c3311e2,0.06072588559471855,0.7523511061403722,0.1258813568733451,0.06104165139156419,1,0
f49511663558,0.09059768544305374,0.7538356545222482,0.07096072768200584,0.08460593235269219,1,1
f49a276f76f2,0.06135776328290957,0.7708787476533353,0.1016882102930654,0.06607527877068957,1,1
f4a638dc3304,0.24152628148801344,0.46568000755304334,0.21100428369203364,0.08178942726690959,3,1
f4b2c6d0edca,0.1582894718206196,0.7442879916554952,0.0591625318513591,0.03826000467252603,1,1
f4c4177e4ca9,0.3564140130567928,0.2602995038843667,0.3497156951919246,0.03357078786691591,2,1
f4e21bf210a3,0.13983583055640147,0.25622868191566095,0.371790851912269,0.2321446356156687,1,2
f4ef01a6e0f1,0.05340744940100211,0.628536461149545,0.23490228086789974,0.08315380858155323,3,2
f4f08a1bbea9,0.01335082003617617,0.7741058007173726,0.07041170375707655,0.14213167548937466,1,3
f4f5bbdf7a00,0.2810591419388358,0.3768458172245657,0.0692320276048113,0.2728630132317873,1,1
f518654dc20e,0.22422828540912532,0.42744548112787045,0.2231262226428608,0.12520001082014343,1,0
f5239c4023a0,0.1264451311017294,0.4879136158481853,0.29308206997224334,0.09255918307784189,1,0
f5293dfeedda,0.9371453389642971,0.02326858576262979,0.019410918125088678,0.020175157147984284,1,2
f556a329c873,0.7576216024257142,0.11232171381464415,0.07760196886199457,0.05245471489764707,2,0
f55866b3c793,0.056220078480887024,0.8328904908888993,0.07009782955750511,0.04079160107270842,1,0
f5658ffaf0d3,0.055195593720281114,0.6268989508398044,0.2546807592309284,0.06322469620898616,1,3
f56638b54fa1,0.05005674425965323,0.7995190110798283,0.13110990473134218,0.01931433992917641,1,0
f58cb6670e91,0.34066582061145906,0.3668673631350985,0.20396612797680214,0.08850068827664029,0,0
f5a635890da2,0.07388986385569161,0.25229608342244625,0.4750003730242401,0.19881367969762204,3,2
f5a76ea09507,0.3988835686151941,0.11232958344482039,0.4541175245971573,0.034669323342828205,1,3
f5b4675f5f11,0.020824683865151853,0.7392666596424038,0.22315971868676915,0.016748937805675358,1,3
f5babfb67083,0.37861307677201667,0.30186739797091394,0.19150099371606621,0.12801853154100307,1,1
f5c94b5db0cd,0.45724921382206113,0.20836710156414062,0.18741663287059887,0.14696705174319927,1,1
f5cd2d815be9,0.17051218129726886,0.4031922639619153,0.30067170070303756,0.12562385403777834,1,2
f5d1abcf5693,0.10860788198202466,0.5824699340478556,0.1626030862966604,0.14631909767345935,1,4
f5d2f5175421,0.0605779074665785,0.6552416666937182,0.22245704883898942,0.06172337700071402,1,0
f5f8f43fece0,0.09616863054415248,0.29599383631612447,0.5687281797930301,0.03910935334669289,2,1
f5fd72a88ab9,0.03027144848853555,0.6582861161161417,0.19920390756892464,0.1122385278263981,3,2
f604af7af626,0.03248770618013898,0.41283415721225847,0.31391073648881795,0.2407674001187846,1,4
f6286092ca27,0.03539223446385198,0.7389953248457671,0.10439597179232117,0.12121646889805995,1,4
f632b46fa980,0.025212243017627596,0.7691330583916338,0.11881319390087836,0.08684150468986031,1,3
f64c3d12ddd7,0.13497236209862848,0.44976530768786466,0.20572020344269917,0.20954212677080764,1,1
f65a185b5aaa,0.41495850573552,0.2033496959331177,0.0785527252846028,0.30313907304675963,1,2
f65b67d0fae5,0.4094301953931661,0.3278949627822176,0.1421003733941423,0.12057446843047405,2,0
f674b3cf60f7,0.06570431953529496,0.8603300523058208,0.05128927928726195,0.022676348871622187,1,0
f689f3fba17a,0.327968259729557,0.1332176772523249,0.41281425655256315,0.125999806465555,1,3
f6c14c65ff4f,0.05041590426369223,0.6919995878604162,0.19344478056962777,0.0641397273062639,3,0
f6e480fe97af,0.043589552365927146,0.7906712746946277,0.13756424652891294,0.02817492641053223,1,3
f6ee6d94f030,0.5795230509181558,0.16044074655167193,0.16343628059103996,0.09659992193913221,1,3
f6ffe212deeb,0.02266239642630234,0.3683770113885278,0.5491656715480132,0.05979492063715674,0,3
f7087535a63a,0.7516310748570715,0.03944457124495389,0.13900040378228132,0.06992395011569334,3,4
f73ff8c2182d,0.10396360908053472,0.5529076632136745,0.15032124386414764,0.19280748384164323,0,2
f744da386f96,0.120678287731099,0.7658710690249803,0.0994937431333363,0.013956900110584505,1,0
f747a0ab20b3,0.2516336703408111,0.11532855547370646,0.3736893897747589,0.2593483844107235,2,3
f74f0c0db300,0.1864292407184172,0.6051979938471594,0.1704670697621519,0.03790569567227139,2,0
f75774536369,0.1662642683143136,0.34491118558806305,0.43355273872032024,0.05527180737730313,1,1
f76c899a8e19,0.16704131570258798,0.649218880216469,0.13064919915874312,0.053090604922199754,1,2
f779ee1077cb,0.11738380415436878,0.7643672556741987,0.046134308678313134,0.0721146314931195,1,0
f7859a6e1ae1,0.23898074312954118,0.5387437718895253,0.12747938349739632,0.09479610148353719,0,3
f7974b5d939e,0.036712340610668324,0.8085034817904786,0.03611028108050834,0.11867389651834488,2,4
f7a24c01093c,0.1472925745517125,0.5295233600654663,0.22533989880343805,0.09784416657938319,0,1
f7ae051fa2f4,0.08187850441284336,0.6571885575452717,0.23755388604572786,0.023379051996157064,1,1
f7baa94b8333,0.20122507515102442,0.4688569469502127,0.17637092248151814,0.15354705541724478,1,1
f7bef9f1161a,0.0970454607244657,0.19127284065215805,0.6338651659866679,0.07781653263670836,2,0
f7c01c47e966,0.6378750443525893,0.06787393444416101,0.21837467017349668,0.07587635102975297,0,3
f7d8873478ac,0.4140256170153171,0.3367812605050889,0.10303406802121165,0.14615905445838234,0,1
f7e60ddc0f80,0.28460178612296594,0.20982420701663135,0.38470654478512334,0.1208674620752794,0,3
f80048310b29,0.46659225492199596,0.13992852896200283,0.2828521156062885,0.1106271005097128,2,2
f8038bf5a049,0.4101587066458953,0.13683672467954713,0.28875465010739015,0.16424991856716734,0,3
f807cd855d31,0.2734000347682877,0.4375724097843554,0.19951466747538402,0.08951288797197275,3,1
f83b4b1d4a28,0.2725446843678109,0.404148193142786,0.2071081891452811,0.11619893334412214,1,0
f83e25510eb9,0.18686027565700647,0.2311202051879592,0.32324141367055764,0.25877810548447655,1,2
f8483372c4ff,0.668119365543759,0.046980761193251494,0.20573255559542847,0.07916731766756098,0,3
f84e46c75e24,0.3998066897651449,0.08932944287723327,0.3119748003195558,0.19888906703806605,2,3
f8567c73e039,0.5401857342510269,0.250501581397136,0.04076289665088838,0.1685497877009487,1,4
f865b83af346,0.1709760855805182,0.5152675563811887,0.24559747632970422,0.06815888170858889,1,2
f86b1c64bf80,0.20261557782675324,0.421069729186985,0.2898045908261053,0.08651010216015635,0,2
f871e115903e,0.6818703929492445,0.08816551551310589,0.1664513865208044,0.06351270501684526,3,3
f87baaa34bec,0.05457861885938293,0.6203231659532308,0.23567116923619094,0.08942704595119534,3,1
f8a3d75d02bc,0.8448043904865226,0.029229083224351794,0.06524331303528305,0.06072321325384258,0,2
f8aea676f0a6,0.0392212706815488,0.6425546592570864,0.25123258880762006,0.06699148125374488,1,0
f8bdffa59cc1,0.052845405620761315,0.5831146614401649,0.25880977179722514,0.10523016114184874,1,1
f8c006d79bd7,0.059552015672678676,0.25772452250793376,0.3811295653993666,0.30159389642002093,1,0
f8c0c4c6a036,0.14713939473789717,0.34394949168977446,0.36341270559256444,0.14549840797976407,2,1
f8c0c6d203ad,0.12883504447627384,0.45388882614698345,0.3530436793619014,0.06423245001484142,0,2
f8d8e382f2e6,0.01708776923715322,0.8785233931425043,0.09236641107848029,0.012022426541862115,1,2
f938e8a612a8,0.5166299520021252,0.12559187867690133,0.13479390808066374,0.22298426124030954,2,1
f947db14b9ee,0.0076928186663847925,0.9024685962872016,0.08059948897967341,0.00923909606674027,1,4
f95e25cb4206,0.6744169446559402,0.05703191747179254,0.23310234830209012,0.03544878957017719,0,4
f975ce4319f4,0.1135947977154478,0.2445337243746742,0.4747283228897411,0.1671431550201369,1,0
f98438a1cf12,0.5067910322927348,0.23650190675267288,0.188509969238173,0.06819709171641931,1,4
f99cfe0bbe0c,0.5823834395635319,0.10562177664193659,0.2153324806986597,0.09666230309587183,2,1
f9ad24c6c692,0.6837824720779377,0.04591212120349622,0.10773521827221982,0.1625701884463463,0,0
f9b47fe9bcb5,0.15393507474733714,0.45088499660718195,0.2897291937193838,0.10545073492609716,1,1
f9b6922fda66,0.05284673442830039,0.3690171982411919,0.35422599415036127,0.2239100731801464,1,3
f9cc68d54cb4,0.0136574884222207,0.7877955529596904,0.1814461971975643,0.017100761420524656,0,3
f9d95dc20962,0.21687000796975514,0.3039192184932993,0.3026340696736134,0.1765767038633322,1,4
f9e4fc65f2ea,0.1297067875240656,0.24360645578726967,0.5707320551224331,0.05595470156623175,0,3
f9f022de357f,0.0510312425134352,0.6413372217692689,0.29276544721899533,0.014866088498300654,1,0
fa146053ba25,0.46482761084680624,0.08561522517651216,0.1497448478228711,0.29981231615381043,0,0
fa1c23bc4d54,0.07810643800562866,0.6193053046854925,0.2829319587339341,0.019656298574944702,1,4
fa27a6b3551a,0.6271303300133942,0.13085937938279626,0.20375998282436922,0.03825030777944031,0,4
fa2e157f2acc,0.10252291790668726,0.1429496182752154,0.14503848562363308,0.6094889781944642,3,0
fa41c6bf6cd3,0.3430418226084899,0.36209779691958077,0.15475135971098217,0.14010902076094717,2,1
fa57c8fc7906,0.37394262358719077,0.19079414481000057,0.268192688147246,0.1670705434555626,0,4
fa58b6e83e6c,0.03307297737050329,0.6951623518604353,0.25311123879413916,0.018653431974922103,2,4
fa6d3b56e333,0.019566583919481156,0.8383640544482528,0.13378291256432764,0.008286449067938519,1,3
fa749cb9895e,0.100909807695507,0.7318630343796443,0.06441299034459146,0.10281416758025726,3,3
fa79b1765773,0.04858055193158509,0.709150856730036,0.1695079280298267,0.07276066330855224,1,4
fa8a5228f38b,0.12887744504618617,0.6351482311271639,0.08232303162546967,0.1536512922011803,0,0
fa8e92ee028e,0.10645558637047874,0.38908151574793143,0.3085571684984513,0.19590572938313874,2,2
fa9766f49a25,0.21036662397050068,0.40866929897027715,0.1189159954688285,0.26204808159039367,2,4
fa9ea207e240,0.029015531680448407,0.6792232231489699,0.24763866499924664,0.04412258017133511,1,3
faa6a62e025c,0.3016520122844858,0.21298862825833195,0.35836080323521985,0.12699855622196238,0,3
faaf89353e32,0.04570179170768402,0.6828553185707175,0.22987505599392652,0.041567833727672,2,1
fab641b3ce7c,0.22360592344802832,0.4480240596590215,0.16833460276922194,0.1600354141237281,3,0
fabeecea5a9f,0.48099739701494004,0.06958526173800249,0.09566322418159115,0.35375411706546617,2,1
fae06a05819a,0.039029763263024486,0.6689015023799376,0.18024949000404816,0.11181924435298972,1,0
fae99afb074d,0.3255976534778831,0.25936454285798094,0.3718269752435158,0.04321082842062027,1,1
fb18563e2a98,0.1241953955757623,0.24843231334567986,0.4080243644143539,0.219347926664204,2,3
fb24a702b87b,0.4624827489284561,0.3581734121071768,0.12147656849618846,0.05786727046817866,1,4
fb255b926b51,0.10439345861271108,0.3850630033853297,0.40433689257540417,0.10620664542655506,1,1
fb2654cffc9e,0.824463943458896,0.0453122323712127,0.11073527447447684,0.01948854969541472,0,0
fb4399c644e0,0.26911914351260097,0.24184843996903174,0.27624570058880715,0.21278671592956008,1,2
fb47f989bbcb,0.06085679303661502,0.585970268724105,0.3275423816456924,0.025630556593587654,1,0
fb4ddcf7f9d6,0.3052010728474023,0.2580487495985607,0.3940526384483153,0.042697539105721716,1,1
fb5044f382e3,0.2712078042359273,0.21302309684907428,0.36866482035775616,0.14710427855724234,0,4
fb5a3285aaa8,0.20854042606566583,0.35015425539556977,0.11474453701137308,0.3265607815273914,1,4
fb6a47691101,0.10486576909803261,0.47438661172133534,0.25629955444372515,0.16444806473690693,1,3
fb6b862b6145,0.6215418184934263,0.057843339225722684,0.1828628011383142,0.13775204114253684,0,3
fb8430889b41,0.14757036375838214,0.4637305920952696,0.3571033936387294,0.031595650507618735,1,3
fb8c469d8dfa,0.09519855052181725,0.5056106716004226,0.35696137729656224,0.04222940058119779,1,1
fb913c5f28a1,0.5491261902058223,0.1045381762501872,0.1932948766782923,0.1530407568656983,2,1
fba292caa45e,0.027435426330435726,0.7837767847656946,0.16669651130193522,0.02209127760193448,1,3
fbcb95b52844,0.32641939354724986,0.38486715436459457,0.22492708945513407,0.06378636263302154,0,4
fbe9974ec5b3,0.1071582323625975,0.30534141506693574,0.5084964863155108,0.07900386625495599,1,3
fc01bbfefaee,0.24457608437692419,0.1799587179408857,0.2998587397870669,0.27560645789512317,0,1
fc1a3a2c2e77,0.09408079024392757,0.7654259766349368,0.08537008555669384,0.055123147564441685,0,3
fc3caa4d9eec,0.10123616586975526,0.5056612299203671,0.18602665743830235,0.20707594677157531,0,2
fc42a9c84eb5,0.02233027856778562,0.7337404876040919,0.20168817677297188,0.04224105705515048,1,3
fc63422eca1c,0.8784086159492523,0.033349792825302337,0.0673463866888674,0.020895204536577984,0,4
fc6b2aa453eb,0.25697343863362837,0.34344705413033666,0.35047573055236225,0.04910377668367269,2,4
fc76d65f316a,0.10211002062219272,0.3672450527212545,0.4061797041224684,0.12446522253408432,1,2
fc7b87a31179,0.06100436045399694,0.5691907965664889,0.3621318215121966,0.007673021467317592,0,3
fc96b65aa265,0.20507414268576626,0.24786030665222222,0.41042383773132135,0.1366417129306903,0,1
fc9a57e4f583,0.4598669490683238,0.1715849635876293,0.14474781212716,0.22380027521688683,1,0
fcaa54dda5f3,0.0773032298179247,0.7310208318259617,0.14802919760915417,0.043646740746959505,2,0
fcb2e43ec0fb,0.19915764522651774,0.584994199792612,0.14671673597445375,0.06913141900641646,1,2
fcb3ecf7568a,0.01663837265771348,0.8311390800082512,0.03992188611606242,0.11230066121797305,1,3
fcbe8b4eed91,0.0510007146517549,0.7704772310696646,0.0920026058437263,0.0865194484348542,2,1
fcda620cd4ab,0.06504791930971758,0.4498178122442208,0.457318951933487,0.02781531651257462,2,0
fcf51aeb5fab,0.2964640251707303,0.10146716699467757,0.3016287657688122,0.30044004206577996,3,4
fcfef81a42ba,0.08326972754173399,0.6585607820705431,0.12287782961469267,0.13529166077303023,2,1
fd0cd3ed85bd,0.04197360332623215,0.788303377855865,0.14749495926653575,0.022228059551367058,1,0
fd2947c154c2,0.6360404203563279,0.06613284581998886,0.2445450291389811,0.05328170468470205,0,2
fd2acdca6a22,0.49041127779762894,0.09391972767064109,0.37857857486753504,0.03709041966419492,0,1
fd33d1e13711,0.11348104321955074,0.4263133237332738,0.2801161096586865,0.18008952338848896,0,2
fd34648eeaca,0.6748853347939964,0.053258146521534024,0.20245176559336875,0.06940475309110086,0,4
fd62a2e871fb,0.03048783459089984,0.19350472823722278,0.13715132570192845,0.6388561114699489,1,2
fd657558f339,0.2968311999358151,0.16477107175069688,0.13752476011619652,0.40087296819729146,3,3
fd712fae87c0,0.025622881041426616,0.6594634490737724,0.14426750656275236,0.1706461633220486,1,4
fd8c61575a7d,0.029356768904599456,0.6721286535640323,0.29028697557575733,0.008227601955610977,1,0
fd8f50efba72,0.37328805375336266,0.14914018626841744,0.290547272165495,0.18702448781272493,1,0
fd90f27b813a,0.47316603481334707,0.15379454153428246,0.2418486063391514,0.13119081731321922,0,1
fd92c6f2b2e6,0.28974161326403186,0.39311902635114276,0.11188689788218162,0.2052524625026437,0,3
fd9bc8ec9c4b,0.08433401576728168,0.3468565187731729,0.07785815926114334,0.490951306198402,1,2
fd9d8a24f167,0.8911399923079455,0.029931413066389585,0.0448857732185148,0.034042821407150155,0,1
fda24ef37907,0.03773465022812551,0.6849980959679624,0.2394758362310851,0.037791417572827106,1,2
fda2cd74ad14,0.5329087482839135,0.16818154341252914,0.11868728911893399,0.18022241918462326,1,4
fdb3f0146f58,0.14504427269723202,0.5064635800204929,0.24164489430416097,0.10684725297811411,2,4
fdb830b6745f,0.543787920040548,0.1456723599007851,0.24080026046688424,0.06973945959178261,0,0
fdbf84b3fd88,0.15011164817028244,0.3610317388309085,0.41536405946181937,0.07349255353698969,1,1
fdc5e14139d7,0.06684251593742925,0.3633081815815172,0.5395963603740341,0.030252942107019447,1,0
fdcc6f504d49,0.18055855417809755,0.5783541076106068,0.2095299483438844,0.03155738986741122,1,1
fde8d14e4c31,0.26849406924469554,0.5086311087715579,0.172773811544493,0.05010101043925357,3,4
fdf9cb6b052d,0.0773560005344081,0.6917410334829929,0.17030105767971276,0.06060190830288631,1,2
fdfd07901483,0.6297792542928964,0.09883146635214873,0.13039644732864694,0.1409928320263079,0,0
fe0b9c37645b,0.3869366716721596,0.17531541494359887,0.3676157269444836,0.07013218643975795,3,0
fe0be2315bf0,0.1909660632696869,0.3633381666397425,0.3145083934599182,0.13118737663065244,0,4
fe139f2b6429,0.10490222028616143,0.6100829136978191,0.17577387418788504,0.10924099182813432,3,2
fe1d8ff109c1,0.6451125701314705,0.17036264626090009,0.09900010797428126,0.0855246756333481,0,2
fe4db0232dad,0.2524473710528833,0.05862503844513525,0.18053745127929352,0.5083901392226879,0,2
fe6b58e8499f,0.12518240691728683,0.3963043655823033,0.4426653064285219,0.035847921071888125,2,2
fe6b9118cf57,0.08515083567832891,0.2111602005015047,0.3315044282796759,0.3721845355404906,1,3
fe7b14312526,0.06162028689338594,0.5958696637519397,0.3276057848592798,0.014904264495394422,1,1
fecb27d2edca,0.7979731238232669,0.025104030966547876,0.14148229532136433,0.03544054988882092,0,1
fecddac318f7,0.03898895713904159,0.6475702658831947,0.16776020975293823,0.14568056722482542,0,3
fee1b3d702a5,0.598460442230545,0.05266673492033742,0.24577610338713923,0.1030967194619785,0,1
fefbd0c403c1,0.0409188437393074,0.7373128248489654,0.190860668041711,0.030907663370016283,2,3
feffa20fac13,0.6579370403002975,0.057384801115091026,0.030669147503146317,0.25400901108146506,2,3
ff0879eb20ed,0.06146023479943379,0.6495777392952337,0.23085284327227912,0.05810918263305355,0,4
ff0bf9cae3b3,0.27587576678731623,0.278689434121106,0.26964819035292437,0.17578660873865345,1,2
ff19b8e99b4b,0.5156166755285517,0.12907326030627844,0.2246350749003746,0.13067498926479537,0,2
ff3bc8d91f5b,0.06569844007008795,0.5037268311650479,0.2517687871642911,0.17880594160057306,1,3
ff3e6f379834,0.2447269233614938,0.36646445455553656,0.32042755012659296,0.0683810719563766,1,4
ff3fc3faf1ca,0.4251011967414078,0.1181218136977834,0.24254663357475334,0.21423035598605542,2,2
ff4c1c2444fa,0.41417648991064343,0.24853779789250344,0.22237523178777996,0.11491048040907327,2,0
ff4d28f1b11e,0.5792665477941319,0.1192929857934755,0.20308526652928918,0.09835519988310339,1,0
ff5948fb8ea9,0.20563680772573933,0.5501531742568816,0.13877308286745973,0.10543693514991942,1,1
ff631db5f6d4,0.4978167058604315,0.15874138472208024,0.19202023160502313,0.15142167781246527,2,0
ff7ffd9c6c80,0.6125402350476045,0.10536465403144125,0.13759813834484877,0.14449697257610553,0,4
ff8c65c0cb53,0.23088063024025957,0.20871803170740355,0.14326247770784295,0.41713886034449377,3,4
ff9f78aa56a3,0.08995201203253378,0.5147795448959187,0.28474642253487914,0.1105220205366683,0,1
ffa332785df4,0.7015032072195536,0.06332695917464574,0.2230205185962952,0.012149315009505491,1,0
ffc3fa3a1911,0.0774950776773046,0.4468115354422899,0.30527832901917845,0.170415057861227,3,4
ffc6679e82d6,0.09501933207147116,0.5374063356542084,0.3147827513805591,0.05279158089376131,1,2
ffe4d6e8fbb0,0.18080605515224074,0.20821019116951914,0.5074992584897304,0.10348449518850972,1,2
ffebf1ef4a9c,0.4544778348370211,0.2814051944386735,0.15350669093412544,0.11061027979018002,1,3
