study_id,p0,p1,p2,p3,label,cv_fold
00086460a852,0.0792044915484048,0.40462897498711425,0.28664931330072174,0.22951722016375903,1,3
000c9c05fd14,0.5167279785812487,0.24230151035200856,0.11575240039810286,0.12521811066863966,3,1
00792b5c8852,0.5210045730512096,0.14059449564940427,0.233094872433669,0.10530605886571763,0,1
00908ffd2d08,0.1469338576072319,0.6164909309265602,0.19522316786464367,0.041352043601564074,0,0
009bc005edaa,0.07573907995754778,0.759953090938251,0.12017843668005489,0.044129392424146124,2,2
00a76543ed93,0.3251269693848065,0.3764168512346915,0.23751637282394664,0.06093980655655553,2,0
00a87235ca36,0.09623558822107466,0.5926373892497591,0.26273418156489914,0.04839284096426678,1,4
00b33b3eb8d9,0.10941916209471353,0.6067665263839024,0.2424346844716602,0.04137962704972404,1,3
00c241c3fc0d,0.26640175430958524,0.4207570291085195,0.22981807572106133,0.08302314086083377,0,3
00c83e33588f,0.6193451410704736,0.1777683271205716,0.15008436305828862,0.05280216875066617,2,4
00ccd633fb0e,0.34501174380156213,0.31957096497452947,0.20733650077776572,0.12808079044614226,0,3
00e936c58da6,0.4845363043168248,0.2435189630347012,0.20063984532103532,0.07130488732743884,0,3
00fceac64e6a,0.1582406872827319,0.47335584125896063,0.28137922986621605,0.08702424159209123,2,1
00febcfee50b,0.5445728006905687,0.11907160211789387,0.2508001006670927,0.08555549652444479,0,0
01206a422293,0.09103559594841013,0.7358134763047137,0.11921449820062281,0.05393642954625323,1,0
012229ebd9b3,0.30844185262347273,0.3294729082354851,0.22057710736332797,0.14150813177771424,0,3
013d698aeecb,0.6488265351822478,0.08690585105766173,0.1634382329322377,0.10082938082785285,0,0
0142feaef82f,0.16423840094529737,0.5732929099851678,0.20227133064845312,0.06019735842108173,2,0
0147e3c530f2,0.4645867661511936,0.2944675970802087,0.17399127863807792,0.06695435813051984,2,1
01494b9b4423,0.5413164640712597,0.20679939399486819,0.17062197270056587,0.08126216923330637,2,3
015707c0e73f,0.25980006188194615,0.39209720712685964,0.21206736313801086,0.13603536785318332,1,4
0159c2d40b52,0.03628363018551189,0.7523594229090503,0.1476662857153002,0.06369066119013751,1,3
016c1781fbb2,0.47875786961103667,0.29517614295719835,0.17245384585997867,0.05361214157178634,0,0
0172a5607c9d,0.12029470341889709,0.6913184907515757,0.109835034004842,0.07855177182468558,1,0
018c5ec34722,0.15845517234724646,0.6388122521783889,0.11978454237412405,0.08294803310024086,2,0
018c96c9aeff,0.045833812233322606,0.7165255117279621,0.17861122036235486,0.059029455676360344,2,2
018cfcc1e851,0.09079448655277841,0.6710417735580975,0.16013902889961035,0.07802471098951373,2,3
01934dbaf28b,0.7847217870808583,0.0515621894754153,0.12146588857104046,0.04225013487268575,0,0
019960c57d32,0.07891077885840163,0.6249987672066778,0.23881301697668142,0.05727743695823902,1,1
019aef94b388,0.4791926319348722,0.22050306619711826,0.16810037202514855,0.13220392984286083,0,0
01c6c27b82a4,0.33610258627100675,0.39049407563415023,0.16892015360656468,0.10448318448827823,0,3
01c8e624037b,0.3978552137193415,0.27780700753351606,0.2198114020975422,0.10452637664960034,3,1
01ce54f82d94,0.6761609488645633,0.06070155240467656,0.136782851536889,0.12635464719387104,0,2
01e030757f57,0.12084063991077894,0.5169772758956835,0.2329589634830979,0.12922312071044,1,3
01e19055f756,0.6868695150944311,0.08394149072536401,0.17542768353873026,0.053761310641474595,2,1
01e830e3a965,0.23282745955479817,0.48279690090385236,0.17682809672541056,0.10754754281593897,0,2
01f104b42afd,0.029375132997088764,0.8083679188819618,0.13357109572027442,0.0286858524006752,0,1
01fc72cc1f1a,0.02627856746462868,0.8290905088033694,0.09191190062605707,0.05271902310594461,1,1
0207ea0aaf24,0.13850831319386073,0.5323209910681753,0.24294844192570594,0.08622225381225798,1,1
0212c908aa20,0.7857915566726358,0.07337777972774004,0.08508912177025028,0.05574154182937383,0,3
0213594439b0,0.02538635565128585,0.8599847782442351,0.09668344322254568,0.017945422881933334,1,1
021986b21570,0.1483124924719034,0.6825531068945073,0.11821510296700771,0.05091929766658147,1,1
021a7bd50924,0.05432711097441164,0.7708070867628575,0.1266479365019236,0.048217865760807166,1,2
022f9b3cfd91,0.26445461794615044,0.5497989973896895,0.1567054055381263,0.02904097912603364,1,0
02401e15e783,0.11432797934376478,0.7021501571017892,0.13858167686577902,0.04494018668866678,1,0
0287079f5a1a,0.4377160297916644,0.1486830781589133,0.19623975079652228,0.21736114125289974,0,1
028b79a357d6,0.10658188567520724,0.5851151976778938,0.25857471323259623,0.04972820341430261,2,4
02a0fd4d10d6,0.6765909915211101,0.1405127622728415,0.10694869516055508,0.0759475510454936,1,2
02accd5bab1f,0.7520555595418037,0.06648710186745253,0.11017393735346567,0.07128340123727793,0,3
02be71f8212c,0.14131035649274537,0.5285813816257358,0.22150912928964306,0.10859913259187566,3,3
02bfa5949092,0.10469653830503173,0.6798516635826595,0.1455386770207576,0.06991312109155103,0,0
02e31620e4e7,0.19707376060684834,0.5484263484938112,0.2124211220800724,0.04207876881926848,1,2
02e6db1dccd4,0.041820555953441134,0.611153935896514,0.27469698469307174,0.07232852345697328,1,2
03169bde8e0e,0.12880321343262324,0.561717814360522,0.22927018162123994,0.08020879058561436,0,2
03295f6c7460,0.3157360229849981,0.3933997022622167,0.2344376070776118,0.056426667675173174,1,0
032c262f65c0,0.7482618057963905,0.08761411356907274,0.11335895594926232,0.05076512468527471,0,2
032d9cc1e0ef,0.04841787395115409,0.787671420963879,0.11602659281595441,0.04788411226901214,1,0
03461d2a218f,0.1631892983389418,0.5673673754524075,0.12716044034238275,0.14228288586626783,1,1
035c61ec21cb,0.4153057402912014,0.19479040540003045,0.28151234280998905,0.10839151149877915,0,0
0369e0385796,0.023631957492427535,0.8481401238573052,0.0782995182463688,0.049928400403898524,1,1
038124609f4c,0.5191135460867947,0.16418088615848356,0.17123007692800696,0.14547549082671468,0,4
038891a2ca57,0.06460695216639056,0.7153016427110779,0.16664303603521147,0.05344836908732003,2,4
03920c119b2b,0.1091481864546869,0.6653769449626089,0.17630503911639575,0.04916982946630854,0,0
03a549fc0402,0.11482797960132539,0.5331307427676226,0.2514986732457719,0.10054260438528002,2,1
03c62bc287b6,0.6605931835199962,0.16082672500120385,0.12153849411209597,0.057041597366703785,3,2
03c8c9fe62ba,0.7721373031802691,0.06973104830570376,0.11873275602186234,0.03939889249216504,0,1
03c94694e41e,0.09116819968741371,0.6750896772209076,0.1823125416968928,0.05142958139478586,0,2
03db5dc7f1a2,0.5758497572221407,0.18844409524666994,0.20075434610123635,0.034951801429952946,1,0
03e9959341af,0.7605752905545279,0.08329490519469836,0.11521176800852294,0.0409180362422505,0,2
03f7a5f8d8ea,0.1514855263930385,0.4572467113251141,0.25983876987487864,0.13142899240696918,1,0
0412ac22af28,0.02242002049580618,0.7523868553668203,0.1649423451566935,0.060250778980680236,2,0
0428b590379a,0.07458712720122636,0.5680422451541105,0.20138598738167393,0.1559846402629895,0,4
0444a957bb4d,0.1487134462329542,0.5617202915774242,0.19419075566313398,0.09537550652648748,3,1
0447a64e5813,0.5026681386116544,0.14029418676441555,0.28110374521585285,0.07593392940807714,3,4
0455eeb9fbcc,0.38359421509695424,0.21795434080373202,0.2857099860800479,0.1127414580192657,0,2
045762d32a15,0.027213835022598953,0.8130662096516128,0.09438096868641876,0.06533898663936974,1,1
0478ead3b8c2,0.23238513934839558,0.46765896879631913,0.24416811605990416,0.05578777579538147,1,0
047b450939fd,0.08820668935687341,0.5589282174931606,0.2846300063842048,0.06823508676576127,2,0
0482ed7dda6e,0.1305974867429349,0.5449370622146784,0.19187762367177816,0.13258782737060862,1,1
048616ba3fe3,0.14219953391965798,0.6212226001647295,0.16869603992139998,0.06788182599421269,0,3
0490450d954b,0.49630628224806084,0.17538317271390358,0.24318193135807278,0.08512861367996293,3,0
0490565dc4c0,0.14314986933408444,0.60870961218579,0.1226784008308457,0.12546211764928003,1,1
04e04b1e22c5,0.16449687827915205,0.48186652067009483,0.23024476405230643,0.12339183699844668,1,3
04ebc4466923,0.6592996841417306,0.15916087457748396,0.11822798852187545,0.06331145275891017,0,2
04f115f14e1c,0.06568643523861963,0.7360574011075788,0.1535778464327863,0.04467831722101561,2,1
04fc265a693e,0.07083158220231463,0.6796361066677621,0.17373933932075267,0.0757929718091706,2,2
052693d6dfff,0.5056320194590109,0.17143177945507224,0.20998588025102297,0.11295032083489386,0,1
0550e5868e2d,0.013511320893431373,0.8647469659416508,0.08657602502643671,0.03516568813848116,1,0
0556cdfa7299,0.4528384708160526,0.38093491503955884,0.11889343052569974,0.047333183618688615,0,2
055f0253e5cc,0.0348883316139419,0.7422445201703076,0.18548874960853812,0.03737839860721233,0,4
056126fb6e9f,0.2326030944603136,0.3970071479654427,0.247858052485348,0.12253170508889566,1,4
057c02a959f1,0.07164483131776177,0.6422539523774946,0.15112735746247907,0.13497385884226487,1,2
0586a3fc149c,0.6219400889144394,0.1730002987285846,0.12741548920820353,0.07764412314877243,0,1
0591d7b2d734,0.2738868744964856,0.31165384827759085,0.3671736774502621,0.04728559977566153,1,0
059f8765a1c1,0.05466028547485167,0.7963860619655769,0.09140276880709433,0.05755088375247735,1,0
05debac9c652,0.1516844966433061,0.6352511152926203,0.14196401932705718,0.07110036873701611,1,2
05f00e9a126b,0.140957729551085,0.6187643313546037,0.16710191448839823,0.07317602460591256,2,0
05f42286c7a2,0.2169313044838599,0.5854814595172886,0.1386858736249173,0.058901362373934237,3,4
05f85b86cdd6,0.09615751880004401,0.6576252163920923,0.18755086432323728,0.05866640048462657,1,4
060ed64e8ea3,0.08859999413637933,0.6888648994530023,0.15941746380868366,0.0631176426019347,1,0
060fbd1293ee,0.8176600201230285,0.050238094102716985,0.0932733484780981,0.03882853729615643,0,4
061d2ddaddd1,0.04171776905636375,0.6601185019871862,0.2164815259934204,0.08168220296302971,2,2
065a7fafe1a7,0.057478923924170304,0.7493872710799785,0.13464998009589124,0.05848382489996007,3,4
066b12d875eb,0.06598383694704912,0.6907595185009392,0.18152894227458427,0.061727702277427035,2,3
066b28c3eb1e,0.6779819280308516,0.15853167778440733,0.11245258797682356,0.05103380620791756,0,1
067d0d1495a8,0.3787176378628401,0.38583602590855226,0.18928271645805486,0.046163619770552965,1,2
0680d8beb75f,0.07984026430432009,0.65906233695399,0.16101124218020912,0.1000861565614809,2,3
068be3f82883,0.1777591753771095,0.42966641969890146,0.2771875341816827,0.11538687074230641,1,2
069f0610c6e5,0.2556565325883904,0.5648592179609907,0.12525611948707635,0.05422812996354302,1,0
06b01b8935cb,0.18367582766919185,0.48687334888880746,0.2509808644289418,0.0784699590130589,0,1
06b55d23496f,0.5539170665977604,0.21199390012887714,0.17118705317218186,0.0629019801011805,1,3
06dc92c4302a,0.4782340994855939,0.3697499833569728,0.11800111939055609,0.034014797766877145,1,2
06e5fcfcd2f8,0.5230791391236155,0.1622621295144044,0.22366368744852522,0.09099504391345509,0,4
06ee997f0ba0,0.06484214819771271,0.5500891038632434,0.27531743805964887,0.10975130987939495,2,3
06f711c020a1,0.19172024098261645,0.6044361647101797,0.15863168462686358,0.04521190968034003,2,4
07096154447a,0.09000380432415075,0.5408933621029798,0.2827913156067111,0.08631151796615827,1,3
070cbb72137d,0.7255884253873742,0.09221889638874786,0.14123649371288527,0.04095618451099256,2,1
07110539dce9,0.2317383631581405,0.5398266903546738,0.1777108296482564,0.050724116838929544,1,2
0717c8ac304f,0.044863930360661705,0.6116517675779459,0.23529305376216225,0.10819124829923037,1,0
0718a591b693,0.23553541974690165,0.4014084340375092,0.238104986159249,0.12495116005634005,0,4
0725e859c8de,0.11290423944802955,0.6393881203386237,0.19426550525373018,0.05344213495961685,0,3
072ae7beb987,0.8154402738979278,0.06938441207879198,0.07546324736362774,0.03971206665965263,0,4
072f2a6a3afe,0.21392074109304932,0.4910021649841205,0.20638911729047218,0.08868797663235774,1,0
075544a7881c,0.02435433432688254,0.835141230448906,0.1017849178061548,0.03871951741805692,1,1
076451eaa633,0.2823905999085168,0.452156984854448,0.18771579587196177,0.07773661936507338,0,1
0786e68c8c8d,0.7452490077181559,0.07504095364219468,0.10358024491539201,0.0761297937242576,0,2
078e02e7614f,0.5702289246271726,0.21864336329224277,0.1496295791164541,0.0614981329641305,2,4
07908d53db2b,0.11135567623389687,0.5919073875637136,0.18253237011946882,0.11420456608292033,3,2
079e0cefd391,0.2524453178953634,0.3300766545122519,0.3185104889997237,0.0989675385926612,1,3
07a2358b4e59,0.46104327985950017,0.1985780325624425,0.23005442933397857,0.11032425824407882,2,4
07ab05ea79fa,0.07345047742347603,0.6867512308270174,0.18495858271575874,0.054839709033747686,1,2
07b01d3eb9d2,0.1512532242663175,0.4979033979279597,0.23757668871867724,0.11326668908704601,0,3
07caeab1de20,0.1252485011608016,0.5206289758975351,0.2831511547188031,0.07097136822285988,1,2
07d5f3e47055,0.07419515521037706,0.6214716746472767,0.2573704412887003,0.046962728853646024,1,2
07ee38c90625,0.11333660153202345,0.41898873519457885,0.2497731830959937,0.2179014801774041,0,2
0809cb7a5f38,0.7193914548230527,0.07183311605589429,0.08703651709253832,0.12173891202851493,0,2
080c164369e7,0.0721979694857968,0.6229186241154222,0.15954322833646004,0.14534017806232097,1,1
08277cefd028,0.5189093837909542,0.2543912665644723,0.12322056922495228,0.10347878041962126,3,2
082f133bd70d,0.07436293359484068,0.715999240825927,0.12089916522855099,0.08873866035068123,1,1
0833353809f6,0.5194172830657479,0.22162217898136824,0.21316899933899972,0.04579153861388422,0,4
0845243089f8,0.2973240683930588,0.48712156850149124,0.14484599074180018,0.0707083723636498,1,4
0846afd21193,0.308162481246378,0.4289626909243395,0.186939262007749,0.07593556582153345,1,1
0847b3407f85,0.5413491988738302,0.25265404611742687,0.11560331053584873,0.09039344447289438,2,2
08493873ea34,0.04875629006533392,0.7767288512313886,0.1311178087700878,0.043397049933189644,1,0
0862f314ec92,0.813285888672942,0.05935382421672789,0.09123401909577263,0.03612626801455762,0,3
086f0ab55636,0.17979687776737227,0.44406503772115924,0.24695745920639994,0.12918062530506857,1,2
0878e798a4a6,0.0544821578014006,0.6681868108594232,0.20469945977825701,0.07263157156091929,1,2
088317a7f035,0.028240936392358973,0.8328022738622983,0.1100383846216833,0.02891840512365933,1,0
088665db15b6,0.434067805545689,0.30843637678893104,0.15612582894792892,0.10136998871745105,2,1
089b1ed81bba,0.08122236340342652,0.45378922710713726,0.37660413228380374,0.08838427720563227,1,0
08aad9bda74f,0.47119412475728284,0.255688244941648,0.17715015648929663,0.09596747381177272,0,1
08b3ed9bd8ff,0.12703982292257315,0.6224697265250302,0.15696617213270986,0.09352427841968647,2,2
08bf9775ebfd,0.11178878986775322,0.6159057716736249,0.1711500625982405,0.1011553758603812,0,0
08c27d332b66,0.0717774450627818,0.6479857791243614,0.19483196082352428,0.08540481498933233,1,0
08c7df1f8eee,0.5468431292525598,0.1703089902969057,0.19963371468337557,0.08321416576715872,0,1
08d64eda9bab,0.3331049826423698,0.2862412180789552,0.3091474780314324,0.07150632124724259,1,1
08e2e4a4410e,0.0380867570170686,0.8658545815532356,0.069357127768171,0.02670153366152487,1,4
08ec6f5aa0df,0.18230534829158687,0.39533648776812164,0.3122906769283355,0.1100674870119563,1,1
08ee3bc2ae53,0.3491536730094815,0.36457999251263845,0.1905510113288401,0.09571532314904006,2,3
08f053401845,0.08350799963350831,0.6563976392075526,0.18233926045535254,0.07775510070358665,1,4
090c33962b67,0.10552990194730735,0.5420062350275091,0.24376634123747556,0.10869752178770807,1,3
09249d4b7b53,0.4750866972788888,0.2119200757305675,0.21151877495823007,0.1014744520323136,3,2
09419c95273e,0.0677837275693141,0.602803234898329,0.21962703641067247,0.10978600112168421,1,2
09539e4d58bb,0.10454562956708885,0.5521298956272744,0.22488684012933674,0.11843763467629975,2,0
095a25cc191d,0.6991646624403682,0.13011650674309436,0.12542462483049166,0.04529420598604595,0,3
096061261805,0.5353935284938452,0.1934633395419033,0.15999254093567386,0.1111505910285777,0,1
096c4eb10909,0.1938581747926704,0.4600422813520523,0.27618207638893266,0.06991746746634472,0,2
096eae67f478,0.5951324867588269,0.20116613615063667,0.15153659767389172,0.05216477941664473,0,3
0983897d389c,0.4595510437229926,0.33515993590946835,0.13174650327932266,0.07354251708821649,1,3
099f710eacfd,0.031933972676366294,0.793803191547363,0.12648258841506044,0.04778024736121043,1,3
09a6c1515372,0.1895923481473666,0.5070331852848152,0.21852552324698804,0.08484894332083005,0,2
09aa1559bcd4,0.16836984659579973,0.5479669326448089,0.22526724261427727,0.05839597814511416,2,1
09bb2eb902cb,0.09004426840869348,0.5931371447156164,0.19571444360654577,0.12110414326914425,1,2
09d8a69657ab,0.28550691387225946,0.45323744804476834,0.1969741183747707,0.06428151970820142,2,4
09dd3b736a69,0.0825097112225086,0.6635101016125552,0.18037398840238064,0.07360619876255549,1,2
09eff3975c81,0.17328087984378343,0.6206927700472393,0.14014645806135986,0.0658798920476169,1,2
09fb4da6ca2f,0.24105388431092076,0.5363015039146704,0.1753035302290277,0.04734108154538092,0,2
0a1a3dd9e738,0.734232796698278,0.10227819442360196,0.12370734392662851,0.03978166495149128,3,2
0a256a4617e8,0.03457128415052923,0.8005650885992288,0.1309306157878275,0.033933011462414606,1,2
0a29d44f380b,0.1326041173395446,0.544567355088763,0.26838656903880737,0.054441958532885026,1,0
0a316256e7b2,0.05152940359642605,0.797448716804687,0.11561908223442377,0.0354027973644631,1,3
0a3cd97f740b,0.5033456542910809,0.26146640701576646,0.15476290064342801,0.0804250380497244,0,0
0a49309fc682,0.1961069276876891,0.39019343963545283,0.28255518420166786,0.13114444847519022,3,0
0a54c691d360,0.26849139434977404,0.4204153106833311,0.1527057078204294,0.1583875871464653,1,0
0a5b9e289c44,0.15361624450186534,0.5784644070448497,0.1922530270621977,0.07566632139108732,2,3
0a763df67cdc,0.0907779320323767,0.550712755233194,0.25563965411622114,0.10286965861820818,2,0
0a903dd7283d,0.045172938379150276,0.6807406274038577,0.1883436653987844,0.08574276881820767,1,4
0a9169b86b81,0.12843885244070596,0.643100948424362,0.1879535723435822,0.040506626791349865,1,1
0a95fd575cf1,0.29424796144087406,0.25221023400239,0.2853786358737114,0.16816316868302458,0,2
0ab744a0db95,0.4912067720311983,0.23647275538407128,0.176611651273061,0.09570882131166965,1,0
0abb818755e4,0.08613504571571975,0.5543520216125569,0.21635096914855445,0.14316196352316912,3,4
0acf45b01bdf,0.144173791552731,0.5499026469851672,0.20515113473216495,0.10077242672993673,0,0
0ad39f5b94c1,0.047344269675700004,0.7564734883677157,0.12207221851532704,0.07411002344125749,1,3
0adaae6adf1b,0.271012487115384,0.5412931646185013,0.15094624920566468,0.036748099060450075,0,4
0adca2b37fe5,0.6955811071732785,0.09659083782642129,0.14744526317601298,0.06038279182428695,0,2
0adfd8d6f010,0.060430653162475666,0.6683889255491788,0.1824921659774752,0.08868825531087023,1,1
0af232c221f8,0.49392545785185443,0.2260985490540758,0.19241104928242989,0.08756494381163965,2,3
0b0449d32b66,0.11236250084890183,0.39721150070117217,0.2157681635514447,0.2746578348984813,3,4
0b152dc8af83,0.08819488824895498,0.6072320719825863,0.20053556817455956,0.10403747159389924,2,3
0b1671929731,0.08707995383208697,0.6047059167495447,0.19953468768306626,0.10867944173530178,2,3
0b19774105f5,0.70304680232287,0.09274795555068527,0.13731560782432103,0.06688963430212394,0,0
0b457ab68e89,0.6754379945161287,0.09817470768248837,0.19218596289442386,0.034201334906959424,0,4
0b462ace8c37,0.11155588348208784,0.6827390492693937,0.15719261741183935,0.04851244983667886,2,4
0b5593ee3915,0.04738782737566847,0.7693820912665521,0.12683973029121948,0.05639035106656005,1,3
0b58306a56c9,0.20395766898864215,0.4447051817756838,0.2790763558634578,0.07226079337221608,2,1
0b6a57fb8aaa,0.1584635584753699,0.4132268139119086,0.3172779885002106,0.1110316391125112,0,4
0b7a0022dbc8,0.07013282979139702,0.6673392364306896,0.19097890330947023,0.07154903046844328,1,1
0b89a95b6733,0.1279230999739616,0.6404621660320802,0.1762574917344413,0.05535724225951685,2,0
0ba072188224,0.025198565036235427,0.771325139650896,0.13956586495495132,0.0639104303579173,1,3
0ba55e5422ab,0.6603132370821547,0.13858326212433847,0.14558641402892017,0.05551708676458651,0,4
0baee5ac23b2,0.16209252236752578,0.4997152686905459,0.18666436955845261,0.151527839383476,1,1
0bc5db15a5b8,0.29984022072694777,0.5348520381771706,0.13477132293004188,0.030536418165839796,1,1
0bc9b8eb7ead,0.29633010939584475,0.21480632252235496,0.3048436364295673,0.18401993165223313,0,3
0bdd22c68e47,0.053061877482217024,0.7514599797327439,0.1496145764674813,0.045863566317557634,1,2
0be731313053,0.6668708244639506,0.10756403656002117,0.17747222364678172,0.04809291532924715,1,4
0c19eb129296,0.2026541207806488,0.4229664880215842,0.29121447410022466,0.0831649170975418,3,4
0c30a9ded310,0.4207687925053199,0.24758936689873506,0.24553069806651182,0.08611114252943335,0,1
0c329e5c3715,0.3322431101113308,0.43142508549951436,0.14771893606293435,0.08861286832622052,0,3
0c3d6d108e07,0.046536868727332335,0.7522818889029288,0.1539172033727831,0.0472640389969557,3,1
0c4be0c6f78c,0.049705719862454756,0.7053078393278869,0.1466715226770804,0.09831491813257799,1,2
0c5c7da459a3,0.36697528327248174,0.28136787042882405,0.29945341152605764,0.052203434772636295,0,1
0c6ef19c59cf,0.1267758775589332,0.5340817589184749,0.23676857519731717,0.10237378832527473,1,2
0c7570079a16,0.49805511313443507,0.3285825418631326,0.12639266436648353,0.046969680635948814,1,1
0c795288aac0,0.25992015460814955,0.3730207201583161,0.23326307253913986,0.13379605269439446,0,3
0c890190c894,0.10936697942369336,0.6574453248663952,0.14809241981589943,0.08509527589401189,1,0
0c9b15035c41,0.17865879452460062,0.6064014234219964,0.15009429547301567,0.06484548658038725,1,1
0c9f6e26f5fc,0.09500114482359047,0.5636928833099334,0.228660161283459,0.11264581058301727,2,3
0ca49b5d2be4,0.16971002486255757,0.4104090005513554,0.31679904129336833,0.10308193329271871,3,2
0ccf6bf856e5,0.628667253490536,0.13948579741922065,0.12644421567998254,0.10540273341026062,0,0
0cd5e635c50c,0.466969359084195,0.3299018846073958,0.13194914142491734,0.07117961488349211,0,2
0cde09614efd,0.16236168836299866,0.4539881181997527,0.2955978169689356,0.08805237646831288,1,0
0d12c6a46f62,0.07328209570758397,0.5350398173780423,0.3340750760184676,0.05760301089590668,1,0
0d1626be72d5,0.4893492037633381,0.21854741183666498,0.2198002315007317,0.07230315289926521,2,3
0d19a07bbff0,0.1356173574355535,0.4938979244667039,0.25718077589869237,0.11330394219905027,1,3
0d49a20737e8,0.6577401328902669,0.07707266922250632,0.1293603029363508,0.13582689495087638,0,2
0d4f4da9dda3,0.501385283221157,0.22664926336498345,0.17511422583278083,0.09685122758107868,0,1
0d5082a9a044,0.03631497889387542,0.6383698743344651,0.2032060249000838,0.12210912187157541,1,2
0d6d3f946d7b,0.07267721807577057,0.6138561458256301,0.19150041117674002,0.12196622492185938,1,4
0d6d908b3a21,0.07375630662427261,0.5855012157589076,0.22914154397237393,0.11160093364444576,3,1
0d806ffe4e77,0.5432728385583866,0.18894168165714526,0.2030534880775146,0.06473199170695365,0,0
0d88a0777808,0.027237363597386537,0.8567231575365076,0.07761192982722918,0.03842754903887672,1,1
0d8d0ec75a82,0.452479994682476,0.20997047614434827,0.2108986827241275,0.12665084644904845,0,4
0d962bb4c9f2,0.5243295278167376,0.1440139174786745,0.1948383272285758,0.136818227476012,0,3
0d9709b3af74,0.35106019600606375,0.348365417225029,0.16446342993679386,0.13611095683211322,3,0
0d9ebdd085fc,0.04682945033167041,0.6690366908032399,0.13869172066074587,0.14544213820434373,1,2
0da60a794140,0.09325448592755672,0.7039319274577154,0.1378726000245895,0.0649409865901381,1,4
0dad96d7bb42,0.33942580442937526,0.44986332423204184,0.1502396268316752,0.060471244506907725,0,1
0dbfffc14b06,0.084555250857661,0.5307862797365681,0.24324255876330697,0.14141591064246395,1,2
0dca97b508f0,0.1801883533404769,0.31028368471869944,0.3419631012650236,0.16756486067580012,0,0
0dccf6c8a734,0.058678435755222885,0.7769431925762202,0.08547104790672867,0.07890732376182837,3,3
0dda3b2bc0a2,0.3177340881004141,0.5003145148854797,0.14303225768466823,0.03891913932943767,1,1
0e073fd45001,0.6111236925306427,0.16542963245017905,0.13808876606744278,0.08535790895173538,1,2
0e1701865c35,0.06660776184079649,0.7898672905026267,0.11602274958281905,0.027502198073757325,1,1
0e2a0ec6533d,0.4157863826694129,0.3110535116978386,0.1283284219260139,0.14483168370673472,3,0
0e3c57f50255,0.10319687232410069,0.5872190389426007,0.22923263032290167,0.08035145841039672,1,4
0e3eff99adbc,0.030956649130142375,0.6203183348867265,0.20078837228336782,0.14793664369976336,1,4
0e4c41d96006,0.7769752628618698,0.07876541485536148,0.09091413284626425,0.053345189436504376,0,2
0e62c82c7975,0.10308534496451265,0.6645442611439653,0.1783236112958299,0.054046782595691935,1,1
0e63ba149294,0.029965796963296553,0.7922623037636448,0.1278090610682934,0.04996283820476488,1,0
0e698a56dcd3,0.7751463393881847,0.09029630720110186,0.09177843052467045,0.042778922886042674,0,3
0e76983343a5,0.5290815925596472,0.21905758021115698,0.18501205628077683,0.06684877094841885,0,1
0e873e593a75,0.0972946357348379,0.6606489710856279,0.19087471636937148,0.05118167681016265,3,4
0e89eeeb5eef,0.0439673695145133,0.7834805430356044,0.12531314618761763,0.047238941262264876,1,2
0e908a012691,0.1428554848128252,0.5974798244147307,0.15804691580663052,0.10161777496581417,1,1
0e9bece7e297,0.1252719176239122,0.5592385231423425,0.19834001928727218,0.11714953994647334,2,0
0eb98db06f45,0.29484187383380106,0.4735891893774414,0.16683652649103464,0.06473241029772311,1,1
0ec2cfa1e0ea,0.1662524382330208,0.43135057667222393,0.2513146476315718,0.15108233746318342,3,3
0ec2edfe7846,0.11416208039337054,0.6298211405703747,0.1615247945943438,0.09449198444191076,1,1
0ee1a62438bd,0.126392714340475,0.588977949953513,0.21719277902890027,0.0674365566771119,1,2
0ee703df04a3,0.32960223974542824,0.4220813904188025,0.16417278300076021,0.08414358683500928,0,3
0efc048f9f22,0.4244441436444394,0.3177639691123125,0.16592810444814357,0.0918637827951047,1,3
0f0cda6d8d62,0.7874297737927095,0.07122766722752513,0.09758441069449617,0.043758148285269194,0,4
0f21dc4d6a38,0.06812303962687846,0.5408816909294527,0.28755000822355703,0.10344526122011213,2,1
0f2816e59e90,0.30256829582648354,0.30062112010263764,0.30461223342943095,0.09219835064144821,0,0
0f3963b5b9bc,0.10104281981608226,0.7202659832673203,0.134033661672492,0.04465753524410589,1,0
0f61a1f7ed0a,0.06608314410490282,0.4389054215421781,0.31871838069947006,0.176293053653449,2,2
0f6b7e2b8dd9,0.6876206131574333,0.09613452634751653,0.14171955714125734,0.07452530335379313,0,0
0f712cf8a226,0.5648584064156756,0.16724926248006394,0.18524435989078064,0.08264797121347996,0,2
0f86f48eeeac,0.07424244106534408,0.5845551305332315,0.23251417312750472,0.10868825527391966,2,2
0f903cf7e724,0.5525735387330734,0.17245181668379606,0.18115632768390638,0.09381831689922435,1,1
0f98e00ec7c1,0.7456978172193518,0.10913133497218948,0.10524942124124251,0.0399214265672162,0,2
0fb43e2250de,0.5093488580695361,0.2294246021192699,0.18223955794140198,0.07898698186979228,0,2
0fca95b2e96f,0.188483672917826,0.44050415899813083,0.18866235551276586,0.18234981257127708,0,1
0fd2db233deb,0.0690798503686187,0.5864646752050572,0.23484428957222245,0.10961118485410172,2,3
0ff3c25a854c,0.04457970148575037,0.6176728511622047,0.2147583795901426,0.12298906776190237,3,1
1011cb42537b,0.19742033643353135,0.5883100641328685,0.16584792715879634,0.048421672274803804,1,1
1014eb974c52,0.25550140333543564,0.32618549799005486,0.23927754197118445,0.1790355567033253,2,1
101c3d954b1a,0.49165527220211314,0.25099796275265346,0.14836975949583303,0.1089770055494003,1,0
10210984c4e3,0.718531396683632,0.11852591560774099,0.10860885157790104,0.054333836130726273,0,2
1023832e4df5,0.03663817210088243,0.8356260008583113,0.09890398435882652,0.028831842681979865,1,3
102b9bd43e3f,0.15722823366460506,0.4787467500534873,0.20789007970315523,0.15613493657875252,1,1
1057c264185b,0.18286438209576464,0.45713926496478996,0.28719504636833937,0.07280130657110616,1,3
106749939445,0.18936370674257952,0.47632254385903555,0.18871121447772676,0.14560253492065825,0,1
109cf108fd45,0.04818233257387234,0.6728289469740645,0.14620915767842083,0.1327795627736421,1,3
10b0f0913b0e,0.36621376330340927,0.269273926074311,0.23986955732542617,0.12464275329685366,0,3
10b30a720c5b,0.4424218707665333,0.25335294686527404,0.23612473826054417,0.06810044410764869,0,3
10bd268ba723,0.07509688489494368,0.6714097679529927,0.1975973190976205,0.05589602805444301,1,2
10c04ba1bd2b,0.09876946884635658,0.6888457348573506,0.16748478693989327,0.044900009356399366,1,0
10c4ff4c9059,0.12121209376172541,0.5924042039934379,0.19931199400355942,0.08707170824127748,2,3
10e35f64fc16,0.14431329186766698,0.5703396436296807,0.22565633475576266,0.05969072974688918,1,3
10f0d04d472c,0.7430425158615002,0.06259786382405579,0.11967672361471575,0.07468289669972814,0,4
110f748ac87d,0.658652270761103,0.11714568584985983,0.15469758306119152,0.0695044603278455,0,0
111796da8caa,0.30548482613739525,0.42508209948976267,0.18311622008183817,0.08631685429100426,1,0
111f1af1c3da,0.20465449142946338,0.5227201324947375,0.2059969396682397,0.06662843640755939,1,2
1124139f32e2,0.06059336166968053,0.7572282767289065,0.10567511862596034,0.07650324297545266,3,2
116aee0c66b7,0.2777220098060999,0.39366730369280073,0.21205341536845046,0.1165572711326489,1,4
1179757bcf68,0.3140031648797608,0.49199326009624955,0.13809158893886264,0.05591198608512717,0,3
1181dd47fe5c,0.13646578713297214,0.4947432788940132,0.1864995696160894,0.18229136435692536,3,1
11858d1119d0,0.6125762020055537,0.2168339087657421,0.1398972741940906,0.030692615034613846,0,0
11961f06a9b0,0.11277625331373807,0.6653706666262662,0.1539275401730414,0.06792553988695402,0,1
119f1eff7a08,0.09333627410036395,0.5238212815698207,0.29121332437109915,0.09162911995871616,2,0
11a47a5bfa3e,0.09910429954644773,0.65581850459843,0.19360006639570979,0.051477129459412546,2,4
11b52fbe26a3,0.3181558825728599,0.19409344097704695,0.31374078918857257,0.17400988726152053,2,0
11d06f38e6c7,0.2013473475115737,0.41263671798129836,0.2881293383970629,0.09788659611006513,2,4
11d1ba716865,0.2909537122519532,0.47910490569875414,0.1749281978473465,0.05501318420194624,1,4
11d3ee227030,0.05578162642873536,0.7647719329613828,0.11950276742648817,0.05994367318339343,1,1
11d461e08258,0.0969887036956097,0.5210505826741765,0.2720454315176974,0.10991528211251636,1,3
11dbbf7b8061,0.3552541424312915,0.4190686145713414,0.1336925195405743,0.09198472345679273,1,0
11dd0dac0097,0.09407561223354706,0.6264893743740263,0.20061879922805712,0.07881621416436944,1,2
11fc7a6b1309,0.5984124991089383,0.0900087728298755,0.2122267784589432,0.099351949602243,0,2
122d8eb18755,0.06225375715952093,0.7806044951561798,0.12900854827340008,0.02813319941089896,1,3
12435b432178,0.16416514741850483,0.46372316458534596,0.2800187700609143,0.09209291793523493,1,1
12466f93afc9,0.19824161747319166,0.3741645978635075,0.32875539010357363,0.0988383945597272,0,2
1264d1caa4ec,0.1075509780513159,0.6178196048354601,0.21688522338427887,0.05774419372894483,2,1
126aa6f8dd4d,0.0104695846103754,0.8944460986520456,0.060916309012531235,0.034168007725047946,1,0
126bc37fb7cd,0.5669984178112246,0.14950964603577033,0.2332662020380985,0.05022573411490684,1,0
126d0f49608d,0.19498267448732937,0.38149307493447193,0.2358681694316362,0.1876560811465626,3,4
12a7e0fbe115,0.14320616797443175,0.5120418313546706,0.21060192344383774,0.13415007722706007,1,0
12aac2bc16f8,0.7725488407664775,0.047386084499330024,0.13420726791370602,0.045857806820486596,0,2
12d8e3dacf25,0.25603755297727915,0.4919663729165267,0.19865460063083298,0.05334147347536109,0,4
12d985bbeae6,0.633096906595183,0.17901726349700323,0.11722199337112764,0.07066383653668634,3,1
12e41bdbf7d8,0.33891735677579876,0.21080520180990742,0.2711678876947681,0.17910955371952597,3,2
12e8a13330c2,0.7818639055962093,0.06411720871582252,0.12299371317449374,0.03102517251347416,0,1
12eb7f468be2,0.19343861221063696,0.4348414346364609,0.24072704089360067,0.13099291225930146,2,0
12ee3626ff46,0.07858209115316436,0.7050035709831495,0.15402944867250218,0.06238488919118405,1,2
12fdd23605e7,0.41500449687344676,0.1978482098497823,0.2902054829896987,0.09694181028707197,0,4
12fe5d33abc6,0.1434628151654623,0.4877667000043088,0.2803818866459974,0.0883885981842317,2,1
1310de79e289,0.37704969443966596,0.4329048107858383,0.11960255819217362,0.070442936582322,1,2
1311dd0e5c64,0.0880011522026752,0.691841295734865,0.1336619997798039,0.08649555228265583,0,4
131bc41b0023,0.1713585475460734,0.5747780643523203,0.19762799137043627,0.05623539673117041,1,4
132141473871,0.04155243603231326,0.5921569798557995,0.29970083831245703,0.06658974579943011,1,0
13320f26da3c,0.15025151742461168,0.6040178248856019,0.19141489735732944,0.0543157603324569,1,2
133a21a5280f,0.024069045164738342,0.7957894090487893,0.12948505491201806,0.05065649087445429,1,4
133f2685856f,0.14463212224175925,0.5591868094902235,0.20756247243743717,0.08861859583058028,1,1
1346f9458379,0.31767082853166345,0.43315760234918177,0.14735974211197853,0.10181182700717599,0,2
13481f97071c,0.06744364965095595,0.5505255809927707,0.30790034797129945,0.07413042138497407,1,4
13787cd0a611,0.04658659006816702,0.7203047611739011,0.19353081333529215,0.039577835422639825,1,1
138be234cb3c,0.34319520546946025,0.32711303040405654,0.2894057545823874,0.04028600954409597,1,0
1392a9bbcbdb,0.060702378457774535,0.7466231181012606,0.16245693477485554,0.03021756866610944,1,0
13b60143c0f5,0.06332769094500575,0.7637383416835468,0.14273422956364884,0.030199737807798444,1,4
13bd1f239046,0.6144639221639054,0.21014853081147156,0.1503405778882069,0.025046969136416252,2,0
13ce825a3cf7,0.16168106680098315,0.6320220920971088,0.13975194705413288,0.06654489404777544,1,1
13def796c64d,0.09711552937625446,0.6193673959453128,0.21488710548771028,0.06862996919072223,1,0
13e21ab810f1,0.4469680529136136,0.22972865703712753,0.2831406731248992,0.04016261692435955,2,1
13eff8f19efb,0.2582013216887745,0.38007736753389887,0.25680164474538486,0.10491966603194172,1,2
13f1e5778385,0.0814905939439256,0.640086765870161,0.21197253185680479,0.06645010832910854,1,2
13f212585f43,0.20745225901720202,0.3423296379313531,0.36773138364128277,0.08248671941016178,0,2
13f84be4b729,0.05621590726726974,0.7858034347710838,0.0960611722091664,0.06191948575248007,1,4
14098d7c56bf,0.05321764785104725,0.6995061434626125,0.17130451902844357,0.07597168965789627,1,3
141cfd1cf748,0.43637438667786627,0.222806552473916,0.2682130590016937,0.07260600184652435,2,0
14204d559d6c,0.7444256445709853,0.10441607912315887,0.10635415173345245,0.04480412457240343,0,3
14214ff4686b,0.3022381316380616,0.36874321260366566,0.2250875256630504,0.10393113009522233,0,3
1427ed4ecdf1,0.2989910355355034,0.4381180730777206,0.2266656004813535,0.03622529090542262,0,4
1428fbfc536d,0.5344154020533037,0.1934120828598881,0.22905231437763315,0.04312020070917494,0,0
143c466c5a41,0.17883276385992686,0.37323659195549536,0.2504370376199879,0.19749360656458959,1,0
1452424edbbd,0.17547325551327309,0.5603941409028089,0.19882837217288235,0.06530423141103585,1,4
145a2c752783,0.5245076642578103,0.18286600778117917,0.19593536492102623,0.0966909630399843,0,0
145ea107cfdf,0.10527808839646192,0.6413742857261047,0.17159245019784383,0.08175517567958959,1,1
1468f89958ae,0.2885405187651289,0.48757740380229014,0.14912919827666363,0.07475287915591741,1,4
1496ac223912,0.502983495229102,0.22422725947878777,0.1810904231542378,0.09169882213787262,2,1
14b5805d90cf,0.4336866075664888,0.13282739375549696,0.30403504851820434,0.12945095015980987,0,2
14be42e4beee,0.07438052621292444,0.6190041313805588,0.2386134920526119,0.06800185035390509,2,3
14c938eebb45,0.07551610055802599,0.6649607708759568,0.19110475243205294,0.0684183761339641,1,4
14e56e75b328,0.15586017064826035,0.5195252498163626,0.24213016144664587,0.08248441808873151,3,2
14f70dbb7730,0.12097002845941404,0.5317135524659825,0.23701803449397932,0.11029838458062385,1,0
14fa513dbf03,0.1926163205671363,0.5345598619136089,0.1668240079506443,0.1059998095686105,3,2
14fc1724dc3d,0.12592409130750398,0.6853135604369373,0.1303437425621861,0.05841860569337289,1,2
150c8a29908b,0.41995121697369725,0.3760447019409857,0.16380845567490418,0.040195625410413,2,2
151097927345,0.26386912512549326,0.3769998631670563,0.23852363578795827,0.12060737591949239,1,0
152084ef57a6,0.7002183410025817,0.12045678173806572,0.1307391540324502,0.04858572322690243,0,3
153f72083ac5,0.10533723680803089,0.7166646430964119,0.1362871933120125,0.04171092678354484,1,3
154b47e45726,0.4805234597421046,0.3302699960618638,0.125220600620421,0.06398594357561023,0,3
1553091efbda,0.08102204641049839,0.7682147879625225,0.10397741602245425,0.046785749604524765,1,3
1554e808cb6d,0.24716679471519706,0.40517258746594337,0.22081602892097116,0.1268445888978886,0,1
155b096d1b12,0.6689710476747577,0.13943994475564392,0.11737338956594515,0.07421561800365342,0,1
1565a173b9e0,0.23629286351899673,0.3416199380716442,0.25209925446608,0.1699879439432791,3,1
156e6297a136,0.6098793380248151,0.13399842655656322,0.17970379024290872,0.07641844517571311,0,1
158f4775c613,0.06307906499299881,0.6207519206476952,0.2524284457090517,0.06374056865025407,1,1
1594ca188938,0.09269619366444404,0.5905162674994157,0.21813957959938657,0.09864795923675368,1,3
1595bbc15964,0.5762377432558642,0.14174482135674038,0.18059268188503244,0.10142475350236338,0,1
15987bfb9f6c,0.5885078602480024,0.18814973047876626,0.1769521083875365,0.04639030088569471,1,3
159c607b0f88,0.6177346758524049,0.1992155302631665,0.13253580685314761,0.050513987031280926,2,4
159cbf48e73c,0.0579781766352342,0.7627186577653668,0.13355061054346062,0.04575255505593843,1,3
15ae12f7cfb1,0.14504947189208214,0.445083413604617,0.23917275960256645,0.17069435490073467,1,0
15b667401963,0.04408407435051728,0.7371263376596106,0.15438484578044007,0.06440474220943235,1,3
15b8fbeb41a8,0.029383704714926063,0.6836186024080032,0.16805931021055392,0.11893838266651685,1,4
15bd754f1ec1,0.086730215031949,0.644949150413565,0.21433345635390877,0.0539871782005773,1,3
15cd3787bcc0,0.1914906195194155,0.46816578959407723,0.22612360814444,0.1142199827420672,3,3
15e2f6a8e8fc,0.6823885273213116,0.130692258463464,0.11795643706605793,0.06896277714916606,3,3
15e7f6ecc2c5,0.534855473496011,0.17010768331223203,0.15170124422469766,0.14333559896705955,1,2
15f05ab2d893,0.07481023666102135,0.6210541259103548,0.21393599695466664,0.0901996404739571,1,2
15f599eeb81f,0.11244590404475016,0.48004942667734385,0.2439498559819795,0.1635548132959263,1,3
15f749d8d34c,0.10287790014185332,0.6607807565131856,0.15540418675241327,0.08093715659254826,1,2
15fe7f82b7e2,0.2674808238955076,0.45398127096279967,0.2269199509698184,0.05161795417187448,1,4
160c3b649efd,0.2361850596085224,0.4475941566607382,0.2803513354923821,0.03586944823835767,1,1
160c8b6c7e2c,0.1920700313029374,0.5234516879635465,0.2352316542712888,0.049246626462227154,1,0
161664ae65cc,0.30678954037347606,0.447981967339317,0.18216815499861097,0.0630603372885962,2,0
161875acf5a4,0.26660192446161796,0.3391852510874906,0.29317011756490674,0.10104270688598507,1,0
1618ee0e44de,0.13131044154465152,0.5661824880255665,0.20225299289271914,0.10025407753706304,1,3
161a333c9092,0.03949546222740626,0.8181087250222107,0.10370144951398114,0.03869436323640192,1,4
161d81d28399,0.5151064481371745,0.19344523672878866,0.24679963469108762,0.044648680442949076,2,1
16203f0dd93a,0.5980419650956914,0.1769375458203262,0.18381834947301579,0.041202139610966665,0,1
162b49bd6d26,0.6519608748179844,0.132946843677038,0.13552487644656594,0.07956740505841173,3,1
1665788ce755,0.05601303325570405,0.6844869147377065,0.1469790853847018,0.11252096662188753,1,3
1674ae57f764,0.6419621642036895,0.13973034332510723,0.1614376064554661,0.05686988601573689,1,4
168dddd3daa1,0.11535983850505992,0.38700038295018124,0.33674745001134826,0.16089232853341065,1,1
16954003ded9,0.664459817813681,0.13982332307034173,0.1381153286370771,0.057601530478899925,2,4
1697e617266f,0.2406576576071095,0.48993045500498367,0.23888821140769645,0.03052367598021011,1,4
16a13141a4ec,0.04251223313007157,0.7212356376593574,0.18729131037613803,0.04896081883443322,1,0
16a9737d2dff,0.5551012590421632,0.24407304576919361,0.11344158683472885,0.08738410835391439,0,3
16c0b52e5fa7,0.048315029470784886,0.668921638017226,0.12889667949758876,0.15386665301440033,1,1
16d98c50e843,0.040146884464098836,0.5619743642540442,0.27792253281182133,0.11995621847003589,1,4
16fbc834dda4,0.25271443900026136,0.47918583818515487,0.18382594451616463,0.08427377829841942,1,1
170ac27f26c2,0.010129847579627439,0.8523163153008486,0.07402864316828364,0.06352519395124023,2,0
172e2caf0eb4,0.22958773656710071,0.4515397549724629,0.20611601318104375,0.11275649527939251,1,1
17493bd373b8,0.11430436936064345,0.7119967666973592,0.1389808663830065,0.03471799755899077,1,3
17577170d7ca,0.5921991820056842,0.15140579555755385,0.19968720066664053,0.056707821770121195,0,2
1772697538d3,0.42369721906545554,0.3637975471502831,0.17493704325022183,0.037568190534039675,0,2
17a89ce1e5b3,0.7201492097019536,0.14588642533334661,0.08959781573558492,0.04436654922911491,2,2
17b73dde4491,0.16465232787755288,0.6313077973073383,0.11542394831419701,0.08861592650091214,1,2
17b7d506e666,0.03778615930795208,0.7155180205635895,0.15731672395206528,0.08937909617639322,3,1
17bb0bdd2f7b,0.09818080212578488,0.6357866425387387,0.21186715352165655,0.05416540181382017,2,1
17c04e889fdd,0.7332473256999711,0.05033529976005242,0.16504782417058597,0.05136955036939058,0,0
17c25c1ffb8d,0.6331706871883462,0.19083081097297114,0.12384860055197199,0.052149901286710515,3,4
17c64a6e2c5a,0.11102750801691397,0.7845907318641248,0.07595940859794072,0.028422351521020413,1,0
17da3bebe960,0.04222826473160282,0.730535648313279,0.1450255730554571,0.08221051389966104,1,1
17e2c13b13a4,0.04219464705025633,0.665440694071777,0.25232692182935357,0.04003773704861296,2,4
17e46fc66a16,0.02488613109351911,0.7486246649019588,0.187866506987352,0.03862269701717006,1,4
181360cf5b3f,0.33892737926982014,0.264201651292594,0.2652980328724027,0.1315729365651827,0,1
18156e6f27e8,0.29058105037242477,0.4337829150705602,0.21585149234857007,0.05978454220844492,0,3
18211ed86296,0.6456871733625336,0.16862575068830646,0.14040849061892005,0.04527858533024002,2,1
184cd4d75979,0.09155032101174314,0.6330641699818993,0.19054525833727162,0.08484025066908624,1,3
185dd4caeaa6,0.03726812876530183,0.8567409864778119,0.0804254052308955,0.02556547952599078,1,1
185ebc0fc39d,0.7989214628830811,0.06125526713170884,0.09430472626016682,0.04551854372504281,0,3
1882d31c20a8,0.02406111524187775,0.6838104333019138,0.20818137692997488,0.08394707452623372,1,4
18a530e6a802,0.22536933515967428,0.4805212329766098,0.20613406792857092,0.0879753639351451,1,2
18a979da66a5,0.10016272746332774,0.45338210672879375,0.22853072557264367,0.21792444023523488,2,4
18bcd9a1da10,0.03782389044089906,0.6855414014489907,0.18364318152563522,0.09299152658447518,1,2
18d48e95755f,0.47816657219903447,0.18988599359739272,0.1718529175126003,0.16009451669097224,0,4
18f97a81047e,0.3063137260201131,0.4860120243373943,0.16701055084767608,0.04066369879481688,1,1
19049e36a56b,0.03305001613098745,0.725153030351615,0.15499038029964451,0.08680657321775292,1,3
190f1d3cbb04,0.06659386623042236,0.7406479707425986,0.14527554144405277,0.04748262158292606,1,1
1914c949b980,0.02284969288455717,0.6997885630377481,0.1706662734639469,0.10669547061374765,1,0
192cb96503cb,0.41966743608554047,0.25987778372373793,0.25426236709757205,0.06619241309314955,1,2
1939753be279,0.07629650446812183,0.6531944517876385,0.2217213530328057,0.04878769071143382,1,4
193d3d99e496,0.13070880035779842,0.5998564183431111,0.15743621326973042,0.11199856802935985,1,2
19406db78215,0.11227446197964835,0.6897432455905661,0.11725330777292449,0.080728984656861,1,1
1942df72cbb4,0.06338657345808194,0.6809366027019663,0.19145102356302587,0.06422580027692619,2,3
1948a0198a86,0.16747445855937507,0.5197404164329631,0.1677978403907605,0.1449872846169013,0,4
1956c85c146d,0.13391403916798184,0.51779000737794,0.22254871149470648,0.1257472419593718,1,2
1964b644d7ef,0.18621952525721075,0.40726678418717444,0.30984854659603134,0.09666514395958337,3,2
1972681565cc,0.18910489718462323,0.4503788523067434,0.27599371673247286,0.08452253377616069,1,0
19905c7259b8,0.45670619951089686,0.23676438144434786,0.1763258969077832,0.1302035221369724,1,4
199ef8aace49,0.6739895908204492,0.14667975948308015,0.12239018295969475,0.05694046673677591,0,4
19a2b2618a2b,0.48284707940976235,0.18591745742076035,0.24893357460523155,0.08230188856424576,3,1
19a69f8ae995,0.04816074174913035,0.7668327858632183,0.1439847191769419,0.04102175321070941,1,4
19c6a6e0cb1c,0.09749355821569422,0.6597055442380289,0.1552154076579063,0.0875854898883706,1,3
1a03f0a16164,0.5270219598790931,0.18070250900886572,0.2066736791822228,0.0856018519298185,2,1
1a0409ee4b32,0.08187971099447042,0.6499659409837855,0.15599946955011676,0.11215487847162743,2,1
1a107c04965e,0.16986976011327443,0.47117097074102987,0.2603717837610285,0.09858748538466715,1,0
1a11cb490631,0.03681468307514458,0.7359924256010706,0.17148824342123567,0.055704647902549205,1,4
1a1a47e328f7,0.08157329547029178,0.5643617517178706,0.2579669099248747,0.09609804288696297,2,0
1a2cbb5c1a7f,0.3157452309869141,0.2856583366471431,0.2568358169692462,0.14176061539669685,0,2
1a3172a2e845,0.6868986854529623,0.09435839194197812,0.14078383390062396,0.07795908870443563,0,1
1a3e729f201e,0.5547179605311154,0.23826084304481193,0.14603605871810538,0.06098513770596716,3,0
1a404401eda8,0.3753148411155704,0.40005486280513103,0.15885831115808208,0.06577198492121668,2,0
1a4b245e03da,0.2991997498858494,0.4661366689486317,0.1585515474356102,0.07611203372990874,2,1
1a53a4506f10,0.19599377977002197,0.28674810810824863,0.30245435790401093,0.21480375421771836,2,3
1a6082c58f64,0.15466197504111737,0.5582609762849576,0.21839547293247458,0.06868157574144994,1,2
1a724e3102d0,0.2498973054852195,0.3657360802296166,0.24196726940532687,0.1423993448798369,1,2
1a8038230877,0.0881623680183717,0.6818653211699617,0.19372483171687863,0.0362474790947879,1,0
1a8733a7c289,0.07215902369141317,0.7094374144231865,0.1779555868679144,0.04044797501748605,1,4
1aa21301e856,0.3822062275546659,0.38376852557797875,0.18157456466664815,0.052450682200707185,0,0
1aacd741dace,0.10182657546118164,0.4880681548898069,0.3033050964992525,0.10680017314975894,1,2
1aaef9f47b25,0.03777196798104388,0.8024398459300754,0.10931190466172003,0.050476281427160694,1,0
1ab52121be21,0.13663093389732633,0.623873886696909,0.17839420525671396,0.061100974149050545,1,3
1ac1de4ecb6c,0.1452140603728134,0.4201409103937579,0.3034289003938849,0.13121612883954342,1,0
1ac288b2ce23,0.06137682525701193,0.6933270366436186,0.19020318098993177,0.05509295710943729,1,2
1ad268f677fc,0.03253453420284702,0.5683717421382857,0.20934592411923758,0.18974779953962964,1,4
1ad782651f09,0.2593068443555586,0.4152812984759086,0.2728351004911194,0.05257675667741314,1,0
1aecd8c867ac,0.1360493316526142,0.5589381214933239,0.18960866890087624,0.1154038779531855,1,4
1af41c4cbf5d,0.16105289690571348,0.5058243868986141,0.2168432568846414,0.11627945931103109,1,3
1b427c519a72,0.6741035438472495,0.11292999318558988,0.13503884754064066,0.07792761542652032,2,1
1b49b7921474,0.10631176734015906,0.5261135091838978,0.2703908781496997,0.09718384532624329,0,0
1b5ca94ac38b,0.03081782959916487,0.6654991737972635,0.25209460311163384,0.0515883934919379,1,0
1b6250d23465,0.12291631156126367,0.6795474392588493,0.14917102785434624,0.048365221325540685,2,4
1b6eb0f6fcb3,0.39325097760608524,0.32763232530729597,0.22406998150731122,0.05504671557930745,2,3
1b80a4e2614f,0.06356382822585607,0.6971446409948275,0.13890298410408733,0.1003885466752291,2,1
1b8afd81f6a0,0.6583822753592953,0.0762915343391213,0.1621891271269906,0.10313706317459274,0,2
1ba5ddfad18d,0.3327116245948818,0.32594706431419096,0.22661478393201162,0.1147265271589154,2,1
1baca8182bf8,0.26384727655741397,0.30081153123304133,0.2181290894962468,0.21721210271329786,0,4
1bc9965d033b,0.634297239422176,0.14767257417013235,0.13237187676293205,0.08565830964475968,0,1
1befbaaa2bdc,0.14308973731684171,0.5004652039385382,0.2681941374832446,0.08825092126137525,2,3
1bf775c57c75,0.11018601942104389,0.6650153494142041,0.1287670592898063,0.0960315718749457,2,0
1c471b0d2fb4,0.5187823360367924,0.30140438683318627,0.11404215293839207,0.06577112419162924,0,0
1c47b7084ba4,0.284413373755718,0.3333024886263541,0.25197822872249237,0.13030590889543553,0,3
1c47fb86c8e7,0.4943513010908558,0.18395368066863577,0.2274891910419611,0.09420582719854748,0,4
1c48cbfea106,0.5429488831302761,0.2149110493808535,0.17903606953735035,0.06310399795152002,2,2
1c4a89d7a901,0.13866206366753928,0.6016698720871262,0.16672232662407288,0.09294573762126139,2,3
1c5a0cb3ebc0,0.13170036885190756,0.6505938607707676,0.14894852180142468,0.06875724857589999,1,3
1c790318b3ef,0.13132670370642063,0.5485067680451584,0.20793963379421226,0.11222689445420868,1,3
1c88dbf27747,0.12370927784594306,0.5511784902375964,0.21011828353950734,0.11499394837695329,1,3
1c897615664a,0.7097580207702101,0.14285476895273436,0.1089141198532406,0.03847309042381506,2,2
1ca63facc033,0.24169506019284356,0.48466791946418647,0.24382434767713548,0.029812672665834275,1,0
1cad23eae406,0.24087769568180095,0.5493174211377113,0.14659292384938777,0.06321195933110026,2,2
1cb23162d215,0.5602945428409408,0.24255607091954412,0.1243610450428433,0.07278834119667177,0,3
1cbbe74b7fcf,0.07429535309439886,0.6276832209580578,0.18799786218700554,0.11002356376053803,1,3
1ccd5ebd1ca6,0.6661037456404334,0.0979304345761135,0.15314297970183793,0.0828228400816147,0,0
1cd14dd22747,0.09986227032971512,0.6013572294014821,0.19424791782092182,0.1045325824478809,1,1
1cdcb65db764,0.042321611334551604,0.6145262710288981,0.22311094841284118,0.12004116922370915,3,2
1cdccea74613,0.7785954364443229,0.053926813891591784,0.11837109163951587,0.04910665802456943,3,4
1cdf13ab07d0,0.492253682519831,0.24968383501962024,0.163679457635754,0.09438302482479485,2,1
1ce3a5d2f184,0.08619868909280289,0.515745004340351,0.299951451922668,0.09810485464417812,1,3
1ce5a6058285,0.07309523541089523,0.7675434784340391,0.10490311272106712,0.0544581734339984,2,1
1ceb2008c876,0.5675625480553503,0.17759117756239762,0.1578458525785431,0.09700042180370888,0,2
1cebae6715f0,0.08359089567626385,0.5505003739312722,0.24644225361913993,0.11946647677332424,1,4
1cf24b1b5615,0.2317914120587705,0.4252728474948375,0.2623478548234489,0.0805878856229431,1,0
1d01d5f6e570,0.42751457275790783,0.26632424288819956,0.19057721936542013,0.11558396498847243,2,4
1d079ba88b49,0.09971866000553913,0.4701216207028784,0.3022680707862402,0.12789164850534251,3,0
1d087706bfbb,0.14868700786419323,0.5212410369565074,0.25887444410185423,0.07119751107744554,1,0
1d243015f1d5,0.25153127725406843,0.3825677913218195,0.2458904919637474,0.12001043946036473,1,2
1d28a8b7c0b1,0.09412537360880306,0.6278882885103019,0.20651395842313053,0.07147237945776469,1,0
1d2c03c45291,0.14169352269282387,0.5102807593007759,0.26053761476141435,0.08748810324498571,1,0
1d4b92eb1e86,0.21537188832298004,0.4733641824425326,0.2529468432972968,0.0583170859371904,0,2
1d667e9556ad,0.07134208790349997,0.7091342394181596,0.18478467273461044,0.034738999943729844,1,2
1d6fda0514c6,0.48978725425826924,0.19078726530772566,0.20810929579385895,0.11131618464014632,0,4
1d7af2de9365,0.09253661862167013,0.5208162014785176,0.24885928304979968,0.13778789685001283,1,2
1d81732ee787,0.5688853829567493,0.1394961422334736,0.20330071482892578,0.08831775998085135,0,0
1da8d77bfbbc,0.21062797964561247,0.489772736686105,0.16780341497963439,0.13179586868864826,2,4
1dc051f3e900,0.25718419081868654,0.4404202232978092,0.20542146070336528,0.09697412518013883,0,3
1ddffdd81388,0.14054187395492906,0.35678125210659123,0.3564965560987322,0.14618031783974794,0,4
1de4e880cb3a,0.026562179988677482,0.8268265132371738,0.11712980988874977,0.02948149688539926,1,0
1dec8f8a5290,0.14871690065043924,0.5400194350807617,0.22731880732111243,0.0839448569476866,2,0
1e0773b7e49b,0.45131245300651146,0.29195500134258684,0.14382103251056014,0.11291151314034167,1,2
1e1b4b1b53cb,0.4181659660461739,0.3371424512327091,0.1689884034652757,0.0757031792558413,2,3
1e1b97345c32,0.7056588606658869,0.11866162770644967,0.12641212790102746,0.04926738372663583,0,2
1e250701d101,0.04032434031299826,0.7404026060591907,0.17208846819017135,0.0471845854376398,3,1
1e26273cf072,0.015155916758280999,0.8705805891727401,0.08589023181013206,0.028373262258846992,1,0
1e322d374cd3,0.1668312113183504,0.5251241348946941,0.19528086454932733,0.1127637892376277,2,1
1e3c3ffc9561,0.020118546805597565,0.7223805251539395,0.2085706217863522,0.048930306254110906,1,4
1e3f6f8e494c,0.07562143139554979,0.49480933194567817,0.20494132934785017,0.22462790731092186,1,1
1e4e4732d5e7,0.6508963732359468,0.08930629642028003,0.20037854250412762,0.05941878783964555,2,1
1e5680a65afb,0.7292241467391503,0.0871848622514802,0.10230806724955487,0.08128292375981463,0,2
1e5912d3fb31,0.5014044973150328,0.22969914849111916,0.1963043323400377,0.07259202185381018,0,1
1e7dc61b9022,0.5816833706855496,0.09353952130715763,0.22973195281914766,0.09504515518814506,0,0
1e7e77b791bd,0.7917172306023217,0.07429109913022194,0.09322262127384162,0.04076904899361492,0,3
1e96d5eb4c91,0.06506576036464963,0.7654649632460164,0.11882916814930194,0.050640108240032025,2,3
1e98661f8fb3,0.053201089395953194,0.7174001683464213,0.15393384817002012,0.07546489408760516,1,2
1eafb760551d,0.2863125967293719,0.4739269808495185,0.1473883873716922,0.09237203504941734,3,3
1eb7f8425ce6,0.34247995611203824,0.42654868676771235,0.1815340574506128,0.049437299669636274,1,4
1ed21574ae51,0.05449578474100791,0.7269537817739464,0.14994537751492268,0.06860505597012277,1,1
1eef24598603,0.019830292739840657,0.8192294715318958,0.1255647955379627,0.03537544019030066,1,2
1ef81f7528ce,0.06351365620459178,0.6494541642304661,0.15640761014487967,0.13062456942006223,0,1
1ef89135ba6e,0.039147534747060626,0.7664079522781971,0.1148432130991376,0.07960129987560474,1,0
1f01637439b3,0.5999306988379138,0.16740534468728194,0.17267025214483095,0.05999370432997331,0,2
1f294b434700,0.44934951624879005,0.3307423923383286,0.17798055201746688,0.041927539395414236,0,3
1f321faad845,0.2012559736042766,0.44492243755143696,0.23991933418685432,0.11390225465743181,1,2
1f44938d5c2b,0.101128476526587,0.7071568324037903,0.13880392362825478,0.052910767441367586,1,1
1f4565e83b9a,0.130507895274431,0.46178115450008883,0.18513362703035946,0.22257732319512027,1,4
1f4ded9818dc,0.0325572496242324,0.8601755157865891,0.07619103308857612,0.031076201500601787,1,3
1f64a498ff9e,0.4764415143156903,0.2667539378418192,0.2052250933048356,0.051579454537654855,1,0
1f89329fdcf2,0.5236055773975753,0.26818981299873,0.16394909593620066,0.044255513667493966,2,1
1f8c2590aa47,0.12297090445949416,0.6232980640220939,0.15338577581995208,0.10034525569845985,2,0
1f96e6c401a0,0.08850577138670586,0.748523234131813,0.11100480208939006,0.05196619239209128,1,0
1f970230eff3,0.02072196777603527,0.8357320175755697,0.09376382905871876,0.049782185589676314,1,0
1f988b9c498a,0.21698073354200303,0.5725514324971815,0.13794977460091576,0.07251805935989947,1,1
1f9fce7e4109,0.8115399938293546,0.04945383083472147,0.07950958984269027,0.05949658549323371,0,2
1fa134cbb2f7,0.5411251810026646,0.22745446458800975,0.16397826350613784,0.0674420909031881,0,3
1fab0b8dc055,0.1081807736406659,0.540687217489408,0.25420041022433804,0.0969315986455883,2,2
1fc1729b5b3c,0.07233769987408348,0.70090378610884,0.14768658569744714,0.07907192831962899,1,2
1fc3de06c533,0.16021405155328367,0.5461487988397471,0.20928788998440956,0.08434925962255962,2,0
1fcc3fac4784,0.0730798400616476,0.6010729525749573,0.15907016786757136,0.16677703949582381,1,1
1fe87642bbc3,0.19156354797411893,0.5435733878260454,0.17851128078010048,0.08635178341973501,1,0
1ffbfb47b97f,0.16456013915501858,0.5771096315346672,0.22329342898212493,0.035036800328189045,3,2
1ffc645c759a,0.8390091123915392,0.030503649584508182,0.07597122939948406,0.0545160086244687,0,2
200c39af6b9d,0.7719354985849384,0.07057858082687243,0.08228412396743623,0.0752017966207528,0,4
201a708feae5,0.10474072738078079,0.6041951105212731,0.19929389034171419,0.09177027175623166,2,2
202662923e15,0.18781992958488972,0.4392426391698212,0.2505096405207868,0.12242779072450213,1,3
20658524054c,0.8025775982328202,0.04372156013201745,0.09561820454692545,0.05808263708823673,0,3
2072fcb4eea6,0.34943798491711564,0.2439982934142034,0.27485649145782753,0.13170723021085368,3,3
207743ea0f6d,0.5629386700075069,0.20762221027819133,0.13762497778716654,0.09181414192713519,2,2
207758407af9,0.047172379174472735,0.6688093136655873,0.1748877053001597,0.10913060185978048,1,1
207fa6f82857,0.5445901035595737,0.2058405061945741,0.19994214218159825,0.049627248064254025,2,0
20a308389234,0.16631567560804256,0.36389366277979235,0.34338034566434367,0.12641031594782115,3,2
20a86e21402f,0.15554068470836888,0.5932939085618104,0.17021941181138103,0.08094599491843973,0,1
20b52d3e2fa5,0.5946833616579174,0.14329237094067865,0.20200751034863018,0.060016757052774074,2,2
20d3ed4a413e,0.514182234364792,0.10804366118214102,0.2382057908711803,0.1395683135818868,3,0
20e00874f8ee,0.22085013172611942,0.5198853676110012,0.18185735344660292,0.07740714721627641,1,0
20eb74deaf29,0.723766863941111,0.11951929367947298,0.10977758906133757,0.046936253318078575,2,3
20f85a875621,0.0577294664187162,0.7063742195433729,0.1560003849412327,0.0798959290966779,1,1
20fa80f5619e,0.7364637395739252,0.08066015468909553,0.14664921136084713,0.03622689437613222,0,3
210570d62277,0.5754176383779047,0.24463033579750332,0.10817212109956628,0.07177990472502567,0,2
2133352e9cde,0.12604027231798576,0.6979584971666896,0.14443483049670808,0.03156640001861678,1,3
2135722ae069,0.05407991927049124,0.7814784334562056,0.1361312152813434,0.028310431991959907,1,4
21468541d7b5,0.12021653838879243,0.5261231349480315,0.26695733848253805,0.08670298818063803,2,4
214a48cfa07d,0.08372664834040332,0.7652007008463447,0.12978077323051682,0.021291877582735055,2,4
214c441d728b,0.2510436863145016,0.5231654902523235,0.17914271560616304,0.046648107827011814,1,2
215bc2b055e9,0.4563606178604069,0.18340670789951855,0.26688357725604805,0.09334909698402659,2,3
216e4a640f8e,0.1980205041042079,0.5890999123782196,0.13924431613669677,0.07363526738087582,1,1
218620841a93,0.22465368213038037,0.36487573525124334,0.30396531398196275,0.10650526863641352,1,4
2193df2f77b4,0.2562761679875639,0.42290607431522087,0.22215151112367984,0.0986662465735353,0,1
21b42c133cd2,0.08642125198416176,0.4546140309494334,0.35361669741115453,0.10534801965525031,1,0
21b8491fb0e0,0.09362038242204351,0.70612305917902,0.13736893754290655,0.06288762085602968,1,1
21be1a5bfa64,0.21307154061238592,0.45627425818524986,0.24175808475966765,0.08889611644269677,1,2
21c44b9f3caa,0.3289183752367073,0.37059458936475864,0.24524905066754352,0.05523798473099055,2,4
21ce0d042853,0.6187192705324274,0.16364626361795492,0.16764471072004963,0.04998975512956777,0,4
21d30b087de5,0.2826160716418347,0.4976059209348728,0.1704623838205233,0.04931562360276941,0,0
22088825f165,0.6912984236657225,0.12578668078615293,0.13293200627346857,0.04998288927465619,0,3
2222b92077a6,0.196760156532135,0.5126302789188462,0.15668617084393824,0.1339233937050808,3,2
22278d83c0ab,0.7246770830190196,0.08115762049552301,0.12878398782378736,0.06538130866167031,0,2
22353f3ff2d1,0.6738043225605957,0.09521659947340468,0.1556667362237768,0.07531234174222291,0,1
2252ba87b56b,0.09315262729102387,0.7801420074087473,0.08864999028211082,0.03805537501811781,1,4
22555df670d7,0.3703786344432335,0.2578133832262652,0.293591942134677,0.0782160401958244,0,2
2259b6d5ac66,0.17448238724919035,0.4109850328379985,0.24136452928409188,0.17316805062871948,0,0
22686edb0131,0.29124168639844145,0.48187506962438476,0.1796059956496976,0.04727724832747605,0,4
2280689e5dd3,0.10793583600116993,0.7217246668993608,0.15104124384009485,0.019298253259373965,0,4
22869b2939dd,0.2405716297800513,0.42639267563205674,0.21174527805057322,0.12129041653731905,1,3
2287b570cdd8,0.31324741879858636,0.2983315031918106,0.2986708652432154,0.08975021276638773,0,4
2296c0ca15df,0.05109325039173757,0.5214065755423024,0.25301088204608924,0.17448929201987096,1,4
22adb7da3c70,0.6473292101006014,0.1029641848090898,0.13724759677875836,0.11245900831155048,0,0
22d433d1fe06,0.11476451458114419,0.6202946392984025,0.2223087090402204,0.04263213708023283,1,1
22ebaa704ad4,0.05328442499103387,0.6862483604609907,0.14919022428406917,0.11127699026390632,1,0
230f160d4a7c,0.13108876621554977,0.5637876469403363,0.23155957220599055,0.07356401463812343,0,0
231a5f824249,0.060685254872790965,0.609593177234237,0.2446665238800312,0.08505504401294091,1,2
232d23dcb5c6,0.09102125968847843,0.6162914355350204,0.20255975754361238,0.09012754723288899,1,1
23423a5342ea,0.6427389169475641,0.15848665295138709,0.12369434566073528,0.07508008444031343,0,1
23600e975e6f,0.27167206283482903,0.43249054922225144,0.22938173426449016,0.06645565367842919,1,1
2378d336c876,0.6938167912896859,0.14412687780694272,0.10106793927697566,0.06098839162639577,0,2
237b80c8279f,0.10347035126482683,0.7014602629475961,0.13416476703726823,0.06090461875030884,1,0
23818431bd20,0.15767655002155112,0.4310351095097317,0.28278324637248275,0.12850509409623442,2,3
2386196182fd,0.05983853619715893,0.7132318638517388,0.1641306242474557,0.06279897570364683,3,2
2386f261f756,0.23365027820952183,0.497708020043477,0.18724448908620733,0.0813972126607939,1,1
2387e52d164a,0.09073626527206219,0.698421247481351,0.13158981252933707,0.0792526747172499,1,2
2394a4ec8f4b,0.04316364990010645,0.787729094472143,0.11925876441415083,0.049848491213599876,1,4
23a38f510f64,0.10779898487074037,0.6335301702790468,0.19967044150584518,0.0590004033443678,1,1
23aa6dfe0d6f,0.1025208012197318,0.6582290287948785,0.14574876106314447,0.09350140892224508,1,3
23c3bf39df9e,0.14172457665598331,0.6013061849479089,0.14724541321719806,0.1097238251789097,3,1
23c62fb5991e,0.45190331676054807,0.1737938845285245,0.2794025586332166,0.09490024007771089,0,4
23d35c37a05d,0.48825699660162974,0.22451492764318484,0.19772887353603205,0.08949920221915322,1,1
23dc45d96978,0.18770369278450988,0.599107809870117,0.1651204847914864,0.04806801255388644,0,4
23dd60be5ed2,0.07139719482608135,0.657025399777772,0.1656102156029449,0.10596718979320176,1,3
23f0f99270d8,0.060700459284711225,0.6747644078747033,0.16974531543199836,0.09478981740858738,3,1
240198fc8e9f,0.5625279172828274,0.19446961775301702,0.19329620480146625,0.04970626016268952,0,3
242e4e777d68,0.3102637175755647,0.3539073479982355,0.275847902934926,0.05998103149127383,1,2
2433f022b206,0.03930490608018298,0.8549014593571799,0.07888658122535117,0.026907053337286078,2,1
2437e41f60ec,0.029777467541402605,0.6453706218249325,0.2321038308610145,0.09274807977265054,1,0
243b7e22a6cd,0.7017111124651758,0.11855742364571661,0.14672315395595162,0.033008309933155996,1,0
244afdf83230,0.0577576598467773,0.8036732495793213,0.10479950780019788,0.033769582773703836,1,2
244e39a44d1e,0.24342625685795044,0.26664987791218425,0.3134424819035423,0.17648138332632313,2,1
245661629b65,0.42131858513343345,0.3843012465533785,0.14984396519625232,0.04453620311693567,0,2
2460844b8bd7,0.18301411862025668,0.599471528223297,0.15851455805760856,0.058999795098838084,1,3
246130177bd8,0.12970459042128382,0.7547511125689091,0.07933108091609148,0.03621321609371575,1,3
24623d752845,0.09082581958439195,0.5592819975298707,0.24539565416340248,0.10449652872233504,0,1
247bc4bd6a73,0.12461274512208785,0.5850367298659526,0.15491244127877515,0.13543808373318472,2,2
247f40620c10,0.8236807396253695,0.04609870012445864,0.09415653844312787,0.03606402180704405,0,3
2485bd38bf72,0.5726723195052046,0.11710826016576373,0.25102150543194285,0.05919791489708904,2,0
249fbbfd89d7,0.10916846203249103,0.6544980737737738,0.13561221403053594,0.10072125016319922,1,4
24aa73a20789,0.1050118848127026,0.6148276754154198,0.20045180076711747,0.07970863900476013,2,2
24b6dac13a27,0.808779947546837,0.05216813052252415,0.09926513939593438,0.039786782534704516,0,3
24b7753e6ef2,0.18080178629625518,0.4433988945170232,0.2821830031000095,0.09361631608671171,2,1
24c3867c5d29,0.20500856378324298,0.38423946675556875,0.2750171101270205,0.13573485933416798,0,0
24c727c4d278,0.1395793558190766,0.584486682397303,0.14958352541947936,0.1263504363641415,2,2
24cb214dd7f6,0.7168621302160395,0.059116942299903344,0.1399242378113753,0.08409668967268194,0,0
24cd517d2846,0.10853633774381558,0.7170382003252112,0.11920359732754547,0.055221864603427775,1,3
24ddf88491ff,0.423994522097408,0.24424055403234377,0.2227075074753039,0.10905741639494411,3,3
24ec174ef46b,0.09110971781666957,0.6901083025913956,0.19730387886444284,0.02147810072749214,1,4
24edf21f4d5a,0.17864700936041386,0.3787266533123358,0.30570992438961403,0.13691641293763637,3,0
24fa5cba4f71,0.051699433023588905,0.583075892879655,0.22479673172263745,0.1404279423741187,3,0
25134b8c00cb,0.3239755181575345,0.4360760000888991,0.17598237539704414,0.06396610635652226,2,1
2514250a50ae,0.10963759375774512,0.6241057352180897,0.17332160884696063,0.092935062177205,1,2
251753f7ee49,0.20609194396906086,0.5992399602919948,0.13595837779785624,0.05870971794108831,1,3
2534817120d7,0.5662895743860574,0.23203075168347267,0.13246234508694,0.0692173288435298,1,3
253710fda754,0.3933598033967156,0.31555176201603014,0.16195519006086212,0.1291332445263923,1,3
253c261bde3a,0.17812063092438882,0.41776970014053594,0.299488513240696,0.10462115569437924,1,1
2558428fe2a7,0.6626348979389646,0.09029517983292595,0.1897998194648985,0.05727010276321118,0,2
255b4b7dbc24,0.25225112418547896,0.5096923367253055,0.15091288741657585,0.08714365167263943,1,2
255e598df62e,0.0998932823037663,0.5905186072124923,0.23286779662631069,0.07672031385743075,2,1
25710be5e0bb,0.03301994063621434,0.6760069840804599,0.22509252994618795,0.06588054533713775,1,2
25a1c199f819,0.13027252565408828,0.694341075178678,0.13018036152757032,0.04520603763966352,1,2
25a4b11a059b,0.08331572865319979,0.6348380111877203,0.21028866012876157,0.07155760003031796,1,2
25a7988bfc95,0.39500705226686833,0.319167937406221,0.18937508482856227,0.09644992549834809,0,0
25aabc4c9c95,0.04615259617165096,0.5709810662916548,0.23229157111423288,0.15057476642246123,1,2
25aff4eb8fb1,0.05083982975031492,0.7527869335863819,0.11458254433821058,0.08179069232509258,1,2
25b65cff2f90,0.09481189499423226,0.5568159308621096,0.2515130414750421,0.09685913266861651,3,1
25b8ba43b5a2,0.3178357359528496,0.3885561137450222,0.2494544259031881,0.044153724398940414,1,0
25be7e269a87,0.27659231220917224,0.5004810752937326,0.1626096908043633,0.06031692169273193,1,3
25ce40175fd5,0.019073012427839358,0.8547053984182538,0.1082017040751828,0.0180198850787238,1,0
25d7c75f0317,0.2834454437703986,0.4074837859765298,0.20305233671284983,0.10601843354022195,3,0
25e21353e24e,0.2529053055469724,0.4354950393869638,0.18797582470466437,0.12362383036139953,0,4
25e957bf9bc8,0.09605592366227021,0.7189319101838538,0.14444727294383433,0.04056489321004172,1,4
25f7ca4bed9b,0.15108921670675973,0.4767169132177133,0.25861542896084155,0.11357844111468532,2,3
2605bf788ab6,0.7412661805191311,0.11097628446770744,0.09357941883653235,0.054178116176629425,1,4
26142fe8357a,0.09098890194921506,0.555897005280932,0.25006069581353685,0.10305339695631618,0,2
262dd75dd358,0.13818857043480884,0.5399339665353065,0.2644493992226672,0.05742806380721761,1,1
263e1aad5f55,0.28889363787835093,0.3666405050585543,0.20885217893503033,0.1356136781280646,1,0
2647aa350094,0.06516106650292929,0.6903868279231661,0.19780179433933878,0.04665031123456614,1,4
2651f80c25b1,0.7938229960427994,0.06106944086257087,0.10043275555109547,0.044674807543534416,0,2
26648048b098,0.051303764069526435,0.7522281856358722,0.1443821233020552,0.05208592699254629,3,4
269a455c3c91,0.49496641256859714,0.24837382406356823,0.15146529263246705,0.10519447073536771,0,3
26ae7b9c9414,0.0332212088197534,0.7509339452661229,0.14899074728150974,0.06685409863261396,1,3
26b0111b51b9,0.379731117911691,0.3177564766143711,0.1987479442160949,0.10376446125784276,3,3
26b07f9e9e24,0.5958788007680409,0.11851145826494694,0.172048708993107,0.1135610319739051,2,2
26becb3b6c16,0.7602098004578239,0.0768464715959081,0.08716879013673354,0.07577493780953445,2,2
26bf9b216e9c,0.06439638139389511,0.6877513704330973,0.17428227572814609,0.07356997244486137,1,1
26d5f296c24b,0.19070438049861835,0.4956321140037751,0.1457439527263249,0.16791955277128182,1,3
26ec93608fcd,0.192475939129164,0.5501964158805946,0.18350549860221338,0.0738221463880278,1,1
2708e654cd46,0.11154380899170806,0.5362475255119316,0.24494827959063595,0.10726038590572452,3,0
27153365136b,0.03747671141708901,0.7489608946639086,0.15468475584907787,0.05887763806992472,1,4
272233b43d12,0.1096694531074083,0.6446134145433351,0.15596606557115583,0.08975106677810062,1,3
272dfcc2c228,0.46248890840826895,0.2075345256577585,0.16739236379438344,0.16258420213958924,3,1
27307dc8cdb5,0.09528614654965999,0.7597559470489974,0.11021584580161206,0.034742060599730486,1,2
273cfc39402c,0.28853206501237766,0.3609421118512104,0.21394411577185365,0.13658170736455852,2,1
27438e27d86d,0.16864389824173742,0.46059513444021655,0.2783840475826482,0.09237691973539802,2,2
274ee714467e,0.14942285851679363,0.5855888000657058,0.15868142239189426,0.10630691902560623,0,3
27513bc45ebe,0.12613945966051152,0.5372096212592813,0.2625422392644549,0.0741086798157521,1,0
275219c98ac3,0.08618146545031995,0.7662178675142086,0.11701826161746856,0.030582405418002893,2,3
278fc970196c,0.7437089021049899,0.10531577800164178,0.10976934234803923,0.04120597754532915,2,3
279ff8b28326,0.09481186155180397,0.7233375034431455,0.1443064839548129,0.037544151050237645,1,4
27c586844ff7,0.03388483376309717,0.789592374925318,0.13617416098564572,0.040348630325939196,1,4
27db1806a764,0.17968345092809798,0.6192322955605905,0.14226355452480613,0.058820698986505486,1,0
27df06029861,0.0664162128941781,0.6671097363349978,0.16305484949814422,0.10341920127268016,1,0
27e863fac512,0.28983164094677955,0.45657691572867876,0.20907036502791723,0.044521078296624515,1,2
27f620156b1e,0.6381047835808975,0.12290944597466424,0.17442787605239066,0.06455789439204761,0,0
27f8616263ed,0.020170181194869817,0.8571706702152557,0.0845066078782435,0.03815254071163082,1,3
280355493a53,0.04620272730916048,0.7914511998787418,0.10713096476003303,0.05521510805206462,1,1
280826f3c8cb,0.032470674321489534,0.7991160835789237,0.1093909564459184,0.05902228565366813,1,1
2813f9090abd,0.1689353836251566,0.5152206450041392,0.2124568534009228,0.10338711796978095,0,2
281d15ca6f64,0.06816647039855399,0.6075573429914094,0.21356523140797196,0.11071095520206484,1,2
28353a62fc75,0.7706956003203579,0.09494603713674905,0.09012977950341267,0.044228583039480476,0,1
2838d8cb10ba,0.7296380783287638,0.07455576351549649,0.10792522956650205,0.08788092858923745,0,4
28449108106b,0.3658685416909719,0.35163079575598416,0.22519614886921308,0.05730451368383084,1,0
285d0448622f,0.7659289878193845,0.09940031476453608,0.09587593157048412,0.03879476584559538,0,3
2863afd4cd1e,0.06638169647461792,0.6668563739711657,0.18524044607114956,0.08152148348306669,1,4
2865cb42d240,0.6385774326150176,0.22107060302796916,0.09990894593398772,0.04044301842302541,0,3
287b389f997b,0.0171285445080987,0.8491196478447168,0.10546101976022498,0.028290787886959455,1,0
2883027e4eb2,0.5334335396969694,0.18340174175391372,0.2235302435844922,0.05963447496462472,0,2
28a5850d4c73,0.09715473134797406,0.5291474507608218,0.32313071437379254,0.0505671035174112,1,2
28b1968260da,0.14291181329350755,0.5874302532427631,0.18657212125005374,0.08308581221367554,1,3
28b923d25bb7,0.0657752584162812,0.7811840856597564,0.11063533577309642,0.04240532015086604,2,3
28bd779b2f84,0.7828111411068862,0.07933319604047302,0.08784346379599073,0.05001219905665023,0,0
28cd5ee432cf,0.26937605140876847,0.3567981448326561,0.2815549452256867,0.09227085853288879,0,3
28ddb604e393,0.1260165508859499,0.617748504499048,0.17951421776467813,0.07672072685032373,1,3
28dddc8559b2,0.5047309192321745,0.22297822180348084,0.1672294293900047,0.10506142957433978,3,1
28e1a974995b,0.12417971313182495,0.5982407426028512,0.20429978017268532,0.07327976409263873,1,2
28f828b5e399,0.6415535648917489,0.10884454908020766,0.1611552300848378,0.08844665594320567,0,2
28fa33eef652,0.07170964362044753,0.6986493460520758,0.178398756931721,0.051242253395755805,1,2
2906f6903294,0.44278552772061397,0.2583251501200463,0.19527104457763642,0.10361827758170312,0,3
290727bac658,0.08276082250557606,0.6724897022229661,0.19762901215347628,0.04712046311798176,2,4
291df618f81f,0.15636229447269018,0.5111406499628439,0.2510816465218724,0.08141540904259326,3,3
29240c2eaf30,0.028907627950905873,0.8504210425595813,0.09687210602400712,0.02379922346550555,1,3
2938b11fe3f2,0.11104317544810169,0.6439488402829989,0.14894420993163346,0.09606377433726604,1,3
2951b5526194,0.21965233583371133,0.5697631413784798,0.14817564168847372,0.06240888109933513,2,3
29552af481ab,0.3335361398884349,0.21157976513592117,0.2499574716841529,0.20492662329149114,0,1
29578de12813,0.06946035482630539,0.7496478953303647,0.11849942864772937,0.06239232119560087,1,0
295c226093ed,0.04660486526806588,0.8107792361748526,0.10983949639056616,0.03277640216651545,1,1
297e73031b62,0.07206826899587611,0.5372197207962057,0.2590073842591444,0.13170462594877405,1,1
2980304e9bfc,0.22286472862339127,0.4687790528357331,0.26038466257397264,0.047971555966903015,1,0
298767d24da4,0.3691658208048782,0.2819433176251279,0.24412029259449367,0.10477056897550006,2,4
2990579c982c,0.19443756001287588,0.5210777295491723,0.16952838488664101,0.11495632555131108,2,1
299201b9ba40,0.18201514699940047,0.6036156399185717,0.16361085838722608,0.0507583546948018,0,0
299de817cf02,0.20186088007775443,0.3804527367684122,0.24807355792631222,0.1696128252275211,2,4
299f34b2a99c,0.4539711800774477,0.27949660553638145,0.16141707043764902,0.10511514394852173,1,1
29afa03eedd3,0.6113815941838395,0.16271023591620515,0.17304237541013215,0.0528657944898229,0,0
29b7fce85c4c,0.05324494558872518,0.6738341309247162,0.21156265027426296,0.06135827321229544,1,2
29cd2e8cd19c,0.4790417858270656,0.2547450130311633,0.1648153336066268,0.10139786753514467,1,0
29df47042061,0.17480053837765638,0.5320519892043576,0.21115641851361386,0.08199105390437215,3,1
2a1768cea4ae,0.17268397666743188,0.5365648971399654,0.20185713339139116,0.08889399280121192,0,4
2a34f33583d3,0.6099141000794606,0.17909611539138504,0.1367936499398787,0.07419613458927556,0,0
2a35c8a7742b,0.4467599117184786,0.3290382789900352,0.17600280480019184,0.04819900449129439,0,3
2a457a88c49b,0.16397063372388565,0.49513891277739475,0.2695842090080011,0.0713062444907185,0,1
2a886a5ecdc0,0.39209455224653367,0.28566538455388163,0.21757472163569602,0.10466534156388889,0,1
2a8a246f1ebb,0.6347697050122978,0.11654028888687863,0.1679442711926507,0.08074573490817269,1,1
2a99eceed859,0.17692210029398775,0.5320780190898489,0.21077036164281604,0.08022951897334743,3,2
2ab426f9cfcb,0.262834614110875,0.3967577650519082,0.2763843880350173,0.06402323280219914,1,0
2ac71ff83527,0.22130606166277847,0.5209456092528846,0.17965795629646403,0.07809037278787273,0,3
2ac74c9a0635,0.02838418631231694,0.635422149410416,0.212537356975972,0.1236563073012951,1,4
2acecb7b0b72,0.6681923448642222,0.07663027027470795,0.11206801151606223,0.1431093733450079,0,0
2ae591e11315,0.6791787547070607,0.13350535231391697,0.12432917505336946,0.06298671792565322,0,0
2afe9fa4b788,0.6454557769859517,0.08796628025870902,0.1969294056753758,0.06964853707996323,1,4
2b074ba8887f,0.08059384626338727,0.6514140774190674,0.19310944562080717,0.07488263069673852,0,0
2b2548a40da2,0.06048059896224093,0.6952556316672452,0.20760662813576264,0.036657141234751354,2,1
2b26cc349c14,0.47877694338937127,0.17705695900217955,0.18956205779079308,0.1546040398176562,2,1
2b2ab9538843,0.07157043036163444,0.7053356518960421,0.1583771451697493,0.06471677257257417,1,1
2b2e8f74947b,0.5953742454189441,0.154167220552951,0.18238281916968233,0.06807571485842279,0,0
2b2fb5f5273c,0.6248905914372661,0.17436389965058086,0.16130169599485947,0.03944381291729382,0,3
2b4a46eb9079,0.08111996840126379,0.7649820055903896,0.11534619206001288,0.038551833948333586,1,3
2b6132fe557c,0.1809966860585721,0.42391584096142004,0.22908532070733273,0.16600215227267515,1,4
2b70f1b3b474,0.007367109531971057,0.8527387501665312,0.09852713401845549,0.041367006283042365,1,0
2b74c9c8b9fb,0.774908956869588,0.06406589991277661,0.08882352033453748,0.07220162288309802,0,2
2b7dbc950356,0.722804121059145,0.08059254635796873,0.10793456899230643,0.08866876359057993,0,2
2b7fc6e4fd1d,0.5189397209065897,0.15190094440553728,0.22723871691887235,0.10192061776900108,1,0
2b8680eba187,0.13801083669215092,0.6329272096631688,0.1578094639100844,0.07125248973459587,1,3
2b9150b35d3a,0.06096617126546665,0.6409289571414157,0.231739592249989,0.0663652793431285,1,4
2b9eb0cb1e87,0.07486049864923136,0.6066812202330564,0.21840433908393428,0.100053942033778,1,0
2ba80f7a6982,0.7387009258319336,0.1103393200604369,0.1052022399681237,0.045757514139505975,0,4
2bd907ae6451,0.12347494827605968,0.5419741029335694,0.2245393710439473,0.11001157774642362,1,2
2be25a892bbb,0.5803243058152081,0.12326960848925791,0.20843731204079313,0.08796877365474111,2,4
2be9fed93af5,0.08217703010362727,0.6273690366190657,0.2292309395719852,0.06122299370532164,1,4
2bfe8dcbdbf4,0.2151982027446748,0.4678568084157157,0.21932031006527727,0.09762467877433222,3,4
2c082a595014,0.10189593022459864,0.4743435138957241,0.31658135412266286,0.10717920175701415,0,0
2c09d33b5038,0.06205231182877271,0.5783301578284248,0.22929624948396524,0.13032128085883757,1,0
2c1e782a68d9,0.17040625080729405,0.4758053159553337,0.27810579752114434,0.07568263571622814,1,0
2c39d421bc0a,0.28321989112471196,0.22348357344012565,0.3095557732455886,0.18374076218957366,2,0
2c45ab64718f,0.028418250977748756,0.7929103485363702,0.13129093644624393,0.04738046403963712,1,4
2c5b54bddd52,0.2006888622872427,0.2806551146475568,0.2768220315862005,0.24183399147899992,3,0
2c78ef584129,0.09468709823875167,0.5584677271077677,0.20289061412853202,0.14395456052494898,3,2
2c7d0327a977,0.08796533041152067,0.6030103667682324,0.20847526407085437,0.10054903874939224,1,3
2c84e6b44349,0.34055118569002235,0.3958103899968825,0.21846416931103943,0.045174255002055665,1,4
2c94d957e11e,0.22852815310818375,0.4594679899183437,0.23564661054707084,0.07635724642640176,3,0
2ca53fb28d25,0.754472179361967,0.06670637354279937,0.13740496640184144,0.04141648069339217,0,4
2ca72ba9a015,0.05580523195551686,0.5346343290237376,0.285141127371778,0.12441931164896723,2,0
2cd2a236d885,0.4368587179931285,0.27150866351137876,0.23404965330043415,0.057582965195058525,0,1
2cd813a52fb6,0.13031311371416648,0.6394404921073031,0.18014623585890574,0.050100158319624825,1,1
2cda294cfd79,0.7742844335062089,0.07312422861598679,0.10874398813294045,0.04384734974486385,0,4
2cf18332758d,0.02082534054153997,0.8638497042762275,0.07974646510120684,0.03557849008102533,1,3
2cf2b94084ff,0.07033696543206643,0.6925971245528414,0.17203503723514227,0.06503087277995005,1,2
2d0150e971af,0.7600449726430817,0.07078315668802848,0.12707426164640662,0.04209760902248317,0,4
2d0316dc8a88,0.5558502687343432,0.20218510436028805,0.17607918376084195,0.0658854431445271,2,2
2d0a69701602,0.09302841687762714,0.6755453583728304,0.15797378599807996,0.0734524387514626,1,3
2d14bd39454e,0.6253966619656959,0.14123097572609314,0.13678003954459292,0.09659232276361811,3,4
2d425408deca,0.21863233128268314,0.6214516277135291,0.11891949966906355,0.040996541334724156,1,3
2d4e08bd3523,0.693121880510188,0.13531932981821368,0.14535706764405865,0.02620172202753952,0,4
2d51cfed3fed,0.6887845715772329,0.14572693143080162,0.11193709266175843,0.05355140433020694,1,4
2d5c41d6e69b,0.14401409277048052,0.6711146397906815,0.14081589505288264,0.04405537238595549,1,3
2d5ede149efa,0.2108768986133392,0.34329307965621964,0.32468251557340927,0.12114750615703229,2,2
2d5ef00a9d18,0.5813652209866662,0.21829737349819167,0.11325363679565575,0.08708376871948631,0,3
2d7154c413fa,0.4165183802161237,0.3901072356945626,0.14268202474310618,0.05069235934620754,1,3
2d794121b64b,0.139069102236025,0.6723377546228526,0.12429449396623642,0.06429864917488635,1,4
2d7e68ba5e8b,0.08508517653873067,0.6177452570745412,0.2328171596735439,0.06435240671318405,1,2
2da89579be93,0.3294701124149825,0.3357820845995015,0.25349245205966836,0.0812553509258477,0,3
2dacdf109030,0.08636483147099193,0.5516630516340467,0.19683857197904503,0.16513354491591606,1,0
2dc2ece5a7b6,0.536993523823042,0.17017403825020141,0.15293691375185847,0.1398955241748984,0,0
2dd2e2a2c848,0.8057720143254359,0.07962883278253235,0.08642834404716175,0.02817080884486985,0,3
2dfe7f1a0fb7,0.060439723688125266,0.7504847229667266,0.14666030073349515,0.04241525261165308,1,4
2e04415f03e4,0.7070481548201526,0.10488496377041892,0.13733638085567132,0.05073050055375713,3,2
2e2d6ef7ecbd,0.37036104970124795,0.3078044247000551,0.1876986761951162,0.13413584940358117,1,4
2e34bd2e9262,0.0997638070984475,0.4904525923218093,0.2787362941725648,0.13104730640717804,0,4
2e44e9056939,0.08566305874797206,0.6504678595988874,0.18529334342280404,0.07857573823033656,2,3
2e47497e7ad0,0.8330391344884481,0.06712088809958287,0.07545966031557949,0.024380317096389655,0,4
2e490d6ef2e1,0.2524303163513874,0.48413349961816143,0.1840171331068819,0.07941905092356913,1,4
2e52e7ea9fa1,0.2595680506286717,0.5091215445436391,0.16178306957810654,0.06952733524958286,1,3
2e58096bdbd9,0.6398079102792781,0.10480710056619781,0.14881138113622092,0.10657360801830315,0,1
2e6158c0eb68,0.11263727273029636,0.7425290323663748,0.10512931312814901,0.039704381775180125,1,1
2e6176e3daea,0.23220616690728896,0.5394797834628074,0.15709747071960453,0.0712165789102991,1,1
2e8e6d58eccd,0.031170522897229137,0.7463194247431448,0.1460658951833567,0.07644415717626937,1,1
2e977a960427,0.23049352007583562,0.42163042932885836,0.13187687224074043,0.2159991783545655,3,4
2ea5d1b25a2d,0.692364285626446,0.10740432909058968,0.155231174621777,0.04500021066118721,2,4
2ea7b438ec6e,0.7382671098225151,0.09832580197058773,0.1335860640903256,0.029821024116571702,0,3
2ed4ce2d96bb,0.040313751478351215,0.8021987182252253,0.1326518909383807,0.024835639358042595,1,2
2ed67f90c729,0.11457772533514271,0.5170528700081661,0.2356998755620765,0.13266952909461455,3,3
2edb1488b0b2,0.07050002381618939,0.6508064870695275,0.1988489951976973,0.07984449391658603,2,4
2ef14d372428,0.045912680719183835,0.8139236079373743,0.10765707148467846,0.0325066398587635,2,4
2ef198e99a5d,0.5383151355246114,0.2241721930202722,0.18226835974009473,0.05524431171502155,0,4
2ef447a9a325,0.1451817352126473,0.5604362079127384,0.22576789703211603,0.0686141598424979,1,1
2ef5eac2100d,0.6584111399326813,0.15608888795492173,0.14241813202140544,0.04308184009099169,2,0
2ef93adeace6,0.4831821023774676,0.22572104959962777,0.20895776364341387,0.08213908437949065,0,1
2f21ed3dc84f,0.13569626603268095,0.48404545808705807,0.28862280388118383,0.091635471999077,1,0
2f3b1d05c8c2,0.07112960123687004,0.6966888849329201,0.16294884376339155,0.06923267006681817,1,1
2f5749d77a09,0.3605001688658987,0.35973651340604257,0.1770760311963714,0.10268728653168735,1,4
2f5d56af2a65,0.6997733570545739,0.09060723473698351,0.16562910715923487,0.04399030104920797,2,1
2f606487f89b,0.1783827506224251,0.5641349374548303,0.13969413911545864,0.11778817280728564,1,2
2f6f6db14684,0.6976794077676096,0.10442765977195709,0.12240612655589479,0.07548680590453863,1,4
2f771861f952,0.060814888203558085,0.6847410246079267,0.2204353344068007,0.03400875278171445,1,1
2f9310ed2cb2,0.0561790660939376,0.6759328189221379,0.17556207827606357,0.09232603670786098,2,1
2f969d2bbb31,0.037648870854547996,0.8431439780609042,0.09157012446589928,0.027637026618648763,1,4
2f9813ec9d81,0.07160592446079386,0.7692462718276483,0.09540734212415364,0.06374046158740396,2,1
2fac6ca52178,0.4822418253147351,0.18768281022949307,0.16448063272656516,0.165594731729207,0,0
2faea6510f1e,0.13847380755490304,0.5194230725604142,0.21219844458369638,0.12990467530098654,1,3
2fcf66c1d5e1,0.05585190547718077,0.6729950315539577,0.20493209529065728,0.0662209676782041,2,3
2fe13c059026,0.10539854443319709,0.6631664583819931,0.14886037510761427,0.08257462207719579,1,1
2ffd353f8ba4,0.11437888419163378,0.6342714687590266,0.21637461548118891,0.034975031568150364,1,1
3004fe97a3ca,0.7645996635858553,0.0668735885441437,0.12362383574782794,0.04490291212217301,2,1
3011ca5b6f43,0.09847656393606466,0.5534425303029024,0.252976355364584,0.09510455039644926,2,1
30177765470f,0.051043274808832084,0.6526794994057438,0.1702695954794705,0.12600763030595366,1,2
301e45e1e65f,0.10379937052720957,0.6501271428187079,0.1757753001178807,0.07029818653620182,3,0
301eeda8a014,0.08423553437207265,0.652047236871989,0.17198486200482851,0.0917323667511099,1,4
3022c6eb64bc,0.14334279987601814,0.5796641109535791,0.1787278033667868,0.09826528580361583,0,3
3033f19402f6,0.04874402254649411,0.7174452868580736,0.14619071383473864,0.08761997676069373,1,1
304cbc1f068d,0.4474262423544296,0.28081776448186646,0.21185796304771431,0.05989803011598987,1,2
304f8125817a,0.15730735899242343,0.48367311780372646,0.2954743950795077,0.06354512812434235,1,2
3054a85afa87,0.10127487546351555,0.6733454455090012,0.17971198035959104,0.04566769866789253,1,4
3079db177db4,0.029623609805015303,0.7307798198136913,0.19640663064875302,0.04318993973254044,1,1
308464f7fda3,0.15502460230266885,0.5054822361309699,0.2683455833995861,0.07114757816677489,1,0
3084edc5e8cd,0.2610843634963541,0.3769824951634495,0.26546629955343903,0.09646684178675717,1,2
30aa2c27d732,0.11591169101561709,0.682864896520276,0.14172001235272974,0.05950340011137728,1,2
30c274c783a2,0.08669024568208825,0.4247006231200377,0.33163656993821794,0.15697256125965617,1,0
30c9e5013527,0.15037855932577615,0.46920202731680977,0.21870922121792452,0.16171019213948964,1,1
30def70773d8,0.023666197164640378,0.8345983547499672,0.10770938938251891,0.03402605870287369,1,0
30e45593ba08,0.215095710913454,0.48102160115144693,0.22594375278134052,0.07793893515375856,1,1
30f89ad8f0d8,0.24878521367789444,0.31804611919646125,0.2987193344285739,0.13444933269707046,1,4
312b098c64a2,0.12198487368277237,0.4739800277203788,0.34346110636094507,0.060573992235903616,1,0
3130e60ab20d,0.5821374027140573,0.07317899398029196,0.14244798879870005,0.20223561450695085,1,1
3143117893c0,0.40247471980129507,0.13940939388597706,0.3011808069573081,0.15693507935541975,0,0
314432832e5d,0.14655004014806836,0.5584681150933251,0.21589127329037047,0.07909057146823614,0,2
315654b04e6d,0.07982807169686061,0.6683379373244651,0.17234377014621224,0.07949022083246221,2,0
31585f62e64b,0.0842114247701769,0.7295357922635037,0.12033776791129032,0.06591501505502884,1,0
31662d55ca54,0.6952908618202801,0.09810630884762983,0.13994005192844647,0.06666277740364365,0,1
316a5c0840f2,0.4190248890590377,0.3189451428968004,0.1997746323253038,0.06225533571885785,2,0
3171080f7d14,0.06703115875986966,0.6852717705446958,0.19495789485406498,0.052739175841369695,2,1
3174008702cc,0.7026920983955511,0.15249088323527563,0.09331230253712913,0.05150471583204415,2,1
318ccb5d4c6d,0.03961073129301033,0.6225266279654624,0.25054000221163364,0.08732263852989407,2,0
3190721e0a77,0.1128131665135321,0.6596302828338217,0.15352939885947,0.07402715179317593,0,4
3193e2366c40,0.5414956375393953,0.21772063670710742,0.1480712616172373,0.09271246413626001,0,2
31b0af5bc54d,0.7334544631982205,0.10841131580926629,0.11611016525060479,0.042024055741908706,0,3
31b12697883a,0.3123517104211324,0.4184737151346413,0.2111862329536499,0.05798834149057642,1,4
31b95e5b35a7,0.4441600331887413,0.3340485421199284,0.15839543345030896,0.06339599124102166,1,3
31c8e40bf4bb,0.40585836059241687,0.3338295306556081,0.19813116775710768,0.06218094099486715,0,3
31cb04f8bc04,0.3740163937189893,0.237546577676732,0.2549215817890022,0.13351544681527613,0,0
31d2ad10ba47,0.016302377096999034,0.8245980103144883,0.12075638996896827,0.03834322261954429,1,2
3217a8869694,0.17920426157013275,0.486804016418043,0.2890010677270192,0.04499065428480535,1,0
3218844882c3,0.5643653201493847,0.2534303907099805,0.13126829139284393,0.050935997747790604,0,2
32218484a1a6,0.10937331967011715,0.518288788141735,0.22729362942799944,0.14504426276014837,1,0
32240b045a58,0.08700599983266492,0.7256556478537279,0.11695546566518192,0.07038288664842508,1,0
3234ad871f06,0.38272618550291576,0.2883812565008663,0.19972700917213088,0.12916554882408723,1,4
325163dca428,0.18547730160831147,0.5157623349248377,0.22478050546101178,0.07397985800583896,1,4
325c6a75b0a5,0.19984531874081699,0.4348525064162042,0.2512970593117205,0.11400511553125828,2,3
3271d3fa61e6,0.30064114648228785,0.3624521166135295,0.21434202196591268,0.12256471493827024,1,4
328c8b6431a3,0.023209605279138186,0.6263687962459125,0.26443804608959903,0.0859835523853502,1,2
328da94078ec,0.24203777268345575,0.32805946067441133,0.3514304004476217,0.0784723661945111,3,0
32a71d3ee25d,0.12054176157212322,0.5767879837751819,0.2321981793500917,0.07047207530260308,1,3
32bf7e54a7ee,0.08496611347563186,0.5892797524861476,0.18270964771498718,0.14304448632323363,1,3
32d20157a012,0.10617331129750057,0.4677582963135626,0.2550421495861346,0.17102624280280254,2,4
3309d981e5fe,0.10382245944077986,0.6522046889666231,0.16884827390146784,0.07512457769112928,1,1
3312377895b6,0.15968605401391436,0.5472813756292776,0.19820436875651565,0.09482820160029228,1,1
33198ca96dce,0.24049617947335108,0.47203109162717005,0.1835497251976577,0.10392300370182125,2,3
33354bc058ae,0.03542293340253599,0.7016487801979294,0.20408586730614178,0.0588424190933931,1,4
3340562b3fce,0.16479853378716047,0.5176973381517826,0.22225710656976652,0.09524702149129041,1,2
334ac465b405,0.09475358043639634,0.5830297584900097,0.22402143102607447,0.09819523004751937,1,1
336e2335b62c,0.574759054799824,0.20715401135299286,0.1593412781465768,0.05874565570060595,0,0
336f9f6681a0,0.20656849054238086,0.5802441049142529,0.15245210172046045,0.060735302822905686,2,3
33711998b257,0.07674354757095314,0.6551939541651122,0.17950648569123767,0.0885560125726972,1,4
33745ae11797,0.15694767676974533,0.6672975395927995,0.1403364018824977,0.03541838175495788,1,4
337a7a92aa4a,0.2067126103987108,0.4986601358214589,0.20662966455183368,0.08799758922799672,0,2
337e3525ca2c,0.08679201681328098,0.6317220682477372,0.17235403242741543,0.10913188251156648,1,4
33a89772f781,0.03990414757240853,0.7702271026690395,0.13270182362085953,0.057166926137692343,1,1
33b6e91fe73a,0.31160207060878287,0.3471511665180565,0.25432829535464807,0.08691846751851273,1,3
33fca09f2e00,0.22780390633608974,0.5665338528409083,0.10855355019439093,0.09710869062861106,1,0
340106349073,0.2724844658513764,0.3618025157792812,0.268852875203541,0.09686014316580155,3,0
341323496486,0.49592776621415535,0.23188409129310408,0.20152577271680566,0.07066236977593487,0,3
341a8f794069,0.18059168563155817,0.4488263420828972,0.26321293456554,0.10736903772000467,1,1
34366c4dcaa6,0.6326609940911777,0.20458762214558096,0.11167754772938612,0.05107383603385499,0,4
34483c9319e9,0.1312825723074102,0.5854679501741498,0.19239151900588897,0.09085795851255123,1,3
345d0da3ba63,0.11542590768104044,0.6124559170653839,0.20767018557049166,0.06444798968308409,1,1
345f41e15373,0.27065123337938307,0.38529089121516163,0.2552608096455722,0.08879706575988289,0,2
345f8129863d,0.42291383280847533,0.25665095480929734,0.20589254561418918,0.11454266676803808,1,2
346c65dba4d5,0.19648637099913452,0.4355788803382666,0.24785931390322685,0.12007543475937213,1,4
347c521c9d97,0.027155539806556165,0.7716082322799489,0.12572385823833457,0.07551236967516049,1,2
347f9ca3f295,0.14539703283717118,0.5621460822071824,0.18490288426968846,0.10755400068595826,1,1
348bf841d923,0.39679869712742977,0.28337805446186215,0.2208541241412083,0.0989691242694998,1,0
34b3c1b15cde,0.09394246124715444,0.6823984232573267,0.1774238372498164,0.046235278245702206,1,3
34cff27c2a43,0.06582589522769276,0.7543128038527138,0.12534415554858078,0.05451714537101266,1,4
34d360dd549f,0.36904550255783075,0.25913508547417285,0.26432573390759423,0.10749367806040179,0,2
34d7f214a7e5,0.8580816846430362,0.050334493174473784,0.06729126282674919,0.024292559355740474,0,4
34d9932348fd,0.7160123286553781,0.10508674161542475,0.12520215637370885,0.05369877335548861,0,1
34e76fd17a93,0.5739753903870822,0.2335717156116814,0.14513310072666621,0.04731979327457005,0,4
34f012146c73,0.33544545270583775,0.2142772714136623,0.2951050654958571,0.15517221038464274,0,0
35035b97e536,0.058725133190657315,0.590479149946963,0.16794952140164807,0.18284619546073164,1,2
351c9f9580db,0.364446438530453,0.3483087731973496,0.17687872460153128,0.110366063670666,1,2
352cd75fce3a,0.03125990792912348,0.7432896101454343,0.17591132997229442,0.04953915195314768,1,4
3532ab7e51f2,0.5229069905633212,0.31824073963982036,0.11693657496855424,0.04191569482830367,0,3
353e8d1d3147,0.15575805771704465,0.4825373791912819,0.2581930397630517,0.10351152332862165,1,4
354ac6bf2105,0.05129042697743181,0.6675430813126046,0.2149580512767895,0.06620844043317414,2,0
354d310f53ef,0.1543125388627117,0.46598659992092256,0.2902383574204778,0.0894625037958877,0,0
354e69d0e3e4,0.7229858168123773,0.12594231117156696,0.09976008003654689,0.05131179197950855,0,2
35521a34aebc,0.2711574548460128,0.28756402914858126,0.31986530568700877,0.1214132103183969,1,4
35547e12df7f,0.5758337410346326,0.21581110146978644,0.16340533651186737,0.044949820983713404,2,1
3572cab7a345,0.08943951618730724,0.5125010941045559,0.3181928473770908,0.07986654233104575,1,4
357734e7588b,0.10740231203407248,0.4622336368224769,0.30748432913020846,0.12287972201324211,0,1
358e736e289e,0.7249342228855277,0.08017258279241833,0.15847888405851188,0.03641431026354236,2,4
35aff487b8ce,0.6435077230074682,0.13241361005838057,0.1507233387337624,0.07335532820038844,0,0
35e22da3e615,0.7153207203184935,0.09743957760495243,0.11353423494159552,0.07370546713495887,0,3
35eb68ca9b50,0.22277555753544162,0.5596304414573984,0.16689176330387467,0.05070223770328511,1,1
35f1420690fb,0.4120344298698447,0.3306517815553609,0.17222263526201045,0.08509115331278384,1,3
35f759f8d1b8,0.5594854244840285,0.22246502259033124,0.14332759596171765,0.07472195696392277,0,1
35fece530971,0.21571372135756015,0.4475487348613087,0.24598076599735663,0.09075677778377471,2,2
3605ff235600,0.1051469714162668,0.6624089386397761,0.18886360204542707,0.04358048789852999,1,0
360a419fd953,0.30916573356611227,0.3966185384614409,0.2271468180747915,0.06706890989765528,0,3
360c787839e7,0.1177911156456454,0.5686414618573958,0.23047825809711342,0.08308916439984544,1,1
3617282997a6,0.141938495476784,0.4325741669797808,0.3279602618925844,0.09752707565085098,1,1
361e431e4401,0.1612543599621739,0.6190315403276492,0.14264675817202524,0.0770673415381515,0,1
362a970635e4,0.2791299879736197,0.43223393254894693,0.24575543519015472,0.04288064428727859,1,3
363454850843,0.25407194737338207,0.4431587452640614,0.21623967459366808,0.08652963276888867,0,0
3638f959c7a3,0.7164371591308255,0.11685137000556708,0.13077221971593098,0.03593925114767621,1,3
363eb5029f21,0.059586500792099616,0.7554619463369564,0.12362129954734746,0.06133025332359598,1,0
364f5d65a02e,0.0963742252840531,0.649810521757828,0.17712609206279262,0.07668916089532604,1,3
36582a5faf1a,0.2726119817264639,0.33315975870948467,0.2333759098006693,0.16085234976338222,0,4
366c5acac35b,0.283230022613907,0.39724697071772525,0.2523503140443643,0.06717269262400342,1,0
366fc85a2ac8,0.131635194526561,0.7520034843769208,0.08353752317352245,0.03282379792299499,0,2
36746fa2ffc4,0.014262485335458907,0.861254281435653,0.09519113574697842,0.029292097481909727,1,0
3694e0a1d9aa,0.1259422174647554,0.622934151360353,0.2049957607240426,0.04612787045084878,1,0
36a0d836672c,0.5947033841083675,0.23268034656415182,0.12498074772071062,0.04763552160677001,0,3
36aafc1b1c20,0.1250977037017091,0.559552937754725,0.20517932453604956,0.11017003400751677,2,1
36b8b0686937,0.4644768264713588,0.3086140695046905,0.1920329133833646,0.03487619064058641,1,3
36badedeccd9,0.3430582627524353,0.3105698856323448,0.215970315688659,0.13040153592656112,1,2
36bb4db0e4cf,0.255412435482814,0.49395779659456607,0.15203204262041123,0.0985977253022089,1,2
36cbfe6f866c,0.1790144001967028,0.5854034407668365,0.17340617562967667,0.062175983406784346,1,1
36d6d8418099,0.644627703645557,0.09369314469138151,0.14627826288045692,0.11540088878260465,0,4
3708f056c708,0.06900809676158587,0.7442056304436974,0.10956303265614188,0.07722324013857454,2,0
371638df8cd9,0.5749275004778078,0.20566878683376813,0.16180499396059198,0.057598718727831975,0,2
372796623006,0.5774112427988884,0.18770642907936705,0.18366756192147063,0.05121476620027408,0,1
3729a3c2fafa,0.3649870457372825,0.3409952214116548,0.18286196447310263,0.11115576837796005,3,2
372b63702c46,0.1440575379812228,0.4674713829343277,0.2527764268034297,0.1356946522810198,2,3
3741bdbdbd77,0.6657545707060809,0.15495462034839516,0.1309061844781929,0.048384624467331244,1,0
3757a5a70aa8,0.16795096090922335,0.6079023094617204,0.17817245833890316,0.04597427129015321,0,3
375cac343d45,0.18627425399698547,0.44486471249363335,0.2329451759233638,0.1359158575860172,2,3
376a75f57405,0.31590670927541337,0.2511950360679239,0.23740273821112826,0.19549551644553465,2,2
376f075346cd,0.09114547533872158,0.6533631699039003,0.17527117437465325,0.08022018038272449,1,3
378cee3c149f,0.146607193767313,0.5625177891092115,0.2125098241461613,0.07836519297731431,2,2
3795c5ddd545,0.6860328761286,0.11457809491289209,0.11351471802900122,0.0858743109295068,0,1
379799f990df,0.17328871043219643,0.5973234152717405,0.17374981497550804,0.055638059320555114,1,0
379b92fd1ab1,0.39695990176669255,0.2932369529435022,0.1880965245343794,0.12170662075542579,0,0
37b284b23465,0.05924965980265814,0.7842762552431608,0.11076712393808659,0.045706961016094255,1,3
37befe3703ab,0.23149972899286428,0.3738699448928824,0.22828063559376544,0.16634969052048793,3,3
37bfb5f1f1db,0.6939420874743976,0.0836206445330923,0.18048180669648617,0.041955461296023865,0,4
37caabf49a4e,0.25019045882483965,0.5045183577777291,0.2132387858527191,0.03205239754471207,1,4
37cbbdceaef0,0.0519362075016625,0.7492206433207705,0.13063473541477624,0.06820841376279096,1,3
37cfe520e66d,0.4751189381647502,0.25589007250477086,0.17698004235788944,0.09201094697258937,0,2
37e18d937dcd,0.6608113218701578,0.16576730922162283,0.09899220196911072,0.07442916693910874,0,2
37e3551e2f47,0.35422972174459727,0.3308238077579217,0.1689179251581462,0.1460285453393349,1,4
37e503d42cdc,0.06716016352751224,0.5835123979689384,0.2835150979081442,0.06581234059540524,3,0
37f2b094c247,0.4399786755438668,0.156345584374209,0.2909307072543084,0.11274503282761604,3,1
37f638aff743,0.13893358046203005,0.46030743681695147,0.2360974737102708,0.1646615090107476,3,2
37fda69f3467,0.08885087677995564,0.4621960836657384,0.3258480937253711,0.12310494582893526,2,0
37ffdf650199,0.3827815515758063,0.22214213491836582,0.2609276045880326,0.13414870891779537,1,1
38016f8471b2,0.12737571181773044,0.69934333174842,0.13842712809708754,0.03485382833676174,0,0
38111e7353fb,0.019774670051799493,0.758533020346629,0.17219666354656615,0.04949564605500521,1,4
381951fcbfd0,0.1956776681542682,0.44933347947195523,0.27238256506978353,0.08260628730399307,2,1
3823cf1c6958,0.26649436119282655,0.5467916898923154,0.15156901385813634,0.035144935056721754,0,4
38322a96d92a,0.2152652389315729,0.4322658385119181,0.13127190929647595,0.22119701326003272,3,2
383b6e0770bd,0.6261098370980065,0.14482698601952898,0.19074258417935203,0.03832059270311261,1,2
384d1d316992,0.19629214213402546,0.38008812247993257,0.29517884326124855,0.12844089212479368,0,0
384d84fbb4fe,0.09740303042911971,0.6302822864424463,0.19726281080207542,0.07505187232635824,1,0
386026264f01,0.05241452666991957,0.7910787861408201,0.11301181729350032,0.04349486989576039,1,2
386520e49eda,0.5237524548630811,0.16402989952816435,0.20360430013786987,0.10861334547088466,0,2
3865c0d08f85,0.1586407622207768,0.4101126566265734,0.2969211610710681,0.13432542008158163,1,0
38682a78a52d,0.650480712635913,0.09038759716597983,0.1332050746341904,0.12592661556391715,0,2
386aa41785fa,0.5881758400751895,0.13556192162266528,0.22869337552349328,0.04756886277865209,1,4
38705dba1a96,0.14774858621837608,0.5795454354497226,0.2034505002827249,0.06925547804917641,1,1
387733d739e5,0.08619436980154567,0.6235082330798122,0.2127510273853801,0.07754636973326176,1,4
387984f51e7e,0.6244896105786475,0.1460559286020224,0.16515728970881152,0.06429717111051844,0,0
3882700d8f0e,0.4557633120207745,0.24849688676981171,0.21074054317968693,0.08499925802972681,1,2
38a1f0560e2f,0.20316899695372298,0.4901707300407111,0.22767613871879075,0.07898413428677502,3,1
38cce8d6f373,0.06460518941142664,0.6868078830773222,0.18922355792813694,0.0593633695831139,3,4
38d0b07a2c7d,0.2694278442021262,0.47548682740912973,0.16849444717478637,0.08659088121395761,2,1
38dbce9f5da1,0.11549922148043325,0.5590777044960995,0.255128289858482,0.07029478416498533,1,0
38ea4356df7a,0.10520127973341847,0.629348991005786,0.2049772455967298,0.06047248366406563,1,2
38f2e947567f,0.5680492539522763,0.2211755695421514,0.1639887145565717,0.04678646194900071,1,0
3913b40864b0,0.039043468784424,0.7146828621529161,0.19571147672275446,0.050562192339905575,1,4
39164e43c8bf,0.21917755051661963,0.41574265703401997,0.20773548789505406,0.15734430455430606,0,4
3920dc377214,0.6897387658503733,0.148485750559347,0.10810472202295976,0.053670761567319814,3,4
3927f0e451cc,0.06266435709454693,0.715431487052076,0.1811080445576971,0.04079611129567997,1,4
392a1b9dfb46,0.05702385566590731,0.7720995389316895,0.12228275732406672,0.04859384807833644,1,0
394a6b02efc9,0.07817290718020492,0.6740058028710911,0.1710971903251879,0.07672409962351653,1,3
394d1fbb6cc0,0.07572328101185753,0.6582159785319726,0.1956382203932568,0.07042252006291293,1,3
3965470a0126,0.18152648383763487,0.5770818718258615,0.17301441688663896,0.06837722744986492,1,3
3972d79dd977,0.19250868984784386,0.4350086568490515,0.2786624480280785,0.09382020527502631,2,4
3976f3f36b35,0.5175739283057134,0.2538904442762499,0.17862437011343202,0.049911257304604946,1,3
397ae205b6db,0.677490172538744,0.12590226597695908,0.15818026677989191,0.0384272947044051,0,0
397ae5aecf2a,0.1758352760427807,0.5452608190867293,0.17145748372853206,0.10744642114195792,0,4
3993e1dd3d8a,0.15424366481603802,0.5252184801479983,0.23032775334177896,0.09021010169418481,3,4
3995fbf3b106,0.17023751878628293,0.41597835209569073,0.23643700152435818,0.1773471275936681,2,3
399b7608576d,0.16327741739067847,0.6025506044101229,0.1533274581274123,0.08084452007178618,2,4
39a56d7788fc,0.4084213447740744,0.1756713877865156,0.26942826870272835,0.14647899873668163,0,4
39a6ef0d976a,0.21213422806113807,0.5227310252274571,0.1878697391324841,0.07726500757892063,1,1
39a80a14bfda,0.06425299095583563,0.5062901763215932,0.3329649854574788,0.09649184726509237,3,0
39a99407a17a,0.10027001498843623,0.5719847372881064,0.24933059793383772,0.07841464978961984,2,1
39ac58218ee3,0.6896037818848273,0.09200292469605842,0.1688780218433311,0.04951527157578285,0,3
39b9303331d6,0.10949988654278416,0.7242206330585873,0.13704638705400357,0.029233093344624973,1,0
39ca2531a729,0.0355954289419831,0.7749339935227186,0.13618169160308408,0.053288885932214376,1,0
39cfc88f6f20,0.15541836078785337,0.5134809103726371,0.21983153358344984,0.11126919525605955,0,1
39d1962d37d1,0.02112470017169275,0.7668049573128508,0.16636177200902344,0.04570857050643299,1,0
3a01c7f8d00e,0.09154800477512201,0.5437172989100358,0.22047394601544068,0.14426075029940114,2,3
3a0391a11c60,0.07932588786323007,0.6653741331349473,0.14757434364678942,0.107725635355033,1,2
3a07d9311567,0.2785376017470479,0.45042868292451976,0.21323528696164046,0.057798428366791665,0,4
3a0ce16d6362,0.43215539143684484,0.28229076571202333,0.17013305273643767,0.11542079011469439,0,2
3a1aad9fe90f,0.1848292125478026,0.5086991442896639,0.2504548862269524,0.05601675693558119,2,1
3a2ab0d08864,0.1512309719003766,0.6325904042965219,0.14844105836241536,0.0677375654406861,3,3
3a3975e0fae6,0.4302270973453551,0.3693647093276415,0.11381169641653563,0.08659649691046789,2,3
3a3c198051f0,0.17198512347688114,0.5382474326222765,0.2141033574702044,0.07566408643063814,2,3
3a54ca31df78,0.1290820927394027,0.6835205171752012,0.12907426188839358,0.05832312819700263,1,1
3a65207debb0,0.7556785468868087,0.07756132757042347,0.11644184764981409,0.0503182778929537,2,4
3a6c6141fdb3,0.6135223855984784,0.19301337207547584,0.138692016985371,0.05477222534067449,0,1
3a7061149c0a,0.11418644062411025,0.547716914914427,0.22696514299488624,0.11113150146657656,3,2
3a7cad485369,0.22273142691256947,0.4706584611170427,0.2507028482336513,0.055907263736736275,3,0
3a92284ff753,0.7277494854076716,0.14045757465860859,0.0851374092543741,0.04665553067934597,0,0
3a985664cd4e,0.22015058712486296,0.32224907816919657,0.27113631727249404,0.1864640174334464,1,4
3a9d3f1fdd81,0.08785123226803483,0.5821173928723038,0.23368583869645407,0.09634553616320751,3,2
3aa2fb153a2f,0.5925834570154014,0.16446862473529264,0.18384547139316576,0.05910244685614009,0,0
3acf095adbf4,0.7180054287764039,0.14171944164797853,0.10132443112986378,0.03895069844575384,0,2
3adf9086a151,0.6068867000305079,0.19544074375494724,0.15361024703882573,0.04406230917571919,1,4
3ae836708e67,0.3855339539790545,0.26666141699650014,0.22863943975903053,0.11916518926541489,0,3
3b205aad9af7,0.07144564076019795,0.6277083288080162,0.18857214284080914,0.11227388759097674,1,2
3b317a8d01e7,0.31155447642576567,0.4079725600128361,0.22955480228934388,0.05091816127205431,2,1
3b3f6099e50f,0.21794382738466825,0.567315011656253,0.1594246178748995,0.05531654308417918,1,3
3b4ad94ce2ba,0.7239783365479607,0.08299099129697572,0.14319238894581754,0.04983828320924578,3,4
3b4cdf9a776a,0.031333012052915006,0.7621504608210993,0.16111620590301032,0.04540032122297541,1,3
3b4ee5bd11b3,0.1684940546669071,0.6074811115952896,0.1504762074453055,0.07354862629249805,0,1
3b5009bd67ab,0.5316030114747391,0.18705053835551883,0.17130861071937567,0.11003783945036633,2,2
3b5207b6f84d,0.1706441446602446,0.5668631671398511,0.11917662460864473,0.1433160635912599,0,0
3b57d6722817,0.10702068864007486,0.6437724227310864,0.16079867879900767,0.08840820982983122,1,1
3b69158045ec,0.6383594829512962,0.19181695154831446,0.12439303479232355,0.04543053070806576,1,1
3b842e573d63,0.3032164034972865,0.2871278664772348,0.3074719136882508,0.10218381633722766,3,0
3ba744292b92,0.07875798768824478,0.6517822547935814,0.2198795307962207,0.049580226721952954,1,2
3bb35461687d,0.05021238708286569,0.8159983881833184,0.0996844077503799,0.03410481698343585,1,4
3bbcfe7bb63b,0.1484881924407061,0.40861086849767153,0.25745149099286313,0.18544944806875902,1,2
3bc25f4361e2,0.16578060024306224,0.5700456675183859,0.20079496706437627,0.06337876517417543,1,3
3bd90e114e5d,0.7287332012163851,0.08879165027780288,0.123132199253539,0.05934294925227289,0,0
3bdf88144fa5,0.6888115158756839,0.1432795251212257,0.11141558679315844,0.05649337220993222,0,4
3be9203f616c,0.10442934782850359,0.5834163325870607,0.22342720308285693,0.08872711650157881,3,3
3bf0ba9cac51,0.3484514522947373,0.3852487548421654,0.21945968337464006,0.0468401094884571,0,2
3bf5a489d804,0.07027053512798863,0.6936214594956823,0.17100176270321263,0.06510624267311672,1,2
3bfb13733ff0,0.07186806895655622,0.7401332205901571,0.1455811644989462,0.04241754595434063,2,1
3bff1d73230a,0.1330879400732368,0.6681093918504578,0.1339057894809945,0.06489687859531094,2,2
3c13375ee625,0.1228320890010252,0.6437026161602,0.16765524994558378,0.06581004489319131,0,1
3c13edac81eb,0.7748988295735375,0.11362239281256241,0.06663176584082861,0.04484701177307174,0,0
3c3399f2170d,0.03927779508005893,0.7664484847027366,0.14458719052992414,0.04968652968728044,1,1
3c4bae86dd43,0.07501177883244345,0.559600564140424,0.25405789931057343,0.11132975771655922,1,2
3c66c7eef4db,0.04825208809230672,0.7666005748582521,0.12906124158989418,0.056086095459547,1,0
3c7633f8a03d,0.04983645889492714,0.5932367249504229,0.19915995215580826,0.15776686399884182,1,4
3c87dfa890fa,0.3137830205058628,0.3419195812671894,0.24344196776163798,0.10085543046530979,2,2
3c88bd82fb37,0.0867398061268315,0.6004610501614579,0.22131105355125488,0.09148809016045596,2,3
3c93b438df5c,0.2747562093264118,0.4155438142313481,0.17934127038610737,0.13035870605613284,3,1
3c9540566f10,0.22445133701650805,0.3923604306791355,0.31185102032291456,0.07133721198144198,1,2
3c97acaaf4e5,0.5559548221029906,0.19802211344210272,0.14817935301381607,0.09784371144109086,0,3
3ca4e2ffedff,0.21357212188328395,0.4663030747695537,0.22718414397128073,0.09294065937588178,1,4
3ca7c79b3eac,0.4924627552820743,0.22846807817401157,0.1996655555358716,0.07940361100804261,1,2
3d0812e8b857,0.06386079212477401,0.7673509430303271,0.12235208989417416,0.046436174950724614,1,2
3d258ae21e22,0.18262270080141077,0.4453964658516375,0.24922518092091675,0.12275565242603505,0,0
3d33841de910,0.40441995675025105,0.39019871168346615,0.14736092837306122,0.0580204031932215,0,0
3d46777c79fa,0.15291028545076568,0.5800852052975721,0.1877637932316629,0.0792407160199989,1,1
3d4ceb0fe08e,0.13165676991227607,0.5710033860520027,0.18798603223759425,0.1093538117981271,2,2
3d5778dea835,0.36962067080146427,0.3345626695392574,0.24970825329013,0.046108406369148605,1,4
3d6155f6d4e6,0.7365466482705272,0.09494044305311654,0.134897910006142,0.03361499867021448,0,0
3d6a6a938f4d,0.05114711031986886,0.7473937801248663,0.125740572614805,0.07571853694045941,1,0
3d6e135dc416,0.34410965140532424,0.43768594653849446,0.1641258527481852,0.05407854930799604,1,4
3d7a5814c41f,0.037607786330081605,0.6654252790081827,0.18234100040202023,0.11462593425971553,1,2
3d9b3b0801a9,0.07267919040001457,0.6723132267846804,0.14933225475029155,0.10567532806501355,2,1
3d9d054474b7,0.6243669717053162,0.12972668573853544,0.1872037712957051,0.05870257126044301,3,4
3da10090af63,0.3462799997611632,0.11652133432054838,0.25686318928578883,0.28033547663249986,2,4
3daae55407fc,0.733889530685952,0.11128601987647821,0.09709155220176799,0.05773289723580174,1,4
3db73bde49a0,0.07301601472346364,0.5065800251056682,0.3126969656724229,0.10770699449844534,1,4
3dc69e5f2b15,0.04107630063183834,0.7589707591861139,0.15807043916428232,0.04188250101776611,1,1
3de21b98d4b0,0.645790647436205,0.13449154654543774,0.12233667157053522,0.09738113444782215,2,3
3de827a029ee,0.1709066812933167,0.6201852395248412,0.15333570883230813,0.055572370349533703,1,3
3dedb0639734,0.46682835797249345,0.1313032943828318,0.24471102406607873,0.15715732357859616,1,2
3deec0a549d3,0.17826788448642134,0.6348469680089855,0.16125153988674032,0.025633607617852813,1,2
3df22af63de9,0.526733324094978,0.18301707875239992,0.1933949606102266,0.09685463654239546,0,3
3dfc66e41bd9,0.022457518221064024,0.8311799837430216,0.10496461037792731,0.041397887657987104,1,2
3e0dde11b059,0.017443139841549958,0.7602516561637261,0.13971974340982068,0.08258546058490308,3,4
3e22009db59b,0.050874821021225355,0.7694164517360442,0.1334951745287116,0.046213552714018766,1,2
3e2d6faac5dd,0.09137300308982467,0.619578362386001,0.14690663453969835,0.14214199998447552,0,2
3e314f95dc5f,0.06975508329152956,0.6258863697742333,0.1909294778694242,0.11342906906481268,1,3
3e3329765aaf,0.46427439785979796,0.16053700958257314,0.25354201652159214,0.12164657603603646,0,1
3e4037b0506d,0.7713767390356518,0.08057334263043711,0.10883923814116092,0.03921068019275014,2,0
3e51ede7ee7c,0.6265567640800128,0.18560064334818852,0.12557838404716204,0.06226420852463634,0,2
3e585150ed8c,0.13343456217985206,0.6369694415065404,0.16959366482226088,0.0600023314913468,1,1
3ed3d85a4caa,0.6756896339725612,0.16072018890979922,0.12333886347527669,0.04025131364236285,0,3
3ed6283fd966,0.04703014221573725,0.7587813215252861,0.14328161412043544,0.05090692213854103,0,1
3ee0ccf7f5a7,0.10587071279549642,0.49627374248511896,0.20984288149789157,0.1880126632214931,1,2
3ee6ceb2040b,0.08770963356872312,0.6830865258950896,0.17772533367411067,0.05147850686207648,1,4
3f1e5e240522,0.24959085851488055,0.25475439129293764,0.37694385228726557,0.1187108979049165,0,0
3f2755948419,0.059294185195575035,0.7710831504061035,0.11962507786853863,0.04999758652978262,2,4
3f2ca41bae34,0.7406287578909558,0.06650608222160728,0.12684120564315096,0.06602395424428613,0,2
3f457bc13b99,0.20531379566997393,0.4305866312058978,0.2755205098612648,0.0885790632628634,2,0
3f4c9c73330c,0.12932425214683269,0.4485556230502879,0.3261574190591048,0.09596270574377427,0,1
3f667806b517,0.2091434624348515,0.5012553938101479,0.18675474430605646,0.10284639944894405,1,4
3f82bb3ef348,0.19252409267091133,0.3782359554565881,0.24812113353261384,0.18111881833988694,2,4
3f8ed621f16e,0.04625830801486537,0.7521112912194068,0.14964167024052,0.05198873052520781,2,3
3f91d11cef59,0.12378668011587377,0.6207869788460016,0.19689734146631988,0.05852899957180468,1,2
3f984f0aa172,0.2810161721417548,0.4108423803637475,0.2111243226175735,0.09701712487692418,0,2
3f98f789e62a,0.22207448238163882,0.3561666265795137,0.3133762349436352,0.10838265609521246,2,3
3fa878dddd94,0.6151487400471044,0.23427757364616408,0.11527922426660488,0.03529446204012695,1,4
3fcc2be34719,0.13830981172974793,0.4163798646242713,0.3551359144980807,0.09017440914790033,0,0
3fd1aead516b,0.07591152467750116,0.5818736017314613,0.25071660128600837,0.09149827230502916,1,0
3fff6c83cd81,0.3140119711338846,0.42108185979936225,0.21982819827913638,0.045077970787616814,2,0
400f0c7e4de4,0.2139537167595276,0.3775931801893597,0.3057653964194411,0.10268770663167148,3,0
402dfb591509,0.4736522432125195,0.246113894691257,0.17373218150217065,0.10650168059405264,0,1
403f9fb0ef31,0.05220548346576613,0.7994905624747694,0.1176356502445452,0.030668303814919425,1,3
40618161dddc,0.11275962174576354,0.5486027957989456,0.2614100070365953,0.07722757541869563,1,1
4063853b3cab,0.0343058256534221,0.8039710604443534,0.1097420338761337,0.0519810800260909,1,0
40689b3c62c2,0.20329203223557288,0.5182487431918095,0.20041151572880508,0.07804770884381212,1,3
40925ddc68c3,0.4269398651007669,0.18023958116809366,0.22060890239784464,0.17221165133329483,1,2
409d2496f978,0.21254915195245502,0.4858544448651143,0.22937867985888438,0.07221772332354602,1,1
40b6a080d09a,0.04301773628563651,0.6636527134092467,0.13356188407626188,0.1597676662288551,1,0
40d4ba72961e,0.08081782077068873,0.616711981602784,0.24075933587527837,0.061710861751249374,1,0
40d67faaee75,0.4427137245930761,0.30179535983232647,0.17092040362177996,0.0845705119528174,1,0
40d817276317,0.11688347376772212,0.5234247402079776,0.25845659455362413,0.10123519147067617,2,0
40faddf1bb05,0.2592673287905542,0.36360413012179527,0.302031290452032,0.07509725063561833,1,0
410819eea797,0.30206887127190846,0.468557310191196,0.17237620759536476,0.05699761094153059,1,3
411149653816,0.4442170869937542,0.33897593260658654,0.15092239501710392,0.06588458538255557,0,2
414a2893624e,0.109366813582169,0.6634312289473366,0.1589095712562206,0.06829238621427365,1,2
416edca973f9,0.08580194372245227,0.5140619215896595,0.2739716955537971,0.12616443913409137,1,2
417584cecd96,0.1052468440072922,0.7221145072883501,0.13049759365773833,0.04214105504661933,1,4
41792cfb0e74,0.21357724728065564,0.5486056320670246,0.13242554376591878,0.10539157688640106,2,1
4180aa686422,0.2604036459430341,0.3542401005592195,0.3144586114023087,0.07089764209543782,0,0
4189ab7c6027,0.7656780221114087,0.07275702248884032,0.10319920331529844,0.058365752084452244,3,1
419b460cc514,0.033446458498474566,0.8035270798188578,0.1276748171040922,0.0353516445785756,1,2
41a4d1a7f399,0.02684341067205767,0.8228700870256616,0.10176399816946038,0.04852250413282018,1,3
41b664bf705e,0.1428217907467503,0.6139207020315514,0.21026859464235972,0.03298891257933862,0,0
41b86a3012d5,0.043016209252868594,0.7120713458096972,0.1471133775064591,0.09779906743097495,2,1
41c32b7a5b44,0.4718708984011672,0.35163505922740473,0.12165731915721689,0.05483672321421129,0,3
41da13080a64,0.5045119937255915,0.17038082486602793,0.20010295384344734,0.12500422756493312,1,0
41f2bb5ef2e9,0.22974478050748598,0.40681017886197485,0.28383317037781625,0.07961187025272297,1,3
42091afaa4be,0.09030051309677353,0.5527604063690253,0.18287213617347509,0.17406694436072598,0,1
420bb7be8ab2,0.6331574082006305,0.107272077969494,0.13749256932001896,0.12207794450985672,0,1
420d52239d7d,0.32769618382156046,0.3874965474271963,0.16999082900146134,0.11481643974978163,0,1
4213b8c96b2d,0.3075710127090373,0.40798942155436263,0.1616087779397896,0.12283078779681002,0,2
421789206c7c,0.11219494934500157,0.6824879203569412,0.17592295200280267,0.029394178295254536,1,1
422689777b34,0.14971398919676462,0.7020462805184534,0.10788369386131168,0.040356036423470826,1,4
423d5a5b56b2,0.05451047396035674,0.7569289083109537,0.14327368626982248,0.04528693145886701,1,1
424fb90a4bc1,0.36603334942094473,0.3656339226178652,0.1947231358425753,0.07360959211861448,2,4
425baa3b6167,0.088771339212764,0.5711872399579151,0.2397487567112061,0.10029266411811481,3,4
4278049d12e8,0.4066148397445708,0.31799532610863024,0.21671936121852775,0.05867047292827114,1,3
429a5f79ac0f,0.14710382686877102,0.620794177862845,0.16219608206771477,0.06990591320066913,2,1
42a5ef66e3d4,0.06247009261387582,0.7485163789419741,0.14245234559049388,0.046561182853655944,1,4
42a9025e9d29,0.659014665448818,0.13536019170787228,0.1439375446690534,0.06168759817425647,0,2
42ad2e4feb4f,0.06991310313039807,0.5301077490522171,0.28443379096851823,0.11554535684886613,1,0
42c28fffc31d,0.33028036098291014,0.4393430701723097,0.16361526028663853,0.06676130855814157,0,4
42ce6191e14e,0.08896271018046006,0.6943777529247122,0.14731253707960554,0.06934699981522276,1,1
43001c00ccca,0.23518016330316063,0.4256545087088126,0.20035849859899002,0.13880682938903693,1,1
430855f2a4ff,0.47810719310562577,0.15701499993734094,0.2531802161071728,0.11169759084986039,0,0
43183eb0a475,0.14467690724143287,0.5043605227937308,0.25085127699567444,0.10011129296916198,0,0
43213dfca450,0.374704406102733,0.49561284301901537,0.1015388969374164,0.028143853940835246,1,0
4323961acfb5,0.04933840897331884,0.6777189419361023,0.12869696690594584,0.14424568218463316,1,4
433fdf0e14fa,0.4591071949581056,0.2538365601724439,0.1628400056039034,0.12421623926554724,0,1
4344f4c7ca1a,0.1303533268215968,0.5583284489531496,0.20230680568425816,0.10901141854099554,1,3
436ce67eb424,0.4952510700113997,0.2966776671987297,0.13443431673929007,0.07363694605058048,0,3
437964b36522,0.0644626124826944,0.6885138840604093,0.1820407824800144,0.06498272097688203,1,4
437efcc34243,0.2341818233804986,0.32153417016706776,0.24796385233710114,0.19632015411533207,1,2
4384bea76688,0.40771454771930815,0.27511280684300116,0.20356189362037344,0.11361075181731685,0,3
4389b99b9c49,0.12978547829074827,0.5886061704898948,0.19492737939575483,0.08668097182360193,1,1
43ab168173df,0.23128702786036034,0.459257826015688,0.2445982343482747,0.06485691177567716,0,0
43bcd9cbd79a,0.09624506580791767,0.5517220530400485,0.27847521373301687,0.07355766741901705,1,1
43c65f4830dc,0.649671339528028,0.1664583547652681,0.12679409850029225,0.05707620720641163,0,4
43caab830455,0.20617269828303586,0.4596564885728465,0.2682135146642598,0.0659572984798577,1,4
43e05e0b34b9,0.06136030954860167,0.7496282790739286,0.12778212199804476,0.06122928937942515,1,2
43e48c2c4291,0.7609453987948978,0.05747541538624464,0.10473299629429993,0.07684618952455785,0,2
43e67cd54343,0.06804203614370308,0.6649520184009498,0.1992252734879941,0.067780671967353,1,1
43f4282677e6,0.054197142130811934,0.7234165252626763,0.17017088527211263,0.05221544733439905,1,2
4403b3a0764b,0.0934045730696657,0.6687025897153631,0.14710291800460026,0.09078991921037101,0,3
440cde50a7f5,0.22890929791869663,0.4861014378021658,0.2238128136794336,0.061176450599703905,3,0
44164216b8ef,0.05650213638475842,0.7480795066499881,0.17054030423762884,0.024878052727624552,1,0
442570bcd62f,0.0798999321619078,0.4361850530309411,0.25749929107061076,0.22641572373653998,2,1
4453f1641121,0.3204495139069238,0.3548177277739498,0.2535734028698405,0.07115935544928598,2,1
4463659093ea,0.017029002396268547,0.8540551397965968,0.10138132365724559,0.02753453414988885,1,1
4475325ffe2e,0.14388821054748954,0.6492057340467606,0.11639996320709407,0.0905060921986558,1,0
4486acc30384,0.1794049240186869,0.5462771873271955,0.1732846331469383,0.1010332555071793,3,2
4492a7f00b5f,0.0707061146000166,0.7623101821686913,0.11607624180683049,0.05090746142446178,1,1
4499cf9d764e,0.6822508022163366,0.12152477395514787,0.1478744563532313,0.048349967475284035,0,1
449a4e07e0a3,0.1262231156386381,0.6022910735609834,0.18395019792068038,0.087535612879698,0,3
44b3c1b1bf89,0.11941693183554442,0.6139524665491746,0.18728219218960812,0.0793484094256725,1,4
44b6c4a4f9a7,0.7640999777494852,0.052519068017061084,0.12377396660438257,0.059606987629071094,0,2
44d4bd051e1f,0.6551157945721583,0.15685966997553227,0.10266498057341883,0.08535955487889062,1,2
44fafe9c97eb,0.04144973809990683,0.782246614099237,0.11484502664970106,0.06145862115115528,2,2
454cac81825b,0.537266124299393,0.24889209660795375,0.16082238427507586,0.05301939481757747,0,0
455cbab8acad,0.3554832887383427,0.39485450620500573,0.15466086301358364,0.09500134204306801,3,3
45642bcec833,0.2861459955874491,0.32576156042102244,0.23023466002929274,0.15785778396223557,3,2
45666ba64453,0.48063449788718726,0.17038581469106248,0.2521429524522532,0.09683673496949713,1,2
456c2a3abcf7,0.055078510814450345,0.7620259275965369,0.12410153025307065,0.05879403133594228,1,3
456f61eec895,0.03599787345455936,0.7421851817302068,0.1563294658368393,0.06548747897839458,1,4
45725d3453c8,0.1214060764635051,0.5911866842580359,0.18448052850927607,0.10292671076918304,3,1
4593937b2976,0.7497909755746572,0.06729979885550892,0.14093564411838538,0.04197358145144828,0,1
4595c11984c3,0.11301253812304532,0.6812969992848358,0.15502559994779022,0.05066486264432879,1,1
45ba102094d2,0.13516711248659805,0.6809308269484416,0.14228160034983758,0.041620460215122355,1,1
45dbef1cd1d7,0.022570714178275192,0.823431557015919,0.09940367256073036,0.05459405624507549,2,1
45ef9c8f3a29,0.23664333478094896,0.3970228865741568,0.19373332339957056,0.17260045524532372,0,3
45f32c71c022,0.15080770000118973,0.46102609108203424,0.2700319031083943,0.11813430580838191,1,3
46096e40afc4,0.04167937524053183,0.6648899033651626,0.20806487335893853,0.08536584803536687,1,2
460e1bb0eb6c,0.13705865703831457,0.6065683298385555,0.16556188266308783,0.09081113046004217,0,2
461eb648381b,0.027477740396664212,0.7976337122290749,0.09553560475706852,0.07935294261719265,1,3
4624eb6a47d9,0.14167617345084266,0.5771441693711925,0.21577959274060388,0.06540006443736095,1,3
467079e557f6,0.04114921836871322,0.8013423031139061,0.1153745830173786,0.04213389550000197,1,3
4676a91a79e1,0.4607232668870556,0.26701302050151504,0.19280976393203866,0.07945394867939036,2,3
4676ccc3da0b,0.1031023062086432,0.6111746577622579,0.21987712179616414,0.06584591423293472,2,4
46789391270f,0.09845752081447053,0.636823467019883,0.17563483209954017,0.0890841800661061,2,3
4684064a1c67,0.4253256399821966,0.26984717309111894,0.20754162030932682,0.09728556661735768,0,3
46b5875e3f4b,0.0339289239623438,0.7416638324443195,0.15507294416998432,0.06933429942335209,1,4
46b59bea8e92,0.0853279899520604,0.6999127390428013,0.13949217381478307,0.07526709719035485,1,0
46ee7cfd0bf8,0.5418692833664797,0.2043637100583166,0.20165062035948056,0.05211638621572366,2,3
470b3d8e543a,0.030058810451625693,0.7272893064686083,0.16173040407619446,0.08092147900357118,1,1
470d1f1abc74,0.2203188390678158,0.46049987653616353,0.2549410766421291,0.06424020775389154,1,0
47184d6ce9d8,0.01598434200866705,0.8354387778024638,0.10194550163808068,0.046631378550788576,1,2
471af1d3f5d0,0.03700201585245586,0.8064317918911749,0.1308193452600885,0.025746846996280544,1,0
474a199db1f7,0.14954811383199212,0.6100091194720137,0.14604880007908624,0.0943939666169077,1,2
47666c3cd3de,0.6244485048653399,0.11883742297498692,0.16840412198252444,0.08830995017714911,3,4
476c4e9bd0e8,0.05085656591184119,0.7910849061050581,0.13804013629244571,0.020018391690655012,1,0
478ecae73c0f,0.0770511607562736,0.548527919222321,0.27717351891792097,0.09724740110348419,3,1
4797141539c1,0.07640456512893855,0.6512489295711041,0.20467072221582608,0.06767578308413093,1,3
47a20936e21e,0.18710606737613517,0.4995791856749715,0.18133741961068275,0.13197732733821038,0,0
47a8d29668f2,0.8448250253667572,0.04973899401912904,0.0767150352076228,0.028720945406490974,0,3
47af8c6239ff,0.13426531766287178,0.5816006028144921,0.18788877691479253,0.09624530260784342,1,2
47f9b7436c3f,0.6020874310717821,0.16689875318677516,0.1878081953157848,0.04320562042565797,1,1
48115244cd07,0.09603664563407734,0.569489241191405,0.21146596869150264,0.12300814448301498,1,3
481267fb221a,0.6430576452347377,0.16468815505252046,0.14026254516425002,0.05199165454849188,1,4
481522b95d50,0.11475859718368149,0.6644110856239103,0.16222849468168382,0.05860182251072421,1,2
4838494c6cc8,0.07525332756311665,0.5714070170466113,0.2868219541066031,0.06651770128366895,1,4
484e59c2708d,0.42652757503235295,0.29327514838364,0.19037227191024989,0.08982500467375744,1,4
485d4ccd3c0e,0.4031359858760139,0.29367192617367405,0.17278811959781007,0.13040396835250165,0,4
486c0b27043a,0.020669776260403835,0.821777363313011,0.09459883526486029,0.0629540251617249,1,1
486e633a5721,0.3207575896123208,0.311321659501712,0.22251064067629497,0.14541011020967215,0,3
48889844ef56,0.09619687782841527,0.6604106234435311,0.20008777583258983,0.04330472289546365,1,2
488d48e19716,0.18274446525102778,0.5664573036584487,0.17449794864180548,0.07630028244871805,1,1
48d8abfbad2e,0.42218443302506253,0.19995581047507283,0.3014446030919597,0.07641515340790493,2,0
48e089b6f3cb,0.36607135526352597,0.24722178006550133,0.2595505986646305,0.1271562660063421,2,4
48e1cde4e995,0.0985986025030755,0.6614212223915246,0.16946798047623057,0.0705121946291692,2,4
4900ec5edaa0,0.07863768085912187,0.7237953547341144,0.1338896954518482,0.06367726895491577,1,3
490545ad8409,0.16142680550491578,0.5198126266519174,0.2609796435556107,0.057780924287556455,1,0
490fe3924dac,0.07851336438471193,0.4472699749679084,0.32186841930939997,0.1523482413379798,0,1
4911fa4de0f5,0.40874653378301834,0.14688969206809885,0.27157368666852316,0.17279008748035965,1,2
4926141293e4,0.25530367930288267,0.42963486377438864,0.24505495892834545,0.07000649799438315,1,2
49358afcfb80,0.028646135757069417,0.851212085667736,0.08659906785990407,0.033542710715290726,1,2
49374ea79cdd,0.1157432601678283,0.5686650832744402,0.2392342755101342,0.07635738104759711,1,4
4944adbe3aec,0.28320420606118385,0.3864341388002028,0.23109123866976794,0.0992704164688455,2,1
4948bfd21ba8,0.047791894755690276,0.7390020341078577,0.13810117456692197,0.07510489656952998,2,4
494aed280098,0.25861199187703826,0.4887235825358703,0.1889881491002668,0.06367627648682464,1,2
494f4d7a1bed,0.0351025070195448,0.6031793824469344,0.26190675451201295,0.09981135602150772,2,0
49508eb834d6,0.7245356280295752,0.10150921129352163,0.12795000205380794,0.04600515862309515,3,1
495ab5cb9721,0.08631688625048023,0.7189242061608156,0.13565501593339307,0.05910389165531117,1,3
4968d37e02cc,0.08667606026477408,0.552189511682201,0.19496987524345957,0.16616455280956566,1,0
496dae9e8e48,0.1450880587606565,0.4014512715748595,0.2935350005315063,0.15992566913297782,2,1
49719e81744f,0.39192928230038154,0.22429860872799257,0.31269473041688384,0.07107737855474211,1,0
497bf4b490c4,0.4924942809077693,0.2927470436314807,0.16898409259040184,0.045774582870347816,1,1
4986a30d2f81,0.2630816280697536,0.32080994338332397,0.2590375953813914,0.15707083316553078,3,2
4989ab8488fb,0.7251045876168364,0.07037829937163052,0.13503584758489556,0.06948126542663734,0,4
4991160776f9,0.07208324204528747,0.7018691674546407,0.18286494407774548,0.043182646422326096,1,0
49a79f8222a6,0.14594710830000956,0.5466942939398227,0.23902388561244498,0.06833471214772276,1,0
49c79f89893c,0.02604094032603653,0.8131585556385575,0.09432039089835992,0.06648011313704642,1,1
49cb0e4c4f6f,0.04332309028414161,0.7941534520800447,0.1116890082081593,0.05083444942765461,1,3
49f33fad39cc,0.13647258887227115,0.5560963560329587,0.22996674663073824,0.07746430846403185,1,3
4a0fb5ff55bb,0.21973573542087904,0.5326643643086735,0.17497263061746124,0.07262726965298627,2,1
4a161522e760,0.4754309346150871,0.17604322546587506,0.26897428951282515,0.07955155040621295,1,4
4a195eb75def,0.7782388224225613,0.06925940750950767,0.11062595842645671,0.04187581164147423,0,3
4a1e37b8cd8c,0.060491257855330355,0.6969827473758095,0.17537958166438655,0.06714641310447342,1,1
4a2ddd0dc53a,0.5676759286070144,0.20842657109983,0.14714763768534206,0.0767498626078136,0,3
4a40923456d9,0.05412572475976801,0.6966118850188164,0.1431942564898783,0.10606813373153733,1,1
4a4163009281,0.04875512352963293,0.8071824108767018,0.08317823442257276,0.060884231171092255,1,2
4a41d40a63d3,0.14578732406086178,0.5515291353629848,0.24652044968388556,0.056163090892268175,1,0
4a4e88562235,0.3381141669911379,0.4223861361233087,0.19865957302502674,0.04084012386052669,3,3
4a4f19493e91,0.17547663542475075,0.5480862192314511,0.19453314262320823,0.08190400272058997,1,3
4a5bba561d65,0.1999023946407369,0.48865319737209345,0.19275204100120577,0.11869236698596376,0,2
4a5d1728c12a,0.42555072869103594,0.24397834330302065,0.22676846452053995,0.10370246348540346,3,2
4a5e943d578b,0.03986227910753683,0.8016945811108209,0.11263860174141357,0.04580453804022888,3,4
4a6290010ad7,0.2734332013475997,0.4292842440549723,0.14838283633927343,0.14889971825815468,2,3
4a683fc106eb,0.08347711107488588,0.7514468628527987,0.12568265881448046,0.039393367257834946,1,2
4a6c95b0cc17,0.09118385303489492,0.7127509269633308,0.16405672774064667,0.032008492261127466,0,4
4a7253e116d1,0.7407417554486732,0.09479404733703291,0.11356285107923794,0.050901346135056195,0,2
4a746c1839d7,0.48288008160371027,0.2524003758691167,0.16420462781187814,0.10051491471529515,1,1
4a759252b405,0.7470542366849873,0.10407199825486418,0.09823338213332759,0.05064038292682116,0,0
4a9a960d2f8b,0.4465473613529131,0.2435013895591322,0.21432545682746865,0.09562579226048598,2,3
4aa11ef1fd38,0.5625491224720078,0.17357975776575618,0.17432740083650852,0.08954371892572711,0,1
4aa5037091ee,0.35775292938932945,0.2682173925818431,0.26899642593268724,0.10503325209614017,0,0
4ab7fae55612,0.6456750183414255,0.12987089532891474,0.1608562211916984,0.0635978651379617,1,3
4ac2b8f0d043,0.6853281035206378,0.12957986705334845,0.11598707078985715,0.06910495863615657,0,1
4ac6bbb98b57,0.0987617489801558,0.47824924325438767,0.29921330940360374,0.12377569836185297,3,2
4acca25f2444,0.7211787586738035,0.09632468956159557,0.1350795839975201,0.04741696776708061,0,4
4ae37a325776,0.13770859228864954,0.5900387965100978,0.15893334621110428,0.11331926499014866,1,0
4ae89e667a24,0.1022614699425834,0.623150111424383,0.14516583591770768,0.12942258271532575,1,4
4af510894843,0.115476062131442,0.6652629572142318,0.18823572886995196,0.031025251784374257,3,4
4af9fd126565,0.12423602138297485,0.6181120615276017,0.20857008590508236,0.04908183118434129,1,0
4afcd8aa1ebd,0.11476492070921078,0.4808074392727672,0.28047462509777216,0.1239530149202499,1,0
4b009ead8ab2,0.7116178321082073,0.09003229757759046,0.1266362286142105,0.07171364169999189,0,0
4b04ef7e5a91,0.6929589002385117,0.10883439869161897,0.15024564474664123,0.047961056323227884,1,4
4b0988ac86c0,0.6634310261215687,0.12202810923051946,0.13888865843396586,0.0756522062139459,0,0
4b0a5a40676f,0.09377225650059741,0.5547923926412333,0.18683853930728203,0.1645968115508868,1,2
4b0df75f21f5,0.10319079205648643,0.6752133419365017,0.15605086364229873,0.06554500236471317,1,0
4b1d718d562a,0.14949986756213193,0.3767379627119977,0.2760234249923818,0.1977387447334886,0,0
4b24276e0963,0.025116783954896423,0.7515103783307286,0.11840227549426025,0.10497056222011471,1,4
4b263ebf9ad5,0.06605398986607972,0.6936456562689687,0.14597199182752074,0.09432836203743111,3,1
4b4d19205cf6,0.058984160274649054,0.5089380700250298,0.2168460427012037,0.2152317269991175,3,0
4b4fa74957a1,0.7779270718790873,0.06775419020392523,0.10219410252643132,0.05212463539055602,0,2
4b7578c84ffe,0.03014912061182231,0.717870500461434,0.18207976887677654,0.06990061004996699,2,2
4b7b9871f26f,0.2904097223714872,0.47089038987730525,0.16198658784544534,0.07671329990576252,1,3
4b916be9f189,0.6559724215955142,0.09001418936258575,0.1663634023164196,0.08764998672548066,0,4
4b93ca3c31ad,0.6714822853198338,0.11109183790590098,0.14061323294179906,0.07681264383246603,1,1
4b9d49cd5e67,0.040577971175482085,0.6381212370058509,0.24455723477470948,0.07674355704395773,1,4
4b9f90e96569,0.10401525464692643,0.5398500763410805,0.26222103974883826,0.09391362926315466,0,1
4ba4eb1d380d,0.7856877081479999,0.052084453412774706,0.12158484798413795,0.040642990455087395,0,1
4ba755b48a9c,0.39741844840334256,0.23772092540271456,0.27314256637376966,0.09171805982017324,2,2
4bac6c7da8b8,0.2904938549186921,0.4288331053337609,0.12525749513258308,0.15541554461496387,3,1
4bb14a344446,0.5094951248135229,0.2096233933043433,0.20208511097044826,0.07879637091168588,1,3
4bb293489dde,0.7968606920236331,0.06264155096376656,0.0959015035677768,0.04459625344482373,0,1
4bb943c3001c,0.13029245758137778,0.629899040647499,0.15046829321230934,0.08934020855881367,1,3
4bc2eb20a505,0.7194926543842981,0.08929704737195743,0.1285159952873202,0.06269430295642417,1,4
4bdad39035b0,0.07630433026917736,0.7120423824152671,0.1731421695844691,0.03851111773108634,1,1
4be426760e00,0.5326276372837369,0.23404568851542754,0.16032764706321492,0.07299902713762052,1,1
4beb8e107830,0.5912208018356905,0.1824668241440384,0.15180111904080687,0.07451125497946418,1,4
4c053382f9ab,0.11976805167716627,0.6311765859949021,0.17911193543817727,0.06994342688975434,1,3
4c0a382bf349,0.02686835517178277,0.8552546343745107,0.08039894448141169,0.03747806597229494,1,1
4c1a8be87462,0.8076648792315472,0.07835421833453285,0.07299912948950124,0.040981772944418654,0,2
4c1e5ca11b6e,0.2254658080003701,0.5386570551081199,0.18349409817218812,0.05238303871932171,0,2
4c45ac349e3a,0.19926592580958882,0.5518136267382903,0.17724309892473752,0.07167734852738342,0,4
4c4a0eb38623,0.28766995295508435,0.396717785548117,0.2007801968832779,0.11483206461352075,1,0
4c5bc626fee7,0.610690021540754,0.1751587308458638,0.1800816947167574,0.03406955289662476,0,1
4c6ddbf0fabe,0.4791144480108573,0.22146602247794064,0.18902452921898885,0.11039500029221316,1,1
4c74745605a9,0.11802567891370992,0.5600131153464123,0.21785530219463453,0.10410590354524314,1,1
4c74ab1c7193,0.5517451527304786,0.2231801663367885,0.17375670274858884,0.051317978184144304,2,1
4c8116b5ce1b,0.653898994378965,0.17096794251864955,0.1258023465268623,0.04933071657552317,2,0
4c96f8a99305,0.1152848741096442,0.5465683502513695,0.19316680665686178,0.14497996898212487,2,2
4ca61dd169d4,0.13332016493635854,0.6329369542460384,0.18601969395220347,0.047723186865399954,1,1
4cb338b6e248,0.747333246308988,0.08189051559684267,0.1259926170724814,0.044783621021687925,0,0
4cce09eca9ca,0.6411174237886484,0.12861013564934437,0.1607799903613301,0.06949245020067728,0,1
4cd37e041b4c,0.35656073377785275,0.25982561179681074,0.319659973117795,0.06395368130754181,1,2
4cd4a247bc30,0.31004709197692704,0.5030749889238071,0.1535342375910453,0.03334368150822053,2,0
4cdca551d442,0.07151147975218031,0.7708594649479593,0.09155275428639538,0.06607630101346504,3,0
4d02730ae091,0.442788188800446,0.31438134264867995,0.16004278824960466,0.08278768030126951,0,2
4d11294713ad,0.06067756388214519,0.7492422849264833,0.112233523134876,0.07784662805649563,3,2
4d4042629e59,0.166488217505537,0.480951070118981,0.2434615259868605,0.10909918638862155,0,2
4d468b5b8cec,0.042848284032607584,0.6532696097530022,0.21662318565411368,0.08725892056027623,1,1
4d53dbd5fc09,0.10575423015838452,0.4272163525709169,0.3095957438998846,0.15743367337081354,1,3
4d6c1133d688,0.0593767741154451,0.7907012830839819,0.11194750538573563,0.03797443741483716,1,4
4d70ab1d80d6,0.14272688707295078,0.5147716080300657,0.2427355856594121,0.09976591923757132,1,2
4d7a2748dfb1,0.13181790973319324,0.6175223363001066,0.1939180206125641,0.05674173335413612,1,2
4d8280d84b26,0.03609925426062052,0.7626563867960814,0.1466400259417799,0.054604333001518145,1,2
4db82e5d8079,0.37325422821761783,0.31671169117504544,0.23795477426707132,0.07207930634026542,1,0
4dc6197ec461,0.024244881923409987,0.8741967683968048,0.07614904412164056,0.025409305558144326,1,3
4dd1c6cd167e,0.25135237426242607,0.515386220147431,0.16952196188595992,0.0637394437041831,1,0
4ddbbdbf2690,0.04124630898994331,0.7377990254474653,0.1558909648542677,0.06506370070832343,1,0
4de525e4d09a,0.5918869976311434,0.1884984026841679,0.16357493037655826,0.056039669308130174,3,3
4de6472758de,0.03301739081284382,0.7928873548781837,0.11592166228769511,0.058173592021277386,1,2
4dfeb4d6bf0d,0.4152404867696665,0.3107228454079882,0.21072098366158032,0.06331568416076533,2,2
4e3671f1dbf8,0.0819977064999851,0.6568013249851622,0.2047176746223488,0.0564832938925038,2,0
4e51ae89d35a,0.16443514710583618,0.46520836347423,0.23672419412746606,0.1336322952924681,3,2
4e81deb94cab,0.11100794712361375,0.5731356811873857,0.18223314260467793,0.13362322908432203,1,1
4e9a365efc0c,0.14386189570143154,0.5211648653053718,0.19975199873303692,0.13522124026015991,2,1
4e9eb654f451,0.5365051113434988,0.12619218784130515,0.2199396823151973,0.11736301849999896,0,2
4ea356d57b10,0.3790675150608008,0.21588406361440338,0.26850297437847265,0.1365454469463232,0,0
4ea3d3aed9a6,0.07347622377864302,0.7205456219424407,0.1364087568721396,0.06956939740677673,0,3
4ea759eebb53,0.033777686866970705,0.7535342516359952,0.1563836296704516,0.056304431826582804,1,2
4ebaaa8b1eb2,0.0573384268570242,0.5821331451179214,0.251245465453055,0.10928296257199985,1,3
4ecbcabc9971,0.1892409314872786,0.5055647707199435,0.22350459780005805,0.08168969999271974,1,1
4ee4406b32a0,0.07174173106813111,0.6973844217953149,0.16390894489423477,0.06696490224231919,2,0
4eea62413744,0.08201026337983489,0.6510390091675382,0.19635805821056673,0.07059266924206013,1,0
4f0201c0929f,0.6610252102791208,0.1506688681996133,0.12204998860700242,0.06625593291426356,1,1
4f044c4aa6f6,0.052946806436443894,0.6510986744150549,0.17991377151004942,0.11604074763845165,1,2
4f22fc4115aa,0.07870845677639647,0.34655652618783084,0.33088782720847415,0.24384718982729864,0,4
4f3ac8ed6bc3,0.5219391337081506,0.24783196932488982,0.15383681335878335,0.07639208360817641,0,4
4f3ad9b6686a,0.18358468328140004,0.4709463919430762,0.29306062100351077,0.052408303772012804,1,1
4f429eb104df,0.03883794070229485,0.7719957920295917,0.12325580491684257,0.065910462351271,1,3
4f4a405729f2,0.5013512880045152,0.20431291470363996,0.21277575949117195,0.08156003780067296,0,4
4f4ec43883e1,0.17536064537232504,0.434247943613152,0.3256056474255994,0.06478576358892363,1,1
4f7282cd3316,0.6282497767744227,0.19540539106580926,0.11542919161438654,0.06091564054538135,0,1
4f7398c0551c,0.122096150043262,0.5070078204144017,0.24485944579734142,0.1260365837449948,1,3
4f76e9117edd,0.26964731417034216,0.4724511596814458,0.19998580358369414,0.05791572256451779,1,3
4f87a1a47342,0.061217700285011195,0.6115140002600659,0.20584873498169448,0.1214195644732283,0,4
4f882088da4b,0.23612314573758642,0.29508672553705,0.3196723933517005,0.14911773537366313,0,0
4f93ae390464,0.63386567743056,0.1082179462148455,0.18120300948785154,0.07671336686674345,3,1
4f9e5a782721,0.7781169179118884,0.06919895369622041,0.09930271397598758,0.05338141441590386,0,3
4fb1f71d298c,0.4215838758162255,0.39425599162558495,0.13428288712284622,0.04987724543534322,2,0
4fe046c0f566,0.17928276215485972,0.5460316299746897,0.17541459310129925,0.0992710147691511,1,1
4fe89b3c7225,0.08160924865614555,0.6036873597573494,0.21225424638053936,0.1024491452059657,0,0
5011af7ced63,0.14840102330423754,0.5643016332282461,0.2317159683367542,0.05558137513076228,0,0
501f89688227,0.2432448066688057,0.5260899698629925,0.1538356808764387,0.07682954259176311,1,1
5024b6620c03,0.6360949473596561,0.14569048785321137,0.14367603496055453,0.07453852982657788,0,2
50586fea5441,0.36937849660086935,0.3744441641373479,0.19924660123481533,0.05693073802696759,1,0
5062655a0c9f,0.19830382158630352,0.5387865536077202,0.1573396107948792,0.10557001401109693,0,0
50680af8f366,0.13956052866396954,0.5047765585782745,0.21452563425570917,0.1411372785020466,2,1
506e43568206,0.13712035175081855,0.6298739794041534,0.1619254422154397,0.0710802266295879,3,1
50787fecf4ce,0.01912334721092172,0.846263216232301,0.10887031280222922,0.02574312375454787,1,0
50837951818b,0.09749123065042782,0.7225442005814304,0.12333792653665365,0.05662664223148809,1,3
5083d7064601,0.03601811947651701,0.7911281950030816,0.12171335919135536,0.051140326329046075,1,4
508614a9c9ff,0.0762902627196529,0.5556868131786893,0.2668130275539665,0.10120989654769086,1,4
508b10b44ff6,0.24816034503141932,0.5378404591516722,0.16144787464437058,0.05255132117253807,0,4
508d6acdc4ce,0.08302820663584204,0.6991141311485419,0.15840003005200015,0.05945763216361593,1,3
50ab8f13a325,0.01882239458657552,0.8406617998694097,0.09508486018025589,0.04543094536375905,2,3
50bbbabf06c6,0.5508064573964935,0.20864040737278053,0.18385142453376951,0.056701710696956426,2,3
50c72842fd87,0.0645510075409879,0.5384234471154228,0.24863482465696277,0.14839072068662668,1,4
50c7efb145ce,0.08386044021231838,0.7202348329641337,0.1265278192553462,0.06937690756820167,1,1
50d38e4b0732,0.11146426647884042,0.6855458621259766,0.1487657910663857,0.054224080328797546,3,0
50de43ee58c4,0.26199901029515743,0.4675759956018246,0.1795902933969844,0.09083470070603367,1,0
50e9384ca4c1,0.013315093959487186,0.8596894452089211,0.07214950005788238,0.05484596077370936,1,0
5108dc02655a,0.09145882569064952,0.667538875474816,0.16871599301111415,0.07228630582342027,3,4
510b4b2ae848,0.5246149086675169,0.22076445533994957,0.1835836677979533,0.07103696819458016,0,3
511b76817a88,0.10391841313012477,0.6165503090839118,0.1797561782788299,0.09977509950713359,1,0
511f9a60ee5b,0.29514225545702255,0.42931719453995415,0.19490059627732448,0.08063995372569892,3,0
5122ec355c24,0.05131117988559943,0.6512108037201922,0.1737046727962152,0.12377334359799311,1,4
51294e64d81e,0.02769244329870164,0.775117022609447,0.14757328130422634,0.04961725278762512,1,0
512a9622ca0f,0.16012573933260785,0.4268911604649723,0.30266746420426816,0.11031563599815176,1,2
512f55885e0b,0.07092733664126304,0.5920648474012463,0.17522425372577688,0.16178356223171383,1,2
512fbe9d996a,0.4587507965560041,0.2524346748233982,0.2115620267542318,0.07725250186636577,1,0
5133bbb7b75c,0.34526392710188514,0.4098865891614952,0.15868505229147722,0.08616443144514253,0,1
514b87b8275d,0.23843911855013197,0.31166580836649943,0.26775913112193617,0.1821359419614322,0,0
514f1f9f8912,0.30677967059975125,0.24502282783317106,0.29871735313740094,0.14948014842967686,3,0
51502fa7747d,0.5927028961395802,0.187570137741874,0.15418291264809597,0.06554405347044998,2,3
5170993e49dd,0.6275532449149276,0.14073924859618547,0.18446699781214912,0.04724050867673782,0,3
5187caabdb51,0.0536448923482654,0.7739182415579484,0.13475211952574687,0.03768474656803948,2,2
51a10504052c,0.1376619983230674,0.46613297800497705,0.28423627916949284,0.11196874450246239,1,4
51c3b10f88d1,0.09405881763534883,0.3902466567393324,0.3267027852669881,0.18899174035833038,1,3
51e626885505,0.6776436404589675,0.11929862642379302,0.15200798752487463,0.051049745592364935,2,0
51f479f9ac83,0.5764632890973699,0.11936035463319773,0.1647097405040737,0.13946661576535863,0,1
51fef9be5005,0.09522434773328599,0.6720030849186746,0.1643400889659398,0.06843247838209945,2,4
521c520f0d18,0.19110544171272748,0.5823505385950885,0.1556917249090876,0.07085229478309656,3,0
5249dd72e890,0.37826646357793337,0.38390455623459974,0.1652856141255267,0.07254336606194042,1,4
525baed75bc5,0.7746064933213841,0.0810953807392012,0.11489265811613757,0.029405467823276958,0,4
525f144cecf9,0.24613800660337337,0.451484635555439,0.26602342704765325,0.03635393079353447,1,4
526393a46dcb,0.14560372064971744,0.48490299455711605,0.25543027517409966,0.11406300961906655,3,0
528aca245f9a,0.1786947001169744,0.4944012869972669,0.2074582146651502,0.11944579822060832,2,1
5292575d2789,0.049165780127531,0.7507375376521636,0.13065974644649925,0.06943693577380605,0,3
52a07bdb51ad,0.05024633488399863,0.7459826435140513,0.16092776594927077,0.042843255652678956,1,2
52b4996cd35d,0.017768654574577138,0.7531963061481497,0.1657576812146151,0.06327735806265812,1,0
52ced5f7e2b3,0.6387199289421943,0.1327766854766789,0.15101839365411293,0.07748499192701389,0,0
52dc05bd4381,0.1372279623844604,0.46853156073953267,0.256180934181387,0.13805954269461992,2,4
52e8c2d0de50,0.4748747621638161,0.36090055002161436,0.12222635908974984,0.04199832872481966,1,4
5304d41ea0a6,0.07680301367726117,0.6063941415835862,0.18882538568473975,0.12797745905441293,2,4
5304dd253880,0.4024236145156204,0.2290142346948355,0.2150102841736707,0.15355186661587328,0,0
531c0554dc5d,0.5797413755809111,0.16452089649451335,0.19535128094748686,0.060386446977088545,0,2
53234761691b,0.04602554563403379,0.7508270726222371,0.13794061270640257,0.06520676903732667,1,2
53345381e15a,0.0259691660466394,0.7955261087306459,0.13839599089331844,0.040108734329395976,1,3
5359e47a53e0,0.0960402975380772,0.5705551394794088,0.2619588753136653,0.07144568766884878,1,1
535f8c7a5191,0.06734035349331585,0.7474497096559024,0.1137583295051519,0.07145160734562978,1,2
5368a8bec11f,0.07107347493839984,0.665555010053201,0.18991073481820395,0.07346078019019514,1,3
536ec36c3d62,0.705543558093314,0.1109456480487626,0.11063258682425568,0.07287820703366772,0,3
537d1ce14277,0.43423651948570036,0.20274508514042502,0.2226451285219544,0.14037326685192025,0,3
537f2065d631,0.5878522691256216,0.14261009705403463,0.12473465145502138,0.14480298236532224,0,1
5380acab9ccf,0.5383059791025043,0.27119470255524136,0.13658166545701053,0.05391765288524358,1,2
5392f3af1472,0.46388617921974334,0.2166067379407104,0.21039272999716255,0.10911435284238348,0,1
53a94edc58d1,0.046485628102260416,0.6915690989707399,0.19658618579151305,0.06535908713548648,1,4
53a991898080,0.23007575004495986,0.4422117618175474,0.26569027232776354,0.062022215809729025,2,4
53ab14d3aeff,0.22164361520497172,0.5010692058587592,0.21106732446064613,0.06621985447562286,1,1
53ab7bc1ca97,0.15110466655635013,0.3037012863806286,0.304966821055071,0.24022722600795018,2,1
53aed14e6386,0.7745913439266844,0.10180563983446837,0.07946827910884162,0.0441347371300054,2,4
53b2ff894bda,0.068207859849352,0.6896476978036306,0.1531074855914681,0.08903695675554922,1,4
53b974b2f19b,0.07153529454064393,0.7393715348120025,0.13448046678735262,0.05461270386000107,2,3
53c9dc786907,0.1275970179017246,0.5728145981834442,0.23292670940674384,0.06666167450808728,2,2
53e3f01fabe1,0.1179634589604384,0.5675195477729688,0.24598719755453607,0.0685297957120567,1,2
53f3c8c16f5d,0.0638582985091199,0.6818277371478245,0.12599072190374547,0.12832324243931004,1,3
53fefa2635de,0.5793518108058145,0.17954270280366447,0.18780287512539076,0.05330261126513017,2,3
5400139d2bb4,0.049664217218661204,0.7395689581663132,0.16677619687297413,0.043990627742051557,1,2
5410626fc53a,0.07361339553086783,0.6218260989260058,0.16654528451307207,0.13801522103005429,1,3
5423b19fb38b,0.06911015388506822,0.703975569424125,0.18631798569663893,0.04059629099416768,1,2
543ea3ce1275,0.02521124744330669,0.8338108720682033,0.11254860524007762,0.02842927524841227,1,0
54600e52f553,0.4649832588666831,0.26142489974710204,0.19784243149167896,0.07574940989453575,0,4
547aae81c04c,0.1718554926514239,0.6146761278690254,0.14065205832127056,0.0728163211582805,1,2
547b1dd0ebcb,0.5829903834875438,0.13105452023196276,0.1450729308191248,0.14088216546136892,2,1
549205ed957c,0.49534741938169013,0.256388921634271,0.17949935765860198,0.06876430132543716,0,2
54a1ff4452af,0.16178391574831913,0.5858885658777847,0.18001654642716197,0.0723109719467341,1,2
54a72130e138,0.19554054654360245,0.5807324201684901,0.18082104901005125,0.04290598427785639,1,3
54bcc360cc71,0.6057326346839809,0.22302728943854586,0.12957448667881558,0.04166558919865765,0,2
54d2b19a59c4,0.47710395401449734,0.29245647438320466,0.18917284683408384,0.0412667247682143,0,1
54d3bd418490,0.08103673117553188,0.7483329609025666,0.11830961791251472,0.052320690009387154,1,3
54d87992ebd1,0.5874226345145429,0.09943133784573639,0.22994298986011533,0.0832030377796057,0,4
55178967f39d,0.03243596373286279,0.7671471496787582,0.14169043501491205,0.058726451573466815,1,2
551ce2f497af,0.3094039263213353,0.30223850316319206,0.2974827708902979,0.09087479962517499,1,1
5545ef49ebfc,0.2458450553580243,0.4559245212701265,0.24316983572826786,0.05506058764358147,0,1
5553337f41b7,0.0869666699488223,0.6524058457332045,0.14253612122134968,0.11809136309662363,1,0
555aa3906759,0.14036697721060237,0.4593791968105693,0.2721614516616359,0.12809237431719203,1,4
556b76b37e6e,0.14585665337481352,0.6325422414110233,0.15679072890294324,0.06481037631121997,2,0
5590d0f84fb4,0.20417944908810215,0.42311928331506093,0.23723392722667438,0.13546734037016245,2,0
55a1e614cd5d,0.2518049177727115,0.4911986124817899,0.2156279847597847,0.04136848498571397,2,4
55bdad0b3d6a,0.33007465283250353,0.2593973127038101,0.2977515957121979,0.11277643875148821,0,0
55bf89ae74ea,0.3242635171017422,0.2802298166754411,0.28829041473531036,0.10721625148750658,0,0
55f9624fef0e,0.05676058466117624,0.6100007449324342,0.24422298585462635,0.08901568455176334,3,1
55fb3303c057,0.60527047552104,0.12155709137433753,0.1895180764209886,0.0836543566836335,0,3
561871085c06,0.2803625873298006,0.3453351116134541,0.20030731236265392,0.1739949886940912,0,4
5618efab082e,0.7963039804316712,0.048628020705706945,0.0965732163083801,0.058494782554242036,0,2
5621dfc80f12,0.14432761496414004,0.5935362923254054,0.18825421557850505,0.0738818771319496,1,4
5623a3a86114,0.18423112838752415,0.4101711678735621,0.2680418507249797,0.1375558530139339,1,2
562b773e21da,0.4288133061851195,0.31281607647679305,0.19962366298613762,0.058746954351949716,1,3
565cf7dfcce7,0.03882301787277322,0.8338639188893892,0.08211070278536643,0.045202360452471384,1,2
56688f5bde5c,0.06501431154741255,0.6447855856316624,0.19108421859436162,0.09911588422656388,1,2
566c4bfc22a4,0.21049049482818077,0.401892419389866,0.29446641755473296,0.09315066822722057,1,1
568691cc04c4,0.08483310781707071,0.71266936644345,0.1751917537808246,0.027305771958654933,1,1
56a69969ec4c,0.7896414329110224,0.06464682121891355,0.09038115721259726,0.055330588657466914,0,1
56a6a370c80f,0.20710166994712634,0.34610358750181636,0.30644514523823574,0.14034959731282148,0,2
56b13bf13955,0.10394240266157237,0.6810377471612182,0.16586519039220723,0.049154659785001935,2,3
56ec96b96a1c,0.04605408841029349,0.7446438009343068,0.13973980343265258,0.06956230722274719,1,3
56fe338adcca,0.17678149743959454,0.5363410195210729,0.23137699131261896,0.055500491726713654,0,2
5706623a8069,0.17116371923028087,0.4983271500219053,0.25417071964775206,0.07633841110006191,1,3
57081e4ab3b1,0.45008667551756315,0.16828383687814633,0.27295928635810596,0.10867020124618429,0,2
570d6703b8bd,0.03778592119421889,0.8336315395023027,0.08335974404288121,0.04522279526059733,1,3
570e81ad62f3,0.16664207477339288,0.5574696264735568,0.18180144585473776,0.09408685289831252,2,3
570fd6af9eab,0.08046970422782478,0.7687856604381197,0.09706582723006513,0.05367880810399047,1,3
5753677905c4,0.017582159830487408,0.8825534211067307,0.06597036447653273,0.033894054586249334,0,1
5756aa070207,0.1441090215696721,0.6866897856201558,0.1321849476421406,0.03701624516803147,1,3
5758d3fadf95,0.43272315873189365,0.21384650059212537,0.22453662716961553,0.1288937135063654,0,2
5772159e2645,0.13357907538768946,0.6767857742900336,0.09155729100146488,0.09807785932081226,1,4
57776e62829f,0.6403822351171529,0.21220610114837202,0.0985386361999287,0.048873027534546455,0,0
57850405120c,0.05086822289789394,0.8257040205740419,0.10398392273068321,0.01944383379738098,1,1
57915fbd41fe,0.6566254134471377,0.09097544145105108,0.20714989757491423,0.04524924752689711,0,1
57b5cc0c0645,0.09217784745075144,0.6096065950556607,0.17203367389705365,0.12618188359653437,1,3
57ca1820340c,0.7280762870619375,0.10339746834883831,0.12789706378386909,0.04062918080535547,0,1
57de882902fc,0.2115500851374301,0.5293742469086046,0.17859672580784614,0.08047894214611882,1,4
57dfecfd86ff,0.17746161894059803,0.341060730161852,0.2872894286251532,0.19418822227239663,2,1
57f81b7f45cf,0.698684386895816,0.0931797962982351,0.1434365413233727,0.06469927548257566,0,4
58072ae8b0f0,0.0330066589668908,0.6352104136266444,0.19618901745433173,0.1355939099521332,1,2
582562f90e88,0.04936542823091843,0.7177824164916571,0.18620165818041787,0.046650497097006784,1,0
583b8489646f,0.8210428701106153,0.04297764421501088,0.09277920383412247,0.043200281840251216,0,1
583f34f5d5fc,0.7324070568433356,0.10689587391266005,0.11377758780147237,0.04691948144253204,0,3
5840fda24291,0.06689182216495158,0.4936027788051139,0.32288936084990055,0.11661603818003369,1,0
5846e5cc51a2,0.24139995007768217,0.42526718332471325,0.2691458566613541,0.0641870099362507,0,1
58501082c63a,0.08028961448516116,0.6985708144759318,0.18014443800643257,0.04099513303247424,1,4
5861e8681425,0.42872245333442977,0.21051916675951315,0.22933528512321674,0.1314230947828403,1,0
586d54b2a31a,0.49594811001281375,0.2361084350283657,0.14719454257152562,0.1207489123872949,0,2
587699c00f43,0.6875660486119867,0.12188753691939312,0.14643847467987828,0.04410793978874165,2,3
588b613b92af,0.7552683137173438,0.07262358213001023,0.10083984917709224,0.0712682549755539,0,4
58ad7c132f66,0.8124532222084344,0.05791295622879929,0.09229425037903381,0.03733957118373227,0,3
58bd213f054f,0.3753911641707445,0.45140026867759114,0.12060754058653318,0.052601026565131284,0,2
58c8cb4271bf,0.0801333653838786,0.6727425409301846,0.1555599142923354,0.0915641793936012,1,3
58cc074e38da,0.14742896600879932,0.48305504852066866,0.23954691612372672,0.12996906934680574,3,3
58fd19f3e555,0.087714120485676,0.6032331193222713,0.25487481725972133,0.05417794293233148,1,1
58ff60a8bc71,0.026489165598485593,0.8095724333543934,0.1323926005725001,0.031545800474620946,1,2
59227e05796e,0.7361468656862182,0.10403281646837813,0.08556998599980674,0.07425033184559685,0,2
59289712b7a7,0.14733336145736825,0.5363462654485518,0.25137992173683993,0.06494045135724022,1,4
5947be3fea54,0.27229148827118593,0.4180383621143463,0.23453145524257343,0.07513869437189417,2,3
594b6a49d2ea,0.11310039989957807,0.5530063664418715,0.23094604153481357,0.10294719212373667,3,0
594b82058ccd,0.7909936200192724,0.06281496304791101,0.11042629870768997,0.03576511822512643,2,4
5970de40ff73,0.18507569892419992,0.5253622916205517,0.1900675492967526,0.09949446015849564,3,3
597671ef6252,0.6289789481268931,0.1763069599449604,0.12738883273625928,0.06732525919188735,0,1
5979bc664c1d,0.0806472370290493,0.5857951413781234,0.27775031583348386,0.05580730575934341,3,1
597f5f3f8751,0.3826799323739351,0.3626247626665571,0.21628906301874995,0.03840624194075777,1,4
598b2841a3d5,0.19880499467512988,0.45741277440111255,0.21260728066098314,0.13117495026277443,1,1
599645fe1eb3,0.7183767931712813,0.08439657962387047,0.11185252114667946,0.08537410605816893,0,2
59a91c5701e6,0.5648105629955973,0.1375207680475315,0.17855337044202554,0.11911529851484585,1,4
59ab0bb7cd92,0.7425891627208314,0.08065246355998461,0.13629249113207975,0.0404658825871042,0,4
59be4450dac0,0.045477271223915886,0.7796767632361731,0.1391693834980756,0.035676582041835304,0,0
59cb862d37e1,0.2345991899659528,0.2390199266297685,0.42407947450524863,0.1023014088990302,1,0
59d10129bc08,0.10422625806957785,0.6168916271873885,0.20569257494895185,0.07318953979408173,1,0
59e10fae4c81,0.2606300049514485,0.45260288661072623,0.2192618485088365,0.06750525992898883,1,0
59e137176570,0.5599720826057256,0.21532625901843447,0.13985885711900825,0.08484280125683183,0,4
59e43e0b66a9,0.10953159634354169,0.6059867504683482,0.21152591605344295,0.07295573713466723,0,3
59f38b6e1b6b,0.008944818017240118,0.8864602558849052,0.07528739589550279,0.02930753020235185,1,2
5a0e35234db3,0.45019327484525024,0.3599464845125858,0.12749964823263724,0.062360592409526586,2,2
5a1b6052355e,0.12979883632020472,0.5600046078367171,0.2499452968220601,0.060251259021018466,1,1
5a23fa5717a3,0.1267311047533509,0.6806611995449378,0.1395632023782701,0.053044493323441105,1,4
5a249578cf8e,0.550549604223947,0.21080123052119096,0.18781330232693125,0.050835862927930776,0,1
5a37eccaeb4e,0.5296232436979749,0.2099053360237775,0.15108464496285084,0.10938677531539676,0,1
5a40b5567ce8,0.5844394769194613,0.19598513557593175,0.1689811357886859,0.050594251715921024,2,3
5a642870b814,0.10898660531287485,0.6575426652507239,0.17586771503259743,0.057603014403804255,2,1
5a869900cfef,0.24548136393736694,0.34454742998702,0.285264969853454,0.12470623622215904,1,4
5a8eabd0dfbd,0.11346280936897282,0.6327720987919642,0.18487720866480198,0.0688878831742613,1,1
5a9ef6342497,0.2074961798580736,0.4394252727160713,0.26535155126148574,0.08772699616436955,0,0
5aab89012cc2,0.030525814282240098,0.7206829865658138,0.20174579500666742,0.04704540414527894,1,0
5ab0afad9234,0.18533565203002897,0.4964911107990023,0.25264644728721536,0.06552678988375332,0,1
5ab46852e359,0.6523812426128358,0.11609035028279692,0.14283586838390722,0.08869253872045982,1,2
5abc0730eea5,0.027372570061114983,0.7769499098862116,0.1622042910009503,0.033473229051723424,1,1
5ae77db07c44,0.1792817359541491,0.5288310813431075,0.226198814921456,0.06568836778128734,2,0
5b059ef0f8ee,0.17062249926200168,0.5700910176603224,0.18241156370432837,0.07687491937334741,1,0
5b09e5efc537,0.705571216583166,0.08571237216714186,0.1418363213411763,0.06688008990851585,3,1
5b380012edfc,0.10448548210983831,0.7432787007757432,0.08336741560630152,0.06886840150811704,1,1
5b399e31d07f,0.11628313756124324,0.6601298394204547,0.14647621616568327,0.0771108068526188,1,2
5b4320cfadc4,0.07273042646545719,0.6316382781558226,0.2289731693281858,0.06665812605053446,1,4
5b5889f8e4b7,0.024431489321761417,0.8274153141666539,0.1295397704195418,0.018613426092042862,1,4
5b65a69885b6,0.09458400832947549,0.71261829040263,0.13612595951670062,0.05667174175119446,1,4
5b96a28a5ae7,0.08985592796094967,0.7346696765859719,0.12254330450077572,0.05293109095230268,1,4
5baf929549c6,0.08498220102570453,0.651280463592097,0.17047469424187678,0.09326264114032137,1,1
5bbc4574f4ac,0.12109641330168434,0.6398957955227517,0.1528014254048296,0.08620636577073455,1,4
5bbefa3819bb,0.18576279881481567,0.5013170581446702,0.23540913705801111,0.07751100598250302,2,3
5bc2b00f611e,0.05042985025442389,0.7741684214391167,0.1337943748522678,0.04160735345419175,1,4
5bd7e722e24f,0.14765617776824258,0.5431737476025259,0.21160626695042445,0.09756380767880715,1,1
5bea77df76eb,0.6765993856299032,0.17093514690906023,0.1150264919964893,0.037438975464547455,0,0
5c20d46146b3,0.4760923358378901,0.2657042865932626,0.17558609017426813,0.08261728739457903,2,4
5c3c9a303c13,0.8075931453168524,0.06468464293692583,0.0811028251447509,0.04661938660147084,0,2
5c4a2ed04ff9,0.033026887352604374,0.7999537538560155,0.12267011985690104,0.044349238934479056,1,2
5c4e0bef2cc6,0.09998613584655831,0.6726244771968856,0.19887068221428233,0.028518704742273977,1,2
5c5a8fe1d563,0.5977622829297041,0.17124809352026923,0.15173877521076368,0.07925084833926309,0,0
5c63bdd7a0a7,0.04491733323249972,0.7054943602609933,0.18149399433826804,0.06809431216823933,1,0
5c67abd0b49f,0.27627667514547793,0.44356371119969434,0.20035739805256866,0.07980221560225867,1,1
5c6b722a9a82,0.11532060849873997,0.6107151779666663,0.2050064986214598,0.06895771491313415,1,2
5c97fb42f06e,0.8160847266034111,0.06640889491135687,0.08574959745217543,0.0317567810330566,1,3
5cd6a7ebb37f,0.6331287259676396,0.10069786913202891,0.17317100262248075,0.09300240227785075,0,2
5cf8c5e5aa23,0.7374693080547586,0.07812497246298349,0.11550306212001919,0.06890265736223877,2,3
5d09203da3ba,0.21984296698942962,0.5634225007375933,0.17858493059934746,0.038149601673629546,1,1
5d3619fd4540,0.517795679444656,0.23424205487033825,0.18306269812287582,0.06489956756212986,2,2
5d5f5f5ec586,0.424139718525555,0.38253961436800815,0.13351544910153418,0.05980521800490278,1,2
5d66b2f4c8e0,0.0579424126712734,0.5516953658985441,0.21908257708185008,0.1712796443483328,1,0
5d786634f354,0.018180100023586755,0.8355892327945834,0.09356139952499455,0.05266926765683539,1,0
5d7a01890cb6,0.055104898188286025,0.773280377038761,0.11304067114591163,0.058574053627041676,1,0
5d8bf0fa1ec0,0.40592657597952636,0.283791835578857,0.2290175503837775,0.08126403805783895,0,1
5dbe5d09d8b4,0.11444285661676144,0.3789601860185902,0.3233052943919168,0.18329166297273128,3,1
5dcdd4c77f15,0.0344863120422957,0.7872059420846552,0.11153959737791462,0.06676814849513431,1,3
5de1720c253f,0.11672054956878074,0.5716735462230577,0.220348813937079,0.09125709027108252,0,0
5df3682bc713,0.6736048800705017,0.11712936416195123,0.11902079409454192,0.09024496167300507,0,1
5dfc819491fb,0.06185133774037196,0.7016160215093445,0.16300488275850994,0.07352775799177355,1,3
5e15393e8483,0.4308596554667384,0.39136598753622026,0.12553823928053276,0.05223611771650896,0,2
5e1e833afeeb,0.8058596937562806,0.060857264735174714,0.09161134650551027,0.04167169500303461,0,4
5e22d4f43674,0.12977425661234,0.5252873476768929,0.2398653956876374,0.10507300002312968,1,4
5e3842ff3457,0.12380598858275707,0.43813353069813565,0.27765790067509927,0.1604025800440079,1,2
5e3a04aec6df,0.05894975927771109,0.7641952337501325,0.13330423026144847,0.043550776710707756,1,2
5e543578feff,0.23542326655819415,0.20378438778473865,0.3612707666061712,0.19952157905089593,2,2
5e5b8469395d,0.26335844703638006,0.28637790761026505,0.2623968440870457,0.18786680126630895,2,1
5e5bee2f9f08,0.3779759042403895,0.30248473860321917,0.1960854389828546,0.12345391817353676,2,4
5e64e42f9b10,0.01568575441993755,0.9070758829864914,0.052181776521411344,0.025056586072159662,0,0
5e7386e9b570,0.7341773528939669,0.10000928981154078,0.11221659905724236,0.053596758237250165,1,3
5e7e2e3b20f3,0.17426403170017446,0.5066569359669724,0.19547478741639174,0.12360424491646124,2,1
5e811e5fa7a8,0.19963005558841942,0.3383200428718539,0.3057853565740017,0.15626454496572512,3,1
5e8554463272,0.01359295910884091,0.8442664016543227,0.10546073758283513,0.036679901654001285,3,1
5ea54f3cfdbb,0.16373167486052717,0.6730072177475153,0.11646246423887649,0.04679864315308089,3,4
5eb39b25e6a2,0.10846618908943076,0.7101760492759663,0.13388658316429816,0.04747117847030485,1,1
5ebc6a206211,0.2873310834633241,0.507579954464348,0.14232203738465748,0.0627669246876707,0,4
5ec612c367ed,0.5143273736635333,0.15852674999548627,0.22263813957880219,0.10450773676217834,0,2
5eca9e1472e6,0.737137539554401,0.050573086831542734,0.1244712525100153,0.08781812110404108,0,1
5ee57e4e2a9a,0.1673883529607337,0.47911018047527043,0.20817653387684054,0.1453249326871552,2,2
5ef72546790a,0.07668662884186865,0.6055120350344159,0.17843696368737497,0.1393643724363403,3,3
5f0bc1dfa0f3,0.23877949392771955,0.4389613238782366,0.1881505393493728,0.1341086428446712,2,2
5f101534e80d,0.040560707828136526,0.7716396579944579,0.13410981875207587,0.05368981542532935,1,3
5f159e65db5b,0.13180086495801888,0.639480843861805,0.17747216678703343,0.05124612439314256,1,0
5f1d8846918f,0.7805181523899043,0.07907682184852376,0.0906493771086718,0.049755648652900254,0,1
5f214fc89978,0.04567100829967527,0.7732336864876732,0.12554184610664035,0.05555345910601128,1,3
5f23e39538df,0.7059670349729191,0.13221923194613197,0.1094185255664196,0.05239520751452938,1,2
5f262d843e38,0.09146444323540592,0.6912034511304428,0.14590183818316987,0.07143026745098179,1,0
5f4a1c18f73a,0.16549351674773893,0.5597614101473801,0.22961718349771837,0.045127889607162526,1,2
5f68d62a53b2,0.5008341288883045,0.139744991295748,0.2507329314502282,0.10868794836571918,3,4
5f71657bb13c,0.17366425022470952,0.3321916211210487,0.3042391534636586,0.18990497519058355,0,3
5f72cd51c9d9,0.04857285281302812,0.6863341888578444,0.2138988078909127,0.05119415043821485,1,2
5f866897e480,0.6279934262045571,0.14974226332441276,0.1505227951288949,0.07174151534213531,2,3
5f893a168417,0.11095888934942152,0.5881413009962535,0.15283718389291642,0.14806262576140886,1,1
5f9127732aa5,0.31834976856464453,0.253793868585127,0.2629601116100392,0.1648962512401895,0,3
5f91c6b4a523,0.31336347173853746,0.27601657563714843,0.2753821011390409,0.13523785148527312,2,3
5f9315239590,0.7319091791465859,0.07541991182761426,0.1533227238112732,0.03934818521452653,0,4
5fcb8bc7513c,0.04328646516837159,0.6380906588444348,0.1944705996043383,0.12415227638285527,0,0
5ffacabcbf60,0.548407914450525,0.22547899890726622,0.1859363095155822,0.04017677712662637,1,0
600ab69570f2,0.3068063543624,0.36532559254565494,0.19902575875692466,0.1288422943350203,2,0
601e2cbcc9f7,0.7014401225336679,0.11621816642229335,0.12782105176976963,0.054520659274269447,0,4
6024ccb28c47,0.7484367195649988,0.06712934181020312,0.10293802431761367,0.08149591430718442,0,0
602ee70cb61a,0.1542401190387066,0.45808391402995174,0.27159771306858604,0.1160782538627556,1,2
6039f7ffcc5a,0.1194182443936297,0.7178052054742348,0.12522321489270294,0.03755333523943214,1,3
604e3942c322,0.4246294413710484,0.17981375318520873,0.26104971395498966,0.1345070914887535,0,2
60554eada6af,0.7443684269682718,0.08772316206069439,0.14247270545562726,0.025435705515406606,3,4
60582c2b6793,0.5373332281217063,0.20090192180203692,0.2000626003051072,0.06170224977114959,1,3
605a4e81d716,0.39585194404817703,0.27325922886718484,0.17825581711942573,0.15263300996521234,3,2
605f27e6f20a,0.14058232724486253,0.5527168658688812,0.2577315178225931,0.048969289063663164,1,4
6065262d57c0,0.18778510673535714,0.5535194191306843,0.1132500172413378,0.14544545689262084,0,0
606f749a9152,0.04393560030173403,0.7582198918274383,0.15206381155149937,0.0457806963193282,1,3
608311337d65,0.1777581470094908,0.4761803413689744,0.22362659269531304,0.12243491892622192,1,0
608c09cf07eb,0.4892247136601176,0.19300267916743835,0.228010519940435,0.0897620872320093,2,1
60b01c86e9c8,0.0326824559719757,0.8239979321454448,0.08656508024242264,0.056754531640156466,1,0
60b307a1d9c7,0.5444519894548451,0.1517213895427285,0.21609969904300785,0.08772692195941859,0,0
60b889344085,0.5471682534441378,0.17075504663281288,0.18844001754848078,0.0936366823745683,0,2
60c6d93dbf6b,0.7156556934497912,0.10719475204964962,0.1350450301418003,0.042104524358759055,0,1
60cdc5f41222,0.03613499356299392,0.7068923336252712,0.19873323522043385,0.05823943759130098,1,0
60e1338439e7,0.1943234073403786,0.5569918952861144,0.1908796253241809,0.05780507204932625,1,1
60ee48e72980,0.3379983409335863,0.32996643362026196,0.25300717420797764,0.07902805123817418,1,2
60f2bf33d1b1,0.36180889323375787,0.23204765008489994,0.301370686463457,0.10477277021788493,0,1
60f874bde211,0.07501833649229327,0.624917886631599,0.2007830699707192,0.09928070690538843,1,4
61007125e8a1,0.41823778752751906,0.36263787369205774,0.14333224770184477,0.07579209107857833,1,3
610b0e29d87a,0.36206786879792596,0.29116315522860897,0.2456531287926245,0.10111584718084071,0,2
6126faf783af,0.031551254239861576,0.8313792384465736,0.0923648761011312,0.04470463121243401,1,1
612db6880c2d,0.19289000959959454,0.4861726153592761,0.24995135385220255,0.07098602118892694,0,1
612ea5194007,0.556733624585752,0.2062972658896241,0.12510903267377285,0.11186007685085103,0,0
612f28c33ac0,0.7955746108370598,0.05919574823034818,0.08892932860958155,0.056300312323010415,2,2
6133f90e9453,0.45257765263707733,0.26014500919059813,0.1959825562729583,0.0912947818993662,2,0
614be300927d,0.0772330749026225,0.7480355675544068,0.12966949535809136,0.04506186218487933,1,1
616a679a7380,0.07142019106084446,0.6771139569855094,0.17132658241999338,0.08013926953365284,2,3
616ec28bcb52,0.11070973303915148,0.5843586027219952,0.21133152815445702,0.09360013608439614,1,3
617fdae2aaa1,0.48853886085826914,0.24193910733822135,0.18530540369621,0.08421662810729937,0,1
618056db0875,0.5898525012889444,0.18999451518368057,0.13229115850095077,0.08786182502642413,0,1
6188756af06d,0.29540735907852017,0.4602129556651171,0.1652939795510249,0.07908570570533781,1,0
618e7671d9c2,0.1897838435785167,0.5003739165625744,0.21143833852323657,0.0984039013356724,1,0
619a6ab0ef11,0.36391967861053165,0.4180721819674375,0.15382664102645638,0.06418149839557431,0,1
619a7e7565ff,0.06999494644539331,0.558415023577746,0.23295738089475457,0.13863264908210615,1,4
61a2545926a4,0.17392769531164562,0.520400658405745,0.2009566302090312,0.10471501607357815,2,2
61bfc6b7b0a8,0.20663004586479522,0.5833708398921698,0.14486888070641746,0.06513023353661739,0,1
61ef666e618e,0.5022910102858352,0.24893600425605827,0.17048736668681566,0.07828561877129085,2,3
61f2e71f6a8f,0.0849960283317144,0.5502809695867016,0.2709579376077477,0.09376506447383645,3,3
61f60b0f22a7,0.553108281443971,0.1124256299721126,0.26576880627426175,0.06869728230965466,0,0
61f869d08130,0.14258000991483855,0.5581157257138468,0.20911809723602537,0.09018616713528903,1,1
61ff519046f4,0.1235380081361045,0.5489185851895686,0.2388103807640547,0.08873302591027211,1,1
620367287eaf,0.06820098380874379,0.6544470384468484,0.2117365285237755,0.06561544922063198,2,3
620c3af8a678,0.2704153064792018,0.25452411871741476,0.32707126252648877,0.14798931227689485,2,0
6216290b4e0b,0.1037825274553226,0.7063341789620051,0.12552006154362777,0.06436323203904455,0,4
622b22589a30,0.11780385259173866,0.5495716591875343,0.23154546063761397,0.10107902758311336,2,2
623fd21cb286,0.22952386840015002,0.48212599902144315,0.22319704047967767,0.06515309209872905,0,3
62416d8ec296,0.08161053464475107,0.6741244315108776,0.13941912402667395,0.10484590981769701,1,2
62428c0ca6cb,0.1937891191932932,0.5321500761590411,0.15843818426936931,0.11562262037829692,1,2
6262f05749d3,0.8124286572392477,0.04178175728077805,0.10649353868112604,0.03929604679884814,2,2
6263c19334f8,0.6324977366285074,0.1802687482325079,0.1321857608045812,0.0550477543344037,0,2
62754eaff473,0.031500058480833155,0.7238060799505653,0.21099397298143388,0.03369988858716776,1,4
627a4fc2a0dc,0.53358859703533,0.27374109773042976,0.12729855638191462,0.06537174885232579,0,2
628ef26663bf,0.0998257263141129,0.5743731572301214,0.26475193511724354,0.06104918133852206,1,4
628fc5a824bb,0.2068410353653894,0.5524532744207723,0.21005036680115796,0.030655323412680454,2,4
62afcd0adeea,0.22771025875333176,0.4085712625274172,0.19829664580212963,0.16542183291712154,1,2
62c027794523,0.052262450706228716,0.7758745877515294,0.12375133273441961,0.04811162880782231,1,0
62d6d024bfe4,0.06935868856254056,0.673312596657682,0.174184457008965,0.08314425777081272,1,0
62ddc7a85907,0.3290048284452181,0.21698077996411608,0.3233666688839082,0.13064772270675773,3,3
62eb85e2e37b,0.05178462844381087,0.6850369968577351,0.19561550076119924,0.0675628739372549,1,2
630e1c371a8b,0.1367354691880947,0.45697874600528854,0.2642641075637621,0.14202167724285458,1,0
631509ad3765,0.21607798476016937,0.38008237977702497,0.26103580733473564,0.14280382812807,1,1
6317840e9b47,0.13473816762657467,0.4042669848670155,0.33026523611214026,0.1307296113942694,0,3
63313ccf753e,0.7368465700572372,0.07295037490088903,0.13451119394067454,0.055691861101199364,3,2
63343210e844,0.07326178627490487,0.7314734595236568,0.13273298065122574,0.06253177355021214,1,1
633ad3666fe2,0.16102201215343,0.6298009298857217,0.16771019208715068,0.0414668658736975,0,4
6354129bb2c3,0.3031778891025119,0.39987718988002374,0.23243215699810288,0.06451276401936129,1,2
635679335416,0.2501428546619953,0.30289377323847105,0.28403002095840435,0.16293335114112928,1,4
635afb883b30,0.25211144281357817,0.4787618340753609,0.19096163719342088,0.0781650859176401,2,3
635d2d618260,0.258317095458326,0.4572173153063013,0.21438028047539817,0.07008530875997443,1,4
637e273ff96d,0.11732875196314706,0.7104192580672883,0.14059201253799997,0.031659977431564894,1,3
6395341ccdcf,0.09717430017313759,0.5442480811550914,0.2070021694272206,0.15157544924455063,0,4
63a1906b6403,0.7855447566574607,0.05304915671574762,0.08604869594260202,0.07535739068418959,0,2
63a5cd71557d,0.1515436378898909,0.6404615418483988,0.1511544906226849,0.056840329639025626,1,1
63a95293c73c,0.48892272862390784,0.26501730342776364,0.1978660753084231,0.04819389263990543,1,0
63ba14ce106e,0.10563588436221072,0.4982870853550017,0.2805295364791438,0.11554749380364361,1,0
63ce3e6b048a,0.14287420067713755,0.6055720920665931,0.19563634336165303,0.05591736389461653,2,0
63de1ceb55b8,0.051228852613136616,0.8025537249405954,0.09155425697711503,0.05466316546915309,1,3
63e0c8d32ca8,0.4509969279467354,0.38269215335903145,0.1230891109114852,0.04322180778274785,0,2
63efba9a923c,0.264911213170189,0.46154493824943177,0.1716700531783774,0.10187379540200173,0,2
63f0982859ed,0.22397828311456078,0.5225872816824259,0.17009098154914265,0.08334345365387101,1,2
6407edd84e3d,0.17570595997728203,0.40778237730695593,0.22254761321272348,0.19396404950303828,1,1
640fc90f4691,0.72960307524638,0.1132649516754087,0.11710219043113507,0.04002978264707637,0,0
642ffa5c3a59,0.6699292774382858,0.17949130111405606,0.10565958662079357,0.044919834826864735,0,2
6441a00880e6,0.5536224298216719,0.18375606632693423,0.19625207550235324,0.06636942834904082,0,2
644889784a23,0.4347589116941522,0.2977184754850115,0.21682980805502705,0.05069280476580895,0,4
64566b44c452,0.22635343263390453,0.6093548999816173,0.12258405013140684,0.04170761725307112,0,1
645e83638252,0.7339538519391605,0.09939629839643661,0.12254423585980077,0.04410561380460237,0,3
646a81833c37,0.2588391630329533,0.5133314770674429,0.16618561516567834,0.061643744733925906,1,2
6480202c9a6a,0.09209116297914458,0.5488018982603096,0.25113846035970416,0.10796847840084191,0,4
6482765c23b3,0.38648386879411456,0.35148664872066565,0.1831831004024468,0.07884638208277293,0,2
648d90c47364,0.17923308106734645,0.4813460488425286,0.2923884615566109,0.04703240853351413,2,2
6493554b3069,0.12122210111680504,0.5751170318714494,0.22662762975165548,0.07703323726009027,3,4
64af5726691a,0.3648876402434367,0.40013579015119,0.1544018353858579,0.08057473421951518,2,2
64c7b678ff33,0.02919206855125764,0.7538602878745969,0.1690541143363635,0.047893529237782374,3,4
64c9a942dfac,0.10200821038644654,0.5835290949323171,0.21739313397670681,0.09706956070452953,1,3
64ccc691d5b8,0.7048803076466247,0.13338474752327253,0.1146874365127527,0.04704750831735032,0,0
64def9970a5d,0.4569071384477777,0.2734448556704303,0.2212610180499429,0.048386987831849256,1,4
64f0e6e828c0,0.2881034798610869,0.48527155474553096,0.13901757570559525,0.08760738968778684,2,3
64fe1afb0534,0.24282067491214251,0.28893637533626054,0.29241138340608047,0.1758315663455164,0,0
6517ef244d5c,0.05868809200565229,0.4765989444268626,0.18920509170560196,0.2755078718618829,1,4
65442563a7ae,0.46328321712865883,0.18677037861550758,0.2381411831436547,0.1118052211121791,2,3
6551dc773a4f,0.3470033783647713,0.354168593594231,0.19044331650701538,0.10838471153398213,3,3
655298dad8ed,0.4041174271468765,0.33427637506323904,0.15431288117020844,0.10729331661967599,1,1
6556bcef1015,0.03998173429447783,0.7250149296084399,0.17760119928287532,0.057402136814206896,1,1
6566073682bf,0.5601626176652398,0.18503948895573877,0.18791043945037156,0.0668874539286499,0,0
6568580bafe6,0.017170182602094665,0.8218914742927383,0.11234906657518445,0.04858927652998216,1,0
6588e42c7051,0.13701942060292469,0.6057958219479194,0.17178303253852595,0.08540172491063003,2,0
659e18eb801e,0.14238126343547441,0.48236220445965944,0.27119861692546177,0.10405791517940428,1,0
65a9ac85fb31,0.06493034009598386,0.6268289427499534,0.2580074218271328,0.05023329532693001,1,4
65b2d542a83f,0.1635060659481809,0.4313802752577511,0.26269459541089524,0.14241906338317256,0,3
65b95a01d61c,0.48940369567224085,0.24456642439550447,0.18873670729211714,0.07729317264013785,0,2
65c91ba5fd2a,0.5110024595121256,0.1873365670633934,0.16815131349311135,0.13350965993136965,0,2
65e2a7b0905d,0.12123522700693883,0.4510770902128909,0.30517404355611855,0.1225136392240518,1,0
65ead08a5f6b,0.1262717979374113,0.5130323982609545,0.2433516189359225,0.11734418486571188,2,1
66028624dad2,0.10915782231962572,0.6494552183654067,0.18245449298314906,0.05893246633181895,1,0
6618a84e2d7f,0.6726636237630692,0.12536769433730735,0.13351072195505176,0.0684579599445717,1,3
6626a3e68101,0.762739337138617,0.05613643564141204,0.14358418118110455,0.03754004603886665,1,1
66541affb82b,0.025686943255248867,0.8230960319771181,0.12808957154434333,0.023127453223289858,1,1
6677528753f7,0.3726230498578143,0.2552933095660201,0.25787577211445534,0.11420786846171033,3,3
66a8b3010ac5,0.20310168805907128,0.43093694764027085,0.23213930915775405,0.13382205514290382,1,0
66c34b9e2573,0.2629622695288875,0.43814149523283674,0.20707906943104526,0.0918171658072308,1,0
66c8721f3b30,0.01524304058967593,0.8568793213323597,0.09969471077449128,0.028182927303473063,1,0
66dd033c1bb2,0.2642303650604049,0.46817405199358647,0.22059961602320172,0.046995966922807095,1,4
66f126a8db9f,0.556044824819361,0.23326306760756316,0.1561746383084001,0.05451746926467594,0,4
670ad2fc8a1a,0.033107179357384296,0.8312279868213546,0.08738485709282745,0.048279976728433795,1,1
67196f1a10bd,0.07858094178664601,0.6200735389186744,0.18429703755079976,0.11704848174387995,1,1
6721bc35410d,0.6350692172857054,0.18062228661229637,0.15502033180280986,0.02928816429918862,2,4
67248a9a20b2,0.15622438257675972,0.5502222198570332,0.18354888792401144,0.11000450964219563,1,0
673e42f95093,0.6405986711187905,0.07468035643260344,0.1992671979791794,0.08545377446942677,3,0
673fa0edd187,0.415613765797953,0.2261036413853742,0.2566376184082514,0.10164497440842131,3,0
675f6a17212d,0.1750355607367773,0.5474340290833626,0.15522211576571288,0.12230829441414692,2,1
6761361fb525,0.31955079494583133,0.3333728702502063,0.23628928832044838,0.11078704648351412,2,1
6764f0f90077,0.06545063843263396,0.6518077173043473,0.20755837023931686,0.07518327402370176,2,4
678c19bc184b,0.7889790050105713,0.05965429993733493,0.09827842800381809,0.05308826704827577,0,3
678ff202ffd6,0.1303592819392887,0.44574722219895013,0.2880348075982488,0.13585868826351202,0,3
67b9fe4a0b03,0.38201411140624014,0.31600275698879543,0.24179059134690012,0.0601925402580642,0,3
67c36705aa1d,0.26682992159866376,0.39233054709477,0.2674637764140072,0.07337575489255904,0,4
67d55d17a48d,0.06022274356978784,0.6799600427593179,0.20240578124516298,0.05741143242573157,2,4
67d896636fe2,0.5286632986196447,0.17683110558237317,0.19688804195634366,0.09761755384163844,0,1
67f18795f1c0,0.8165064559531742,0.06467399821848387,0.07001683645122171,0.048802709377120175,0,4
68370c4bcdc6,0.2621782238404739,0.38727951282438056,0.30484913945581865,0.04569312387932689,0,0
6845d1fb4095,0.0745923823373569,0.5828503723187747,0.24951699501300348,0.09304025033086485,2,4
686012381df9,0.7189458215332881,0.10943274164395024,0.11241613186462844,0.05920530495813334,0,4
6863735553dd,0.6929816847018112,0.10173991466437042,0.12768025400211924,0.0775981466316989,1,2
686de7618a36,0.1557554607442924,0.5715482534399585,0.23472889007100772,0.037967395744741755,1,0
68711c5bfca0,0.46804992918036087,0.24099236413598218,0.21854311650950548,0.07241459017415129,0,2
6873d2c34118,0.7507148249248827,0.07155394978496879,0.12033199418268148,0.057399231107466885,3,4
6884d06dc7dd,0.44043163750692715,0.24811683403360846,0.26888122963989547,0.042570298819569155,2,0
688b9316db30,0.17631481830114965,0.6544810749919858,0.12484705243530653,0.044357054271558095,1,1
68912f28a690,0.790233397234268,0.0659965443371148,0.10413568419539294,0.03963437423322447,0,1
6891e96a910e,0.33903303870629403,0.457393029764569,0.1589311643781727,0.044642767150964095,0,1
689e8924cae3,0.8391157140257614,0.04724209682363929,0.07189062825773625,0.041751560892862756,0,2
68a7d37d581f,0.14324416466604956,0.5897451010413651,0.16286081137016348,0.10414992292242241,1,4
68a889e685a3,0.1787540653537151,0.5468663756839148,0.1983288457229561,0.0760507132394143,2,2
68abb2be3ba4,0.04400633127412559,0.7941585311401115,0.09541591898303609,0.06641921860272686,1,1
68adf82510a6,0.35162139044065216,0.353489535637718,0.22719185622719879,0.06769721769443074,2,4
68b2e448f6ec,0.3071297540416188,0.40829095912608726,0.22279099997307994,0.061788286859214066,0,4
68be8460c512,0.17799297802577416,0.4389197793921719,0.2655296648191393,0.11755757776291458,0,3
68d167b7ed15,0.10025459163488633,0.3551986543861163,0.3792409212814636,0.16530583269753352,1,2
68d7d715efe4,0.7806053980151008,0.08463110231926874,0.095545601407845,0.03921789825778535,0,3
68d9575beb22,0.6500173185563173,0.12378154900472765,0.1941583995096694,0.03204273292928552,0,1
68da89574353,0.1992330380284842,0.4439203580582232,0.27816286480588653,0.07868373910740602,2,0
68ebe7eadfc2,0.0822733016553004,0.5343291295062039,0.2297892048715985,0.15360836396689684,3,4
68edcbacd401,0.4914905163398726,0.26588337396751727,0.17086922723647557,0.07175688245613455,0,3
6909e8b953a5,0.10533227440645368,0.6325952406306127,0.18264494121626826,0.07942754374666541,1,2
690e42810486,0.6399756591349451,0.1766704419964802,0.12017184810608944,0.063182050762485,0,2
690edf59a68d,0.03212514192809088,0.8534318578301896,0.09406654402961635,0.020376456212103402,1,1
6915678cdfd0,0.05672949883934542,0.6553367041209032,0.1982691591568378,0.08966463788291358,1,3
691577f28973,0.2870912301272194,0.35548960440018623,0.2828663215503078,0.07455284392228669,2,4
691a323878a5,0.11348506160984376,0.6121371385686173,0.1760267902004846,0.098351009621054,2,4
6936f4616519,0.08612149795191815,0.5844051433269177,0.19958247389677564,0.1298908848243886,1,1
69584c7bb3f0,0.47614465677827,0.22495386735024836,0.17729914484915382,0.12160233102232822,0,4
695e7da261a2,0.051089397497667534,0.7848171009134643,0.1369577290886128,0.027135772500255395,1,4
696814af65d5,0.055818457061764054,0.6088676458564635,0.23882243570409697,0.09649146137767539,1,1
698ec439ea71,0.2530569100083301,0.4933880164190646,0.16027179932937444,0.09328327424323107,2,0
69900354fd02,0.20322951466056882,0.5398485792702387,0.20227520561347145,0.05464670045572131,0,3
699611aaa3b0,0.4000340187231098,0.283420587044367,0.26600988611707316,0.05053550811544993,0,0
6996bc393596,0.09243734269930196,0.7166643781174802,0.14204302808607663,0.04885525109714134,0,3
699f119d8555,0.23362262875200115,0.4398540295083341,0.23213990405142543,0.09438343768823919,1,4
69a933e0ed96,0.31951007884765764,0.48158206022060174,0.14347272831173774,0.05543513262000288,1,2
69aa502599b5,0.8341809341808073,0.05211951562547693,0.08056372577318328,0.033135824420532534,0,1
69c0923dac41,0.518874093968221,0.2719201046673594,0.16946128361431398,0.03974451775010547,2,2
69ce4e6043bb,0.1488987547615721,0.5388107589862824,0.18959822102071333,0.12269226523143209,1,3
69e33b894532,0.6748415939131639,0.09865316168387427,0.14866283255614338,0.07784241184681845,1,0
69f1fef9ba01,0.08195981113294325,0.6905598688673127,0.15625238339319647,0.07122793660654755,1,4
69f2bd2ac9ae,0.0709126428383931,0.7035491525363784,0.16276396435142218,0.06277424027380647,1,3
69f765c5e52f,0.07685759045293704,0.47436834748218404,0.34980300438459155,0.09897105768028726,0,0
6a034051a411,0.06593618330023139,0.7149325397956683,0.16867207399542186,0.050459202908678495,1,4
6a11242aa493,0.12151971951794734,0.6284509899329406,0.18647460361215845,0.06355468693695336,3,2
6a160adfe649,0.11713788057154716,0.5980488518580381,0.2322074225746435,0.05260584499577155,1,1
6a280e4917c1,0.03568186060937026,0.7623790500833183,0.1554272621721059,0.04651182713520544,1,0
6a3350b438d8,0.16966766566250346,0.4409517280009683,0.21362964194181577,0.17575096439471247,0,0
6a41fee76a05,0.3282907652202323,0.48417265955344935,0.1459650114416767,0.041571563784641975,3,2
6a5a23f659e2,0.1716512007428013,0.45499419113568057,0.3307523528430679,0.04260225527845023,1,1
6a6071a3d542,0.09178140161347764,0.7138025376047072,0.12028168212361755,0.07413437865819744,2,1
6a69771d343d,0.058002303442057306,0.6238051255198608,0.2174917115472593,0.10070085949082275,2,2
6a80b8290f19,0.15686726704576243,0.572658591272918,0.200976860985022,0.06949728069629768,1,1
6a91cf79b14b,0.2345523996377333,0.4765854348656366,0.16213592578616012,0.12672623971047012,1,1
6a9fa7dbed7c,0.26364515848607356,0.5339121821376646,0.13429264551977535,0.06815001385648668,3,1
6aa858b14f3a,0.21156519720817324,0.5323691207391306,0.2099071850648994,0.04615849698779671,0,0
6aaadabe4cce,0.3099489762072607,0.33271883758730075,0.2638572436822684,0.09347494252317033,0,3
6ab55b9459a0,0.08095855034640015,0.7556322885608456,0.12422831625365516,0.039180844839099095,1,2
6ab6283bd80f,0.13956168548682293,0.5723330160933028,0.19133044226075904,0.09677485615911514,2,1
6abd595dc9ac,0.5780845667998286,0.19969751024960397,0.14763591717975752,0.07458200577080981,3,2
6ac13e0b0083,0.5297130676017452,0.2503231601745113,0.15427985895195914,0.06568391327178452,1,4
6adfb7a6ead6,0.12948372014106718,0.46234410101895873,0.24284428516104475,0.16532789367892953,2,0
6ae0779efffd,0.46055664364861754,0.23760595040157337,0.24215887587089815,0.05967853007891087,0,1
6ae8a88c4b0c,0.31413025248783427,0.4670115534329252,0.16838165787110726,0.050476536208133305,0,4
6af84ed188fa,0.05730312719076537,0.6980550386434318,0.1836950118425601,0.06094682232324289,1,4
6b02afdf2444,0.08891244237477905,0.6469616421026734,0.18616133818971645,0.07796457733283116,1,2
6b08e639593c,0.628616024579143,0.19250516318757613,0.1397091547528859,0.03916965748039518,2,0
6b16f7f2065b,0.10319595017912032,0.5609497611260184,0.24060886679687796,0.09524542189798338,2,3
6b20523f5b0c,0.5441965951958718,0.19542308820379387,0.15472172708132548,0.10565858951900883,0,2
6b25cd407849,0.08370177062510128,0.7498627100667062,0.10335053323806724,0.06308498607012523,1,3
6b2ca1539348,0.07936483882992874,0.6734727928114393,0.17381781507777044,0.07334455328086177,1,2
6b35b67f1608,0.5526677687389487,0.17587067107722623,0.19655725841691615,0.07490430176690865,0,0
6b3dd41dcac9,0.2092094408957003,0.4369894093688318,0.25887890428877375,0.09492224544669406,2,4
6b50ada2cbef,0.5545756005579257,0.18232418933053007,0.20049058935749575,0.06260962075404833,0,2
6b9b82594fcd,0.385883221768136,0.19102251288311745,0.26195102715742624,0.16114323819132012,3,1
6ba3acc30c1a,0.09258529517684032,0.6182803115122852,0.20640921844790938,0.08272517486296482,2,0
6ba5b0037757,0.7431068678890052,0.08663294691013938,0.11757891206339019,0.052681273137465304,0,4
6bb07353d102,0.1788163055042074,0.544252210051464,0.19163422028714636,0.08529726415718233,1,4
6bb38a2b98f0,0.10442539669414691,0.6251261235058303,0.15790207405958465,0.11254640574043802,1,4
6bc01f9a44a5,0.21745537342526788,0.5890871143696468,0.13378428872329534,0.05967322348178976,1,3
6bcea66a71ed,0.11304285817260824,0.5978708502731911,0.18564794878585947,0.10343834276834098,1,3
6bd25e34b9bf,0.05527396050249216,0.7308315958360239,0.15922422212864615,0.05467022153283775,2,1
6be8198c605e,0.7489861802259893,0.07124030633471555,0.12040771506302843,0.05936579837626683,3,4
6c24f49a9da0,0.49072178000026767,0.27273368482536253,0.1562496993464787,0.08029483582789104,0,4
6c30f2ff1a9f,0.12897247697786393,0.6222659789049162,0.18523052568886497,0.0635310184283552,1,4
6c38af5d08ab,0.39387527341762796,0.30601111692324556,0.24838378995223498,0.05172981970689144,0,2
6c5894699b1b,0.05394599992489401,0.602246962711034,0.15690165137144874,0.18690538599262324,2,1
6c7342c4e585,0.4241798151766518,0.31908106959445676,0.18452308946092444,0.07221602576796714,0,0
6c7422f3cd88,0.6690665947439138,0.14451244883634717,0.13834778986235702,0.04807316655738241,2,1
6c78db9456a5,0.13224135623522115,0.5637837070704057,0.2060178336317161,0.09795710306265705,1,4
6c8f1d37069b,0.43272077026537703,0.24105708486367763,0.22543292965773223,0.10078921521321291,2,4
6c94a17753d5,0.7692733358953602,0.07960698881276985,0.09052562595800556,0.06059404933386424,0,2
6ca510d3e776,0.6124205560724816,0.1369960700678507,0.1987016723280368,0.05188170153163103,1,0
6cad5f4723bd,0.07444912296807155,0.5753534888117414,0.17995903798785434,0.17023835023233272,2,0
6cb62181e4d4,0.058060294679172876,0.8090622838028194,0.10303684535108071,0.029840576166927108,1,0
6cd0d5caa9b0,0.15861008886024008,0.4928716684887774,0.21807198453983215,0.13044625811115054,1,0
6ce204b37e48,0.1172191253663563,0.44538060579519206,0.28493292976156886,0.15246733907688262,3,1
6ce2a9142829,0.6409482796936116,0.20502350350025114,0.10697664800486072,0.04705156880127635,2,2
6ce6dde1c9a9,0.22874942939011775,0.2874352992400577,0.26194377929413687,0.2218714920756874,3,1
6ce999aa308f,0.17026753242346032,0.5689384374112879,0.1646396954965154,0.09615433466873641,0,1
6ceafcc1bebd,0.11344365453725978,0.7193765113203998,0.10922342747438726,0.05795640666795322,1,1
6cef85af3be3,0.09571398129051764,0.7371906640944815,0.11358208003383383,0.05351327458116704,1,3
6cf1c5a113d2,0.055323635837886694,0.7553282073146159,0.1482120746625675,0.04113608218492977,1,3
6d0e33569c4c,0.06647808799672461,0.6339213346176371,0.2345581915748804,0.06504238581075743,1,4
6d10dfb48a68,0.29156532990952566,0.3702434337906376,0.2604278596789098,0.07776337662092674,0,2
6d172472504c,0.05229430257157098,0.7903825617335024,0.11975840081561331,0.03756473487931337,1,4
6d3dfbb13276,0.5635694611547395,0.1978616517925519,0.16316541503127346,0.07540347202143526,0,3
6d6965af3f63,0.29487733918027137,0.45337814686097655,0.18480774963648805,0.066936764322264,3,1
6d735565d5e8,0.1726178722838011,0.39282099106049867,0.268651372599507,0.16590976405619315,2,1
6d7efd97265f,0.236912709126718,0.47193105633830434,0.25205266411426713,0.039103570420710485,0,0
6d83b6774b0a,0.1943571574243161,0.4807965063122693,0.2393817488798064,0.08546458738360789,1,1
6d918a401365,0.2536582846719561,0.18428214772575294,0.3232657198427153,0.23879384775957554,1,2
6da07da4db19,0.508393643729382,0.16189445530114954,0.23536039261801764,0.09435150835145056,0,3
6de130752a73,0.1387171105803918,0.6281838043839577,0.14452119080319986,0.08857789423245081,2,0
6de88cb78697,0.3358630307799858,0.21376162614795965,0.30256602915236164,0.14780931391969304,2,1
6df28558048b,0.20761198198332376,0.60342106985685,0.12234982251705162,0.06661712564277475,1,0
6e1722a9f612,0.11873575649250624,0.5574533274822433,0.2531469058420548,0.07066401018319574,1,4
6e1af908f926,0.2715316384294394,0.5747587372733831,0.11704794671186607,0.03666167758531125,1,1
6e1e6e1f06d8,0.666717646288616,0.10304367795836973,0.16411987500728942,0.06611880074572517,0,0
6e2036e14c7f,0.08582562563497112,0.6949028756615411,0.13336000199679893,0.08591149670668885,0,0
6e2814381ad5,0.07309014584530361,0.5951384105185032,0.21301168434175607,0.11875975929443748,1,2
6e397c1d4ad8,0.0498940633741492,0.5617557326139592,0.292661428629275,0.0956887753826168,1,4
6e3e83089363,0.09764334695413832,0.592038183459852,0.2652413824644761,0.045077087121533424,0,1
6e4a0581cefe,0.013845189766217311,0.8913692695415008,0.06737100166742635,0.02741453902485559,1,0
6e550fa78c6d,0.5501491258542285,0.2111281039138137,0.18007513248609472,0.05864763774586288,3,3
6e63af9d6140,0.3217976901375235,0.3510555987610724,0.22874809666672097,0.09839861443468312,1,1
6e7239f0b71e,0.2674149037695887,0.3595055165001993,0.24718471285451024,0.12589486687570187,2,4
6ea453b90c6c,0.5548339847847291,0.13959150753841637,0.19039435469188348,0.11518015298497106,0,4
6ea8cbf6da87,0.6266926882036586,0.12961276349148984,0.1382075159552277,0.1054870323496237,1,2
6ead8a34ec98,0.21245625798544046,0.4627281033156634,0.23265091469839452,0.0921647240005015,2,0
6ebb85e3ec55,0.5022475544589706,0.2663210204829042,0.17106396687443662,0.06036745818368844,1,3
6ebc9d6383f7,0.09312343096927901,0.5089097628986862,0.31152964913266784,0.0864371569993672,1,0
6ebfc762aa01,0.30860305852612246,0.40319174876226577,0.20700090674458513,0.08120428596702675,1,1
6ee4d806e567,0.5064778656584389,0.23366812804432238,0.18969439750724426,0.07015960878999446,2,0
6eec41aa515e,0.6886590962744297,0.09112225371436891,0.13511627833153897,0.08510237167966274,0,2
6ef10ae3338c,0.045927349732330265,0.6906219886310595,0.18265414129683877,0.08079652033977157,1,4
6f080807353a,0.16526336743769438,0.4706009264427532,0.3080736776432157,0.05606202847633683,1,0
6f0a11450459,0.3756934941114314,0.30447305496763744,0.22678077490792178,0.09305267601300946,3,3
6f29d576794f,0.3169617624965166,0.388680682127898,0.23383654887258423,0.060521006503001386,1,1
6f2af770938f,0.03714373475471273,0.8439550149414549,0.08562426379812195,0.03327698650571021,2,1
6f2c498c1bc1,0.17599122826255004,0.5137057356279137,0.17042001562128184,0.1398830204882541,1,2
6f43b168f0c8,0.17791923761437137,0.6626070461635627,0.1232839018775523,0.03618981434451354,0,1
6f60cbbdff62,0.03379810040021872,0.7705503253229131,0.16036591324019603,0.035285661036671974,1,1
6f6170503ca8,0.2102373823696983,0.5371282574287642,0.2032703166300729,0.049364043571465094,2,3
6f640d05c3b9,0.01741306140277145,0.8470895862035005,0.09351044360993896,0.041986908783789204,1,0
6f6cf201e2e9,0.10002521830020175,0.4819024947255939,0.19332836766620717,0.22474391930799723,1,1
6f82787b77a9,0.3075414712874304,0.22455175785843143,0.2962126300729046,0.17169414078123402,1,4
6f88ee365a75,0.09012068632538714,0.5963228842257304,0.23168771349248043,0.08186871595640219,1,2
6fa9fa493dd8,0.650634973767814,0.12880860257680332,0.14204570590878685,0.07851071774659582,2,0
6fb902bf498b,0.1782007661701339,0.4585365580684341,0.19484437216035794,0.16841830360107432,1,4
6fc05a848fc4,0.19283924110249515,0.41212370858280556,0.2717714813939975,0.12326556892070213,1,0
6fc7c54a65f0,0.3178751327455892,0.2740072292309728,0.30207476928355753,0.10604286873988047,1,4
6fcd121e2158,0.2867700950477816,0.38616678405838584,0.21357008178592024,0.11349303910791213,0,3
6fcfdb41c627,0.08526695392347398,0.750187190486291,0.11157148129439654,0.052974374295838365,3,0
6fd699f5e287,0.22834653025139984,0.42351928467958666,0.2446631972350686,0.10347098783394491,1,3
6fda1242f5e1,0.0339362529154071,0.7448973748595311,0.16151124071028797,0.05965513151477386,1,0
6fdb93227268,0.08361794372879419,0.6638953872194956,0.17251476812718666,0.07997190092452355,1,1
6fddebe03b95,0.023972304825122952,0.850021556771909,0.08831024393399022,0.03769589446897753,1,0
6fe13adf23a8,0.03702039194838203,0.7863264775223046,0.10855393939185329,0.06809919113746038,1,4
6fe5d9760641,0.0627365674002855,0.5710450348528174,0.24312360734715222,0.12309479039974473,3,4
6fecf0039e87,0.11423007175819794,0.6350613865619051,0.13239570994229308,0.11831283173760387,1,4
6ff3619ba762,0.15406748015552899,0.6072626712796674,0.16559363934526658,0.07307620921953727,1,2
6ffc47a55a89,0.1114051388630771,0.5189370350907402,0.29471560163255284,0.07494222441362973,1,2
700f8b64c2b3,0.4978772901386026,0.15771286413937613,0.1776762070973405,0.16673363862468038,0,4
7015d3f8ad97,0.37221869844090927,0.3658287020643902,0.20436943613963499,0.05758316335506561,0,0
70181e40a550,0.268878182063753,0.3655705989498577,0.2555214970998254,0.11002972188656403,1,2
7026a1d06acd,0.5775189664430059,0.13857295288061472,0.18792838941576825,0.09597969126061115,0,1
703862f77abc,0.2380259622893579,0.5284593889098081,0.19392730027721455,0.03958734852361935,0,4
70506829e724,0.5989905700458388,0.18265592315435983,0.1306547133085155,0.08769879349128602,2,4
705ef7c40475,0.039638459628029546,0.7445976745252354,0.16224164368694752,0.0535222221597875,1,2
705f6121d2bb,0.11139797192493571,0.5708602515242008,0.24691281897652784,0.0708289575743354,1,2
70623a0fc6da,0.11855913262296176,0.5891970918546332,0.18345891809386974,0.10878485742853494,1,1
7064f1df2a5a,0.05137062921082183,0.7547232460523003,0.13408566888045537,0.05982045585642256,1,1
7082bf0562c7,0.07559737717765688,0.6964554330148868,0.15060036840886068,0.07734682139859561,3,1
70885f674bb7,0.11865361639353268,0.6956454477761396,0.11063283659827755,0.07506809923205073,1,2
708fe734309c,0.058803518696871115,0.6961578838859266,0.1728856056604542,0.07215299175674808,1,4
70946a30bc87,0.5737286217458631,0.20364604580083795,0.17236700911638073,0.0502583233369179,1,2
70968f0162f7,0.5772272689956395,0.19549196253434534,0.14130548165373943,0.0859752868162759,3,2
70997208bbc3,0.4760789790149104,0.26531334348061103,0.18972401654085377,0.06888366096362453,0,3
70a770a53304,0.2794209799210829,0.4490933582940049,0.18137861892102075,0.09010704286389168,1,4
70bf1155c5c4,0.20600349965279566,0.45448681789411977,0.1639233018212551,0.17558638063182969,1,1
70c36a2a918d,0.026601760573560132,0.8341383621213401,0.11796581647133478,0.021294060833764852,1,2
70c5a1b111b9,0.15182675564404666,0.6076736829447221,0.1743820862228229,0.06611747518840823,1,4
70db5f349b02,0.4700956214781911,0.32388224550916683,0.10887043650894329,0.09715169650369838,0,3
70e4e4031f99,0.09197613939109883,0.6034107100486116,0.24587864218888256,0.05873450837140711,0,3
70ff97e1af81,0.10506475141678195,0.6717631985913479,0.14958592888583566,0.07358612110603488,3,4
71043aaa32c1,0.038046644557733086,0.7057280070955173,0.17143116455152826,0.08479418379522109,1,1
711e04fc0ec1,0.2739756972880351,0.45687920499311535,0.1591975339279694,0.10994756379088032,1,2
712a74acd2da,0.5196216148904018,0.2691891859420377,0.1418210697960049,0.06936812937155541,0,1
713c1dacba37,0.6565361200228932,0.10246420814898959,0.17563701370472648,0.06536265812339086,0,0
7143ac3d6c02,0.4017818228710966,0.2479842756609043,0.21953114297866239,0.13070275848933663,0,0
7145f6e09e86,0.5931612305863555,0.20885562680879732,0.11091497067121636,0.08706817193363064,0,3
714f28824757,0.18486759146809434,0.44553993109284995,0.24861765360376556,0.12097482383529022,1,3
7154fd5f147c,0.29590154768340454,0.3980209558492216,0.22690935624678057,0.07916814022059318,0,3
716d94e2d49c,0.09509221127822853,0.5113539776008423,0.24419181047424363,0.1493620006466855,3,3
717649076168,0.13042707310903986,0.5755240903691502,0.22780568928985723,0.06624314723195297,1,1
718e884695bc,0.17584953063912412,0.6648316528176355,0.11861907886541452,0.040699737677826184,2,2
71d1bdc6e89d,0.3511948424823846,0.411895885318785,0.1427882393044832,0.09412103289434749,2,3
71d4e9b630fb,0.08186820514606018,0.6794311141356065,0.15771673106698328,0.0809839496513499,1,2
71d83087844c,0.7137476252134349,0.12182848411124768,0.12501200214337455,0.039411888531942524,0,4
71dad6eccd07,0.3546167485495234,0.32411733210706556,0.20197037027853865,0.11929554906487266,1,4
71e052c9da68,0.07115240442864267,0.5659810327328125,0.27616094212892567,0.08670562070961903,3,0
71f56b6a5589,0.05457952786284755,0.6831825871109684,0.15858188210827534,0.10365600291790884,1,2
71fb5ea71283,0.1423421635122054,0.5578212124967185,0.21904855274772098,0.080788071243355,1,3
72044bb44d41,0.03881010086013317,0.7570627423152244,0.1329386745844243,0.07118848224021834,1,0
72096a738cea,0.08091410906253166,0.7133798311680276,0.17704519990847165,0.028660859860969137,3,0
720fb67abb1e,0.38304333900363086,0.27626998325226126,0.22783827106564022,0.11284840667846753,1,4
7213dcc54526,0.06683239082438026,0.781241627630364,0.12410315566746942,0.02782282587778647,2,4
7222149ad319,0.2138789903636813,0.45067734535079007,0.2637898843280329,0.07165377995749557,1,2
72307dd985e6,0.20172407045177895,0.4920284245233011,0.20529120099950443,0.10095630402541543,0,2
72425b393845,0.5813525460294768,0.201315320440385,0.1582892893479409,0.05904284418219737,0,3
7249de10ed69,0.12630270586282577,0.706217830141819,0.1315403219479745,0.03593914204738036,3,4
724d6bc409ed,0.7232837127452361,0.08656376511851313,0.13250154514199078,0.05765097699425985,0,4
72514d63484f,0.5073364751509488,0.263551349639598,0.18440460953226975,0.04470756567718374,0,2
726c53df6609,0.14880063842967667,0.5662922879557003,0.18543431866279447,0.09947275495182872,2,3
726e81c6c735,0.2743903281889255,0.42978227712381123,0.17875294344988021,0.11707445123738305,0,2
727cdd8777b6,0.040920902408017566,0.7619863815340678,0.1372776104144033,0.059815105643511245,1,3
7282d136726d,0.7671019515177419,0.069429318261744,0.10917726666281373,0.05429146355770046,0,3
72844dad85ba,0.21436646394858366,0.5313299975981612,0.177297954547179,0.07700558390607591,1,0
729a96c67c8c,0.09145428379900918,0.7327618569228279,0.13780887935402622,0.0379749799241365,1,3
72b5ff80fa42,0.19118159034028925,0.47671763478015666,0.2395038131076883,0.09259696177186584,2,1
72c48e3d0100,0.27361132612436995,0.4885205925758167,0.18563325349962442,0.052234827800189135,1,4
72d02af1f658,0.08042848633666659,0.6129426508043563,0.20491263682327843,0.10171622603569874,1,1
72f57941bed3,0.3219412997644327,0.41597124850208067,0.13727331430131828,0.1248141374321682,2,2
73049129c53a,0.03963015259703497,0.762968111951378,0.13151162405184977,0.06589011139973719,1,3
73077ed6c5ca,0.150482379355868,0.5083418051099322,0.23688227766704562,0.10429353786715437,1,2
730aca6abf73,0.37053331887247437,0.3023575349213279,0.19770437994848253,0.12940476625771516,2,1
730dde2edfc7,0.3227489918934882,0.39647592498597006,0.2105899305045386,0.07018515261600301,1,1
731f38a54d39,0.5637068753128749,0.19492418954388954,0.14894398775813045,0.09242494738510507,0,0
7320a49281fb,0.15382683235393269,0.4612671417149721,0.30367172237696405,0.08123430355413143,3,0
7322960be0a9,0.27723089871104895,0.48170610015815274,0.1592435163652058,0.08181948476559232,1,4
732475ef8c2c,0.06513916624042367,0.7353056859063335,0.14815158682665916,0.051403561026583534,1,3
733ed3e2cf92,0.4232504632453411,0.2964459507219377,0.22134738772000717,0.05895619831271393,0,2
735523d1689e,0.5673153984713826,0.17702106178605878,0.18733629525784,0.06832724448471884,0,0
7359a4fd6f06,0.18535887662979209,0.5605009345933951,0.19936836940224492,0.0547718193745678,1,2
7367c35f74ba,0.6047126650620308,0.19968174040113604,0.13594270135978473,0.059662893177048384,0,3
737a25e956f4,0.45154744595119317,0.23802422371890736,0.20044581567043418,0.10998251465946542,0,1
7397c44412f2,0.17830206446366123,0.44029942151390516,0.30260610764829887,0.07879240637413475,2,2
73a7ea88d1c5,0.5744046471476343,0.17979915742497565,0.13474985415538485,0.11104634127200526,3,0
73be9646a914,0.09044561733403318,0.5508025911543752,0.2019558937596797,0.15679589775191166,2,0
73c516bcab83,0.051485233522032166,0.6533917994640454,0.21918167646281672,0.07594129055110566,1,4
73cc509a84f7,0.16034137463065715,0.5188506081061087,0.18012972527822493,0.14067829198500922,2,4
73daf4596bf7,0.09253375072963876,0.6720614692511611,0.18004746449744508,0.05535731552175508,1,0
73e3912f1d29,0.6140841351101776,0.1315192371596552,0.19949652878471996,0.05490009894544692,1,4
740b0dab33ca,0.816545759907976,0.03981905785922679,0.09535257300856502,0.04828260922423217,0,2
7416b5cbc531,0.07751509995541908,0.7443363305002149,0.12533761731135692,0.05281095223300908,0,2
741b969bba80,0.0948555923502145,0.6542115412409795,0.20335303047985132,0.04757983592895483,1,4
742a1e1fff0f,0.4925140235962193,0.18887629499900085,0.23665849410767922,0.08195118729710038,0,1
7437ebff0c0c,0.14223215098518158,0.6267429678799793,0.15475743282010093,0.07626744831473814,1,4
7442e4e2cbd1,0.7646062600598423,0.06450024595012971,0.09568757312897425,0.07520592086105381,0,1
7468e3ccba55,0.073074980693389,0.6887120602038077,0.14785696932869613,0.09035598977410716,1,3
7474d005a422,0.09150105772701336,0.6627675848741914,0.15978190330928768,0.0859494540895078,1,3
7475f784d4a1,0.023351845233099973,0.7206411513498826,0.2092739243253936,0.04673307909162407,1,4
7476f5857c35,0.20198428668796303,0.5345489084116248,0.17966372666975838,0.08380307823065425,2,4
747702a0bbc0,0.1027200101658934,0.7003674734781299,0.14654962092314588,0.05036289543283102,1,4
747af914db5f,0.11587360961276945,0.5472817005455644,0.23316540471182529,0.10367928512984058,0,1
7493e758bb52,0.5814596000661815,0.2105187199081003,0.15225362355188596,0.055768056473832324,1,3
74968646f9cc,0.31269662633563716,0.38541791677101467,0.20758129814120996,0.0943041587521383,1,1
74a87565a547,0.3380704482302358,0.2808186987830253,0.2683583878047974,0.1127524651819417,1,1
74ac2e1f23bf,0.42521841153013507,0.3083181549289815,0.1784697320413353,0.0879937014995484,1,0
74b07ad32cf1,0.5994416878404478,0.19491173407203194,0.1494183560494668,0.05622822203805329,3,3
74d11c0c0ea6,0.04047580365576826,0.7726850046433587,0.11140436088805598,0.07543483081281739,2,4
74dbd8125c6f,0.2242711776528347,0.4593363612738924,0.20884911203160858,0.10754334904166442,3,0
74dc38d75151,0.6958035167667846,0.12965600234481153,0.1335759341102401,0.04096454677816374,0,4
74ebe8edda5b,0.16571319216421618,0.4844195957838658,0.25074432578687356,0.09912288626504472,2,3
74f757451b08,0.20434795196724226,0.5871790717254268,0.16483920661216056,0.043633769695170216,1,4
753ee89d1fd6,0.07029315146745024,0.5662929364978722,0.26395228150321126,0.09946163053146624,2,2
754759f9a637,0.21141450489732105,0.48542150721873645,0.2199468499998444,0.08321713788409785,2,3
755469264a39,0.21326159999864971,0.5031045052858835,0.17150881673794305,0.11212507797752373,3,0
757db9bd51a1,0.07668156585247654,0.5470787656668918,0.251468390739287,0.12477127774134456,2,4
7585d5f73457,0.6659403705909748,0.1576605022064899,0.11161492296524199,0.06478420423729346,2,3
758eecca893c,0.04041135439482467,0.6872548848738201,0.17569149586178712,0.09664226486956788,1,2
759a8e5cee9d,0.47018344277341395,0.2961139846781445,0.16214319159980645,0.07155938094863502,0,3
759fdf1aaf08,0.5292355358517619,0.21930859987445975,0.17138725047534156,0.08006861379843702,0,1
75a00272c6cb,0.44138890634257955,0.21627511344413997,0.2590583046047287,0.08327767560855172,0,0
75b33f606cf5,0.19425561123191892,0.36117366638276427,0.27908554313586625,0.16548517924945072,0,3
75bb6e197bbb,0.15000099819594767,0.49680386528247117,0.21624215703545233,0.13695297948612903,1,3
75ed74f9f238,0.6347378910953404,0.1597546140452598,0.14493667969072385,0.06057081516867615,0,3
75fc2de53d2b,0.6087577626066896,0.14011940212122165,0.1499395567919759,0.10118327848011287,2,1
75ff9d63f15b,0.5489852158638364,0.22228132078472518,0.159918898496945,0.06881456485449329,0,2
7607adf7450a,0.27866610202045317,0.5290502020062272,0.16194718264171934,0.030336513331600378,1,0
760a7a9bb2a1,0.10826331633723486,0.635039757476269,0.19326662785640117,0.06343029833009468,0,2
7610dab485fc,0.03376607268150746,0.7396531043181493,0.17811110259335178,0.048469720406991615,1,4
76122cbd97f4,0.03444131291814895,0.681452629685336,0.21168859057293327,0.07241746682358183,1,2
761d01ff68fb,0.6653120024633494,0.11100007979572835,0.15125953179520282,0.07242838594571929,2,0
761f0f4ecc85,0.11237424275525051,0.5304328412911877,0.23346485787719792,0.12372805807636358,1,3
76519081a45f,0.03770398460489898,0.8195308245807681,0.09460879084908361,0.04815639996524964,1,0
7654fff4b24c,0.0936420684041486,0.7237946581969844,0.12305380599444006,0.05950946740442674,2,1
7664ec8a8a19,0.20438192244320805,0.2500294243042386,0.3005192382060853,0.24506941504646787,1,2
766dc0e879de,0.0773090319005308,0.5838580319088263,0.25710317057097787,0.08172976561966497,1,1
76916f737774,0.048277351921084316,0.7373287639633396,0.1317018098009081,0.0826920743146683,1,3
76938243a97f,0.44543226523694557,0.3361782554640077,0.17817845975284452,0.04021101954620207,0,2
76a35cf1cea0,0.498892302920847,0.2365990014426406,0.13932497156288717,0.1251837240736253,2,2
76ae6588e5b4,0.06550516065096289,0.6949676633668125,0.15226013398706875,0.08726704199515593,1,0
76b5e2db22ba,0.07572908086782898,0.7633903142125117,0.12066282048447698,0.0402177844351825,3,4
76c9821a3d06,0.6940717987957681,0.07920531839652734,0.1435667078358843,0.08315617497182037,1,1
76d3ada42326,0.08252532490918962,0.5255832174444995,0.30230713834400413,0.08958431930230691,3,0
76d8b00619fb,0.25283644987747694,0.27539556575427265,0.3450274964974703,0.1267404878707804,3,0
76f44ffa4441,0.030573337556541392,0.6602539146792035,0.18730874020950075,0.12186400755475443,1,2
76ff3ec3c022,0.10463487811250849,0.6994902710071929,0.15010971549960095,0.04576513538069764,1,3
7703e1787577,0.10714554941381046,0.6490947576308344,0.17704394190486522,0.0667157510504898,1,2
771a4add61c9,0.6211412551719792,0.12753012973688913,0.16694381925250526,0.08438479583862646,0,2
77217025615d,0.10316435078599782,0.6475213643332886,0.15077346055365332,0.09854082432706036,1,2
772dbd065c7d,0.11966656805506887,0.6405714965959898,0.160663018914645,0.07909891643429637,1,1
773f243da328,0.23781173240386047,0.3629040422360527,0.28177095212992104,0.11751327323016562,0,2
774720fb2a45,0.2628072194269182,0.4480881582199353,0.17026804394041808,0.1188365784127286,0,1
77539184cdaf,0.07337836619824446,0.7561365841309942,0.1449662295597023,0.025518820111059062,2,2
775b359f53b6,0.5604370578877969,0.15823660886265287,0.1835683922302892,0.09775794101926077,3,3
776cb995a1fd,0.20379830503052906,0.49316599872634737,0.20825206123121207,0.09478363501191173,1,3
7786df1d7d71,0.07626557918264001,0.7568571087317514,0.11070156362503937,0.05617574846056944,1,3
77955e62e6c6,0.26889243957977954,0.3244404848941159,0.3266363712791169,0.08003070424698772,0,0
77955e96a54c,0.41014537742422513,0.26494608799771485,0.22585469545939993,0.09905383911866014,2,0
77a0888b5ac1,0.17004381641983637,0.6223918527405344,0.13829123391503612,0.06927309692459323,1,2
77b272cdda9c,0.3988402207175671,0.3765699058944658,0.11422260179630318,0.11036727159166373,2,4
77b4e0d0a49d,0.23916209194063356,0.48961190870191607,0.19910871626205084,0.07211728309539933,0,2
77f901809e36,0.5710569258128175,0.13272475765225555,0.17875778829512706,0.11746052823979981,0,0
780ffa8abde3,0.14813925215106566,0.6221945766946764,0.1753784427974681,0.054287728356789945,0,2
78258aa63d76,0.2591011536766607,0.29321102150827927,0.30231392485869724,0.14537389995636268,3,2
782ab22207fc,0.04642879747673787,0.5870504357676545,0.21801341569952662,0.1485073510560809,0,4
782d728ee09c,0.28025489510648827,0.30919611599076396,0.2410866939317691,0.16946229497097873,0,1
7846f687646a,0.10829136084515925,0.608533643791086,0.1907006685623359,0.09247432680141884,1,2
784af90e8cac,0.7028121583115978,0.06511156188149798,0.12097356816022134,0.11110271164668256,0,1
784afbafee30,0.5961118207656756,0.11244288615365453,0.19049054590203998,0.10095474717863019,3,0
78509f1ae31c,0.3114048357685876,0.44826599040506493,0.18090760204910586,0.05942157177724168,1,1
78543ff029b2,0.11736961312317763,0.6065535046118332,0.20323186615362918,0.07284501611136004,1,2
785e985b3a22,0.05240879150992403,0.6902565839610153,0.19746035074308688,0.05987427378597336,1,2
78661808d8d5,0.27556427869638317,0.4495904714743625,0.18112588611883126,0.09371936371042304,3,3
78688bfcd441,0.7695258166691801,0.06291389278143057,0.12171081204967152,0.0458494784997177,0,2
78791be84503,0.49065028061054233,0.11116259681350944,0.25639510133614446,0.14179202123980422,0,0
78909b4d3179,0.04810295960010206,0.8277914867625051,0.07656644374870675,0.04753910988868581,1,1
78e93504e04b,0.74596362764701,0.047617503675860436,0.11235848406781813,0.0940603846093113,0,0
78f1e3db654c,0.2969508296802114,0.3058417430518398,0.2113994261748861,0.18580800109306264,0,4
78fc07c1dd2e,0.8382938944956574,0.04263819483696013,0.07591509695976018,0.043152813707622646,0,3
7902e534869e,0.16397537647043728,0.3559205159336497,0.30207538328600153,0.17802872430991132,2,1
79140443c2e2,0.12694890123077415,0.6651177336217629,0.1677436304304063,0.04018973471705673,1,3
79144883061c,0.23862756576567373,0.3058198143570605,0.29084316400732746,0.16470945586993824,2,3
791bd51ede54,0.16700985771838328,0.5500474975993762,0.22248673203402464,0.06045591264821569,1,4
7931e444dbc9,0.21410870970879778,0.5173317275850613,0.19151918359543227,0.07704037911070834,2,4
79642d095252,0.07194658207401246,0.7525456727369823,0.12969780221471372,0.04580994297429102,1,2
7974c126e951,0.7467569954231983,0.10732387096860667,0.10377241712974947,0.04214671647844554,0,3
79774c9d6ec5,0.39853689120831626,0.22280776239025005,0.3021940574653654,0.0764612889360683,1,0
798c27690f1f,0.11242434088113806,0.5637617854778594,0.27171786989557767,0.0520960037454252,1,0
798cdfa7890d,0.07370387424986996,0.6166832835969314,0.24703494938664045,0.06257789276655816,1,0
798f8e89c7a7,0.26659321334913516,0.3717961148905153,0.3126970224832508,0.04891364927709892,1,2
79a8a08dac37,0.2850968691167632,0.39307788608322886,0.2255044751741329,0.09632076962587507,1,1
79b0461d245a,0.5045424621191997,0.2793066886687134,0.1824499156739416,0.033700933538145135,3,0
79c3bf957d49,0.05914904076200149,0.7860950056172094,0.12055313960245467,0.03420281401833485,1,1
79cd05c9c1f7,0.7064427061476227,0.12724368828749993,0.11927402491845412,0.04703958064642316,0,0
79d4f7356c39,0.07698634811590395,0.5780477218784967,0.22210464282804876,0.12286128717755039,2,4
79d5d8448dca,0.07446598372537608,0.5086044763668156,0.20689677853436758,0.21003276137344068,1,2
79e2eafdb5cd,0.678754143077846,0.15480210723870474,0.11858149248604588,0.0478622571974035,0,3
79ec91f1194c,0.15816692274791766,0.5897975702598265,0.1579263805356298,0.094109126456626,1,1
7a06a32e54c9,0.1261130729028317,0.5304397752084498,0.1840386441469307,0.15940850774178772,2,3
7a1023392e52,0.07767133491836753,0.6900522284690941,0.16363629006418687,0.06864014654835165,3,3
7a15889e036a,0.3090611192779586,0.356413816456255,0.2379533427456725,0.09657172152011395,1,4
7a1934d2866f,0.1569879332303242,0.48597643192596773,0.19425252374501875,0.16278311109868931,3,1
7a222273085d,0.02057337209277003,0.8497411504738046,0.08974229649672645,0.039943180936698894,1,4
7a4341a6a2ee,0.09625064327103465,0.690381069357064,0.13216023277382796,0.08120805459807351,2,0
7a5105c66642,0.34230241965239633,0.37364033517403017,0.20454634466758304,0.07951090050599048,0,1
7a69851883f3,0.17990708411901074,0.5283523003514765,0.1981584426747841,0.09358217285472833,1,2
7a8fb17a122b,0.184469892057065,0.34382307792295735,0.31718895111638507,0.15451807890359265,0,0
7a9186d8ab3a,0.06662378174149046,0.6883918848621708,0.20093577279719824,0.044048560599140474,1,0
7a9a5b3ed60c,0.09994632718161144,0.5642279989984983,0.21300331073698794,0.12282236308290245,1,3
7a9b2f9aa761,0.279744597336317,0.5154156769741646,0.16119910207879162,0.043640623610727285,1,4
7a9e0a0b31a1,0.21787713294599922,0.33138402702526343,0.3251129617727952,0.12562587825594185,2,2
7aa4e85e5eb5,0.03186353143959032,0.7191830248233582,0.1924198988470013,0.05653354489005055,1,1
7ab1b20d8fe2,0.3460888797102226,0.29654517929019225,0.24971214655027074,0.1076537944493143,2,2
7ab568cc7d2c,0.5783631480472283,0.18458048198781,0.12814757013155137,0.10890879983341031,1,3
7adea6f20461,0.07072337837350301,0.7131848606513522,0.1562705439935805,0.05982121698156444,1,1
7ae41bc8d8bf,0.7399346344049258,0.08676402568965881,0.14487547131551567,0.028425868589899792,0,4
7afa1e20a54e,0.1471779021879713,0.6076688085652707,0.1815845401652233,0.06356874908153455,1,2
7afb581299a8,0.16049119618571314,0.48273573754140275,0.2343474657411908,0.12242560053169337,1,3
7afee3a6d7e4,0.7994660736907552,0.03540969978300462,0.10933422576541192,0.05579000076082847,0,0
7b00f77a1879,0.11197934088947052,0.7189145029751791,0.12497750788317388,0.04412864825217681,1,4
7b10c52613de,0.12010727732563752,0.5773166546230172,0.24640602839554987,0.05617003965579556,1,1
7b20d3520e9c,0.32747877522961377,0.4994043311369172,0.11213462144175192,0.06098227219171715,1,4
7b54de3984e8,0.23962128507987956,0.3983349450218051,0.315718046005082,0.046325723893233244,0,4
7b5b31210030,0.25548246134861785,0.4521525035053341,0.1989591808822613,0.09340585426378678,1,2
7b6c49da06db,0.680139711237099,0.12662129646488074,0.13143132982013767,0.06180766247788301,1,2
7b794c082812,0.5388174764971643,0.20522661270500095,0.20397004978344385,0.051985861014390976,0,1
7b8c999b8505,0.5000818789022334,0.26469462059993837,0.16497144268206274,0.07025205781576536,0,4
7bab30555627,0.27800363971075703,0.42809646435163645,0.23487964819722584,0.05902024774038075,0,3
7bacc2783fa7,0.06273543443664202,0.7032279061885768,0.1776564072068407,0.0563802521679403,1,4
7bae3da7cc02,0.08369563404363457,0.6350933248912766,0.2167469950315138,0.0644640460335751,1,3
7bb06ca2150c,0.12402799603318171,0.6274413840913556,0.16371452483614032,0.08481609503932191,1,1
7bc704a7b154,0.5317505068467369,0.2270971187290427,0.1563824591021644,0.08476991532205584,3,3
7bd39a169837,0.21560345994317176,0.5238963097893152,0.21469544411324298,0.045804786154270014,1,3
7bdfad741d14,0.13590674759718757,0.3950592229190651,0.33725041416971624,0.1317836153140309,0,0
7be73deb61a8,0.13759478234156516,0.5570721545087008,0.26066240513846095,0.044670658011272686,1,2
7bf83b446661,0.13354467852102497,0.6270199697691259,0.16390707712697558,0.07552827458287335,2,4
7c1c89a066e5,0.7409721042628324,0.09328657948197822,0.1168404277802917,0.04890088847489733,0,3
7c1dcb902f6d,0.03712950039630103,0.6940504300347521,0.20251886482492315,0.06630120474402355,2,1
7c3b534b7eca,0.517596429989378,0.23682399578017102,0.18437672774938563,0.061202846481065186,0,4
7c4bfbefede8,0.3771348126015981,0.40239004944769524,0.14064119813698142,0.07983393981372514,0,1
7c5406d6328c,0.6168866904707363,0.21908976412444253,0.13054444903731077,0.03347909636751037,0,0
7c6b51d6639e,0.6251824470562357,0.142201860106735,0.1831538539884399,0.049461838848589706,0,1
7c818f4cbdec,0.03320036502152037,0.7890360172185978,0.1011993118673764,0.07656430589250551,1,4
7c96d6d546d3,0.27892673972963794,0.3770868820856091,0.21819991886647103,0.12578645931828203,1,2
7ca967363865,0.3104580653138653,0.39149220362720244,0.1795044735750079,0.11854525748392418,0,4
7cb0d082d21b,0.03373021288374015,0.8388785171251433,0.09509277842304564,0.03229849156807088,1,1
7cb0fdd18092,0.5609313279132055,0.14797415788891502,0.2149466831552968,0.07614783104258276,2,4
7cbbe81579da,0.12672418260116175,0.6430493314441061,0.12776880190798667,0.10245768404674539,0,3
7ccfe56da30b,0.11623115794837183,0.42743115269759174,0.27693989477148434,0.1793977945825521,1,3
7ce1ebc880e0,0.09135838439055768,0.589481556152828,0.24852406419686981,0.07063599525974454,1,1
7d1c99d9eca8,0.08475471708359017,0.4004957256175269,0.32756114674109027,0.187188410557793,2,0
7d26435833cd,0.026087299119525075,0.8040727363534317,0.1055081743437679,0.06433179018327523,2,1
7d28b814a4d4,0.3722401359037094,0.31403787686866586,0.24363974308564998,0.0700822441419749,2,1
7d2b67f6357e,0.04304058932648969,0.6574602130693664,0.20875677785759805,0.09074241974654546,1,4
7d2ca42f0906,0.07035576756307997,0.641657220719644,0.1831630312902226,0.10482398042705349,1,3
7d38fbf46bbf,0.6229443749143128,0.23294037393025235,0.11308057577766419,0.031034675377770785,3,4
7d3c837a7644,0.3273122123105531,0.327880144132038,0.2434199009899378,0.10138774256747135,0,1
7d4971c1d0ca,0.5998890470982339,0.2022375554419537,0.1587693431364705,0.03910405432334184,2,3
7d5282a52850,0.1450236662957339,0.598147463180302,0.17537153015797202,0.081457340365992,2,3
7d64b5b28306,0.6169727954405536,0.1437892702314944,0.14618824741240177,0.09304968691555007,0,4
7d70e90deb87,0.3874564537001216,0.3590679702093389,0.20834003831162212,0.045135537778917184,0,3
7d82d53204b8,0.0452996967042554,0.7512957359760669,0.13817200748752118,0.06523255983215653,1,1
7d9f72046513,0.13817197583430904,0.5983520259335705,0.16042182482227668,0.10305417340984382,1,0
7da2b553b5ce,0.2618199316347559,0.4027493772753836,0.2431921794008294,0.09223851168903092,1,1
7db18af1a9d1,0.21156925871970564,0.4017247591139509,0.24130373093506818,0.14540225123127565,0,3
7dc1629a0438,0.49920467956795167,0.22229468746308917,0.18761995930211955,0.09088067366683945,0,4
7dcc972565e6,0.22432570850491024,0.44971161434731466,0.2524353571115189,0.07352732003625652,1,4
7dd3347b0d10,0.5073077742833718,0.3214420636653465,0.13415011433452345,0.037100047716758185,1,3
7dd6835dfc59,0.06202855078715014,0.6854244066988825,0.20204006098371444,0.050506981530253216,0,1
7dd880b043d6,0.11787093804640716,0.45901758059982317,0.31569640557793915,0.10741507577583016,1,3
7ddb42c36bf7,0.06224759514152806,0.5407531055446754,0.2714931189685568,0.12550618034523964,1,0
7ddc4c9daa44,0.6061396525967939,0.17379646883846886,0.1614770932719159,0.05858678529282149,0,1
7ddcf63a332f,0.08684722623450743,0.6500050162898448,0.16160073616706902,0.10154702130857884,3,1
7dfd6afee3e9,0.33861804142330243,0.3075161152225356,0.24115229055525886,0.1127135527989034,0,3
7e24eea87ca5,0.12434264641186828,0.5927248729293957,0.19756062950361514,0.08537185115512122,1,3
7e26e0963bac,0.018119408306004992,0.8070223893353604,0.06818657734135297,0.10667162501728156,3,1
7e285573bf0f,0.36622184152140913,0.36037830078275174,0.2004199475415543,0.07297991015428458,1,1
7e2fe165275e,0.19519467113845243,0.5511735053961293,0.1817476557308157,0.07188416773460299,2,2
7e4059d6a0f9,0.5661192706000862,0.18504041336668747,0.1518857454118502,0.09695457062137637,0,3
7e4b2e28a241,0.4386478899755528,0.2923020230261517,0.21569326284439672,0.05335682415389846,0,3
7e5785e7fda6,0.13607045479749005,0.6154747868918817,0.15521420838944816,0.09324054992118001,1,0
7e6c68462e06,0.11190488740680543,0.6834609124980183,0.13795095186088238,0.06668324823429402,0,3
7e6e49e5eea7,0.6691998468533074,0.12471715014214152,0.14613913810324283,0.05994386490130805,0,0
7e7701fec9ef,0.6768453186882866,0.10844221539774214,0.14600986183908424,0.06870260407488707,0,2
7e86ca47ec47,0.2637357574264544,0.394149487939163,0.23629450998989834,0.10582024464448431,2,0
7e8be259013a,0.5464332542954616,0.2127318074714981,0.1906149213873083,0.050220016845732185,3,1
7ea118331dfe,0.12889657642177205,0.5775506358236204,0.2159670383595017,0.07758574939510575,1,0
7ea7f0ce6ba4,0.057633014557775995,0.7252152775899617,0.12164864775306637,0.09550306009919578,1,2
7ea86dbc72ee,0.2993610461970352,0.40126901867603026,0.22765331892393692,0.0717166162029977,1,2
7ea9b8b90bda,0.06103102774237484,0.7070539015571371,0.1741721483275352,0.05774292237295276,1,4
7eb0a56757c0,0.3551613731616271,0.37113747025515587,0.19908693416383555,0.0746142224193815,3,4
7ecdff541fd7,0.6237163607224383,0.1782428654247693,0.14456648815532264,0.05347428569746967,0,2
7ed9fad978ce,0.1128210413673957,0.4624404528909615,0.31540277079104956,0.109335734950593,1,2
7eed9af03814,0.28233503823068,0.3139356934722864,0.284062769018489,0.11966649927854475,1,2
7f00e5d4ac58,0.7336497280666459,0.11324050837830232,0.10270720599945815,0.05040255755559346,2,2
7f0a5ea1b11b,0.14028898386233427,0.5966692748514273,0.15560760793684655,0.10743413334939218,1,2
7f4b1a1e987e,0.1794961833980541,0.43545958785783345,0.25603660515986376,0.12900762358424875,2,2
7f5a35344d25,0.13634663852675008,0.5078395653725832,0.22434000271936905,0.13147379338129786,3,3
7f68921f1b58,0.2718936048815847,0.27572041128301406,0.272224749483111,0.18016123435229034,0,1
7f73780cf1f4,0.8113457661375125,0.05301191684725277,0.09084853124411159,0.04479378577112307,0,0
7f7379e733a2,0.7565992146570053,0.06561358316397897,0.127601350546013,0.050185851633002695,0,3
7f773ab567dc,0.360011063109726,0.3214152463037392,0.20945818694180582,0.10911550364472901,0,1
7f84d57bc1cc,0.7082097441064984,0.11290781261599168,0.1273658797937966,0.051516563483713376,0,1
7f88c3e4abca,0.22973141977303194,0.501311392890056,0.19275206842668227,0.07620511891022982,0,4
7f9619af434c,0.03667017942774417,0.675782618174184,0.23189791475771718,0.055649287640354324,0,4
7f9e2766281e,0.03253611058780383,0.8487649711433946,0.0788479792547661,0.03985093901403568,1,2
7fa441d1dd32,0.10510232947949491,0.4332960425293019,0.31565435794635344,0.14594727004484942,0,0
7fac35c9e1f4,0.12279812254612758,0.6972621205400489,0.1392437245751914,0.040696032338632566,3,0
7fba08f9ba1e,0.21364180938234642,0.5509567266467057,0.15172908014365266,0.08367238382729518,1,1
7fc0becb14fa,0.03328664029244518,0.5776463730294298,0.220362519498529,0.1687044671795961,1,4
7fd0efde20b7,0.05703720219455212,0.6921044379674923,0.14899119902056893,0.10186716081738614,2,3
7ffb3015dacb,0.04772201322884077,0.686593020437557,0.19633454903206274,0.06935041730153971,1,2
800c22b13e4c,0.15965702164513498,0.43087214427272974,0.32297637917697836,0.08649445490515699,0,4
80195e7d2700,0.2678891261060401,0.3407052544661132,0.3151959647891308,0.07620965463871553,2,4
801ff0c146b7,0.5631965736917808,0.23119117183198173,0.13386860480002216,0.07174364967621517,0,4
8021320a355b,0.42470012124194667,0.3870488373726213,0.12486979127211123,0.0633812501133205,1,1
804119f6c0a6,0.1092199160936683,0.675144585289618,0.1489275520946675,0.06670794652204604,1,4
80432401db2b,0.7524638766565808,0.08860254549112138,0.11626021337537451,0.042673364476923555,0,4
8052009f6e35,0.19354607731806894,0.5432590651214652,0.20459021554401566,0.05860464201645056,1,3
805989876fee,0.35987253216363874,0.2994092735409677,0.26075721848780836,0.07996097580758563,1,0
806161ff1e51,0.4171965320035722,0.29326569009337505,0.24610587437047332,0.043431903532579155,2,4
8072ea43a9ef,0.4887616474091222,0.13562866700210133,0.25093205093522875,0.12467763465354723,1,0
8087e3bc0efe,0.07831922865558347,0.7499159614952858,0.13063130399007833,0.04113350585905273,3,3
8087ef52aff5,0.5324282318244326,0.2096772804889225,0.19339488053544604,0.06449960715119891,2,3
80a0658f585b,0.18254232626088338,0.4584977204791,0.25999828777080664,0.09896166548921004,3,4
80a38757f6b5,0.782216179306984,0.07218194962769135,0.12108594367922904,0.024515927386095555,0,4
80a497a15df6,0.31061159912756126,0.4773597100839869,0.13971590838035636,0.07231278240809529,0,4
80a5f2f9ba0c,0.1431577616277573,0.5809979693805406,0.160962358586963,0.1148819104047392,1,1
80b74df174a9,0.12746953341822773,0.6403722775589812,0.1643117492742794,0.06784643974851139,1,1
80b798963819,0.1472572016465594,0.5816630798409497,0.18805368686425764,0.0830260316482334,1,2
80b943fa8ecf,0.1969620004760422,0.5127590659306274,0.20449602733860303,0.08578290625472736,1,3
80ba72c35938,0.41017992058043395,0.2826365995316155,0.18740804946847345,0.11977543041947719,1,1
80c55ce81802,0.7876215176134614,0.11013804901993884,0.07227581939359735,0.029964613973002305,0,4
80e3f166ad2f,0.3103831683687879,0.42729827334664866,0.16623997932745077,0.09607857895711257,1,2
80ec7581b718,0.3825895432666928,0.2795248866479137,0.2479612216537207,0.08992434843167259,0,0
80f212c4109c,0.23658937743166983,0.44855096273565215,0.24608718415899275,0.06877247567368529,1,0
812fbc20eda8,0.15282547894039192,0.5847654820744802,0.18391543125897775,0.07849360772615012,1,3
81493310c235,0.11251983422579272,0.5001898514827935,0.28107419672546924,0.10621611756594489,3,4
814e0fdfde1e,0.06405846899308003,0.6661955815326975,0.20781967485562527,0.061926274618597475,1,0
815214972656,0.6615031699588284,0.13017866458475985,0.16958801677641097,0.03873014868000045,0,4
815278b6c176,0.034377273539916146,0.8456236832069732,0.09059515788656732,0.02940388536654333,1,4
8160bfb420dc,0.0810416096184115,0.7300825780678027,0.16655024804931032,0.022325564264475167,1,1
81651ff35cb8,0.37213244795894257,0.3380772846137468,0.19749583529923792,0.09229443212807269,1,4
816ff8fa8f42,0.0544233172751098,0.7269139962700613,0.17527992190625968,0.04338276454856904,1,0
81711d215ec7,0.03162817667451789,0.7210818864814164,0.15861735170807564,0.08867258513599006,3,4
81718ce513ca,0.0964505844615658,0.6555049919254273,0.1491002584658152,0.0989441651471915,1,1
8176a9253108,0.08213166426193004,0.6291259653730407,0.20925890114943008,0.07948346921559907,2,3
818bda3ca15d,0.6155485326248235,0.1416183910014469,0.14983193643772383,0.09300113993600598,0,4
818c3096a5c4,0.29833674807334654,0.35589595243511013,0.2729676967368896,0.07279960275465334,2,0
8195c077997b,0.02173551506080851,0.807990585875523,0.10581557092810809,0.06445832813556064,1,1
81a3d149dcbf,0.47587431073967756,0.2742081646671783,0.1778494684136781,0.07206805617946617,0,3
81acc5470917,0.03958282144579903,0.8339084519371976,0.09260011580966687,0.03390861080733648,2,3
81b0675331b4,0.08571392180341045,0.6782837532009858,0.162085169699618,0.07391715529598573,0,4
81c1e36bdcff,0.25050275754270007,0.5014998697403875,0.1646550922376795,0.08334228047923295,0,2
81d2c8305d95,0.22572080745970086,0.34055541828152175,0.3421703865742043,0.09155338768457304,2,0
81d4dbd5c6d4,0.18959977138691692,0.42328742090741517,0.2493602641076603,0.13775254359800762,2,2
81e2d490e2dd,0.5080625712720542,0.11671298141086432,0.29593359101198,0.07929085630510142,0,1
81f6b4b343f7,0.030442245949908256,0.7711563520203146,0.1404966545990499,0.057904747430727314,1,4
820fc489e682,0.01895236981016534,0.8293375686152246,0.08868103207833423,0.06302902949627567,2,1
82120a4eebc8,0.04867056305148644,0.5768609555506485,0.3187561864783627,0.0557122949195024,1,4
8221a4155cc0,0.0687537882427213,0.6076458510355681,0.25255085943626876,0.07104950128544218,3,2
8222875f1a91,0.15747679303223985,0.5607467913973797,0.20957656353545354,0.0721998520349271,2,2
822b399fcc86,0.20902769091366954,0.534286989983497,0.2179453785030045,0.038739940599829076,2,4
823201a39872,0.35421173526176647,0.4087640437609173,0.14242295790935425,0.09460126306796175,1,0
8234b8dc3a41,0.1640040525340962,0.5854839053836356,0.15700782391925747,0.09350421816301087,2,1
8237d25ed806,0.10065424804371965,0.6834260695590738,0.16834969644869902,0.04756998594850756,0,0
8240e63ae3b1,0.11053264542395551,0.4172029231304467,0.3278739743165889,0.14439045712900878,1,0
824374b82868,0.7375866504231475,0.1032257006830428,0.11889932812766278,0.04028832076614672,1,0
824aac4d4e6f,0.5827277204466504,0.16201774619483306,0.14498971890777626,0.11026481445074013,0,4
8252bce4e90c,0.19713520103562865,0.5106880246765725,0.22364973863333862,0.0685270356544601,1,3
825e493ca940,0.10363698487256688,0.5216288860715874,0.21822000194519334,0.1565141271106524,1,4
826272b8be99,0.09508340489687518,0.6347247312348769,0.16287151146312867,0.1073203524051189,1,3
8267fb6fc89f,0.17367365512638097,0.5127482655313383,0.21825617615051848,0.09532190319176158,1,0
8276779107e0,0.13142488935143085,0.6901832796794358,0.13722179428671832,0.04117003668241465,1,4
82868316ea05,0.5311211745372217,0.23339290142372215,0.15515010424858142,0.08033581979047404,1,2
82bd4db9b87c,0.4183543490931669,0.3829412119061953,0.1416208312889259,0.05708360771171189,0,3
82d0600dbf57,0.25104960692330197,0.49812390849979177,0.17972953916950243,0.07109694540740408,1,1
82ed58c1b0db,0.1613804088806374,0.5142403000132684,0.2083335076029781,0.11604578350311621,0,3
82fde36914bc,0.4128293428452662,0.33375846268735915,0.18134487709900954,0.07206731736836552,1,4
83007940394a,0.09259846300171662,0.7174529281338907,0.15509505868625698,0.034853550178135885,2,4
8303825d6924,0.0839833499206882,0.6414408992128392,0.21214617091322552,0.0624295799532476,1,3
83088a9ca2d2,0.5055632427445663,0.18187869125112946,0.2645341246366598,0.04802394136764461,1,0
830984d74452,0.30355061854019555,0.3635012532414417,0.2727705867793098,0.060177541439052615,1,0
830d41512494,0.12968693633052436,0.6321146192284524,0.17349134762150237,0.06470709681952097,1,3
83127fd75313,0.2309478287117294,0.3536444493597346,0.3024867019782244,0.11292101995031194,1,1
8315467702a2,0.3975375879899153,0.3493248617719409,0.16305175402367264,0.0900857962144715,0,1
8315b4f8b2c8,0.3387659395003664,0.371437703092861,0.19421606695347343,0.09558029045329942,1,0
831cea12cf2a,0.15808294628510852,0.459560674136041,0.24867422993492055,0.13368214964393002,2,2
8332bdaddb6e,0.09831590923099838,0.7077694397650245,0.1157076453780845,0.07820700562589246,0,0
834223220998,0.06865121534430642,0.7310920084503705,0.1495503362072094,0.05070643999811357,3,1
8351c991c7c2,0.14665727535492284,0.6376463647018342,0.16933317968392886,0.046363180259314206,0,0
835dd3c81c51,0.06840370705768602,0.7022615568454569,0.15265036553230033,0.07668437056455711,2,2
835e83150535,0.4563407964700206,0.1878452512577207,0.2634786332722926,0.09233531899996616,0,2
8362bdc5c7f5,0.7112596901870062,0.13129528065604693,0.11176664547286037,0.0456783836840865,0,0
8367345da05a,0.4667450553911209,0.32044571120074233,0.16925696102401466,0.04355227238412209,0,0
83681c8b7743,0.03683053356624657,0.8091211969566481,0.1035557146110747,0.050492554866030666,1,3
836ca5c35bbe,0.6117916061512332,0.19299106508535996,0.13065767457327193,0.06455965419013478,2,2
837fc1ed550e,0.14803560784534564,0.6130896362003369,0.17034438993992654,0.06853036601439036,1,3
8383c0dba9bb,0.1991059228175818,0.45995958844814755,0.21129370522377844,0.12964078351049205,0,3
83a64f9d121a,0.332534010584688,0.41942683557647803,0.16496315932365763,0.08307599451517646,0,2
83b424ef8bb1,0.634779126415477,0.1436484202987076,0.1656046173072367,0.055967835978578774,1,4
83b6679566b0,0.053270258167838466,0.7156831638840233,0.15952376420551448,0.07152281374262368,2,2
83f637917a44,0.0802402688286385,0.6866999618620171,0.12839945495592747,0.1046603143534169,2,4
841519065bd1,0.5217802848933477,0.22412265473208548,0.16525946308214984,0.08883759729241708,0,0
841dbb381261,0.15091529849543203,0.5199260895641529,0.19439577219827475,0.13476283974214054,1,0
841dfb2ad2ee,0.7102540736044417,0.10389584649430718,0.12156147523176546,0.06428860466948552,2,0
8420a2430b65,0.05510872733863886,0.743173809650585,0.15958883982144417,0.04212862318933202,1,1
8423d0d5c0b5,0.4021367579733243,0.28118008442089726,0.18519717470591568,0.13148598289986263,2,4
842eea3e3951,0.0756596039088134,0.5585215530768274,0.27103911480896453,0.09477972820539492,1,1
843eebbcc0d2,0.14007909871402877,0.4968093740379395,0.24168344504489883,0.12142808220313295,2,1
84407a15756d,0.09330951997878131,0.5269592531506999,0.2449706511699727,0.13476057570054614,1,3
8447b9e9ad00,0.07096175560280772,0.8056867715431798,0.07392008458676441,0.04943138826724761,1,3
8452bd412bba,0.03729204039861531,0.81061331775517,0.12051372380151203,0.03158091804470274,1,0
84543edc24c2,0.5106675661716198,0.16057701694840368,0.22520439164009257,0.1035510252398841,2,3
8454851c5270,0.16167766945712087,0.4380677350281166,0.3018023401176097,0.09845225539715262,2,1
84657bfd51ee,0.7272723421882209,0.10388752621010325,0.12317926310069874,0.045660868500977246,0,3
847ae068d771,0.05666876458328223,0.6833594290763176,0.1690704560509832,0.090901350289417,0,1
84a72fcf010a,0.48236681591181224,0.18940369261810797,0.2427003765715904,0.08552911489848955,0,2
84b117cebcc5,0.09042085386201122,0.6599283021356162,0.15590450331923272,0.0937463406831397,0,2
84b4d7b819cb,0.021416511657219313,0.8215585036753799,0.12260140634861999,0.034423578318781047,1,2
84b9878362e2,0.33330400749138184,0.2947584530375353,0.2521277263530044,0.11980981311807855,0,1
84cb858a8b18,0.3986974325613671,0.3589425016567228,0.15971788480627847,0.08264218097563171,2,4
84ea93253e6a,0.735501203285379,0.09393861273354595,0.1403865355096552,0.030173648471419734,0,4
84f48ed1bafd,0.07293191157774594,0.7339549456063609,0.1255544922010853,0.06755865061480801,1,2
8501ffeadc53,0.04320879743522453,0.7325247376731219,0.14531381975439442,0.07895264513725915,1,0
851fda48d245,0.3495680239159331,0.25056755327251745,0.29497615818981404,0.10488826462173574,0,4
852848545a6c,0.17340233702934288,0.5117693760720718,0.228596067962746,0.08623221893583913,1,2
853df92b47be,0.19474767626671677,0.5215200056818616,0.21550833159446328,0.06822398645695829,2,4
854d97049377,0.07610077308357259,0.6262490080289999,0.23417879468469635,0.06347142420273118,3,4
8557928e510e,0.013239377654694273,0.8345541839321571,0.11865912882645671,0.03354730958669166,1,0
856020133090,0.3446803011119869,0.30672379785285,0.22559264049393188,0.1230032605412311,2,3
857b9908a0aa,0.5312663933213025,0.21756685003961626,0.19169577087544384,0.05947098576363733,0,3
858725b534d6,0.04583381123023929,0.7335555949925272,0.16485348992125806,0.055757103855975605,1,1
858f01b51c3d,0.449627485528607,0.26373375006824257,0.2321979878432335,0.05444077655991692,1,2
85a651285b8e,0.11836133499286126,0.6161132629461964,0.17686467674817838,0.08866072531276406,3,3
85da175299c4,0.7240433331358898,0.08592468522260877,0.1367371100216469,0.053294871619854724,0,3
85dc058820ab,0.15431914219876272,0.5073399781454073,0.2250558610154038,0.11328501864042638,1,3
85e721c2c2f7,0.07155014430972846,0.650444660229005,0.2060345949584755,0.07197060050279064,0,2
85f8405ef40a,0.12504659050171577,0.6567570060757241,0.1822652501147153,0.03593115330784498,3,2
860611cd1738,0.023562565973702588,0.838513690585152,0.09160300726505292,0.04632073617609243,1,0
86092024d731,0.24560454388512837,0.4039526036592866,0.22498752215489723,0.12545533030068773,2,1
8609ebfada9d,0.21081710457188207,0.5519797030606777,0.1534232446539312,0.08377994771350909,1,1
862cdc30fb27,0.4297372061366552,0.3763538021425,0.1498910264662918,0.044017965254553024,0,0
86323e8815ce,0.07507419721497459,0.49785341280546713,0.3325285352028715,0.09454385477668667,1,0
865cee33719e,0.5469230313648087,0.276527872052188,0.13335286415985415,0.04319623242314901,0,3
8661a2df18d2,0.09817108851662422,0.417060071007509,0.3119664030087264,0.1728024374671404,2,2
866879344af1,0.3744587730930084,0.2042232414518196,0.3316098869776361,0.08970809847753572,2,2
8672a27b3291,0.15167916537023185,0.6638160306775251,0.16221110101286984,0.02229370293937336,1,4
8692c37fba6d,0.16521705850740948,0.3859156563819126,0.3557176772129072,0.0931496078977708,1,0
86aaf2215fd4,0.514416570286288,0.26122439139619086,0.16090072834740282,0.06345830997011837,0,2
86ad90147e40,0.22303205962519213,0.43691483019809935,0.2071399289242782,0.13291318125243048,0,0
86b08ada55fa,0.1597710213431644,0.5174412757962161,0.23736636803097108,0.08542133482964827,3,4
86b2cddc9a96,0.5306860489785443,0.22988065938575958,0.1825922502169383,0.05684104141875759,0,1
86d7ce86d31c,0.09879064504764187,0.6794435913229001,0.12591956018019634,0.09584620344926172,1,1
86e209c99853,0.09531313913155144,0.570649812669343,0.2395708976674615,0.094466150531644,1,4
86ecdad652bb,0.19424309547917676,0.4349218913254491,0.28783065236617084,0.08300436082920339,2,2
86f0ced73df0,0.2677550856596139,0.5132446594040639,0.15886008432614798,0.06014017061017403,0,3
86fbc6625250,0.7413971980779239,0.09241380222531786,0.13476562357121155,0.031423376125546944,0,4
8704605c8d78,0.046955118193460404,0.765266474029802,0.15329583694310922,0.03448257083362858,1,0
8707f9b371b1,0.1570035087527033,0.6103755107399713,0.19093253962149967,0.041688440885825635,1,4
871805a76116,0.1548466074884815,0.6551744565692806,0.1293180114768492,0.060660924465388975,1,3
8723fa61b4c9,0.35792476803666784,0.41554713288564143,0.16015501894562084,0.06637308013206941,1,1
87463d16a03c,0.07004734939505206,0.7590038648208719,0.12049746511484609,0.05045132066923039,1,2
8762482fa9b6,0.7351242720870266,0.10783582612363873,0.111210895148712,0.04582900664062267,0,2
87664803e3cd,0.12819934686670148,0.588073364285319,0.2136089807429528,0.07011830810502706,1,4
8771126854cb,0.7525520796488329,0.07913617423057924,0.1241051898683525,0.04420655625223527,0,0
8797c00011a7,0.15114379358073782,0.539684038955603,0.19975582787998097,0.10941633958367858,1,3
87ad926c7cd5,0.5081039011348425,0.1616452870777207,0.1789463270010573,0.15130448478637934,2,2
87ba5ef70efe,0.07854694992657488,0.7111718453185407,0.14381484623772348,0.066466358517161,1,1
87d8d1d29655,0.026863843094900797,0.7017401163329504,0.1570728976714436,0.1143231429007053,1,0
87e342354d85,0.5633588480669842,0.20671493896297669,0.16090967640762824,0.06901653656241051,0,3
87f4d0c6babd,0.503122073514487,0.26925405420266396,0.17388945654168617,0.05373441574116309,1,4
8805b17f963a,0.05993668156870002,0.7296441024257576,0.13287449728562353,0.07754471871991908,1,2
880760598f51,0.0868025062607277,0.7023947891275609,0.16630319099899032,0.04449951361272076,2,1
880ef66733bf,0.15079941956159956,0.5968633349118692,0.20870385163121738,0.04363339389531404,0,4
881057f737e0,0.732807558249538,0.07911874590831895,0.14315890485610844,0.04491479098603419,0,0
881fc5cfb469,0.18446593337424802,0.43450177583299987,0.24749213923806326,0.13354015155468907,3,3
883ec957d088,0.042695560213627616,0.7719325825333699,0.1194146445835921,0.06595721266941017,1,2
884ae726c5fa,0.601531901926306,0.14670691972295824,0.17670630321371417,0.0750548751370216,0,4
8855be1da6d3,0.8040372144544657,0.07060503547908899,0.09846771199381861,0.02689003807262663,1,4
885dd0b39eb1,0.1929737802298563,0.44674051927750663,0.19109554665160686,0.16919015384103023,1,2
8861d23685ef,0.4978903888801814,0.21953097636673607,0.18929131463080184,0.09328732012228064,2,1
88678531fd19,0.09145830852756748,0.4882989115455626,0.28808338628158053,0.13215939364528992,3,4
88787efdd3d9,0.5066208113571055,0.28195163911333204,0.16031071688644485,0.05111683264311759,0,4
8879adb07db4,0.6624987086409099,0.14993487255533597,0.11529190688613095,0.07227451191762331,0,1
889b5893c83d,0.04445130978074588,0.6413508327848879,0.24270680662250693,0.07149105081185966,1,1
88b7b5dcfd30,0.08408379950725375,0.662015947117264,0.2009120385377128,0.052988214837769256,1,4
88cb519feae6,0.45211887334679784,0.2851664633019314,0.18073814304731248,0.0819765203039585,1,3
88dbdcdb59c6,0.1980330517281575,0.3618205152643787,0.27892946584239636,0.16121696716506748,2,1
88f2e452d4b2,0.4306504047573785,0.3234794151000379,0.1648891585433904,0.0809810215991934,0,2
88ff3858d82c,0.3368297204874395,0.40927559251101586,0.22203056967161602,0.031864117329928596,3,0
890bbfb62803,0.15923160482238158,0.5959650963420414,0.14151798069624022,0.1032853181393367,1,2
89195455e6ff,0.050751146721332054,0.6732673479153242,0.17962383004973545,0.09635767531360848,2,0
891dccc7f408,0.035745668873406564,0.7600762749055023,0.12142410193319297,0.08275395428789828,2,0
8937a100c4b1,0.24929241081183964,0.546466210115169,0.11199897946067332,0.09224239961231809,1,4
8943d1d85097,0.096878786671869,0.6614650767754445,0.15442753924624578,0.08722859730644032,1,4
8945d312af6a,0.07333290439622574,0.5953936783645973,0.2581573430978176,0.07311607414135929,1,4
894cf780d724,0.4936265223755937,0.24317640504781496,0.14555954354269468,0.11763752903389674,2,1
895c41c283cd,0.5390717094027376,0.20686896387170567,0.17936082461296995,0.07469850211258705,0,3
896ab1acf6f2,0.05823536890739275,0.7825318258063655,0.10566675550549881,0.0535660497807432,1,0
896ea179cbae,0.08083589543737676,0.7130509997631983,0.14025548857959733,0.06585761621982766,1,2
896ff6f04d0e,0.02214816086394234,0.7094163949175816,0.17354022346200998,0.09489522075646607,1,1
8976a065ab10,0.7068880167835373,0.05391663661475639,0.12779007819474061,0.1114052684069659,0,2
897ab7243051,0.08358662939430991,0.677264390701464,0.18206594312345964,0.05708303678076634,2,4
89921b036cc3,0.43526272907576113,0.27083131123231113,0.20967230884788146,0.0842336508440465,0,2
89ad8581ccaf,0.451552859419473,0.23672496911757507,0.21190413953194157,0.09981803193101005,0,0
89b8af016a97,0.10454474718802441,0.677504758987329,0.14497295860095827,0.07297753522368806,3,4
89c6489e8df7,0.0584841477875184,0.7905471687891242,0.12154792714631735,0.029420756277039963,1,0
89cb02de68a7,0.09298700372395483,0.6130044794223731,0.18105839842402915,0.11295011842964277,1,1
89cc008ddabf,0.2469937600178975,0.5316669557559254,0.1730797880639196,0.0482594961622574,2,2
89cfe8497e68,0.3118292648475147,0.476063794679306,0.11136152979310864,0.10074541068007078,1,2
89d2589d197c,0.5636581650209449,0.25160087093464883,0.12351054609292575,0.06123041795148025,0,3
8a0139211dd5,0.18714496418713703,0.5571503382929024,0.16347659460696853,0.09222810291299179,2,4
8a0bb2abd955,0.3358464163824662,0.38515215336541747,0.20182980265741896,0.0771716275946978,0,0
8a0e92da8c69,0.0340900735601005,0.8659527516104746,0.06934199993518307,0.030615174894241766,1,3
8a3b38dbc12d,0.04574215495513319,0.6964245159516811,0.1551428537186074,0.10269047537457837,2,4
8a435c339b1e,0.1436704126800143,0.4618121852702762,0.3179410253511572,0.0765763766985523,0,2
8a606a964b1d,0.0800524358323426,0.6915548291476628,0.16691512518922866,0.0614776098307663,1,1
8a6b5f89162a,0.3647468658504233,0.3548742203717914,0.20971955772806164,0.07065935604972372,1,3
8a7c3c0d189c,0.5241023217574056,0.2578594312939188,0.14350331307302253,0.07453493387565308,2,3
8aa587a862e8,0.08111672440594137,0.757293415279944,0.10531889394312302,0.05627096637099168,1,3
8ad88b978f87,0.39651325432641144,0.45332713555243626,0.1153622910958681,0.034797319025284226,1,3
8ae458411c33,0.3019852358753179,0.4867061242322868,0.14566912350979558,0.06563951638259985,0,0
8ae943cc3a16,0.04309246047670022,0.675792506514288,0.20343895992551417,0.07767607308349754,1,4
8afc6567147a,0.1481999145815298,0.5171245614326769,0.27311311171443664,0.06156241227135639,2,1
8b059659257d,0.7307788614353385,0.1288894618883882,0.10172295900915847,0.03860871766711443,0,4
8b18f1963aff,0.06679034916250957,0.7405669045574237,0.14797921979163348,0.044663526488433504,1,1
8b1b8b42cbd2,0.2542555094439874,0.3974665541391266,0.2686740780639051,0.07960385835298063,0,4
8b41c96e9f63,0.057827720055511005,0.7457816750079385,0.13049930547029837,0.06589129946625213,1,1
8b4741c28384,0.412420480712841,0.3820583448855678,0.12255181927321208,0.08296935512837936,1,0
8b52cf335c4d,0.7431654569688365,0.042196769036235926,0.16588225439801174,0.04875551959691562,2,1
8b5efcadabf9,0.43766564019023163,0.32169896966792366,0.17057983514285774,0.07005555499898686,2,0
8b5f06c0671d,0.029501351524597368,0.8559948445597332,0.07682119847349736,0.03768260544217198,1,3
8b7d91225bc5,0.1298319803358802,0.6491807147955331,0.15962207549329252,0.06136522937529437,1,0
8b7e0c35fd8f,0.6413260666019293,0.16201545151946786,0.14242822392450397,0.0542302579540991,0,4
8b86c273f095,0.05648306609404167,0.5311937567130517,0.2410764865986188,0.17124669059428788,1,4
8b8d05db440e,0.7694915731979891,0.0916381337372172,0.09716433988702242,0.04170595317777119,0,2
8bd4738d4f00,0.38139620612493946,0.2556263121645394,0.2589591534996376,0.10401832821088362,0,3
8bd62094ea13,0.19696458967028813,0.4866344302858325,0.2511269152825958,0.06527406476128372,2,2
8c15768ece37,0.5028574186573008,0.21188514286054488,0.20131525940427025,0.08394217907788412,1,4
8c1872520275,0.041844467797262204,0.5436582964990365,0.29171844208227565,0.12277879362142557,2,4
8c19695fed29,0.10774030643826778,0.6654387131355889,0.15303222010000161,0.07378876032614198,3,0
8c1c165022b6,0.37316764116388895,0.32426297779639235,0.19356642017026765,0.109002960869451,0,4
8c1f2172bcf0,0.05578104005453963,0.6960018876633318,0.17575380707554653,0.07246326520658207,1,4
8c272c45e4bf,0.04542812886342648,0.7664648770819488,0.1477789839645723,0.04032801009005245,1,0
8c382f780705,0.4235776946293485,0.20457729610328212,0.30688049935369294,0.06496450991367633,0,0
8c46388eee54,0.04266431936424636,0.544015948961186,0.22816410403755505,0.1851556276370128,3,0
8c5533597dc0,0.4845865555159557,0.27800600173908885,0.16369754083919924,0.0737099019057562,2,0
8c81896e7e55,0.030524190034163137,0.793038239771448,0.10808125155141246,0.06835631864297649,1,4
8c93b1d9363b,0.38698604545913284,0.3001994874867297,0.2051858539962549,0.10762861305788271,0,4
8c94a7329137,0.1555753816710198,0.46893105668523494,0.24764518829916907,0.12784837334457652,1,3
8c9bb70fac25,0.0757001122359462,0.7422874751058908,0.14666811672319435,0.03534429593496848,1,3
8cc1d57b3142,0.6812275558596376,0.13093043996114928,0.13841601716023297,0.04942598701898034,0,1
8ce7315d04b1,0.11619959303761525,0.6802826023949434,0.15772589612079857,0.045791908446642965,3,0
8ceba80333df,0.13881599975251002,0.648828958903708,0.13994102136693323,0.07241401997684893,1,3
8cec64c8a30a,0.12335696402716348,0.6178553383755273,0.14384433540424113,0.11494336219306811,0,1
8cef368b3a7d,0.4095585488895287,0.25933675367557935,0.23077308679204322,0.10033161064284879,0,3
8cf2f88c1831,0.5560947136695197,0.2530878929417771,0.12208579096721076,0.06873160242149248,0,4
8cf5886a6526,0.6858577357303605,0.10529008501428165,0.1466512055658033,0.06220097368955467,0,3
8cf883e963b2,0.6104580213962832,0.1560118578628574,0.15784405516752212,0.07568606557333692,0,3
8cfd81b6304b,0.21305399722722201,0.3364491244677242,0.31031431259525677,0.1401825657097972,1,1
8d04e38ff3cc,0.16165882323398434,0.4311967368553586,0.369416304545693,0.03772813536496418,2,0
8d05f7a01571,0.09233199779606882,0.7518488569585325,0.12946556678620763,0.02635357845919119,1,0
8d107e939496,0.09469843070052383,0.7208036823687951,0.12703748601709272,0.057460400913588276,1,2
8d119ef46916,0.0694894034551101,0.6086334425994018,0.24007842078033131,0.08179873316515698,1,4
8d1bb5055032,0.07250186599741167,0.6216272041638319,0.19964830596345073,0.10622262387530586,0,4
8d1e97279e94,0.05099911039873617,0.5900742535749405,0.22987946312662494,0.12904717289969833,2,4
8d266ade4183,0.6724115296447222,0.12359086074953099,0.12782279920884143,0.07617481039690548,3,0
8d2c21678869,0.16597551059166848,0.4648125268874446,0.24941899439294957,0.11979296812793723,1,1
8d3cf4f69a12,0.748313913100424,0.06135999776880114,0.11999827526465219,0.07032781386612265,0,1
8d4380e847cd,0.14793811710354435,0.502683530146487,0.21205874400022842,0.13731960874974014,2,2
8d4af13cfe6e,0.13324964173262566,0.5662803610118483,0.2476478347935644,0.05282216246196189,1,2
8d603dc4f0fc,0.14383873415281287,0.6382284782027206,0.13881584516724496,0.07911694247722208,1,4
8d6424e7fe13,0.6953528883538987,0.11668778194402471,0.1258761052128919,0.06208322448918477,1,1
8d98b1ffe5cc,0.22279786237564897,0.4496794888749377,0.18740440564074964,0.14011824310866342,1,1
8db3c6dd3bc8,0.2762880492709567,0.5058702181680422,0.17627670512299293,0.041565027438008294,1,2
8dd03d75fbbc,0.08961920543215782,0.6917912455597183,0.19394752744586588,0.02464202156225781,2,2
8dd2336dc141,0.5026070290416944,0.215076779060596,0.19762380571705523,0.08469238618065414,1,2
8dd9d392745c,0.050263655247808216,0.6947629508547287,0.17018656718749645,0.0847868267099665,1,0
8de0328fef41,0.027501540697881938,0.7870020788333667,0.133709049890597,0.0517873305781543,1,0
8dec4313cf31,0.2673064462201707,0.40717589945510124,0.2155553360943394,0.10996231823038875,3,3
8e0e8fb16772,0.5523632712913582,0.26536883348894547,0.14181245458570144,0.040455440633994894,2,0
8e207d306f5a,0.01583239724310245,0.8633421881986999,0.07163150850907268,0.04919390604912516,1,0
8e3028ee83b7,0.26843218844564887,0.510867138342461,0.16857510164348577,0.052125571568404465,2,3
8e303eb56993,0.19675007407059783,0.5618729731801246,0.14125576430827722,0.10012118844100056,1,0
8e589a80dc42,0.062473953406457935,0.6224447545419443,0.193740368321924,0.12134092372967387,2,1
8e592ea3b990,0.11355851128318822,0.5406233424085839,0.23704879904442297,0.10876934726380508,1,4
8e66608fcb8b,0.4619055390659957,0.24834850917394768,0.21305875606659294,0.07668719569346374,1,2
8e696c58fe5a,0.738561146026551,0.07265032425311616,0.13286657918414013,0.05592195053619263,0,1
8e6f3fef011b,0.09954292321916225,0.6877007294636756,0.1279892190507289,0.08476712826643307,2,2
8e844d4f4027,0.5788926877693922,0.17365435699788528,0.19080603177895156,0.05664692345377087,0,1
8e88d7565396,0.059947274132898014,0.7306219587988314,0.1602070000373762,0.04922376703089424,1,1
8ea4a61f36d5,0.027345605289996223,0.8373309236942884,0.09011887960899702,0.045204591406718245,1,3
8eac27104552,0.3196677304532127,0.32573876498061516,0.26214118314647145,0.09245232141970092,1,2
8eb7415fd75d,0.6245728994450288,0.18549812384529657,0.13219810461810225,0.05773087209157257,0,1
8ebfb520f2cc,0.33840880049618677,0.36750501976814226,0.22217100275928375,0.07191517697638726,1,3
8f08039e8b7f,0.01793294332036338,0.8326709738045472,0.09518987033943066,0.054206212535658604,1,3
8f0cd3800684,0.34007097931551,0.25969219322933723,0.3271160580763094,0.07312076937884326,1,0
8f1242af7d14,0.11024189463355778,0.6761833575057624,0.14761259601722682,0.06596215184345249,2,3
8f22d79a5ba0,0.12676460648461585,0.5002238360624108,0.24132797220253618,0.13168358525043697,1,3
8f25ccd15213,0.10116893795936628,0.684419602119602,0.1421316289125448,0.07227983100848692,1,4
8f3131f02439,0.5180153528661904,0.20969038133510265,0.22511695743685742,0.04717730836184961,0,4
8f3a2c63b390,0.22026788159086338,0.5141352187349129,0.178248434421299,0.08734846525292476,1,1
8f3f2c566e2e,0.0481836691231159,0.6514227409751835,0.2428670738314982,0.057526516070202594,1,0
8f40087975d6,0.15970018442964698,0.5863081918187284,0.15761166060531323,0.09637996314631099,1,1
8f43952cb2e4,0.24841888647454685,0.3588377744232282,0.23428113355969313,0.15846220554253224,1,4
8f460f57d325,0.08015856762404726,0.7933006846834291,0.09427616398323012,0.03226458370929343,1,2
8f59e4041fb3,0.5915119918136478,0.1006548490288458,0.18792465466298405,0.1199085044945222,2,2
8f668881cb15,0.20503764124037172,0.4935081546910523,0.19403635527805027,0.10741784879052556,1,0
8f67031d69a9,0.6391742610325919,0.14410575880973478,0.13749768648650446,0.07922229367116866,3,4
8f67f991ed01,0.41547616847818214,0.31871745987252376,0.2053817019333608,0.0604246697159333,2,1
8f8c93da549d,0.045622925918130545,0.6920980371113439,0.19725361380852702,0.06502542316199894,1,0
8f969a767c03,0.16220022773688175,0.5768856716344103,0.2026766003538034,0.0582375002749048,1,4
8f9900d6dd98,0.7263084302732972,0.07389742612851824,0.1290644399495154,0.07072970364866898,0,1
8f9f2fcd1101,0.057654803657482795,0.7536305235777561,0.1250103675255734,0.06370430523918742,1,3
8fa13c443211,0.17030270976435044,0.554326198455356,0.21107849433546758,0.06429259744482584,1,0
8fc0ab15fbba,0.5715493491044558,0.22980226125923092,0.16785393232610213,0.030794457310211184,0,4
8fc46a1ef7d6,0.24332976133719045,0.36961097402848764,0.291540347694515,0.09551891693980694,0,0
8fcb4fdefa9b,0.18482875625006592,0.5620360991370041,0.22241024297067155,0.030724901642258617,1,0
8fd26a99fddf,0.07754976737422438,0.5299457640252166,0.24934795416874422,0.14315651443181496,2,0
8fd6cbf80a60,0.08571218659229479,0.5294622871070028,0.29936827924075454,0.0854572470599482,3,4
8fde67c815d9,0.5300641119268903,0.2908207785681851,0.1164202134654668,0.06269489603945791,1,3
8fe8e5f3d9f2,0.04583328105044519,0.7432648036105615,0.16886761459229993,0.04203430074669319,1,1
8fece7358b68,0.6053580891282918,0.20252589930406392,0.1316992077720333,0.06041680379561072,0,1
900f971c9d9d,0.07743084854243792,0.6061774183774997,0.2567896165890296,0.05960211649103275,2,1
901033aaf100,0.017427968740623186,0.7705512430028338,0.1490118755363698,0.0630089127201734,1,2
9010d82f158b,0.09796654730319304,0.6920750863218732,0.13665414524502764,0.07330422112990627,2,1
90128165c011,0.05925159080544682,0.5183961151220969,0.21829852212703016,0.20405377194542612,2,4
9027e97cec00,0.3070512158473669,0.4184543700814771,0.14235827672348172,0.1321361373476745,1,1
9032f7dfa5b7,0.07347841735092438,0.6683160157714565,0.18309843974961265,0.07510712712800639,1,3
9039045a41db,0.6045244793372683,0.09810036849630606,0.15073127516726342,0.14664387699916231,0,1
9039323ef12d,0.7577180576860972,0.07700233488603576,0.10239383050299085,0.06288577692487629,3,1
904b2fc4d66c,0.1332382166098496,0.508860728918713,0.23619511667791365,0.12170593779352379,2,2
90563a9f1f5c,0.5222358237285533,0.2836306669865686,0.15307550257805255,0.041058006706825315,1,1
906b1c0633c1,0.6595825957038852,0.12383769738749884,0.13827773643451977,0.07830197047409641,0,1
90857afa360f,0.17826823415888562,0.45578551005640455,0.240302828563556,0.1256434272211543,3,1
9092b76fd394,0.04416470488953757,0.668139544264023,0.22834131719541492,0.05935443365102423,1,4
9099a377b0ba,0.06978919222002265,0.7178196075535955,0.1607721875133928,0.05161901271298901,0,1
909b093ebd7b,0.0281500967227617,0.8739900397583243,0.06026881028343976,0.03759105323547444,1,3
90bbbbe42dcf,0.250048896761878,0.2805554856003485,0.30037102005837785,0.16902459757939525,0,2
90d2406651aa,0.07543512522157238,0.6804754930398815,0.19981798800915104,0.04427139372939496,2,4
90ebb1c07f60,0.7041562935818522,0.08799456903615781,0.16585489252330465,0.04199424485868538,0,3
90f926079a8b,0.5753179308313737,0.14451083385117905,0.18377355323489947,0.0963976820825479,0,1
910fd590ada8,0.39518629309004455,0.30680282439905177,0.21137834845596717,0.08663253405493672,1,4
9113eb5c46c2,0.1523153644194386,0.46711216221207147,0.28456942966179705,0.09600304370669267,1,1
9115e6b5aef1,0.684116449889415,0.08633756960105388,0.10427693964587555,0.12526904086365595,0,1
911de1f9cbc8,0.0314902205270478,0.6961321963947039,0.17105562684230735,0.10132195623594081,1,4
912c5491499a,0.08510058192819728,0.6457480269330738,0.18319547080714244,0.08595592033158671,1,3
912f0bf73b2c,0.1875409585128272,0.5769995465813518,0.17371854455198868,0.0617409503538326,1,2
913182869146,0.09360595823935955,0.5613501314638595,0.2519444408174363,0.09309946947934473,1,1
914fd6a59eb7,0.01713529114723752,0.8127120987469063,0.12691821416732413,0.043234395938532025,1,0
9168248b2ad7,0.11305193265025566,0.6669457833509036,0.1159380937995341,0.10406419019930697,1,4
916911dbc503,0.08139793988429926,0.698613443588139,0.14981266734783297,0.07017594917972915,1,0
9185f141a3c9,0.11636524445195558,0.5385977924539239,0.2503742690417441,0.09466269405237636,1,1
919d121c32c5,0.14460018390180268,0.5943298149243205,0.18907369706334504,0.0719963041105319,1,4
91a2860aecda,0.17168619389315837,0.5422387019736566,0.18542355521174358,0.10065154892144146,1,1
91a5b9eda347,0.3548132379096194,0.3376835628755282,0.21189095008634967,0.09561224912850277,1,3
91bd57a2c56d,0.07057527496091066,0.6644020795144367,0.17163987323949662,0.09338277228515592,2,3
91ced42c375c,0.1485811803291424,0.5444990392318747,0.18971912556625764,0.11720065487272543,3,4
91dcfcaf5ee0,0.07141368619349393,0.7586395323602001,0.14232910685500968,0.02761767459129625,1,1
91e00c3ee94b,0.19934307936877182,0.5900095928321429,0.1573831002282484,0.053264227570836806,1,0
920248f0e483,0.11905835756726905,0.3694975339571408,0.30749461350145896,0.20394949497413145,1,2
9225830ff6e8,0.298463622230173,0.4066849900617319,0.1724195708409376,0.12243181686715758,1,1
922ecebef0a6,0.1450569721954134,0.6422753185165732,0.11547349182035098,0.09719421746766232,2,0
924f402e5f21,0.20846749153978142,0.4273318160415949,0.2456608915414562,0.11853980087716737,2,4
926375b034e2,0.6888828879096164,0.1283830881604142,0.1276408422716105,0.055093181658358734,2,4
9273fc8c7085,0.544099628074179,0.25005976584931033,0.16067706291195505,0.045163543164555786,1,4
9276f2d48294,0.11696461929238752,0.5327255876854858,0.2700047716160277,0.08030502140609891,0,0
9283b3ca7c42,0.24891160895911726,0.47392327571655163,0.24408083776763237,0.03308427755669857,1,0
928e54bf8b2c,0.09123087785867595,0.6400743813116775,0.17263888554348097,0.09605585528616561,3,2
9291a5debee0,0.17042355619642832,0.6046857390571196,0.16198386734790876,0.06290683739854336,0,0
9298dad2b9d5,0.054274345006601776,0.774921882261278,0.11614282475416267,0.05466094797795771,1,1
92a134ec6693,0.3767341436409894,0.38904176654454947,0.20814566704733464,0.026078422767126373,0,0
92a2802a224d,0.15101347650048838,0.526661450979686,0.2635007001047196,0.05882437241510599,2,2
92aacc2910ce,0.5556177691194736,0.1731469050784059,0.16519685233885026,0.10603847346327024,0,0
92aae4899047,0.6905424813689012,0.10723770595279548,0.16391779932601502,0.038302013352288215,0,1
92db40d7a773,0.3423964629387347,0.31701875834470944,0.211971704427814,0.1286130742887418,0,2
92e2158a09b7,0.10434538518081288,0.6680546883212198,0.13672957536517072,0.09087035113279665,1,4
930457b2b7fc,0.02689071047606943,0.7852131120284054,0.1285200160449756,0.05937616145054957,3,1
93137dfd6a8b,0.04130556972533341,0.638631244339188,0.24345600606728188,0.07660717986819647,1,4
9315df5edab8,0.27947444273747657,0.5075029513925927,0.1459552589760724,0.06706734689385817,0,4
932c6343566e,0.7755835375579635,0.07539987426257105,0.09612707750774258,0.05288951067172287,0,3
9330e8848d54,0.19554895070303513,0.4138419855073829,0.250335804319289,0.14027325947029287,1,3
9345d903a235,0.09462670851892714,0.699243309932933,0.11908761511979313,0.0870423664283468,1,2
9348d63bc024,0.6494509070248453,0.18416511857778722,0.11488376181254127,0.05150021258482624,0,3
936046fa7b66,0.08106735570014298,0.6331809642024826,0.1923898475080789,0.09336183258929566,0,4
936679c7b27c,0.06598054969000511,0.6666513301753123,0.17554024215864308,0.09182787797603963,2,1
936867da7b98,0.19761434703055097,0.5910728628106273,0.1350584081075709,0.07625438205125105,1,3
9376fced310c,0.523091401992291,0.1448056556091743,0.22968185561515087,0.10242108678338377,1,3
93882c2250e5,0.460857268183252,0.229110697630118,0.20698152685266977,0.10305050733396011,1,4
93915d2e405c,0.1925146149686376,0.4299224920545353,0.2605165228389737,0.1170463701378534,0,0
9392e6a8e272,0.33252192556573645,0.4100086053531948,0.1807568231713927,0.07671264590967626,2,4
93b2c01193e9,0.0878153980441093,0.6824317293300469,0.16773728369572696,0.06201558893011696,0,2
93c6a74d9ef2,0.052493910797078144,0.7819986188882408,0.13302481516792602,0.03248265514675504,1,2
93c9ce299102,0.13752898559525692,0.5501417494998316,0.24138420835746774,0.07094505654744374,2,1
93e8a7d28f91,0.7245724622598028,0.07477176695123888,0.09742386401975603,0.10323190676920217,0,2
93eaff86bff6,0.7497250358616258,0.06585267230000248,0.10697296805221246,0.0774493237861592,0,2
940927eb98cc,0.648665467882115,0.14559801368986974,0.126414961432625,0.07932155699539029,0,1
9424c80e0448,0.39517432682082076,0.3053048146592522,0.23335759317136198,0.06616326534856491,2,1
943486bb3aac,0.11091691913561708,0.6559752567567616,0.18450282522169142,0.048604998885929826,1,3
943d27c0247b,0.22623729850685073,0.4807377487634493,0.22294728911129816,0.07007766361840172,1,3
943eaf84ee7e,0.11268569300223688,0.4880061853266337,0.2708686520633157,0.128439469607814,3,3
944341248373,0.19992027225644476,0.5682204477535199,0.13601354994375925,0.09584573004627625,1,3
945d11f79ea4,0.03675416682839195,0.6072607736111194,0.21841315976950487,0.13757189979098366,1,4
94708a574bf1,0.056720952538598414,0.768857513167063,0.11636708647587643,0.0580544478184623,2,3
947af0140d33,0.15336676154202894,0.46325695890274105,0.25349723533573637,0.12987904421949384,1,4
947bec537575,0.07255810677294808,0.5591717790481106,0.25415584996620266,0.1141142642127389,1,4
948a3520b1f3,0.4015505453306756,0.3208863633552319,0.19812779992670293,0.07943529138738936,0,2
948b59d6a856,0.13362250217170396,0.5270718346370232,0.24368906143340505,0.09561660175786779,1,1
948cbaad29d8,0.3329928308980239,0.3983924126216078,0.1388663568861745,0.12974839959419393,1,2
94a3a166d2e6,0.30857233100845255,0.3970967488351514,0.21032936762360788,0.08400155253278828,2,2
94a65a60dd0f,0.4251880736111346,0.32286079405010387,0.19012691660000866,0.06182421573875286,0,2
94df074651a2,0.4646215789494638,0.16709892319286793,0.2623929942313061,0.10588650362636196,2,2
94e318e3c980,0.04550376670796527,0.7471643225990081,0.1386558038419557,0.068676106851071,1,3
94eda787df5b,0.05411994168422182,0.8025762791916038,0.11579348864291675,0.02751029048125794,1,1
9506596cb1ab,0.45347427576190125,0.3225592193992943,0.15617589415516211,0.06779061068364257,0,3
951400899440,0.16853524971194156,0.4809583960128374,0.22600728176160637,0.12449907251361486,1,3
951b8755c772,0.05842446187977631,0.819593049180859,0.08534134196779955,0.036641146971565106,1,4
952077ae882b,0.7419338316382503,0.09126990058466387,0.10459881904458425,0.062197448732501895,0,2
9526218fe33d,0.02386907004347574,0.7883572202050632,0.12973627845920985,0.0580374312922515,1,0
952f04d9cfcc,0.20126582090728834,0.563579326559488,0.1606113445642573,0.07454350796896649,1,1
9533d6931fc7,0.14747621509971032,0.6748804365982544,0.13507166147667066,0.042571686825364705,1,2
953e5e477eaa,0.08389340096475256,0.6071089307738687,0.2517474123261173,0.057250255935261445,0,4
954f8acb98dd,0.6760739332667038,0.05755835572000215,0.17766326522219072,0.0887044457911034,0,1
9554527fd4a5,0.07079342439178105,0.5570483343834621,0.2939499707859188,0.0782082704388381,1,0
95566106ef97,0.23075949582651645,0.5695417059702191,0.14875285716858497,0.05094594103467954,1,4
955c9a911fd0,0.10348817917885504,0.7168903955508406,0.11480212955574227,0.06481929571456187,3,0
955e9f43b034,0.013785086648950928,0.8510277559142286,0.09327038975331589,0.04191676768350473,0,0
956d5ff78f91,0.06339700468029077,0.5864539991345151,0.20925910606185094,0.14088989012334313,1,3
95728086046a,0.504083737702923,0.1809414977805633,0.20355234822730767,0.11142241628920597,1,4
9575884bee6b,0.04388291450242152,0.7912366611723674,0.11466538369045752,0.050215040634753516,3,0
95843bf24ddf,0.2570395079906777,0.4006683977927086,0.2238006536506718,0.11849144056594206,1,1
95857167b435,0.19667236127132554,0.5579450561626176,0.16559060753001703,0.07979197503603988,1,2
95940c3f283a,0.44001734157251093,0.358125802121899,0.14864971096994845,0.05320714533564192,0,2
959d3d0d8199,0.13992136729272833,0.6962784189158574,0.11719040122138305,0.04660981257003143,1,4
95ad3f9aa671,0.346078138857057,0.2935965988569939,0.279059371409206,0.08126589087674316,1,4
95bdaffbc7a2,0.05347797036747958,0.7654887475242401,0.11540648670684023,0.06562679540143983,2,4
95c2b109d0d4,0.10982909253361202,0.5463361005250754,0.22458444378284362,0.11925036315846912,2,3
95c3cd8b0bba,0.43238470162593623,0.17677757866354168,0.28623294414979317,0.10460477556072868,0,1
95da43e095d3,0.4423540316745733,0.21552251517388277,0.24947484878478712,0.0926486043667568,1,1
95dba116ccd2,0.4079097898454791,0.3559445796277189,0.15793671004479354,0.07820892048200849,2,3
95eb56f807cf,0.33756329108921723,0.2703276508761455,0.23275903609750165,0.15935002193713574,0,3
95fcf5433b40,0.2612648779623565,0.471973234309134,0.21727887890875122,0.04948300881975817,1,0
95fd7cfafd10,0.04511409994543709,0.6988064469175466,0.19651460043500554,0.05956485270201065,2,0
96067887a106,0.6019963777777626,0.14635715941049418,0.1713262489909142,0.08032021382082935,0,3
960d37415757,0.19778590314170133,0.4578909827483609,0.23032102310424055,0.11400209100569693,1,3
961761c43308,0.08402474277298679,0.5186963092650163,0.28024559258603715,0.11703335537595982,1,3
9618c3ca410e,0.10220451109493821,0.6054243863733032,0.22509496880498792,0.06727613372677091,1,0
9624ffcd114a,0.09619913225041564,0.6192354656437037,0.16006726249972228,0.12449813960615878,1,1
962b514336b7,0.09420548401423329,0.6527138146695683,0.17383089671648583,0.07924980459971248,1,3
9639e228b628,0.14231955565489887,0.47158976799685376,0.26866239172820106,0.11742828462004595,1,2
96427109f6d1,0.19362214395990787,0.401721851886689,0.2858150475068541,0.118840956646549,2,2
96448f229e67,0.2019348743309576,0.452210753075022,0.25759800277333406,0.08825636982068635,2,1
96533d9801a9,0.4180072118518287,0.3784954360124301,0.14333772587944096,0.060159626256300086,0,3
965aa8281388,0.13351113302275702,0.642520713432901,0.16870345118618882,0.055264702358153554,1,2
966247fbd8dc,0.16066922614033008,0.43370856791466095,0.33891913470862695,0.06670307123638204,0,0
966b3f33b181,0.039548825136151294,0.7597303567461279,0.15122715676128196,0.04949366135643889,1,1
966cf034dd4c,0.12163735359770896,0.5816734853985108,0.22255468411409213,0.0741344768896882,1,0
9672beea2200,0.20053892114962335,0.5144200464090338,0.2038199080101458,0.08122112443119711,1,2
9680b6bc8e55,0.1675584307247714,0.41358307715008624,0.3034675640602753,0.11539092806486723,2,4
96847884be69,0.0959423212029554,0.603846503768647,0.21732733185902325,0.08288384316937439,2,2
96991f19b1f9,0.6944335053788212,0.07372680916381136,0.1843120061349467,0.04752767932242079,0,2
96b52adeeca5,0.03759270001417337,0.6359865353408896,0.20357313035001942,0.12284763429491748,3,0
96d1f9ad6e80,0.07550570927209073,0.57419595461913,0.24532226618945085,0.10497606991932859,1,1
96d6988dafa4,0.6894323511552867,0.10617191529557943,0.13753945079717997,0.0668562827519538,1,2
96d9d0f47cbd,0.2556074572184887,0.4606513682310121,0.21180115514455372,0.07194001940594519,0,0
96dfa1261098,0.6829190047647956,0.15136335507041382,0.11918869788336461,0.046528942281426074,0,4
96e0daba7ca8,0.0937017287528764,0.5125435572044206,0.29040915064198725,0.10334556340071593,1,2
96fa47f2b83f,0.6638921509097732,0.08617234582627317,0.13782820071864396,0.11210730254530965,0,1
97020cda085f,0.20261157550468875,0.531919512150323,0.2143219304494205,0.0511469818955681,0,3
9704fd5364eb,0.6514146909725367,0.13200132241939905,0.14761635874966786,0.06896762785839676,0,4
970c96c9fa5d,0.04826736989015465,0.8441946208682671,0.0813127129673652,0.02622529627421298,1,1
970e477a229f,0.8175873823118519,0.05115187154024891,0.08452441130688758,0.046736334841011654,0,3
973c7216c8d4,0.6850861798791147,0.10806445007793279,0.13715746400544288,0.06969190603750954,0,3
97674ac9caab,0.07766801949389886,0.6614956093891512,0.14175167857365556,0.11908469254329408,1,4
97692c000b63,0.07738100505713857,0.7167667092676562,0.15195549594473076,0.053896789730474175,1,4
9776469ed2a5,0.8137135731762756,0.04883959496592455,0.09479115394745448,0.042655677910345295,0,4
977af8f945cf,0.5308766780867895,0.15753826691840983,0.19721885144527612,0.1143662035495246,0,3
9785b5d2ce37,0.3995246170332078,0.28179601562671636,0.2116321550788129,0.10704721226126271,1,3
9788d6db5ccf,0.29569099760864553,0.3717409328767963,0.25346326321209595,0.07910480630246179,0,0
9793d59830f1,0.6800258391098939,0.09104720818015595,0.14762478532926382,0.08130216738068627,2,1
979f302a2fef,0.2929441902705829,0.4920574324037446,0.13448321980390626,0.08051515752176634,1,4
97a4dc6f1f5f,0.10210000318183003,0.5933359996060605,0.22304537404368438,0.0815186231684247,2,4
97ef8dddd102,0.061303447308920476,0.4591468486010588,0.3289526750733202,0.15059702901670052,2,2
98023f79d14d,0.048911271866590986,0.7320810302372923,0.15505320794528085,0.06395448995083593,1,1
980351f05de0,0.7126826933708797,0.08865999068753912,0.15356071245017366,0.045096603491407414,1,1
980a690320eb,0.08834415285911519,0.709315001304132,0.13058104452081917,0.0717598013159333,1,1
98177d6d0db0,0.039844152959012474,0.8269521200048757,0.09801048506962713,0.03519324196648457,1,1
9817859ffa87,0.11469771319607605,0.6564626835110555,0.18662847993839995,0.0422111233544682,3,2
982b445c0d1b,0.07047717105443922,0.6263726162549099,0.24093850817138746,0.06221170451926343,1,0
983579cf7e1a,0.08233579921713792,0.6047924552818673,0.17128420820491413,0.14158753729608076,1,4
983673fbc3e3,0.09472149646552568,0.7124720229870325,0.15426087341414008,0.03854560713330163,1,1
9842ee31aee8,0.0630638145593544,0.7212451377216722,0.1764468963112913,0.03924415140768253,1,0
9847df53f2f7,0.8240667941301676,0.059199946194230385,0.0874667219379237,0.02926653773767842,0,4
984ce6dfbc51,0.12262706671689563,0.4694157756888275,0.2063772978107159,0.20157985978356105,3,1
9855cbfdcb71,0.18530237594340224,0.48619770809586516,0.26624129998535184,0.062258615975380835,0,2
985b26811cf7,0.0968701204782043,0.7271986644514993,0.07639281028322303,0.09953840478707311,1,0
9862e4094231,0.12023043680996637,0.40250885407542564,0.3084740982528123,0.16878661086179594,0,4
98696039f5a0,0.3016029554800526,0.17955901425775622,0.29907030775181503,0.2197677225103761,2,1
9872417abeed,0.7630299175123164,0.09344208295605268,0.11204040406025774,0.03148759547137296,2,4
9878f8b090bd,0.5714151777808405,0.10812845209432638,0.2159241518819623,0.10453221824287097,0,2
98868469e23c,0.17063911004553958,0.5116196724753854,0.21860058646291186,0.09914063101616301,1,1
98a3f60e39a1,0.4163717997391588,0.33685542612127856,0.18131484164632652,0.06545793249323618,0,4
98bbbab1a415,0.2559387114281617,0.4676866209688236,0.16674053078218248,0.10963413682083231,1,3
98c6965e9185,0.07316832180998352,0.6870343837829709,0.18405794945009607,0.05573934495694962,1,2
98ca208a6e43,0.05070081080642786,0.7222000623554703,0.14870764323735414,0.07839148360074785,2,2
98cd48a41756,0.05021891963487728,0.7124437618036091,0.19718378312478,0.04015353543673401,2,1
98cd793644aa,0.24557952723982715,0.5242353576226655,0.20159080683569375,0.02859430830181381,1,0
98d13a3c4060,0.2603250529520924,0.3801306655814545,0.24460708853941665,0.11493719292703666,1,1
98d246dec8db,0.6407176519286695,0.15299255326353892,0.14365200442735732,0.06263779038043414,2,3
98e5ea7a176d,0.30001107714206104,0.22636226131265946,0.26997606956661263,0.20365059197866675,2,0
98e86888141f,0.17653346940397044,0.6012658900983965,0.1553699669409292,0.06683067355670363,1,3
98f14a54fa31,0.08851855817683531,0.47047873235091264,0.2843785282896946,0.15662418118255753,1,1
98f702bb9649,0.28676044387579325,0.4251282239753227,0.2033869485667993,0.08472438358208477,1,3
990642807f68,0.5874460524345592,0.15537491816775334,0.20475576655133207,0.05242326284635532,0,1
990da56b9183,0.2854155550691887,0.3986585948555874,0.2698492793782383,0.046076570696985314,1,2
990fc38a16ae,0.05987273833221984,0.6820431941218179,0.15674379597220944,0.10134027157375282,1,4
9911a3ab56c2,0.6595743860415556,0.09168485821671397,0.19641064412224,0.052330111619490145,0,3
9915d9038245,0.17005583955104892,0.5783788541037763,0.20170874422455679,0.04985656212061819,1,1
991c7282e91c,0.6631294791169159,0.1371184987182844,0.10943999692457616,0.09031202524022348,1,2
991e39f747a1,0.747731275134926,0.08061475737153795,0.11940735797531997,0.05224660951821597,0,1
9927fbe86982,0.16325608828537366,0.3857003663489598,0.267284340008733,0.18375920535693355,0,4
9945a45c802e,0.17845200255626442,0.5620241098383112,0.185628476797461,0.07389541080796327,3,0
994885f06db4,0.15358287052072114,0.5160527124837229,0.23026275430538048,0.1001016626901756,1,1
99499db74741,0.20874725885577983,0.48344205898138315,0.2566817905574804,0.051128891605356865,1,0
995b90d044b3,0.04441989766082215,0.7511974132601635,0.15784911088579232,0.04653357819322193,1,3
99606cd849bc,0.5152392812014952,0.23122487367772793,0.20333853467051863,0.05019731045025802,2,1
996e865f85d2,0.05688540223882806,0.732303673355486,0.16834419041115892,0.04246673399452721,1,0
997985cf7142,0.7109630650173757,0.08843498412906507,0.1282030155070404,0.0723989353465187,1,2
997b769bd2bd,0.48886701210785055,0.2917344194157681,0.1647545373547054,0.05464403112167591,0,2
99a33da42b9f,0.13901094941986816,0.28809028895653116,0.35336003453747983,0.21953872708612102,1,3
99aa2bb52d7e,0.5607944211005828,0.17267496178352928,0.1966252940928185,0.06990532302306939,0,0
99ba95380399,0.5318036482665045,0.20219290871681542,0.1915407649993657,0.07446267801731407,0,1
99c1585d12cb,0.1275982986805783,0.6613441694590724,0.15814848751850813,0.05290904434184117,1,2
99c38d2b32b3,0.4249175287306393,0.3729876896150877,0.14763291953633695,0.05446186211793612,1,4
99cb5766690f,0.13767971821838415,0.5913893592102953,0.1712510004960956,0.09967992207522491,1,2
9a0b8204400b,0.07635737199987178,0.41784253218511275,0.39125642612461636,0.11454366969039909,3,4
9a19d3c19232,0.39219944995910866,0.33960336828200155,0.20962737997936745,0.05856980177952226,0,4
9a2ad069cce4,0.08667839151669278,0.7001748736003479,0.1505666081061815,0.06258012677677771,1,3
9a493656953a,0.41631271080745846,0.3238793742598962,0.20454848496928482,0.055259429963360536,1,3
9a4a6abdf776,0.3590700802800885,0.3433831359101574,0.22983104976489055,0.06771573404486331,2,1
9a769075f534,0.7122662555694753,0.10200759787696871,0.10588011328598362,0.0798460332675724,0,2
9a7b51f98ab5,0.38014533824843516,0.22279811247900488,0.30963771602829926,0.08741883324426061,2,2
9a9306122b73,0.5977398526553207,0.16535491886555181,0.1609442993617646,0.07596092911736321,1,1
9aa19b9ab337,0.10604292002777824,0.5333679890288858,0.25155361164839973,0.10903547929493627,1,3
9ab36af82642,0.18061455227133671,0.5913613152257124,0.13323310943581382,0.09479102306713713,0,4
9ac50f02c18c,0.7548163098656805,0.06974190859293165,0.11955766163059842,0.05588411991078933,0,0
9acd72663429,0.04878785754187323,0.730421148331137,0.12038498284660178,0.10040601128038783,1,1
9ad7aec257e6,0.0872990564149697,0.668769853593395,0.1425139950308027,0.1014170949608325,1,1
9b1d142bd9a9,0.01591988553518258,0.8178958504905094,0.1133354451391615,0.05284881883514681,1,2
9b1e813ea349,0.2634551452205413,0.520723462981803,0.1245798745386935,0.09124151725896196,2,4
9b350fdf9d64,0.7040073190627122,0.1472817390773224,0.10991047577998703,0.038800466079978606,0,4
9b3748a1c634,0.6609179922387634,0.15239081695701137,0.12031596459299874,0.06637522621122623,0,4
9b4bd818dd00,0.05548465866770143,0.5585064523414212,0.24084301406228906,0.1451658749285881,1,3
9b5b8816a625,0.09245654084819285,0.6112849493862429,0.1950735603080707,0.10118494945749378,2,3
9b645ac3442b,0.11828498390584698,0.7011133274407315,0.12660435618860127,0.05399733246482029,1,4
9b6ddea1d71e,0.06434915907469517,0.4159921671463289,0.34145588451669096,0.17820278926228506,1,4
9b7abbb52fe9,0.03859926363775871,0.748819015623164,0.17931492714309932,0.03326679359597807,1,2
9b978a92670c,0.43262772223625845,0.2628998757306261,0.20659684636325637,0.09787555566985918,0,4
9ba12eba8ede,0.1764221205676884,0.484903180619805,0.264140919613558,0.07453377919894859,1,0
9bc0baeae132,0.5248645053533265,0.2248341778196694,0.17339856286393815,0.07690275396306576,3,0
9bc1a2bcd4b7,0.05644554727785134,0.6985031805088453,0.15221389849849426,0.09283737371480894,1,0
9bee391e272c,0.09125376043020103,0.5571392886883925,0.2547759592933551,0.09683099158805106,1,4
9bfc747353b9,0.03110054504912927,0.7694822693327046,0.13012205902415433,0.06929512659401146,1,1
9c03092ea533,0.08342142480951471,0.7281134905607575,0.15180064369006885,0.036664440939659135,2,3
9c1f5a410926,0.22480775446748255,0.40674577414887814,0.28891194564611156,0.07953452573752784,2,0
9c7647d1c27a,0.5920531077200467,0.18590688819666468,0.1407742718125554,0.08126573227073318,0,3
9c9195463881,0.38472009759521447,0.319082740574714,0.19955403631911742,0.0966431255109541,1,2
9c95946da400,0.10987556831590142,0.7469448107164669,0.10431107649740635,0.03886854447022534,2,3
9cb94320645e,0.6781453181626634,0.15232756735610598,0.1330058339148675,0.036521280566362876,1,3
9cceed954b94,0.21596795981616787,0.5267926273438248,0.21596437965222742,0.04127503318778018,1,4
9cdcb56eaaae,0.5336493910373243,0.26705012760279384,0.14234984512471,0.05695063623517206,2,2
9cdd781b61ab,0.06891346594682231,0.4152733245764031,0.2837871321286703,0.232026077348104,3,4
9cdeca924178,0.7946815148232561,0.06933798570869222,0.08512719656257697,0.050853302905474865,0,1
9cece086de6f,0.6904691860190487,0.10748160366081504,0.13765747026130026,0.06439174005883608,0,0
9cef4ea2d3e6,0.6252944722132394,0.17197669980996474,0.15262578571475433,0.05010304226204139,0,2
9cf41cd052f7,0.3712510943567884,0.3237597167696565,0.20308512851274943,0.10190406036080547,0,0
9d0157caf088,0.7235350876651386,0.11254278920311243,0.12256305508038207,0.041359068051366826,2,3
9d07514a1023,0.5950759186697618,0.14282159556027943,0.1744152496177353,0.08768723615222358,1,1
9d17eb56c1ab,0.1036481647860913,0.6703218584227582,0.15455048251608966,0.07147949427506103,1,2
9d1c6d0be5b2,0.3021925077244163,0.36784930063027615,0.22109685063053675,0.1088613410147708,2,3
9d2251392b2d,0.22833623839813813,0.3904991055068144,0.2818611305535783,0.0993035255414692,1,3
9d2c1cb6203f,0.05097626833761046,0.6968601168722004,0.18690986710791135,0.06525374768227818,1,0
9d41436ab64b,0.6278170635605872,0.17999877344086496,0.13555667769146207,0.05662748530708606,2,4
9d46d14396b9,0.1868934541348939,0.33054899317480385,0.275470930421925,0.2070866222683774,2,4
9d514ce429a7,0.044268058358094275,0.777115762365744,0.13058616142119642,0.048030017854965114,1,0
9d553ab91801,0.7130549218451466,0.1078351872086382,0.1280800932520158,0.05102979769419929,0,1
9d55b43150e5,0.5981538877925697,0.1716462376671776,0.159084982115244,0.07111489242500876,2,1
9d5a724952f4,0.6880824779638088,0.07783502847131954,0.15825267602616142,0.07582981753871038,0,0
9d5fb048b2e3,0.7630542277727624,0.08980880690791399,0.09731350033826913,0.04982346498105431,1,0
9d6647847383,0.08703484696511136,0.7077912354489472,0.15533664577112002,0.04983727181482127,1,1
9d66cc2c906f,0.5278304075138991,0.20039546386641208,0.18452668969427427,0.0872474389254145,0,2
9d85cfba99ae,0.05712215731328719,0.7440425596504252,0.14204260604235946,0.0567926769939281,1,4
9d8fb5abccc3,0.024650843069518622,0.8534735117094931,0.09100047550338239,0.03087516971760571,1,0
9da3efcced2e,0.023898877229550815,0.8104880928810505,0.12305515415340872,0.04255787573599,1,0
9dc2ebecf986,0.11276949260416208,0.4731802612712502,0.19620299887901593,0.2178472472455718,2,4
9ddd0027433b,0.0948837842677386,0.5662080219172001,0.2295750373932903,0.109333156421771,2,2
9deb368bf67e,0.597342470014349,0.21621473344475006,0.10461858244709336,0.08182421409380748,0,3
9e1b05a7acb8,0.7418499134308583,0.0766682583261965,0.13720585444680364,0.04427597379614149,1,0
9e203aeed99f,0.17186787955870889,0.44590522487604484,0.2723363596353918,0.10989053592985493,1,4
9e2ce8e735ab,0.164479979602829,0.4262793167348995,0.30574374801956483,0.1034969556427066,0,3
9e344b8a4fdf,0.09896145056789225,0.4297776532336847,0.35067125362278273,0.12058964257564045,3,2
9e3727c8eb64,0.15541536979297702,0.45369467593942236,0.24790811003630833,0.1429818442312921,1,1
9e49c8e24623,0.35181004901834273,0.35760227516919774,0.17409768649729987,0.11648998931515937,0,3
9e4d14c0491a,0.228771442288334,0.49410049160959935,0.24047417661720327,0.03665388948486342,1,1
9e54c4048c29,0.528351466905202,0.19226140259489372,0.18755632005224723,0.09183081044765716,0,3
9e5cb858ff8a,0.5310707952495806,0.2200647799456344,0.12149033872534165,0.1273740860794433,0,2
9e5cdeb53c06,0.6458433208506146,0.08084618713160326,0.14515381801279012,0.12815667400499187,0,0
9e61d18ded2f,0.040964256727801455,0.7933271032693006,0.12184866659317968,0.04385997340971823,1,1
9e649215f5a8,0.6629185365656065,0.14313798897345764,0.1578216725955053,0.03612180186543058,0,0
9e6e8142ca4f,0.08298944427238134,0.5179494375163616,0.3121909016684203,0.08687021654283664,2,1
9e70afac2591,0.5959432291316266,0.20044150612373826,0.1568995034777111,0.04671576126692433,2,4
9e99231860d5,0.025020855987712354,0.8069724692688768,0.1171881978528094,0.0508184768906012,1,4
9eabf871003c,0.059138685958844486,0.6335254242058848,0.24066939259729672,0.06666649723797385,2,1
9ef4fd7b2557,0.07493708698100245,0.7405942616143938,0.13364867657610777,0.05081997482849593,1,3
9f0ec4c9eba3,0.17107378533286344,0.5246210944535912,0.20086067456917073,0.10344444564437445,2,1
9f18402a0625,0.03869446264566536,0.7778723789532171,0.13550051906116936,0.047932639339948215,2,1
9f2c8b935d12,0.6094557447354608,0.17987596820019977,0.1446855954970703,0.06598269156726923,1,3
9f46e9ceed53,0.689418505641831,0.11521826180623077,0.15243329844776818,0.04292993410417002,0,3
9f61fffd8a09,0.29334553328594704,0.4330710371442362,0.19599551009744107,0.07758791947237624,0,4
9f95066c5136,0.22744916170838742,0.49238220720813974,0.1722643106858378,0.10790432039763521,1,0
9f980fd8cfa2,0.03727725162285693,0.7989386688012486,0.12876689710825312,0.03501718246764111,1,1
9fa2ca50548e,0.15756466752639894,0.3444965579281939,0.35933964657675743,0.13859912796865,1,3
9faedba4b8f9,0.16911914852207144,0.5017484708856754,0.16892483445755224,0.1602075461347007,1,2
9fd6d2ef1078,0.18219202482880742,0.5962513040053028,0.17410252755040986,0.04745414361547975,1,2
9fdc942fef5a,0.1364778252061729,0.3930725203028422,0.24951138995355204,0.22093826453743284,0,3
9fe9b5770dcb,0.7274368945663131,0.06520563416433148,0.11795275278201885,0.08940471848733668,2,2
9ff049a6b395,0.4414836390604875,0.3055632581192005,0.1674649852754908,0.08548811754482141,1,2
9ffca298e56d,0.051389939030968335,0.5289043022513368,0.18450001576902472,0.23520574294867014,2,2
a00e889aef1b,0.39971915216466336,0.24366204178073786,0.2447768164638431,0.11184198959075595,0,3
a00ea9526864,0.0880529630790264,0.5858867057613618,0.2507464955968114,0.07531383556280047,1,4
a010493089f1,0.19751495424835147,0.567158883169054,0.16028384009728291,0.07504232248531165,3,3
a01635a34416,0.1320435989963991,0.5307253373899445,0.21912160461014413,0.11810945900351215,2,2
a0254bf8a96e,0.7124341951850977,0.08199530921302176,0.15315227604444942,0.05241821955743132,0,2
a03475617868,0.04167517250178537,0.8231934697691405,0.0907356176785603,0.04439574005051408,1,1
a039c3e66fe8,0.1639817908659242,0.5966607249421136,0.1778266125225811,0.06153087166938118,1,0
a03daefd7f50,0.09058703190385135,0.7198774910350333,0.1401775873663597,0.04935788969475567,1,0
a049406d1973,0.12437869244713563,0.48937684300723844,0.26130302544496353,0.1249414391006625,2,3
a059024800d5,0.5838708961959763,0.1349850069305703,0.1511327650278467,0.13001133184560684,0,2
a05e3567f7f8,0.23372944789534228,0.3783779542809796,0.2200005694850113,0.1678920283386669,1,3
a0627abab45a,0.025300778260504364,0.8491808383923268,0.07316726325856152,0.05235112008860739,1,0
a072ab44ba69,0.3442998150622543,0.31787365910320414,0.2908339349163534,0.04699259091818819,1,0
a0927e51897c,0.1367702180305207,0.6294818052713047,0.15445361339700683,0.07929436330116763,1,3
a0aeed6297e4,0.4492230647018997,0.2754741046160299,0.1960634903176833,0.07923934036438703,2,2
a0cb0b96fb3d,0.3688864740748463,0.4550214358867658,0.11676612140371617,0.059325968634671426,1,4
a0ee0882a1af,0.49506661107951266,0.27458792967538287,0.18207974385650597,0.0482657153885984,2,0
a0f781c851b5,0.30414938456034,0.3905388582724512,0.16745109056277357,0.1378606666044351,0,1
a0fa0c688236,0.07477094749071159,0.7324767251921268,0.12072334394861603,0.0720289833685455,2,4
a0fa7251455a,0.609878152786612,0.09677200286130001,0.24095919547681693,0.052390648875271145,1,0
a1052bbfc9b1,0.17886844799294102,0.5946664957688321,0.15240517383706056,0.07405988240116614,2,3
a12376c1eb75,0.16466443709533402,0.5562881009582119,0.20777308245194054,0.07127437949451323,2,2
a12656e39aaa,0.16394456467635454,0.6193954303456048,0.1793487750440196,0.03731122993402096,1,3
a129df480e7f,0.14553739216432818,0.5813423946826255,0.21247778701242245,0.06064242614062403,0,2
a12f0ab3d7ed,0.13285892449172784,0.5367267662525443,0.2549019259547192,0.07551238330100843,1,0
a15ae5112312,0.4243515537480662,0.3014963135135077,0.1860716174971971,0.08808051524122927,2,1
a170d9c2a410,0.08812398734918511,0.5901225314810405,0.2344964283813953,0.08725705278837928,1,3
a173eb366e83,0.2125384356124451,0.45550723043009284,0.25508086961911913,0.07687346433834324,1,4
a17c8a3c6416,0.1798320394718281,0.36919517815773895,0.2875096162793778,0.1634631660910555,2,2
a17dffb1dcf9,0.22659911038212777,0.39827018600718117,0.23407424553619763,0.14105645807449352,3,0
a180e392df12,0.6979132943862555,0.138335136106175,0.12004258672665574,0.04370898278091362,0,4
a1844a4ba6f2,0.3456945028179126,0.4464382269106661,0.13780957402930866,0.07005769624211272,1,1
a1864aaf556e,0.03446644257986341,0.8199152251590955,0.126277636053291,0.019340696207750033,1,0
a19382e3cce5,0.14777392052729743,0.552876474162117,0.1566982780743058,0.14265132723628016,1,0
a1a0ff86b50f,0.03688987852737573,0.7785503489601083,0.10611657101739481,0.07844320149512106,1,1
a1adb406b342,0.07533035130727314,0.683071578590625,0.17473196123864615,0.06686610886345586,1,2
a1ae5f6f0d47,0.13309719400030517,0.6645991532908627,0.13213027977736938,0.07017337293146281,1,4
a1cc057809db,0.49856562136568683,0.1413759852748479,0.22886646620839396,0.13119192715107142,1,2
a1d3defcc10e,0.4257449904939968,0.24251002849309203,0.2640309353476734,0.06771404566523763,3,2
a1d3ecf7c3d7,0.18320778600288348,0.4758042161229761,0.24966284219829207,0.09132515567584831,0,4
a1df5617626b,0.3938930102992592,0.41126556028001304,0.09668969431545263,0.0981517351052754,1,3
a1f9e53e9270,0.3988021969186588,0.3904761274077649,0.14798436039871746,0.06273731527485865,2,4
a1fca1702255,0.5303518164461102,0.19237221302010554,0.2123330639327063,0.06494290660107789,0,4
a2040274d57b,0.0998872559961662,0.5400679607935083,0.24324531900696206,0.11679946420336332,1,3
a20916a9f4fe,0.30397374557869183,0.44709650278681295,0.21265075425191377,0.03627899738258161,2,2
a20c8c388d36,0.02744161241017293,0.8680267052013276,0.07668234688246219,0.027849335506037114,1,3
a20f42a2f5b0,0.07926488386464522,0.7763137463070622,0.11157509702011156,0.03284627280818081,1,2
a21b244030e1,0.6577981172840832,0.11344400436359124,0.13766756048377143,0.09109031786855411,0,3
a21d04e8fbe1,0.07543502177691087,0.6530672690086348,0.21320394433647358,0.058293764877980846,0,0
a241b8b55623,0.17977410556715565,0.5113446991577756,0.23589039493365255,0.07299080034141615,1,0
a25113d5cb14,0.6915118569335258,0.11856493507996535,0.13911650596205397,0.0508067020244549,0,3
a26315a4a01f,0.081470717536291,0.688659781722073,0.14489600591950783,0.08497349482212836,2,4
a26c23e61853,0.09407310553650268,0.6129751232642386,0.20928742520874705,0.08366434599051172,2,1
a27ab5ca843e,0.383358899060293,0.39816606711178915,0.16197929182479498,0.05649574200312303,3,3
a286861ce88f,0.5757139654979043,0.1863222519030229,0.1619519628942926,0.07601181970478015,0,1
a286afd80fbe,0.6777210550910796,0.16230567318325156,0.11118093609048713,0.04879233563518206,0,2
a292b1d0cce3,0.08701666441213006,0.6353810948552844,0.1911152717080487,0.08648696902453681,1,2
a29b6e721a2d,0.5437296050874495,0.19522454790081542,0.21305994214827667,0.04798590486345855,0,2
a29dd9b40ef0,0.1468288272430752,0.6524847551070883,0.15928837809541113,0.041398039554425496,1,0
a2b155b28828,0.41241284401762546,0.3280372051267234,0.15890424849076598,0.10064570236488539,1,0
a2c18811ac63,0.7091135863166063,0.08299868782232575,0.13511582807854722,0.07277189778252079,0,4
a2c441a9a2fa,0.49003396597871496,0.27063567309626235,0.1595392397600327,0.0797911211649899,0,1
a2ca59370337,0.32230809063125415,0.4356473347996327,0.2030226514040658,0.03902192316504726,2,4
a2dab8d548ca,0.030067181802050008,0.7114350034389679,0.13758685896734213,0.12091095579163985,3,0
a2e68abf134c,0.029954837518577904,0.8059992066189806,0.10771248378768672,0.05633347207475494,1,2
a2ea009b52fd,0.017163441866464426,0.7343026093401547,0.14227452116856534,0.1062594276248157,1,2
a2f3fa59d0cf,0.1047996138121925,0.6391513143113017,0.18356351861528541,0.0724855532612206,0,2
a2fd15d23a65,0.17010075185637574,0.45540249735717947,0.3112561625706694,0.06324058821577537,0,1
a2fd48c105c1,0.05234947277389506,0.8098291175360398,0.07550053192184093,0.062320877768224245,2,3
a30df02de39d,0.7070233770662436,0.08913740009154292,0.15898411917584793,0.04485510366636587,0,2
a312d66f0f1c,0.05776808615906332,0.6942757343612143,0.1779132799001105,0.0700428995796117,1,2
a3262ea06be3,0.08521266249386975,0.6635989561474046,0.16588711548895205,0.08530126586977378,1,3
a335674d8416,0.4299175225900506,0.26110665769992375,0.22937452801729194,0.0796012916927335,0,1
a33697e797cc,0.22662574806818722,0.38008365019855583,0.262493868231148,0.13079673350210883,2,2
a336bfc009da,0.36096822583288685,0.32769028118933924,0.2090962391096463,0.10224525386812768,2,4
a3385095361e,0.025438645755067796,0.694828768279553,0.18434141394527934,0.09539117202009988,1,1
a33d67387cbb,0.5241922678947208,0.14197874141461903,0.23573192007676624,0.09809707061389378,0,3
a34bfa3e0298,0.03687876007603026,0.7073510190316405,0.18182100056253162,0.07394922032979762,1,4
a34fefe62a8c,0.49161958800186945,0.3008832247041535,0.15392946919798406,0.05356771809599301,1,4
a375e7272183,0.0725190026418451,0.7032747621561672,0.16160278001841422,0.06260345518357348,1,2
a3816b3911d8,0.7387505387608864,0.0875811198536536,0.11891223904863817,0.05475610233682155,0,2
a39c8877e5f3,0.3187413301396501,0.3282468480584668,0.23020961404335025,0.1228022077585328,3,0
a3a97e9826f2,0.07580017915063346,0.6552007372726876,0.21702033914528512,0.051978744431393574,1,0
a3b3e87e80c5,0.02709056870544198,0.8131784164251347,0.09259151476821093,0.06713950010121221,3,0
a3ca77fe7d3e,0.3353636571556446,0.2042367750117995,0.26763749416686067,0.19276207366569517,0,0
a3e0a4f98acf,0.12193028542482802,0.5956562191160433,0.23183169103978266,0.050581804419346274,1,0
a3f6bc388702,0.7897399038724133,0.08719504770001085,0.06378181945567199,0.059283228971903856,0,0
a3f959cfb652,0.10275572981463396,0.5729785635414385,0.22664627400823079,0.09761943263569658,0,3
a40024c82acc,0.25390129839958864,0.43915570418846,0.19006148996588348,0.11688150744606762,0,4
a40158c68404,0.6383900486245081,0.13989137939853605,0.17897086695185666,0.04274770502509894,3,0
a417b008dd8c,0.07811949067725946,0.7259946339980748,0.11201584545903805,0.08387002986562747,1,0
a41ae95d5d0f,0.07627355628249485,0.6096820851742185,0.20502254430579472,0.10902181423749198,1,2
a421f856fe02,0.19961523827779687,0.5796821171714124,0.18106202004140137,0.03964062450938907,1,3
a42ae62f7181,0.12684352107467003,0.6204323192772512,0.21390985504917767,0.038814304598901186,1,4
a435175b518a,0.12635232190535678,0.551218559501919,0.20501748017175997,0.11741163842096415,1,2
a4429932fae7,0.7232556308371896,0.12143864046085397,0.11836528386172605,0.03694044484023018,0,3
a44afa4fa73d,0.7003376664462087,0.11624550628766923,0.11770224544445998,0.06571458182166214,0,0
a45728df9fa0,0.10931348410176951,0.7031499533522174,0.11520811131288526,0.07232845123312753,1,1
a45b8266678e,0.022962914015761837,0.6757484167768164,0.195184851435392,0.10610381777202971,2,2
a45fbd22e4b2,0.401266442711132,0.21924757698519903,0.24039142517515738,0.13909455512851165,2,1
a47390d298a2,0.02752877825413404,0.8599141745526363,0.06255239632817211,0.05000465086505739,2,1
a47b48392e9d,0.04649353537081364,0.7854831358646367,0.12293903548009315,0.04508429328445656,1,0
a4856003f5c1,0.0464201024051335,0.8157830590206165,0.09823466262951917,0.03956217594473064,1,3
a4a423ac8d91,0.2306285564999385,0.5522364938037998,0.15020370592788684,0.06693124376837474,3,2
a4a51116a876,0.4437573406682836,0.39146405925618255,0.12519765746855008,0.03958094260698385,0,4
a4b311d1dc4b,0.8113076303686988,0.08424078207141669,0.07121052353291207,0.033241064026972515,0,4
a4b902e30c61,0.5157466564988648,0.24872116917650963,0.13220825064793018,0.1033239236766956,0,4
a4bf95ce9c17,0.04440093520359897,0.6243635511168724,0.2505442574845675,0.08069125619496131,1,4
a4c2231544cb,0.27629161998833457,0.4822744119800395,0.17493574357448496,0.06649822445714076,1,3
a4c81006c600,0.32019308578703326,0.3182565821119169,0.25849889116910163,0.10305144093194826,2,4
a4cb6223131e,0.47371897545966585,0.2777183224688817,0.18095408275358207,0.06760861931787043,2,0
a4cc472d2a30,0.09340800794299339,0.6392304618592425,0.1980397961796819,0.06932173401808243,0,1
a4db0d4869c5,0.4530623948323955,0.24321440861394225,0.1946536567675895,0.10906953978607302,1,1
a4e94133d95a,0.06018409140088798,0.6062584513163273,0.2265913082836648,0.10696614899912023,1,0
a4fa1a3f4931,0.1920883764223223,0.37150261780623406,0.28334071755598106,0.15306828821546253,0,3
a50b43f24453,0.04712765382773689,0.7378984649766902,0.16026605614815742,0.05470782504741564,1,2
a516d0dd7c9e,0.4718378144740974,0.22532640972564058,0.19901978855519695,0.10381598724506488,1,3
a5203b903444,0.35565010261805247,0.23835078583290106,0.27834947763340934,0.12764963391563697,3,2
a52265dec2ad,0.23863459756761607,0.4160532639900384,0.206255775724797,0.13905636271754868,0,4
a52862899ae4,0.7595174777565189,0.0707693521613221,0.12078231904698712,0.04893085103517196,0,1
a5303f2a4c73,0.20427899069552435,0.5022570249281194,0.1885992920324642,0.10486469234389235,1,1
a5305e516c54,0.10922189410814967,0.5897638342711106,0.21752528776716928,0.08348898385357087,3,3
a5400b659f7f,0.03458179781406741,0.7893380362238511,0.13616436984237315,0.039915796119708045,1,1
a541ccade574,0.5711332991797915,0.2008150921705014,0.17543791785594307,0.05261369079376438,2,3
a54e0662895a,0.819463841444009,0.03171797894766745,0.07547809989571543,0.07334007971260809,0,0
a5591a2fd5d8,0.23453899374577672,0.42076395934584687,0.23340276747688887,0.11129427943148767,1,1
a562e6aaeed3,0.16705256626384293,0.6021174190185268,0.1787542066141213,0.05207580810350892,1,4
a5656b78cc0e,0.02431152961056379,0.8205778839716881,0.12022157764444504,0.03488900877330276,1,0
a56a373f11f7,0.7563474996141472,0.08346626153717777,0.1265570200287954,0.03362921881987942,0,0
a57441f93f98,0.028704336138162798,0.7873691020853751,0.11843566914213423,0.0654908926343275,2,3
a5810f9d2099,0.7875853190201199,0.0775908999595403,0.09914438905483737,0.03567939196550254,0,3
a588a2d63baa,0.06667314728335078,0.6882720830526948,0.16662858600176472,0.07842618366218942,1,4
a5958238aa4f,0.41648509202751105,0.37792156676225375,0.146581091905846,0.05901224930438941,0,2
a5af28176585,0.3764618917886945,0.43085015681984745,0.13240331650232312,0.06028463488913519,1,0
a5b9482cfa77,0.023356334106626055,0.7818208152924359,0.16031024518715453,0.03451260541378335,1,4
a5c349de688d,0.07552665057526767,0.6519695424704111,0.18199805690961282,0.09050575004470833,1,1
a5cbe7d78172,0.10477186334122611,0.63047035700822,0.19483735409366437,0.06992042555688949,1,0
a5cd73b4850d,0.4611537041869454,0.26510947253175765,0.18778651017056602,0.08595031311073113,2,2
a5e58b48fde6,0.0891584503976764,0.68683244703762,0.159194579620228,0.06481452294447554,1,2
a6053c14099b,0.3430340732131783,0.3337684794807608,0.24047393868007277,0.08272350862598786,1,2
a606d1cb54cf,0.25403564176623944,0.5178600585893794,0.15130921004506126,0.07679508959931965,1,4
a6393aff012f,0.3237707055771989,0.40945855076543736,0.2224072585939909,0.044363485063372496,2,2
a65bcb6bbd21,0.3359933393343551,0.38229849749543093,0.21933576070713956,0.06237240246307419,1,1
a67f882788f7,0.0627330924093195,0.6735806901045837,0.17876970020083072,0.08491651728526632,2,0
a68885796918,0.09383035416479438,0.5211153918013868,0.29605985498647214,0.08899439904734678,3,0
a68ac3632126,0.050366857669892795,0.47440072910113257,0.3397819548746742,0.13545045835430033,2,0
a6c79f136694,0.6260925689083655,0.18570882889077592,0.13307384328358887,0.05512475891726962,0,4
a6e088644d5d,0.507522312416918,0.2518287528487731,0.18419514294462105,0.05645379178968771,0,3
a6ee878fe655,0.10981589265484537,0.7017456328261009,0.14904597127247976,0.03939250324657368,1,0
a7030c1f5a47,0.16759148027201612,0.5974287338952115,0.11933295704053255,0.11564682879223961,1,2
a706d8ac9dbd,0.07261797375103296,0.6093599339864127,0.26008809231442453,0.05793399994812962,2,4
a70bc81f81c0,0.059420333264928134,0.5323855153068694,0.2871543372307622,0.1210398141974403,1,0
a70d50759dfb,0.16488767119542974,0.5797813943729982,0.1811905806978849,0.07414035373368676,1,1
a71df1f07bde,0.08212298566393017,0.6551689185671002,0.18722798314611228,0.07548011262285716,1,1
a7289f35fab3,0.6715643695047191,0.11787327829510932,0.14003726363223878,0.07052508856793302,0,2
a7335b2f9815,0.6839612068032895,0.06633338149954816,0.16006960761144073,0.08963580408572158,2,1
a73d9e158691,0.17465830442059527,0.536428604285807,0.18457386261382444,0.1043392286797734,1,1
a74fe5607fb8,0.2576617821688254,0.478042848895317,0.14019659803148576,0.12409877090437195,1,1
a76a593c467d,0.05846765287390897,0.717078526816478,0.17577438078931046,0.04867943952030256,0,2
a791b775061f,0.6712657522828196,0.0864219134816814,0.13961165593317523,0.1027006783023237,1,0
a7931ddb1010,0.33824826172176575,0.31318372442926184,0.27118112207863154,0.07738689177034065,3,1
a7b4d14caf36,0.5187073244132836,0.19314352856513575,0.2336906071201006,0.05445853990147979,1,0
a7c0ee2766f9,0.22407417621593867,0.5475940419868178,0.17338122939326164,0.05495055240398201,1,3
a7c66f4267fd,0.23902253381290917,0.5225357817744802,0.11557337733844564,0.12286830707416496,1,2
a7d2a7380ba6,0.20033259394193417,0.6034651858046565,0.1573727824991574,0.03882943775425225,1,4
a7e94066fbf8,0.3725162659014579,0.3849716968254079,0.19148170940729484,0.051030327865839394,2,1
a7f1ea850ad8,0.2895657210793286,0.37929860192397885,0.20396418126570906,0.1271714957309834,1,4
a803abc3bd58,0.7371281163138997,0.0711567383831766,0.13239884179392344,0.05931630350900002,0,0
a80f1386b01b,0.7915696559752396,0.04386757837675666,0.09545240707704263,0.06911035857096104,0,2
a81e1c6fc22e,0.2668106811673998,0.28823936181071586,0.2733029156148144,0.17164704140707002,0,3
a820390aef69,0.5832112194880446,0.17809133950610037,0.16244716191196165,0.07625027909389337,0,1
a8351982c575,0.8212224542937474,0.05423457566392095,0.08079709731138505,0.043745872730946406,0,3
a842d9e96828,0.21764903588993204,0.4907069578947519,0.17705319096622382,0.11459081524909229,2,3
a84d1f0c2ea2,0.3162093341028236,0.42938194343755703,0.22848479582447964,0.025923926635139663,0,1
a85adc24df0a,0.17015027582125228,0.5198164570802888,0.24016069603214962,0.06987257106630924,0,2
a862fd88bd49,0.5637957956784345,0.14530491581919,0.15222803277523764,0.1386712557271379,2,2
a86697ca60f2,0.11388156534870382,0.7954666000966035,0.06449459152409238,0.026157243030600026,1,4
a87414206bcf,0.12922107663575919,0.6233698672444234,0.17619074318556902,0.07121831293424853,0,1
a874435f5b2d,0.04045271656978955,0.8197528711523366,0.11222969799889168,0.027564714278982032,1,2
a87879343eb4,0.13266250929192108,0.541658788863509,0.23757924230066987,0.08809945954390018,1,0
a880ba760a7f,0.1282957725352895,0.5225356782911975,0.25331627519695993,0.09585227397655291,1,2
a88363cb1f70,0.14271330161753717,0.5380578624693868,0.2391164274485992,0.08011240846447695,0,4
a891e4625f8f,0.33260623494474834,0.2815355525076472,0.25917680089637646,0.126681411651228,0,4
a89c1f3470e1,0.12935925690446162,0.6695431304247906,0.1631948440051299,0.03790276866561778,2,0
a89d9679bdf0,0.1980075792913566,0.5489029897645693,0.1990309093396432,0.054058521604431004,1,1
a89df9ce879b,0.3467039185049511,0.4848125179444292,0.1401149864152747,0.028368577135345106,1,1
a8a91d572566,0.18327300877648764,0.5059131666549578,0.1939525622522126,0.11686126231634202,1,2
a8aa15852dfa,0.0434301628533655,0.781615358971121,0.1229775848077648,0.05197689336774896,1,2
a8ad69453683,0.06466067900997227,0.7248418255188874,0.14199574676433305,0.06850174870680742,1,3
a8b36d06c030,0.1147663386892409,0.5549152370206141,0.221289652158108,0.10902877213203695,1,3
a8c60c0ef43e,0.2704226530064075,0.46362805059187884,0.20615498849850944,0.059794307903204044,2,2
a8f1280e52ba,0.7414164374918304,0.09506990202562933,0.10725233867023679,0.056261321812303595,0,3
a8f1c2912768,0.10658371024676261,0.6368380194554955,0.15465681126196773,0.10192145903577368,2,3
a907108f72e7,0.4406784167057264,0.22051124311356834,0.26883058903967205,0.06997975114103319,0,1
a90de7edd9b7,0.5389129470616305,0.2749487461307063,0.11975409432030266,0.06638421248736051,2,2
a91f96dac3cd,0.13463311774164335,0.5578701309632376,0.2142988028336622,0.09319794846145692,1,2
a93183bb781c,0.38663016927612853,0.2575262554752618,0.25803508061635094,0.09780849463225874,0,0
a937614104e3,0.7277444065378319,0.08716633388861411,0.10444614777033526,0.08064311180321873,0,4
a93eef7b3676,0.42464843444025746,0.25402499838589065,0.22024574076270795,0.10108082641114423,0,1
a9414722ad35,0.7136439411860177,0.06982131905353282,0.15962997311285126,0.05690476664759821,2,0
a94358cbd9f3,0.21614008018482697,0.507530934525023,0.22484079957936928,0.051488185710780766,2,2
a94e15ea47c9,0.13707258005424716,0.6090558127846396,0.18541483855554447,0.06845676860556835,0,3
a95bcd8ba9ad,0.7000141068333566,0.10899906699790754,0.1460289214492791,0.04495790471945695,0,3
a96e94314925,0.0696634068364969,0.7296863275242816,0.11639763408875362,0.08425263155046794,1,1
a96f2b221dd0,0.19043952465373162,0.5895838831325728,0.14307983182348652,0.07689676039020932,0,1
a9734406aa90,0.3830136079266692,0.1852731402612476,0.35276196458244113,0.07895128722964188,0,2
a97f1cd45b2b,0.2614603195770104,0.33132904033066213,0.2741240023745666,0.1330866377177611,0,0
a98995d04eb3,0.4623350053009334,0.2988531119471891,0.15160257602099542,0.0872093067308822,2,2
a98a217fe57c,0.22799918221133592,0.4473195754791197,0.20375971262237766,0.12092152968716678,3,2
a99534146bde,0.7277478187246266,0.08637236751880234,0.11542683095177257,0.07045298280479853,0,3
a9a8f500fea0,0.09044910976397269,0.5646570544012635,0.195887287265661,0.14900654856910248,2,1
a9ba9da7582a,0.05248220127169697,0.746533968590852,0.15937131759334516,0.041612512544105744,1,3
a9d37ebfe0e8,0.3482131430124893,0.36170673686399424,0.17716130575474828,0.11291881436876833,1,3
a9df86ee71d5,0.47164761975800207,0.2145765520748838,0.18789058810441853,0.12588524006269552,1,1
a9ef2636d4ac,0.31753832561940276,0.45750040838065953,0.16020534525736865,0.06475592074256908,0,1
a9fcf78c3469,0.03087746898828847,0.7695403587599592,0.13101157393581167,0.06857059831594074,1,3
aa01253a3226,0.025416427773705993,0.8531563908702673,0.07998151248374383,0.0414456688722827,1,0
aa0420c82f8e,0.08497083978440312,0.7023406437363652,0.15371976660877035,0.05896874987046132,1,2
aa20aaac8504,0.24089779094227828,0.4292597164316394,0.23122282524287008,0.098619667383212,3,2
aa6bbda8865b,0.1579148165649868,0.5885615078145829,0.17875109970325492,0.07477257591717512,1,4
aa6f4d3e11d9,0.06591304225038866,0.6250041088293677,0.20457202738598224,0.1045108215342616,1,0
aa6f86d26781,0.11174678719862287,0.4558984162668864,0.31598477105514683,0.11637002547934361,2,2
aa749b4d6cdd,0.10039499075748023,0.6371365634128573,0.18629663730793186,0.07617180852173051,1,0
aa7cea654180,0.6284198511260672,0.07536328906208449,0.21656337450095942,0.07965348531088862,0,0
aa7dce7556b0,0.06603868869749271,0.5946161105021459,0.16909571030205015,0.1702494904983111,2,1
aab3267c0c17,0.6024397948074036,0.20477034792627796,0.12637989790052126,0.06640995936579738,2,2
aab84245d034,0.8315050558981413,0.057110665460772585,0.07798140632782549,0.033402872313260695,0,0
aabe07602051,0.024420227514503685,0.7422561846316426,0.17584384152732047,0.057479746326533084,1,0
aac325aaa28c,0.5613038494113377,0.17183729680860052,0.16163219052720024,0.10522666325286152,0,2
aacd7ff3bbae,0.04795382812177336,0.7398499250248669,0.16994821788145556,0.04224802897190411,1,4
aaf19284ce23,0.12312771355368117,0.6231778897322667,0.21043490607965884,0.04325949063439298,1,3
aaf4645886fc,0.08662952766308343,0.6267275801360747,0.17835907834892525,0.10828381385191693,1,3
ab22e9457bfe,0.7872088639200469,0.05991182380796142,0.10348295300753545,0.04939635926445626,0,3
ab2560a15171,0.11027609115490665,0.7088321497955007,0.11338839028677121,0.06750336876282145,1,1
ab2b4ff9c9e8,0.38223409801309033,0.3074685728959124,0.19379899455663252,0.11649833453436496,3,0
ab325bee36de,0.36827910064594144,0.1787963205560134,0.25022655055573123,0.2026980282423138,3,1
ab3a9cde6e06,0.18374650604070558,0.4095675665098035,0.2569602541577794,0.14972567329171127,2,2
ab6ef957fd8c,0.3284890196190738,0.42048943095875624,0.16490434958622502,0.0861171998359449,1,4
ab8205541661,0.06397931857270647,0.5867335939079213,0.23515297870222415,0.11413410881714806,1,4
abb899fcafc6,0.06854980619525315,0.7641441866582551,0.11329425203231923,0.05401175511417252,1,2
abcffc36ff79,0.33501920009182073,0.3284229530684751,0.23916064192761877,0.09739720491208528,1,1
abd0c3d9c5f6,0.44705949150125,0.30364188223284533,0.17325329456725969,0.07604533169864507,1,3
abdaeba121f8,0.10470289474851614,0.6554601778321355,0.17158155679457068,0.06825537062477735,1,2
abdb858bbb81,0.18228362782061133,0.6420176907379925,0.14063117329255465,0.035067508148841464,2,4
abe76d6fc929,0.025070225750392618,0.7252793303209009,0.19514652229670434,0.054503921632001864,1,2
abf7cffb3176,0.43805122920984996,0.3216097665792353,0.14719415297184457,0.09314485123907047,3,3
abfcd1e7c6d0,0.08686177433483439,0.4862179114451854,0.2721999360267531,0.15472037819322731,1,2
ac150a3b291d,0.04389887738056452,0.8106536161520917,0.10927892966718931,0.03616857680015433,1,3
ac3004ea0405,0.0875296517716894,0.7550298328504563,0.11059162847071607,0.04684888690713813,1,3
ac46cbde0e0e,0.057908191888925285,0.709437008784765,0.17453584265754837,0.05811895666876112,2,4
ac55dc119f5a,0.017824095514740686,0.771039485937543,0.13946843880942328,0.0716679797382929,1,4
ac91c4c4a63e,0.8515617868473724,0.04641984764193763,0.06070976739321166,0.04130859811747824,0,4
ac9fa71e33c8,0.13064500193387313,0.5611427352632161,0.18997124226615625,0.11824102053675427,2,4
aca4d52c2f82,0.42608824113733873,0.2071714565570177,0.2796847457997974,0.08705555650584632,0,4
acacf54e2e13,0.030548576592298066,0.7807073626643093,0.1405003868739099,0.04824367386948288,1,1
acc1d221470b,0.05343756184672164,0.6891471309576928,0.16905800811577212,0.08835729907981363,1,3
accb3f0a6276,0.019321673077430157,0.8590324814100461,0.09763581290496355,0.024010032607560284,2,3
acd13733a711,0.14477293469144156,0.5089399154662165,0.29074153943730685,0.05554561040503503,1,4
acdc669b1e06,0.3971810714406091,0.27113889942274,0.2419602726055659,0.08971975653108455,0,1
aceb84a579e9,0.19793483419633565,0.47365171315433696,0.2168720147655112,0.11154143788381599,2,1
acec33076f73,0.07061263485986885,0.5191548769134404,0.2681391286712126,0.14209335955547855,1,4
acec4f0cbd17,0.08097566560626861,0.7025360779668851,0.16782721065168973,0.04866104577515683,1,1
acf13f7ab5d7,0.7744402217934597,0.07502965332283795,0.10952626275470902,0.041003862128993325,0,0
acf8c450efb2,0.10312671575089066,0.47653945925570546,0.32690943281441615,0.0934243921789881,1,1
ad057569e00c,0.2661226041993349,0.49477725255190913,0.17774270227158842,0.06135744097716758,1,3
ad23cbda5b1c,0.04341220756947835,0.7725550327496546,0.11490575630837041,0.06912700337249691,1,0
ad2e47a1a1f4,0.02561836396365483,0.902765316208754,0.05787043091934277,0.013745888908248278,2,1
ad3ec5a0e7c9,0.03865462333640374,0.8174239279494232,0.12096519202948369,0.022956256684689622,0,4
ad40119bb875,0.10948356768308337,0.5988872722927601,0.21484559660768648,0.07678356341647005,1,4
ad4e4f09c5f2,0.03455986460254376,0.656369041416312,0.2375152464399554,0.07155584754118886,2,4
ad5c640225b4,0.25215811654870696,0.3740010515221763,0.29562249960141845,0.07821833232769818,1,2
ad5ff8dc5e00,0.09969769246648726,0.5515812677963424,0.21923469155776298,0.12948634817940768,3,3
ad6bc3c59891,0.6674665482366504,0.14311635709664464,0.13397881699450823,0.055438277672196806,0,3
ad6fb71d384a,0.6750447322326799,0.14058899654827153,0.09788819497415627,0.0864780762448923,0,2
ad97fa89b0b5,0.048747590447417555,0.6936049296513165,0.1707624780702339,0.0868850018310322,2,2
ad98b8875f75,0.17217455614353883,0.4021712647577373,0.2380506321757969,0.18760354692292705,3,2
ada4737c1d3f,0.22708920155039283,0.4086853624016742,0.2829216104797369,0.08130382556819607,1,0
adbc10bde10e,0.44821124142799357,0.2376393471187453,0.22695439102437528,0.08719502042888584,3,3
adc53823a49f,0.041478143993944804,0.7973955744383877,0.12341392947158711,0.037712352096080315,1,2
ade84200b83a,0.11109002998779936,0.6418830335830487,0.17534701816527234,0.07167991826387993,2,0
adee0c7ec155,0.12184462987419661,0.5996443249245049,0.20770378895437772,0.07080725624692072,1,2
ae12c55d7e47,0.5255372395972298,0.18015725701423432,0.1992140017938548,0.09509150159468095,0,0
ae3a97ad1c07,0.3154642386260838,0.3782469823044426,0.21637795767649348,0.08991082139298007,0,3
ae3c8cba22ec,0.07216375774305418,0.6700602321237152,0.20528480304817706,0.05249120708505334,0,4
ae439b24ddc3,0.06867954629470036,0.7413362527579407,0.1535681536373113,0.03641604731004785,1,0
ae5b75e08fe8,0.19849943700833028,0.4868419101141796,0.1987273306216033,0.11593132225588676,1,0
ae601aa924ea,0.7532586967309629,0.0662916340574686,0.09569669563611953,0.08475297357544878,0,2
ae6fdbc90bf6,0.41195155870946504,0.30786960693497206,0.18590402085000707,0.09427481350555583,0,3
ae70fa66b983,0.1889919851181795,0.5014607650789543,0.211559769089908,0.09798748071295799,2,2
ae7519c9d04c,0.15291775475980315,0.6063018349408791,0.17839079518334258,0.06238961511597521,1,1
ae9ae4deef75,0.1754573270022019,0.5257343360797783,0.22079625061585723,0.07801208630216269,2,0
aeb8b1d755ab,0.37414425408733804,0.356206657587858,0.15148307748132858,0.11816601084347532,2,3
aec0c258907d,0.15274686426755107,0.6253623654177656,0.13201163823395834,0.08987913208072494,3,4
aed115d939ff,0.36571964853086497,0.36141935487468535,0.2309531402854197,0.0419078563090304,2,4
aed885bf91c3,0.04962722287552553,0.7053089099655938,0.137753011593201,0.10731085556567962,1,4
aee6f16805c5,0.8192831769324967,0.051488835249089815,0.10456346766578982,0.02466452015262358,3,4
aef234262d84,0.05950658103568638,0.7375597738094744,0.1506437768215037,0.052289868333335425,1,0
aef7218aa071,0.0792105773633869,0.6790876715158731,0.17361595621268308,0.06808579490805688,1,4
af0e1211b9c6,0.5356512096295492,0.284726766928269,0.11039792068518742,0.06922410275699453,0,0
af0f0c129645,0.6024619853717074,0.17425275648570457,0.1396352565450852,0.08365000159750305,0,4
af481c1cf248,0.09759938698648775,0.6604063541631493,0.17839561099309822,0.0635986478572647,3,4
af571ffc5313,0.7667495528244972,0.06980564507995186,0.12796185566113016,0.035482946434420695,0,4
af7f93704ff3,0.5876821429198011,0.12007062772443008,0.23177292856046336,0.06047430079530507,0,2
af93e125375c,0.6086867901042086,0.1724844882210407,0.17502319277157818,0.04380552890317268,1,1
af986679340b,0.05550304991899853,0.733155061462369,0.1561539026643494,0.05518798595428312,1,4
afbb7840bab0,0.2188200917615973,0.5387778612435046,0.21310484347740366,0.029297203517494645,1,4
afc2b295485b,0.45313561447183526,0.19991472611168506,0.3081918919534981,0.038757767462981665,3,1
afc40988867b,0.19636065707924014,0.5710517360026294,0.176800198608073,0.05578740831005718,3,3
afd34e28aba2,0.659749421255254,0.09997653034404755,0.2059500773802607,0.03432397102043763,0,1
afdda33a1265,0.18556913483342236,0.49880050367750745,0.16660710091403572,0.14902326057503437,2,1
afe34bf97c4a,0.0439269789393263,0.8112020062916528,0.12523786413059174,0.019633150638429,1,4
b00d45ea85f4,0.03910520436590221,0.7943336507131236,0.12372414526938048,0.04283699965159381,1,2
b031bc52f736,0.5794582207562352,0.1666281217127473,0.19110752009691137,0.0628061374341067,0,1
b032c22da2f7,0.5699018635802603,0.13614840165105188,0.2060570369801268,0.08789269778856085,0,2
b04cbb8b7815,0.501535200829584,0.20958563457665227,0.19239141786030395,0.09648774673345976,0,0
b06c31c60c7e,0.6123506048401247,0.10799407983311933,0.16688849000027847,0.11276682532647753,0,1
b07b1a96e24c,0.0637172043970707,0.7304914369281017,0.13542987152739566,0.07036148714743158,1,3
b08ae0efd88e,0.09140287910955239,0.5593105009137057,0.25392631710818175,0.0953603028685603,1,3
b08f573ccdf4,0.1857884476628341,0.5753120397867373,0.16267704228938334,0.07622247026104531,3,3
b09b0258b2ae,0.10392571837338035,0.42093049209656697,0.36770825535218316,0.10743553417786925,1,0
b0b4d4ae4e0a,0.08338842487719188,0.5512132065411678,0.3083396059192736,0.05705876266236684,1,2
b0be172528e7,0.15450964757538407,0.574308645246004,0.18904978138123313,0.08213192579737846,1,3
b0c72167073c,0.7218856599816866,0.09521178871272144,0.1390553404039026,0.04384721090168971,0,3
b0c942f7403e,0.5504387479298607,0.22775337738221849,0.1092419869801725,0.11256588770774875,0,4
b0d86dd860de,0.06287850757616238,0.7973110665341735,0.10273735007752267,0.037073075812140914,1,4
b0e043232ff9,0.027562078902343558,0.782380726166598,0.12035656706790265,0.069700627863156,1,4
b0e4f3d07735,0.47621685441800665,0.25897923743653956,0.18187594701243767,0.08292796113301587,0,0
b0e8205dc1ca,0.05538869876297688,0.7179505003097969,0.15832683605917883,0.06833396486804758,1,0
b0ed9f24e855,0.19899228990600873,0.4448005638405901,0.28268517588868647,0.07352197036471499,0,4
b117715cbf64,0.07601921472445147,0.415112803402157,0.23927610726882362,0.26959187460456774,1,4
b119ef635297,0.3723146625949177,0.32761305585109485,0.23196898605130806,0.06810329550267945,2,2
b121e6f58d1e,0.025918910213950232,0.8314307921179844,0.08637550038976367,0.05627479727830179,1,2
b12798f33ac5,0.04989892738759389,0.6522706368889228,0.15701691141722,0.14081352430626282,1,0
b127e8b39bcc,0.11175109424732943,0.7410448089742994,0.10428750277615537,0.042916594002215924,0,4
b134a98f78d7,0.53499500142578,0.2676535382025819,0.1432514496853002,0.054100010686337824,2,4
b13d71d1edde,0.07474408192808854,0.5847403217678085,0.1810350416540788,0.15948055465002392,2,1
b13f18dfaa08,0.07097034051993174,0.5777318919018296,0.22135232906254243,0.1299454385156966,1,3
b14d98b9ac8a,0.045241560226533466,0.770433628838588,0.12500928146014814,0.05931552947473039,1,4
b1678815a5be,0.3029371114298297,0.36344645083539734,0.24784585870314196,0.08577057903163088,2,1
b167fbe5e1a6,0.07439499230357974,0.48595170936794474,0.3198531820274344,0.11980011630104073,2,4
b172a04e7bd1,0.17968237086372071,0.5744822071980779,0.16982256355216613,0.07601285838603536,0,2
b185438c915c,0.3435323669763001,0.36388452458580417,0.20050579894909856,0.09207730948879761,0,2
b19d188bd240,0.09502892894834829,0.6879341447931827,0.14656339843904348,0.070473527819426,2,2
b1a4fd2a22fd,0.10677001444577726,0.5729142039240653,0.2032835954378594,0.11703218619229805,2,0
b1a9bd35559d,0.7499900810537765,0.07013827445032791,0.12442947851692356,0.05544216597897184,0,1
b1afd60f2d1d,0.34449052802143915,0.42991209277822406,0.15564930832803822,0.06994807087229836,3,4
b1c31c1e103a,0.5825063404882703,0.13894966830928487,0.1824869080725162,0.09605708312992858,1,1
b1ca7dd14da1,0.1664102278184504,0.6239447289651704,0.1640313791112688,0.045613664105110426,1,4
b1dd1ed88f54,0.13413964667658904,0.7012279588860818,0.1372195739027329,0.027412820534596132,2,1
b1dd8130cbf3,0.47114834953831486,0.28988963435389653,0.15357946649984508,0.08538254960794375,2,2
b1e74e9f7555,0.5832094544407523,0.17039171485980054,0.15996562893426414,0.08643320176518295,1,3
b1edc75f25bd,0.43237991359134975,0.2705793480262175,0.1986539733199762,0.09838676506245614,2,2
b1f21c64a26c,0.09699109808053859,0.6882057173235197,0.17452664097899165,0.04027654361695024,1,4
b20646e12fbe,0.016924050663660997,0.8371794463337957,0.11651498320708854,0.02938151979545448,2,2
b206fa11bca7,0.4335474487090748,0.33534353131778666,0.16076231355814594,0.07034670641499258,0,2
b227864cd72e,0.2921717764953072,0.2520520150012879,0.32537091037868826,0.13040529812471663,0,1
b23a892a29d8,0.6917819357522468,0.13239314848668696,0.12960653646924536,0.04621837929182043,0,3
b242d9b6f327,0.043894489015636126,0.7809944828108709,0.12241096448087925,0.052700063692613805,2,3
b2626fe919b8,0.35277617925205584,0.39189977297226575,0.18794316983053394,0.06738087794514441,3,0
b266d836e091,0.09188999948443517,0.6412521511224989,0.1978314294287744,0.0690264199642914,1,2
b27172e0b2f1,0.020769577825671,0.8044902747013306,0.10484664968928259,0.06989349778371585,2,1
b27e356820f7,0.0865200236989438,0.34875604918263775,0.3853034003558834,0.1794205267625351,1,0
b27fe12f2fc0,0.5621220698917114,0.242633688329228,0.13105985085864716,0.06418439092041292,0,1
b28ad4ebc3f5,0.07016554615355457,0.7187607996084572,0.15771076946644053,0.053362884771547776,1,0
b28ce384008f,0.07926335990215365,0.6661341666054579,0.20919705176220318,0.04540542173018521,1,0
b291fa8c6b02,0.09233597811343677,0.684491402197849,0.16415249058034884,0.05902012910836523,2,3
b29bffb0d4a3,0.1877642309766328,0.4012309419602443,0.3096302053135498,0.10137462174957283,3,0
b2ad788bfc3b,0.047193972252210094,0.663896655441736,0.19764819767942532,0.09126117462662879,1,4
b2b9fffd2865,0.22634098776547826,0.477941630644291,0.24447033306915417,0.05124704852107626,1,3
b2bac61abbe2,0.5774662532555178,0.19854701161980548,0.12206058949265122,0.10192614563202537,0,1
b2e1d9261b55,0.5183038611985502,0.19073596476335147,0.20377952927891307,0.08718064475918551,0,1
b2ea554a013a,0.04783651375976071,0.6967098253178847,0.14161170112772037,0.11384195979463427,1,4
b3034a39ab25,0.08073470910182722,0.5984434032638483,0.2141998031326544,0.10662208450166985,1,2
b30c87707a75,0.052322772624170726,0.732373907733276,0.15577358464494986,0.05952973499760383,1,1
b32c3695dd40,0.10906780221232226,0.6066426113079822,0.1817802769750438,0.10250930950465163,3,2
b35b5e223ed1,0.26985729094970146,0.5332282451987165,0.11576700971208742,0.08114745413949477,1,1
b36a47fb5f1f,0.6092538085273607,0.11821498536426171,0.17402053012704266,0.0985106759813346,0,2
b3715ae5290f,0.34313822736770655,0.28619105280001084,0.29502594521015624,0.07564477462212611,0,1
b389d4881747,0.03003792527838423,0.7680763176467748,0.14191594506728872,0.0599698120075522,1,1
b394cd076dc9,0.14460200362883086,0.5151739737679548,0.20997150205211457,0.13025252055109968,1,1
b39b524d798f,0.5384678209133361,0.21335007324575472,0.15403951897089047,0.09414258687001847,0,3
b3c5eea8f3b6,0.05275834118317197,0.7786076511589708,0.11547072998025382,0.05316327767760324,1,3
b3cf474bee3b,0.6251641036543668,0.14891288541318118,0.1538014762639326,0.07212153466851949,0,1
b3d2c3f6ba5c,0.23230640360161559,0.5078020237976152,0.1627346719818808,0.09715690061888861,1,3
b3e4687e4793,0.1157996083776162,0.4251860534623659,0.3186915277055183,0.14032281045449915,3,2
b40c57c36cbf,0.10560506057962898,0.7404190273516457,0.09685673280651821,0.05711917926220713,1,3
b40f174f19a6,0.2070780872866152,0.4984231823238609,0.2390772798426479,0.05542145054687618,2,0
b41f3ff4504e,0.39019705949457817,0.393042923373871,0.16644061143427347,0.050319405697277365,0,3
b437cb4c577e,0.15538317811590652,0.6281233263229569,0.1677372227911974,0.048756272769939143,0,2
b446d79ee8f1,0.04843420712727444,0.7375943178764137,0.13367995408188998,0.0802915209144219,1,2
b447179f34cf,0.812253745322577,0.03980563040001228,0.09142144548957985,0.056519178787831116,2,2
b449b8c43f5c,0.6451035194016191,0.1336795503260538,0.15799196301905616,0.06322496725327072,1,1
b45b05909f01,0.03578705158264118,0.7842706109714614,0.1313722136454517,0.048570123800445675,1,1
b47a01dbca0f,0.1385270572708444,0.543373539163049,0.2744588478302208,0.043640555735885884,3,0
b49952dcdb83,0.6266804505760932,0.16124738593885443,0.12001874518718374,0.09205341829786863,3,2
b4dc310fc95f,0.3181241956598753,0.44506211492631526,0.18684183670017696,0.04997185271363222,0,1
b4dcf0375a27,0.5960515765153113,0.15637153664986816,0.16441815507061483,0.08315873176420577,0,4
b4f16c10bd10,0.09438451040678658,0.599760237245298,0.18874435215092455,0.11711090019699089,1,2
b4ffce3b60b9,0.2298392047391142,0.31807517812767133,0.2035079655583623,0.24857765157485232,2,4
b50ffb872dd3,0.10424605458091511,0.6879598128326256,0.13810351891625092,0.06969061367020833,1,1
b522753ecc9a,0.442653431033096,0.339607225302112,0.141330839452339,0.07640850421245272,3,2
b524c80e729a,0.4519629260061483,0.19095239863579136,0.2193744421233046,0.13771023323475615,0,2
b54b96343f1d,0.047775786143588524,0.7047198454580539,0.15169171202480577,0.09581265637355178,1,1
b54bbad84888,0.34888958464816267,0.3920272536985634,0.15599770364113144,0.10308545801214274,3,0
b5582e7bcb41,0.7428006350982767,0.08212967782740617,0.1270485183467605,0.048021168727556476,0,1
b562944eb64a,0.13844738452324898,0.5593565353946646,0.21373431925989325,0.08846176082219324,1,2
b568a6326154,0.3374843449146785,0.3960024188520505,0.20930763878896977,0.05720559744430128,1,1
b569148041f7,0.371982788386719,0.32106760095066417,0.2003246496502832,0.1066249610123337,0,0
b57abcba61a3,0.2091871580094589,0.48775297549853325,0.2524732592953189,0.05058660719668891,2,4
b58d8a8771c4,0.06014451954753294,0.702643642774682,0.1591461233565988,0.07806571432118596,1,4
b5962d47cea2,0.08049982524193434,0.6758882709225482,0.17233959108864624,0.07127231274687172,1,4
b59f90739827,0.06569485098098189,0.7091487777382108,0.16038577016604877,0.06477060111475864,2,0
b5a166179242,0.07435651639348126,0.6610244366759628,0.16299732307383752,0.10162172385671844,2,2
b5a1a36a6a17,0.3494443531685131,0.24860924326354134,0.2730153425794165,0.1289310609885292,2,2
b5bc8aa87423,0.11891744526448009,0.6703753578645938,0.13544847354327658,0.07525872332764973,1,2
b5c9316de211,0.06142024949643877,0.7487837500554594,0.11502030749437041,0.07477569295373182,1,4
b5ced8a554bc,0.054046782722670085,0.735524112440994,0.14086806233886934,0.06956104249746674,1,0
b5e67f04dd09,0.3704032875407122,0.3917917785396089,0.16278522627168762,0.0750197076479914,0,1
b5e8188b8e79,0.771627197898491,0.07233302723486272,0.10664594070091256,0.049393834165733716,0,2
b611e772ca7e,0.02169991201665604,0.8900023439079462,0.06424881571387485,0.02404892836152297,1,3
b616aba4c37f,0.0748608718921291,0.5843614429720466,0.25466440437788335,0.08611328075794075,1,0
b61bfb1fdb36,0.08157042020479412,0.5614740228570115,0.23320179838001653,0.1237537585581779,1,3
b6219d540374,0.3317958566602742,0.3879454009896327,0.20404420111261518,0.076214541237478,3,1
b6278022ae0b,0.7828752697721669,0.07152705207516458,0.10766556748674457,0.03793211066592443,0,1
b63076e4c6e9,0.3398576645994519,0.3285522282543075,0.17703252547974718,0.15455758166649342,1,0
b64ca770e9de,0.6092000759816482,0.13759819004272708,0.21907005639906676,0.034131677576557745,0,0
b65443c55896,0.6796919509086289,0.1614807282888565,0.11515062060779885,0.0436767001947158,0,4
b65b351871ed,0.1317604324881753,0.5262564791565703,0.22886819019878984,0.11311489815646462,1,3
b665f2996ab9,0.12212640283291218,0.6581772062241031,0.16880081899867755,0.050895571944306904,3,1
b66a03d385b2,0.2298848214944497,0.38667492544864696,0.22203854568133796,0.16140170737556556,3,1
b66ff916214c,0.23902984400781105,0.422737127951679,0.2628553743846427,0.07537765365586716,1,0
b677082ee199,0.1556398282693674,0.4263206628775875,0.2978514399680523,0.12018806888499275,1,4
b69c11090417,0.5867447996213246,0.18675163043932339,0.1470563122226229,0.07944725771672922,2,3
b6a175212044,0.0615186833260605,0.7386495679473912,0.1587227387345234,0.04110900999202459,2,3
b6a1aa419995,0.06160666565715895,0.7830139421973086,0.09712367796569246,0.05825571417983978,1,2
b6ad22a7487e,0.3590982585405635,0.18550970972674033,0.2564070100881603,0.19898502164453583,1,2
b6b4bdf92b3f,0.10887675365890948,0.579665790257278,0.24454802940611015,0.06690942667770224,1,2
b6b6ccce4a2b,0.2831201546389133,0.5178165985238312,0.14293759823755126,0.05612564859970435,0,1
b6d5e818679f,0.7718881731934407,0.07292855148538693,0.11723484843269144,0.037948426888481206,1,0
b6dd2dfbfe52,0.38658958471600563,0.34744104814537213,0.2151287982227756,0.05084056891584655,1,0
b6e467a93579,0.02834859328396533,0.8087162094094068,0.1336957613629734,0.029239435943654624,1,1
b6eab0a3cd1b,0.5359659600057068,0.2691849467934842,0.12954385366606175,0.06530523953474725,3,3
b7065c7e72dd,0.11229647828669655,0.6293326439614947,0.22347011416614626,0.03490076358566244,2,1
b70f41a05b87,0.05648802088257527,0.7579057912911071,0.1345961026249202,0.05101008520139729,0,1
b714907cbdc7,0.4493566672951432,0.12051892175067046,0.3078009680930827,0.12232344286110375,3,4
b7159866a9ad,0.7303350636323767,0.07673117659899045,0.11634448932067538,0.07658927044795744,3,2
b72a1d6732d8,0.1076275952929322,0.6615075674507531,0.14955100360036316,0.08131383365595161,2,3
b7378896c37c,0.05714397568699325,0.5989676296152223,0.23273550002594706,0.1111528946718369,3,2
b73f2014a696,0.08982360155891816,0.5054863137655015,0.2161140713910771,0.1885760132845036,1,1
b744c6f3c22e,0.10617167177670452,0.49819962651527677,0.2646836881194206,0.13094501358859847,1,2
b74b3d2dd83d,0.05683186637847869,0.8390508964337015,0.07757794719297977,0.02653928999484018,3,3
b74f12b5ba5f,0.17686651920311466,0.4088356179669854,0.36665860329978367,0.047639259530116176,2,0
b7543bd8af0c,0.03780575930733642,0.7776943015484105,0.13102423878058564,0.05347570036366733,1,1
b770e72feae8,0.4453227480723557,0.29907826900296597,0.1567573672354565,0.09884161568922195,1,4
b776a1192e48,0.0248268364039037,0.7996050380115578,0.14100951868127312,0.03455860690326518,1,0
b790bca0f34c,0.15250117952874984,0.5703534719537077,0.21634868375088284,0.0607966647666596,3,2
b792f371d0e0,0.28795881319298783,0.49695480692982,0.17949765106511145,0.03558872881208062,2,4
b7a31943f6b6,0.18927834220732997,0.6580622674507042,0.1290394093223496,0.023619981019616192,0,0
b7a4443ddd3e,0.15914534084395415,0.4369068200338165,0.24721693278534826,0.15673090633688105,2,3
b7a8295b6531,0.22391451513055985,0.4678585609993034,0.1920180436259396,0.11620888024419726,1,1
b7ab5977dc47,0.7501533562936604,0.07382188019515569,0.11049537775435271,0.06552938575683125,0,0
b7b44d65e1e0,0.12402578257410625,0.701572722204653,0.11090808186827306,0.06349341335296772,1,3
b7bad61f1aed,0.7082617265198384,0.10009864157563242,0.12856468184617592,0.06307495005835309,0,0
b7bc624cf296,0.44563070547197586,0.2956493900832574,0.21336489879397896,0.04535500565078751,2,0
b7c96dfb1284,0.675682400790276,0.15959927271652177,0.11970831008360945,0.04501001640959266,2,4
b7d22144ac7c,0.08848958558508994,0.6817160780760031,0.1965905637861321,0.033203772552774534,1,2
b80302d5de11,0.5588674962871799,0.14365082875134302,0.24069281573856924,0.05678885922290752,0,2
b807413abe93,0.28136023825435846,0.4864614633927474,0.15107573616658337,0.08110256218631104,0,4
b80f219a0a8b,0.08756201012957981,0.49778547383589417,0.25562721244014464,0.15902530359438138,1,4
b81cbac55d0d,0.03484564913049998,0.7973508641371048,0.12516548558514187,0.04263800114725338,1,3
b82dd18307b0,0.43974227933913895,0.22594523464916086,0.23776255078734726,0.09654993522435289,1,1
b835688d7cc6,0.08619064815876026,0.7493410869527342,0.11075731015850275,0.053710954730002876,2,4
b840c460b426,0.7797434174316717,0.06634373777288109,0.09627842655914784,0.05763441823629944,0,1
b84c4b17a655,0.3976677129449061,0.27514197376234173,0.27190323560211965,0.055287077690632465,3,1
b8544e55f55e,0.0710385067407417,0.7255689255183098,0.15474209414918597,0.04865047359176237,1,4
b85454dbd9b1,0.0881344359354544,0.6565222361101019,0.17291877754789836,0.0824245504065452,2,4
b86b6912b970,0.3431714633256335,0.32730413447230106,0.23922412999056364,0.09030027221150172,1,4
b8727a84ded6,0.23178363429171434,0.4174793794488492,0.20524341945635133,0.1454935668030853,0,2
b878791caa1a,0.28180336106513737,0.47947882801893227,0.17589950228615406,0.06281830862977625,1,4
b87d30f0afbd,0.389693221935307,0.13381493001632852,0.32376179938191874,0.1527300486664456,0,2
b89d2e52d790,0.2935583524531251,0.4163289881657439,0.2055882639670367,0.08452439541409444,0,3
b89d40fe2918,0.43738137902536756,0.32446604193407974,0.19169756269784188,0.046455016342710674,0,2
b8a9bf2fa391,0.42370052626545424,0.31184302114149753,0.17617232545804581,0.08828412713500251,1,1
b8e15549c0f4,0.06108592596909407,0.6059945311933427,0.234287199749173,0.09863234308839017,1,3
b8e8e84eaafa,0.046933491553587565,0.8062157616845721,0.10035528924123151,0.046495457520608595,1,3
b8f4e76bbd2f,0.05630700029533654,0.4987298673796776,0.2621756956572534,0.1827874366677323,1,4
b8fafbc2ad5c,0.06545676161190629,0.6594035306251695,0.16616077885076921,0.10897892891215469,1,0
b92eb37d3456,0.06900001366029056,0.6545291603390087,0.19371446281406765,0.08275636318663308,1,3
b93fcd443349,0.04783822631737371,0.7496825171499734,0.14526179913784057,0.057217457394812356,1,0
b949689a9ef1,0.25778536791882284,0.4812605416841835,0.21545574913045548,0.045498341266538296,2,4
b94e0c41bcee,0.5463177273802577,0.16345656507846112,0.22583716083446048,0.06438854670682066,2,3
b972189fc63f,0.06257437570318636,0.7278564403862967,0.1101466233372361,0.09942256057328054,1,4
b97ba5f9676e,0.6230547214129206,0.1797168162921303,0.13394105802400308,0.06328740427094609,0,2
b9835e921f4a,0.15759852342508127,0.4404340575553391,0.26277361652045383,0.1391938024991256,0,2
b999a7493ffc,0.7130988211202316,0.11484193743426556,0.12434908333402524,0.04771015811147771,0,3
b99ab479998f,0.42394183859888135,0.33866453562869997,0.16005733583866047,0.07733628993375853,1,4
b9a84edbb4d7,0.14031291147891567,0.527816702427791,0.20861909085496194,0.12325129523833152,0,4
b9aa4efa289f,0.036274184859679835,0.7442608425103043,0.16907071077834684,0.0503942618516689,2,2
b9b701be58a3,0.04923735750826229,0.6846687902717019,0.13228243987852206,0.13381141234151375,0,4
b9b8a810f2d0,0.04249475594986963,0.7091700484498025,0.1689512812098037,0.07938391439052388,2,1
b9eeafea5c41,0.10997424707531624,0.6414365473169409,0.10286713806734218,0.14572206754040082,1,0
ba01c7ed330f,0.05658499874009977,0.7295797403866486,0.136470602280092,0.07736465859315939,1,3
ba07cc459be2,0.10174959728038445,0.5766851191433131,0.21462420999359558,0.10694107358270709,1,2
ba0d3ee90ce9,0.06427719887547526,0.6957068859316929,0.1958536242764061,0.0441622909164259,1,2
ba29ba23321b,0.2214798153128238,0.4620311693818001,0.1918949875039505,0.12459402780142534,1,0
ba2b03725d21,0.6384985836278863,0.13394125827572412,0.1327258589643174,0.09483429913207206,0,4
ba359fc9666f,0.06186927436364915,0.5877188329334095,0.22972488935014213,0.1206870033527992,1,0
ba382e0d8931,0.12227808410358161,0.5288272376126253,0.2052160725676834,0.14367860571610966,1,2
ba401a51fdee,0.7385141794318352,0.11380841119711979,0.1062266676858775,0.04145074168516764,0,2
ba463f69de41,0.05702274552525293,0.7524775535789939,0.13525511414089508,0.055244586754857966,1,4
ba482ec6743a,0.07746053054394869,0.6126861106048751,0.27446743594279854,0.0353859229083777,1,0
ba4f73c2aff2,0.05946345206060192,0.6684661473783854,0.1718486466514184,0.10022175390959441,2,3
ba50bfcf4757,0.4532197066066637,0.2313778535470612,0.20786826016720766,0.10753417967906702,3,3
ba54f0062738,0.1558083427013346,0.6710093965795632,0.14803583467973436,0.025146426039367592,1,1
ba72d9d6b562,0.7127825138685903,0.1105500859373871,0.12948714269489953,0.04718025749912302,0,4
ba7e0977f38b,0.7318750419698676,0.10128707100219862,0.11305634202796867,0.05378154499996523,0,3
ba7e67ba6f98,0.04547237600632079,0.7041617507228058,0.18967606811811463,0.0606898051527585,1,4
ba8f9647f1ca,0.2531087971981876,0.49087164587286775,0.18867500264461434,0.0673445542843303,1,1
bab9f823eb40,0.22414118553648107,0.4268795812737203,0.24654231435145435,0.1024369188383444,3,0
babc74e64174,0.7535499983966191,0.08459523830114361,0.10848642711235264,0.053368336189884555,0,4
babd2d68bb87,0.08332786070320078,0.5900436776797556,0.2072996772024823,0.11932878441456148,3,2
badb8a6379ac,0.03572203528153411,0.6390244668089972,0.18364223236149313,0.14161126554797568,1,2
bae29add20cf,0.4137961065928893,0.3019620401653984,0.19970684591461596,0.08453500732709644,1,0
bae502afd0c2,0.39147768350819356,0.40287090889401994,0.15417634776636854,0.05147505983141739,0,3
bae643d12bd6,0.101372355153573,0.6995132408619172,0.11730715894099547,0.08180724504351462,1,0
baf7f4d4a312,0.28764052590101896,0.3954605462550391,0.21856442010610513,0.09833450773783695,1,0
bafb7e87a1b9,0.20841339718851,0.5646224208767451,0.17475627698930787,0.05220790494543727,0,3
bb251f790a9d,0.0891006983592624,0.6711597279253343,0.16568416528703847,0.07405540842836465,1,3
bb268ee80de6,0.5576176765127355,0.21926109563346877,0.13938772838058605,0.08373349947321004,0,1
bb316c570dea,0.18789605694002343,0.491424506742717,0.22228591235417172,0.0983935239630882,1,0
bb4e52abc3e7,0.052596214091124596,0.7183641359053516,0.1584110884437663,0.07062856155975758,1,1
bb5d71cc0b7c,0.5700578562674493,0.19333322500073122,0.1819238411946758,0.05468507753714365,0,1
bb676fbfcf2f,0.12520981282567845,0.7027545982733612,0.14534485070463446,0.026690738196326395,1,1
bb74de6c12d6,0.5908780789926367,0.2135564487884049,0.11380202766986372,0.08176344454909479,2,3
bb765720c618,0.03360823249553501,0.7859738341021008,0.1245754952424582,0.05584243815990639,1,4
bb8a2eded898,0.2859871497142608,0.3457980485798446,0.24372934014305944,0.12448546156283516,3,1
bb8d7ff318fd,0.4644295927630702,0.29453519043508425,0.16326563228543386,0.07776958451641172,0,3
bb8f28b5c369,0.651241397108723,0.15525635840422525,0.13476193977152257,0.05874030471552929,0,3
bba84cc338c3,0.1148795999592684,0.5937408823930006,0.18739832086585476,0.10398119678187613,2,2
bbc14136a5cf,0.03847421477317897,0.7492401300808789,0.15687078623988296,0.05541486890605914,1,3
bbca377a9bed,0.6949191299908523,0.10804137815537151,0.1489351905521996,0.04810430130157672,0,3
bbd9439c6bac,0.17678319542178622,0.37410037683743586,0.2861952696592881,0.1629211580814901,1,0
bbe2678852f9,0.3216718446713426,0.411356293497856,0.20248431899079655,0.06448754284000473,1,2
bbebf4a7d2df,0.8720348539021784,0.02202160395239534,0.06372621521034577,0.0422173269350804,0,0
bbecf7f6c880,0.11963846476753111,0.6323542586955877,0.19206395558303593,0.055943320953845486,1,1
bbfcab526b80,0.3245137592511554,0.32514435069459485,0.20935019920054437,0.1409916908537056,2,2
bc086ebcfdd4,0.4653203748038125,0.2838550724040905,0.14943529329451666,0.10138925949758047,1,1
bc1596dfd0ec,0.17195190495301935,0.6268210171321733,0.15083420804315928,0.05039286987164822,1,4
bc18de2898c2,0.707236211881708,0.09182973507227007,0.12346961024378147,0.07746444280223988,0,0
bc27460a2859,0.5475660282956297,0.2624491541995049,0.11474139398754753,0.07524342351731757,0,3
bc2b65a2e0e0,0.38287549285669076,0.4281503675912467,0.14711053586632752,0.04186360368573479,1,4
bc3e009078ca,0.09336546609942985,0.5391790114670624,0.2571524622221754,0.11030306021133246,1,3
bc4f1a8bd241,0.48362325797882627,0.23736158302174631,0.2162812634510395,0.06273389554838768,0,3
bc5d38c88259,0.018439476852262805,0.8968267146417239,0.055273522264612046,0.029460286241401408,1,0
bc641c321681,0.14429284205573623,0.6958147037776596,0.12831476384448887,0.03157769032211537,1,3
bc78728ff8a2,0.0747774043824104,0.5787108639225459,0.23566865273488058,0.11084307896016318,1,1
bc7b9c7f6db0,0.204441912298843,0.4729363143685682,0.21602226170750663,0.10659951162508213,2,1
bc84d476388e,0.4721244574093256,0.1629139600569302,0.19721932979807447,0.1677422527356697,0,4
bcc7cc108014,0.059654448582422394,0.6109692676139306,0.23718167597413145,0.09219460782951548,2,1
bcd4b22a208f,0.6889819804298963,0.09734407469328982,0.15371232962069328,0.05996161525612061,0,1
bcdfafac68b7,0.49685889925856086,0.24143700747456753,0.19959395144564995,0.062110141821221716,3,1
bce35dd6fafd,0.06528385095842332,0.6475576651471551,0.16794518875719866,0.1192132951372229,0,2
bcee64e12aa2,0.07309054953874677,0.5681251747075713,0.23887149556101242,0.11991278019266921,1,1
bcfb73eb7ad5,0.06881654596304407,0.6379682987251191,0.18975683429817064,0.10345832101366627,1,2
bcfeb0f76b80,0.06894537317286525,0.6913859434580505,0.16279454722056763,0.07687413614851625,0,1
bd0695952ade,0.5779541412334499,0.24539611840801676,0.13973532962987076,0.03691441072866284,2,3
bd0783c01abc,0.058386241725071286,0.7082569406244499,0.20676158647962695,0.02659523117085178,1,2
bd07eaf2191a,0.308970710928681,0.33088427102109974,0.2628953015762606,0.09724971647395869,1,1
bd1003a23104,0.7780443438066263,0.05042897269673963,0.12041314458973057,0.051113538906903073,2,0
bd65f1e9450d,0.19321071905413761,0.5500569142981905,0.19443557088203733,0.06229679576563446,1,0
bd7354e80f27,0.09999246450254404,0.5266870174691972,0.236528753988842,0.13679176403941692,0,1
bd9c555b3306,0.24871383546670423,0.45996853720993497,0.1919906921547233,0.09932693516863768,0,1
bda053990c9b,0.453791551144345,0.19721537148399,0.24283601870546564,0.10615705866619954,1,1
bda0602c708b,0.38276165756975,0.3788303559844024,0.1784516738230508,0.05995631262279678,3,3
bdaa322433dc,0.014058108369017741,0.8755906213866348,0.06815380247946923,0.042197467764878184,1,4
bdb9c7c83922,0.3854318183880345,0.21767239560249674,0.3077082362489201,0.08918754976054813,3,0
bdc6b580adb7,0.7901939702200849,0.06597617743039215,0.10741147428798116,0.03641837806154185,3,0
bdd6949b330c,0.4171325154600824,0.2554398452289214,0.1911715124212539,0.13625612688974223,1,1
bdd87dcce3de,0.2597470285980673,0.22820180373972832,0.3230003282765214,0.18905083938568304,0,4
bddc88dfb40f,0.38400861174963,0.3093480638708206,0.20318335165150392,0.10345997272804557,0,3
bde318b15e1e,0.08029305632294602,0.6503276590172379,0.2179066428188675,0.051472641840948546,1,2
be0ebd3113b1,0.14620106524667126,0.573229285276179,0.23043367874323892,0.050135970733911094,0,2
be10f1ab3655,0.23544262900523452,0.32826822238954995,0.32460159484601725,0.11168755375919817,1,3
be16979f2071,0.46398934166600414,0.22529177877293893,0.20183898341519896,0.10887989614585802,3,0
be1a7ddcc19d,0.06690572668142646,0.8100445442850711,0.08528567272817679,0.03776405630532595,1,0
be27e91fa4a7,0.1178334560202908,0.5236914908326417,0.20029409167705736,0.1581809614700102,2,2
be27ee4c4df3,0.5981153169552879,0.2309737402534449,0.10606339625212637,0.06484754653914106,2,0
be3713bb7bdf,0.17320870179938155,0.4783375807281207,0.22959427264115598,0.11885944483134167,1,3
be64cd408bf7,0.0392242287789258,0.7499404590711484,0.13711047027896336,0.07372484187096241,1,1
be71112b8c0e,0.23527177555667575,0.3978609144060178,0.29984560477632455,0.067021705260982,2,0
be71d3607cf2,0.3088653076995246,0.3599049776811918,0.21072533659111825,0.12050437802816512,2,2
be7bfd0b2237,0.07273656077389037,0.5248038401558707,0.2916138782993973,0.11084572077084145,1,4
be7ff7307411,0.10623573915080019,0.7116295300372621,0.14848530012261843,0.0336494306893188,1,3
be8295a3e3f1,0.6032802501792834,0.09384814232082796,0.24362761036232325,0.05924399713756514,1,4
be86e0fdf9f3,0.02035223970884919,0.8822700493582197,0.0662592674415579,0.031118443491373247,1,3
be8966fdac91,0.24603771410137226,0.49206486969667107,0.1739462917054286,0.08795112449652824,0,1
be920463ac73,0.09296287866587699,0.7470409004595929,0.11859035867928566,0.041405862195244544,1,0
beb058ee419b,0.6113286202529981,0.17336532501488078,0.1600255962936908,0.0552804584384302,0,0
beb148677aba,0.04595730317790271,0.7341528084927562,0.12078654515924646,0.09910334317009417,1,1
beb39eada193,0.6897811310007705,0.11591929721758311,0.14767302708070457,0.04662654470094197,0,3
bebaafc7bfbe,0.0600152731609499,0.6567378001390034,0.1239865482625115,0.15926037843753507,2,1
bec6fb240456,0.11749652188676625,0.45498649096308663,0.24297180279392092,0.18454518435622608,1,4
bedd74e98d2e,0.7927401026189234,0.0737675190449948,0.08805317655181184,0.045439201784269925,0,0
beeb9195fe52,0.06678471294839836,0.6403278192391003,0.1941654891711424,0.09872197864135877,1,1
bef9268e8897,0.176913415680165,0.48015756920598845,0.256019123274485,0.08690989183936154,1,1
befd9a5119eb,0.05011873779458012,0.7092439678696266,0.14419416730093912,0.09644312703485397,1,4
bf0f4d0e3474,0.04790749072214549,0.7994491863470894,0.10520027591093312,0.047443047019832055,1,3
bf1a41bf2a35,0.24037884788632718,0.4343927966962735,0.20385236573899715,0.12137598967840253,1,1
bf21ae96901c,0.1539415264460716,0.6244391601653936,0.16047304472212168,0.06114626866641316,2,4
bf35d36cf961,0.19689864577324,0.44090899932374794,0.251929804967822,0.11026254993518998,3,2
bf3653da2444,0.27268329417250425,0.4603246132895941,0.13381368193233803,0.1331784106055639,1,2
bf3ba5075cab,0.032106851928694266,0.661460502795463,0.1653854334431371,0.14104721183270558,1,4
bf443fd8264c,0.19571571748887914,0.4350775296782486,0.23923109269481124,0.129975660138061,2,0
bf503a60ff23,0.4500319379288676,0.3114600248041265,0.15470876927932437,0.08379926798768161,0,2
bf529579241b,0.5935589222731535,0.22102571659629006,0.125027321316555,0.060388039814001315,0,2
bf6bb812ec63,0.7287341525310961,0.08162124557889316,0.12226474593672758,0.06737985595328327,0,3
bf6f81be0705,0.1422007249143847,0.5681825389257693,0.21933019158437936,0.07028654457546657,0,3
bf6f84cba47f,0.14586623538947008,0.5416344581820418,0.22485935109604274,0.0876399553324457,2,4
bf718904b796,0.07644692430399394,0.6648348030788164,0.2053226727306389,0.05339559988655077,1,2
bf88ddc2621c,0.08237149447674248,0.6936167432878944,0.16916535768050917,0.054846404554854254,1,3
bf89768fd788,0.15971650206516952,0.5016743960852014,0.25792724980776793,0.08068185204186103,1,4
bf912917376f,0.21899771245382907,0.5506643762886485,0.16806536641797928,0.06227254483954345,1,4
bf9f49c46709,0.3227261565204649,0.43855807317748313,0.13566478264762927,0.10305098765442289,1,2
bfb004fb2bb7,0.3231402800451774,0.48019717586817084,0.1441281356862782,0.05253440840037346,0,1
bfd9d34295ba,0.5305702447584395,0.17182699935901855,0.21893861532285372,0.07866414055968826,0,2
bfea52f3ba2e,0.1253931745757889,0.5643689356647201,0.16540414332012018,0.14483374643937102,1,4
bff5c52b5fdc,0.4319303274184919,0.3066240764147887,0.18958007002930555,0.07186552613741388,0,3
c0101bf708f1,0.07470957128205259,0.5018562934841816,0.26431563075677783,0.15911850447698805,3,3
c010f88a494b,0.30969870629432816,0.37775423099695044,0.17745490308905448,0.13509215961966664,0,3
c01889462e54,0.3670634711887906,0.44322478092440254,0.14182441361117698,0.04788733427562972,3,3
c01c4998eddd,0.519444915414587,0.1751131345812876,0.2642679906704033,0.04117395933372207,0,0
c0319257bdb1,0.07395273353085965,0.6764385610105466,0.14804568822184577,0.10156301723674806,1,2
c0527255e849,0.03921786863300548,0.6653636320737224,0.15835283266833625,0.1370656666249359,1,3
c05506118d89,0.14040286572485322,0.6960556804880693,0.11751598988842848,0.046025463898648845,2,3
c065c89e797e,0.6221431422217577,0.09715553655158633,0.22793948969792777,0.05276183152872807,0,0
c08ddce7c535,0.08657412022131006,0.690968159914419,0.15198302827511373,0.07047469158915741,1,3
c08deac36ae6,0.437823601470014,0.2985357786478246,0.20773766095869284,0.05590295892346849,3,4
c08f28069408,0.03706364959609054,0.7403505661954594,0.18188968546304715,0.040696098745402885,1,0
c0a5c404506f,0.04220069176559438,0.7163809795060586,0.19506255912890874,0.0463557695994381,1,2
c0b31c4ca617,0.27708060723010197,0.19214608510655146,0.4228964789974913,0.10787682866585514,2,4
c0b825a70867,0.454050866193059,0.266734418422304,0.19999813698658553,0.0792165783980513,2,3
c0be57645ef7,0.04552445151543601,0.7444525618076626,0.1199140450667601,0.0901089416101414,1,1
c0d6283aba70,0.242996336689318,0.49303539156935505,0.14161568473740896,0.12235258700391823,2,3
c0e02c0cd817,0.4964141281420618,0.10998232404051488,0.2612071471154593,0.1323964007019638,0,4
c11804d10775,0.15357635307709092,0.5912023488149537,0.19148583285691156,0.06373546525104384,1,4
c13f13201af8,0.7061785097612377,0.09479233635359902,0.14733140615822668,0.05169774772693635,2,0
c140fcf4dbce,0.8148352348224156,0.03151740273686675,0.07555562506769697,0.07809173737302089,0,0
c158be090c57,0.07684909997492714,0.6637440064644978,0.13293991703883212,0.12646697652174296,1,4
c15c667317d8,0.17758217443745117,0.3773723102153949,0.25622292204975067,0.18882259329740336,0,2
c15db163ce39,0.014391100237987698,0.8379184819174803,0.11956299055960969,0.028127427284922454,1,4
c18d22653598,0.1883732124951525,0.5687067835206637,0.18167258352920163,0.06124742045498216,1,4
c194eef4058d,0.3726774804141599,0.33127655751537854,0.1772547297135763,0.11879123235688534,2,4
c1a4593e3210,0.5853838633216094,0.1723145658504875,0.1489856200330945,0.09331595079480832,0,1
c1b4cc5a3d82,0.19360647681707285,0.619116980656458,0.12294554272614223,0.06433099980032718,2,2
c1ba276f8ca1,0.6164604155367986,0.14048255171700444,0.17319656068051553,0.06986047206568119,0,3
c1ba4d912111,0.4746002213503732,0.3355715711500039,0.14239917431877025,0.04742903318085236,1,4
c1d61c52bdfd,0.09609507289457295,0.5706164354581194,0.2767545512002759,0.0565339404470322,2,1
c1d724ba4d21,0.624988710803103,0.11313667676296962,0.16565181461634085,0.0962227978175866,2,0
c1da0e5b5e7f,0.12713364733592125,0.6799214916085056,0.15606868130497134,0.03687617975060172,1,3
c1ecb74c1260,0.11582171637249315,0.6920875691829699,0.1495419715409559,0.042548742903581224,1,2
c1f2fb51a794,0.06767037358668619,0.6324339251526638,0.22518012616263935,0.07471557509801062,1,1
c2168febb64d,0.25862379691308096,0.35479839097728705,0.2472249631305501,0.13935284897908193,0,1
c21b75627e3b,0.559877868866895,0.21029678728792087,0.13217029605960884,0.09765504778557534,2,3
c22387a717a0,0.08849822621030073,0.5896972692603037,0.26429183730941913,0.05751266721997616,2,0
c229eccad476,0.1954694815944915,0.4306182264384747,0.2478086671935011,0.12610362477353287,1,0
c22d3ee72d3f,0.06765772167556526,0.7261712483838098,0.17441299663073204,0.03175803330989339,2,2
c23033b658e0,0.20334181613474658,0.5906997135985546,0.15282121074214666,0.05313725952455239,1,3
c2317b1e87a8,0.6486802450090025,0.14154106270460515,0.16294740112075723,0.04683129116563528,1,0
c2349438eb7d,0.14147786212801783,0.47256419396352567,0.23227299755857428,0.15368494634988228,2,1
c23f590fff4f,0.07772004389755696,0.6490180304222526,0.20527554009218787,0.06798638558800237,1,0
c24d4d4534d4,0.8005410764339334,0.06470907707974452,0.10270920853255572,0.0320406379537663,0,1
c24d9ce8858f,0.6351333542616638,0.16304414451644292,0.121091055806685,0.08073144541520803,1,4
c25107e62d1e,0.01833941798283284,0.8685018325039017,0.07326248567435813,0.03989626383890733,1,1
c251f8956347,0.12318535668157497,0.580105430534339,0.23886047519692574,0.057848737587160005,1,2
c256d52076a4,0.10665210983490081,0.5291658197847122,0.21737780723543718,0.14680426314494982,1,4
c25d9133b16e,0.039541209201220506,0.7327004007891024,0.18017598474497337,0.047582405264703864,1,0
c26bc0272129,0.3259422224351016,0.34798158249363326,0.21903794442845168,0.10703825064281351,0,1
c27577f295b8,0.8584978677296824,0.04163817361843294,0.06926704894894034,0.030596909702944375,2,4
c27f7fb9e1db,0.4410480229384596,0.3578265245090218,0.12483933630761249,0.07628611624490617,0,2
c29970048923,0.19262382423540117,0.5047368898244289,0.22328626154522543,0.0793530243949451,1,0
c2adb9afbb5f,0.14727212384164048,0.32024713512954445,0.34535360353879524,0.18712713749001955,0,1
c2c53475d6c8,0.13315399932835725,0.619389018958565,0.17793219638116953,0.06952478533190834,2,4
c2d117c7b9fc,0.12000949310974843,0.6285219530431906,0.1540336946574902,0.09743485918957079,1,4
c2f87da261ed,0.06966797908972351,0.5810029577341346,0.2610216832172593,0.08830737995888259,1,0
c3009b38115d,0.09831278040421676,0.5916162949692537,0.181139404321803,0.12893152030472668,1,1
c3107aac6a7d,0.09208797096442652,0.5151657452961499,0.28070626033838675,0.1120400234010369,1,3
c3200a1427a8,0.12304624775082192,0.5609625203614328,0.20259746134615933,0.11339377054158602,2,3
c32b58cf3fcf,0.46930261256126105,0.32340315931806884,0.16474717908771738,0.04254704903295267,1,3
c33551d1160d,0.10049965300804854,0.32167296499123604,0.3545012656102654,0.22332611639045002,2,0
c336b6ddd31e,0.5948671072690052,0.1844118487769503,0.17313463635431348,0.04758640759973101,1,3
c346c7718800,0.06832026614765085,0.7412204669228223,0.11275508365955626,0.07770418326997093,3,3
c34c3d0cb965,0.05648261485246463,0.7129870284681469,0.16730713465371544,0.06322322202567279,1,1
c35596515b04,0.2019096372758525,0.6113827573996546,0.12997649549079848,0.0567311098336942,0,3
c36730438f84,0.7151870162309562,0.10785880653926791,0.11472781604042835,0.06222636118934745,0,1
c36802596bf8,0.18006400227930278,0.5341159371700529,0.2016206960635695,0.08419936448707482,2,2
c36cde17cd04,0.06270720524902106,0.5606792737985474,0.28211469703972275,0.09449882391270872,0,1
c3835f6d361a,0.04490641451975357,0.6458015818939254,0.1625151570357985,0.14677684655052256,2,4
c38afaf25923,0.3179757788657191,0.259718279805207,0.3061722878830713,0.1161336534460028,0,0
c39d68397d84,0.18970285297072695,0.5759492123585528,0.17437091312159225,0.05997702154912759,1,1
c3a48893191e,0.5801841779120637,0.2251143704700166,0.1494669439477882,0.045234507670131596,0,0
c3b236f3b68d,0.6425897955319945,0.1405404481453486,0.14216084774048254,0.07470890858217463,0,4
c3b54c0f1f3a,0.16757439702436225,0.6298610745740497,0.12302642634617529,0.07953810205541226,1,2
c3c51d97acf5,0.19854120273911882,0.4798640945893454,0.25146905999806596,0.07012564267346974,1,3
c3c8292e31e4,0.7742299811224781,0.08017564419440273,0.09573833173597857,0.04985604294714061,0,3
c3cd6826fd20,0.19811630244449055,0.40621923283876515,0.2755863896070661,0.12007807510967836,2,4
c3d5876a73a1,0.16813593555896156,0.43337816303498644,0.25129521725574067,0.1471906841503111,2,2
c3da9334b162,0.13344099222728603,0.5759893406273995,0.2040463210576022,0.08652334608771238,3,1
c3f453d9e744,0.05512013430537029,0.6687729548727614,0.163394218486959,0.11271269233490913,1,0
c410870ee506,0.42250991003661537,0.21786544694642992,0.3160021135120748,0.04362252950488034,0,4
c41c937123f7,0.07563612785037163,0.6301780611000122,0.20519203730575503,0.08899377374386101,1,2
c4201775db63,0.19329852863786842,0.3482962405597797,0.30929392418763335,0.14911130661471822,0,0
c4272626019e,0.20502245051560958,0.4552244621382606,0.23554242513740023,0.10421066220872958,0,4
c42bf9c1becb,0.5443211857376861,0.16783725772047772,0.17504391711629785,0.11279763942553829,0,4
c4328d32e545,0.06841357593925425,0.7495489463393066,0.14814700364935743,0.033890474072081664,1,2
c445c6365449,0.6914519990090107,0.10363828676329366,0.15434666126510846,0.05056305296258711,2,3
c45d664b2d3b,0.08257927713762388,0.6053793815414965,0.16808143726561886,0.14395990405526102,2,0
c471f279da8d,0.19160479189872046,0.4323939642380836,0.23246569588439123,0.14353554797880477,0,3
c4749d8f848a,0.07630797377406692,0.5927150512223445,0.21277326028921567,0.11820371471437296,2,2
c474e013e0af,0.10775803566953779,0.6516797014318929,0.15725464401342787,0.08330761888514158,1,3
c4870e289de7,0.08651148150031064,0.49634473042673183,0.23498273680359658,0.18216105126936097,1,0
c48aac4f37c3,0.5134389066229437,0.24604963820400688,0.19256190742948667,0.04794954774356243,1,3
c4a1e07b68b8,0.6086035151155258,0.17253023031105436,0.16116614739998072,0.05770010717343929,0,4
c4ac6f824edf,0.5504985996277433,0.08473077118515773,0.18581229177294162,0.17895833741415712,3,1
c4b86ed06eba,0.13781605857014295,0.46046430446362124,0.24345337094233216,0.1582662660239037,1,4
c4bc22f2003f,0.4734448431658511,0.30064187092964423,0.18063968453564289,0.045273601368861785,0,3
c4c9da010bb7,0.17195156004218376,0.4700719395433438,0.28245360364826305,0.07552289676620924,0,0
c4dceddea945,0.2182750530504792,0.5032040396434048,0.23060255700530707,0.047918350300809036,2,2
c4de7c5901ce,0.6221086499112619,0.18189899893627284,0.16179098297435138,0.034201368178113735,0,3
c4ded198c3f1,0.0640283800823001,0.6264297247917275,0.21431105954221685,0.0952308355837558,1,3
c4fab7c2a354,0.39592865590013715,0.33551246424987746,0.20515769223620825,0.06340118761377701,2,4
c50020785833,0.6892161244161166,0.08108688310715208,0.17795795574524614,0.05173903673148494,0,0
c50278df84d0,0.10187712124025154,0.5783720091647013,0.2298158047922439,0.0899350648028033,0,3
c508e7ff4063,0.1083652037121557,0.5396382708991491,0.2334690498305604,0.11852747555813474,2,3
c50ade6786c1,0.14854575761864558,0.5458591853565782,0.20439470946848434,0.10120034755629219,1,4
c51701835609,0.22225419517328818,0.593505272181309,0.12093829368396722,0.06330223896143532,2,3
c52f27b9bff5,0.39982228817951115,0.2635085961996486,0.18766046195610375,0.1490086536647364,3,1
c539ad81cc2b,0.16051783404051032,0.4382273145983861,0.3291926490546678,0.07206220230643606,1,0
c544a46adac8,0.03182064937139119,0.7914524017937214,0.10085019028555735,0.07587675854933007,1,1
c553748e7049,0.12648028521661392,0.5015498177260475,0.3040352305446133,0.06793466651272557,2,2
c55dcf172e5b,0.091693564931932,0.630697000085797,0.2124649735419605,0.06514446144031047,1,4
c5634cea013f,0.12476320661983896,0.5308257337391252,0.22186967197962593,0.12254138766140978,1,3
c56bbac149cc,0.05887235925528893,0.8079267994403527,0.10862402788543436,0.024576813418924436,1,4
c57c345cc6a1,0.40915073085354536,0.3480734376973995,0.1573086702888195,0.08546716116023573,2,1
c58d3494fd01,0.0557695435926276,0.7112079201053706,0.17331995105287337,0.05970258524912858,1,2
c58f890db01a,0.6228535862932142,0.201143589571675,0.11728629091157071,0.058716533223540174,0,4
c5a5dd5ecc62,0.5457989745151923,0.15692968973181043,0.14706823481541306,0.15020310093758432,0,2
c5ae5513399f,0.3183676501644304,0.422860806433776,0.16734937018631116,0.09142217321548239,1,0
c5af2a9953f1,0.2949563055276964,0.4578743390559475,0.14338467231063584,0.10378468310572021,1,1
c5bed0d55643,0.06916157143125791,0.7058600650629554,0.12545932412525354,0.0995190393805331,1,3
c5c7c1b15da4,0.10514670802614026,0.5934887565345224,0.20789774768220648,0.0934667877571308,1,1
c5f847a87bd2,0.6198289437576117,0.16049703031274098,0.15796049002330628,0.06171353590634091,0,3
c612fea06981,0.11232766860980282,0.6384204119729401,0.1562511057425795,0.09300081367467758,2,3
c61ce24f4011,0.07247600896641493,0.7207330650524464,0.13954508142045155,0.06724584456068726,1,1
c631e5f031a9,0.0677067959839996,0.6592301087481369,0.16423828476629915,0.10882481050156449,1,0
c63c77cebf53,0.3417401928694584,0.2985959091920847,0.29474973464142196,0.06491416329703519,1,1
c640c29623c8,0.6676946770349907,0.15726176804301825,0.12762959664755447,0.04741395827443665,2,0
c640e58f2c3e,0.11242384445505298,0.5580560284346625,0.262634157574072,0.06688596953621286,0,4
c64a6fceed0e,0.0719242318588394,0.7800418455739215,0.11383936960748746,0.034194552959751934,1,1
c6583ca18178,0.6305488352848917,0.1769245663464313,0.12834443140956073,0.06418216695911623,1,3
c65ed6750934,0.037139253630129834,0.7545950052279894,0.13357766474920368,0.07468807639267713,1,3
c6621edbc480,0.13763786085763002,0.5564460796912597,0.19226350771392955,0.11365255173718067,1,4
c662e2746cbf,0.0972465659346917,0.7368711981769948,0.10732911151946976,0.058553124368843364,1,1
c671c042f2c2,0.09171980020055023,0.695774998913245,0.1428227544487518,0.0696824464374528,1,2
c67a9e39ade5,0.6033334607862698,0.14873989787978717,0.14034473814953968,0.1075819031844035,1,3
c69bf860eb88,0.4162558363558707,0.37674731352515356,0.14892694050362462,0.058069909615351085,0,0
c6a376032cfd,0.5516854906970539,0.13916894902724367,0.21474487874395076,0.09440068153175192,2,0
c6a5e29975eb,0.16491864849659235,0.682879082893036,0.1266378112572489,0.02556445735312292,1,4
c6ab9c7ba459,0.17988583999097535,0.4354384453228459,0.2780483589603025,0.10662735572587664,3,4
c6b1e11a8f4e,0.0421972960195234,0.6824144374973918,0.16571065821634132,0.1096776082667435,1,0
c6c5e04f3a24,0.3809231583435276,0.18037194989606106,0.2796834626963411,0.1590214290640706,3,2
c6d8c8e90ab4,0.04373322433648074,0.5887513689882662,0.22884423795980244,0.13867116871545057,1,2
c6db7683f622,0.4987999682468871,0.2096325521879057,0.22779885570029132,0.06376862386491604,2,2
c6deeff2bd56,0.42805229619178664,0.26749629241088263,0.2593645138087043,0.04508689758862651,2,0
c6e15cb1f2a8,0.028185023475915102,0.7203122773634594,0.1478019801272932,0.10370071903333258,1,4
c6e1b0f07d2b,0.05570828933112332,0.7281446808658378,0.15205374592931223,0.06409328387372666,1,0
c6e9ee8fbf4e,0.18307665530218017,0.6249203246081416,0.1511260508249176,0.04087696926476005,2,3
c6ed4ed3f93c,0.2628333401626592,0.2972504565060539,0.21924617624988801,0.22067002708139893,3,4
c6f036281ae4,0.658700001508327,0.15496493500543332,0.14672471099281,0.039610352493429306,1,0
c6f8052c3084,0.2566785914722586,0.4363357621284211,0.2328517900295577,0.07413385636976264,2,4
c6fd58768e03,0.7830360094690342,0.043270547363099154,0.11744487764223534,0.056248565525631136,2,0
c70369caef91,0.04758926794285005,0.7998307011081363,0.1069889678416825,0.04559106310733097,2,1
c712a4ef7476,0.08053781813679252,0.6890308483984029,0.16106796241968083,0.06936337104512348,2,1
c71c8eb2df69,0.1297589000939061,0.5732319038826793,0.18079521813108163,0.11621397789233323,1,1
c7291b008baf,0.07729611363177326,0.747857839486347,0.142185781421363,0.03266026546051648,2,0
c732dd163d0d,0.6547322424599096,0.1006663850117577,0.12479824045572063,0.11980313207261203,1,1
c7426be07170,0.024596334685244293,0.62165311898957,0.22727475625057889,0.12647579007460694,1,4
c74b100b835f,0.5552960770293613,0.23025984552566037,0.15254326905331542,0.06190080839166277,0,4
c74f9b3910a5,0.30148472374311436,0.4470080400344303,0.17335146829104117,0.07815576793141427,0,4
c75957219940,0.05523919753672259,0.6991372540435334,0.19858332083951483,0.047040227580229306,1,4
c76676090cdc,0.1615426747399943,0.5374797498542433,0.23121399756681071,0.06976357783895154,1,4
c766fc255651,0.1521850502210588,0.3383730432895401,0.34959904452477436,0.15984286196462674,2,2
c76b8d3f1402,0.35779203742516763,0.21376077542090507,0.2708809450470267,0.15756624210690076,0,3
c77364a32ea4,0.3544667986880553,0.3305215137356527,0.21336422452666853,0.10164746304962338,0,2
c77ad8c72093,0.01678022943332522,0.8684718220365804,0.07984382695763101,0.03490412157246361,1,3
c79e944eb6ae,0.13907303583652944,0.5524748205156063,0.1884849406892199,0.1199672029586442,2,3
c7be24e7b7c0,0.09054544782422429,0.4375155482234108,0.3047740628860904,0.16716494106627436,3,2
c7c00de9cb9f,0.43938649886558223,0.32370045754846216,0.1862081217109557,0.050704921874999836,3,0
c7c53a0fcccc,0.17285800180019972,0.4946385930035594,0.2151054168950372,0.11739798830120396,1,3
c7cb4bb07b69,0.7533315626390658,0.13073269021431144,0.08672665656540275,0.029209090581220298,0,2
c7d21e91ecb8,0.2968931939561179,0.31430420130474795,0.31953680638295784,0.06926579835617588,0,0
c7d9660daaa5,0.0993755067257341,0.5373934845988633,0.2548609242879577,0.10837008438744478,0,1
c7da9786faff,0.15112616111949026,0.5274704652835268,0.23952091907069115,0.08188245452629143,1,1
c7f9cb4677dd,0.696806268678282,0.13345416434099702,0.11009545392864828,0.05964411305207268,0,1
c7ff315a07d2,0.34517129330002905,0.3024140347738836,0.2678219247268747,0.08459274719921253,2,4
c804cb63b917,0.06666500102894495,0.7822650184361162,0.10473337934894242,0.046336601185996536,1,0
c805bfb98923,0.18503210381225638,0.4944490864163869,0.20704035868852114,0.11347845108283548,1,2
c806bfda328f,0.1357828000271582,0.17911799921426497,0.40443035369096014,0.2806688470676168,0,1
c806e55aadeb,0.14293886083105073,0.5698858897897825,0.14625416284629497,0.1409210865328717,0,1
c8113e6ba961,0.7751024353362654,0.04373130144924024,0.1267650360527819,0.05440122716171262,1,1
c85b74b2f14d,0.26143122546610675,0.41736153131914,0.24037524723282525,0.08083199598192815,2,3
c87797d3e4a4,0.7780275948265931,0.08285498642293049,0.104577517444797,0.034539901305679035,0,3
c8787f51904f,0.10700893337746598,0.5605752371836499,0.21741417047176886,0.11500165896711528,1,4
c878e9f77705,0.050833806853736535,0.675256347110618,0.17641077013565265,0.09749907589999321,0,3
c87a812df3e3,0.6770275975599234,0.12707521613575232,0.15312575995053654,0.04277142635378791,0,0
c87fc2d62863,0.149911008862116,0.5375187134239922,0.2170271592665827,0.09554311844730931,0,0
c889f01b32c4,0.10448730591774283,0.6821617411116139,0.17199036251230007,0.041360590458343165,2,1
c8939c198758,0.2609623917269785,0.4855733231991778,0.19567337072142513,0.057790914352418433,0,4
c8970add821a,0.056749279724551634,0.8158666726285664,0.07341511856852007,0.05396892907836164,1,1
c8a262f4d593,0.42583885598131543,0.33401403556831316,0.1945277529483182,0.04561935550205331,3,3
c8b578ee523f,0.31553289085859837,0.4170934199132846,0.19806516822056397,0.0693085210075533,2,4
c8d0b3531ba0,0.05557320894356092,0.551190141863695,0.29479005116478674,0.09844659802795741,3,1
c8ec0362eb1d,0.05615179190878099,0.7589497002205505,0.11838146264299026,0.06651704522767815,1,1
c8ece2a8d2b4,0.7303020335029295,0.09994527606880246,0.10974285190746035,0.060009838520807976,0,0
c8fba581da8b,0.5225991002448677,0.2503507050420465,0.11338731822047994,0.11366287649260591,2,2
c9171bcfd1f9,0.6976692557517286,0.0917499459282513,0.17234248823019985,0.03823831008981998,0,1
c925ca312688,0.13025689420130718,0.6560665856402951,0.15504247098049323,0.05863404917790436,0,3
c92965e46fe3,0.4680388804789455,0.1622279751603147,0.23755504523851625,0.13217809912222367,2,3
c9377445d2c5,0.05634477842800174,0.647884626200791,0.23773223705296598,0.05803835831824136,3,4
c942b7beb3c8,0.1307209165139123,0.47652224254876513,0.21111156135059542,0.18164527958672722,3,4
c963416e4f73,0.7697148353530944,0.054834314160521425,0.14082369123552468,0.03462715925085981,0,4
c9a187b33acc,0.0552478901402401,0.6362211182425542,0.20152528761134203,0.10700570400586348,1,0
c9b48db00217,0.3507144889134472,0.3206026011106349,0.2427500882383451,0.08593282173757255,1,3
c9bf4ff8d7e8,0.7216764817862822,0.0684765069194417,0.1315431235701093,0.07830388772416678,1,2
c9cbca627e30,0.04532425734564767,0.7874783088174966,0.1069118329933439,0.060285600843512026,1,1
c9dfce6a3b7f,0.08550467640836938,0.7021110835391803,0.14041588172776168,0.0719683583246886,1,3
c9e4975d5ae8,0.06106250665081493,0.77676185772428,0.10962720448538893,0.0525484311395166,2,3
c9fb827e89a4,0.1614151929663642,0.5726818765540592,0.19450165848465076,0.07140127199492585,3,4
c9ffe6312921,0.37104570634018136,0.2970897440218155,0.20897057136749178,0.12289397827051128,1,1
ca0faad019c5,0.044577712906487515,0.629706681477628,0.2091031973358958,0.11661240827998862,1,0
ca12997e60a4,0.3129574503487653,0.3903446509594823,0.2201144938269706,0.07658340486478192,1,0
ca1c191b5af2,0.021589206827791998,0.8172123313930758,0.09401014133638683,0.06718832044274536,3,1
ca306996a98d,0.1274968568874258,0.4598595786113874,0.3034037994626674,0.10923976503851958,1,3
ca37589b5766,0.3090130438571646,0.366584672637143,0.26455573500357604,0.05984654850211627,0,0
ca436c68f046,0.07539487991141,0.7981447089985675,0.08019551226225807,0.04626489882776425,1,3
ca4ae1f8356a,0.0863109962619003,0.6737813951162497,0.18396449818541583,0.055943110436434046,2,4
ca4bd49ea348,0.05062714495882199,0.710497819094135,0.16206840969568687,0.07680662625135626,2,0
ca54d15e5311,0.6157572905392744,0.11090792097519152,0.22568307786507374,0.04765171062046053,1,1
caa1a1861fab,0.5918742739772204,0.16712426476342385,0.16319270095870972,0.07780876030064615,2,1
caae1729c701,0.5090133930292939,0.22732327901017962,0.1730255665764906,0.09063776138403569,2,3
cab686c551eb,0.7115475173817193,0.12057817730417719,0.11599450507414562,0.051879800239957655,0,3
cac4d4c92312,0.30309416950586715,0.39172244311020554,0.1974123823767564,0.1077710050071708,2,4
cac903938518,0.027790676866796343,0.8322240724224462,0.09084836850353196,0.049136882207225306,1,4
cacc8f5f2c2e,0.11109359028987921,0.6011763872042315,0.14846781902939868,0.13926220347649096,2,2
cad19e55e9f8,0.10689446981611647,0.6114590358422887,0.2281836592068816,0.053462835134713234,1,0
cb04434a6c7e,0.26558809649153853,0.4310278579440275,0.22127643507182468,0.08210761049260948,1,2
cb0d6854e691,0.07438066927400268,0.5942011572365156,0.2184096788254927,0.11300849466398924,1,4
cb2949b1aa32,0.05763044373971618,0.6376868307491886,0.251688104996048,0.052994620515047275,1,0
cb4d8159a8bf,0.11583107711459395,0.5020946358751485,0.2744124612627084,0.10766182574754923,3,0
cb542a3e1086,0.13063407416964634,0.5716260645519882,0.21288143664826448,0.08485842463010111,1,2
cb6673ee6433,0.5846845727421544,0.17041539336442624,0.14031169725273845,0.10458833664068112,2,4
cb8d01dc0d0b,0.035070394283556953,0.805652414194128,0.11734562585479952,0.041931565667515394,1,2
cb9e68a7ddc6,0.23411299418555395,0.45998433636801117,0.1756590609934568,0.13024360845297792,0,3
cba7dd0a06d2,0.2765408193024022,0.5217771945699723,0.17163116873753206,0.03005081739009298,3,4
cbaee64f9d29,0.6879561462180173,0.12449899739828724,0.1426903195236492,0.04485453686004622,1,3
cbb7b764ca87,0.7532987880286075,0.09564029642717718,0.10354310400596728,0.047517811538248106,0,3
cbbc6e5e7141,0.5774355848724821,0.16947844858801617,0.20973085576807202,0.04335511077142981,0,4
cbc5b788ab7d,0.3831568430465675,0.3986142612310236,0.13130035288703326,0.08692854283537593,2,2
cbcc9c2bfaa3,0.12323003691372766,0.6887284074861846,0.14430666888002167,0.04373488672006645,1,1
cbe28b52b282,0.022425698336551066,0.7189561645515102,0.16361697473721182,0.09500116237472682,2,2
cbe5d39a75bd,0.14431332259212587,0.5703396065207698,0.22565633868952045,0.05969073219758399,3,3
cbf3b338fae0,0.12377553980343226,0.6055940658610849,0.17829345181532943,0.09233694252015341,2,2
cc127cda72f8,0.37386085769413013,0.4120534311517143,0.14854096426594593,0.06554474688820956,2,4
cc214df24ffd,0.1143742897840898,0.56000228933204,0.2053764622139943,0.12024695866987596,2,3
cc4e5235357b,0.10178922607002024,0.38078911160861867,0.33677143362385176,0.1806502286975095,1,3
cc4f74e87040,0.2565453975513322,0.4210902142573609,0.24347679518199872,0.07888759300930821,1,1
cc5dac252ddf,0.020319614261089743,0.8442812113591497,0.09894374442448826,0.036455429955272685,1,2
cc5ff5b6356f,0.051955901151050594,0.7377384104793718,0.14879199429444098,0.0615136940751369,1,1
cc7cafd867f1,0.029487857366569642,0.8317192459969879,0.1022216441099649,0.036571252526477645,1,0
cc7fff1668bc,0.11527081360700307,0.5588784177641309,0.18515276029194602,0.1406980083369198,1,1
ccb2bb7d0986,0.02634680949064721,0.8285848276671469,0.09963443144030741,0.045433931401898636,3,3
ccb8df9dddce,0.13551703964799697,0.5518133562060973,0.21156278062883363,0.10110682351707195,1,0
ccd2dee9eaf9,0.21658446237611753,0.39710536992898154,0.2709038961735237,0.11540627152137714,2,4
cceb9796da02,0.7542877024008147,0.08976097443476223,0.11731016937688776,0.03864115378753546,0,1
ccf4402a880e,0.6690913418293923,0.1328448710453572,0.12308645931099245,0.07497732781425812,2,4
cd009edaae20,0.43266832943899985,0.292671716929012,0.1766888213869353,0.09797113224505274,2,3
cd082bbb2799,0.09515402751926204,0.7361448844941555,0.11636725469059508,0.052333833295987724,0,4
cd22baf7bb69,0.596297258234626,0.1020141682075415,0.18845365004722692,0.1132349235106057,0,1
cd26a806db43,0.3949507693208315,0.3381771579080232,0.1837125416106789,0.08315953116046632,2,0
cd3829a517ea,0.4647014751231133,0.2924214854485535,0.17534253390033303,0.06753450552800051,0,4
cd3f1572832b,0.06462117382692588,0.6192173521021194,0.19050728147557425,0.12565419259538071,1,2
cd430a024263,0.07784910668031673,0.6608721151855477,0.17136649310758095,0.08991228502655449,1,4
cd4526f0c63a,0.07943461075851445,0.7282335235882683,0.15052598662726951,0.04180587902594781,1,3
cd50cfa54f6d,0.6517804076771947,0.1536360173457317,0.14600892195733894,0.04857465301973504,0,2
cd5dd5e6f3f5,0.28994177285709255,0.31352227147821254,0.3296351147926488,0.0669008408720461,0,0
cd6d6e960d3d,0.10592147268384307,0.71859484210092,0.10146490415687635,0.0740187810583606,1,4
cd7b8745e046,0.32655384023168527,0.35567908419140704,0.2347058789839477,0.08306119659296006,0,1
cd8dc0c789ae,0.03565490759791393,0.7800001579456277,0.12719783367728116,0.05714710077917713,1,2
cd97a120b1e0,0.1310698966849147,0.4248212305147122,0.3017998528230246,0.14230901997734832,1,4
cd9eb8ab35bb,0.8020969007045711,0.07687979457695485,0.08893974480227058,0.03208355991620371,0,0
cda63d7fef2c,0.28882471582101543,0.35884677691993144,0.2422153178554164,0.11011318940363674,1,1
cdbd8e529c4f,0.1852778017917286,0.3919703184290743,0.24689104976258086,0.17586083001661626,3,1
cdbe08f51795,0.07065441885258779,0.6471867333431228,0.21837408193887972,0.06378476586540936,2,1
cdd15519ddb1,0.052695689135218576,0.7691653659004366,0.11308769279112613,0.06505125217321858,1,4
cdd75add0930,0.09695595045353506,0.6068510674068193,0.184661514331089,0.11153146780855663,2,3
cdda51ee9f0f,0.0705956576329746,0.6514163067147849,0.20486967743290194,0.0731183582193387,1,2
cde0ab9526da,0.5170904429567209,0.16665143926222006,0.2133860545167733,0.10287206326428569,1,2
cdea7e206121,0.33024506584854824,0.2302968959604134,0.2892881845198543,0.1501698536711841,0,0
ce193df4c0fa,0.1797448755507519,0.5950094226744367,0.14104376493734083,0.08420193683747035,1,1
ce1bc101c635,0.1717397738924669,0.6482670648119614,0.13688282794226542,0.0431103333533061,1,3
ce20472bb087,0.4192481671632977,0.3879063469959134,0.14294403489040564,0.04990145095038329,1,4
ce2cb41ebc7c,0.3157286889125575,0.35777221778008506,0.2324590773302775,0.09404001597707994,2,4
ce55217f14e9,0.5487544156593014,0.20305056913547223,0.18459703617918413,0.06359797902604215,2,3
ce5c24b1bb3a,0.24182735539164693,0.5206255104464083,0.17028327943208096,0.06726385472986422,1,3
ce61060be9c9,0.03867346237983499,0.775726549330151,0.14315179973111217,0.04244818855890164,1,0
ce63acbfe9b9,0.37165670053932476,0.2850005401326945,0.29912426589179714,0.04421849343618314,1,4
ce65f4a0c584,0.19860441230027354,0.4619351837069382,0.2296202701814703,0.10984013381131773,0,4
ce67c56d3bf0,0.07495003421550728,0.5961151732742314,0.25142549473659465,0.07750929777366662,1,4
ce7450de80f5,0.4444640181867728,0.31100670048757223,0.18280383302787112,0.061725448297783904,0,3
ce9c6941be72,0.0536375384553426,0.5840144316767117,0.26197814518714,0.10036988468080621,1,4
ce9fab84f90b,0.4742947000731505,0.34599027403629107,0.13275563387713973,0.04695939201341866,2,4
ceb994683b51,0.18303294655136057,0.6131177798592449,0.12910353106033462,0.07474574252905952,2,0
cec0cef8568d,0.7487959469045978,0.086484675487257,0.11303353774981693,0.05168583985832798,0,4
cec6e9fb134a,0.13597879603064164,0.5792473046035451,0.20662030420877056,0.07815359515704275,2,2
cf002a39bb2d,0.06261275932558973,0.6224309305408858,0.17457813292630187,0.14037817720722248,1,3
cf03351eb58e,0.04014439878848917,0.8037701594433107,0.12538844945304284,0.030696992315157476,1,2
cf14bc7095a1,0.18616892577720412,0.36653699857679484,0.3064458280946756,0.1408482475513255,1,3
cf1a94eeef5d,0.04869232647272623,0.5701542113938498,0.20019015460859363,0.18096330752483028,1,0
cf201551aaec,0.6142996408473722,0.15650043710623016,0.16517454774406085,0.06402537430233679,0,0
cf2bccfe763c,0.7609728228815725,0.08001312549504172,0.1169814599441559,0.04203259167922937,0,4
cf6018adf8b8,0.32534212594831674,0.32261099339517385,0.21222998927056907,0.1398168913859402,2,3
cf62b87ad83f,0.33424472153780327,0.35017500621047914,0.2098771574581744,0.10570311479354298,2,1
cf6b1f181849,0.013876068645402247,0.8915917710690459,0.06523626770173203,0.029295892583819916,1,2
cf70a03d178c,0.17107970778697532,0.48098121519814774,0.24617809930585377,0.10176097770902338,3,0
cf7676dce2ad,0.18671462161327526,0.5652785120129872,0.16451690933308888,0.08348995704064854,1,2
cf7ca67c9c68,0.13550996614290797,0.5991424414799962,0.1834300890153223,0.08191750336177342,1,1
cfa126dc4fe9,0.025766357510032593,0.8074087406206911,0.11331167568725066,0.05351322618202541,1,4
cfba05e7880c,0.04547184446150561,0.6274205379606893,0.2346593268978233,0.09244829067998207,0,4
cfc48a3e03b9,0.12958160053430606,0.6144210934655306,0.18362998607541742,0.07236731992474602,1,1
cfccf6cf66a1,0.51099206967795,0.2853877258207685,0.12278262219835291,0.08083758230292887,1,1
cff920a92b58,0.19177155160389836,0.45678757090157285,0.24999253018687465,0.10144834730765405,0,1
d00803e34bd5,0.1837530996622545,0.5122952245043573,0.19191451927231917,0.11203715656106909,1,3
d00ba06748c5,0.4157719669171911,0.23373351663474884,0.231738532759684,0.11875598368837675,2,1
d00f5621947f,0.11646267295701321,0.567709146960608,0.2667772800212792,0.0490509000610994,3,4
d02dc4dbc13a,0.05162076970990825,0.7252870753442723,0.16590357695904498,0.05718857798677467,1,3
d02f7a78a972,0.09856160682303453,0.6734114715389229,0.15690078889327366,0.07112613274476874,1,3
d030fc74ae1a,0.19016900180025853,0.3297793857653109,0.29080777061195995,0.18924384182247067,3,4
d036460bb847,0.05918188215723822,0.4341150888190232,0.25596663424095,0.2507363947827885,3,4
d03988d6ee6a,0.3585162420784668,0.16141234418609482,0.3640742967998163,0.1159971169356221,0,2
d0696b014aca,0.5656477099114555,0.18893857370739647,0.16302816994297267,0.08238554643817546,0,1
d07ea6d8fcd8,0.5549351714336602,0.1826569164964312,0.13563962856641698,0.12676828350349123,0,2
d07f235fa353,0.12002713796481786,0.6802468634262148,0.13997835374362622,0.05974764486534116,2,0
d0906bce2ac6,0.23022277426949622,0.3354660811417605,0.2724553881106016,0.1618557564781415,1,4
d0bdcd1a721d,0.1423864379037727,0.6541219270085782,0.1562932295538794,0.047198405533769805,2,1
d0e43623f62e,0.07876815123189024,0.7345045760884673,0.136882656216465,0.04984461646317747,1,2
d0e855bbced0,0.027745514849132926,0.825799475893317,0.1175985457466991,0.02885646351085091,1,3
d0fb37d9aeb8,0.11794984045155431,0.6323713617588862,0.1744002893411901,0.07527850844836921,1,0
d0fdb5a98cb9,0.08999246263646184,0.6482441244481606,0.199955118893165,0.06180829402221258,0,3
d0ffd118611e,0.7793272623133376,0.0609048102472755,0.10518706996901714,0.05458085747036967,0,4
d0ffd8ac78ea,0.18926253728708867,0.48773174440990213,0.23122892825481922,0.09177679004818987,1,2
d104cfbe1544,0.03606035500993572,0.7217082325463682,0.15994088430122555,0.08229052814247052,1,0
d120a0459e17,0.08256172616939282,0.7077505904290018,0.160286682537435,0.049401000864170215,1,2
d129ac8188d6,0.6048853634433983,0.13609772217205793,0.20108101162461103,0.05793590275993253,0,1
d12e087e9621,0.7042415713468732,0.08028334621842445,0.09297810179616442,0.12249698063853774,0,0
d14a2b12e580,0.6375084923849328,0.15629682924578078,0.14274552395652285,0.06344915441276341,0,3
d16a188feaf1,0.17729442468787,0.5657358246426,0.16672313207037506,0.0902466185991551,1,1
d172b5d65314,0.6246985631971234,0.17271614344364272,0.15200937040307674,0.05057592295615714,0,4
d17a6c6eccdb,0.014388946318932512,0.8235435546142542,0.09374071623680287,0.06832678283001024,1,0
d18ee0cc36c9,0.39515475317528126,0.3797290550035283,0.17970086336025134,0.045415328460939,0,2
d191addc1610,0.18918028923603195,0.459486913639333,0.2199539316633119,0.13137886546132307,2,1
d195eac8f7c5,0.39829068838063786,0.19954443598729435,0.2315730148604897,0.17059186077157804,0,2
d19d0011c3cd,0.7349036008471656,0.08729480252393575,0.1098908322798131,0.06791076434908552,0,0
d1b3ad13fb12,0.6642022303559704,0.12467779895917622,0.16232798191525027,0.04879198876960305,3,3
d1b3fa229418,0.2876232028937022,0.4827783730550497,0.18935212012647265,0.04024630392477551,1,1
d1b8da8b457b,0.25130864927203483,0.48400422591167974,0.2038543974500974,0.06083272736618788,3,2
d1d5510f37cd,0.24642937252191555,0.3920308484991167,0.26112981097639826,0.10040996800256942,2,2
d1df45f6463e,0.6393145068655427,0.135024474589288,0.1681628601654262,0.05749815837974321,0,1
d1e8cfaae748,0.05613957863196723,0.7149713380573092,0.1514321363383537,0.0774569469723699,1,2
d1e9e0136254,0.6957727146927581,0.13755919874968067,0.1113355417314475,0.05533254482611382,0,3
d1f080b7cba8,0.08537555472677795,0.7068031033380113,0.1599688904931422,0.04785245144206853,1,1
d220d8aa68c4,0.050649937941872954,0.7023999759933932,0.15466646206650692,0.09228362399822661,1,4
d22cb5396003,0.8226288819752084,0.08486065041211194,0.07114617406260473,0.021364293550074843,0,0
d2381fceb7ba,0.1050921399055637,0.6196687655083128,0.15999150245819235,0.11524759212793097,1,2
d25eb664a30b,0.15599748031602784,0.6189589001962127,0.1697723257404308,0.05527129374732867,3,4
d261ac4d6627,0.37285194292981405,0.21875531739800907,0.2618417072476536,0.14655103242452341,2,4
d27919d385f8,0.1341224779889816,0.5955189262372321,0.20430263287378173,0.06605596290000484,1,2
d290c990efc9,0.7246716365951303,0.0625878186466152,0.13844198675482544,0.07429855800342898,0,2
d29dcb216021,0.7494492582282296,0.08793922584743635,0.10650084831039247,0.05611066761394153,0,3
d2be5fe90e29,0.7975560868436624,0.06574105714318643,0.09410525334512296,0.04259760266802797,0,3
d2c013dd8ce4,0.042271894616523566,0.805050548327445,0.1096400551707354,0.04303750188529621,1,4
d2c1d0cb3f1b,0.16241104921128227,0.47579601188789084,0.23547245533322234,0.12632048356760434,2,4
d2cc49d90758,0.20454493495555842,0.3860843313667364,0.24531221214198692,0.1640585215357181,2,2
d2cf237688a4,0.4932638956102421,0.16761881285262348,0.290898208420568,0.04821908311656658,0,0
d2d3cdb4272e,0.15077329562723094,0.5242555196628165,0.22852538212766152,0.09644580258229107,0,3
d2ddeca64f16,0.05914936852488434,0.6870211416368357,0.13571163736643446,0.11811785247184567,1,3
d2f74c94238a,0.08077160247483398,0.667190986120234,0.15964657398948545,0.0923908374154466,1,4
d30474806223,0.2013650509856369,0.45525940420667205,0.22924153484387483,0.11413400996381615,2,0
d3253e0cdc4b,0.21078741623888453,0.3560869377268477,0.28660131051553767,0.14652433551873004,2,4
d32d755c49d7,0.2192214241952897,0.2993852531245264,0.3357475594605938,0.1456457632195902,1,0
d34ad0ebb757,0.2699533181943534,0.4438687659420446,0.23492811589658458,0.051249799967017416,1,3
d3539d3b0022,0.47825353113245866,0.24313471540437637,0.23242356125802402,0.04618819220514089,0,1
d35441c203d8,0.49949023725587444,0.20351394601796688,0.21839756739794228,0.0785982493282162,1,2
d35ec785b6d9,0.7130395987817069,0.09498638368805049,0.14527600354097905,0.046698013989263945,0,0
d3746284b4db,0.38435742628066566,0.31966048427166416,0.2088761200026955,0.0871059694449745,2,1
d3751dde942a,0.0978333742013017,0.6490155482411673,0.16577037131294972,0.0873807062445812,1,2
d380c0640d52,0.11447136954605358,0.6488389464983065,0.1690904498118226,0.06759923414381726,2,1
d390bbdb6eae,0.09374892869182541,0.7006958826883923,0.17577290879017793,0.02978227982960427,1,4
d393eb921fce,0.6285432451072714,0.12395087740708059,0.15243498484199638,0.09507089264365136,0,0
d3b32d6522e6,0.03328140645652775,0.813528660419459,0.07389577750536208,0.07929415561865147,1,4
d3c58aec7ef5,0.6354811371961807,0.09588626048533684,0.14960466147371995,0.11902794084476245,0,1
d3cf46c2aa95,0.8248327365874953,0.06111227086970386,0.07538585097714551,0.03866914156565512,0,1
d3d092d9884a,0.042678210254996476,0.7330232965202563,0.16872867311312886,0.05556982011161825,1,4
d3da34d7982c,0.07772405804656247,0.6565069252184259,0.20713219328929905,0.05863682344571237,1,2
d3e83031ebea,0.22299935210684416,0.47239700399030143,0.241200556671912,0.0634030872309425,1,2
d40a26be9a1f,0.10565261834376573,0.6009776552617448,0.19044190418207618,0.10292782221241364,1,4
d40b3798bbaf,0.07405739459086094,0.7560901972640369,0.1341112889086847,0.03574111923641765,1,2
d41577cf0009,0.6422649285329468,0.09012466405415484,0.19673977715232313,0.07087063026057529,0,2
d419cd169212,0.05202293527688554,0.6301351457634835,0.20915160605078556,0.10869031290884557,0,3
d41cace53f70,0.7088809797582373,0.0840375048585459,0.16246674697107238,0.044614768412144776,0,3
d422862db292,0.8172142424733383,0.04549952152166338,0.08926399226286225,0.048022243742136254,2,3
d42be282a595,0.39458188698342656,0.334555195664426,0.21483813218096512,0.0560247851711823,0,0
d4335c32ac91,0.15611629988881137,0.5453509322844876,0.14059273556321022,0.15794003226349068,1,4
d435148e61a4,0.0233683220686023,0.825676753855747,0.11029494607578255,0.04065997799986827,1,3
d45764216b95,0.35654129035229093,0.30269230156826615,0.22984588723442667,0.11092052084501602,3,0
d45793c3466b,0.03656671007640716,0.7664704566799425,0.16466736585882466,0.03229546738482558,1,0
d46dc030a427,0.22166484179314985,0.5373065956697014,0.180445213236219,0.06058334930092968,0,3
d4891fb41daf,0.1624794273821001,0.4188309704137636,0.2942037709760868,0.1244858312280496,1,0
d493a19fdc27,0.14013666556768456,0.6782956351526984,0.13685837845547266,0.04470932082414439,1,4
d4a13c7d0be6,0.6508041718447286,0.1555350142073026,0.13152097710815494,0.06213983683981374,2,2
d4ab797396b4,0.8010327707193173,0.10025427324920673,0.06916035518021808,0.029552600851257924,0,2
d4ba14d5248e,0.09717788862543314,0.4271790919633728,0.2822995178375283,0.19334350157366573,2,2
d4d230450196,0.6577658585712518,0.14005257646792554,0.1193516555337614,0.0828299094270612,0,2
d4d4ad4ecf8a,0.03593100003578372,0.714282688520402,0.15111387801235907,0.098672433431455,1,2
d4fd13f5456d,0.11246386474871232,0.47187272847919465,0.3209489638838414,0.0947144428882514,2,0
d4fe511721c0,0.03236420199127732,0.8426310057137044,0.08744554655322596,0.037559245741792514,1,3
d50c91728f09,0.5077032117611542,0.2445351308356128,0.17949271365318573,0.06826894375004745,0,2
d51b5cef170b,0.042063495778877864,0.7420154763172189,0.12241758599239894,0.0935034419115042,1,0
d522ef41a34e,0.1286091017540979,0.4501559104704142,0.33150810618474186,0.08972688159074604,1,2
d52a34a2589e,0.09011515498708471,0.6604677135688981,0.16461577319207046,0.08480135825194672,1,1
d52f1544921e,0.0744647797518349,0.7243073089402999,0.12729732685874423,0.07393058444912118,1,0
d53147ecb090,0.6717838888555826,0.13875074843183027,0.13308156459550044,0.056383798117086284,0,2
d55d019b0687,0.07895969890077428,0.6051857194346386,0.2237633675581854,0.0920912141064015,1,3
d569759613ad,0.035291228743333826,0.7572215421905607,0.1618776893819971,0.045609539684108524,1,4
d57d1c13a875,0.24729942625787393,0.5218780361114541,0.15470230283219974,0.07612023479847221,0,2
d5b987cc8efd,0.7426801079639613,0.10325326903426081,0.1092000911323424,0.04486653186943557,0,4
d5c12a5ebb06,0.11047882656577347,0.6784509016004577,0.14812663262679832,0.06294363920697023,1,1
d5c20d6a24bc,0.11448361319114758,0.626686061004629,0.17461254257251527,0.08421778323170792,1,1
d5dd9cdb375a,0.18757015205816943,0.45893189685417946,0.22574296100121435,0.1277549900864368,0,2
d5e940685d00,0.4206403035461063,0.2607320841819037,0.22061750632330562,0.09801010594868423,2,2
d5f194b6bff4,0.06866174683942662,0.49923243971728476,0.18887552580487385,0.24323028763841462,2,1
d601d93c351c,0.40617936972173496,0.3567256371080939,0.1834212283629639,0.05367376480720747,1,0
d602b556cb9d,0.21364892061000684,0.516538606829744,0.19286105539959,0.07695141716065965,1,4
d603bdeca20e,0.778528137918975,0.07127203061838401,0.1136398014509042,0.03656003001173688,0,0
d604aae86dd4,0.7439819047900724,0.09407923203624956,0.1307342459544705,0.031204617219207434,2,3
d61e065cdab0,0.6635050613911734,0.13384359884250344,0.14967639258622972,0.05297494718009358,0,1
d6338ff2cfd8,0.1513258139854534,0.590571886239041,0.15563245802515852,0.10246984175034698,2,1
d64f793908fa,0.18154372741026994,0.38767355238821255,0.33813210284055145,0.0926506173609662,2,2
d65c634447c4,0.05974963062940735,0.7243933233736244,0.15090280459657465,0.06495424140039362,1,4
d662a384288c,0.6376842963671613,0.1282356339826119,0.1629335629756847,0.0711465066745421,2,3
d668a99691f6,0.5641110406797405,0.17609049548636724,0.1640712655794154,0.09572719825447652,0,1
d66df386831f,0.19355563987922292,0.5547742296698231,0.167384178285742,0.0842859521652116,1,1
d670149083bf,0.04335345351349795,0.754129357467041,0.16665820025248873,0.03585898876697214,0,1
d68217d20b03,0.04321850561558198,0.6924368838106262,0.2250047461776663,0.03933986439612537,1,1
d6a591a5b3fc,0.10368236809920438,0.7067928110631387,0.13094141114880586,0.058583409688850764,2,2
d6ce804409dd,0.044784174872234676,0.7309427776043306,0.1340344986703278,0.09023854885310695,3,2
d6d45608c97a,0.058959871540404905,0.6043182780324163,0.2886104290160548,0.048111421411123595,1,4
d6fe234594ab,0.647853168205014,0.14435529924332874,0.13967410358918803,0.06811742896246921,0,3
d70a1e0863fc,0.2593362691753819,0.3648383922372567,0.2962755543065191,0.07954978428084243,1,4
d715b966355d,0.3238095193895037,0.4182687589252595,0.1742896801238869,0.08363204156134961,0,3
d745f58d5aff,0.07412733505561045,0.7524868733299898,0.12441945030619266,0.04896634130820752,1,2
d74b6ea0d497,0.5676543343677664,0.1478054010834282,0.20050777909840073,0.08403248545040484,1,0
d74c849b795b,0.2924782065221352,0.34121721552651463,0.31627666441841884,0.05002791353293115,2,0
d74dcd7ef5ff,0.06911182377538608,0.6856516103238008,0.1877888948425237,0.0574476710582895,2,4
d7561eaf0b7d,0.6407112278336455,0.11159068551324931,0.19310463684820703,0.054593449804898726,0,1
d757af907e33,0.378620920801975,0.3569373594314995,0.16380441019571454,0.10063730957081089,1,2
d7775f0cace2,0.04071453453617321,0.5720345026124111,0.3304891518960908,0.05676181095532519,1,4
d7942d6c2d17,0.4573909956969645,0.29734459239458527,0.15686117215035633,0.0884032397580942,2,2
d79d38bcd191,0.15416683127234976,0.44428550621434754,0.2549305271518799,0.14661713536142315,1,1
d7ab3582e476,0.06512323190715633,0.6857754823007371,0.16364591444945104,0.08545537134265582,2,2
d7c0a0524f8f,0.5516519438839261,0.1559145260367482,0.16771822477270898,0.12471530530661692,1,0
d7c21278a0ae,0.055851315551236895,0.6807094830058906,0.1459754605637459,0.11746374087912635,2,1
d7c37316355d,0.12191886262147303,0.43490419886607,0.3479292162699068,0.0952477222425502,0,0
d7c6e17080cf,0.017288692261424085,0.8096387344519937,0.13051860568164303,0.04255396760493919,1,0
d7cbe5e26ec0,0.38484958240538253,0.3005989118584354,0.21811933443011577,0.0964321713060662,0,0
d7cd1349ab41,0.6549545699853851,0.14375795882150672,0.1263834778821217,0.07490399331098661,1,3
d7dcd6e0f47a,0.022578465436102434,0.8020314825987294,0.14656220629885996,0.02882784566630788,3,0
d7ef8f508b5a,0.18864906343258944,0.5539929909414021,0.160892123765892,0.09646582186011636,1,2
d7f739cf4bb1,0.15662420848550943,0.6508107697524145,0.11378761689429143,0.07877740486778431,1,0
d7f85b6dc2ea,0.053802291069354434,0.6155359804712077,0.26892999080901225,0.06173173765042514,1,1
d7faada10efb,0.20738083748260375,0.5020548071296713,0.24496615728345658,0.04559819810426828,2,0
d809db32456b,0.29426303054757613,0.535428378046185,0.10458116675121075,0.06572742465502848,0,3
d81666456423,0.1238519718866355,0.5040101455927787,0.2874585493944493,0.08467933312613625,3,0
d82241b7d468,0.15880051057621553,0.6121077638962952,0.15726535848876474,0.07182636703872483,1,4
d82f8ac5c3aa,0.20177006631358846,0.44259985741463576,0.24061383532602135,0.11501624094575427,1,3
d83df000b7a6,0.5753963423946943,0.18186229508236515,0.14151372119211292,0.10122764133082773,1,2
d8476a95f6c5,0.09769979611885479,0.6725274000255262,0.1766875171365897,0.05308528671902959,0,1
d86be7c7defa,0.296303469644324,0.3419569225587392,0.22545538232692489,0.13628422547001173,3,1
d89e6a53c322,0.17139299311936584,0.5001961688317513,0.23625809131898476,0.09215274672989814,2,3
d8a361473402,0.21286545370690152,0.48370205128069094,0.19087911189845366,0.11255338311395394,2,4
d8a982947210,0.3436803659718289,0.2930805734697747,0.24452087012240323,0.11871819043599345,0,0
d8b2815cc382,0.5473884216601459,0.19655137821772922,0.14021687620710335,0.11584332391502153,3,1
d8ba78ed0420,0.09811453245101964,0.7272071100468854,0.1341121514921035,0.040566206009991564,1,1
d8c69cd001b1,0.01990981133449364,0.861599232889082,0.07908918351627404,0.03940177226015027,1,4
d8d5a42411d1,0.09410950286494445,0.569795985206292,0.25071400436090363,0.08538050756786006,1,3
d8e18f22e6a6,0.13409934808934829,0.6669950903055292,0.15524583947099974,0.04365972213412293,1,3
d8e2fa906f30,0.11515716031154449,0.309829739606873,0.31717229655603013,0.25784080352555283,2,2
d8f2c08dd86a,0.6953945940623876,0.07979097577667935,0.16210346674963064,0.06271096341130224,0,2
d8f567817b2d,0.24096365841232867,0.3588708342838703,0.25931301195386414,0.14085249534993644,0,0
d8f6fee0e95e,0.1304743717834046,0.5409889135181164,0.2733829617620614,0.055153752936417555,0,4
d8fa04c1d853,0.03922857156894402,0.7433492738663742,0.17124887272499603,0.046173281839686296,2,3
d8fbcfc37ef6,0.28239061624570194,0.40138822322515144,0.24860708274251853,0.0676140777866281,0,0
d8fd9bb19828,0.15515318578729545,0.44728245589264526,0.2978369703340976,0.09972738798596144,0,1
d90748e85b6b,0.12896110678706954,0.7260666120801643,0.11686645163651181,0.02810582949625409,1,3
d928ebcc2528,0.4307550177462182,0.21856564438579287,0.2448091486620037,0.10587018920598547,2,0
d93242ee3944,0.053312903943436914,0.643861051866857,0.20209550602034315,0.10073053816936316,1,1
d932662b13ea,0.2127263395284424,0.5438821774843327,0.19901338160005136,0.04437810138717387,3,2
d95d173b60c4,0.6145602333956456,0.23885718750891155,0.1158269619657581,0.030755617129684727,0,4
d97364c9384a,0.18925236340196408,0.5759599889867879,0.14449441701300714,0.09029323059824093,1,2
d97dffd12359,0.4228837497420639,0.2510712784022978,0.2529232606467773,0.0731217112088612,0,1
d9869f667b54,0.2722920035677134,0.33135629759818114,0.2440790831184337,0.15227261571567147,1,4
d996de7dbaf3,0.056691830191049924,0.7283849344922312,0.1782035307610278,0.036719704555691214,1,4
d9a638d70bce,0.05716262762501158,0.7962881851151463,0.1153152452544242,0.031233942005417917,1,4
d9a899cb5686,0.4873338349994311,0.23163481972639438,0.2128231368757136,0.06820820839846098,0,0
d9c139995f71,0.2544674685086266,0.3509650686677688,0.21856586968165384,0.17600159314195035,3,0
d9c245fb1e90,0.10212981974380339,0.4662572565190428,0.3177158961757726,0.1138970275613812,2,1
d9c3624b9ca6,0.6830273306142636,0.12324251738014043,0.14261877155888664,0.0511113804467094,0,1
d9ccda507d0d,0.06346265759724742,0.6642731813068629,0.21547182707976564,0.05679233401612411,1,1
d9ed94436325,0.08067824423733161,0.6937107162352943,0.15681475777126969,0.06879628175610429,0,4
da0412fab70b,0.04557734242009005,0.8177754027419135,0.09719821046353586,0.03944904437446102,1,3
da08e385dcb7,0.2291298268067449,0.38072608749065134,0.25947595870761503,0.13066812699498845,2,3
da0d817b69fe,0.16746824226278814,0.4976407990518407,0.23523019471583972,0.09966076396953122,1,1
da286c1597b0,0.46937230585344514,0.3052676255973094,0.1424175838911714,0.08294248465807429,0,0
da30dbd6033a,0.6338748401446274,0.09921017059612833,0.15269576841500482,0.11421922084423937,0,2
da418ab5c65a,0.09358364003920813,0.4436207449424866,0.33971894193316043,0.12307667308514463,2,4
da45c7393783,0.316938088711368,0.25999086347807865,0.3062945644153225,0.11677648339523075,2,0
da507be5f7be,0.15592755961120344,0.5086757787693561,0.24054641727795337,0.09485024434148698,1,1
da535a527858,0.13049750691684703,0.5147955419342812,0.24701928822561003,0.10768766292326153,1,3
da5783a467ea,0.11545434808411235,0.6179861016137139,0.18302026785928413,0.08353928244288963,1,1
da63a5ea2b12,0.022818593414149435,0.8635395311979199,0.08420623852119671,0.029435636866733804,1,3
da879ffcc1f9,0.13874424223215528,0.6495517729695914,0.1431047668418156,0.06859921795643745,1,2
da9b63d2f697,0.22915293077459256,0.44070545261788785,0.2655238755505198,0.06461774105699976,2,2
daa2aba8e7b0,0.018978874960303593,0.8098343442236039,0.11369384019370535,0.05749294062238693,1,0
daacf4460a62,0.45876745426890175,0.23990797558345772,0.18946245739684994,0.11186211275079076,0,4
dacea3ad99e0,0.062142024004472815,0.62527018728825,0.20985433718892635,0.1027334515183504,0,1
dad2c0ee2607,0.2947901370438756,0.3286875595998216,0.2707331345569988,0.10578916879930395,2,1
dad30bc7ff47,0.04229056318748392,0.7055046887053363,0.1387990970202361,0.11340565108694342,1,2
db06909d6c78,0.12492345534021755,0.6096019006712786,0.15297225648393406,0.1125023875045698,2,4
db14e640e037,0.5900603979752221,0.13151545271084644,0.21345325015274572,0.06497089916118587,0,1
db1bb68655fc,0.1480408886921172,0.6025312940807706,0.18683328632497476,0.06259453090213796,1,1
db29f6ed9d3a,0.675041208788717,0.12429208966585985,0.15135693387165253,0.049309767673771085,0,0
db2c984ad877,0.5281303843537632,0.26248184392240753,0.13549508340091432,0.0738926883229148,2,2
db406f865d2c,0.7280270612586613,0.09562280586742113,0.11307610958528283,0.06327402328863448,0,4
db48ecc61b3d,0.49447461854031544,0.26316487497725366,0.16786918767249015,0.07449131880994081,0,3
db4d0ddc1235,0.18228080655990794,0.49152742809701705,0.25344420286890357,0.0727475624741711,2,0
db5be2895a72,0.2181154121062272,0.5327458034359976,0.15998314497795588,0.08915563947981917,1,2
db70f01df58b,0.06185750185814364,0.6384224405290091,0.22327186361996013,0.07644819399288744,2,0
db7bacaad1ca,0.09129351742096274,0.7707565021647712,0.09518217913834098,0.04276780127592497,1,3
db7e1c572d15,0.03557716785619365,0.8112619071219976,0.1147189236414823,0.038442001380326295,1,0
db8d0318b5af,0.4638101104613181,0.2090341034012078,0.24225853624118993,0.08489724989628382,2,4
db9298d9ded8,0.03628696739382811,0.7312561560419297,0.15553618856535015,0.07692068799889185,1,2
db97eeddf9ef,0.2592105166395868,0.37527836009754234,0.2789277823279751,0.08658334093489557,1,4
db9f9c62dc00,0.758229983289009,0.05877131746433097,0.12448091506769246,0.058517784178967615,0,2
dba658c69988,0.11311063804419212,0.6418308071013054,0.19900153395779763,0.046057020896705,1,2
dba690393e1b,0.2251488646475722,0.4581229865977014,0.2511983079893166,0.06552984076541006,0,2
dbb6d75304ef,0.7448672185199089,0.10116640744654731,0.09981869073613221,0.05414768329741159,0,3
dbf005c67f42,0.5978376633504834,0.17207435255911321,0.18312917779652568,0.046958806293877484,0,3
dbfb54d68d5c,0.6108069509534488,0.1497725197583663,0.1804796427335826,0.05894088655460233,0,0
dc074c261a90,0.618243177416166,0.1710745604253664,0.12548953836115817,0.08519272379730965,0,1
dc0fed8c8737,0.051797558284519506,0.7909075473995193,0.13429657473465545,0.022998319581305878,1,2
dc2115b5198d,0.03584598120248454,0.8244938491162841,0.11158739291099103,0.028072776770240348,1,3
dc290fedef27,0.1376979477979612,0.5570483279303498,0.2437182355483159,0.06153548872337327,0,4
dc2b14b11aaf,0.129277023322638,0.5771278638069042,0.20016000604724102,0.09343510682321673,1,2
dc3c2c613d0c,0.0533599999216617,0.5050810295301815,0.22133241668467588,0.22022655386348086,3,4
dc5ad30410e4,0.0687790475084916,0.6221521951694098,0.22628056753186007,0.0827881897902381,1,2
dc5e5ab68387,0.6595163674532729,0.12766180034580862,0.1676086350620837,0.045213197138834905,0,2
dc632437d7c9,0.15352149281401328,0.5723966457309022,0.1868709507270532,0.08721091072803122,0,1
dc6ce7c92fe6,0.34521368602021035,0.4181781322940013,0.14944079029653556,0.0871673913892529,3,4
dc7ddcf65b4c,0.07700745258832498,0.6634917333431948,0.16912789149381546,0.0903729225746644,1,2
dc8dd6a3ae7d,0.3220807717691826,0.2546927556355672,0.3009937449487523,0.1222327276464979,0,3
dcaa76ec8d44,0.09427603188414434,0.6139225890335209,0.19969900047640618,0.09210237860592847,2,0
dcc6632b56b4,0.12539818573441025,0.41296898731266274,0.3022391504924456,0.15939367646048133,1,3
dcd5cc87f977,0.33962142598966166,0.3304292170909385,0.2408403479707224,0.08910900894867757,1,3
dcd9d77c6ac6,0.4361143755805753,0.2699503393590149,0.20553760449938152,0.08839768056102826,1,1
dcea6c3e62bb,0.0971885847179851,0.6164029608755666,0.2155247955142251,0.07088365889222308,1,2
dd08a4d54544,0.16152461998453563,0.5718201116593942,0.213926828616695,0.05272843973937518,1,4
dd148f46bf1d,0.2610756035267344,0.45984117262506347,0.19861150678138684,0.0804717170668157,1,0
dd31f8f3d087,0.07805411971450202,0.6162823507878196,0.23071236619060512,0.07495116330707328,1,2
dd39287d4cdf,0.052500358363341784,0.7613598011747061,0.13676713153457354,0.04937270892737841,1,4
dd47f215e92a,0.5836183752547421,0.242731974032359,0.11861439107475714,0.055035259638141786,0,2
dd4ce54aef62,0.3697620581174929,0.385822856502839,0.1692570811682622,0.07515800421140599,2,2
dd50b4d48244,0.16102242400739655,0.4612739730218483,0.2635024487894395,0.11420115418131546,2,3
dd55cdedbede,0.10939216545703961,0.5065241821277268,0.3186475246755156,0.06543612773971838,1,2
dd60b8bfb2d2,0.2507669734677152,0.4750885430533367,0.2134149756328702,0.06072950784607785,2,0
dd7ae61dc7e5,0.13116101975792743,0.5905261476660292,0.23046073148263643,0.04785210109340662,3,4
dd7aeb805eef,0.35673989213600693,0.34013214931377567,0.2429042308501502,0.06022372770006738,1,4
dd8b8a5c9307,0.27728984408727936,0.3435656177766156,0.25951041996073904,0.11963411817536639,2,3
dda0d73e068c,0.8517673413841619,0.04098624073571704,0.07425468411255172,0.03299173376756948,0,1
dda1563c0620,0.06354189534745822,0.7570662749481479,0.15273348910853018,0.02665834059586347,1,1
dda68db29fdd,0.6375756923271809,0.10037389974640883,0.186965975572468,0.07508443235394216,0,3
dda7e9290f64,0.10115013183224816,0.6016884457834729,0.25282553285469606,0.04433588952958308,1,0
ddb8e432479a,0.4571730930342607,0.3142623679667897,0.15580203478540527,0.07276250421354419,1,0
ddbe636ad06c,0.1477031599406418,0.5583175305703434,0.17953866391698758,0.11444064557202697,2,0
ddc659c2e59c,0.7141762865865354,0.13002897848033254,0.11155145278068535,0.04424328215244704,0,3
ddc87971f87e,0.18381416735454048,0.5067345375317983,0.22480341703775536,0.08464787807590585,2,0
ddd30a3355ab,0.026937821092135408,0.7695909388543934,0.16788335365379783,0.03558788639967334,1,1
dddc5467ff7a,0.5571292782384958,0.22001324762927416,0.15121972015338334,0.07163775397884672,0,3
ddf50c05459b,0.36013264655391924,0.32932572842272334,0.20267277402806394,0.10786885099529367,0,1
de1f16eadd95,0.10980804353921908,0.5135524677383314,0.26713320211123137,0.10950628661121836,2,3
de2d1a60c2af,0.6873350255662625,0.10853042894419855,0.1065763624678194,0.0975581830217194,0,2
de333ed072c8,0.4946854419465797,0.2599848797200696,0.1843496983318849,0.06097998000146544,0,3
de33d3a51e83,0.7748829800453544,0.07682101161614015,0.10375952396765585,0.04453648437084945,0,2
de44f6af8b10,0.07856673062088969,0.6818503863214137,0.19376486029588014,0.04581802276181646,1,4
de4ad8d40fdf,0.06475337453810305,0.7576139287712872,0.10302044035827534,0.07461225633233412,2,4
de53947e43b9,0.017639599951431145,0.8761041530148977,0.09034784993679597,0.015908397096874822,1,0
de76a012b637,0.11155706956418678,0.5029243694649781,0.24851816253961656,0.13700039843121872,1,3
de7934b835ca,0.6253167174696909,0.09958563651335446,0.17756270695152981,0.0975349390654249,0,4
de81caee7374,0.49891966071309607,0.2621396781332507,0.1478746811252402,0.09106598002841282,3,4
de975d080334,0.075855245866248,0.6642395460488468,0.12429784398953928,0.13560736409536572,1,4
dea5608c3e0a,0.02858464669862303,0.8071756486639765,0.08905691006892792,0.07518279456847246,1,2
deca3972c352,0.052280525501749234,0.7355587668032204,0.15212698707250324,0.06003372062252688,1,1
decc8130c6bf,0.32558441295213403,0.3563083983232263,0.1891172199029468,0.1289899688216929,0,1
ded38a5051da,0.11443566854690618,0.40634961848461826,0.22291676706543795,0.25629794590303784,3,4
ded489f168bc,0.7220068545565929,0.08844740027477105,0.13029114486061244,0.05925460030802372,0,3
deee69329e9b,0.17202994126951096,0.52732231119334,0.17519441502409724,0.12545333251305177,1,4
def37f7cd713,0.7177250500906208,0.10764921502652304,0.11640658549270713,0.0582191493901492,0,3
df07c0223107,0.1010944666164555,0.6718132566175948,0.1632831280580342,0.06380914870791567,0,4
df1750048937,0.12773641830961713,0.6889575548191803,0.1372389863603898,0.04606704051081275,1,0
df21842cfe5e,0.03276196795964585,0.6977902826840232,0.1677125232528476,0.10173522610348328,1,2
df37fe53632e,0.4026608085863044,0.21012035890072275,0.2696108118253415,0.11760802068763167,0,3
df453764e19c,0.2061346972685206,0.47708066032070073,0.20999115477649657,0.10679348763428215,2,2
df45b695ea21,0.2511548445956035,0.382563509427357,0.2698104318859642,0.09647121409107541,1,4
df4722bbd29a,0.25740949957072035,0.5385336094201256,0.13383733889921043,0.0702195521099438,2,3
df4a3d3d27ba,0.7356675675576303,0.09969866586492192,0.08781542593131089,0.07681834064613695,0,0
df68e31da347,0.13823242207564046,0.43319405764184704,0.24926082413962758,0.179312696142885,2,0
df6b420aaa31,0.13673135904651315,0.619788545225417,0.18106218241420743,0.06241791331386235,0,1
df6b45073c39,0.26215529653218184,0.5184267735069266,0.15791360327899565,0.06150432668189591,1,3
df74415b31d9,0.24979279098833065,0.3657751228761945,0.22638732509250376,0.15804476104297085,1,2
df89af5f42ef,0.14530137299239512,0.5015364489197228,0.29226138864149387,0.06090078944638816,1,0
df89f8a12033,0.8670241673757896,0.03741722055898837,0.0626337105754567,0.03292490148976512,0,0
df924511c439,0.6688693721553591,0.09852160718148018,0.14227575594803218,0.09033326471512829,0,0
dfb6127e91ca,0.6105196906960437,0.18607242182720996,0.13997784856207482,0.06343003891467168,0,3
dfbe54ad1d85,0.7017976071179616,0.1108993014891154,0.144576534617249,0.042726556775673837,0,1
dfc0decef09f,0.07835515908396341,0.6436284690702152,0.12600305709883733,0.15201331474698385,1,2
dfd673001c50,0.2893709579543887,0.38155197480065034,0.2589659174088623,0.07011114983609851,2,3
dfdf3913f6eb,0.018056703107686284,0.835973716978191,0.1162755679556532,0.029694011958469393,1,0
dfe556626958,0.12617568846461058,0.40790560837159884,0.24886562167381268,0.21705308148997784,3,3
dffe7deb873f,0.11027548691019547,0.6203682480715548,0.17024890855866853,0.09910735645958144,1,1
e00eb01eab38,0.06439932822337477,0.6437949346743904,0.17483909282394391,0.11696664427829077,1,0
e02bbb13a371,0.3856402156780378,0.2927614301852436,0.2064600358840239,0.11513831825269509,2,2
e02f99a44c18,0.6083915301268491,0.20520948271978576,0.14362748096382918,0.042771506189536,0,2
e033c4a5100b,0.06615415449808729,0.7308440457406541,0.15661865355441626,0.04638314620684243,1,3
e03476810a2d,0.025001875998025825,0.8193967550341825,0.092901645380052,0.06269972358773965,1,3
e03fb79d272e,0.24057004063962859,0.4726041239805079,0.22040887769312337,0.06641695768673987,1,2
e092291d0802,0.09088804930063983,0.6597727128164681,0.21341002015725008,0.03592921772564185,1,4
e0944b64b80c,0.6439295000061084,0.14925519510485438,0.13682122056894602,0.06999408432009149,0,4
e094984999c2,0.0554427222132326,0.7161874617930755,0.14899240251622317,0.07937741347746873,1,3
e0b5009d6492,0.08722937858854501,0.564682994668348,0.2564091675515632,0.09167845919154362,1,2
e0d90a4de0c6,0.08309012054892563,0.6676537621390914,0.16911392496015754,0.0801421923518259,1,1
e0ee01a012f0,0.6206385494378752,0.17995509087438852,0.14882764695408587,0.05057871273365022,0,4
e105b07fb9a8,0.2007248393399365,0.3986705514720042,0.24512444409372153,0.15548016509433815,1,4
e10ad2e7182d,0.12621473059637972,0.6395862481362966,0.17540964888462246,0.05878937238270097,1,4
e10ae9dd5000,0.2218174883071016,0.5155512125447246,0.16616205529071765,0.09646924385745613,2,0
e11d6e9affa1,0.029766218431654553,0.8081160640653535,0.12186456101420766,0.04025315648878412,1,2
e126d9d23457,0.20627427655464742,0.49854077185724777,0.2381290712330174,0.05705588035508733,0,2
e12de19718d2,0.7069917407780842,0.09486712821788121,0.10401445401804077,0.09412667698599397,2,2
e13e117a8d82,0.41186745079342885,0.3349392447627436,0.16950227452658176,0.0836910299172457,1,2
e156dd640b9c,0.08017725685813666,0.7475501974977458,0.0962620011782416,0.07601054446587555,1,1
e15b98946bf7,0.22893088087525204,0.6220586635796621,0.10738857542338265,0.04162188012170308,0,3
e164f3b294e9,0.1678049726855464,0.5451355808453222,0.16309326568332358,0.12396618078580779,1,3
e171596e4b75,0.443430938822352,0.2876993044228977,0.18189793042490435,0.08697182632984579,1,4
e17921c991eb,0.6150056196429677,0.17301836408326154,0.15329480709850032,0.058681209175270324,2,2
e17a546bc355,0.09384537074020399,0.5948042982754838,0.19452587183939468,0.11682445914491778,3,2
e18155c4762b,0.566352160763911,0.1977730989502063,0.17036118120899624,0.06551355907688611,0,0
e19121eb93f0,0.2137481113038846,0.5413609740145986,0.17781653296184904,0.06707438171966776,2,4
e19849e1c8ae,0.5223124210613251,0.2588488528682828,0.138885500677719,0.07995322539267291,0,2
e1c1ad4b1e61,0.1670935383628903,0.5073384746171845,0.247438766597674,0.07812922042225119,1,4
e1c473641416,0.7920661968116919,0.06437969594346075,0.11168748887999042,0.03186661836485705,3,4
e1f5682712bd,0.1464809913742416,0.6197065574157365,0.13304755941963023,0.10076489179039166,1,1
e20a1e0b539e,0.667504048605442,0.13887090198021465,0.13057852947220602,0.06304651994213738,1,3
e21989eb3b6c,0.4747770111967749,0.27192935081523345,0.20816737175739178,0.045126266230599676,2,4
e24e639f39a9,0.08791131280334519,0.7304673418659892,0.14571027984382307,0.03591106548684253,1,2
e25f6e723ded,0.488462133372861,0.29131123277141446,0.14092449045203592,0.07930214340368849,0,4
e27dbf267565,0.6315935421818405,0.17424038102072553,0.13618261441354637,0.05798346238388728,1,1
e2822dd69c4b,0.5845020686332774,0.21536176167625395,0.13562028538412266,0.0645158843063462,2,1
e284cafd4bdb,0.3788776839369803,0.267641869798354,0.23698364809186648,0.11649679817279958,2,4
e28655aad4a9,0.0702077279213112,0.5233544321397485,0.2550448854483172,0.15139295449062312,1,0
e29617323fef,0.0748020279180465,0.7732269804073255,0.11907584600446816,0.03289514567015995,1,0
e2998bb6695c,0.06687275193436318,0.7603761995422718,0.11666934095381803,0.05608170756954685,1,4
e2a9723236ca,0.03888250097670438,0.8273585347050534,0.078899222011988,0.05485974230625431,1,1
e2adde6885e0,0.19952923227196023,0.45435219562784535,0.2251057057414169,0.12101286635877714,1,3
e2afeb565737,0.11014974780369616,0.6189773343119598,0.13468364228044635,0.13618927560389818,2,1
e2c18c715bb7,0.06225164018796506,0.669099087983454,0.2292345918788401,0.039414679949741294,1,0
e2cbe011b94d,0.020593109032718646,0.6611083980214365,0.18353503100465723,0.13476346194118788,1,4
e2d20a5c9d8f,0.07930747657418746,0.7255505064556653,0.1356708119745402,0.059471204995606736,2,1
e2e852552b7f,0.6442655058640722,0.11222788598857587,0.13595673614621673,0.1075498720011353,2,0
e300a4e86207,0.08798815451078526,0.4819373394883458,0.2695333476577412,0.1605411583431276,3,3
e3209b62ec59,0.2814642360636177,0.5349284061045794,0.13239744106689877,0.05120991676490399,1,3
e32e5c4bb5c2,0.05972383343536646,0.6945856319127234,0.18883577454549963,0.056854760106410836,1,2
e34c6533b5d2,0.14106425249926638,0.3969075925328225,0.29094135260057546,0.1710868023673359,3,4
e3508efe3bb8,0.4170365048639098,0.35559698591101024,0.15343020914387392,0.07393630008120596,0,3
e3628650afa3,0.04325489676308931,0.792727965083465,0.12275778331068027,0.04125935484276517,1,0
e36dac4d5aca,0.6879726418650671,0.08949566615031394,0.17584145307754695,0.04669023890707197,1,1
e37291d60bf5,0.033112213903745705,0.7179575601637745,0.11042714086317611,0.13850308506930384,1,2
e389cb066bd8,0.2140955103577335,0.5300212346126637,0.14841318557873792,0.10747006945086493,0,0
e38bf848a4b2,0.1510368225479062,0.6525571274490992,0.14942151009255875,0.04698453991043588,2,4
e395615a9a0d,0.05344612898874409,0.6110758863332767,0.23531144439442578,0.10016654028355332,1,4
e39daf2d9636,0.18271321626132436,0.5507215150972647,0.18394015160924146,0.08262511703216956,2,1
e39f4a252cb5,0.7281528398472813,0.11283517511707622,0.12350993617727435,0.03550204885836856,0,3
e3a350da2859,0.03156271173555683,0.8404870840623315,0.09446590983213746,0.03348429436997392,1,0
e3a355a01aac,0.12216547576172723,0.543969267760141,0.23066158610297258,0.10320367037515889,1,1
e3a68b6c54b5,0.14317415254362456,0.4956886538298026,0.2616737380264487,0.09946345560012414,1,2
e3a9b892e7c1,0.4148354286106252,0.23464692889666444,0.24904187300542496,0.10147576948728548,0,1
e3b546093b7c,0.09349831466601351,0.6845574057684799,0.16159120421944842,0.060353075346058334,1,2
e3e0b34968ad,0.09101420029657806,0.5135670725267376,0.2987843208605158,0.09663440631616851,0,2
e3efcee5464d,0.08365858713743848,0.7120159756391364,0.14364817346823933,0.060677263755185895,1,4
e416f944cb42,0.7218556337219866,0.07365988499358081,0.13535152505488376,0.0691329562295489,0,0
e427306ddc9a,0.3275119214723237,0.38409454096273754,0.23559734511695207,0.052796192447986535,1,4
e43ad5b5e137,0.04629708327657599,0.7183917587384915,0.1792005092488148,0.05611064873611778,1,2
e43c10ce7933,0.02601073731486588,0.7559484084037758,0.16457951205141405,0.0534613422299444,2,0
e44d13263cba,0.7528544625345294,0.097728786660765,0.10911653913528574,0.04030021166941961,0,4
e44d1faedace,0.08229953260019425,0.5252416060724573,0.23120480471196184,0.1612540566153865,2,3
e45231baa93f,0.1840908922871976,0.5035992835009858,0.2658434946501107,0.046466329561706265,1,2
e462b50ef489,0.14379757657968656,0.588201505255768,0.1535214233011193,0.11447949486342644,1,3
e4645a71f19b,0.5554706601154136,0.260088851470064,0.14742439786935677,0.03701609054516564,0,2
e479851df410,0.09836385975976268,0.6664979044488338,0.16617512041757665,0.06896311537382671,1,3
e487f7e3b6a5,0.25680631025320666,0.4433827210347111,0.24971213443581677,0.05009883427626543,3,4
e48cc454acd6,0.02274498965090534,0.8186571628051876,0.11575796950042919,0.04283987804347779,1,2
e4a4248cf6fc,0.14076813246043351,0.605926618511888,0.19254366750382942,0.06076158152384929,1,0
e4aa7df34266,0.15228597363919638,0.4056277550483034,0.32025198057393983,0.12183429073856027,2,3
e4b2c5f23e08,0.07548609095978719,0.6532796728453418,0.21868030285421375,0.05255393334065701,0,1
e4b50e7402c3,0.08919042453390137,0.5585355234470791,0.2134426143924138,0.1388314376266058,0,3
e4d47cc836a1,0.2111259882627436,0.39666333423072714,0.29898152797726735,0.093229149529262,2,0
e4f280b01af5,0.3534681684313837,0.3315883405003372,0.1664558238649078,0.14848766720337142,0,2
e4fd12eef363,0.5139224621773699,0.16993129727361642,0.25069853537927805,0.06544770516973526,1,0
e509fde57a70,0.11600572115499384,0.6429899801600513,0.17232463655814714,0.06867966212680768,1,2
e50d56f75dc9,0.0784052050623305,0.6080319317903697,0.21580423412684985,0.09775862902044978,1,3
e51850dddb1d,0.18592314115031316,0.36496876244339344,0.3245476253138834,0.12456047109241053,3,0
e51b2fc7f149,0.11269392351500086,0.5023281669769541,0.2635339430650346,0.12144396644301071,0,2
e51c3f2307f8,0.07923661954422283,0.5600108681101984,0.2654717527207443,0.09528075962483447,1,0
e52bdc15086a,0.17655593100467978,0.6146682627671082,0.15098053266858297,0.05779527355962926,3,0
e53355bac9ce,0.17997164682107075,0.28290946697134356,0.3328493377669842,0.20426954844060174,2,0
e550c0ee9fc4,0.6441114470608869,0.11021034374532536,0.19323352664295423,0.05244468255083354,2,0
e562c9ac6268,0.07393888535349677,0.6775200446489741,0.17053187863852254,0.07800919135900662,1,2
e56e71389ba2,0.3950414751558204,0.2642944970669115,0.253871693240256,0.08679233453701199,1,0
e578212ad3a6,0.19111813926386062,0.4763996797148774,0.2365020073900093,0.09598017363125301,1,0
e58718f4aa74,0.027329458388847615,0.7993600531845081,0.10382182371247159,0.06948866471417255,1,1
e598f9bfe550,0.4112063092378764,0.2946927510276817,0.20231122951785566,0.09178971021658643,0,2
e59ac8552f60,0.31756473174675304,0.3986210600143716,0.18743586604742862,0.09637834219144671,2,3
e5a7aeedd323,0.031361159557934,0.8144273725459694,0.12238332816951719,0.03182813972657961,1,0
e5e19b32a270,0.29761220562654217,0.3652457757497064,0.2227392042148573,0.11440281440889419,0,0
e5e2dbcbd9d2,0.25715193010283033,0.42254291624273943,0.20758060458653566,0.11272454906789471,1,3
e5f1860bc360,0.7012372632062491,0.0975527997226528,0.1585253649402046,0.04268457213089335,0,3
e5f97fa3f2d0,0.05561713449734574,0.6498877780732844,0.18590684807972058,0.10858823934964937,2,3
e5ffc5baa978,0.1880881348159837,0.3755417125563054,0.3500970627184425,0.08627308990926827,2,0
e6069f2cab57,0.48111041178477904,0.30589476365238777,0.1252840733295672,0.08771075123326581,0,1
e60a0bcf8160,0.5742935530747783,0.19876400120536963,0.14042072517060472,0.08652172054924742,0,2
e61140a68866,0.1422428259890005,0.5305143673071723,0.2585341165258919,0.06870869017793545,2,3
e615b95130a4,0.7114450526284176,0.14316480666855286,0.10336648124163081,0.04202365946139879,0,1
e619787c1a07,0.12642710448736602,0.5656094068317096,0.1903874646505665,0.11757602403035788,1,0
e63929e6add1,0.06402838640052512,0.8006488818420573,0.10606301256929754,0.029259719188120228,1,1
e63cd8a6d04d,0.06823690121717109,0.661029538253832,0.1921605173356476,0.07857304319334914,2,3
e63e246debfd,0.19859808525728445,0.35714276913887655,0.29391424448046793,0.15034490112337118,0,2
e6505c104184,0.7410601727332543,0.07670931393039777,0.10292958968533333,0.07930092365101488,0,2
e65207f12ea2,0.03686619190169426,0.8190024549232713,0.11178274445620116,0.03234860871883343,1,1
e67619d00b58,0.035521979315750796,0.7235342833751855,0.14437574056585173,0.09656799674321201,1,1
e687b28d3864,0.6453515189151459,0.11581761142209897,0.19796453841774203,0.04086633124501286,1,0
e6961147acfd,0.69134192267336,0.11516539793250952,0.11141998337044988,0.08207269602368061,0,2
e696904df3be,0.21225613354079728,0.37424547810159065,0.2982402352486912,0.11525815310892139,1,0
e699535e65da,0.6227015248018483,0.14708019967011027,0.17819069822361955,0.052027577304422,0,0
e6ade0ee672e,0.04258236049657287,0.8026092760196504,0.11112235698930237,0.0436860064944745,1,0
e6dd6efb3de0,0.454468837029558,0.3455102107675938,0.1521182736716365,0.04790267853121184,3,4
e6de6fbdcd67,0.07890371899974101,0.680783335232031,0.1737017476038556,0.06661119816437237,1,0
e6e361d6a84e,0.22040106526966954,0.4737784105449335,0.19982361909461252,0.10599690509078431,1,0
e6e404e7db47,0.07784721185432236,0.6692560068089088,0.18944655523870224,0.06345022609806637,1,2
e6e920ea0609,0.03265853748945509,0.748193463242249,0.1441963406836467,0.0749516585846492,1,3
e6ee4827951b,0.1112306723316107,0.6875488479307693,0.16515439475644622,0.03606608498117341,1,2
e6f3ba0b25c5,0.18148543190623265,0.6340766471054506,0.14764588708701837,0.03679203390129843,2,2
e705df6bf622,0.1022321997526574,0.6711224135489732,0.18223904527187018,0.0444063414264997,1,4
e7108595fb09,0.13417983196449645,0.6651047473242728,0.13705902655348898,0.06365639415774198,1,3
e713de5fa2f1,0.4512446851379232,0.24524781455057693,0.23498461346857288,0.06852288684292683,0,4
e714c61cedb5,0.02298122400842407,0.8202183762107526,0.12155391879584064,0.03524648098498253,1,0
e719973c92fb,0.7678074269498754,0.0929836848573242,0.11473572770630859,0.024473160486491615,0,3
e72c3641aff5,0.16893650653899295,0.546809159272906,0.19137012011688628,0.09288421407121483,0,0
e737a74a9830,0.0742738651629045,0.5653364401110788,0.24231523521655574,0.11807445950946098,1,4
e740a2577d7c,0.7935209976427494,0.045951417097791006,0.10833407221628585,0.05219351304317351,0,0
e750ed589351,0.625945140454419,0.14553869301633401,0.14435645647863643,0.08415971005061085,0,1
e751ae5d2da4,0.08163943567802132,0.6259560980014927,0.19355601962095279,0.09884844669953338,0,3
e752b12382d1,0.14562170494058144,0.6041633394620236,0.16123109515422557,0.08898386044316933,3,2
e764f1cb364c,0.7588476021887756,0.07991742231057675,0.10700538728038209,0.054229588220265544,0,2
e7652a255494,0.2982277906408507,0.297700633667456,0.21741358910641825,0.18665798658527508,3,4
e770c3c0df1a,0.4371480424273285,0.25436722600386835,0.25342540088884413,0.05505933067995862,2,1
e773dcdd7200,0.42486060297602024,0.3429094581336176,0.17557217917878387,0.05665775971157819,1,2
e78731870e9a,0.1080704109120482,0.6712441529898373,0.17108671636755154,0.049598719730563165,1,3
e7991479fcde,0.5196196695488364,0.20117813945300603,0.17954837926886374,0.09965381172929377,0,2
e7b519c4b318,0.6336560992315274,0.17492890038790984,0.1096673008302129,0.08174769955034969,0,3
e7bc5f198df7,0.06908301743963247,0.716136656597285,0.17218418154458293,0.04259614441849932,1,0
e7c4f060e6d4,0.14971603881453632,0.5255132483033391,0.271625610701991,0.05314510218013312,1,4
e7c75b329ac7,0.1805401627696756,0.49200353147835524,0.22024779836311775,0.10720850738885117,0,4
e805aa5e9f9d,0.35428048412491164,0.3491986022403765,0.18601021924179476,0.11051069439291697,3,3
e80a00183db9,0.15616938047510653,0.5892419065962478,0.1785794947470301,0.07600921818161563,1,2
e81975072f7a,0.16373227411159935,0.5650253622796944,0.21425510747290297,0.05698725613580342,1,0
e82dabeb2c01,0.2655266361831623,0.4091247394204597,0.21832472843376916,0.107023895962609,0,4
e82e8c609e01,0.623221450155678,0.13771927090741873,0.12466646505120628,0.11439281388569708,1,1
e832781629fd,0.29783786068228935,0.3858634993314645,0.20993536324303075,0.10636327674321525,1,2
e83599857d12,0.047802959953485546,0.7114937100259708,0.19586749889671928,0.04483583112382471,1,4
e867ef0d690a,0.1179427067701102,0.5000940297981338,0.25792832871855204,0.124034934713204,1,1
e86da5ced3d9,0.09211366968106867,0.7218604764090162,0.12316758012299987,0.0628582737869154,1,3
e8738bc58dca,0.2527369443320587,0.4879707331541377,0.18592485675228904,0.07336746576151477,0,4
e8752745d466,0.2792431744531552,0.48123634214519684,0.18321965535786933,0.05630082804377868,1,2
e87937446df8,0.04209093050451381,0.7617402423034106,0.16160365002852325,0.03456517716355242,2,1
e87a9de37972,0.7661496525664067,0.0592068675474492,0.12588114657425153,0.04876233331189268,0,1
e87c1dfe1c1f,0.4983096755857794,0.28656810031810853,0.1401896249397325,0.07493259915637941,0,2
e8956cd9117c,0.22956369431815787,0.5266902430489411,0.20317986068050561,0.04056620195239512,2,1
e8ad62a8f5d4,0.05422171384243466,0.7962314794940168,0.11275707186352052,0.03678973480002791,1,3
e8b4637a1396,0.11203041721616823,0.5657125612953214,0.25314057926017325,0.06911644222833742,2,4
e8ca5a4146ab,0.08055901498263084,0.7073729803852908,0.1712511250851747,0.04081687954690366,1,0
e8cd174b1e73,0.07850685722588606,0.7083263739606478,0.13751531164348144,0.07565145716998442,1,1
e8cdd5d7becb,0.08791312327584458,0.5951297945265273,0.20259092672377935,0.11436615547384847,0,0
e8da31ab0da5,0.05020650254053454,0.8036018950895288,0.10749181681824528,0.03869978555169129,1,3
e90d4db7ddd4,0.3947951151061229,0.1358229149686391,0.24189427269434519,0.22748769723089313,0,0
e90dd06ea8a1,0.06452549743181935,0.6562897065817603,0.212762782415049,0.06642201357137113,1,1
e9268097a0d1,0.06378968821111232,0.735621488418432,0.13775419723605428,0.06283462613440141,2,1
e93a46774f00,0.23997211684352207,0.4087264904204555,0.240229515673651,0.1110718770623715,1,1
e93b8361bfd0,0.2211137957294174,0.5683383510603608,0.1380923043339786,0.0724555488762432,2,4
e94ccb56b277,0.05186219853566921,0.6593988558253735,0.21765530022674695,0.0710836454122105,1,3
e96f12697ca3,0.10857920189679811,0.6227300316983707,0.1745703098105009,0.09412045659433035,0,0
e97d25d7e522,0.27658411053088633,0.4601714058076224,0.18944389370145093,0.07380058996004056,0,2
e97d79485202,0.44646200252069335,0.34811361429202564,0.1356328187011204,0.06979156448616071,1,0
e9875afe7532,0.06405569334688148,0.6813694195744365,0.21733716240772105,0.0372377246709611,1,1
e9ce880f2202,0.06487094509442655,0.7262338092908874,0.12282524546437686,0.08607000015030926,3,1
e9d5e9c6fd14,0.16528392333561676,0.639801186641948,0.1494210774758297,0.045493812546605415,1,3
e9ede9640810,0.7044653953132117,0.11416671727548769,0.12826371405028086,0.053104173361019795,0,2
e9f977bc280f,0.11937177659646073,0.689905373392318,0.1437028861158546,0.047019963895366515,1,4
ea095c5991c3,0.6145283246492393,0.1869156237179542,0.11389256076120337,0.08466349087160321,0,2
ea1b70752c62,0.03045119561849034,0.7145746098020707,0.1184462273410409,0.13652796723839802,1,1
ea1bf78bc0ee,0.13907796690758537,0.5815298294464362,0.22838015822344987,0.051012045422528456,1,4
ea2d09b4a59f,0.1744677778302977,0.6364992644462935,0.13964078651859133,0.049392171204817564,1,0
ea44061da219,0.055952858229735086,0.7578772687632327,0.1313973394003738,0.054772533606658805,1,0
ea4e755480da,0.07955750282241493,0.705535384009652,0.13959007400291276,0.07531703916501989,2,2
ea71dbbcf2ab,0.0477496768835561,0.782214221236443,0.11781804134243647,0.052218060537564275,1,3
eaac01660339,0.05428978892211588,0.7327280179138042,0.1729497357297048,0.04003245743437522,1,1
eab43c22f6e3,0.07310815213489413,0.6285010476667757,0.18353955149206796,0.11485124870626257,2,1
eadbd008393b,0.2405920436296329,0.36022159969033374,0.3086941877050908,0.09049216897494275,1,0
eae003afb999,0.536790762153739,0.20956643385956333,0.1788786124096358,0.07476419157706163,0,3
eaf7e92ddbd6,0.07593568756988664,0.43051410484593794,0.40719410550485835,0.08635610207931697,0,0
eb17643599fd,0.4403632315601167,0.345599973994253,0.13007359466380616,0.08396319978182425,0,4
eb1e40c40c88,0.09610648409287467,0.5318329989600573,0.27068677913014977,0.10137373781691827,3,0
eb25647982fe,0.08591472856893466,0.7952227474681574,0.07144367302170165,0.04741885094120596,1,0
eb28eda6261a,0.721413124247677,0.08896581860957777,0.14041011054136981,0.04921094660137534,0,4
eb30f3452fc6,0.12849019371778317,0.5009951177423415,0.24001892965460342,0.13049575888527185,3,3
eb3e488b900d,0.641088442289741,0.16469407918902887,0.14734819490710108,0.04686928361412891,0,0
eb3f608c965d,0.13085726774561718,0.5196377378115771,0.2709225857235317,0.07858240871927394,1,4
eb41a8fdece4,0.5665671249681697,0.2282743769559921,0.16507810192403913,0.04008039615179897,0,0
eb4f7a7c46c7,0.7048129256372785,0.1284354574880175,0.11525513968023844,0.05149647719446551,0,3
eb5090e6fdc2,0.040622182155193864,0.862125538763034,0.0688373820177336,0.028414897064038457,1,4
eb6c62925d9c,0.5308942013450716,0.13337648323849033,0.2250820877792254,0.1106472276372127,0,2
eb76ebad1c23,0.1870862404592734,0.4102060500072194,0.3361743585194338,0.06653335101407268,1,0
eb8b05df8563,0.14533397409496077,0.5943164070359912,0.19638721895684375,0.06396239991220401,0,0
eb9dc561833d,0.12927455811408975,0.688137231372457,0.12910633326658633,0.05348187724686676,1,0
eba05ee2d7da,0.0483667984725156,0.6824653718411233,0.2098708506742729,0.059296979012088157,1,4
ebb0b75bd4de,0.025670604448511682,0.8736606115792162,0.08143703055521954,0.019231753417052765,1,4
ebbd78acb0e0,0.035239180341891586,0.8582839252501813,0.06040720859717791,0.046069685810749175,1,4
ebd126be46e8,0.8700932255399865,0.036920594342334655,0.07605958809856958,0.016926592019109607,0,4
ebf4d14f8094,0.04793931327802857,0.7306609509329309,0.18534376963435306,0.03605596615468746,1,1
ec14ca35f6d8,0.047977461484713414,0.8179428980179869,0.11281124500273593,0.0212683954945641,1,4
ec2491ff28f2,0.10642697034204647,0.5807377056208102,0.23970240037206056,0.07313292366508298,2,4
ec43b49013d3,0.08597652380109219,0.6601982395430177,0.15559334263474964,0.09823189402114038,1,1
ec459b9efc52,0.5985386105332956,0.20741754663087844,0.14710404909584224,0.04693979373998401,0,2
ec60a9077385,0.0900190132941002,0.6429683779441228,0.20405838972774243,0.06295421903403489,1,4
ec614c61cdc1,0.408900890735561,0.360396149963448,0.185939249143779,0.04476371015721182,3,2
ec69b2c23b7a,0.4252620590141552,0.2288806684221814,0.2302076293773544,0.11564964318630895,0,2
ec6e91420f3a,0.11399974125360897,0.5875132188593883,0.22418907516413397,0.0742979647228687,1,2
ec969fa94baa,0.5223515374591996,0.15789049776000202,0.14230519606224848,0.17745276871855006,2,2
ec99ea1e7890,0.06373914588189698,0.7494237163601923,0.13751731781986795,0.04931981993804305,1,4
ecb369802701,0.7167616132139323,0.10349968357079543,0.13480949257664637,0.044929210638626225,2,2
ecb8f4c2606c,0.18742779784371338,0.5084973717553877,0.23126684947864468,0.07280798092225431,3,2
ecc8f5b0842b,0.353728446916779,0.3480698302640767,0.22719151061954893,0.0710102121995956,0,3
eccebc4009a0,0.03286711243519382,0.8151363582336948,0.08460316316328229,0.06739336616782923,1,0
ecd0dea97eef,0.3912399169380832,0.34925220735696083,0.20178782276908983,0.057720052935866246,2,0
ecd883ed5c12,0.07520018364426334,0.7044917958998551,0.16275017689159887,0.05755784356428311,1,2
ecdfc29912ee,0.05756290557894039,0.508954976079084,0.20598110415709175,0.22750101418488386,1,1
ecf019f00e3d,0.6311733473557702,0.1850356244079188,0.1289286916553697,0.05486233658094134,0,3
ed0825c7df20,0.16168663579169562,0.5835378511395931,0.19482210815453402,0.05995340491417769,1,0
ed49428432a7,0.1074623044701154,0.6183047025168108,0.18242761934946916,0.09180537366360408,2,0
ed513f058147,0.016122690840110716,0.8589127877224321,0.0986760437796209,0.026288477657836377,1,0
ed5c290105e0,0.6941811888453543,0.12331604641189851,0.1180197612239795,0.06448300351876785,2,1
ed5d94f5100d,0.27973397793725535,0.5510085344148732,0.10990176965426483,0.0593557179936068,2,0
ed6218993ed0,0.6465630027540407,0.08216249314529919,0.1792883818245734,0.09198612227608689,0,0
ed7af0f6cc7f,0.3662944006761412,0.3546402144652995,0.1681898910292135,0.11087549382934576,1,4
ed7cc735db6c,0.04935739528009124,0.6338043574975132,0.21190366936236146,0.1049345778600341,1,2
ed849e809c1c,0.6719799284938849,0.11603378599723983,0.15360019046994575,0.058386095038929615,0,0
ed855d09ffd4,0.11471244969099272,0.6071016153189916,0.22318413174275556,0.05500180324726054,2,1
ed8cc5fd07f1,0.12460401741697101,0.5375961146961602,0.20833481626126668,0.1294650516256019,2,3
ed9792ecb546,0.20232251048176375,0.4519916750831922,0.2631551664078802,0.08253064802716394,1,0
ed9fc7d10eba,0.08553636378591549,0.5310664250036591,0.2648093627114151,0.1185878484990102,1,1
eda00b808607,0.11296935883366616,0.6217379510962496,0.19947401380414118,0.06581867626594295,2,4
edaf69ec10f6,0.5855683363383353,0.1902592159089239,0.14222930252943825,0.08194314522330248,0,0
edb5e43491c4,0.10760688944084745,0.678978074746196,0.141554861880746,0.07186017393221077,1,2
edd21ee3c460,0.17188223818003706,0.4532934125747299,0.20701429561343143,0.16781005363180165,1,1
edff2028722a,0.3376664761079281,0.3538839434582041,0.2414955442476141,0.06695403618625365,0,1
ee18a08e02d1,0.18880268647196005,0.5274714802391176,0.18693291860157502,0.0967929146873476,2,2
ee22d804e868,0.05340823308575735,0.6947094893522225,0.13835069001529676,0.11353158754672313,3,3
ee4155767b5f,0.09149433901508094,0.3801808329524148,0.3017356263209398,0.22658920171156458,3,2
ee4440d41ee6,0.21471304080491246,0.44589780234661763,0.28006895046088387,0.05932020638758603,3,2
ee59b3ab54f1,0.07627676188383975,0.601631705200008,0.24021644739717224,0.08187508551897985,1,1
ee5af3809557,0.056240080683347196,0.6840775712072089,0.21648286984933232,0.043199478260111474,1,0
ee5ea1ff9f13,0.5776809120335596,0.19630925992951606,0.1472300898223668,0.0787797382145575,0,4
ee5f0438b183,0.22394865423987212,0.32640189328542807,0.21081266147906838,0.2388367909956312,2,1
ee65eee3a327,0.4034919009112961,0.2902888929864644,0.18640106641271634,0.11981813968952294,3,3
ee783fcfed40,0.2580063862439687,0.41638811629889305,0.2241611468883767,0.10144435056876117,0,4
ee8920d4faeb,0.12809488058927002,0.5852403978874355,0.2349559968760049,0.05170872464728985,1,3
ee8c14899dfa,0.023058891710756608,0.8193009869102088,0.1168454877550256,0.04079463362400895,1,1
ee8cf2f50c90,0.5947304429241386,0.1287669589837947,0.20277205975534604,0.07373053833672068,1,1
ee946ca9c50d,0.7051686955924618,0.08060268945314518,0.12893588869619427,0.0852927262581986,0,1
ee980e0dc7d1,0.5352250830574616,0.24518306157966413,0.150125388067609,0.06946646729526536,0,0
eea9ab1e6c53,0.32513694340031796,0.22049765832827906,0.28149689396302674,0.17286850430837647,0,0
eeab05ccb1a5,0.7690871234126893,0.08649573485044759,0.09543596026701535,0.04898118146984775,0,3
eebaa7b747e2,0.17413389100965235,0.5628613845534155,0.17963506268591423,0.08336966175101741,1,1
eed043f0a603,0.19942985135038785,0.4478219851620361,0.27078316773971206,0.08196499574786414,1,2
eed9b6596e6d,0.039233161436320475,0.7887701376904076,0.10695562247039299,0.06504107840287883,1,4
eee88e3f416d,0.05975799492423791,0.7319894844696824,0.17012929180825853,0.0381232287978213,1,4
eeecfd50b220,0.024775687722107673,0.8083683460651135,0.10877678931370846,0.058079176899070196,1,2
eef237fc67b9,0.31139468621044,0.24298130684008115,0.27255410587478357,0.17306990107469525,1,2
eef6300c5540,0.09863415607790975,0.5490607621096226,0.2697547230348932,0.08255035877757455,2,1
ef2903498dc5,0.12640672957685825,0.6125084895305578,0.21143620014176723,0.04964858075081692,1,0
ef303ca23c79,0.15422225665453237,0.6547140520540643,0.1280440903285766,0.06301960096282666,2,2
ef3e7ae6e700,0.47839662313618847,0.2578234983839991,0.21455390340858865,0.04922597507122351,1,1
ef45370d19a4,0.8046179453104076,0.030837363188158145,0.10851798416216375,0.05602670733927024,0,2
ef45c1184249,0.19122967835391222,0.625054215850176,0.13477223081512618,0.0489438749807855,2,4
ef6713d49378,0.03618822678938161,0.7997281440346737,0.09066513741342695,0.07341849176251752,2,1
ef8fedf0d644,0.08554829927220935,0.6162249979684873,0.22544628985204618,0.07278041290725697,1,2
ef90d5cec0ec,0.23831070152395528,0.5703722714164011,0.15221715104703037,0.03909987601261331,2,3
ef984f6fa70c,0.13479771898533713,0.5553435914381123,0.18618148060089376,0.12367720897565687,2,4
efb9bc675820,0.6062940900346359,0.1748294295422062,0.14759814505920593,0.07127833536395191,2,1
efd4278840ce,0.04239548633249951,0.7142736593495229,0.14651543732311192,0.09681541699486548,3,4
efefa03de088,0.19005616494330704,0.5663631179251126,0.1789898587377572,0.06459085839382339,2,2
eff72b9f6efe,0.15157323201321682,0.5294716922673716,0.20249252875854107,0.11646254696087051,0,2
efff0a2821eb,0.33920542346979526,0.4161467450921446,0.19265758491656845,0.051990246521491736,1,2
f00a7f15f367,0.060401715640417256,0.6912782995639395,0.17839771293347284,0.06992227186217022,1,1
f00ed1bca2c4,0.15685719118712538,0.6379291673201468,0.15208063081506293,0.05313301067766492,1,0
f0156675755a,0.7242314284775324,0.0937495748877031,0.12728657099040144,0.05473242564436338,0,2
f01b33e3ce9d,0.35776974952837914,0.27475897391944676,0.29285828343041725,0.07461299312175709,1,0
f025d675b893,0.4652598713492423,0.21524355694729935,0.24642383356619832,0.07307273813726003,2,4
f028f4a45ccd,0.041351816928057325,0.4805750806132322,0.26183526192267903,0.21623784053603134,3,0
f03cec43a0c6,0.2389763437355279,0.3238585623863472,0.27099487211008105,0.16617022176804383,0,2
f04ff90a3dd9,0.7744842780385123,0.08354994974369197,0.09617002144663712,0.045795750771158564,0,4
f0512f3b3a6e,0.1083144774899002,0.5887837638322629,0.18852430042249824,0.11437745825533878,1,2
f05fc3dd7653,0.23512380596729926,0.32900461855480984,0.24822677727257456,0.18764479820531654,2,3
f0637f0d7719,0.2244811820182715,0.2504386089424585,0.3742121264685244,0.15086808257074538,1,2
f07ec852f8c2,0.3243568706832753,0.33406477018315545,0.24925385336256653,0.09232450577100314,0,4
f08ec6272e48,0.6247637334444909,0.1744235701272157,0.12277835522425894,0.0780343412040343,0,0
f0a6dc99b78a,0.06257908318873237,0.749491993024434,0.14235599594620146,0.04557292784063228,1,3
f0a7a52f661c,0.48283213534261754,0.24931425505157234,0.16204216026763837,0.10581144933817177,0,0
f0bee4584261,0.15767232312135895,0.45430538000267734,0.2633706863999168,0.12465161047604692,2,0
f0bfb67c18bc,0.050072908413285884,0.6794583160488613,0.15803926782728775,0.11242950771056508,1,2
f0c4dc3b247c,0.163559725728552,0.5338325702978576,0.2257098543317268,0.07689784964186351,1,1
f0c5e85b5e86,0.5998395876236859,0.22652847422045747,0.13890088010660723,0.034731058049249634,0,3
f0dfde16feec,0.7116550731126006,0.10774537925505916,0.11744823099290036,0.06315131663943971,2,2
f0e023959894,0.1160650309075245,0.6620739497755272,0.1330824394637516,0.08877857985319704,2,1
f0e40c184d36,0.11861732546037536,0.5549729605301517,0.21211080966481716,0.11429890434465606,1,3
f0e99a9fd724,0.23089051628529095,0.45603747422525465,0.2247593914978332,0.08831261799162135,1,0
f0f8ccd8b0a0,0.5303045223014868,0.16838295700191974,0.19309557501429234,0.10821694568230109,0,0
f1043ac7271b,0.44309741945965603,0.2658306749095935,0.20737075902159569,0.0837011466091548,2,3
f1063f4acf08,0.04667611749366392,0.7562407009016375,0.15804164880774507,0.039041532796953264,1,2
f108d58e9f51,0.24937222860063568,0.3903399724500433,0.23423076152459438,0.12605703742472688,2,0
f109811743c5,0.08264220915662358,0.7183168802637712,0.16256336305132144,0.03647754752828365,0,0
f10d919f319b,0.4951548020848617,0.2800327177109134,0.17462283824890168,0.05018964195532332,1,1
f11ab7648eb2,0.3664037720935393,0.38858857042033734,0.17523166089422926,0.06977599659189367,1,4
f1236049dc34,0.20949730326111315,0.4257592869115347,0.23234962842750637,0.1323937813998455,1,3
f134eb1b9f3e,0.382892776396519,0.3250793222124537,0.22048687704262265,0.07154102434840476,0,0
f13c5fb56a73,0.43076643038270385,0.2944400313912473,0.2232935874954328,0.05149995073061575,1,0
f14cc84c4e69,0.06404732730258177,0.7793328077247467,0.11462931852207384,0.041990546450597244,2,0
f15583c5d579,0.5816878913488243,0.17931993631352314,0.19563487183790848,0.04335730049974381,1,2
f17037e3c5a5,0.046782228994285704,0.7574798440101476,0.10790964324735565,0.08782828374821101,1,1
f171762263b3,0.8096886593020284,0.05485519249817035,0.09606133570379066,0.03939481249601062,0,3
f17665afc4c2,0.2023769632629303,0.4392563088160472,0.2846123567325241,0.07375437118849854,0,4
f1788303c669,0.6354029519257021,0.16985909348865091,0.14325492528873632,0.051483029296910524,0,1
f17f7d44b959,0.07499986672073682,0.7091563717925237,0.15502119136167483,0.06082257012506472,2,4
f18fc8dcef6d,0.26773569687486265,0.42842617293296237,0.21767486886437384,0.08616326132780143,3,4
f1a643119e8d,0.0420327390861743,0.7319892376444537,0.14550275275690414,0.08047527051246792,1,2
f1ab0d2dcd7b,0.015810011665085704,0.8507189993527172,0.10134514214303758,0.03212584683915967,1,0
f1bf16aa4bb7,0.017184413677659903,0.8796061263448396,0.08406142906475968,0.019148030912740928,1,4
f1d8d7ca8477,0.06855136638938775,0.6072337117611448,0.20060441670210297,0.12361050514736467,2,2
f1f663bb5ba6,0.44098635374825174,0.33633414429584435,0.14553115386677196,0.07714834808913218,1,2
f20576257dc2,0.5617369242064134,0.25949602232650854,0.10861944909394779,0.07014760437313047,1,4
f206c90d6bf9,0.0559962187888955,0.8305055653905525,0.07373398708167578,0.039764228738876126,1,4
f20d2ff64006,0.03044623587126175,0.7953067514875556,0.1322087827350855,0.0420382299060974,1,3
f20ea4a7e55d,0.11602409087839446,0.6024007575300439,0.18305538157188983,0.09851977001967187,2,2
f21f4dd7e3b5,0.6242076158481384,0.1476745463620536,0.17815451720674053,0.04996332058306731,1,0
f2241ca2d0ff,0.03403156172956965,0.7914188400280165,0.12308882514423826,0.05146077309817524,3,1
f254d359e0ef,0.6800678630579983,0.11205355088766716,0.15153841253490583,0.056340173519429,0,1
f26c50ef1bd0,0.12549060052027125,0.49319113959608224,0.23587160484595768,0.145446655037689,3,2
f2a899251da3,0.0904927501636528,0.7125904044092459,0.12459121981518909,0.07232562561191216,1,0
f2a9e6e67eda,0.11187846287385922,0.5060995777863061,0.2551336371521837,0.12688832218765086,1,0
f2b77c3c70c5,0.6496131249475251,0.15418797971293152,0.12101592305711352,0.07518297228242977,0,4
f2bf2f65fe68,0.37508302001283994,0.3635057559786616,0.1675853009663002,0.09382592304219854,1,0
f2d30ac37f7b,0.10140765332548733,0.5834004760496612,0.1957945056220382,0.11939736500281342,3,2
f2d5dd65d7d2,0.17301865542410802,0.4398545631518095,0.15717890234702364,0.2299478790770587,2,4
f2d890d8bea3,0.3302089197370506,0.3631838537521663,0.20605639914479967,0.10055082736598342,2,4
f2e430c3888c,0.21686863346041135,0.5579462863698644,0.14804430351132905,0.07714077665839535,0,2
f2e5da098e85,0.10747461578851679,0.6148914923834483,0.19239193977604405,0.08524195205199075,1,2
f2ee15af6c4d,0.2050041040156242,0.4997981198761454,0.23459511490000087,0.06060266120822945,1,4
f317383c5831,0.5718181995668752,0.13810564803247755,0.1317235585158743,0.1583525938847726,2,2
f32dd337bd1a,0.2411611444702471,0.4798054525574781,0.17786031905769967,0.10117308391457504,0,4
f333eadeca7f,0.6057067099287256,0.16128892810366946,0.16450550219338486,0.0684988597742202,0,1
f338a2ae96bb,0.7949588046589454,0.05437649553510203,0.10906382813790029,0.0416008716680524,0,0
f36b9bbd21ed,0.035151550787360944,0.6767358113403608,0.23801986578747203,0.0500927720848063,2,4
f36bc38a2660,0.4509623550261642,0.31177730413951804,0.16151942001155076,0.075740920822767,1,3
f36ed95de256,0.514035403180898,0.1479087702470486,0.2373223910812753,0.10073343549077822,0,1
f371fa5e17ee,0.07313441500513007,0.6789160754024345,0.18066994654701313,0.06727956304542242,1,1
f375191afe2d,0.11954199077360553,0.4452839363436424,0.26306861775314777,0.17210545512960418,1,3
f383a0b4d02a,0.18677655856993192,0.5785891643141811,0.14290624491074427,0.0917280322051432,2,3
f3968991ea72,0.043816711069056505,0.6004576819107232,0.2598014363879996,0.09592417063222101,1,1
f39f4119d62b,0.5126034016007688,0.3465645764737896,0.10304255544797883,0.03778946647746274,2,1
f3a123432445,0.17738741788917747,0.4008627361920293,0.35066787611562034,0.07108196980317318,1,1
f3a9bde37ea8,0.7249045287498231,0.11617627292375297,0.1132707707070324,0.04564842761939124,0,3
f3c36d0f9736,0.04614719735406476,0.7304395681248044,0.1554918070907536,0.06792142743037731,0,3
f3cab48d1e7c,0.04280918007296609,0.7351748045985224,0.12881213899036473,0.0932038763381468,1,4
f3d1eeb66284,0.014400685804364544,0.8145095238664903,0.11575650185065567,0.0553332884784893,1,4
f3df81aafa5b,0.03597140493481765,0.6957155594590082,0.18053177805040663,0.08778125755576742,1,2
f3eb906bdb01,0.2399609215668764,0.48285611698511893,0.21491023358855038,0.062272727859454605,0,4
f400c9a139bb,0.1293529235532676,0.6557156865249061,0.15179651141736414,0.06313487850446227,1,4
f40b5a31d1f4,0.10173757115368069,0.6458191186262419,0.20158086928890676,0.050862440931170365,1,1
f40f145b6d3a,0.1252874195208336,0.5859632467040454,0.20394714600581848,0.0848021877693023,1,4
f41d7c33e0fb,0.14637958569581797,0.6226091691582007,0.17360664629163858,0.05740459885434257,1,3
f42ff739afee,0.03909296268415983,0.6770142655567648,0.16730051444920996,0.11659225730986549,2,4
f44b14970f3a,0.7653823739238669,0.09385723741531121,0.08706716350537094,0.053693225155450816,0,1
f45612bd7e0b,0.09203371433863579,0.5997799154999306,0.245351329384143,0.06283504077729087,2,2
f457ac57e4f6,0.05028927163094974,0.5521230051042156,0.16443101765801557,0.23315670560681923,1,2
f46cb3c9593d,0.31509824343617504,0.4877711878032068,0.14938894369513817,0.047741625065480194,0,0
f472abdca5e0,0.2420461598828314,0.4722684938876659,0.14579693089855422,0.13988841533094834,1,4
f4833c3311e2,0.06815223351038989,0.6269509782921244,0.2472376748242944,0.05765911337319156,1,0
f49511663558,0.029602084558323274,0.793738052798246,0.1091488157681437,0.06751104687528703,1,1
f49a276f76f2,0.13632021064285946,0.5902946243731026,0.21032021431514653,0.06306495066889133,1,1
f4a638dc3304,0.09530442351499223,0.5412501584096174,0.2681942457871022,0.09525117228828822,3,1
f4b2c6d0edca,0.4306863980454169,0.27605996883610084,0.17486851872956918,0.11838511438891286,1,1
f4c4177e4ca9,0.6005369454375246,0.11690057043651211,0.19045477010123663,0.0921077140247265,2,1
f4e21bf210a3,0.3097868744420338,0.38308296593369096,0.20367650103152937,0.10345365859274583,1,2
f4ef01a6e0f1,0.402847275764924,0.3262965084491272,0.1337630331659545,0.13709318261999448,3,2
f4f08a1bbea9,0.11157606824384497,0.657888799569439,0.15514818711157127,0.07538694507514539,1,3
f4f5bbdf7a00,0.0743493182588843,0.7588022059059613,0.13276661791242392,0.03408185792273046,1,1
f518654dc20e,0.07298308095558254,0.7177848017509721,0.15769650122728077,0.05153561606616434,1,0
f5239c4023a0,0.2783045848528994,0.4996359304744366,0.14234907513695555,0.07971040953570845,1,0
f5293dfeedda,0.7329759495194643,0.07000799633363815,0.15597559934911792,0.04104045479777929,1,2
f556a329c873,0.10234213107681037,0.7052650197105383,0.1459131245605827,0.04647972465206849,2,0
f55866b3c793,0.05519300045124726,0.7085350471458721,0.1732470046799274,0.06302494772295295,1,0
f5658ffaf0d3,0.06941467074299235,0.6048667182073777,0.20035007992928644,0.12536853112034368,1,3
f56638b54fa1,0.18485168970066823,0.4277442329123429,0.28777541059663825,0.09962866679035044,1,0
f58cb6670e91,0.22355728031714672,0.4189970522889889,0.2868635811385377,0.07058208625532637,0,0
f5a635890da2,0.05450879061538013,0.6965563060202844,0.17013883422855375,0.07879606913578165,3,2
f5a76ea09507,0.20798190007107892,0.4814597313390514,0.22249764098233937,0.08806072760753023,1,3
f5b4675f5f11,0.06762398908847421,0.7893499018945407,0.10868034952182495,0.03434575949516014,1,3
f5babfb67083,0.147687521758399,0.6969762027923618,0.11176308111758256,0.04357319433165684,1,1
f5c94b5db0cd,0.5364674226904919,0.16892282764997857,0.23818609136797114,0.056423658291558314,1,1
f5cd2d815be9,0.10047355321233306,0.6647363485413401,0.1698036876424716,0.06498641060385525,1,2
f5d1abcf5693,0.5425824191056727,0.2079050074197259,0.1979768095941614,0.05153576388044008,1,4
f5d2f5175421,0.1911613626746053,0.5018751010669231,0.2613227794050486,0.04564075685342288,1,0
f5f8f43fece0,0.07033547727527359,0.6349559253497177,0.2298864746555918,0.06482212271941702,2,1
f5fd72a88ab9,0.12800387802134053,0.29715192460182993,0.35106693954524926,0.2237772578315803,3,2
f604af7af626,0.08119919518420142,0.7214583748355137,0.14937512488459115,0.04796730509569376,1,4
f6286092ca27,0.08712189943931573,0.6480499095706147,0.20407180009637674,0.06075639089369285,1,4
f632b46fa980,0.0633841750335425,0.6708070368925516,0.19086789359690307,0.07494089447700308,1,3
f64c3d12ddd7,0.1015182281820163,0.5948315968091336,0.2247941812266636,0.0788559937821869,1,1
f65a185b5aaa,0.29902911832239143,0.31844021302740894,0.18313061003630232,0.19940005861389684,1,2
f65b67d0fae5,0.13679413762149267,0.5567071438359484,0.2181010842955741,0.08839763424698478,2,0
f674b3cf60f7,0.050232869156989324,0.780845263308781,0.13725736862532464,0.03166449890890454,1,0
f689f3fba17a,0.05242107880618772,0.7581253076986314,0.14349156546012465,0.04596204803505605,1,3
f6c14c65ff4f,0.14486551216931098,0.6636803088120407,0.13524695824464278,0.05620722077400575,3,0
f6e480fe97af,0.15448748783986857,0.6164698940548939,0.1467604333547705,0.082282184750467,1,3
f6ee6d94f030,0.2225856420442004,0.523151483907236,0.19378840842124376,0.06047446562731983,1,3
f6ffe212deeb,0.11988035608402632,0.6234451578621191,0.17920547055795902,0.07746901549589563,0,3
f7087535a63a,0.5247136152852071,0.19722397137779996,0.2224016478868929,0.055660765450100125,3,4
f73ff8c2182d,0.23006808051862243,0.5360244403058632,0.19786553312539235,0.036041946050121794,0,2
f744da386f96,0.02307568518695341,0.8560119191588222,0.08472787860317543,0.03618451705104886,1,0
f747a0ab20b3,0.1440403429541033,0.5832471152903206,0.20378970435917387,0.0689228373964023,2,3
f74f0c0db300,0.09792291328433742,0.6796775966981148,0.17040128760721665,0.05199820241033096,2,0
f75774536369,0.29253257083480744,0.5198305172799342,0.13010863745922058,0.057528274426037904,1,1
f76c899a8e19,0.03705015737732855,0.773674654283981,0.12799693552661967,0.06127825281207083,1,2
f779ee1077cb,0.03919061271502065,0.7726986701295593,0.12327620847448015,0.06483450868094007,1,0
f7859a6e1ae1,0.47082703726482666,0.25847713358603636,0.16513986563703378,0.10555596351210321,0,3
f7974b5d939e,0.16719882549857654,0.5123181417289681,0.28330187965007025,0.037181153122385104,2,4
f7a24c01093c,0.18665863666397334,0.45669004328589186,0.2490722405299579,0.10757907952017698,0,1
f7ae051fa2f4,0.2101457800991814,0.46403179314505677,0.223083622016036,0.10273880473972619,1,1
f7baa94b8333,0.05651436272925414,0.632320285890784,0.23382187669705995,0.07734347468290177,1,1
f7bef9f1161a,0.09496401465124131,0.5984033557465109,0.1874830009911531,0.1191496286110947,2,0
f7c01c47e966,0.662476351560263,0.15456743539715134,0.11810442892955603,0.0648517841130298,0,3
f7d8873478ac,0.264375756505388,0.41750034717385154,0.2308154595843773,0.0873084367363833,0,1
f7e60ddc0f80,0.4827711294578362,0.23077220127720088,0.23205313740696568,0.05440353185799722,0,3
f80048310b29,0.6941065303585334,0.10585169150691694,0.1557486901338146,0.044293088000734754,2,2
f8038bf5a049,0.5210936053984622,0.21949094694611102,0.22085306891956932,0.0385623787358574,0,3
f807cd855d31,0.28148671972861977,0.3406687813814091,0.2523386484673311,0.12550585042264004,3,1
f83b4b1d4a28,0.3293856582831392,0.36316299334867724,0.2580653123690619,0.049386035999121676,1,0
f83e25510eb9,0.31879874077382236,0.22883009302012752,0.3224024996549167,0.12996866655113365,1,2
f8483372c4ff,0.7875964015502979,0.07783344931773983,0.09179343795155338,0.04277671118040896,0,3
f84e46c75e24,0.09950231247849575,0.555116070786841,0.22221212120926043,0.12316949552540289,2,3
f8567c73e039,0.588499408703109,0.20825215060077495,0.17555118714404963,0.027697253552066106,1,4
f865b83af346,0.0550428460172884,0.6660274834152379,0.15338891268317337,0.12554075788430044,1,2
f86b1c64bf80,0.6074338260336821,0.15898000918950525,0.1544796480488222,0.07910651672799075,0,2
f871e115903e,0.32603732489794707,0.32696838353067575,0.18516480212076264,0.1618294894506144,3,3
f87baaa34bec,0.06576437278677602,0.6738077343789918,0.176067958605698,0.08435993422853424,3,1
f8a3d75d02bc,0.1852355831714314,0.5206061356730365,0.2295349247774926,0.06462335637803931,0,2
f8aea676f0a6,0.25263313190358677,0.512474832052441,0.18669577312591393,0.048196262918058404,1,0
f8bdffa59cc1,0.11311996350107163,0.5262618535760515,0.2264175799105042,0.13420060301237255,1,1
f8c006d79bd7,0.07866467553293352,0.5339979459585849,0.24750632749198348,0.13983105101649768,1,0
f8c0c4c6a036,0.277433728576097,0.32221377754979885,0.3081817188160839,0.09217077505802057,2,1
f8c0c6d203ad,0.13406689707369443,0.5916469811095533,0.18512959784491692,0.08915652397183542,0,2
f8d8e382f2e6,0.02116491322718243,0.8774570291123921,0.07814557703413735,0.023232480626288254,1,2
f938e8a612a8,0.6667707538729649,0.15772022737210784,0.13875377230177946,0.036755246453147296,2,1
f947db14b9ee,0.15149349602187898,0.60745669423827,0.1732350052424618,0.06781480449738937,1,4
f95e25cb4206,0.634591692463777,0.10091814542823464,0.16369260073844918,0.10079756136953952,0,4
f975ce4319f4,0.10138542285218047,0.5336875338243677,0.2858618970196803,0.07906514630377165,1,0
f98438a1cf12,0.22453629656139867,0.3927879182175104,0.26590487474208313,0.11677091047900788,1,4
f99cfe0bbe0c,0.4757461586041689,0.21694288768173084,0.20921414591587312,0.09809680779822709,2,1
f9ad24c6c692,0.39965085216588414,0.19218288099458603,0.26558220518877584,0.14258406165075407,0,0
f9b47fe9bcb5,0.05725508557903157,0.5995008303209433,0.24627500568698588,0.09696907841303888,1,1
f9b6922fda66,0.3584730964030247,0.4021481251790571,0.16852243741019132,0.07085634100772673,1,3
f9cc68d54cb4,0.13934255186861852,0.5665672176444683,0.199038188665618,0.09505204182129486,0,3
f9d95dc20962,0.04958476404817089,0.6599141509324763,0.1974274486373514,0.09307363638200147,1,4
f9e4fc65f2ea,0.4100533318233951,0.3328141420210426,0.19225940855073315,0.06487311760482903,0,3
f9f022de357f,0.08129409933589524,0.74835575487526,0.141976332783141,0.028373813005703828,1,0
fa146053ba25,0.35429845128545123,0.34338805201114464,0.2147774389332865,0.08753605777011786,0,0
fa1c23bc4d54,0.04137319000364234,0.7515988578738304,0.17076327788758955,0.03626467423493772,1,4
fa27a6b3551a,0.717388866137419,0.1152965142223181,0.11683889317608191,0.05047572646418098,0,4
fa2e157f2acc,0.1742464342965653,0.5467061975565854,0.18027696014441075,0.09877040800243826,3,0
fa41c6bf6cd3,0.19514017256071572,0.42947219560281985,0.2018841061806347,0.1735035256558297,2,1
fa57c8fc7906,0.7022801760127779,0.09932804262119725,0.12148509370725893,0.07690668765876606,0,4
fa58b6e83e6c,0.05772119606469977,0.7115641786630297,0.11370601363419523,0.1170086116380756,2,4
fa6d3b56e333,0.016717998817856235,0.8439579676672753,0.10589372441330587,0.03343030910156243,1,3
fa749cb9895e,0.17178691446805225,0.4547840564746414,0.24774594761195776,0.12568308144534857,3,3
fa79b1765773,0.17588263421272302,0.6377183547392992,0.1495803827545294,0.03681862829344804,1,4
fa8a5228f38b,0.20513843430878398,0.4994122109913083,0.23872749444765057,0.05672186025225719,0,0
fa8e92ee028e,0.14949094619604034,0.6038563526996624,0.19152154899885224,0.05513115210544502,2,2
fa9766f49a25,0.2459894892785987,0.49889090529571295,0.12088268919653504,0.13423691622915335,2,4
fa9ea207e240,0.09806739778802945,0.6587234930470125,0.1666564271974402,0.07655268196751774,1,3
faa6a62e025c,0.398833755812001,0.24246063919085423,0.28487509315679,0.07383051184035469,0,3
faaf89353e32,0.13802352627973974,0.48284533012284786,0.2537667811309459,0.12536436246646687,2,1
fab641b3ce7c,0.2661373949199009,0.43503680626657976,0.233631327684509,0.06519447112901032,3,0
fabeecea5a9f,0.3038122497359575,0.3524308474493607,0.21265470746385554,0.1311021953508261,2,1
fae06a05819a,0.023546681920782256,0.8058864976747793,0.14009716779305068,0.030469652611387718,1,0
fae99afb074d,0.10505826853379169,0.7475147057241865,0.12215997262373332,0.0252670531182885,1,1
fb18563e2a98,0.03512666034926362,0.6862103140574408,0.1746273449330703,0.10403568066022524,2,3
fb24a702b87b,0.1344066893255023,0.5772931287590124,0.23888494450556835,0.04941523740991727,1,4
fb255b926b51,0.6426464294382248,0.1273388626173656,0.17231929331815382,0.05769541462625585,1,1
fb2654cffc9e,0.7513107892191994,0.04233369880690665,0.132993897056057,0.07336161491783685,0,0
fb4399c644e0,0.3724904446932297,0.39249882298481087,0.19756354413776117,0.03744718818419835,1,2
fb47f989bbcb,0.08898456902089423,0.5702324856752715,0.2540087332754296,0.08677421202840471,1,0
fb4ddcf7f9d6,0.10527307103326905,0.5806666442062297,0.19661049549970738,0.11744978926079372,1,1
fb5044f382e3,0.6994954952851712,0.10771715356565723,0.1292320967819786,0.06355525436719273,0,4
fb5a3285aaa8,0.08335482334261413,0.6365915632736999,0.18969517048296916,0.09035844290071673,1,4
fb6a47691101,0.17321041843589763,0.6449137558285036,0.13701698430139642,0.04485884143420271,1,3
fb6b862b6145,0.39140136160519745,0.17434233767776505,0.28488145779568397,0.14937484292135364,0,3
fb8430889b41,0.09694187000020493,0.567429879706896,0.23107055359748116,0.10455769669541777,1,3
fb8c469d8dfa,0.04698421216406932,0.7253251261249996,0.1578864531618906,0.06980420854904036,1,1
fb913c5f28a1,0.15929030865496335,0.49240720130047005,0.2532979595991104,0.09500453044545633,2,1
fba292caa45e,0.13449434697135487,0.6627069623822897,0.1268511056562802,0.07594758499007535,1,3
fbcb95b52844,0.4986209203969752,0.22602562059322673,0.19728208138043654,0.07807137762936145,0,4
fbe9974ec5b3,0.036494168006244054,0.7781123435072337,0.12456725422745031,0.060826234259071826,1,3
fc01bbfefaee,0.12911922618826466,0.48824566032352945,0.269255551423447,0.113379562064759,0,1
fc1a3a2c2e77,0.08636096764855532,0.7339621915347057,0.11846356891527818,0.06121327190146052,0,3
fc3caa4d9eec,0.13562962750508847,0.6264666714622166,0.18239230113773997,0.055511399894955044,0,2
fc42a9c84eb5,0.0931624152640589,0.6720138281254561,0.1596984185672892,0.07512533804319572,1,3
fc63422eca1c,0.5108594765836892,0.18549538385504558,0.22203232148977295,0.08161281807149197,0,4
fc6b2aa453eb,0.22382927868305524,0.48003818511797847,0.20940026988160998,0.08673226631735644,2,4
fc76d65f316a,0.05433545486315382,0.6537874993430646,0.17481172252917968,0.11706532326460183,1,2
fc7b87a31179,0.13597347997460718,0.4894433725180563,0.2456482705262139,0.12893487698112263,0,3
fc96b65aa265,0.36248822615720855,0.29415614653662575,0.2651125885775732,0.07824303872859265,0,1
fc9a57e4f583,0.7075496427766645,0.08511643396114395,0.14591635038581266,0.061417572876379035,1,0
fcaa54dda5f3,0.17611626782476028,0.6015197192332465,0.1780373999947383,0.04432661294725465,2,0
fcb2e43ec0fb,0.10517747850837163,0.6173634125897881,0.20089032073739893,0.0765687881644415,1,2
fcb3ecf7568a,0.03172903554313471,0.8413627366229542,0.09335014499070905,0.03355808284320205,1,3
fcbe8b4eed91,0.08729752034632772,0.631539702631727,0.19927051884771463,0.08189225817423083,2,1
fcda620cd4ab,0.02382151489600065,0.8076559291213611,0.1238762588386578,0.04464629714398071,2,0
fcf51aeb5fab,0.22267461211036285,0.3909625810409154,0.2697728091192339,0.11658999772948792,3,4
fcfef81a42ba,0.1033283180327656,0.5798005659678531,0.17230109161695467,0.14457002438242644,2,1
fd0cd3ed85bd,0.025889922929433467,0.8781923248921689,0.07817539605857288,0.017742356119824897,1,0
fd2947c154c2,0.5202330056086878,0.2690324517540103,0.13831647679763617,0.07241806583966531,0,2
fd2acdca6a22,0.7461163162700482,0.09159538184056225,0.1115722431576467,0.05071605873174265,0,1
fd33d1e13711,0.4144731168090744,0.3449596175156852,0.18924303797488432,0.051324227700356266,0,2
fd34648eeaca,0.6163063847793471,0.19660129756570102,0.13396691146641185,0.0531254061885401,0,4
fd62a2e871fb,0.04960473266321406,0.7310416354424548,0.155171595465085,0.064182036429246,1,2
fd657558f339,0.07217318595613499,0.590862901977626,0.20065965914229486,0.13630425292394371,3,3
fd712fae87c0,0.06646280636523644,0.5974376225637381,0.2629135661319207,0.07318600493910453,1,4
fd8c61575a7d,0.04193186037149804,0.7722684680972084,0.12016974465976711,0.0656299268715266,1,0
fd8f50efba72,0.6387149881176879,0.1225805236115783,0.1584491694252618,0.08025531884547223,1,0
fd90f27b813a,0.4729076094913939,0.27899808818210264,0.15552769622422205,0.09256660610228168,0,1
fd92c6f2b2e6,0.11782190389360435,0.6317769661414541,0.1879641661059633,0.062436963858978484,0,3
fd9bc8ec9c4b,0.05290334593260444,0.7800825800758272,0.1257090724378587,0.04130500155370931,1,2
fd9d8a24f167,0.7782215838365463,0.07503057270667483,0.10227949609344988,0.04446834736332924,0,1
fda24ef37907,0.07359252375771459,0.6881939274557928,0.19978811546058536,0.0384254333259074,1,2
fda2cd74ad14,0.47776635404643325,0.2546999001047199,0.1966264280027317,0.07090731784611512,1,4
fdb3f0146f58,0.09433021114476527,0.6053789925093361,0.20941196833019832,0.0908788280157003,2,4
fdb830b6745f,0.5156382651985414,0.181820959903895,0.2583600731294293,0.0441807017681345,0,0
fdbf84b3fd88,0.2133686879428615,0.47177639620167944,0.1835290538560848,0.13132586199937396,1,1
fdc5e14139d7,0.11822510478640819,0.48439616987872147,0.32866316000433465,0.0687155653305357,1,0
fdcc6f504d49,0.10200560938361665,0.635419918246594,0.15891375762842233,0.1036607147413668,1,1
fde8d14e4c31,0.10464903566533165,0.5216548554196356,0.25163277593689887,0.12206333297813392,3,4
fdf9cb6b052d,0.09779265720174925,0.665605331040975,0.15234035609623833,0.08426165566103777,1,2
fdfd07901483,0.46346304442105224,0.28218909746078485,0.17931562486713487,0.07503223325102804,0,0
fe0b9c37645b,0.4147878287976961,0.22946972812042735,0.2535850278668616,0.1021574152150147,3,0
fe0be2315bf0,0.23277014039111268,0.4226627981553672,0.25036274074894405,0.09420432070457592,0,4
fe139f2b6429,0.16093028889638725,0.5553774364906844,0.23351476577524702,0.05017750883768154,3,2
fe1d8ff109c1,0.16847329648413042,0.5568478507884896,0.21639624368079963,0.05828260904658033,0,2
fe4db0232dad,0.3922088720688517,0.3618442696900063,0.16860618716216605,0.07734067107897588,0,2
fe6b58e8499f,0.05208491630445915,0.7508894417112723,0.12814767372001173,0.06887796826425677,2,2
fe6b9118cf57,0.11118201176989632,0.5525701926646747,0.25510917088085466,0.08113862468457406,1,3
fe7b14312526,0.08549972230068885,0.7056303065887229,0.15488768585446377,0.05398228525612472,1,1
fecb27d2edca,0.6534487223260329,0.14402011512541948,0.1496780963171388,0.052853066231409125,0,1
fecddac318f7,0.1793829743709825,0.41839131447447325,0.3015614881378728,0.10066422301667144,0,3
fee1b3d702a5,0.8038169190828887,0.05149061408035612,0.09165739542785833,0.05303507140889679,0,1
fefbd0c403c1,0.3008817458991373,0.2963481942501055,0.26529365151007067,0.13747640834068664,2,3
feffa20fac13,0.7543235711850643,0.106237215762153,0.10129135685227902,0.03814785620050395,2,3
ff0879eb20ed,0.2944033812396238,0.4821343238191054,0.12763303758214734,0.09582925735912336,0,4
ff0bf9cae3b3,0.4692031028551976,0.24873685752640534,0.2335164430058708,0.048543596612526246,1,2
ff19b8e99b4b,0.6377289844431709,0.14733805899359187,0.12954762287028662,0.08538533369295062,0,2
ff3bc8d91f5b,0.2662528399394451,0.4525050634488528,0.19206784146798614,0.08917425514371609,1,3
ff3e6f379834,0.06371080825947978,0.6628990740194625,0.18111352280312484,0.09227659491793276,1,4
ff3fc3faf1ca,0.5967215417367233,0.15886718445780615,0.15809042944298024,0.08632084436249013,2,2
ff4c1c2444fa,0.13528182957088594,0.5445998598779551,0.2287674349048983,0.0913508756462608,2,0
ff4d28f1b11e,0.6721912631823922,0.09132827160038241,0.168394034545641,0.06808643067158451,1,0
ff5948fb8ea9,0.0927140317698628,0.6141976932575078,0.21531776135880856,0.07777051361382102,1,1
ff631db5f6d4,0.18264559914783174,0.23686168881585887,0.3460936113083782,0.2343991007279312,2,0
ff7ffd9c6c80,0.695531434909942,0.08971352482797118,0.17824420108466926,0.03651083917741754,0,4
ff8c65c0cb53,0.1165457326044181,0.3883611530172226,0.32190016421857304,0.17319295015978642,3,4
ff9f78aa56a3,0.06851346438677196,0.7635578326947575,0.1283408936584253,0.03958780926004524,0,1
ffa332785df4,0.3827671216036093,0.23353842505750722,0.2861545955873415,0.09753985775154164,1,0
ffc3fa3a1911,0.18250054787073786,0.5409209299191995,0.1866584164076561,0.08992010580240671,3,4
ffc6679e82d6,0.08756865780241639,0.6029228836248394,0.22742684554401207,0.08208161302873214,1,2
ffe4d6e8fbb0,0.14440647430383158,0.33744376304506624,0.2623234455458094,0.2558263171052926,1,2
ffebf1ef4a9c,0.3994090641998364,0.42172309011424985,0.13622003907279806,0.04264780661311604,1,3
