study_id,p0,p1,p2,p3,label,cv_fold
00086460a852,0.20666666666666667,0.44666666666666666,0.21666666666666667,0.13,1,3
000c9c05fd14,0.256569275779596,0.3445093900987626,0.3089944790258924,0.08992685509574852,3,1
00792b5c8852,0.5038322188694349,0.2018377586454199,0.21629985870572754,0.07803016377941759,0,1
00908ffd2d08,0.2833333333333333,0.4666666666666667,0.2,0.05,0,0
009bc005edaa,0.15666666666666668,0.5733333333333334,0.20333333333333334,0.06666666666666667,2,2
00a76543ed93,0.24666666666666667,0.5401262458471761,0.15666666666666668,0.05654042081949059,2,0
00a87235ca36,0.08666666666666667,0.6533333333333333,0.16666666666666666,0.09333333333333334,1,4
00b33b3eb8d9,0.07,0.6933333333333334,0.13333333333333333,0.10333333333333333,1,3
00c241c3fc0d,0.27,0.5133333333333333,0.15333333333333332,0.06333333333333334,0,3
00c83e33588f,0.26666666666666666,0.36,0.2633333333333333,0.11,2,4
00ccd633fb0e,0.44333333333333336,0.3233333333333333,0.17666666666666667,0.056666666666666664,0,3
00e936c58da6,0.25,0.5666666666666667,0.09333333333333334,0.09,0,3
00fceac64e6a,0.2774514171180682,0.25139407721306345,0.28245369926669167,0.1887008064021766,2,1
00febcfee50b,0.5566666666666666,0.22,0.18,0.043333333333333335,0,0
01206a422293,0.13333333333333333,0.64,0.14,0.08666666666666667,1,0
012229ebd9b3,0.4533333333333333,0.2966666666666667,0.18666666666666668,0.06333333333333334,0,3
013d698aeecb,0.75,0.10048302247728359,0.11333333333333333,0.03618364418938307,0,0
0142feaef82f,0.3233333333333333,0.34,0.26,0.07666666666666666,2,0
0147e3c530f2,0.4430277883741975,0.1660399929429849,0.2671020784268435,0.12383014025597416,2,1
01494b9b4423,0.48333333333333334,0.29333333333333333,0.12,0.10333333333333333,2,3
015707c0e73f,0.18,0.54,0.16,0.12,1,4
0159c2d40b52,0.20333333333333334,0.49333333333333335,0.21333333333333335,0.09,1,3
016c1781fbb2,0.37,0.2738440860215054,0.26666666666666666,0.08948924731182796,0,0
0172a5607c9d,0.1,0.7066666666666667,0.15,0.043333333333333335,1,0
018c5ec34722,0.35,0.39666666666666667,0.20333333333333334,0.05,2,0
018c96c9aeff,0.21333333333333335,0.4666666666666667,0.23,0.09,2,2
018cfcc1e851,0.2,0.5533333333333333,0.18333333333333332,0.06333333333333334,2,3
01934dbaf28b,0.7333333333333333,0.14,0.06666666666666667,0.06,0,0
019960c57d32,0.08260966204480566,0.663862757363702,0.17906178758828994,0.07446579300320225,1,1
019aef94b388,0.4666666666666667,0.24666666666666667,0.20333333333333334,0.08333333333333333,0,0
01c6c27b82a4,0.17666666666666667,0.5333333333333333,0.21333333333333335,0.07666666666666666,0,3
01c8e624037b,0.3425005650802381,0.2789101983181725,0.25377884187001865,0.12481039473157061,3,1
01ce54f82d94,0.54,0.29,0.11666666666666667,0.05333333333333334,0,2
01e030757f57,0.26,0.4866666666666667,0.17,0.08333333333333333,1,3
01e19055f756,0.41169188806611995,0.24235847327425838,0.2483839995594686,0.09756563910015298,2,1
01e830e3a965,0.24333333333333335,0.49333333333333335,0.20333333333333334,0.06,0,2
01f104b42afd,0.08882686317824731,0.443447271238493,0.30494874757897017,0.1627771180042896,0,1
01fc72cc1f1a,0.20582774898400502,0.3505725563720471,0.2665807996692795,0.1770188949746683,1,1
0207ea0aaf24,0.17401452560920783,0.37867402915433296,0.3010037706664935,0.14630767456996555,1,1
0212c908aa20,0.4033333333333333,0.4166666666666667,0.15,0.03,0,3
0213594439b0,0.12564023788751896,0.5891622036352407,0.22167822463059636,0.06351933384664396,1,1
021986b21570,0.15551031554241482,0.5431796852372608,0.19514727099664123,0.106162728223683,1,1
021a7bd50924,0.18,0.5433333333333333,0.18,0.09666666666666666,1,2
022f9b3cfd91,0.43333333333333335,0.37,0.09333333333333334,0.10333333333333333,1,0
02401e15e783,0.09,0.72,0.17333333333333334,0.016666666666666666,1,0
0287079f5a1a,0.2754362500524428,0.3723167003829824,0.18826471409386172,0.1639823354707128,0,1
028b79a357d6,0.12,0.7433333333333333,0.10666666666666667,0.03,2,4
02a0fd4d10d6,0.53,0.2866666666666667,0.13666666666666666,0.04666666666666667,1,2
02accd5bab1f,0.5133333333333333,0.2633333333333333,0.13,0.09333333333333334,0,3
02be71f8212c,0.09666666666666666,0.6966666666666667,0.05,0.15666666666666668,3,3
02bfa5949092,0.36333333333333334,0.39666666666666667,0.16333333333333333,0.07666666666666666,0,0
02e31620e4e7,0.16333333333333333,0.6166666666666667,0.16333333333333333,0.056666666666666664,1,2
02e6db1dccd4,0.19666666666666666,0.36,0.24333333333333335,0.2,1,2
03169bde8e0e,0.21,0.4766666666666667,0.25,0.06333333333333334,0,2
03295f6c7460,0.2866666666666667,0.41,0.23333333333333334,0.07,1,0
032c262f65c0,0.7666666666666667,0.14,0.04,0.05333333333333334,0,2
032d9cc1e0ef,0.15,0.56,0.13,0.16,1,0
03461d2a218f,0.1488525306558218,0.49356011403506583,0.1966809926198115,0.16090636268930103,1,1
035c61ec21cb,0.46,0.30666666666666664,0.14666666666666667,0.08666666666666667,0,0
0369e0385796,0.15160416433779011,0.4678485817512033,0.24370859001261608,0.13683866389839053,1,1
038124609f4c,0.26666666666666666,0.4,0.20333333333333334,0.13,0,4
038891a2ca57,0.16666666666666666,0.6266666666666667,0.14,0.06666666666666667,2,4
03920c119b2b,0.09,0.6333333333333333,0.08333333333333333,0.19333333333333333,0,0
03a549fc0402,0.150312920391198,0.4321036882576894,0.31176445199225433,0.10581893935885851,2,1
03c62bc287b6,0.7533333333333333,0.13333333333333333,0.08,0.03333333333333333,3,2
03c8c9fe62ba,0.5589641719892785,0.12832365522971337,0.20959523137619282,0.10311694140481537,0,1
03c94694e41e,0.24333333333333335,0.4866666666666667,0.21,0.06,0,2
03db5dc7f1a2,0.38,0.29,0.27,0.06,1,0
03e9959341af,0.5333333333333333,0.29333333333333333,0.16333333333333333,0.01,0,2
03f7a5f8d8ea,0.15,0.5533333333333333,0.13,0.16666666666666666,1,0
0412ac22af28,0.18666666666666668,0.51,0.21333333333333335,0.09,2,0
0428b590379a,0.17666666666666667,0.42,0.34,0.06333333333333334,0,4
0444a957bb4d,0.16738030214947247,0.3634854735349384,0.24714756244588523,0.221986661869704,3,1
0447a64e5813,0.24,0.43666666666666665,0.25,0.07333333333333333,3,4
0455eeb9fbcc,0.23666666666666666,0.38333333333333336,0.2833333333333333,0.09666666666666666,0,2
045762d32a15,0.12154335637521925,0.4745800670267222,0.25190428649340224,0.1519722901046567,1,1
0478ead3b8c2,0.21666666666666667,0.49666666666666665,0.19666666666666666,0.09,1,0
047b450939fd,0.16333333333333333,0.43666666666666665,0.23333333333333334,0.16666666666666666,2,0
0482ed7dda6e,0.10825896039848597,0.41027547892978367,0.2613804294041512,0.22008513126757923,1,1
048616ba3fe3,0.11666666666666667,0.6366666666666667,0.17666666666666667,0.07,0,3
0490450d954b,0.44333333333333336,0.24,0.18333333333333332,0.13333333333333333,3,0
0490565dc4c0,0.10340529030975079,0.5346663940745245,0.2137035879816484,0.14822472763407618,1,1
04e04b1e22c5,0.2733333333333333,0.42333333333333334,0.21666666666666667,0.08666666666666667,1,3
04ebc4466923,0.5766666666666667,0.20333333333333334,0.17666666666666667,0.043333333333333335,0,2
04f115f14e1c,0.18926485222381711,0.36345376788718925,0.28600020981718,0.16128117007181392,2,1
04fc265a693e,0.16,0.5166666666666667,0.18333333333333332,0.14,2,2
052693d6dfff,0.13787588443235704,0.32998721688719407,0.31122946501633375,0.22090743366411497,0,1
0550e5868e2d,0.17666666666666667,0.5533333333333333,0.2,0.07,1,0
0556cdfa7299,0.31333333333333335,0.45,0.17333333333333334,0.06333333333333334,0,2
055f0253e5cc,0.29,0.38333333333333336,0.20666666666666667,0.12,0,4
056126fb6e9f,0.4266666666666667,0.37666666666666665,0.15,0.04666666666666667,1,4
057c02a959f1,0.13666666666666666,0.5533333333333333,0.23,0.08,1,2
0586a3fc149c,0.34489288531583456,0.18645280285904908,0.2577344112313629,0.21091990059375335,0,1
0591d7b2d734,0.23,0.4266666666666667,0.27666666666666667,0.06666666666666667,1,0
059f8765a1c1,0.07333333333333333,0.7133333333333334,0.19,0.023333333333333334,1,0
05debac9c652,0.43,0.35,0.17333333333333334,0.04666666666666667,1,2
05f00e9a126b,0.2833333333333333,0.4766666666666667,0.17333333333333334,0.06666666666666667,2,0
05f42286c7a2,0.22666666666666666,0.5166666666666667,0.16666666666666666,0.09,3,4
05f85b86cdd6,0.2,0.6,0.15,0.05,1,4
060ed64e8ea3,0.24,0.44,0.27,0.05,1,0
060fbd1293ee,0.5233333333333333,0.21333333333333335,0.14,0.12333333333333334,0,4
061d2ddaddd1,0.19666666666666666,0.5733333333333334,0.17,0.06,2,2
065a7fafe1a7,0.13666666666666666,0.6966666666666667,0.02666666666666667,0.14,3,4
066b12d875eb,0.09333333333333334,0.6166666666666667,0.20666666666666667,0.08333333333333333,2,3
066b28c3eb1e,0.6597184413371546,0.11861925851181518,0.1483473689056316,0.07331493124539912,0,1
067d0d1495a8,0.32,0.43333333333333335,0.20666666666666667,0.04,1,2
0680d8beb75f,0.18666666666666668,0.4766666666666667,0.20333333333333334,0.13333333333333333,2,3
068be3f82883,0.30333333333333334,0.4266666666666667,0.19666666666666666,0.07333333333333333,1,2
069f0610c6e5,0.35333333333333333,0.39666666666666667,0.14333333333333334,0.10666666666666667,1,0
06b01b8935cb,0.16773622617064554,0.3567003892963177,0.2800237699481184,0.19553961458491834,0,1
06b55d23496f,0.2866666666666667,0.35333333333333333,0.19,0.17,1,3
06dc92c4302a,0.36666666666666664,0.37333333333333335,0.21,0.05,1,2
06e5fcfcd2f8,0.4066666666666667,0.25666666666666665,0.24,0.09666666666666666,0,4
06ee997f0ba0,0.18333333333333332,0.5833333333333334,0.16666666666666666,0.06666666666666667,2,3
06f711c020a1,0.18666666666666668,0.5366666666666666,0.24333333333333335,0.03333333333333333,2,4
07096154447a,0.16666666666666666,0.6266666666666667,0.12666666666666668,0.08,1,3
070cbb72137d,0.42059370550040664,0.1850300638876879,0.30296730309538866,0.09140892751651662,2,1
07110539dce9,0.33666666666666667,0.38,0.21333333333333335,0.07,1,2
0717c8ac304f,0.12666666666666668,0.61,0.2,0.06333333333333334,1,0
0718a591b693,0.16,0.5666666666666667,0.19,0.08333333333333333,0,4
0725e859c8de,0.36666666666666664,0.4033333333333333,0.18333333333333332,0.04666666666666667,0,3
072ae7beb987,0.6766666666666666,0.18,0.09,0.05333333333333334,0,4
072f2a6a3afe,0.20666666666666667,0.43333333333333335,0.09666666666666666,0.2633333333333333,1,0
075544a7881c,0.08721166936578899,0.5764857189113249,0.2067454225854473,0.12955718913743883,1,1
076451eaa633,0.4299556015495675,0.1903408099634377,0.2625935114878253,0.11711007699916953,0,1
0786e68c8c8d,0.8433333333333334,0.08666666666666667,0.04666666666666667,0.023333333333333334,0,2
078e02e7614f,0.28,0.4,0.23,0.09,2,4
07908d53db2b,0.17333333333333334,0.5935961768219833,0.14333333333333334,0.08973715651135006,3,2
079e0cefd391,0.19666666666666666,0.5166666666666667,0.18333333333333332,0.10333333333333333,1,3
07a2358b4e59,0.47,0.2733333333333333,0.22333333333333333,0.03333333333333333,2,4
07ab05ea79fa,0.20666666666666667,0.5366666666666666,0.15333333333333332,0.10333333333333333,1,2
07b01d3eb9d2,0.29,0.44333333333333336,0.16,0.10666666666666667,0,3
07caeab1de20,0.26666666666666666,0.3566666666666667,0.19333333333333333,0.18333333333333332,1,2
07d5f3e47055,0.15666666666666668,0.6338197767145135,0.12666666666666668,0.08284688995215311,1,2
07ee38c90625,0.20333333333333334,0.38333333333333336,0.24,0.17333333333333334,0,2
0809cb7a5f38,0.33,0.27,0.18666666666666668,0.21333333333333335,0,2
080c164369e7,0.34824119273307397,0.3121483535101774,0.2241396259516407,0.11547082780510796,1,1
08277cefd028,0.6933333333333334,0.15,0.11333333333333333,0.043333333333333335,3,2
082f133bd70d,0.3064727260411868,0.3875546980286078,0.11690903230022151,0.18906354362998384,1,1
0833353809f6,0.2733333333333333,0.35,0.26,0.11666666666666667,0,4
0845243089f8,0.22666666666666666,0.47,0.23333333333333334,0.07,1,4
0846afd21193,0.37338939751007305,0.2525556915150229,0.2550584017811581,0.118996509193746,1,1
0847b3407f85,0.5133333333333333,0.33041847041847044,0.11,0.04624819624819625,2,2
08493873ea34,0.19,0.67,0.09,0.05,1,0
0862f314ec92,0.5133333333333333,0.30333333333333334,0.12,0.06333333333333334,0,3
086f0ab55636,0.4,0.27666666666666667,0.11333333333333333,0.21,1,2
0878e798a4a6,0.14666666666666667,0.57,0.15666666666666668,0.12666666666666668,1,2
088317a7f035,0.12666666666666668,0.67,0.13666666666666666,0.06666666666666667,1,0
088665db15b6,0.5319932808635863,0.12493721171310708,0.21114940423161435,0.13192010319169217,2,1
089b1ed81bba,0.14,0.5533333333333333,0.20333333333333334,0.10333333333333333,1,0
08aad9bda74f,0.24650482695843295,0.3856992704966179,0.21269835008695617,0.15509755245799303,0,1
08b3ed9bd8ff,0.17,0.5466666666666666,0.1,0.18333333333333332,2,2
08bf9775ebfd,0.27666666666666667,0.4033333333333333,0.22,0.1,0,0
08c27d332b66,0.21,0.7033333333333334,0.03666666666666667,0.05,1,0
08c7df1f8eee,0.5272812014788457,0.18576044905591815,0.2221350849556711,0.06482326450956534,0,1
08d64eda9bab,0.2471776606396062,0.3329451631052062,0.27830813632966517,0.1415690399255224,1,1
08e2e4a4410e,0.1,0.7766666666666666,0.10333333333333333,0.02,1,4
08ec6f5aa0df,0.16318486446541308,0.297038053552411,0.279831323489343,0.2599457584928332,1,1
08ee3bc2ae53,0.4033333333333333,0.3566666666666667,0.22666666666666666,0.013333333333333334,2,3
08f053401845,0.2733333333333333,0.42333333333333334,0.20666666666666667,0.09666666666666666,1,4
090c33962b67,0.14666666666666667,0.58,0.19333333333333333,0.08,1,3
09249d4b7b53,0.25,0.3433333333333333,0.27666666666666667,0.13,3,2
09419c95273e,0.08666666666666667,0.6,0.21,0.10333333333333333,1,2
09539e4d58bb,0.2,0.5366666666666666,0.14,0.12333333333333334,2,0
095a25cc191d,0.5133333333333333,0.20666666666666667,0.23333333333333334,0.04666666666666667,0,3
096061261805,0.30816245460096675,0.2559574364382716,0.2610491228869821,0.17483098607377948,0,1
096c4eb10909,0.48,0.26666666666666666,0.15666666666666668,0.09666666666666666,0,2
096eae67f478,0.4033333333333333,0.31333333333333335,0.19,0.09333333333333334,0,3
0983897d389c,0.21666666666666667,0.5466666666666666,0.10666666666666667,0.13,1,3
099f710eacfd,0.043333333333333335,0.8266666666666667,0.11333333333333333,0.016666666666666666,1,3
09a6c1515372,0.32,0.43333333333333335,0.19333333333333333,0.05333333333333334,0,2
09aa1559bcd4,0.23860431334236096,0.41371378468423914,0.21794060151903924,0.12974130045436072,2,1
09bb2eb902cb,0.11333333333333333,0.5833333333333334,0.2,0.10333333333333333,1,2
09d8a69657ab,0.31333333333333335,0.5266666666666666,0.11333333333333333,0.04666666666666667,2,4
09dd3b736a69,0.14666666666666667,0.57,0.23,0.05333333333333334,1,2
09eff3975c81,0.11,0.6033333333333334,0.18666666666666668,0.1,1,2
09fb4da6ca2f,0.44333333333333336,0.2733333333333333,0.24,0.043333333333333335,0,2
0a1a3dd9e738,0.7266666666666667,0.16666666666666666,0.08333333333333333,0.023333333333333334,3,2
0a256a4617e8,0.17666666666666667,0.53,0.20333333333333334,0.09,1,2
0a29d44f380b,0.14333333333333334,0.5866666666666667,0.19666666666666666,0.07333333333333333,1,0
0a316256e7b2,0.15666666666666668,0.56,0.14666666666666667,0.13666666666666666,1,3
0a3cd97f740b,0.4533333333333333,0.23333333333333334,0.27,0.043333333333333335,0,0
0a49309fc682,0.13333333333333333,0.5366666666666666,0.27666666666666667,0.05333333333333334,3,0
0a54c691d360,0.3433333333333333,0.42,0.16333333333333333,0.07333333333333333,1,0
0a5b9e289c44,0.31,0.5233333333333333,0.10333333333333333,0.06333333333333334,2,3
0a763df67cdc,0.32,0.32,0.19333333333333333,0.16666666666666666,2,0
0a903dd7283d,0.3,0.4838288065843621,0.14333333333333334,0.07283786008230453,1,4
0a9169b86b81,0.2510258881918054,0.4098204046673929,0.2586947120865386,0.08045899505426334,1,1
0a95fd575cf1,0.24,0.37333333333333335,0.26,0.12666666666666668,0,2
0ab744a0db95,0.36666666666666664,0.43333333333333335,0.11333333333333333,0.08666666666666667,1,0
0abb818755e4,0.21666666666666667,0.4666666666666667,0.18,0.13666666666666666,3,4
0acf45b01bdf,0.21666666666666667,0.4766666666666667,0.19666666666666666,0.11,0,0
0ad39f5b94c1,0.16333333333333333,0.61,0.19666666666666666,0.03,1,3
0adaae6adf1b,0.17666666666666667,0.5833333333333334,0.17333333333333334,0.06666666666666667,0,4
0adca2b37fe5,0.5833333333333334,0.19333333333333333,0.13333333333333333,0.09,0,2
0adfd8d6f010,0.09664685065243905,0.5957864957231039,0.21863155263260617,0.08893510099185083,1,1
0af232c221f8,0.25,0.34,0.23333333333333334,0.17666666666666667,2,3
0b0449d32b66,0.17,0.5333333333333333,0.12666666666666668,0.17,3,4
0b152dc8af83,0.30333333333333334,0.33666666666666667,0.19,0.17,2,3
0b1671929731,0.21,0.43,0.24666666666666667,0.11333333333333333,2,3
0b19774105f5,0.59,0.23666666666666666,0.14,0.03333333333333333,0,0
0b457ab68e89,0.5533333333333333,0.20666666666666667,0.18,0.06,0,4
0b462ace8c37,0.13333333333333333,0.6533333333333333,0.18666666666666668,0.02666666666666667,2,4
0b5593ee3915,0.1,0.72,0.12333333333333334,0.056666666666666664,1,3
0b58306a56c9,0.20082980215373641,0.3312006154543422,0.29519248321105535,0.17277709918086567,2,1
0b6a57fb8aaa,0.18666666666666668,0.52,0.24333333333333335,0.05,0,4
0b7a0022dbc8,0.0783101217224305,0.5940092158973937,0.17036151586624795,0.15731914651392823,1,1
0b89a95b6733,0.2733333333333333,0.47,0.16,0.09666666666666666,2,0
0ba072188224,0.05333333333333334,0.76,0.13,0.056666666666666664,1,3
0ba55e5422ab,0.5633333333333334,0.20666666666666667,0.17666666666666667,0.05333333333333334,0,4
0baee5ac23b2,0.16043628759711448,0.4430264718378688,0.25717756275597664,0.13935967780904018,1,1
0bc5db15a5b8,0.24130202966431444,0.28118954913564737,0.2852415777925,0.1922668434075379,1,1
0bc9b8eb7ead,0.4166666666666667,0.26,0.20333333333333334,0.12,0,3
0bdd22c68e47,0.12333333333333334,0.6866666666666666,0.14,0.05,1,2
0be731313053,0.6266666666666667,0.17333333333333334,0.11666666666666667,0.08333333333333333,1,4
0c19eb129296,0.14,0.4033333333333333,0.25,0.20666666666666667,3,4
0c30a9ded310,0.39136297044311064,0.13659840684202626,0.21433611152496568,0.2577025111898978,0,1
0c329e5c3715,0.14666666666666667,0.5166666666666667,0.17666666666666667,0.16,0,3
0c3d6d108e07,0.1385148396606491,0.295956292489425,0.3225105913853292,0.2430182764645967,3,1
0c4be0c6f78c,0.08666666666666667,0.7033333333333334,0.14,0.07,1,2
0c5c7da459a3,0.1768520790608458,0.3475381355022864,0.22758186444997988,0.24802792098688764,0,1
0c6ef19c59cf,0.11333333333333333,0.5633333333333334,0.22666666666666666,0.09666666666666666,1,2
0c7570079a16,0.3585953653465799,0.3185227545718242,0.2499510123598218,0.0729308677217742,1,1
0c795288aac0,0.23,0.42,0.27666666666666667,0.07333333333333333,0,3
0c890190c894,0.12333333333333334,0.6366666666666667,0.12666666666666668,0.11333333333333333,1,0
0c9b15035c41,0.28716999082649275,0.28240875463067844,0.2825709204138428,0.1478503341289859,1,1
0c9f6e26f5fc,0.12333333333333334,0.6066666666666667,0.19666666666666666,0.07333333333333333,2,3
0ca49b5d2be4,0.12333333333333334,0.5575392524663054,0.20666666666666667,0.1124607475336946,3,2
0ccf6bf856e5,0.25666666666666665,0.44666666666666666,0.2,0.09666666666666666,0,0
0cd5e635c50c,0.13333333333333333,0.43,0.27,0.16666666666666666,0,2
0cde09614efd,0.14,0.5733333333333334,0.23333333333333334,0.05333333333333334,1,0
0d12c6a46f62,0.15333333333333332,0.59,0.22666666666666666,0.03,1,0
0d1626be72d5,0.41333333333333333,0.33,0.17333333333333334,0.08333333333333333,2,3
0d19a07bbff0,0.19,0.55,0.17666666666666667,0.08333333333333333,1,3
0d49a20737e8,0.6366666666666667,0.19333333333333333,0.13333333333333333,0.03666666666666667,0,2
0d4f4da9dda3,0.44354568931229615,0.1920808067213263,0.22268818655291872,0.14168531741345888,0,1
0d5082a9a044,0.20333333333333334,0.5566666666666666,0.17333333333333334,0.06666666666666667,1,2
0d6d3f946d7b,0.17333333333333334,0.47,0.2866666666666667,0.07,1,4
0d6d908b3a21,0.1353801761654876,0.37443283030159663,0.25062866006222156,0.23955833347069438,3,1
0d806ffe4e77,0.3333333333333333,0.39,0.23666666666666666,0.04,0,0
0d88a0777808,0.1138650392488214,0.5184370308963737,0.22685400542854894,0.14084392442625615,1,1
0d8d0ec75a82,0.24666666666666667,0.5066666666666667,0.17333333333333334,0.07333333333333333,0,4
0d962bb4c9f2,0.37333333333333335,0.4033333333333333,0.13,0.09333333333333334,0,3
0d9709b3af74,0.5466666666666666,0.23,0.12333333333333334,0.1,3,0
0d9ebdd085fc,0.10666666666666667,0.5933333333333334,0.22666666666666666,0.07333333333333333,1,2
0da60a794140,0.11333333333333333,0.7233333333333334,0.11666666666666667,0.04666666666666667,1,4
0dad96d7bb42,0.2742799914842629,0.2987113371965347,0.24193562567932697,0.18507304563987562,0,1
0dbfffc14b06,0.16666666666666666,0.47437590129300883,0.26666666666666666,0.09229076537365787,1,2
0dca97b508f0,0.15333333333333332,0.47333333333333333,0.23,0.14333333333333334,0,0
0dccf6c8a734,0.16333333333333333,0.6666666666666666,0.11333333333333333,0.056666666666666664,3,3
0dda3b2bc0a2,0.17980241091851654,0.5019503392601324,0.23595294497794267,0.08229430484340873,1,1
0e073fd45001,0.19333333333333333,0.5033333333333333,0.17333333333333334,0.13,1,2
0e1701865c35,0.1999194101605969,0.4098113372646965,0.26699178413461644,0.12327746844009041,1,1
0e2a0ec6533d,0.31666666666666665,0.3233333333333333,0.22666666666666666,0.13333333333333333,3,0
0e3c57f50255,0.41,0.29333333333333333,0.22,0.07666666666666666,1,4
0e3eff99adbc,0.23666666666666666,0.44666666666666666,0.15666666666666668,0.16,1,4
0e4c41d96006,0.46,0.30333333333333334,0.16,0.07666666666666666,0,2
0e62c82c7975,0.16713625954042802,0.44478122569860334,0.19007465077211247,0.19800786398885603,1,1
0e63ba149294,0.17666666666666667,0.5666666666666667,0.19333333333333333,0.06333333333333334,1,0
0e698a56dcd3,0.4033333333333333,0.35333333333333333,0.18,0.06333333333333334,0,3
0e76983343a5,0.5368653809397231,0.2218726415718358,0.17469448307827506,0.06656749441016602,0,1
0e873e593a75,0.4033333333333333,0.36666666666666664,0.17,0.06,3,4
0e89eeeb5eef,0.11,0.6466666666666666,0.15333333333333332,0.09,1,2
0e908a012691,0.27478904294367534,0.3640845543578814,0.24795915537776145,0.11316724732068195,1,1
0e9bece7e297,0.11,0.6533333333333333,0.15333333333333332,0.08333333333333333,2,0
0eb98db06f45,0.23821978605128447,0.32793096695376145,0.2775503751492302,0.1562988718457237,1,1
0ec2cfa1e0ea,0.16,0.51,0.20666666666666667,0.12333333333333334,3,3
0ec2edfe7846,0.4197446738757933,0.2610176462779589,0.18013526367543883,0.13910241617080926,1,1
0ee1a62438bd,0.13666666666666666,0.6408523849844765,0.14,0.0824809483488569,1,2
0ee703df04a3,0.33,0.38,0.15333333333333332,0.13666666666666666,0,3
0efc048f9f22,0.22,0.45666666666666667,0.18333333333333332,0.14,1,3
0f0cda6d8d62,0.6433333333333333,0.20333333333333334,0.13666666666666666,0.016666666666666666,0,4
0f21dc4d6a38,0.22296285119221404,0.2782875416054898,0.23341047175210572,0.2653391354501902,2,1
0f2816e59e90,0.31,0.47,0.15,0.07,0,0
0f3963b5b9bc,0.19,0.5666666666666667,0.2,0.043333333333333335,1,0
0f61a1f7ed0a,0.18333333333333332,0.5405082855321861,0.18,0.09615838113448057,2,2
0f6b7e2b8dd9,0.5233333333333333,0.22333333333333333,0.21666666666666667,0.03666666666666667,0,0
0f712cf8a226,0.5066666666666667,0.2866666666666667,0.15,0.056666666666666664,0,2
0f86f48eeeac,0.22,0.5833333333333334,0.16333333333333333,0.03333333333333333,2,2
0f903cf7e724,0.4012203712284441,0.21327131495327054,0.26793328372324304,0.11757503009504243,1,1
0f98e00ec7c1,0.7,0.11333333333333333,0.12333333333333334,0.06333333333333334,0,2
0fb43e2250de,0.55,0.18333333333333332,0.19666666666666666,0.07,0,2
0fca95b2e96f,0.22573144597752773,0.4291637866698849,0.15965851809958967,0.18544624925299774,0,1
0fd2db233deb,0.14333333333333334,0.49333333333333335,0.21,0.15333333333333332,2,3
0ff3c25a854c,0.23093663244476698,0.4436416269168454,0.20603323572338755,0.11938850491500026,3,1
1011cb42537b,0.17119833718443647,0.49261794080137605,0.27248682077107034,0.06369690124311712,1,1
1014eb974c52,0.19778500453324363,0.2919487026415609,0.2396592066633533,0.27060708616184204,2,1
101c3d954b1a,0.36333333333333334,0.36666666666666664,0.20333333333333334,0.06666666666666667,1,0
10210984c4e3,0.6466666666666666,0.19333333333333333,0.13666666666666666,0.023333333333333334,0,2
1023832e4df5,0.05,0.83,0.08666666666666667,0.03333333333333333,1,3
102b9bd43e3f,0.20537078109831153,0.419960506777088,0.2436935771255751,0.13097513499902513,1,1
1057c264185b,0.18,0.58,0.14666666666666667,0.09333333333333334,1,3
106749939445,0.14252249487680702,0.42689558041049536,0.2369399308362198,0.19364199387647787,0,1
109cf108fd45,0.30333333333333334,0.35,0.22333333333333333,0.12333333333333334,1,3
10b0f0913b0e,0.15666666666666668,0.4166666666666667,0.25,0.17666666666666667,0,3
10b30a720c5b,0.30666666666666664,0.36333333333333334,0.19333333333333333,0.13666666666666666,0,3
10bd268ba723,0.1,0.7033333333333334,0.12333333333333334,0.07333333333333333,1,2
10c04ba1bd2b,0.10666666666666667,0.7033333333333334,0.14,0.05,1,0
10c4ff4c9059,0.13,0.63,0.13666666666666666,0.10333333333333333,2,3
10e35f64fc16,0.18333333333333332,0.42,0.25333333333333335,0.14333333333333334,1,3
10f0d04d472c,0.3233333333333333,0.5133333333333333,0.06666666666666667,0.09666666666666666,0,4
110f748ac87d,0.6033333333333334,0.18,0.15666666666666668,0.06,0,0
111796da8caa,0.13333333333333333,0.6033333333333334,0.22666666666666666,0.03666666666666667,1,0
111f1af1c3da,0.35,0.36333333333333334,0.18666666666666668,0.1,1,2
1124139f32e2,0.21333333333333335,0.5833333333333334,0.15333333333333332,0.05,3,2
116aee0c66b7,0.20666666666666667,0.71,0.03666666666666667,0.04666666666666667,1,4
1179757bcf68,0.38333333333333336,0.33666666666666667,0.19333333333333333,0.08666666666666667,0,3
1181dd47fe5c,0.22462737257794407,0.47236678303533175,0.17683960679882296,0.12616623758790121,3,1
11858d1119d0,0.3333333333333333,0.4266666666666667,0.19,0.05,0,0
11961f06a9b0,0.17584414364037837,0.32738770256390426,0.19981261536756303,0.2969555384281543,0,1
119f1eff7a08,0.18666666666666668,0.5033333333333333,0.17,0.14,2,0
11a47a5bfa3e,0.3933333333333333,0.38,0.12666666666666668,0.1,2,4
11b52fbe26a3,0.22333333333333333,0.38,0.23,0.16666666666666666,2,0
11d06f38e6c7,0.23666666666666666,0.5033333333333333,0.14666666666666667,0.11333333333333333,2,4
11d1ba716865,0.18,0.4166666666666667,0.24333333333333335,0.16,1,4
11d3ee227030,0.24980118715870323,0.37664581642151473,0.1895168834572562,0.1840361129625262,1,1
11d461e08258,0.21333333333333335,0.48,0.20333333333333334,0.10333333333333333,1,3
11dbbf7b8061,0.14,0.6766666666666666,0.14666666666666667,0.03666666666666667,1,0
11dd0dac0097,0.14333333333333334,0.49,0.24666666666666667,0.12,1,2
11fc7a6b1309,0.6733333333333333,0.12,0.12333333333333334,0.08333333333333333,0,2
122d8eb18755,0.09666666666666666,0.65,0.15666666666666668,0.09666666666666666,1,3
12435b432178,0.11283038040269525,0.34996537147417534,0.3122088630974307,0.22499538502569869,1,1
12466f93afc9,0.2633333333333333,0.4666666666666667,0.18333333333333332,0.08666666666666667,0,2
1264d1caa4ec,0.11739674145123817,0.4192027025375316,0.20382320091678555,0.25957735509444435,2,1
126aa6f8dd4d,0.13666666666666666,0.6866666666666666,0.13666666666666666,0.04,1,0
126bc37fb7cd,0.5533333333333333,0.21666666666666667,0.22666666666666666,0.0033333333333333335,1,0
126d0f49608d,0.48,0.3201747903102821,0.16666666666666666,0.033158543023051205,3,4
12a7e0fbe115,0.12666666666666668,0.57,0.18666666666666668,0.11666666666666667,1,0
12aac2bc16f8,0.5166666666666667,0.23333333333333334,0.2,0.05,0,2
12d8e3dacf25,0.09,0.5833333333333334,0.26666666666666666,0.06,0,4
12d985bbeae6,0.4660996855494335,0.21346411307538277,0.2152019647942376,0.10523423658094577,3,1
12e41bdbf7d8,0.16,0.5333333333333333,0.20666666666666667,0.1,3,2
12e8a13330c2,0.34169865330813604,0.24886299198997658,0.309669540797828,0.09976881390405949,0,1
12eb7f468be2,0.36333333333333334,0.33666666666666667,0.14,0.16,2,0
12ee3626ff46,0.09333333333333334,0.7466666666666667,0.1,0.06,1,2
12fdd23605e7,0.37333333333333335,0.33,0.22666666666666666,0.07,0,4
12fe5d33abc6,0.18912009300397153,0.40100513864757087,0.2691732724852532,0.1407014958632042,2,1
1310de79e289,0.20333333333333334,0.41333333333333333,0.26666666666666666,0.11666666666666667,1,2
1311dd0e5c64,0.06,0.7866666666666666,0.11333333333333333,0.04,0,4
131bc41b0023,0.12,0.6833333333333333,0.14666666666666667,0.05,1,4
132141473871,0.16666666666666666,0.55,0.17666666666666667,0.10666666666666667,1,0
13320f26da3c,0.11,0.44666666666666666,0.2866666666666667,0.15666666666666668,1,2
133a21a5280f,0.18,0.45,0.21666666666666667,0.15333333333333332,1,4
133f2685856f,0.22012305931455273,0.3184941697563907,0.29645811492908547,0.16492465599997116,1,1
1346f9458379,0.22333333333333333,0.4633333333333333,0.24666666666666667,0.06666666666666667,0,2
13481f97071c,0.07666666666666666,0.6933333333333334,0.17333333333333334,0.056666666666666664,1,4
13787cd0a611,0.20800255249490668,0.36691787419446953,0.20784923553223605,0.21723033777838766,1,1
138be234cb3c,0.21666666666666667,0.43,0.23333333333333334,0.12,1,0
1392a9bbcbdb,0.22,0.44,0.27666666666666667,0.06333333333333334,1,0
13b60143c0f5,0.20333333333333334,0.5333333333333333,0.10333333333333333,0.16,1,4
13bd1f239046,0.15666666666666668,0.4768514851485149,0.21,0.15648184818481847,2,0
13ce825a3cf7,0.17061281290863142,0.47831536545380793,0.20643281384364803,0.1446390077939125,1,1
13def796c64d,0.20666666666666667,0.5033333333333333,0.21,0.08,1,0
13e21ab810f1,0.6386660607559244,0.12472998937779678,0.16716695854983257,0.06943699131644628,2,1
13eff8f19efb,0.3,0.47333333333333333,0.17,0.056666666666666664,1,2
13f1e5778385,0.17666666666666667,0.5466666666666666,0.20666666666666667,0.07,1,2
13f212585f43,0.17333333333333334,0.65,0.14,0.03666666666666667,0,2
13f84be4b729,0.2866666666666667,0.53,0.11,0.07333333333333333,1,4
14098d7c56bf,0.2,0.4633333333333333,0.21333333333333335,0.12333333333333334,1,3
141cfd1cf748,0.3233333333333333,0.31,0.27666666666666667,0.09,2,0
14204d559d6c,0.37666666666666665,0.27666666666666667,0.2733333333333333,0.07333333333333333,0,3
14214ff4686b,0.31333333333333335,0.48333333333333334,0.14666666666666667,0.056666666666666664,0,3
1427ed4ecdf1,0.33,0.39666666666666667,0.2,0.07333333333333333,0,4
1428fbfc536d,0.4266666666666667,0.3433333333333333,0.15333333333333332,0.07666666666666666,0,0
143c466c5a41,0.36333333333333334,0.36333333333333334,0.14,0.13333333333333333,1,0
1452424edbbd,0.17,0.5166666666666667,0.16,0.15333333333333332,1,4
145a2c752783,0.28,0.49666666666666665,0.17333333333333334,0.05,0,0
145ea107cfdf,0.09970024136915276,0.551785040877282,0.2514752064199017,0.09703951133366351,1,1
1468f89958ae,0.29333333333333333,0.39,0.18333333333333332,0.13333333333333333,1,4
1496ac223912,0.23363044099740604,0.3562595977894646,0.23098129156478928,0.17912866964834026,2,1
14b5805d90cf,0.63,0.21666666666666667,0.14,0.013333333333333334,0,2
14be42e4beee,0.12,0.5466666666666666,0.24333333333333335,0.09,2,3
14c938eebb45,0.2,0.5566666666666666,0.12666666666666668,0.11666666666666667,1,4
14e56e75b328,0.35,0.41333333333333333,0.19,0.04666666666666667,3,2
14f70dbb7730,0.13666666666666666,0.6366666666666667,0.13666666666666666,0.09,1,0
14fa513dbf03,0.22333333333333333,0.52,0.12666666666666668,0.13,3,2
14fc1724dc3d,0.13333333333333333,0.6366666666666667,0.16,0.07,1,2
150c8a29908b,0.34,0.45,0.14666666666666667,0.06333333333333334,2,2
151097927345,0.13333333333333333,0.5666666666666667,0.18333333333333332,0.11666666666666667,1,0
152084ef57a6,0.62,0.20666666666666667,0.14666666666666667,0.02666666666666667,0,3
153f72083ac5,0.11,0.6866666666666666,0.15666666666666668,0.04666666666666667,1,3
154b47e45726,0.44666666666666666,0.30666666666666664,0.2,0.04666666666666667,0,3
1553091efbda,0.16666666666666666,0.46,0.23666666666666666,0.13666666666666666,1,3
1554e808cb6d,0.3065524452043043,0.3726869673860971,0.19892557255554869,0.12183501485404967,0,1
155b096d1b12,0.3237458893659636,0.2656262507330312,0.27499606487473494,0.1356317950262704,0,1
1565a173b9e0,0.4197790571714188,0.20539477822414928,0.218599933694852,0.15622623090957963,3,1
156e6297a136,0.4652017938120541,0.173061950617558,0.22696589613490908,0.1347703594354787,0,1
158f4775c613,0.2316055884564727,0.27434609333453464,0.34123954723249883,0.15280877097649423,1,1
1594ca188938,0.15333333333333332,0.49666666666666665,0.25,0.1,1,3
1595bbc15964,0.21126245973794458,0.4069713325592034,0.22258253518802376,0.1591836725148282,0,1
15987bfb9f6c,0.24333333333333335,0.5866666666666667,0.14666666666666667,0.023333333333333334,1,3
159c607b0f88,0.16,0.5133333333333333,0.2,0.12666666666666668,2,4
159cbf48e73c,0.25333333333333335,0.52,0.17333333333333334,0.05333333333333334,1,3
15ae12f7cfb1,0.12666666666666668,0.6533333333333333,0.12,0.1,1,0
15b667401963,0.18333333333333332,0.5666666666666667,0.17333333333333334,0.07666666666666666,1,3
15b8fbeb41a8,0.11666666666666667,0.5133333333333333,0.2866666666666667,0.08333333333333333,1,4
15bd754f1ec1,0.3433333333333333,0.47333333333333333,0.15333333333333332,0.03,1,3
15cd3787bcc0,0.21666666666666667,0.5,0.09666666666666666,0.18666666666666668,3,3
15e2f6a8e8fc,0.47,0.26666666666666666,0.21,0.05333333333333334,3,3
15e7f6ecc2c5,0.30333333333333334,0.39,0.15333333333333332,0.15333333333333332,1,2
15f05ab2d893,0.26666666666666666,0.4305041605482134,0.23,0.07282917278511992,1,2
15f599eeb81f,0.2733333333333333,0.38,0.21333333333333335,0.13333333333333333,1,3
15f749d8d34c,0.18,0.4033333333333333,0.33666666666666667,0.08,1,2
15fe7f82b7e2,0.3233333333333333,0.41799415007312407,0.14,0.11867251659354257,1,4
160c3b649efd,0.24554712593186914,0.35871245507609356,0.31319111590074655,0.0825493030912905,1,1
160c8b6c7e2c,0.08333333333333333,0.7166666666666667,0.08333333333333333,0.11666666666666667,1,0
161664ae65cc,0.36666666666666664,0.33,0.14,0.16333333333333333,2,0
161875acf5a4,0.23333333333333334,0.41360962566844917,0.22,0.1330570409982175,1,0
1618ee0e44de,0.10333333333333333,0.64,0.21,0.04666666666666667,1,3
161a333c9092,0.22,0.3933333333333333,0.29333333333333333,0.09333333333333334,1,4
161d81d28399,0.47863621611411267,0.15562905087825651,0.24965271787905421,0.11608201512857666,2,1
16203f0dd93a,0.5884602251775902,0.10982260170765765,0.25658083738965404,0.045136335725098536,0,1
162b49bd6d26,0.49251833918865306,0.1550853361145049,0.26233343817448906,0.09006288652235277,3,1
1665788ce755,0.07,0.6733333333333333,0.17333333333333334,0.08333333333333333,1,3
1674ae57f764,0.5766666666666667,0.20666666666666667,0.18666666666666668,0.03,1,4
168dddd3daa1,0.1745370415967615,0.3797557926630108,0.27467415546456714,0.1710330102756603,1,1
16954003ded9,0.4266666666666667,0.24666666666666667,0.18666666666666668,0.14,2,4
1697e617266f,0.23333333333333334,0.4266666666666667,0.2833333333333333,0.056666666666666664,1,4
16a13141a4ec,0.1,0.6533333333333333,0.20333333333333334,0.043333333333333335,1,0
16a9737d2dff,0.55,0.24,0.18,0.03,0,3
16c0b52e5fa7,0.11368661582556511,0.35869662711873795,0.26723839508363667,0.2603783619720605,1,1
16d98c50e843,0.19333333333333333,0.5833333333333334,0.17,0.05333333333333334,1,4
16fbc834dda4,0.19756407984408192,0.4127332570160166,0.2606717041614485,0.1290309589784528,1,1
170ac27f26c2,0.08,0.72,0.12666666666666668,0.07333333333333333,2,0
172e2caf0eb4,0.27152738827304823,0.3327565235777389,0.2588091797092142,0.13690690843999867,1,1
17493bd373b8,0.20666666666666667,0.5266666666666666,0.20333333333333334,0.06333333333333334,1,3
17577170d7ca,0.71,0.18,0.07,0.04,0,2
1772697538d3,0.31333333333333335,0.48,0.18,0.02666666666666667,0,2
17a89ce1e5b3,0.6033333333333334,0.24333333333333335,0.10333333333333333,0.05,2,2
17b73dde4491,0.17666666666666667,0.6766666666666666,0.09333333333333334,0.05333333333333334,1,2
17b7d506e666,0.13934295110853648,0.4531702492304932,0.21449091925863403,0.19299588040233664,3,1
17bb0bdd2f7b,0.2578643705260093,0.3713847546740707,0.23260346420661415,0.1381474105933061,2,1
17c04e889fdd,0.43333333333333335,0.30333333333333334,0.23,0.03333333333333333,0,0
17c25c1ffb8d,0.5233333333333333,0.25333333333333335,0.14333333333333334,0.08,3,4
17c64a6e2c5a,0.25333333333333335,0.48,0.19,0.07666666666666666,1,0
17da3bebe960,0.16364340981060244,0.4947521507553831,0.24549372967938315,0.0961107097546313,1,1
17e2c13b13a4,0.13333333333333333,0.6133333333333333,0.19333333333333333,0.06,2,4
17e46fc66a16,0.1,0.63,0.20333333333333334,0.06666666666666667,1,4
181360cf5b3f,0.2735900620406579,0.250229190661403,0.26339702636209966,0.21278372093583964,0,1
18156e6f27e8,0.31,0.5066666666666667,0.16,0.023333333333333334,0,3
18211ed86296,0.3497409340001178,0.1931775482145318,0.22976895362254082,0.22731256416280998,2,1
184cd4d75979,0.16333333333333333,0.5666666666666667,0.21333333333333335,0.056666666666666664,1,3
185dd4caeaa6,0.1326721861933477,0.5193119225731716,0.23138196551929008,0.11663392571419057,1,1
185ebc0fc39d,0.8333333333333334,0.10666666666666667,0.03666666666666667,0.023333333333333334,0,3
1882d31c20a8,0.14666666666666667,0.5233333333333333,0.20333333333333334,0.12666666666666668,1,4
18a530e6a802,0.23,0.42333333333333334,0.24666666666666667,0.1,1,2
18a979da66a5,0.12666666666666668,0.39666666666666667,0.22333333333333333,0.25333333333333335,2,4
18bcd9a1da10,0.15,0.5908523461041757,0.16,0.09914765389582436,1,2
18d48e95755f,0.37333333333333335,0.28,0.3,0.04666666666666667,0,4
18f97a81047e,0.17267382609663082,0.39553219431435854,0.23722028460553365,0.19457369498347685,1,1
19049e36a56b,0.06666666666666667,0.6766666666666666,0.15333333333333332,0.10333333333333333,1,3
190f1d3cbb04,0.13865765923606466,0.4873942572241281,0.2621631521507259,0.11178493138908162,1,1
1914c949b980,0.08,0.5766666666666667,0.26,0.08333333333333333,1,0
192cb96503cb,0.33,0.35333333333333333,0.2633333333333333,0.05333333333333334,1,2
1939753be279,0.16333333333333333,0.5233333333333333,0.23,0.08333333333333333,1,4
193d3d99e496,0.14666666666666667,0.45666666666666667,0.27,0.12666666666666668,1,2
19406db78215,0.11501315764407138,0.6147622207397762,0.1640320611364893,0.10619256047966336,1,1
1942df72cbb4,0.35333333333333333,0.4533333333333333,0.09666666666666666,0.09666666666666666,2,3
1948a0198a86,0.36333333333333334,0.3233333333333333,0.19666666666666666,0.11666666666666667,0,4
1956c85c146d,0.43333333333333335,0.3933333333333333,0.11666666666666667,0.056666666666666664,1,2
1964b644d7ef,0.30666666666666664,0.36333333333333334,0.23333333333333334,0.09666666666666666,3,2
1972681565cc,0.17666666666666667,0.5033333333333333,0.20666666666666667,0.11333333333333333,1,0
19905c7259b8,0.3433333333333333,0.4,0.21333333333333335,0.043333333333333335,1,4
199ef8aace49,0.5166666666666667,0.25,0.19,0.043333333333333335,0,4
19a2b2618a2b,0.38641874487034683,0.29083927867055387,0.1895733121808878,0.13316866427821167,3,1
19a69f8ae995,0.33666666666666667,0.36333333333333334,0.19666666666666666,0.10333333333333333,1,4
19c6a6e0cb1c,0.16666666666666666,0.5666666666666667,0.19,0.07666666666666666,1,3
1a03f0a16164,0.3042061207582262,0.2790786491441968,0.26051038636571966,0.1562048437318575,2,1
1a0409ee4b32,0.17906912285742316,0.3499664912055944,0.23763465227282102,0.23332973366416174,2,1
1a107c04965e,0.09666666666666666,0.6133333333333333,0.18666666666666668,0.10333333333333333,1,0
1a11cb490631,0.13333333333333333,0.6666666666666666,0.13666666666666666,0.06333333333333334,1,4
1a1a47e328f7,0.14666666666666667,0.5730799686603677,0.17666666666666667,0.10358669800629898,2,0
1a2cbb5c1a7f,0.4666666666666667,0.22333333333333333,0.24666666666666667,0.06333333333333334,0,2
1a3172a2e845,0.3615609076317042,0.29546711055314195,0.20261830401838105,0.14035367779677324,0,1
1a3e729f201e,0.36,0.42,0.18,0.04,3,0
1a404401eda8,0.29333333333333333,0.38666666666666666,0.21,0.11,2,0
1a4b245e03da,0.1688870209249342,0.40934354209813756,0.20858514074641046,0.21318429623051818,2,1
1a53a4506f10,0.15666666666666668,0.5633333333333334,0.20333333333333334,0.07666666666666666,2,3
1a6082c58f64,0.13,0.6166666666666667,0.2,0.05333333333333334,1,2
1a724e3102d0,0.36666666666666664,0.3,0.23666666666666666,0.09666666666666666,1,2
1a8038230877,0.06333333333333334,0.7533333333333333,0.12333333333333334,0.06,1,0
1a8733a7c289,0.25666666666666665,0.44666666666666666,0.24333333333333335,0.05333333333333334,1,4
1aa21301e856,0.20666666666666667,0.5133333333333333,0.18666666666666668,0.09333333333333334,0,0
1aacd741dace,0.15333333333333332,0.42333333333333334,0.33,0.09333333333333334,1,2
1aaef9f47b25,0.15666666666666668,0.6366666666666667,0.02666666666666667,0.18,1,0
1ab52121be21,0.17,0.5766666666666667,0.17,0.08333333333333333,1,3
1ac1de4ecb6c,0.35333333333333333,0.38,0.19333333333333333,0.07333333333333333,1,0
1ac288b2ce23,0.16333333333333333,0.5433333333333333,0.08,0.21333333333333335,1,2
1ad268f677fc,0.14666666666666667,0.5,0.26666666666666666,0.08666666666666667,1,4
1ad782651f09,0.27666666666666667,0.49666666666666665,0.19333333333333333,0.03333333333333333,1,0
1aecd8c867ac,0.16,0.5801747903102822,0.16666666666666666,0.09315854302305121,1,4
1af41c4cbf5d,0.16333333333333333,0.51,0.24,0.08666666666666667,1,3
1b427c519a72,0.41246530587645047,0.23012559415286238,0.24984372298409563,0.1075653769865917,2,1
1b49b7921474,0.15,0.55,0.23,0.07,0,0
1b5ca94ac38b,0.07666666666666666,0.7466666666666667,0.1,0.07666666666666666,1,0
1b6250d23465,0.13666666666666666,0.6233333333333333,0.18333333333333332,0.056666666666666664,2,4
1b6eb0f6fcb3,0.37666666666666665,0.34,0.21333333333333335,0.07,2,3
1b80a4e2614f,0.23920212744632877,0.40141639956723707,0.26803268866092156,0.09134878432551237,2,1
1b8afd81f6a0,0.5233333333333333,0.25333333333333335,0.15,0.07333333333333333,0,2
1ba5ddfad18d,0.43647317357808474,0.18746973092482397,0.17118340550012948,0.2048736899969616,2,1
1baca8182bf8,0.30333333333333334,0.33666666666666667,0.18666666666666668,0.17333333333333334,0,4
1bc9965d033b,0.7691796605855672,0.0743048388835071,0.08092795431155395,0.07558754621937178,0,1
1befbaaa2bdc,0.15333333333333332,0.5366666666666666,0.23666666666666666,0.07333333333333333,2,3
1bf775c57c75,0.15333333333333332,0.55,0.23333333333333334,0.06333333333333334,2,0
1c471b0d2fb4,0.5033333333333333,0.2633333333333333,0.19,0.043333333333333335,0,0
1c47b7084ba4,0.21666666666666667,0.51,0.16,0.11333333333333333,0,3
1c47fb86c8e7,0.4533333333333333,0.25333333333333335,0.2,0.09333333333333334,0,4
1c48cbfea106,0.32666666666666666,0.35333333333333333,0.23,0.09,2,2
1c4a89d7a901,0.21666666666666667,0.5866666666666667,0.11333333333333333,0.08333333333333333,2,3
1c5a0cb3ebc0,0.13666666666666666,0.6433333333333333,0.18,0.04,1,3
1c790318b3ef,0.18,0.5166666666666667,0.13666666666666666,0.16666666666666666,1,3
1c88dbf27747,0.24666666666666667,0.5266666666666666,0.14333333333333334,0.08333333333333333,1,3
1c897615664a,0.48,0.25333333333333335,0.15,0.11666666666666667,2,2
1ca63facc033,0.3233333333333333,0.37,0.23,0.07666666666666666,1,0
1cad23eae406,0.14666666666666667,0.6166666666666667,0.17666666666666667,0.06,2,2
1cb23162d215,0.32,0.43,0.18,0.07,0,3
1cbbe74b7fcf,0.08666666666666667,0.6333333333333333,0.17,0.11,1,3
1ccd5ebd1ca6,0.38,0.31666666666666665,0.17666666666666667,0.12666666666666668,0,0
1cd14dd22747,0.1166372062276893,0.3726392781321194,0.2446853484072208,0.26603816723297036,1,1
1cdcb65db764,0.15666666666666668,0.6033333333333334,0.16333333333333333,0.07666666666666666,3,2
1cdccea74613,0.37,0.36,0.21333333333333335,0.056666666666666664,3,4
1cdf13ab07d0,0.13124245864181,0.4163977263018996,0.2305858344633557,0.22177398059293452,2,1
1ce3a5d2f184,0.2866666666666667,0.45,0.15333333333333332,0.11,1,3
1ce5a6058285,0.17100113176527582,0.5257722625128927,0.19249670794540968,0.11072989777642209,2,1
1ceb2008c876,0.7566666666666667,0.16,0.06,0.023333333333333334,0,2
1cebae6715f0,0.12333333333333334,0.6238512869399429,0.12666666666666668,0.1261487130600572,1,4
1cf24b1b5615,0.16333333333333333,0.31666666666666665,0.49333333333333335,0.02666666666666667,1,0
1d01d5f6e570,0.17666666666666667,0.38333333333333336,0.37,0.07,2,4
1d079ba88b49,0.21,0.43666666666666665,0.27,0.08333333333333333,3,0
1d087706bfbb,0.15333333333333332,0.5066666666666667,0.27,0.07,1,0
1d243015f1d5,0.33,0.38333333333333336,0.19333333333333333,0.09333333333333334,1,2
1d28a8b7c0b1,0.09333333333333334,0.6033333333333334,0.23,0.07333333333333333,1,0
1d2c03c45291,0.13333333333333333,0.6866666666666666,0.13333333333333333,0.04666666666666667,1,0
1d4b92eb1e86,0.36,0.41,0.17666666666666667,0.05333333333333334,0,2
1d667e9556ad,0.04,0.7366666666666667,0.19,0.03333333333333333,1,2
1d6fda0514c6,0.41,0.2633333333333333,0.20666666666666667,0.12,0,4
1d7af2de9365,0.21333333333333335,0.5166666666666667,0.23,0.04,1,2
1d81732ee787,0.4066666666666667,0.2733333333333333,0.22666666666666666,0.09333333333333334,0,0
1da8d77bfbbc,0.17,0.5066666666666667,0.24666666666666667,0.07666666666666666,2,4
1dc051f3e900,0.16666666666666666,0.4666666666666667,0.18666666666666668,0.18,0,3
1ddffdd81388,0.21333333333333335,0.5633333333333334,0.10333333333333333,0.12,0,4
1de4e880cb3a,0.17,0.6133333333333333,0.14333333333333334,0.07333333333333333,1,0
1dec8f8a5290,0.12,0.5666666666666667,0.20333333333333334,0.11,2,0
1e0773b7e49b,0.17333333333333334,0.4266666666666667,0.30666666666666664,0.09333333333333334,1,2
1e1b4b1b53cb,0.31666666666666665,0.4666666666666667,0.15,0.06666666666666667,2,3
1e1b97345c32,0.38,0.36333333333333334,0.17333333333333334,0.08333333333333333,0,2
1e250701d101,0.29701604573365875,0.2663297786332948,0.3428396383279884,0.09381453730505795,3,1
1e26273cf072,0.09333333333333334,0.66,0.20666666666666667,0.04,1,0
1e322d374cd3,0.19612383673146527,0.4392856003315803,0.2060987620893697,0.15849180084758485,2,1
1e3c3ffc9561,0.06666666666666667,0.7466666666666667,0.13,0.056666666666666664,1,4
1e3f6f8e494c,0.14902940265454465,0.42951424114006737,0.2560084893078219,0.16544786689756616,1,1
1e4e4732d5e7,0.5404208428345703,0.10768703500108795,0.2574472074517283,0.09444491471261322,2,1
1e5680a65afb,0.74,0.14666666666666667,0.08,0.03333333333333333,0,2
1e5912d3fb31,0.3912022491810623,0.19743445801656642,0.24078812743476397,0.17057516536760764,0,1
1e7dc61b9022,0.5933333333333334,0.28,0.10333333333333333,0.023333333333333334,0,0
1e7e77b791bd,0.49,0.25,0.19666666666666666,0.06333333333333334,0,3
1e96d5eb4c91,0.20333333333333334,0.44,0.23,0.12666666666666668,2,3
1e98661f8fb3,0.13666666666666666,0.5,0.2866666666666667,0.07666666666666666,1,2
1eafb760551d,0.24,0.47,0.18,0.11,3,3
1eb7f8425ce6,0.35,0.31333333333333335,0.22333333333333333,0.11333333333333333,1,4
1ed21574ae51,0.1656107642285462,0.3344138363427119,0.2901808437431928,0.209794555685549,1,1
1eef24598603,0.17,0.57,0.19,0.07,1,2
1ef81f7528ce,0.2622213070004085,0.4113538466907706,0.18626762268764402,0.14015722362117689,0,1
1ef89135ba6e,0.14666666666666667,0.6633333333333333,0.14666666666666667,0.043333333333333335,1,0
1f01637439b3,0.5533333333333333,0.26,0.15,0.03666666666666667,0,2
1f294b434700,0.2833333333333333,0.49666666666666665,0.13333333333333333,0.08666666666666667,0,3
1f321faad845,0.23,0.47,0.15666666666666668,0.14333333333333334,1,2
1f44938d5c2b,0.11303897905856299,0.5381405334668682,0.19937822954272627,0.14944225793184293,1,1
1f4565e83b9a,0.4066666666666667,0.41333333333333333,0.16,0.02,1,4
1f4ded9818dc,0.24,0.55,0.12333333333333334,0.08666666666666667,1,3
1f64a498ff9e,0.17666666666666667,0.5,0.24333333333333335,0.08,1,0
1f89329fdcf2,0.28461483230154794,0.2936932010705676,0.2402454236996052,0.18144654292827953,2,1
1f8c2590aa47,0.12,0.7066666666666667,0.11333333333333333,0.06,2,0
1f96e6c401a0,0.25,0.4633333333333333,0.2,0.08666666666666667,1,0
1f970230eff3,0.11333333333333333,0.7466666666666667,0.09333333333333334,0.04666666666666667,1,0
1f988b9c498a,0.4390053866387807,0.2698428035620166,0.1983481160888223,0.09280369371038022,1,1
1f9fce7e4109,0.6066666666666667,0.21333333333333335,0.11,0.07,0,2
1fa134cbb2f7,0.16666666666666666,0.6166666666666667,0.17666666666666667,0.04,0,3
1fab0b8dc055,0.16,0.51,0.23666666666666666,0.09333333333333334,2,2
1fc1729b5b3c,0.10333333333333333,0.6066666666666667,0.22,0.07,1,2
1fc3de06c533,0.13333333333333333,0.56,0.19666666666666666,0.11,2,0
1fcc3fac4784,0.09789326237417645,0.4789519002246168,0.28741100201233205,0.13574383538887494,1,1
1fe87642bbc3,0.19666666666666666,0.5266666666666666,0.20666666666666667,0.07,1,0
1ffbfb47b97f,0.31,0.44,0.16,0.09,3,2
1ffc645c759a,0.7766666666666666,0.09666666666666666,0.11333333333333333,0.013333333333333334,0,2
200c39af6b9d,0.5833333333333334,0.23666666666666666,0.12666666666666668,0.05333333333333334,0,4
201a708feae5,0.11666666666666667,0.4066666666666667,0.38,0.09666666666666666,2,2
202662923e15,0.13,0.42333333333333334,0.25333333333333335,0.19333333333333333,1,3
20658524054c,0.5766666666666667,0.21333333333333335,0.15,0.06,0,3
2072fcb4eea6,0.24666666666666667,0.4633333333333333,0.14666666666666667,0.14333333333333334,3,3
207743ea0f6d,0.38666666666666666,0.3566666666666667,0.16,0.09666666666666666,2,2
207758407af9,0.14097163969739815,0.3271609075252642,0.29153282021844595,0.2403346325588917,1,1
207fa6f82857,0.33666666666666667,0.38333333333333336,0.24666666666666667,0.03333333333333333,2,0
20a308389234,0.21,0.48333333333333334,0.17333333333333334,0.13333333333333333,3,2
20a86e21402f,0.2975967403093397,0.2620159469585936,0.27218436204903673,0.16820295068302998,0,1
20b52d3e2fa5,0.5966666666666667,0.22,0.13666666666666666,0.04666666666666667,2,2
20d3ed4a413e,0.5266666666666666,0.25666666666666665,0.18666666666666668,0.03,3,0
20e00874f8ee,0.39666666666666667,0.4033333333333333,0.16666666666666666,0.03333333333333333,1,0
20eb74deaf29,0.5733333333333334,0.21666666666666667,0.15,0.06,2,3
20f85a875621,0.23093446650486635,0.38403771439587314,0.23286372392792543,0.15216409517133503,1,1
20fa80f5619e,0.41,0.4,0.10666666666666667,0.08333333333333333,0,3
210570d62277,0.34,0.32666666666666666,0.21,0.12333333333333334,0,2
2133352e9cde,0.19333333333333333,0.5866666666666667,0.15666666666666668,0.06333333333333334,1,3
2135722ae069,0.12333333333333334,0.6033333333333334,0.18666666666666668,0.08666666666666667,1,4
21468541d7b5,0.22,0.44666666666666666,0.17666666666666667,0.15666666666666668,2,4
214a48cfa07d,0.30333333333333334,0.49,0.17,0.03666666666666667,2,4
214c441d728b,0.17,0.6266666666666667,0.17,0.03333333333333333,1,2
215bc2b055e9,0.31666666666666665,0.37333333333333335,0.21666666666666667,0.09333333333333334,2,3
216e4a640f8e,0.24251526241672394,0.44631475819646027,0.1828201555387929,0.12834982384802313,1,1
218620841a93,0.4033333333333333,0.38,0.17666666666666667,0.04,1,4
2193df2f77b4,0.1977233311680013,0.33272832775749706,0.30470654794155105,0.16484179313295044,0,1
21b42c133cd2,0.24333333333333335,0.45666666666666667,0.23333333333333334,0.06666666666666667,1,0
21b8491fb0e0,0.10607805675193115,0.504593081134872,0.25750174714205054,0.1318271149711465,1,1
21be1a5bfa64,0.17,0.6466666666666666,0.14333333333333334,0.04,1,2
21c44b9f3caa,0.2866666666666667,0.37,0.25666666666666665,0.08666666666666667,2,4
21ce0d042853,0.45,0.2833333333333333,0.22333333333333333,0.043333333333333335,0,4
21d30b087de5,0.36333333333333334,0.30333333333333334,0.22666666666666666,0.10666666666666667,0,0
22088825f165,0.6433333333333333,0.18666666666666668,0.11666666666666667,0.05333333333333334,0,3
2222b92077a6,0.56,0.2833333333333333,0.09,0.06666666666666667,3,2
22278d83c0ab,0.56,0.17,0.23,0.04,0,2
22353f3ff2d1,0.3753645545479454,0.27627064033765125,0.2437400648331104,0.1046247402812932,0,1
2252ba87b56b,0.09,0.71,0.15,0.05,1,4
22555df670d7,0.20333333333333334,0.46,0.27666666666666667,0.06,0,2
2259b6d5ac66,0.3233333333333333,0.3933333333333333,0.15666666666666668,0.12666666666666668,0,0
22686edb0131,0.34,0.39666666666666667,0.20333333333333334,0.06,0,4
2280689e5dd3,0.3233333333333333,0.44,0.17,0.06666666666666667,0,4
22869b2939dd,0.39,0.2633333333333333,0.17666666666666667,0.17,1,3
2287b570cdd8,0.6633333333333333,0.16333333333333333,0.13333333333333333,0.04,0,4
2296c0ca15df,0.23333333333333334,0.3802548419979612,0.24,0.14641182466870542,1,4
22adb7da3c70,0.5433333333333333,0.26666666666666666,0.13666666666666666,0.05333333333333334,0,0
22d433d1fe06,0.19416219905507318,0.4013504878650777,0.2549221910545576,0.1495651220252916,1,1
22ebaa704ad4,0.07666666666666666,0.7281127599253914,0.08333333333333333,0.11188724007460862,1,0
230f160d4a7c,0.43,0.26666666666666666,0.19,0.11333333333333333,0,0
231a5f824249,0.04666666666666667,0.72,0.21333333333333335,0.02,1,2
232d23dcb5c6,0.18353685000300785,0.4418614705262848,0.25115147427330337,0.12345020519740398,1,1
23423a5342ea,0.3947022838552034,0.26498702306753247,0.25549718474633143,0.08481350833093264,0,1
23600e975e6f,0.1209518352511922,0.5733208094268595,0.2191039197640328,0.08662343555791549,1,1
2378d336c876,0.7633333333333333,0.13,0.09,0.016666666666666666,0,2
237b80c8279f,0.12,0.6133333333333333,0.16666666666666666,0.1,1,0
23818431bd20,0.13333333333333333,0.5566666666666666,0.25666666666666665,0.05333333333333334,2,3
2386196182fd,0.11,0.6633333333333333,0.17666666666666667,0.05,3,2
2386f261f756,0.19958918654477448,0.46876766291304023,0.2197558766969721,0.11188727384521326,1,1
2387e52d164a,0.11333333333333333,0.6733333333333333,0.18,0.03333333333333333,1,2
2394a4ec8f4b,0.12666666666666668,0.6335863918216859,0.12333333333333334,0.11641360817831407,1,4
23a38f510f64,0.15456566284130385,0.4371650298764269,0.28140802766487366,0.12686127961739616,1,1
23aa6dfe0d6f,0.13666666666666666,0.5866666666666667,0.15666666666666668,0.12,1,3
23c3bf39df9e,0.23500779801405486,0.3359965918476134,0.20106988380504917,0.22792572633328267,3,1
23c62fb5991e,0.26,0.45,0.19666666666666666,0.09333333333333334,0,4
23d35c37a05d,0.44247707076774256,0.23287431067846995,0.20195694933367353,0.12269166922011412,1,1
23dc45d96978,0.30666666666666664,0.4266666666666667,0.15333333333333332,0.11333333333333333,0,4
23dd60be5ed2,0.35333333333333333,0.38666666666666666,0.18666666666666668,0.07333333333333333,1,3
23f0f99270d8,0.3583259585552375,0.3515643991180873,0.21543865169892149,0.07467099062775336,3,1
240198fc8e9f,0.72,0.16666666666666666,0.08666666666666667,0.02666666666666667,0,3
242e4e777d68,0.19333333333333333,0.5537970044614404,0.18,0.07286966220522625,1,2
2433f022b206,0.15653940123577728,0.4945760842514858,0.22943537382634702,0.1194491406863898,2,1
2437e41f60ec,0.09666666666666666,0.6233333333333333,0.20666666666666667,0.07333333333333333,1,0
243b7e22a6cd,0.6,0.20666666666666667,0.14333333333333334,0.05,1,0
244afdf83230,0.09,0.7566666666666667,0.11333333333333333,0.04,1,2
244e39a44d1e,0.13114764208412413,0.41163459644914546,0.31606609880415143,0.14115166266257917,2,1
245661629b65,0.4066666666666667,0.34,0.18666666666666668,0.06666666666666667,0,2
2460844b8bd7,0.19333333333333333,0.5666666666666667,0.16333333333333333,0.07666666666666666,1,3
246130177bd8,0.09666666666666666,0.6733333333333333,0.17666666666666667,0.05333333333333334,1,3
24623d752845,0.17330783252085444,0.4375642216106869,0.2513770182374145,0.13775092763104407,0,1
247bc4bd6a73,0.12,0.6933333333333334,0.11,0.07666666666666666,2,2
247f40620c10,0.61,0.10666666666666667,0.20333333333333334,0.08,0,3
2485bd38bf72,0.76,0.14666666666666667,0.07333333333333333,0.02,2,0
249fbbfd89d7,0.25666666666666665,0.44333333333333336,0.2,0.1,1,4
24aa73a20789,0.19,0.56,0.16,0.09,2,2
24b6dac13a27,0.39666666666666667,0.27,0.19333333333333333,0.14,0,3
24b7753e6ef2,0.13793080462829999,0.44404547432671393,0.24977261099834744,0.1682511100466385,2,1
24c3867c5d29,0.39666666666666667,0.30333333333333334,0.26,0.04,0,0
24c727c4d278,0.11,0.6266666666666667,0.14333333333333334,0.12,2,2
24cb214dd7f6,0.6366666666666667,0.16,0.17333333333333334,0.03,0,0
24cd517d2846,0.12,0.6066666666666667,0.17,0.10333333333333333,1,3
24ddf88491ff,0.25,0.51,0.17666666666666667,0.06333333333333334,3,3
24ec174ef46b,0.11,0.72,0.12333333333333334,0.04666666666666667,1,4
24edf21f4d5a,0.23333333333333334,0.47,0.23666666666666666,0.06,3,0
24fa5cba4f71,0.19333333333333333,0.48,0.21333333333333335,0.11333333333333333,3,0
25134b8c00cb,0.30467856782830993,0.25724603856652234,0.2981918688560386,0.1398835247491296,2,1
2514250a50ae,0.17333333333333334,0.59,0.18333333333333332,0.05333333333333334,1,2
251753f7ee49,0.30666666666666664,0.4166666666666667,0.23,0.04666666666666667,1,3
2534817120d7,0.49333333333333335,0.26666666666666666,0.17666666666666667,0.06333333333333334,1,3
253710fda754,0.7166666666666667,0.15333333333333332,0.10666666666666667,0.023333333333333334,1,3
253c261bde3a,0.1097614187097807,0.5292263662764237,0.22824483474812302,0.13276738026567247,1,1
2558428fe2a7,0.5733333333333334,0.23333333333333334,0.10333333333333333,0.09,0,2
255b4b7dbc24,0.17333333333333334,0.47691800356506237,0.20666666666666667,0.1430819964349376,1,2
255e598df62e,0.1419817709426399,0.47300604977217,0.27279074406704834,0.11222143521814187,2,1
25710be5e0bb,0.21,0.49666666666666665,0.19666666666666666,0.09666666666666666,1,2
25a1c199f819,0.14666666666666667,0.7266666666666667,0.07666666666666666,0.05,1,2
25a4b11a059b,0.27666666666666667,0.3933333333333333,0.2,0.13,1,2
25a7988bfc95,0.7766666666666666,0.07333333333333333,0.1,0.05,0,0
25aabc4c9c95,0.07,0.6266666666666667,0.15333333333333332,0.15,1,2
25aff4eb8fb1,0.16666666666666666,0.6033333333333334,0.14,0.09,1,2
25b65cff2f90,0.13117426325744952,0.46955072008695065,0.2537502676560367,0.14552474899956322,3,1
25b8ba43b5a2,0.4266666666666667,0.31,0.17,0.09333333333333334,1,0
25be7e269a87,0.42,0.2833333333333333,0.13333333333333333,0.16333333333333333,1,3
25ce40175fd5,0.1,0.6433333333333333,0.21333333333333335,0.043333333333333335,1,0
25d7c75f0317,0.22,0.47,0.12,0.19,3,0
25e21353e24e,0.22,0.4102411562053609,0.27,0.0997588437946391,0,4
25e957bf9bc8,0.20666666666666667,0.550449967511371,0.16333333333333333,0.07955003248862898,1,4
25f7ca4bed9b,0.17,0.4866666666666667,0.24333333333333335,0.1,2,3
2605bf788ab6,0.6166666666666667,0.21333333333333335,0.10333333333333333,0.06666666666666667,1,4
26142fe8357a,0.10666666666666667,0.68,0.14666666666666667,0.06666666666666667,0,2
262dd75dd358,0.2129375296526492,0.2770053136450615,0.32465266700560996,0.185404489696679,1,1
263e1aad5f55,0.5933333333333334,0.2,0.11666666666666667,0.09,1,0
2647aa350094,0.19,0.5533333333333333,0.15333333333333332,0.10333333333333333,1,4
2651f80c25b1,0.5866666666666667,0.23666666666666666,0.14333333333333334,0.03333333333333333,0,2
26648048b098,0.16333333333333333,0.49666666666666665,0.24,0.1,3,4
269a455c3c91,0.15,0.6666666666666666,0.14,0.043333333333333335,0,3
26ae7b9c9414,0.09,0.5866666666666667,0.22333333333333333,0.1,1,3
26b0111b51b9,0.27666666666666667,0.37666666666666665,0.23333333333333334,0.11333333333333333,3,3
26b07f9e9e24,0.42333333333333334,0.36333333333333334,0.18,0.03333333333333333,2,2
26becb3b6c16,0.8266666666666667,0.08666666666666667,0.06333333333333334,0.023333333333333334,2,2
26bf9b216e9c,0.11847465484424764,0.4325382375981327,0.22271073947415881,0.22627636808346102,1,1
26d5f296c24b,0.17333333333333334,0.5766666666666667,0.18333333333333332,0.06666666666666667,1,3
26ec93608fcd,0.13877490933776968,0.3485743049522714,0.3117734851143917,0.20087730059556697,1,1
2708e654cd46,0.5166666666666667,0.25333333333333335,0.19333333333333333,0.03666666666666667,3,0
27153365136b,0.14333333333333334,0.62,0.17333333333333334,0.06333333333333334,1,4
272233b43d12,0.08,0.69,0.16666666666666666,0.06333333333333334,1,3
272dfcc2c228,0.6104060798199012,0.08878332283335333,0.15865510969076033,0.1421554876559852,3,1
27307dc8cdb5,0.21666666666666667,0.5433333333333333,0.2,0.04,1,2
273cfc39402c,0.38294105531732797,0.26612047547549783,0.2753535274050275,0.07558494180214671,2,1
27438e27d86d,0.2966666666666667,0.39107954545454543,0.22,0.09225378787878788,2,2
274ee714467e,0.21666666666666667,0.5166666666666667,0.19333333333333333,0.07333333333333333,0,3
27513bc45ebe,0.13,0.61,0.17333333333333334,0.08666666666666667,1,0
275219c98ac3,0.13666666666666666,0.6633333333333333,0.13666666666666666,0.06333333333333334,2,3
278fc970196c,0.6366666666666667,0.18333333333333332,0.14,0.04,2,3
279ff8b28326,0.13333333333333333,0.5333333333333333,0.22333333333333333,0.11,1,4
27c586844ff7,0.11,0.65,0.19666666666666666,0.043333333333333335,1,4
27db1806a764,0.13,0.62,0.17666666666666667,0.07333333333333333,1,0
27df06029861,0.24666666666666667,0.49666666666666665,0.17666666666666667,0.08,1,0
27e863fac512,0.15333333333333332,0.5333333333333333,0.26,0.05333333333333334,1,2
27f620156b1e,0.5966666666666667,0.16666666666666666,0.18666666666666668,0.05,0,0
27f8616263ed,0.16666666666666666,0.53,0.19666666666666666,0.10666666666666667,1,3
280355493a53,0.13230649410665415,0.5462961322178344,0.20008110729658243,0.12131626637892905,1,1
280826f3c8cb,0.2755726047999863,0.29671765688329654,0.3201480359987248,0.10756170231799236,1,1
2813f9090abd,0.19333333333333333,0.4166666666666667,0.29,0.1,0,2
281d15ca6f64,0.12666666666666668,0.6133333333333333,0.13666666666666666,0.12333333333333334,1,2
28353a62fc75,0.3957862972811655,0.24386973703406767,0.21169883658147598,0.1486451291032911,0,1
2838d8cb10ba,0.4766666666666667,0.27666666666666667,0.18666666666666668,0.06,0,4
28449108106b,0.11,0.73,0.09,0.07,1,0
285d0448622f,0.45,0.30333333333333334,0.14,0.10666666666666667,0,3
2863afd4cd1e,0.19,0.44,0.27,0.1,1,4
2865cb42d240,0.30333333333333334,0.43666666666666665,0.17,0.09,0,3
287b389f997b,0.09666666666666666,0.77,0.12,0.013333333333333334,1,0
2883027e4eb2,0.16,0.49333333333333335,0.17666666666666667,0.17,0,2
28a5850d4c73,0.12,0.6166666666666667,0.16333333333333333,0.1,1,2
28b1968260da,0.17666666666666667,0.5833333333333334,0.18666666666666668,0.05333333333333334,1,3
28b923d25bb7,0.24,0.54,0.18666666666666668,0.03333333333333333,2,3
28bd779b2f84,0.64,0.18,0.13,0.05,0,0
28cd5ee432cf,0.39666666666666667,0.36333333333333334,0.16666666666666666,0.07333333333333333,0,3
28ddb604e393,0.14666666666666667,0.5966666666666667,0.18666666666666668,0.07,1,3
28dddc8559b2,0.19559784429537214,0.25630542162802866,0.25334868317377746,0.2947480509028217,3,1
28e1a974995b,0.04,0.7933333333333333,0.09,0.07666666666666666,1,2
28f828b5e399,0.44666666666666666,0.37333333333333335,0.09666666666666666,0.08333333333333333,0,2
28fa33eef652,0.11,0.5766666666666667,0.21666666666666667,0.09666666666666666,1,2
2906f6903294,0.2866666666666667,0.38,0.20666666666666667,0.12666666666666668,0,3
290727bac658,0.2633333333333333,0.5166666666666667,0.14666666666666667,0.07333333333333333,2,4
291df618f81f,0.30333333333333334,0.3933333333333333,0.2733333333333333,0.03,3,3
29240c2eaf30,0.25,0.5666666666666667,0.12333333333333334,0.06,1,3
2938b11fe3f2,0.28,0.4633333333333333,0.16666666666666666,0.09,1,3
2951b5526194,0.22666666666666666,0.5066666666666667,0.17666666666666667,0.09,2,3
29552af481ab,0.46100747191956487,0.17885876311531543,0.23983254440875507,0.12030122055636466,0,1
29578de12813,0.14,0.7266666666666667,0.043333333333333335,0.09,1,0
295c226093ed,0.09688362669432786,0.5979243438030721,0.17033097818546858,0.13486105131713141,1,1
297e73031b62,0.1963138156331422,0.381345392322175,0.20351342703532238,0.2188273650093603,1,1
2980304e9bfc,0.25,0.49333333333333335,0.22,0.03666666666666667,1,0
298767d24da4,0.17666666666666667,0.5366666666666666,0.16666666666666666,0.12,2,4
2990579c982c,0.13949263942145004,0.47230823758702106,0.2096630913880082,0.17853603160352066,2,1
299201b9ba40,0.27666666666666667,0.5766666666666667,0.11666666666666667,0.03,0,0
299de817cf02,0.41,0.27,0.22,0.1,2,4
299f34b2a99c,0.2199472451098051,0.3957000719375213,0.2666776473677063,0.11767503558496738,1,1
29afa03eedd3,0.44666666666666666,0.3566666666666667,0.17666666666666667,0.02,0,0
29b7fce85c4c,0.26666666666666666,0.4066666666666667,0.29,0.03666666666666667,1,2
29cd2e8cd19c,0.21,0.5766666666666667,0.16666666666666666,0.04666666666666667,1,0
29df47042061,0.17979061680940694,0.3342417707923073,0.22285103282021618,0.26311657957806917,3,1
2a1768cea4ae,0.14333333333333334,0.4666666666666667,0.33,0.06,0,4
2a34f33583d3,0.5666666666666667,0.19333333333333333,0.2,0.04,0,0
2a35c8a7742b,0.51,0.37333333333333335,0.08333333333333333,0.03333333333333333,0,3
2a457a88c49b,0.37086759716268586,0.38779996873146594,0.1592304801914893,0.08210195391435854,0,1
2a886a5ecdc0,0.26324234165762,0.313352222816675,0.23643900094414197,0.18696643458156267,0,1
2a8a246f1ebb,0.596072975873439,0.1587784294224544,0.14494480252277245,0.10020379218133395,1,1
2a99eceed859,0.15333333333333332,0.44,0.20333333333333334,0.20333333333333334,3,2
2ab426f9cfcb,0.39,0.27,0.25,0.09,1,0
2ac71ff83527,0.6233333333333333,0.16666666666666666,0.18,0.03,0,3
2ac74c9a0635,0.32,0.4266666666666667,0.13333333333333333,0.12,1,4
2acecb7b0b72,0.57,0.2,0.16333333333333333,0.06666666666666667,0,0
2ae591e11315,0.54,0.23333333333333334,0.17333333333333334,0.05333333333333334,0,0
2afe9fa4b788,0.49333333333333335,0.30333333333333334,0.14333333333333334,0.06,1,4
2b074ba8887f,0.21,0.4066666666666667,0.3,0.08333333333333333,0,0
2b2548a40da2,0.11638020500016764,0.6060133236107598,0.16950067393614354,0.10810579745292886,2,1
2b26cc349c14,0.539791067637811,0.17070350485418687,0.21290011568459077,0.07660531182341157,2,1
2b2ab9538843,0.14388717681732766,0.5134501375643401,0.22084984296519058,0.12181284265314221,1,1
2b2e8f74947b,0.2866666666666667,0.29333333333333333,0.28,0.14,0,0
2b2fb5f5273c,0.57,0.18333333333333332,0.21666666666666667,0.03,0,3
2b4a46eb9079,0.25333333333333335,0.5366666666666666,0.14333333333333334,0.06666666666666667,1,3
2b6132fe557c,0.17666666666666667,0.5433333333333333,0.18,0.1,1,4
2b70f1b3b474,0.14333333333333334,0.6466666666666666,0.15,0.06,1,0
2b74c9c8b9fb,0.4,0.2938104575163399,0.22666666666666666,0.07952287581699347,0,2
2b7dbc950356,0.7833333333333333,0.10666666666666667,0.09,0.02,0,2
2b7fc6e4fd1d,0.5266666666666666,0.25,0.17666666666666667,0.04666666666666667,1,0
2b8680eba187,0.18333333333333332,0.5833333333333334,0.06,0.17333333333333334,1,3
2b9150b35d3a,0.12333333333333334,0.68,0.14,0.056666666666666664,1,4
2b9eb0cb1e87,0.15666666666666668,0.5802520576131688,0.21333333333333335,0.04974794238683128,1,0
2ba80f7a6982,0.57,0.19,0.17333333333333334,0.06666666666666667,0,4
2bd907ae6451,0.21,0.5133333333333333,0.16333333333333333,0.11333333333333333,1,2
2be25a892bbb,0.47333333333333333,0.32,0.17666666666666667,0.03,2,4
2be9fed93af5,0.4,0.3333333333333333,0.2,0.06666666666666667,1,4
2bfe8dcbdbf4,0.25333333333333335,0.44666666666666666,0.15666666666666668,0.14333333333333334,3,4
2c082a595014,0.17333333333333334,0.4666666666666667,0.2633333333333333,0.09666666666666666,0,0
2c09d33b5038,0.1,0.6333333333333333,0.16666666666666666,0.1,1,0
2c1e782a68d9,0.4066666666666667,0.3466666666666667,0.21,0.03666666666666667,1,0
2c39d421bc0a,0.2833333333333333,0.42,0.22,0.07666666666666666,2,0
2c45ab64718f,0.11333333333333333,0.6733333333333333,0.14666666666666667,0.06666666666666667,1,4
2c5b54bddd52,0.27666666666666667,0.3933333333333333,0.23333333333333334,0.09666666666666666,3,0
2c78ef584129,0.08333333333333333,0.6233333333333333,0.2,0.09333333333333334,3,2
2c7d0327a977,0.2633333333333333,0.47333333333333333,0.19,0.07333333333333333,1,3
2c84e6b44349,0.29333333333333333,0.33666666666666667,0.29,0.08,1,4
2c94d957e11e,0.19666666666666666,0.3466666666666667,0.2633333333333333,0.19333333333333333,3,0
2ca53fb28d25,0.31333333333333335,0.38333333333333336,0.21666666666666667,0.08666666666666667,0,4
2ca72ba9a015,0.13333333333333333,0.5333333333333333,0.23,0.10333333333333333,2,0
2cd2a236d885,0.5447638621857246,0.19373391796086206,0.19483048677725673,0.06667173307615656,0,1
2cd813a52fb6,0.135266013551566,0.46003334430660897,0.2626298313320795,0.1420708108097453,1,1
2cda294cfd79,0.52,0.21333333333333335,0.19666666666666666,0.07,0,4
2cf18332758d,0.17,0.6,0.16333333333333333,0.06666666666666667,1,3
2cf2b94084ff,0.10333333333333333,0.57,0.19333333333333333,0.13333333333333333,1,2
2d0150e971af,0.26666666666666666,0.44333333333333336,0.21333333333333335,0.07666666666666666,0,4
2d0316dc8a88,0.39666666666666667,0.44666666666666666,0.11666666666666667,0.04,2,2
2d0a69701602,0.15333333333333332,0.51,0.19333333333333333,0.14333333333333334,1,3
2d14bd39454e,0.3233333333333333,0.46,0.17333333333333334,0.043333333333333335,3,4
2d425408deca,0.2833333333333333,0.47,0.17666666666666667,0.07,1,3
2d4e08bd3523,0.5366666666666666,0.18,0.19,0.09333333333333334,0,4
2d51cfed3fed,0.63,0.19017553223032677,0.14666666666666667,0.03315780110300658,1,4
2d5c41d6e69b,0.25666666666666665,0.45666666666666667,0.22333333333333333,0.06333333333333334,1,3
2d5ede149efa,0.15,0.47333333333333333,0.2966666666666667,0.08,2,2
2d5ef00a9d18,0.4066666666666667,0.36666666666666664,0.13333333333333333,0.09333333333333334,0,3
2d7154c413fa,0.2633333333333333,0.4866666666666667,0.17,0.08,1,3
2d794121b64b,0.2866666666666667,0.42,0.19,0.10333333333333333,1,4
2d7e68ba5e8b,0.12333333333333334,0.65,0.17333333333333334,0.05333333333333334,1,2
2da89579be93,0.25666666666666665,0.59,0.13,0.023333333333333334,0,3
2dacdf109030,0.2633333333333333,0.5266666666666666,0.13,0.08,1,0
2dc2ece5a7b6,0.36333333333333334,0.3233333333333333,0.23333333333333334,0.08,0,0
2dd2e2a2c848,0.49333333333333335,0.23666666666666666,0.08333333333333333,0.18666666666666668,0,3
2dfe7f1a0fb7,0.37333333333333335,0.43666666666666665,0.12666666666666668,0.06333333333333334,1,4
2e04415f03e4,0.8133333333333334,0.09,0.08666666666666667,0.01,3,2
2e2d6ef7ecbd,0.25666666666666665,0.42333333333333334,0.21,0.11,1,4
2e34bd2e9262,0.18333333333333332,0.4633333333333333,0.23666666666666666,0.11666666666666667,0,4
2e44e9056939,0.22666666666666666,0.5166666666666667,0.16,0.09666666666666666,2,3
2e47497e7ad0,0.5233333333333333,0.29,0.15333333333333332,0.03333333333333333,0,4
2e490d6ef2e1,0.24,0.5433333333333333,0.12666666666666668,0.09,1,4
2e52e7ea9fa1,0.13333333333333333,0.6333333333333333,0.18333333333333332,0.05,1,3
2e58096bdbd9,0.7143831126936161,0.1009995627239172,0.1288286103537228,0.05578871422874351,0,1
2e6158c0eb68,0.3064854502625939,0.2039783028960858,0.3670554767616141,0.12248077007970645,1,1
2e6176e3daea,0.1510713593164905,0.3729032834556413,0.33240790539971915,0.14361745182814878,1,1
2e8e6d58eccd,0.20794175731276068,0.3909501449408051,0.2930866093887161,0.10802148835771824,1,1
2e977a960427,0.3333333333333333,0.37333333333333335,0.21,0.08333333333333333,3,4
2ea5d1b25a2d,0.3933333333333333,0.27666666666666667,0.25666666666666665,0.07333333333333333,2,4
2ea7b438ec6e,0.5133333333333333,0.20333333333333334,0.21666666666666667,0.06666666666666667,0,3
2ed4ce2d96bb,0.11,0.6733333333333333,0.17333333333333334,0.043333333333333335,1,2
2ed67f90c729,0.11666666666666667,0.47,0.24666666666666667,0.16666666666666666,3,3
2edb1488b0b2,0.15333333333333332,0.67,0.13,0.04666666666666667,2,4
2ef14d372428,0.09333333333333334,0.68,0.17333333333333334,0.05333333333333334,2,4
2ef198e99a5d,0.5833333333333334,0.17333333333333334,0.16,0.08333333333333333,0,4
2ef447a9a325,0.21525466887632766,0.4281287645824336,0.21927110416942966,0.13734546237180906,1,1
2ef5eac2100d,0.69,0.14333333333333334,0.056666666666666664,0.11,2,0
2ef93adeace6,0.5805073696762453,0.12029226617769534,0.2115461302219671,0.0876542339240922,0,1
2f21ed3dc84f,0.26,0.49666666666666665,0.16666666666666666,0.07666666666666666,1,0
2f3b1d05c8c2,0.34531611752883873,0.23880406251628994,0.2613782110731246,0.15450160888174685,1,1
2f5749d77a09,0.18,0.6015723270440251,0.16666666666666666,0.05176100628930818,1,4
2f5d56af2a65,0.3287582995898974,0.29076038763285555,0.2072498212066334,0.17323149157061396,2,1
2f606487f89b,0.19666666666666666,0.36333333333333334,0.23666666666666666,0.20333333333333334,1,2
2f6f6db14684,0.5433333333333333,0.28,0.14,0.03666666666666667,1,4
2f771861f952,0.16821166890310324,0.4998301776844023,0.2525459510999077,0.07941220231258683,1,1
2f9310ed2cb2,0.16061596611711454,0.47332015014977,0.2184154826447524,0.14764840108836305,2,1
2f969d2bbb31,0.28,0.37,0.21,0.14,1,4
2f9813ec9d81,0.20347479968816054,0.42109144182980063,0.22576336594737,0.14967039253466902,2,1
2fac6ca52178,0.5166666666666667,0.28,0.14666666666666667,0.056666666666666664,0,0
2faea6510f1e,0.08333333333333333,0.6466666666666666,0.17333333333333334,0.09666666666666666,1,3
2fcf66c1d5e1,0.15,0.5366666666666666,0.20666666666666667,0.10666666666666667,2,3
2fe13c059026,0.19253295693675393,0.38856353108048186,0.2519985453852265,0.1669049665975374,1,1
2ffd353f8ba4,0.2480993017378248,0.2896835472849658,0.28220234971199604,0.18001480126521321,1,1
3004fe97a3ca,0.3813894060731123,0.20360540558113174,0.26591333168243464,0.14909185666332134,2,1
3011ca5b6f43,0.329017815034787,0.30828123249325246,0.23789299348957438,0.12480795898238632,2,1
30177765470f,0.07333333333333333,0.65,0.19,0.08666666666666667,1,2
301e45e1e65f,0.31333333333333335,0.3933333333333333,0.21666666666666667,0.07666666666666666,3,0
301eeda8a014,0.11333333333333333,0.6533333333333333,0.15666666666666668,0.07666666666666666,1,4
3022c6eb64bc,0.17,0.5433333333333333,0.14,0.14666666666666667,0,3
3033f19402f6,0.14198755281427325,0.37475711070978546,0.2763385063795837,0.20691683009635747,1,1
304cbc1f068d,0.6466666666666666,0.15333333333333332,0.13666666666666666,0.06333333333333334,1,2
304f8125817a,0.21666666666666667,0.31333333333333335,0.20333333333333334,0.26666666666666666,1,2
3054a85afa87,0.23,0.5733333333333334,0.13333333333333333,0.06333333333333334,1,4
3079db177db4,0.14215601852375745,0.4195166122759191,0.270437961081794,0.16788940811852915,1,1
308464f7fda3,0.26,0.4166666666666667,0.24,0.08333333333333333,1,0
3084edc5e8cd,0.26,0.46,0.21666666666666667,0.06333333333333334,1,2
30aa2c27d732,0.3433333333333333,0.4166666666666667,0.18,0.06,1,2
30c274c783a2,0.16666666666666666,0.5466666666666666,0.24333333333333335,0.043333333333333335,1,0
30c9e5013527,0.1855289913573088,0.4996348609844002,0.20342379710112246,0.1114123505571687,1,1
30def70773d8,0.14,0.69,0.12,0.05,1,0
30e45593ba08,0.33652898734783127,0.2832304244453022,0.2073979475528834,0.17284264065398336,1,1
30f89ad8f0d8,0.25333333333333335,0.42,0.23333333333333334,0.09333333333333334,1,4
312b098c64a2,0.13666666666666666,0.6266666666666667,0.10333333333333333,0.13333333333333333,1,0
3130e60ab20d,0.1947969585462138,0.2216809029741568,0.24833784456652688,0.33518429391310267,1,1
3143117893c0,0.4633333333333333,0.31333333333333335,0.17333333333333334,0.05,0,0
314432832e5d,0.4666666666666667,0.34,0.11,0.08333333333333333,0,2
315654b04e6d,0.18666666666666668,0.47333333333333333,0.14666666666666667,0.19333333333333333,2,0
31585f62e64b,0.25666666666666665,0.4533333333333333,0.22,0.07,1,0
31662d55ca54,0.47253833811703855,0.1532111241771974,0.26064833885146516,0.11360219885429901,0,1
316a5c0840f2,0.2833333333333333,0.4033333333333333,0.21333333333333335,0.1,2,0
3171080f7d14,0.3152060891499351,0.3707472279431691,0.16944004327961262,0.1446066396272831,2,1
3174008702cc,0.48894400280519645,0.23507413063076404,0.14471926534549828,0.1312626012185414,2,1
318ccb5d4c6d,0.11666666666666667,0.6666666666666666,0.15,0.06666666666666667,2,0
3190721e0a77,0.43666666666666665,0.2833333333333333,0.19333333333333333,0.08666666666666667,0,4
3193e2366c40,0.4766666666666667,0.31,0.18333333333333332,0.03,0,2
31b0af5bc54d,0.43666666666666665,0.29,0.18666666666666668,0.08666666666666667,0,3
31b12697883a,0.4033333333333333,0.4,0.13,0.06666666666666667,1,4
31b95e5b35a7,0.23333333333333334,0.44666666666666666,0.25666666666666665,0.06333333333333334,1,3
31c8e40bf4bb,0.3,0.41333333333333333,0.19333333333333333,0.09333333333333334,0,3
31cb04f8bc04,0.38666666666666666,0.31333333333333335,0.22,0.08,0,0
31d2ad10ba47,0.11666666666666667,0.53,0.25,0.10333333333333333,1,2
3217a8869694,0.44666666666666666,0.32,0.19666666666666666,0.03666666666666667,1,0
3218844882c3,0.5666666666666667,0.25666666666666665,0.15,0.02666666666666667,0,2
32218484a1a6,0.14666666666666667,0.5,0.19666666666666666,0.15666666666666668,1,0
32240b045a58,0.09,0.7,0.16666666666666666,0.043333333333333335,1,0
3234ad871f06,0.5366666666666666,0.30666666666666664,0.11,0.04666666666666667,1,4
325163dca428,0.20666666666666667,0.5233333333333333,0.20666666666666667,0.06333333333333334,1,4
325c6a75b0a5,0.25,0.36,0.30333333333333334,0.08666666666666667,2,3
3271d3fa61e6,0.21,0.5066666666666667,0.19666666666666666,0.08666666666666667,1,4
328c8b6431a3,0.4,0.38333333333333336,0.15666666666666668,0.06,1,2
328da94078ec,0.3566666666666667,0.29333333333333333,0.29333333333333333,0.056666666666666664,3,0
32a71d3ee25d,0.15666666666666668,0.39666666666666667,0.23666666666666666,0.21,1,3
32bf7e54a7ee,0.12666666666666668,0.68,0.13666666666666666,0.056666666666666664,1,3
32d20157a012,0.16666666666666666,0.4533333333333333,0.21333333333333335,0.16666666666666666,2,4
3309d981e5fe,0.09155630196983729,0.5247687137578726,0.2463254172165568,0.13734956705573317,1,1
3312377895b6,0.2749203534003172,0.4661956684218565,0.1071253744365611,0.15175860374126485,1,1
33198ca96dce,0.11333333333333333,0.5833333333333334,0.22,0.08333333333333333,2,3
33354bc058ae,0.11333333333333333,0.6033333333333334,0.19,0.09333333333333334,1,4
3340562b3fce,0.38666666666666666,0.41333333333333333,0.15333333333333332,0.04666666666666667,1,2
334ac465b405,0.1118929614459212,0.4587268646379702,0.29590019679601925,0.1334799771200892,1,1
336e2335b62c,0.5366666666666666,0.21,0.19666666666666666,0.056666666666666664,0,0
336f9f6681a0,0.22666666666666666,0.43333333333333335,0.2633333333333333,0.07666666666666666,2,3
33711998b257,0.19666666666666666,0.4066666666666667,0.32666666666666666,0.07,1,4
33745ae11797,0.2733333333333333,0.44666666666666666,0.22666666666666666,0.05333333333333334,1,4
337a7a92aa4a,0.15333333333333332,0.57,0.16,0.11666666666666667,0,2
337e3525ca2c,0.32,0.43666666666666665,0.14666666666666667,0.09666666666666666,1,4
33a89772f781,0.166189328022132,0.4395431807663219,0.24218500367493373,0.15208248753661247,1,1
33b6e91fe73a,0.4766666666666667,0.2633333333333333,0.23,0.03,1,3
33fca09f2e00,0.17333333333333334,0.6866666666666666,0.07,0.07,1,0
340106349073,0.35,0.32666666666666666,0.20333333333333334,0.12,3,0
341323496486,0.49666666666666665,0.26,0.14666666666666667,0.09666666666666666,0,3
341a8f794069,0.13797921883010789,0.4163268470609019,0.23449427828237088,0.21119965582661934,1,1
34366c4dcaa6,0.21333333333333335,0.5,0.19,0.09666666666666666,0,4
34483c9319e9,0.09,0.6966666666666667,0.12,0.09333333333333334,1,3
345d0da3ba63,0.14503033773904556,0.3170413354370315,0.22754809527846176,0.31038023154546096,1,1
345f41e15373,0.22666666666666666,0.4171749521988528,0.22333333333333333,0.13282504780114723,0,2
345f8129863d,0.21333333333333335,0.5,0.22,0.06666666666666667,1,2
346c65dba4d5,0.19333333333333333,0.43,0.25,0.12666666666666668,1,4
347c521c9d97,0.15333333333333332,0.49333333333333335,0.25,0.10333333333333333,1,2
347f9ca3f295,0.20673977655658587,0.47387986481748773,0.24231307623127737,0.07706728239464908,1,1
348bf841d923,0.2733333333333333,0.38333333333333336,0.21666666666666667,0.12666666666666668,1,0
34b3c1b15cde,0.30333333333333334,0.36333333333333334,0.3,0.03333333333333333,1,3
34cff27c2a43,0.11666666666666667,0.6633333333333333,0.16666666666666666,0.05333333333333334,1,4
34d360dd549f,0.21333333333333335,0.52,0.17,0.09666666666666666,0,2
34d7f214a7e5,0.6933333333333334,0.12666666666666668,0.08666666666666667,0.09333333333333334,0,4
34d9932348fd,0.5663609478810172,0.12656495238409876,0.16064973606654195,0.14642436366834205,0,1
34e76fd17a93,0.36333333333333334,0.30666666666666664,0.22,0.11,0,4
34f012146c73,0.17333333333333334,0.4666666666666667,0.15666666666666668,0.20333333333333334,0,0
35035b97e536,0.13666666666666666,0.6433333333333333,0.2,0.02,1,2
351c9f9580db,0.58,0.26666666666666666,0.10333333333333333,0.05,1,2
352cd75fce3a,0.17666666666666667,0.5933333333333334,0.18666666666666668,0.043333333333333335,1,4
3532ab7e51f2,0.5533333333333333,0.2633333333333333,0.17,0.013333333333333334,0,3
353e8d1d3147,0.06333333333333334,0.85,0.06666666666666667,0.02,1,4
354ac6bf2105,0.22,0.41333333333333333,0.31333333333333335,0.05333333333333334,2,0
354d310f53ef,0.23,0.55,0.15333333333333332,0.06666666666666667,0,0
354e69d0e3e4,0.74,0.10666666666666667,0.13333333333333333,0.02,0,2
35521a34aebc,0.23333333333333334,0.48,0.18333333333333332,0.10333333333333333,1,4
35547e12df7f,0.510843077768139,0.15489330559450135,0.24402398174545833,0.09023963489190114,2,1
3572cab7a345,0.12666666666666668,0.65,0.16333333333333333,0.06,1,4
357734e7588b,0.1342186995724712,0.34975029842095784,0.2813860408895654,0.23464496111700556,0,1
358e736e289e,0.51,0.29,0.16333333333333333,0.03666666666666667,2,4
35aff487b8ce,0.44333333333333336,0.35333333333333333,0.08333333333333333,0.12,0,0
35e22da3e615,0.6366666666666667,0.19333333333333333,0.1,0.07,0,3
35eb68ca9b50,0.1550667744403632,0.4476067205746292,0.27147926244477505,0.12584724254023277,1,1
35f1420690fb,0.2966666666666667,0.38666666666666666,0.17333333333333334,0.14333333333333334,1,3
35f759f8d1b8,0.33021063036389325,0.2705050310451477,0.22249062400980013,0.17679371458115892,0,1
35fece530971,0.39,0.27,0.24666666666666667,0.09333333333333334,2,2
3605ff235600,0.18666666666666668,0.4666666666666667,0.2833333333333333,0.06333333333333334,1,0
360a419fd953,0.43666666666666665,0.3433333333333333,0.20333333333333334,0.016666666666666666,0,3
360c787839e7,0.1770235365119898,0.34572255362169096,0.2989326975287908,0.17832121233752873,1,1
3617282997a6,0.36693081275584194,0.24793364025194922,0.24776668631498694,0.13736886067722198,1,1
361e431e4401,0.23499381474889167,0.29424193053069625,0.30522732312585343,0.16553693159455865,0,1
362a970635e4,0.20666666666666667,0.5633333333333334,0.19666666666666666,0.03333333333333333,1,3
363454850843,0.23,0.41,0.3233333333333333,0.03666666666666667,0,0
3638f959c7a3,0.42333333333333334,0.23666666666666666,0.23333333333333334,0.10666666666666667,1,3
363eb5029f21,0.11,0.5966666666666667,0.19666666666666666,0.09666666666666666,1,0
364f5d65a02e,0.12333333333333334,0.6266666666666667,0.18,0.07,1,3
36582a5faf1a,0.26666666666666666,0.5566666666666666,0.12,0.056666666666666664,0,4
366c5acac35b,0.21333333333333335,0.4166666666666667,0.33,0.04,1,0
366fc85a2ac8,0.48,0.36333333333333334,0.12666666666666668,0.03,0,2
36746fa2ffc4,0.12333333333333334,0.6066666666666667,0.20333333333333334,0.06666666666666667,1,0
3694e0a1d9aa,0.14,0.6066666666666667,0.17,0.08333333333333333,1,0
36a0d836672c,0.5233333333333333,0.24666666666666667,0.16666666666666666,0.06333333333333334,0,3
36aafc1b1c20,0.14982304681336475,0.41579018974883986,0.27642315290851466,0.15796361052928076,2,1
36b8b0686937,0.3,0.48333333333333334,0.18666666666666668,0.03,1,3
36badedeccd9,0.29333333333333333,0.38,0.22333333333333333,0.10333333333333333,1,2
36bb4db0e4cf,0.15,0.49,0.17,0.19,1,2
36cbfe6f866c,0.2616302968191343,0.19237685675148428,0.24392348987737714,0.30206935655200445,1,1
36d6d8418099,0.44333333333333336,0.24666666666666667,0.26666666666666666,0.043333333333333335,0,4
3708f056c708,0.09,0.6466666666666666,0.19333333333333333,0.07,2,0
371638df8cd9,0.4633333333333333,0.31666666666666665,0.18,0.04,0,2
372796623006,0.32640815523430494,0.25629768318587537,0.29936176564767025,0.11793239593214967,0,1
3729a3c2fafa,0.32666666666666666,0.31,0.19666666666666666,0.16666666666666666,3,2
372b63702c46,0.20333333333333334,0.5433333333333333,0.18,0.07333333333333333,2,3
3741bdbdbd77,0.49666666666666665,0.25,0.14666666666666667,0.10666666666666667,1,0
3757a5a70aa8,0.4033333333333333,0.30333333333333334,0.21,0.08333333333333333,0,3
375cac343d45,0.16333333333333333,0.5133333333333333,0.2,0.12333333333333334,2,3
376a75f57405,0.3,0.33666666666666667,0.24,0.12333333333333334,2,2
376f075346cd,0.20333333333333334,0.58,0.17,0.04666666666666667,1,3
378cee3c149f,0.18333333333333332,0.5041304041684269,0.23333333333333334,0.07920292916490636,2,2
3795c5ddd545,0.6182055754261947,0.1158954773580625,0.18812346127867816,0.07777548593706518,0,1
379799f990df,0.17666666666666667,0.6566666666666666,0.13333333333333333,0.03333333333333333,1,0
379b92fd1ab1,0.4533333333333333,0.33666666666666667,0.16666666666666666,0.043333333333333335,0,0
37b284b23465,0.10333333333333333,0.59,0.16,0.14666666666666667,1,3
37befe3703ab,0.12333333333333334,0.5566666666666666,0.25333333333333335,0.06666666666666667,3,3
37bfb5f1f1db,0.42,0.24333333333333335,0.31333333333333335,0.023333333333333334,0,4
37caabf49a4e,0.31,0.43333333333333335,0.19666666666666666,0.06,1,4
37cbbdceaef0,0.39,0.29333333333333333,0.22333333333333333,0.09333333333333334,1,3
37cfe520e66d,0.39666666666666667,0.3566666666666667,0.15333333333333332,0.09333333333333334,0,2
37e18d937dcd,0.4266666666666667,0.26666666666666666,0.2,0.10666666666666667,0,2
37e3551e2f47,0.31,0.38666666666666666,0.20666666666666667,0.09666666666666666,1,4
37e503d42cdc,0.16,0.43,0.2733333333333333,0.13666666666666666,3,0
37f2b094c247,0.360183133056824,0.18655197306397803,0.25135378571322886,0.20191110816596908,3,1
37f638aff743,0.31666666666666665,0.34,0.20666666666666667,0.13666666666666666,3,2
37fda69f3467,0.08666666666666667,0.63,0.12333333333333334,0.16,2,0
37ffdf650199,0.19024794508287848,0.28218424036712,0.2745926089687899,0.25297520558121145,1,1
38016f8471b2,0.3933333333333333,0.3433333333333333,0.20333333333333334,0.06,0,0
38111e7353fb,0.11333333333333333,0.72,0.13,0.03666666666666667,1,4
381951fcbfd0,0.25686584692373476,0.3665276715800802,0.24050041242305184,0.13610606907313322,2,1
3823cf1c6958,0.37666666666666665,0.3566666666666667,0.19666666666666666,0.07,0,4
38322a96d92a,0.16666666666666666,0.5033333333333333,0.2633333333333333,0.06666666666666667,3,2
383b6e0770bd,0.32,0.3933333333333333,0.15333333333333332,0.13333333333333333,1,2
384d1d316992,0.18666666666666668,0.48,0.22333333333333333,0.11,0,0
384d84fbb4fe,0.13666666666666666,0.6733333333333333,0.06,0.13,1,0
386026264f01,0.19666666666666666,0.49666666666666665,0.22333333333333333,0.08333333333333333,1,2
386520e49eda,0.6266666666666667,0.2633333333333333,0.08666666666666667,0.023333333333333334,0,2
3865c0d08f85,0.11333333333333333,0.53,0.23,0.12666666666666668,1,0
38682a78a52d,0.48333333333333334,0.20666666666666667,0.23,0.08,0,2
386aa41785fa,0.55,0.25333333333333335,0.14,0.056666666666666664,1,4
38705dba1a96,0.13524296207482248,0.4223960042244695,0.2549668856444635,0.1873941480562444,1,1
387733d739e5,0.17333333333333334,0.56,0.21,0.056666666666666664,1,4
387984f51e7e,0.5833333333333334,0.20333333333333334,0.16,0.05333333333333334,0,0
3882700d8f0e,0.32666666666666666,0.3333333333333333,0.22333333333333333,0.11666666666666667,1,2
38a1f0560e2f,0.12420972264917308,0.47435886250451564,0.23161715380774783,0.1698142610385637,3,1
38cce8d6f373,0.21666666666666667,0.5766666666666667,0.13333333333333333,0.07333333333333333,3,4
38d0b07a2c7d,0.14346945044665146,0.3800916059463585,0.2893188699125403,0.18712007369444972,2,1
38dbce9f5da1,0.3433333333333333,0.39,0.14333333333333334,0.12333333333333334,1,0
38ea4356df7a,0.09333333333333334,0.6,0.25666666666666665,0.05,1,2
38f2e947567f,0.15,0.6066666666666667,0.16666666666666666,0.07666666666666666,1,0
3913b40864b0,0.08,0.5333333333333333,0.32,0.06666666666666667,1,4
39164e43c8bf,0.22333333333333333,0.41,0.25666666666666665,0.11,0,4
3920dc377214,0.43666666666666665,0.3,0.1,0.16333333333333333,3,4
3927f0e451cc,0.14333333333333334,0.49,0.23333333333333334,0.13333333333333333,1,4
392a1b9dfb46,0.23333333333333334,0.48,0.16666666666666666,0.12,1,0
394a6b02efc9,0.25,0.51,0.16333333333333333,0.07666666666666666,1,3
394d1fbb6cc0,0.22333333333333333,0.5066666666666667,0.17666666666666667,0.09333333333333334,1,3
3965470a0126,0.29,0.5566666666666666,0.13333333333333333,0.02,1,3
3972d79dd977,0.16,0.51,0.23666666666666666,0.09333333333333334,2,4
3976f3f36b35,0.45666666666666667,0.2966666666666667,0.18,0.06666666666666667,1,3
397ae205b6db,0.76,0.1,0.12333333333333334,0.016666666666666666,0,0
397ae5aecf2a,0.2833333333333333,0.38,0.16666666666666666,0.17,0,4
3993e1dd3d8a,0.12,0.5533333333333333,0.23333333333333334,0.09333333333333334,3,4
3995fbf3b106,0.19666666666666666,0.4866666666666667,0.18,0.13666666666666666,2,3
399b7608576d,0.30666666666666664,0.38666666666666666,0.18333333333333332,0.12333333333333334,2,4
39a56d7788fc,0.42,0.29,0.23666666666666666,0.05333333333333334,0,4
39a6ef0d976a,0.21565447222537207,0.45676112720089806,0.25070680339921403,0.07687759717451598,1,1
39a80a14bfda,0.22,0.42,0.31,0.05,3,0
39a99407a17a,0.2039888944401549,0.3696385314216261,0.3018209824851592,0.12455159165305965,2,1
39ac58218ee3,0.4666666666666667,0.31333333333333335,0.12666666666666668,0.09333333333333334,0,3
39b9303331d6,0.11333333333333333,0.63,0.23,0.02666666666666667,1,0
39ca2531a729,0.09333333333333334,0.74,0.11,0.056666666666666664,1,0
39cfc88f6f20,0.23846075707098544,0.3451165099776039,0.21898380131331047,0.19743893163809992,0,1
39d1962d37d1,0.12666666666666668,0.6633333333333333,0.17666666666666667,0.03333333333333333,1,0
3a01c7f8d00e,0.17,0.5933333333333334,0.18666666666666668,0.05,2,3
3a0391a11c60,0.11,0.5566666666666666,0.24,0.09333333333333334,1,2
3a07d9311567,0.2,0.56,0.17,0.07,0,4
3a0ce16d6362,0.38666666666666666,0.37333333333333335,0.18666666666666668,0.05333333333333334,0,2
3a1aad9fe90f,0.4178069706159593,0.34347677025505446,0.168540253766619,0.07017600536236726,2,1
3a2ab0d08864,0.22,0.5,0.20333333333333334,0.07666666666666666,3,3
3a3975e0fae6,0.25,0.45,0.22333333333333333,0.07666666666666666,2,3
3a3c198051f0,0.23,0.5766666666666667,0.11666666666666667,0.07666666666666666,2,3
3a54ca31df78,0.22633389765425657,0.45095628052773296,0.17909424959745832,0.1436155722205522,1,1
3a65207debb0,0.25666666666666665,0.45666666666666667,0.17,0.11666666666666667,2,4
3a6c6141fdb3,0.4115629900427794,0.23606515106455334,0.24920756412832176,0.10316429476434541,0,1
3a7061149c0a,0.29333333333333333,0.39,0.20666666666666667,0.11,3,2
3a7cad485369,0.3433333333333333,0.3466666666666667,0.21666666666666667,0.09333333333333334,3,0
3a92284ff753,0.34,0.3566666666666667,0.24666666666666667,0.056666666666666664,0,0
3a985664cd4e,0.29,0.43,0.20666666666666667,0.07333333333333333,1,4
3a9d3f1fdd81,0.23333333333333334,0.43333333333333335,0.20333333333333334,0.13,3,2
3aa2fb153a2f,0.19,0.48333333333333334,0.15666666666666668,0.17,0,0
3acf095adbf4,0.36333333333333334,0.35333333333333333,0.22666666666666666,0.056666666666666664,0,2
3adf9086a151,0.38333333333333336,0.3466666666666667,0.22,0.05,1,4
3ae836708e67,0.45666666666666667,0.27666666666666667,0.2,0.06666666666666667,0,3
3b205aad9af7,0.08666666666666667,0.6733333333333333,0.19333333333333333,0.04666666666666667,1,2
3b317a8d01e7,0.5933056651055612,0.14130206506305798,0.1667341720118841,0.09865809781949694,2,1
3b3f6099e50f,0.25666666666666665,0.5033333333333333,0.19333333333333333,0.04666666666666667,1,3
3b4ad94ce2ba,0.5233333333333333,0.24,0.13,0.10666666666666667,3,4
3b4cdf9a776a,0.06666666666666667,0.7766666666666666,0.10666666666666667,0.05,1,3
3b4ee5bd11b3,0.3161958255375665,0.35125890731923126,0.21108848480729803,0.1214567823359038,0,1
3b5009bd67ab,0.4633333333333333,0.25333333333333335,0.13,0.15333333333333332,2,2
3b5207b6f84d,0.32666666666666666,0.4,0.15,0.12333333333333334,0,0
3b57d6722817,0.30243523052528526,0.27134598850499475,0.3071066518828159,0.11911212908690388,1,1
3b69158045ec,0.32144552902648116,0.19586011961014374,0.2460228032390533,0.23667154812432165,1,1
3b842e573d63,0.20666666666666667,0.36666666666666664,0.3466666666666667,0.08,3,0
3ba744292b92,0.11666666666666667,0.6866666666666666,0.14333333333333334,0.05333333333333334,1,2
3bb35461687d,0.12,0.73,0.14,0.01,1,4
3bbcfe7bb63b,0.24,0.5566666666666666,0.15,0.05333333333333334,1,2
3bc25f4361e2,0.09666666666666666,0.49333333333333335,0.3,0.11,1,3
3bd90e114e5d,0.84,0.06666666666666667,0.06,0.03333333333333333,0,0
3bdf88144fa5,0.47,0.2966666666666667,0.18333333333333332,0.05,0,4
3be9203f616c,0.22333333333333333,0.5066666666666667,0.18,0.09,3,3
3bf0ba9cac51,0.37666666666666665,0.38333333333333336,0.19,0.05,0,2
3bf5a489d804,0.18,0.5633333333333334,0.18666666666666668,0.07,1,2
3bfb13733ff0,0.3124244210764303,0.20655326119872003,0.27630871424840603,0.20471360347644366,2,1
3bff1d73230a,0.3333333333333333,0.49666666666666665,0.13666666666666666,0.03333333333333333,2,2
3c13375ee625,0.16711353158900816,0.3770371535943639,0.2711119961254971,0.18473731869113072,0,1
3c13edac81eb,0.51,0.28,0.16333333333333333,0.04666666666666667,0,0
3c3399f2170d,0.08513007735658451,0.6109951775083876,0.1765054124125229,0.1273693327225046,1,1
3c4bae86dd43,0.20666666666666667,0.4633333333333333,0.22666666666666666,0.10333333333333333,1,2
3c66c7eef4db,0.18666666666666668,0.58,0.14,0.09333333333333334,1,0
3c7633f8a03d,0.06333333333333334,0.69,0.15,0.09666666666666666,1,4
3c87dfa890fa,0.39,0.41,0.15,0.05,2,2
3c88bd82fb37,0.14,0.52,0.21333333333333335,0.12666666666666668,2,3
3c93b438df5c,0.22406858747752356,0.2626023252673317,0.29216326709888946,0.22116582015625522,3,1
3c9540566f10,0.49333333333333335,0.2833333333333333,0.14,0.08333333333333333,1,2
3c97acaaf4e5,0.6266666666666667,0.23666666666666666,0.09,0.04666666666666667,0,3
3ca4e2ffedff,0.28,0.41333333333333333,0.22,0.08666666666666667,1,4
3ca7c79b3eac,0.41333333333333333,0.2966666666666667,0.18333333333333332,0.10666666666666667,1,2
3d0812e8b857,0.12333333333333334,0.63,0.18,0.06666666666666667,1,2
3d258ae21e22,0.19,0.5266666666666666,0.19,0.09333333333333334,0,0
3d33841de910,0.5066666666666667,0.25666666666666665,0.19666666666666666,0.04,0,0
3d46777c79fa,0.12632502978889518,0.38655583968525753,0.3345661647600834,0.1525529657657639,1,1
3d4ceb0fe08e,0.14333333333333334,0.5266666666666666,0.24333333333333335,0.08666666666666667,2,2
3d5778dea835,0.28,0.3933333333333333,0.26,0.06666666666666667,1,4
3d6155f6d4e6,0.4033333333333333,0.32,0.22333333333333333,0.05333333333333334,0,0
3d6a6a938f4d,0.043333333333333335,0.7866666666666666,0.11,0.06,1,0
3d6e135dc416,0.23,0.48333333333333334,0.21,0.07666666666666666,1,4
3d7a5814c41f,0.06666666666666667,0.7533333333333333,0.12333333333333334,0.056666666666666664,1,2
3d9b3b0801a9,0.16837448386462261,0.4226463607224339,0.24899182905772643,0.1599873263552172,2,1
3d9d054474b7,0.49,0.3233333333333333,0.15333333333333332,0.03333333333333333,3,4
3da10090af63,0.54,0.27666666666666667,0.11,0.07333333333333333,2,4
3daae55407fc,0.7033333333333334,0.15666666666666668,0.09666666666666666,0.043333333333333335,1,4
3db73bde49a0,0.17333333333333334,0.59,0.18666666666666668,0.05,1,4
3dc69e5f2b15,0.07619275875789887,0.5641391983986123,0.25797827728956235,0.10168976555392648,1,1
3de21b98d4b0,0.4866666666666667,0.28,0.15666666666666668,0.07666666666666666,2,3
3de827a029ee,0.23,0.5,0.17,0.1,1,3
3dedb0639734,0.33666666666666667,0.32,0.21,0.13333333333333333,1,2
3deec0a549d3,0.27,0.48,0.17666666666666667,0.07333333333333333,1,2
3df22af63de9,0.4866666666666667,0.26666666666666666,0.21333333333333335,0.03333333333333333,0,3
3dfc66e41bd9,0.07333333333333333,0.72,0.14,0.06666666666666667,1,2
3e0dde11b059,0.05,0.7309950422748347,0.12666666666666668,0.09233829105849853,3,4
3e22009db59b,0.18666666666666668,0.6666666666666666,0.11333333333333333,0.03333333333333333,1,2
3e2d6faac5dd,0.18,0.49666666666666665,0.18,0.14333333333333334,0,2
3e314f95dc5f,0.11666666666666667,0.6966666666666667,0.12333333333333334,0.06333333333333334,1,3
3e3329765aaf,0.4812114239448854,0.22300700194572998,0.2133021615529468,0.0824794125564377,0,1
3e4037b0506d,0.5466666666666666,0.23333333333333334,0.14666666666666667,0.07333333333333333,2,0
3e51ede7ee7c,0.55,0.25,0.15666666666666668,0.043333333333333335,0,2
3e585150ed8c,0.16382909310883007,0.43597353267930145,0.23535417131758393,0.1648432028942846,1,1
3ed3d85a4caa,0.6033333333333334,0.18666666666666668,0.17,0.04,0,3
3ed6283fd966,0.10395545321329701,0.5722925468967517,0.19131730226515273,0.13243469762479865,0,1
3ee0ccf7f5a7,0.19666666666666666,0.45666666666666667,0.24,0.10666666666666667,1,2
3ee6ceb2040b,0.22,0.45716055341055345,0.25666666666666665,0.06617277992277992,1,4
3f1e5e240522,0.18333333333333332,0.52,0.19333333333333333,0.10333333333333333,0,0
3f2755948419,0.16666666666666666,0.6433333333333333,0.15666666666666668,0.03333333333333333,2,4
3f2ca41bae34,0.65,0.13666666666666666,0.18333333333333332,0.03,0,2
3f457bc13b99,0.17,0.4,0.29,0.14,2,0
3f4c9c73330c,0.1564143337957042,0.3755412910997342,0.24520969218295663,0.22283468292160521,0,1
3f667806b517,0.14666666666666667,0.5709634438026879,0.20666666666666667,0.07570322286397876,1,4
3f82bb3ef348,0.41,0.33666666666666667,0.2,0.05333333333333334,2,4
3f8ed621f16e,0.22666666666666666,0.4033333333333333,0.26,0.11,2,3
3f91d11cef59,0.08,0.6766666666666666,0.13666666666666666,0.10666666666666667,1,2
3f984f0aa172,0.18333333333333332,0.42,0.25666666666666665,0.14,0,2
3f98f789e62a,0.15666666666666668,0.5366666666666666,0.18,0.12666666666666668,2,3
3fa878dddd94,0.3333333333333333,0.41333333333333333,0.15,0.10333333333333333,1,4
3fcc2be34719,0.3233333333333333,0.39666666666666667,0.17333333333333334,0.10666666666666667,0,0
3fd1aead516b,0.09333333333333334,0.6433333333333333,0.19,0.07333333333333333,1,0
3fff6c83cd81,0.33666666666666667,0.47333333333333333,0.15666666666666668,0.03333333333333333,2,0
400f0c7e4de4,0.21,0.39,0.19333333333333333,0.20666666666666667,3,0
402dfb591509,0.22956683291667204,0.3362764798693801,0.22426549553782438,0.2098911916761236,0,1
403f9fb0ef31,0.16666666666666666,0.5,0.23333333333333334,0.1,1,3
40618161dddc,0.29629903951764436,0.23686690993510748,0.3062779601157161,0.16055609043153202,1,1
4063853b3cab,0.14666666666666667,0.6,0.21,0.043333333333333335,1,0
40689b3c62c2,0.24,0.55,0.10666666666666667,0.10333333333333333,1,3
40925ddc68c3,0.3466666666666667,0.34,0.2,0.11333333333333333,1,2
409d2496f978,0.30049241243199426,0.2572439750429081,0.2537722534116224,0.1884913591134752,1,1
40b6a080d09a,0.07333333333333333,0.6971247563352826,0.14333333333333334,0.08620857699805068,1,0
40d4ba72961e,0.18666666666666668,0.56,0.14,0.11333333333333333,1,0
40d67faaee75,0.5533333333333333,0.24333333333333335,0.16,0.043333333333333335,1,0
40d817276317,0.22666666666666666,0.4266666666666667,0.28,0.06666666666666667,2,0
40faddf1bb05,0.36333333333333334,0.38,0.20666666666666667,0.05,1,0
410819eea797,0.41333333333333333,0.32,0.14666666666666667,0.12,1,3
411149653816,0.34,0.35333333333333333,0.23666666666666666,0.07,0,2
414a2893624e,0.12,0.7166666666666667,0.14666666666666667,0.016666666666666666,1,2
416edca973f9,0.32,0.3975398475398475,0.16333333333333333,0.11912681912681913,1,2
417584cecd96,0.20333333333333334,0.5966666666666667,0.07333333333333333,0.12666666666666668,1,4
41792cfb0e74,0.12384115694438226,0.32636903673357054,0.28241155424406394,0.26737825207798344,2,1
4180aa686422,0.20333333333333334,0.49333333333333335,0.21,0.09333333333333334,0,0
4189ab7c6027,0.5337256281344135,0.18086990451290563,0.19276707334686527,0.09263739400581568,3,1
419b460cc514,0.15333333333333332,0.5766666666666667,0.19333333333333333,0.07666666666666666,1,2
41a4d1a7f399,0.08666666666666667,0.7033333333333334,0.12666666666666668,0.08333333333333333,1,3
41b664bf705e,0.16,0.61,0.19,0.04,0,0
41b86a3012d5,0.14517403539761026,0.41198907554686043,0.26650047134018784,0.1763364177153415,2,1
41c32b7a5b44,0.36333333333333334,0.43,0.16333333333333333,0.043333333333333335,0,3
41da13080a64,0.3,0.3433333333333333,0.3233333333333333,0.03333333333333333,1,0
41f2bb5ef2e9,0.14666666666666667,0.5766666666666667,0.23,0.04666666666666667,1,3
42091afaa4be,0.26027893238504146,0.36890843767356396,0.16900349978820822,0.20180913015318638,0,1
420bb7be8ab2,0.23066404098199608,0.25891422629322,0.2716428662324934,0.2387788664922904,0,1
420d52239d7d,0.375411514938703,0.231470851785483,0.24893927266043184,0.14417836061538256,0,1
4213b8c96b2d,0.2733333333333333,0.38333333333333336,0.17666666666666667,0.16666666666666666,0,2
421789206c7c,0.19535078039228762,0.3637096471780373,0.22494895072390775,0.21599062170576688,1,1
422689777b34,0.14666666666666667,0.55,0.20666666666666667,0.09666666666666666,1,4
423d5a5b56b2,0.08878658059645593,0.5379804917220129,0.19856944890942868,0.17466347877210242,1,1
424fb90a4bc1,0.36,0.32,0.25333333333333335,0.06666666666666667,2,4
425baa3b6167,0.21333333333333335,0.48,0.15666666666666668,0.15,3,4
4278049d12e8,0.20333333333333334,0.5233333333333333,0.21333333333333335,0.06,1,3
429a5f79ac0f,0.6276259924672526,0.13235437913053022,0.18979701474409963,0.0502226136581178,2,1
42a5ef66e3d4,0.1,0.6766666666666666,0.16333333333333333,0.06,1,4
42a9025e9d29,0.4066666666666667,0.35,0.16,0.08333333333333333,0,2
42ad2e4feb4f,0.15333333333333332,0.5966666666666667,0.18,0.07,1,0
42c28fffc31d,0.4666666666666667,0.34,0.15,0.043333333333333335,0,4
42ce6191e14e,0.12328774549083273,0.45646509254735707,0.24147422262213336,0.17877293933967653,1,1
43001c00ccca,0.21855863468324055,0.2549083609906915,0.24448023267354316,0.28205277165252485,1,1
430855f2a4ff,0.7033333333333334,0.13666666666666666,0.15333333333333332,0.006666666666666667,0,0
43183eb0a475,0.2833333333333333,0.44,0.13,0.14666666666666667,0,0
43213dfca450,0.37,0.35333333333333333,0.2,0.07666666666666666,1,0
4323961acfb5,0.29333333333333333,0.41,0.23,0.06666666666666667,1,4
433fdf0e14fa,0.2759010016498106,0.30907893605549835,0.278431672640106,0.13658838965458506,0,1
4344f4c7ca1a,0.17333333333333334,0.5533333333333333,0.19333333333333333,0.08,1,3
436ce67eb424,0.27,0.4533333333333333,0.25666666666666665,0.02,0,3
437964b36522,0.36,0.32666666666666666,0.21333333333333335,0.1,1,4
437efcc34243,0.18333333333333332,0.4766666666666667,0.24,0.1,1,2
4384bea76688,0.44333333333333336,0.26666666666666666,0.18666666666666668,0.10333333333333333,0,3
4389b99b9c49,0.13771914159953927,0.5362283752803896,0.1909759581526234,0.1350765249674477,1,1
43ab168173df,0.39666666666666667,0.33666666666666667,0.15,0.11666666666666667,0,0
43bcd9cbd79a,0.14419781025224113,0.5415977749912236,0.21151591029878086,0.10268850445775479,1,1
43c65f4830dc,0.5533333333333333,0.27,0.09666666666666666,0.08,0,4
43caab830455,0.19,0.5766666666666667,0.16666666666666666,0.06666666666666667,1,4
43e05e0b34b9,0.10333333333333333,0.6866666666666666,0.14666666666666667,0.06333333333333334,1,2
43e48c2c4291,0.53,0.24333333333333335,0.15,0.07666666666666666,0,2
43e67cd54343,0.19825053828541891,0.396713984921834,0.2432907783533695,0.16174469843937728,1,1
43f4282677e6,0.1,0.6533333333333333,0.2,0.04666666666666667,1,2
4403b3a0764b,0.29333333333333333,0.39666666666666667,0.23666666666666666,0.07333333333333333,0,3
440cde50a7f5,0.29,0.36666666666666664,0.29,0.05333333333333334,3,0
44164216b8ef,0.19,0.62,0.15333333333333332,0.03666666666666667,1,0
442570bcd62f,0.2638149270664854,0.4099551021035419,0.20354952867185286,0.12268044215811955,2,1
4453f1641121,0.14014505641499259,0.4284542059763196,0.2647502662567888,0.16665047135189912,2,1
4463659093ea,0.09090768990950761,0.4742155375245117,0.2747992268921278,0.16007754567385302,1,1
4475325ffe2e,0.08666666666666667,0.6338217279174726,0.22,0.05951160541586074,1,0
4486acc30384,0.23333333333333334,0.49333333333333335,0.16333333333333333,0.11,3,2
4492a7f00b5f,0.1419443392930087,0.5837405734842778,0.19587358270058883,0.07844150452212457,1,1
4499cf9d764e,0.5505488973809561,0.1750803510841524,0.22268951603082343,0.05168123550406852,0,1
449a4e07e0a3,0.2833333333333333,0.38,0.22666666666666666,0.11,0,3
44b3c1b1bf89,0.18333333333333332,0.6566666666666666,0.1,0.06,1,4
44b6c4a4f9a7,0.45,0.2833333333333333,0.15666666666666668,0.11,0,2
44d4bd051e1f,0.6133333333333333,0.16,0.16,0.06666666666666667,1,2
44fafe9c97eb,0.07333333333333333,0.72,0.15666666666666668,0.05,2,2
454cac81825b,0.21333333333333335,0.4633333333333333,0.18,0.14333333333333334,0,0
455cbab8acad,0.36666666666666664,0.32666666666666666,0.19,0.11666666666666667,3,3
45642bcec833,0.24666666666666667,0.47,0.19666666666666666,0.08666666666666667,3,2
45666ba64453,0.43,0.26,0.17,0.14,1,2
456c2a3abcf7,0.21,0.49,0.23666666666666666,0.06333333333333334,1,3
456f61eec895,0.12333333333333334,0.6666666666666666,0.16333333333333333,0.04666666666666667,1,4
45725d3453c8,0.3483726767016682,0.28017381321631407,0.22991089150794802,0.14154261857406922,3,1
4593937b2976,0.5421409135159121,0.15355080001334453,0.1951623177366464,0.10914596873409718,0,1
4595c11984c3,0.1404141003670588,0.47976429566491646,0.24533287097288412,0.13448873299514075,1,1
45ba102094d2,0.3070092408157046,0.37273216711466955,0.20661365691786013,0.1136449351517657,1,1
45dbef1cd1d7,0.1063727108709255,0.35623722377336664,0.3405452899187181,0.19684477543698983,2,1
45ef9c8f3a29,0.43333333333333335,0.32666666666666666,0.2,0.04,0,3
45f32c71c022,0.16666666666666666,0.5466666666666666,0.23333333333333334,0.05333333333333334,1,3
46096e40afc4,0.13,0.6233333333333333,0.19333333333333333,0.05333333333333334,1,2
460e1bb0eb6c,0.06333333333333334,0.6033333333333334,0.23333333333333334,0.1,0,2
461eb648381b,0.056666666666666664,0.6533333333333333,0.18,0.11,1,3
4624eb6a47d9,0.17333333333333334,0.5533333333333333,0.18,0.09333333333333334,1,3
467079e557f6,0.1,0.6833333333333333,0.13,0.08666666666666667,1,3
4676a91a79e1,0.33666666666666667,0.41333333333333333,0.15333333333333332,0.09666666666666666,2,3
4676ccc3da0b,0.15666666666666668,0.4766666666666667,0.22666666666666666,0.14,2,4
46789391270f,0.2966666666666667,0.44333333333333336,0.17666666666666667,0.08333333333333333,2,3
4684064a1c67,0.23,0.4,0.2633333333333333,0.10666666666666667,0,3
46b5875e3f4b,0.12333333333333334,0.7533333333333333,0.07666666666666666,0.04666666666666667,1,4
46b59bea8e92,0.15,0.5966666666666667,0.21666666666666667,0.03666666666666667,1,0
46ee7cfd0bf8,0.6266666666666667,0.23666666666666666,0.07,0.06666666666666667,2,3
470b3d8e543a,0.25372441311258875,0.3981653848821762,0.1725071926810573,0.17560300932417755,1,1
470d1f1abc74,0.16333333333333333,0.5733333333333334,0.22333333333333333,0.04,1,0
47184d6ce9d8,0.13666666666666666,0.56,0.21666666666666667,0.08666666666666667,1,2
471af1d3f5d0,0.35,0.43333333333333335,0.17,0.04666666666666667,1,0
474a199db1f7,0.22,0.48,0.22666666666666666,0.07333333333333333,1,2
47666c3cd3de,0.43,0.34,0.18666666666666668,0.043333333333333335,3,4
476c4e9bd0e8,0.15666666666666668,0.65,0.13333333333333333,0.06,1,0
478ecae73c0f,0.24969252920005275,0.3620635864168575,0.2566044849813957,0.131639399401694,3,1
4797141539c1,0.09333333333333334,0.7266666666666667,0.14333333333333334,0.03666666666666667,1,3
47a20936e21e,0.22666666666666666,0.43666666666666665,0.22666666666666666,0.11,0,0
47a8d29668f2,0.5733333333333334,0.20333333333333334,0.18666666666666668,0.03666666666666667,0,3
47af8c6239ff,0.09666666666666666,0.5533333333333333,0.16,0.19,1,2
47f9b7436c3f,0.5150877658850427,0.15025797733170124,0.24873059173153683,0.08592366505171954,1,1
48115244cd07,0.11,0.6266666666666667,0.12,0.14333333333333334,1,3
481267fb221a,0.47333333333333333,0.22,0.21666666666666667,0.09,1,4
481522b95d50,0.12333333333333334,0.7066666666666667,0.12333333333333334,0.04666666666666667,1,2
4838494c6cc8,0.15333333333333332,0.54,0.21333333333333335,0.09333333333333334,1,4
484e59c2708d,0.35,0.36333333333333334,0.15666666666666668,0.13,1,4
485d4ccd3c0e,0.37666666666666665,0.2733333333333333,0.30333333333333334,0.04666666666666667,0,4
486c0b27043a,0.1803588019483634,0.38434297336946344,0.2249556416305518,0.21034258305162148,1,1
486e633a5721,0.24666666666666667,0.34,0.19333333333333333,0.22,0,3
48889844ef56,0.11,0.6508523849844765,0.15,0.08914761501552357,1,2
488d48e19716,0.2766881849538215,0.3434557282795106,0.25654166276013546,0.12331442400653228,1,1
48d8abfbad2e,0.3466666666666667,0.34,0.28,0.03333333333333333,2,0
48e089b6f3cb,0.20333333333333334,0.4666666666666667,0.24666666666666667,0.08333333333333333,2,4
48e1cde4e995,0.13666666666666666,0.43466081673979073,0.32,0.10867251659354257,2,4
4900ec5edaa0,0.08,0.7,0.14333333333333334,0.07666666666666666,1,3
490545ad8409,0.13666666666666666,0.6266666666666667,0.16333333333333333,0.07333333333333333,1,0
490fe3924dac,0.13698936660053965,0.35135312243655276,0.24597060951590166,0.2656869014470054,0,1
4911fa4de0f5,0.23666666666666666,0.3933333333333333,0.29333333333333333,0.07666666666666666,1,2
4926141293e4,0.3433333333333333,0.37333333333333335,0.20333333333333334,0.08,1,2
49358afcfb80,0.09666666666666666,0.63,0.16,0.11333333333333333,1,2
49374ea79cdd,0.15666666666666668,0.5733333333333334,0.20333333333333334,0.06666666666666667,1,4
4944adbe3aec,0.253194443076694,0.2845149356031791,0.35308874528776857,0.10920187603235827,2,1
4948bfd21ba8,0.22666666666666666,0.43333333333333335,0.2,0.14,2,4
494aed280098,0.42,0.31666666666666665,0.21,0.05333333333333334,1,2
494f4d7a1bed,0.1,0.6005035629453681,0.23333333333333334,0.06616310372129851,2,0
49508eb834d6,0.4106110350163034,0.28094021548422454,0.21586185931381024,0.09258689018566169,3,1
495ab5cb9721,0.06333333333333334,0.72,0.15,0.06666666666666667,1,3
4968d37e02cc,0.20666666666666667,0.5066666666666667,0.20666666666666667,0.08,1,0
496dae9e8e48,0.25760090098643534,0.22890050706390805,0.37346238454927416,0.14003620740038247,2,1
49719e81744f,0.3333333333333333,0.4166666666666667,0.2,0.05,1,0
497bf4b490c4,0.4264798872867108,0.2134694980278997,0.2204213407452614,0.139629273940128,1,1
4986a30d2f81,0.30666666666666664,0.4166666666666667,0.2,0.07666666666666666,3,2
4989ab8488fb,0.5866666666666667,0.21333333333333335,0.13666666666666666,0.06333333333333334,0,4
4991160776f9,0.14,0.6,0.19666666666666666,0.06333333333333334,1,0
49a79f8222a6,0.11333333333333333,0.5933333333333334,0.21666666666666667,0.07666666666666666,1,0
49c79f89893c,0.18830808988565254,0.5219615137082534,0.18986407804683034,0.09986631835926361,1,1
49cb0e4c4f6f,0.11333333333333333,0.6166666666666667,0.15666666666666668,0.11333333333333333,1,3
49f33fad39cc,0.11333333333333333,0.71,0.12333333333333334,0.05333333333333334,1,3
4a0fb5ff55bb,0.21824030439000078,0.3352618684953837,0.18602364164552865,0.26047418546908657,2,1
4a161522e760,0.2866666666666667,0.43666666666666665,0.16666666666666666,0.11,1,4
4a195eb75def,0.6866666666666666,0.12,0.16666666666666666,0.02666666666666667,0,3
4a1e37b8cd8c,0.14366329009132003,0.3611092506788561,0.2811924102890163,0.2140350489408074,1,1
4a2ddd0dc53a,0.32,0.43666666666666665,0.18,0.06333333333333334,0,3
4a40923456d9,0.15727572585039978,0.27114549852685726,0.3024659648296579,0.269112810793085,1,1
4a4163009281,0.14,0.57,0.19333333333333333,0.09666666666666666,1,2
4a41d40a63d3,0.19666666666666666,0.4866666666666667,0.25333333333333335,0.06333333333333334,1,0
4a4e88562235,0.2966666666666667,0.49666666666666665,0.14333333333333334,0.06333333333333334,3,3
4a4f19493e91,0.23,0.4766666666666667,0.18,0.11333333333333333,1,3
4a5bba561d65,0.14666666666666667,0.54,0.16333333333333333,0.15,0,2
4a5d1728c12a,0.30666666666666664,0.4533333333333333,0.17333333333333334,0.06666666666666667,3,2
4a5e943d578b,0.10666666666666667,0.6633333333333333,0.17666666666666667,0.05333333333333334,3,4
4a6290010ad7,0.3566666666666667,0.2633333333333333,0.22,0.16,2,3
4a683fc106eb,0.09666666666666666,0.7266666666666667,0.07,0.10666666666666667,1,2
4a6c95b0cc17,0.16333333333333333,0.54,0.17333333333333334,0.12333333333333334,0,4
4a7253e116d1,0.5766666666666667,0.22333333333333333,0.13666666666666666,0.06333333333333334,0,2
4a746c1839d7,0.3321254584938305,0.2760119249204135,0.2003924155458804,0.19147020103987566,1,1
4a759252b405,0.5966666666666667,0.23,0.06666666666666667,0.10666666666666667,0,0
4a9a960d2f8b,0.20333333333333334,0.47333333333333333,0.24333333333333335,0.08,2,3
4aa11ef1fd38,0.5696950945169517,0.15428658705943993,0.17232083765733028,0.10369748076627866,0,1
4aa5037091ee,0.30666666666666664,0.31,0.28,0.10333333333333333,0,0
4ab7fae55612,0.35,0.37,0.17333333333333334,0.10666666666666667,1,3
4ac2b8f0d043,0.5660803638461548,0.18530135883231977,0.20096630054427048,0.04765197677725521,0,1
4ac6bbb98b57,0.13666666666666666,0.5366666666666666,0.24333333333333335,0.08333333333333333,3,2
4acca25f2444,0.6033333333333334,0.22666666666666666,0.08666666666666667,0.08333333333333333,0,4
4ae37a325776,0.36,0.34,0.21333333333333335,0.08666666666666667,1,0
4ae89e667a24,0.15333333333333332,0.5966666666666667,0.2,0.05,1,4
4af510894843,0.21333333333333335,0.47333333333333333,0.19666666666666666,0.11666666666666667,3,4
4af9fd126565,0.08333333333333333,0.69,0.17333333333333334,0.05333333333333334,1,0
4afcd8aa1ebd,0.06666666666666667,0.6633333333333333,0.13666666666666666,0.13333333333333333,1,0
4b009ead8ab2,0.38,0.3933333333333333,0.12333333333333334,0.10333333333333333,0,0
4b04ef7e5a91,0.36666666666666664,0.33666666666666667,0.26,0.03666666666666667,1,4
4b0988ac86c0,0.49,0.29773606370875993,0.18,0.032263936291240046,0,0
4b0a5a40676f,0.17666666666666667,0.5342087254063302,0.19666666666666666,0.09245794126033646,1,2
4b0df75f21f5,0.30333333333333334,0.5366666666666666,0.11666666666666667,0.043333333333333335,1,0
4b1d718d562a,0.4,0.33,0.16666666666666666,0.10333333333333333,0,0
4b24276e0963,0.14,0.5566666666666666,0.2,0.10333333333333333,1,4
4b263ebf9ad5,0.2208948082496146,0.3858059902729658,0.24221415758317255,0.15108504389424682,3,1
4b4d19205cf6,0.20333333333333334,0.61,0.13,0.056666666666666664,3,0
4b4fa74957a1,0.7666666666666667,0.13,0.07666666666666666,0.02666666666666667,0,2
4b7578c84ffe,0.1,0.5533333333333333,0.25,0.09666666666666666,2,2
4b7b9871f26f,0.37333333333333335,0.33666666666666667,0.2,0.09,1,3
4b916be9f189,0.52,0.23,0.14666666666666667,0.10333333333333333,0,4
4b93ca3c31ad,0.39294649694999884,0.23688748597128897,0.2145872367140154,0.15557878036469697,1,1
4b9d49cd5e67,0.08333333333333333,0.6166666666666667,0.22,0.08,1,4
4b9f90e96569,0.12287516468684449,0.40517635748152153,0.24342717465147293,0.2285213031801609,0,1
4ba4eb1d380d,0.5698995960661788,0.15508684486717095,0.18291693803070483,0.09209662103594551,0,1
4ba755b48a9c,0.3333333333333333,0.43666666666666665,0.16666666666666666,0.06333333333333334,2,2
4bac6c7da8b8,0.36362608042517963,0.19600972093908972,0.2790764659082766,0.1612877327274541,3,1
4bb14a344446,0.31,0.4533333333333333,0.17,0.06666666666666667,1,3
4bb293489dde,0.6827004733338192,0.07871703957894013,0.1642191565991322,0.07436333048810843,0,1
4bb943c3001c,0.11,0.5966666666666667,0.13666666666666666,0.15666666666666668,1,3
4bc2eb20a505,0.5766666666666667,0.27,0.1,0.05333333333333334,1,4
4bdad39035b0,0.17400749353024114,0.4328230471802058,0.2611588328269486,0.1320106264626046,1,1
4be426760e00,0.6061820575369841,0.11850726805180672,0.2037570093223321,0.07155366508887699,1,1
4beb8e107830,0.58,0.22,0.09666666666666666,0.10333333333333333,1,4
4c053382f9ab,0.08666666666666667,0.8066666666666666,0.09,0.016666666666666666,1,3
4c0a382bf349,0.4403355461100178,0.21770270492212973,0.252660889350604,0.08930085961724873,1,1
4c1a8be87462,0.7433333333333333,0.11333333333333333,0.11333333333333333,0.03,0,2
4c1e5ca11b6e,0.21666666666666667,0.4480592497711149,0.20333333333333334,0.13194075022888513,0,2
4c45ac349e3a,0.02666666666666667,0.6466666666666666,0.30666666666666664,0.02,0,4
4c4a0eb38623,0.23666666666666666,0.4769306487695749,0.18666666666666668,0.09973601789709173,1,0
4c5bc626fee7,0.4816979939792772,0.1490616305035879,0.228141344046409,0.141099031470726,0,1
4c6ddbf0fabe,0.43287766457266713,0.24597447371489428,0.19470474468196197,0.12644311703047673,1,1
4c74745605a9,0.14508124530975175,0.3764152266789732,0.07148693766482744,0.40701659034644766,1,1
4c74ab1c7193,0.23081597202819523,0.1880789993304159,0.23860993397586427,0.3424950946655243,2,1
4c8116b5ce1b,0.56,0.17333333333333334,0.21666666666666667,0.05,2,0
4c96f8a99305,0.4,0.31,0.24666666666666667,0.043333333333333335,2,2
4ca61dd169d4,0.1292325554678098,0.617604535309001,0.18523883339301878,0.06792407583017028,1,1
4cb338b6e248,0.36333333333333334,0.44,0.15333333333333332,0.043333333333333335,0,0
4cce09eca9ca,0.2813187585845441,0.30773826085155015,0.2326209715633846,0.17832200900052095,0,1
4cd37e041b4c,0.18333333333333332,0.49774300315407033,0.14333333333333334,0.17559033017926298,1,2
4cd4a247bc30,0.28,0.46,0.20666666666666667,0.05333333333333334,2,0
4cdca551d442,0.29333333333333333,0.44,0.2,0.06666666666666667,3,0
4d02730ae091,0.19,0.4033333333333333,0.27,0.13666666666666666,0,2
4d11294713ad,0.21,0.4533333333333333,0.2633333333333333,0.07333333333333333,3,2
4d4042629e59,0.18,0.4033333333333333,0.2733333333333333,0.14333333333333334,0,2
4d468b5b8cec,0.09231407609003242,0.576689092463192,0.22907598850683436,0.1019208429399407,1,1
4d53dbd5fc09,0.3466666666666667,0.5,0.09666666666666666,0.056666666666666664,1,3
4d6c1133d688,0.11,0.63,0.21,0.05,1,4
4d70ab1d80d6,0.26,0.2966666666666667,0.2866666666666667,0.15666666666666668,1,2
4d7a2748dfb1,0.09,0.73,0.15333333333333332,0.02666666666666667,1,2
4d8280d84b26,0.12333333333333334,0.6866666666666666,0.10666666666666667,0.08333333333333333,1,2
4db82e5d8079,0.7566666666666667,0.13,0.09333333333333334,0.02,1,0
4dc6197ec461,0.26666666666666666,0.5266666666666666,0.13,0.07666666666666666,1,3
4dd1c6cd167e,0.35,0.37333333333333335,0.17,0.10666666666666667,1,0
4ddbbdbf2690,0.14333333333333334,0.6033333333333334,0.16666666666666666,0.08666666666666667,1,0
4de525e4d09a,0.15,0.5066666666666667,0.23333333333333334,0.11,3,3
4de6472758de,0.1,0.6766666666666666,0.17,0.05333333333333334,1,2
4dfeb4d6bf0d,0.5666666666666667,0.20333333333333334,0.13666666666666666,0.09333333333333334,2,2
4e3671f1dbf8,0.17,0.5566666666666666,0.17666666666666667,0.09666666666666666,2,0
4e51ae89d35a,0.2,0.42333333333333334,0.2,0.17666666666666667,3,2
4e81deb94cab,0.11262424265695785,0.48538037762261815,0.22320822592594822,0.1787871537944757,1,1
4e9a365efc0c,0.13080170523040613,0.3149955792067337,0.21506030930798894,0.3391424062548712,2,1
4e9eb654f451,0.6,0.18,0.13,0.09,0,2
4ea356d57b10,0.27666666666666667,0.3933333333333333,0.24666666666666667,0.08333333333333333,0,0
4ea3d3aed9a6,0.33,0.37333333333333335,0.23333333333333334,0.06333333333333334,0,3
4ea759eebb53,0.08,0.74,0.11,0.07,1,2
4ebaaa8b1eb2,0.16,0.5833333333333334,0.18,0.07666666666666666,1,3
4ecbcabc9971,0.11983811568367832,0.5114067324753486,0.23959003173328255,0.12916512010769013,1,1
4ee4406b32a0,0.17,0.5633333333333334,0.17666666666666667,0.09,2,0
4eea62413744,0.09333333333333334,0.6066666666666667,0.19666666666666666,0.10333333333333333,1,0
4f0201c0929f,0.4412654398153261,0.14593915886399697,0.23470449490833148,0.17809090641234543,1,1
4f044c4aa6f6,0.09,0.59,0.20666666666666667,0.11333333333333333,1,2
4f22fc4115aa,0.18666666666666668,0.5366666666666666,0.21,0.06666666666666667,0,4
4f3ac8ed6bc3,0.36,0.36333333333333334,0.16,0.11666666666666667,0,4
4f3ad9b6686a,0.2908529206115239,0.3675757187495557,0.25946385962485463,0.0821075010140656,1,1
4f429eb104df,0.12666666666666668,0.61,0.16,0.10333333333333333,1,3
4f4a405729f2,0.39,0.4066666666666667,0.12333333333333334,0.08,0,4
4f4ec43883e1,0.3306873052730116,0.30955624915330887,0.24532409938542968,0.11443234618825018,1,1
4f7282cd3316,0.3754441460895064,0.24896743854293504,0.28878376375978104,0.08680465160777784,0,1
4f7398c0551c,0.19333333333333333,0.44666666666666666,0.24,0.12,1,3
4f76e9117edd,0.24,0.37666666666666665,0.2,0.18333333333333332,1,3
4f87a1a47342,0.2633333333333333,0.43333333333333335,0.19333333333333333,0.11,0,4
4f882088da4b,0.22333333333333333,0.4666666666666667,0.19333333333333333,0.11666666666666667,0,0
4f93ae390464,0.5214231410931929,0.17939809444495022,0.2049029693565751,0.09427579510528154,3,1
4f9e5a782721,0.6766666666666666,0.17,0.11666666666666667,0.03666666666666667,0,3
4fb1f71d298c,0.17333333333333334,0.42,0.2866666666666667,0.12,2,0
4fe046c0f566,0.1976824280440843,0.40502584254208573,0.2702756852244063,0.12701604418942358,1,1
4fe89b3c7225,0.29333333333333333,0.47,0.18666666666666668,0.05,0,0
5011af7ced63,0.33,0.37333333333333335,0.24333333333333335,0.05333333333333334,0,0
501f89688227,0.5524111612758706,0.15829055433420106,0.19494759682701052,0.0943506875629179,1,1
5024b6620c03,0.56,0.21666666666666667,0.12,0.10333333333333333,0,2
50586fea5441,0.16666666666666666,0.4,0.25,0.18333333333333332,1,0
5062655a0c9f,0.24,0.30333333333333334,0.23,0.22666666666666666,0,0
50680af8f366,0.1823508302342452,0.3538263865697193,0.21234381798550148,0.25147896521053387,2,1
506e43568206,0.15741597879568198,0.5457215891105083,0.18443108479011852,0.112431347303691,3,1
50787fecf4ce,0.09666666666666666,0.7566666666666667,0.1,0.04666666666666667,1,0
50837951818b,0.10333333333333333,0.7266666666666667,0.08333333333333333,0.08666666666666667,1,3
5083d7064601,0.15,0.6,0.17333333333333334,0.07666666666666666,1,4
508614a9c9ff,0.22,0.46,0.22333333333333333,0.09666666666666666,1,4
508b10b44ff6,0.17666666666666667,0.48,0.21,0.13333333333333333,0,4
508d6acdc4ce,0.21,0.45,0.20333333333333334,0.13666666666666666,1,3
50ab8f13a325,0.07666666666666666,0.8366666666666667,0.06333333333333334,0.023333333333333334,2,3
50bbbabf06c6,0.22666666666666666,0.49,0.16666666666666666,0.11666666666666667,2,3
50c72842fd87,0.14666666666666667,0.5466666666666666,0.21,0.09666666666666666,1,4
50c7efb145ce,0.3846383851257052,0.2502717847056065,0.2844165538083198,0.08067327636036839,1,1
50d38e4b0732,0.23666666666666666,0.4033333333333333,0.22,0.14,3,0
50de43ee58c4,0.23333333333333334,0.5866666666666667,0.12666666666666668,0.05333333333333334,1,0
50e9384ca4c1,0.23,0.5566666666666666,0.17666666666666667,0.03666666666666667,1,0
5108dc02655a,0.19666666666666666,0.5466666666666666,0.18666666666666668,0.07,3,4
510b4b2ae848,0.65,0.21333333333333335,0.12333333333333334,0.013333333333333334,0,3
511b76817a88,0.10333333333333333,0.49,0.2733333333333333,0.13333333333333333,1,0
511f9a60ee5b,0.2633333333333333,0.37333333333333335,0.24333333333333335,0.12,3,0
5122ec355c24,0.18333333333333332,0.6133333333333333,0.12666666666666668,0.07666666666666666,1,4
51294e64d81e,0.15666666666666668,0.66,0.13333333333333333,0.05,1,0
512a9622ca0f,0.21333333333333335,0.51,0.22,0.056666666666666664,1,2
512f55885e0b,0.26666666666666666,0.53,0.17666666666666667,0.02666666666666667,1,2
512fbe9d996a,0.4666666666666667,0.28,0.19666666666666666,0.056666666666666664,1,0
5133bbb7b75c,0.30446134314344875,0.2959172638335736,0.21388322769587154,0.18573816532710583,0,1
514b87b8275d,0.25666666666666665,0.2966666666666667,0.3433333333333333,0.10333333333333333,0,0
514f1f9f8912,0.44333333333333336,0.3,0.14666666666666667,0.11,3,0
51502fa7747d,0.24333333333333335,0.5066666666666667,0.19,0.06,2,3
5170993e49dd,0.27666666666666667,0.38333333333333336,0.19666666666666666,0.14333333333333334,0,3
5187caabdb51,0.14666666666666667,0.6169388803287109,0.12333333333333334,0.11306111967128916,2,2
51a10504052c,0.17,0.47333333333333333,0.26666666666666666,0.09,1,4
51c3b10f88d1,0.3233333333333333,0.39,0.25333333333333335,0.03333333333333333,1,3
51e626885505,0.5333333333333333,0.19,0.22333333333333333,0.05333333333333334,2,0
51f479f9ac83,0.18615301099495105,0.251295765665923,0.2990015620052729,0.263549661333853,0,1
51fef9be5005,0.14666666666666667,0.5966666666666667,0.17,0.08666666666666667,2,4
521c520f0d18,0.18666666666666668,0.43333333333333335,0.27666666666666667,0.10333333333333333,3,0
5249dd72e890,0.30333333333333334,0.49333333333333335,0.17,0.03333333333333333,1,4
525baed75bc5,0.51,0.25,0.16333333333333333,0.07666666666666666,0,4
525f144cecf9,0.23333333333333334,0.4633333333333333,0.23,0.07333333333333333,1,4
526393a46dcb,0.2633333333333333,0.39,0.2866666666666667,0.06,3,0
528aca245f9a,0.24869933115162213,0.4295315306064372,0.20988970746445892,0.11187943077748201,2,1
5292575d2789,0.15,0.67,0.13333333333333333,0.04666666666666667,0,3
52a07bdb51ad,0.08666666666666667,0.78,0.08666666666666667,0.04666666666666667,1,2
52b4996cd35d,0.08333333333333333,0.6966666666666667,0.14,0.08,1,0
52ced5f7e2b3,0.5333333333333333,0.22333333333333333,0.14333333333333334,0.1,0,0
52dc05bd4381,0.5333333333333333,0.22333333333333333,0.16333333333333333,0.08,2,4
52e8c2d0de50,0.44333333333333336,0.3466666666666667,0.16666666666666666,0.043333333333333335,1,4
5304d41ea0a6,0.17,0.6033333333333334,0.17333333333333334,0.05333333333333334,2,4
5304dd253880,0.2,0.53,0.18,0.09,0,0
531c0554dc5d,0.6666666666666666,0.15333333333333332,0.14333333333333334,0.03666666666666667,0,2
53234761691b,0.28,0.56,0.13333333333333333,0.02666666666666667,1,2
53345381e15a,0.056666666666666664,0.81,0.06666666666666667,0.06666666666666667,1,3
5359e47a53e0,0.15766622486810267,0.31215252871868177,0.2821135485470522,0.24806769786616342,1,1
535f8c7a5191,0.19,0.5066666666666667,0.20666666666666667,0.09666666666666666,1,2
5368a8bec11f,0.09666666666666666,0.7066666666666667,0.12666666666666668,0.07,1,3
536ec36c3d62,0.3466666666666667,0.27666666666666667,0.28,0.09666666666666666,0,3
537d1ce14277,0.38666666666666666,0.31333333333333335,0.21333333333333335,0.08666666666666667,0,3
537f2065d631,0.4842933162109426,0.17600716404048408,0.2459980986818355,0.09370142106673773,0,1
5380acab9ccf,0.4533333333333333,0.30333333333333334,0.15,0.09333333333333334,1,2
5392f3af1472,0.28246973990452445,0.315337947855986,0.2882585455621402,0.11393376667734889,0,1
53a94edc58d1,0.13333333333333333,0.5233333333333333,0.17,0.17333333333333334,1,4
53a991898080,0.35,0.35333333333333333,0.18,0.11666666666666667,2,4
53ab14d3aeff,0.19920913642100896,0.41152326370374687,0.24909752345712383,0.1401700764181201,1,1
53ab7bc1ca97,0.3442665020222007,0.21002932938670477,0.3034858703556278,0.142218298235467,2,1
53aed14e6386,0.44,0.32666666666666666,0.16666666666666666,0.06666666666666667,2,4
53b2ff894bda,0.09666666666666666,0.7133333333333334,0.11333333333333333,0.07666666666666666,1,4
53b974b2f19b,0.10666666666666667,0.5733333333333334,0.24,0.08,2,3
53c9dc786907,0.29333333333333333,0.44333333333333336,0.18666666666666668,0.07666666666666666,2,2
53e3f01fabe1,0.09666666666666666,0.45666666666666667,0.4033333333333333,0.043333333333333335,1,2
53f3c8c16f5d,0.20333333333333334,0.51,0.19,0.09666666666666666,1,3
53fefa2635de,0.63,0.23666666666666666,0.1,0.03333333333333333,2,3
5400139d2bb4,0.14,0.5433333333333333,0.19666666666666666,0.12,1,2
5410626fc53a,0.22333333333333333,0.5466666666666666,0.15333333333333332,0.07666666666666666,1,3
5423b19fb38b,0.23,0.4166666666666667,0.15,0.20333333333333334,1,2
543ea3ce1275,0.056666666666666664,0.7666666666666667,0.11333333333333333,0.06333333333333334,1,0
54600e52f553,0.43666666666666665,0.3333333333333333,0.19333333333333333,0.03666666666666667,0,4
547aae81c04c,0.17333333333333334,0.5638318057565525,0.16666666666666666,0.0961681942434475,1,2
547b1dd0ebcb,0.13613655860416835,0.357325684562077,0.2801888061038467,0.22634895072990763,2,1
549205ed957c,0.25333333333333335,0.44333333333333336,0.24333333333333335,0.06,0,2
54a1ff4452af,0.3,0.48,0.16333333333333333,0.056666666666666664,1,2
54a72130e138,0.11666666666666667,0.5066666666666667,0.31666666666666665,0.06,1,3
54bcc360cc71,0.36666666666666664,0.41333333333333333,0.15666666666666668,0.06333333333333334,0,2
54d2b19a59c4,0.40981412105464016,0.19838894709645263,0.2662481290134592,0.12554880283544786,0,1
54d3bd418490,0.14,0.5166666666666667,0.19333333333333333,0.15,1,3
54d87992ebd1,0.4,0.2966666666666667,0.20666666666666667,0.09666666666666666,0,4
55178967f39d,0.18666666666666668,0.49,0.2,0.12333333333333334,1,2
551ce2f497af,0.14170471053754022,0.38015826202716735,0.22508464657845897,0.2530523808568333,1,1
5545ef49ebfc,0.1828443594248133,0.3142629028789735,0.2775722618807021,0.22532047581551098,0,1
5553337f41b7,0.15666666666666668,0.6133333333333333,0.15666666666666668,0.07333333333333333,1,0
555aa3906759,0.15333333333333332,0.55,0.17666666666666667,0.12,1,4
556b76b37e6e,0.23666666666666666,0.48,0.18333333333333332,0.1,2,0
5590d0f84fb4,0.2966666666666667,0.43,0.17333333333333334,0.1,2,0
55a1e614cd5d,0.19666666666666666,0.5233333333333333,0.18,0.1,2,4
55bdad0b3d6a,0.36,0.38,0.20333333333333334,0.056666666666666664,0,0
55bf89ae74ea,0.35,0.39,0.12333333333333334,0.13666666666666666,0,0
55f9624fef0e,0.35985857103726493,0.30532017305636877,0.1909864712241019,0.14383478468226474,3,1
55fb3303c057,0.38333333333333336,0.36333333333333334,0.17,0.08333333333333333,0,3
561871085c06,0.55,0.23333333333333334,0.17333333333333334,0.043333333333333335,0,4
5618efab082e,0.6666666666666666,0.15,0.17333333333333334,0.01,0,2
5621dfc80f12,0.33666666666666667,0.35,0.17,0.14333333333333334,1,4
5623a3a86114,0.4033333333333333,0.3466666666666667,0.13666666666666666,0.11333333333333333,1,2
562b773e21da,0.37,0.44,0.16,0.03,1,3
565cf7dfcce7,0.16333333333333333,0.5066666666666667,0.25,0.08,1,2
56688f5bde5c,0.16333333333333333,0.6466666666666666,0.14,0.05,1,2
566c4bfc22a4,0.10215184736801465,0.4266830196321657,0.20403459132085489,0.2671305416789651,1,1
568691cc04c4,0.14631947562457753,0.46956743228813613,0.23246547221446145,0.15164761987282493,1,1
56a69969ec4c,0.4106634793119959,0.22327988607467858,0.28010878808443673,0.08594784652888848,0,1
56a6a370c80f,0.16333333333333333,0.5433333333333333,0.23333333333333334,0.06,0,2
56b13bf13955,0.3433333333333333,0.4066666666666667,0.19333333333333333,0.056666666666666664,2,3
56ec96b96a1c,0.06,0.72,0.14333333333333334,0.07666666666666666,1,3
56fe338adcca,0.3433333333333333,0.41333333333333333,0.15333333333333332,0.09,0,2
5706623a8069,0.1,0.5633333333333334,0.23,0.10666666666666667,1,3
57081e4ab3b1,0.36666666666666664,0.36,0.24333333333333335,0.03,0,2
570d6703b8bd,0.10333333333333333,0.72,0.13333333333333333,0.043333333333333335,1,3
570e81ad62f3,0.21333333333333335,0.4266666666666667,0.27,0.09,2,3
570fd6af9eab,0.22,0.57,0.17666666666666667,0.03333333333333333,1,3
5753677905c4,0.2638043955833666,0.43383702792791523,0.15049328082105992,0.15186529566765802,0,1
5756aa070207,0.27666666666666667,0.45666666666666667,0.16,0.10666666666666667,1,3
5758d3fadf95,0.26,0.4,0.22333333333333333,0.11666666666666667,0,2
5772159e2645,0.24333333333333335,0.49666666666666665,0.20666666666666667,0.05333333333333334,1,4
57776e62829f,0.6333333333333333,0.19381635581061693,0.14333333333333334,0.029516977522716405,0,0
57850405120c,0.12025625247825746,0.5093134520169706,0.2049793156728108,0.16545097983196097,1,1
57915fbd41fe,0.5071750225640109,0.20730007736064537,0.19657853651712834,0.08894636355821506,0,1
57b5cc0c0645,0.07666666666666666,0.7166666666666667,0.14666666666666667,0.06,1,3
57ca1820340c,0.5402726597927536,0.1144877533974456,0.2442800403181103,0.10095954649169014,0,1
57de882902fc,0.33,0.39666666666666667,0.10333333333333333,0.17,1,4
57dfecfd86ff,0.2711983844105489,0.3019127628922602,0.2582476338835905,0.1686412188136004,2,1
57f81b7f45cf,0.4,0.41,0.14333333333333334,0.04666666666666667,0,4
58072ae8b0f0,0.17666666666666667,0.5966666666666667,0.09666666666666666,0.13,1,2
582562f90e88,0.15,0.6466666666666666,0.16333333333333333,0.04,1,0
583b8489646f,0.700968023634131,0.08642747078288472,0.1708789020936972,0.04172560348928706,0,1
583f34f5d5fc,0.48333333333333334,0.3333333333333333,0.11,0.07333333333333333,0,3
5840fda24291,0.15,0.49,0.24333333333333335,0.11666666666666667,1,0
5846e5cc51a2,0.2100213131969659,0.3492283871344602,0.26585408576925507,0.17489621389931886,0,1
58501082c63a,0.23666666666666666,0.55,0.16666666666666666,0.04666666666666667,1,4
5861e8681425,0.47333333333333333,0.23666666666666666,0.23,0.06,1,0
586d54b2a31a,0.35333333333333333,0.42,0.15,0.07666666666666666,0,2
587699c00f43,0.4266666666666667,0.27,0.2633333333333333,0.04,2,3
588b613b92af,0.56,0.18666666666666668,0.21,0.043333333333333335,0,4
58ad7c132f66,0.59,0.20666666666666667,0.14666666666666667,0.056666666666666664,0,3
58bd213f054f,0.31666666666666665,0.3933333333333333,0.15,0.14,0,2
58c8cb4271bf,0.21,0.59,0.12,0.08,1,3
58cc074e38da,0.07666666666666666,0.5466666666666666,0.33,0.04666666666666667,3,3
58fd19f3e555,0.08346508423885392,0.5150755096621055,0.2738712269484123,0.12758817915062864,1,1
58ff60a8bc71,0.16666666666666666,0.68,0.11666666666666667,0.03666666666666667,1,2
59227e05796e,0.4533333333333333,0.29,0.18666666666666668,0.07,0,2
59289712b7a7,0.16333333333333333,0.61,0.17666666666666667,0.05,1,4
5947be3fea54,0.2833333333333333,0.39,0.22333333333333333,0.10333333333333333,2,3
594b6a49d2ea,0.08,0.6233333333333333,0.21666666666666667,0.08,3,0
594b82058ccd,0.5166666666666667,0.19333333333333333,0.15333333333333332,0.13666666666666666,2,4
5970de40ff73,0.23,0.45,0.23,0.09,3,3
597671ef6252,0.4960073982150784,0.11057457949923297,0.19412321817142383,0.1992948041142649,0,1
5979bc664c1d,0.11981549952134948,0.32412268748393386,0.2580038648690074,0.2980579481257095,3,1
597f5f3f8751,0.24,0.4533333333333333,0.22333333333333333,0.08333333333333333,1,4
598b2841a3d5,0.21396236863870963,0.3871750472991384,0.2795163770239437,0.11934620703820845,1,1
599645fe1eb3,0.76,0.11,0.10666666666666667,0.023333333333333334,0,2
59a91c5701e6,0.4033333333333333,0.38666666666666666,0.17666666666666667,0.03333333333333333,1,4
59ab0bb7cd92,0.7533333333333333,0.12,0.08333333333333333,0.043333333333333335,0,4
59be4450dac0,0.14666666666666667,0.6266666666666667,0.17333333333333334,0.05333333333333334,0,0
59cb862d37e1,0.24,0.53,0.15666666666666668,0.07333333333333333,1,0
59d10129bc08,0.20333333333333334,0.55,0.18,0.06666666666666667,1,0
59e10fae4c81,0.19,0.48,0.24,0.09,1,0
59e137176570,0.43666666666666665,0.25333333333333335,0.15333333333333332,0.15666666666666668,0,4
59e43e0b66a9,0.23,0.3933333333333333,0.25,0.12666666666666668,0,3
59f38b6e1b6b,0.07666666666666666,0.7175405742821472,0.14,0.06579275905118602,1,2
5a0e35234db3,0.33,0.43,0.19,0.05,2,2
5a1b6052355e,0.16501428175249117,0.34162944839250337,0.2197187863070344,0.273637483547971,1,1
5a23fa5717a3,0.18333333333333332,0.5,0.21,0.10666666666666667,1,4
5a249578cf8e,0.5119458957459877,0.1975571022028077,0.2181726891283995,0.07232431292280528,0,1
5a37eccaeb4e,0.5459030396397523,0.14761660731621032,0.20850863775635226,0.09797171528768513,0,1
5a40b5567ce8,0.47333333333333333,0.23666666666666666,0.22333333333333333,0.06666666666666667,2,3
5a642870b814,0.12911436211695984,0.47489539665575997,0.2450007327785486,0.1509895084487314,2,1
5a869900cfef,0.30666666666666664,0.4,0.20666666666666667,0.08666666666666667,1,4
5a8eabd0dfbd,0.15250578243651108,0.4155825001949609,0.30526776011927687,0.12664395724925154,1,1
5a9ef6342497,0.35333333333333333,0.31666666666666665,0.22666666666666666,0.10333333333333333,0,0
5aab89012cc2,0.10333333333333333,0.7,0.11666666666666667,0.08,1,0
5ab0afad9234,0.2569588751522711,0.24341606414447559,0.26063097604707897,0.23899408465617428,0,1
5ab46852e359,0.4766666666666667,0.26666666666666666,0.15333333333333332,0.10333333333333333,1,2
5abc0730eea5,0.10330788050626356,0.49840083120695455,0.22740575585288023,0.17088553243390184,1,1
5ae77db07c44,0.17333333333333334,0.5433333333333333,0.18666666666666668,0.09666666666666666,2,0
5b059ef0f8ee,0.29,0.47,0.19,0.05,1,0
5b09e5efc537,0.59845643235667,0.11319748992040478,0.20879914160463117,0.0795469361182942,3,1
5b380012edfc,0.21940221653579112,0.4400376590898061,0.20655110219493455,0.13400902217946842,1,1
5b399e31d07f,0.18,0.58,0.14333333333333334,0.09666666666666666,1,2
5b4320cfadc4,0.11666666666666667,0.5633333333333334,0.23,0.09,1,4
5b5889f8e4b7,0.19333333333333333,0.5066666666666667,0.16666666666666666,0.13333333333333333,1,4
5b65a69885b6,0.26666666666666666,0.44,0.18666666666666668,0.10666666666666667,1,4
5b96a28a5ae7,0.07666666666666666,0.73,0.15,0.043333333333333335,1,4
5baf929549c6,0.3976249858058537,0.19111629305652067,0.22098842657245002,0.19027029456517566,1,1
5bbc4574f4ac,0.30666666666666664,0.5,0.14,0.05333333333333334,1,4
5bbefa3819bb,0.12,0.6133333333333333,0.19333333333333333,0.07333333333333333,2,3
5bc2b00f611e,0.18666666666666668,0.44666666666666666,0.2966666666666667,0.07,1,4
5bd7e722e24f,0.49441376860980457,0.22554994420949706,0.17972047347395828,0.10031581370674032,1,1
5bea77df76eb,0.38666666666666666,0.4533333333333333,0.12,0.04,0,0
5c20d46146b3,0.3566666666666667,0.43,0.13333333333333333,0.08,2,4
5c3c9a303c13,0.5733333333333334,0.15,0.25666666666666665,0.02,0,2
5c4a2ed04ff9,0.21,0.6,0.14666666666666667,0.043333333333333335,1,2
5c4e0bef2cc6,0.22666666666666666,0.4666666666666667,0.25666666666666665,0.05,1,2
5c5a8fe1d563,0.38333333333333336,0.24666666666666667,0.33666666666666667,0.03333333333333333,0,0
5c63bdd7a0a7,0.06666666666666667,0.7133333333333334,0.13,0.09,1,0
5c67abd0b49f,0.26383407438921874,0.2532700698508001,0.30681338951791226,0.1760824662420687,1,1
5c6b722a9a82,0.37333333333333335,0.34,0.22666666666666666,0.06,1,2
5c97fb42f06e,0.44666666666666666,0.27666666666666667,0.22,0.056666666666666664,1,3
5cd6a7ebb37f,0.4666666666666667,0.30333333333333334,0.19666666666666666,0.03333333333333333,0,2
5cf8c5e5aa23,0.51,0.27,0.13666666666666666,0.08333333333333333,2,3
5d09203da3ba,0.22558075450249784,0.44543658924749907,0.19262684265684762,0.13635581359315574,1,1
5d3619fd4540,0.37666666666666665,0.32,0.22333333333333333,0.08,2,2
5d5f5f5ec586,0.30333333333333334,0.4033333333333333,0.2,0.09333333333333334,1,2
5d66b2f4c8e0,0.11333333333333333,0.5466666666666666,0.24333333333333335,0.09666666666666666,1,0
5d786634f354,0.14666666666666667,0.6166666666666667,0.15,0.08666666666666667,1,0
5d7a01890cb6,0.07666666666666666,0.6375684787189212,0.13666666666666666,0.14909818794774546,1,0
5d8bf0fa1ec0,0.3242836520437804,0.27713773161543687,0.26847707784403435,0.13010153849674846,0,1
5dbe5d09d8b4,0.15872336761085548,0.412284824792849,0.21714107363661214,0.21185073395968348,3,1
5dcdd4c77f15,0.1,0.53,0.2,0.17,1,3
5de1720c253f,0.24,0.42333333333333334,0.23,0.10666666666666667,0,0
5df3682bc713,0.7481836994504383,0.07916276083251307,0.09981893079071191,0.0728346089263369,0,1
5dfc819491fb,0.24,0.37333333333333335,0.18666666666666668,0.2,1,3
5e15393e8483,0.29333333333333333,0.45,0.17333333333333334,0.08333333333333333,0,2
5e1e833afeeb,0.7533333333333333,0.14666666666666667,0.06666666666666667,0.03333333333333333,0,4
5e22d4f43674,0.37333333333333335,0.38666666666666666,0.11666666666666667,0.12333333333333334,1,4
5e3842ff3457,0.11666666666666667,0.5866666666666667,0.24666666666666667,0.05,1,2
5e3a04aec6df,0.1,0.6733333333333333,0.16666666666666666,0.06,1,2
5e543578feff,0.19666666666666666,0.43333333333333335,0.21666666666666667,0.15333333333333332,2,2
5e5b8469395d,0.2266435345311569,0.39519893195472555,0.23946226162027268,0.13869527189384454,2,1
5e5bee2f9f08,0.45666666666666667,0.27666666666666667,0.21666666666666667,0.05,2,4
5e64e42f9b10,0.06666666666666667,0.77,0.09,0.07333333333333333,0,0
5e7386e9b570,0.5666666666666667,0.30333333333333334,0.08666666666666667,0.043333333333333335,1,3
5e7e2e3b20f3,0.18625039058334691,0.3769000479587968,0.31304913856266064,0.12380042289519572,2,1
5e811e5fa7a8,0.1697146791684558,0.3316595764344753,0.2848891225371314,0.21373662185993736,3,1
5e8554463272,0.16401147983837083,0.4815623776517095,0.24537218479670178,0.10905395771321832,3,1
5ea54f3cfdbb,0.23,0.44666666666666666,0.2733333333333333,0.05,3,4
5eb39b25e6a2,0.11600707944707615,0.48060304484358257,0.2285972625707016,0.17479261313863947,1,1
5ebc6a206211,0.33666666666666667,0.2733333333333333,0.28,0.11,0,4
5ec612c367ed,0.4033333333333333,0.3,0.25666666666666665,0.04,0,2
5eca9e1472e6,0.614943159837825,0.1251526817651481,0.19908045198326166,0.06082370641376522,0,1
5ee57e4e2a9a,0.23,0.4866666666666667,0.21666666666666667,0.06666666666666667,2,2
5ef72546790a,0.22666666666666666,0.3333333333333333,0.2833333333333333,0.15666666666666668,3,3
5f0bc1dfa0f3,0.37,0.38333333333333336,0.18333333333333332,0.06333333333333334,2,2
5f101534e80d,0.06,0.7066666666666667,0.18,0.05333333333333334,1,3
5f159e65db5b,0.12,0.6033333333333334,0.15,0.12666666666666668,1,0
5f1d8846918f,0.41229366500026093,0.1701859584949055,0.3037745187886446,0.11374585771618885,0,1
5f214fc89978,0.15,0.57,0.23666666666666666,0.043333333333333335,1,3
5f23e39538df,0.36333333333333334,0.29,0.22,0.12666666666666668,1,2
5f262d843e38,0.11666666666666667,0.66,0.19333333333333333,0.03,1,0
5f4a1c18f73a,0.17666666666666667,0.47333333333333333,0.21666666666666667,0.13333333333333333,1,2
5f68d62a53b2,0.31333333333333335,0.36333333333333334,0.24,0.08333333333333333,3,4
5f71657bb13c,0.25333333333333335,0.3933333333333333,0.26666666666666666,0.08666666666666667,0,3
5f72cd51c9d9,0.14666666666666667,0.3566666666666667,0.22666666666666666,0.27,1,2
5f866897e480,0.4633333333333333,0.33,0.17,0.03666666666666667,2,3
5f893a168417,0.15262094371195958,0.3914636008987424,0.20946988372505657,0.24644557166424128,1,1
5f9127732aa5,0.31,0.41333333333333333,0.22333333333333333,0.05333333333333334,0,3
5f91c6b4a523,0.45,0.33666666666666667,0.16666666666666666,0.04666666666666667,2,3
5f9315239590,0.43,0.34,0.19666666666666666,0.03333333333333333,0,4
5fcb8bc7513c,0.13,0.6166666666666667,0.18666666666666668,0.06666666666666667,0,0
5ffacabcbf60,0.36666666666666664,0.35333333333333333,0.18333333333333332,0.09666666666666666,1,0
600ab69570f2,0.37,0.32,0.21333333333333335,0.09666666666666666,2,0
601e2cbcc9f7,0.5966666666666667,0.2833333333333333,0.09,0.03,0,4
6024ccb28c47,0.6233333333333333,0.16666666666666666,0.14,0.07,0,0
602ee70cb61a,0.17333333333333334,0.43333333333333335,0.22,0.17333333333333334,1,2
6039f7ffcc5a,0.11,0.7,0.14333333333333334,0.04666666666666667,1,3
604e3942c322,0.32666666666666666,0.5166666666666667,0.11333333333333333,0.043333333333333335,0,2
60554eada6af,0.3466666666666667,0.32666666666666666,0.22666666666666666,0.1,3,4
60582c2b6793,0.3566666666666667,0.30333333333333334,0.16,0.18,1,3
605a4e81d716,0.54,0.20666666666666667,0.18666666666666668,0.06666666666666667,3,2
605f27e6f20a,0.2866666666666667,0.51,0.14666666666666667,0.056666666666666664,1,4
6065262d57c0,0.27,0.49333333333333335,0.16333333333333333,0.07333333333333333,0,0
606f749a9152,0.12,0.5266666666666666,0.22333333333333333,0.13,1,3
608311337d65,0.11333333333333333,0.6366666666666667,0.18,0.07,1,0
608c09cf07eb,0.2461948791018169,0.30605207036787985,0.28844563868758777,0.15930741184271574,2,1
60b01c86e9c8,0.17333333333333334,0.5466666666666666,0.20666666666666667,0.07333333333333333,1,0
60b307a1d9c7,0.33666666666666667,0.36,0.19333333333333333,0.11,0,0
60b889344085,0.2633333333333333,0.32666666666666666,0.31,0.1,0,2
60c6d93dbf6b,0.6618571323931017,0.11175110193492169,0.17373058587337104,0.052661179798605844,0,1
60cdc5f41222,0.38666666666666666,0.3933333333333333,0.17666666666666667,0.043333333333333335,1,0
60e1338439e7,0.33903824661464305,0.20114357839346395,0.3033218325745449,0.1564963424173482,1,1
60ee48e72980,0.27666666666666667,0.41333333333333333,0.14333333333333334,0.16666666666666666,1,2
60f2bf33d1b1,0.301596496825417,0.13348541596214025,0.2513084085615372,0.31360967865090555,0,1
60f874bde211,0.11333333333333333,0.5766666666666667,0.25,0.06,1,4
61007125e8a1,0.31,0.49,0.14,0.06,1,3
610b0e29d87a,0.29333333333333333,0.4266666666666667,0.20333333333333334,0.07666666666666666,0,2
6126faf783af,0.13928172972738062,0.34152410293978425,0.31012094632070036,0.20907322101213494,1,1
612db6880c2d,0.31430455064978263,0.27423058413817225,0.2866869248443252,0.12477794036772014,0,1
612ea5194007,0.5266666666666666,0.23666666666666666,0.19333333333333333,0.043333333333333335,0,0
612f28c33ac0,0.69,0.15666666666666668,0.09333333333333334,0.06,2,2
6133f90e9453,0.15333333333333332,0.49124919150093643,0.19333333333333333,0.16208414183239692,2,0
614be300927d,0.26511629923414465,0.3501783374567672,0.26619905620944617,0.11850630709964209,1,1
616a679a7380,0.12666666666666668,0.53,0.26666666666666666,0.07666666666666666,2,3
616ec28bcb52,0.21,0.41333333333333333,0.2966666666666667,0.08,1,3
617fdae2aaa1,0.3900064644838412,0.19576821577389883,0.22519041035703138,0.18903490938522835,0,1
618056db0875,0.41952611980438625,0.15860657444929957,0.25238600250596865,0.16948130324034577,0,1
6188756af06d,0.24666666666666667,0.4533333333333333,0.19,0.11,1,0
618e7671d9c2,0.18333333333333332,0.5766666666666667,0.08666666666666667,0.15333333333333332,1,0
619a6ab0ef11,0.20531053164293817,0.4526280494406513,0.19089583315838773,0.1511655857580227,0,1
619a7e7565ff,0.056666666666666664,0.7566666666666667,0.13666666666666666,0.05,1,4
61a2545926a4,0.25333333333333335,0.47333333333333333,0.20666666666666667,0.06666666666666667,2,2
61bfc6b7b0a8,0.21852675455268966,0.2968737682017877,0.31264273009060767,0.17195674715491513,0,1
61ef666e618e,0.2733333333333333,0.49,0.18666666666666668,0.05,2,3
61f2e71f6a8f,0.15666666666666668,0.57,0.17333333333333334,0.1,3,3
61f60b0f22a7,0.38666666666666666,0.3,0.28,0.03333333333333333,0,0
61f869d08130,0.2115295299001431,0.3997253369515966,0.2515010519260479,0.13724408122221232,1,1
61ff519046f4,0.19283172934357495,0.42724087860244575,0.2544980043699372,0.12542938768404208,1,1
620367287eaf,0.15,0.5233333333333333,0.25,0.07666666666666666,2,3
620c3af8a678,0.18333333333333332,0.43666666666666665,0.2633333333333333,0.11666666666666667,2,0
6216290b4e0b,0.24333333333333335,0.5333333333333333,0.15666666666666668,0.06666666666666667,0,4
622b22589a30,0.11333333333333333,0.6066666666666667,0.16,0.12,2,2
623fd21cb286,0.2633333333333333,0.5666666666666667,0.15,0.02,0,3
62416d8ec296,0.20666666666666667,0.48,0.14333333333333334,0.17,1,2
62428c0ca6cb,0.2633333333333333,0.43,0.17333333333333334,0.13333333333333333,1,2
6262f05749d3,0.5933333333333334,0.18,0.18666666666666668,0.04,2,2
6263c19334f8,0.8166666666666667,0.11333333333333333,0.043333333333333335,0.02666666666666667,0,2
62754eaff473,0.15333333333333332,0.6133333333333333,0.18,0.05333333333333334,1,4
627a4fc2a0dc,0.26,0.43666666666666665,0.21666666666666667,0.08666666666666667,0,2
628ef26663bf,0.25666666666666665,0.5033333333333333,0.10333333333333333,0.13666666666666666,1,4
628fc5a824bb,0.15,0.5433333333333333,0.21,0.09666666666666666,2,4
62afcd0adeea,0.14666666666666667,0.4633333333333333,0.2633333333333333,0.12666666666666668,1,2
62c027794523,0.1,0.7101848184818482,0.14333333333333334,0.04648184818481848,1,0
62d6d024bfe4,0.3,0.42,0.21666666666666667,0.06333333333333334,1,0
62ddc7a85907,0.30666666666666664,0.36666666666666664,0.23333333333333334,0.09333333333333334,3,3
62eb85e2e37b,0.12666666666666668,0.67,0.15666666666666668,0.04666666666666667,1,2
630e1c371a8b,0.20333333333333334,0.41359916054564533,0.16666666666666666,0.21640083945435465,1,0
631509ad3765,0.16393464950701933,0.3484751361041346,0.28284520686653614,0.20474500752230942,1,1
6317840e9b47,0.21,0.5,0.12,0.17,0,3
63313ccf753e,0.59,0.19333333333333333,0.19666666666666666,0.02,3,2
63343210e844,0.2855907570041275,0.2980321272771455,0.25263632652485557,0.16374078919387114,1,1
633ad3666fe2,0.30666666666666664,0.44,0.16333333333333333,0.09,0,4
6354129bb2c3,0.30333333333333334,0.37,0.21333333333333335,0.11333333333333333,1,2
635679335416,0.23666666666666666,0.42333333333333334,0.29333333333333333,0.04666666666666667,1,4
635afb883b30,0.21333333333333335,0.5433333333333333,0.16666666666666666,0.07666666666666666,2,3
635d2d618260,0.21,0.68,0.08666666666666667,0.023333333333333334,1,4
637e273ff96d,0.13333333333333333,0.6033333333333334,0.16666666666666666,0.09666666666666666,1,3
6395341ccdcf,0.10666666666666667,0.5366666666666666,0.26,0.09666666666666666,0,4
63a1906b6403,0.5533333333333333,0.22333333333333333,0.19666666666666666,0.02666666666666667,0,2
63a5cd71557d,0.2903456646216662,0.2814606837638767,0.2722829640654857,0.1559106875489715,1,1
63a95293c73c,0.19333333333333333,0.47333333333333333,0.26666666666666666,0.06666666666666667,1,0
63ba14ce106e,0.2633333333333333,0.4138275806190245,0.19666666666666666,0.12617241938097554,1,0
63ce3e6b048a,0.17666666666666667,0.5933333333333334,0.15666666666666668,0.07333333333333333,2,0
63de1ceb55b8,0.22666666666666666,0.44333333333333336,0.19666666666666666,0.13333333333333333,1,3
63e0c8d32ca8,0.49666666666666665,0.3333333333333333,0.13666666666666666,0.03333333333333333,0,2
63efba9a923c,0.23,0.44,0.22,0.11,0,2
63f0982859ed,0.3233333333333333,0.3333333333333333,0.21,0.13333333333333333,1,2
6407edd84e3d,0.18495049238259623,0.44645124195020475,0.23601860899486263,0.1325796566723363,1,1
640fc90f4691,0.6933333333333334,0.14333333333333334,0.14666666666666667,0.016666666666666666,0,0
642ffa5c3a59,0.5533333333333333,0.24333333333333335,0.15666666666666668,0.04666666666666667,0,2
6441a00880e6,0.5466666666666666,0.23333333333333334,0.15,0.07,0,2
644889784a23,0.32,0.37333333333333335,0.15333333333333332,0.15333333333333332,0,4
64566b44c452,0.20935547949380978,0.37218329014321355,0.2212440415879532,0.19721718877502364,0,1
645e83638252,0.6066666666666667,0.18333333333333332,0.13,0.08,0,3
646a81833c37,0.10666666666666667,0.6266666666666667,0.17,0.09666666666666666,1,2
6480202c9a6a,0.25,0.45,0.27,0.03,0,4
6482765c23b3,0.4266666666666667,0.26666666666666666,0.14,0.16666666666666666,0,2
648d90c47364,0.16333333333333333,0.5966666666666667,0.16,0.08,2,2
6493554b3069,0.12333333333333334,0.5866666666666667,0.17333333333333334,0.11666666666666667,3,4
64af5726691a,0.37666666666666665,0.2633333333333333,0.29,0.07,2,2
64c7b678ff33,0.07666666666666666,0.76,0.11333333333333333,0.05,3,4
64c9a942dfac,0.27,0.43,0.17666666666666667,0.12333333333333334,1,3
64ccc691d5b8,0.6866666666666666,0.17333333333333334,0.08666666666666667,0.05333333333333334,0,0
64def9970a5d,0.2633333333333333,0.4166666666666667,0.23333333333333334,0.08666666666666667,1,4
64f0e6e828c0,0.26666666666666666,0.38666666666666666,0.30666666666666664,0.04,2,3
64fe1afb0534,0.39,0.29333333333333333,0.25666666666666665,0.06,0,0
6517ef244d5c,0.17333333333333334,0.5333333333333333,0.25333333333333335,0.04,1,4
65442563a7ae,0.36333333333333334,0.36333333333333334,0.19,0.08333333333333333,2,3
6551dc773a4f,0.31666666666666665,0.37,0.23,0.08333333333333333,3,3
655298dad8ed,0.17832884405270505,0.4078854333710968,0.27273189153461225,0.14105383104158586,1,1
6556bcef1015,0.19535431998876027,0.3943186103038578,0.23083634586829666,0.17949072383908515,1,1
6566073682bf,0.33,0.30666666666666664,0.24666666666666667,0.11666666666666667,0,0
6568580bafe6,0.12333333333333334,0.6033333333333334,0.16666666666666666,0.10666666666666667,1,0
6588e42c7051,0.08333333333333333,0.6533333333333333,0.15,0.11333333333333333,2,0
659e18eb801e,0.22666666666666666,0.43049382716049384,0.24333333333333335,0.09950617283950618,1,0
65a9ac85fb31,0.08,0.71,0.14,0.07,1,4
65b2d542a83f,0.22666666666666666,0.51,0.17,0.09333333333333334,0,3
65b95a01d61c,0.45,0.23333333333333334,0.21666666666666667,0.1,0,2
65c91ba5fd2a,0.37333333333333335,0.32,0.18,0.12666666666666668,0,2
65e2a7b0905d,0.16666666666666666,0.3433333333333333,0.2966666666666667,0.19333333333333333,1,0
65ead08a5f6b,0.19458025902165854,0.3938577109920223,0.1979373624589094,0.21362466752740947,2,1
66028624dad2,0.14,0.5666666666666667,0.19666666666666666,0.09666666666666666,1,0
6618a84e2d7f,0.43333333333333335,0.28,0.23,0.056666666666666664,1,3
6626a3e68101,0.44141081365051427,0.2753304879243541,0.21426646776418654,0.06899223066094483,1,1
66541affb82b,0.06837736524397331,0.6585356264436836,0.15103292529298967,0.1220540830193535,1,1
6677528753f7,0.14,0.5166666666666667,0.2833333333333333,0.06,3,3
66a8b3010ac5,0.11,0.6033333333333334,0.15,0.13666666666666666,1,0
66c34b9e2573,0.38333333333333336,0.31666666666666665,0.25333333333333335,0.04666666666666667,1,0
66c8721f3b30,0.10333333333333333,0.6766666666666666,0.15666666666666668,0.06333333333333334,1,0
66dd033c1bb2,0.23666666666666666,0.45,0.26666666666666666,0.04666666666666667,1,4
66f126a8db9f,0.5266666666666666,0.22,0.16666666666666666,0.08666666666666667,0,4
670ad2fc8a1a,0.16084707163751413,0.5212030603611825,0.217327245445699,0.10062262255560464,1,1
67196f1a10bd,0.18905404204977963,0.43023460091661114,0.1940234448995288,0.18668791213408023,1,1
6721bc35410d,0.3566666666666667,0.42,0.15333333333333332,0.07,2,4
67248a9a20b2,0.28,0.41333333333333333,0.18666666666666668,0.12,1,0
673e42f95093,0.5433333333333333,0.21333333333333335,0.20333333333333334,0.04,3,0
673fa0edd187,0.30666666666666664,0.34,0.28,0.07333333333333333,3,0
675f6a17212d,0.2537421861997533,0.4047369526530374,0.1490370796964659,0.19248378145074366,2,1
6761361fb525,0.1533063227556894,0.3093516067254304,0.2745095120055568,0.26283255851332327,2,1
6764f0f90077,0.11,0.49,0.25333333333333335,0.14666666666666667,2,4
678c19bc184b,0.7333333333333333,0.09666666666666666,0.12666666666666668,0.043333333333333335,0,3
678ff202ffd6,0.29333333333333333,0.36333333333333334,0.24,0.10333333333333333,0,3
67b9fe4a0b03,0.29333333333333333,0.36333333333333334,0.24,0.10333333333333333,0,3
67c36705aa1d,0.30333333333333334,0.4033333333333333,0.20333333333333334,0.09,0,4
67d55d17a48d,0.17,0.5666666666666667,0.16,0.10333333333333333,2,4
67d896636fe2,0.2856513710938384,0.22003130203021257,0.31555058128273167,0.1787667455932173,0,1
67f18795f1c0,0.6866666666666666,0.16666666666666666,0.11333333333333333,0.03333333333333333,0,4
68370c4bcdc6,0.3433333333333333,0.37333333333333335,0.21,0.07333333333333333,0,0
6845d1fb4095,0.3433333333333333,0.4166666666666667,0.20333333333333334,0.03666666666666667,2,4
686012381df9,0.48333333333333334,0.23333333333333334,0.16,0.12333333333333334,0,4
6863735553dd,0.6166666666666667,0.12666666666666668,0.18,0.07666666666666666,1,2
686de7618a36,0.17666666666666667,0.56,0.2,0.06333333333333334,1,0
68711c5bfca0,0.36333333333333334,0.33666666666666667,0.17666666666666667,0.12333333333333334,0,2
6873d2c34118,0.3466666666666667,0.3333333333333333,0.23333333333333334,0.08666666666666667,3,4
6884d06dc7dd,0.39,0.29,0.23,0.09,2,0
688b9316db30,0.20262302420658465,0.4876193805000425,0.23405379441045318,0.07570380088291893,1,1
68912f28a690,0.6958532080817682,0.095868301032254,0.13805834997179023,0.07022014091418802,0,1
6891e96a910e,0.3747637624985689,0.3171638911388076,0.20235562038038513,0.10571672598223819,0,1
689e8924cae3,0.5266666666666666,0.24,0.19333333333333333,0.04,0,2
68a7d37d581f,0.15333333333333332,0.5033333333333333,0.15666666666666668,0.18666666666666668,1,4
68a889e685a3,0.26,0.5033333333333333,0.19666666666666666,0.04,2,2
68abb2be3ba4,0.11154109147678704,0.5629272813289383,0.21270067894200115,0.1128309482522735,1,1
68adf82510a6,0.09333333333333334,0.7033333333333334,0.11333333333333333,0.09,2,4
68b2e448f6ec,0.38333333333333336,0.32666666666666666,0.17666666666666667,0.11333333333333333,0,4
68be8460c512,0.31333333333333335,0.4266666666666667,0.16,0.1,0,3
68d167b7ed15,0.17333333333333334,0.47,0.23333333333333334,0.12333333333333334,1,2
68d7d715efe4,0.5633333333333334,0.23666666666666666,0.17333333333333334,0.02666666666666667,0,3
68d9575beb22,0.4177850926601434,0.2895825965568537,0.20297961009773124,0.089652700685272,0,1
68da89574353,0.21,0.4766666666666667,0.22,0.09333333333333334,2,0
68ebe7eadfc2,0.30333333333333334,0.38,0.22333333333333333,0.09333333333333334,3,4
68edcbacd401,0.8133333333333334,0.08666666666666667,0.06666666666666667,0.03333333333333333,0,3
6909e8b953a5,0.14666666666666667,0.59,0.18,0.08333333333333333,1,2
690e42810486,0.4866666666666667,0.37,0.12,0.023333333333333334,0,2
690edf59a68d,0.09489710642470348,0.5404785017443365,0.249216696881255,0.11540769494970564,1,1
6915678cdfd0,0.12333333333333334,0.6333333333333333,0.17666666666666667,0.06666666666666667,1,3
691577f28973,0.26666666666666666,0.3433333333333333,0.23666666666666666,0.15333333333333332,2,4
691a323878a5,0.11333333333333333,0.63,0.14,0.11666666666666667,2,4
6936f4616519,0.08641970832400504,0.5281149362566163,0.24364658300594622,0.14181877241343221,1,1
69584c7bb3f0,0.3933333333333333,0.31333333333333335,0.2,0.09333333333333334,0,4
695e7da261a2,0.22,0.39,0.2833333333333333,0.10666666666666667,1,4
696814af65d5,0.33068928176684864,0.25448056635107535,0.26497426352454634,0.14985588835752994,1,1
698ec439ea71,0.16666666666666666,0.566926652892562,0.18333333333333332,0.08307334710743801,2,0
69900354fd02,0.5033333333333333,0.30666666666666664,0.12333333333333334,0.06666666666666667,0,3
699611aaa3b0,0.45666666666666667,0.3566666666666667,0.12333333333333334,0.06333333333333334,0,0
6996bc393596,0.12333333333333334,0.6233333333333333,0.19666666666666666,0.056666666666666664,0,3
699f119d8555,0.22666666666666666,0.5433333333333333,0.16,0.07,1,4
69a933e0ed96,0.17,0.5733333333333334,0.13,0.12666666666666668,1,2
69aa502599b5,0.6543899356203134,0.14444507707382245,0.1358463843538837,0.06531860295198051,0,1
69c0923dac41,0.4766666666666667,0.31666666666666665,0.11666666666666667,0.09,2,2
69ce4e6043bb,0.26,0.5033333333333333,0.15666666666666668,0.08,1,3
69e33b894532,0.19333333333333333,0.47333333333333333,0.15666666666666668,0.17666666666666667,1,0
69f1fef9ba01,0.16666666666666666,0.5833333333333334,0.11,0.14,1,4
69f2bd2ac9ae,0.15,0.55,0.23333333333333334,0.06666666666666667,1,3
69f765c5e52f,0.15666666666666668,0.5666666666666667,0.2,0.07666666666666666,0,0
6a034051a411,0.14,0.5833333333333334,0.19333333333333333,0.08333333333333333,1,4
6a11242aa493,0.18333333333333332,0.45,0.25,0.11666666666666667,3,2
6a160adfe649,0.3831307072357791,0.2682265934611985,0.22358950284958107,0.1250531964534412,1,1
6a280e4917c1,0.14666666666666667,0.66,0.15333333333333332,0.04,1,0
6a3350b438d8,0.16,0.6233333333333333,0.13666666666666666,0.08,0,0
6a41fee76a05,0.4,0.36333333333333334,0.15,0.08666666666666667,3,2
6a5a23f659e2,0.12771534534754633,0.4878555900145316,0.2523883131583825,0.13204075147953961,1,1
6a6071a3d542,0.17000027920302516,0.5276834768278218,0.17456575293931034,0.12775049102984254,2,1
6a69771d343d,0.13,0.65,0.16333333333333333,0.056666666666666664,2,2
6a80b8290f19,0.38161485097527986,0.19547916021168366,0.27196599855498294,0.15093999025805324,1,1
6a91cf79b14b,0.18861354259505256,0.4353248061754335,0.29435989019494957,0.08170176103456384,1,1
6a9fa7dbed7c,0.23100669288019204,0.3809303659892574,0.25106563155049816,0.1369973095800522,3,1
6aa858b14f3a,0.24333333333333335,0.5366666666666666,0.07,0.15,0,0
6aaadabe4cce,0.17333333333333334,0.4533333333333333,0.20666666666666667,0.16666666666666666,0,3
6ab55b9459a0,0.20666666666666667,0.5933333333333334,0.12,0.08,1,2
6ab6283bd80f,0.11739573632706822,0.3874466642625906,0.2904384705393154,0.20471912887102592,2,1
6abd595dc9ac,0.6533333333333333,0.15666666666666668,0.10666666666666667,0.08333333333333333,3,2
6ac13e0b0083,0.24666666666666667,0.5066666666666667,0.18666666666666668,0.06,1,4
6adfb7a6ead6,0.18333333333333332,0.5766666666666667,0.17666666666666667,0.06333333333333334,2,0
6ae0779efffd,0.5752304593301002,0.14159262299463785,0.2007392389299271,0.08243767874533481,0,1
6ae8a88c4b0c,0.4066666666666667,0.21333333333333335,0.26666666666666666,0.11333333333333333,0,4
6af84ed188fa,0.22666666666666666,0.5866666666666667,0.13,0.056666666666666664,1,4
6b02afdf2444,0.15333333333333332,0.6133333333333333,0.2,0.03333333333333333,1,2
6b08e639593c,0.37666666666666665,0.41333333333333333,0.16333333333333333,0.04666666666666667,2,0
6b16f7f2065b,0.22666666666666666,0.43,0.22,0.12333333333333334,2,3
6b20523f5b0c,0.6333333333333333,0.17333333333333334,0.14333333333333334,0.05,0,2
6b25cd407849,0.19666666666666666,0.5733333333333334,0.17333333333333334,0.056666666666666664,1,3
6b2ca1539348,0.14,0.6233333333333333,0.18,0.056666666666666664,1,2
6b35b67f1608,0.49333333333333335,0.30666666666666664,0.15666666666666668,0.043333333333333335,0,0
6b3dd41dcac9,0.27666666666666667,0.43333333333333335,0.17,0.12,2,4
6b50ada2cbef,0.56,0.22333333333333333,0.16333333333333333,0.05333333333333334,0,2
6b9b82594fcd,0.24608109198260786,0.2348889647190343,0.33249116356977126,0.18653877972858648,3,1
6ba3acc30c1a,0.23666666666666666,0.42,0.21666666666666667,0.12666666666666668,2,0
6ba5b0037757,0.63,0.17666666666666667,0.18,0.013333333333333334,0,4
6bb07353d102,0.16666666666666666,0.4533333333333333,0.21666666666666667,0.16333333333333333,1,4
6bb38a2b98f0,0.21333333333333335,0.5333333333333333,0.18,0.07333333333333333,1,4
6bc01f9a44a5,0.2866666666666667,0.48,0.19,0.043333333333333335,1,3
6bcea66a71ed,0.39,0.36666666666666664,0.20333333333333334,0.04,1,3
6bd25e34b9bf,0.17401181186197198,0.3664544174395828,0.33564118169515583,0.12389258900328926,2,1
6be8198c605e,0.7433333333333333,0.15333333333333332,0.07,0.03333333333333333,3,4
6c24f49a9da0,0.37333333333333335,0.31,0.21333333333333335,0.10333333333333333,0,4
6c30f2ff1a9f,0.16,0.5166666666666667,0.11666666666666667,0.20666666666666667,1,4
6c38af5d08ab,0.37,0.41333333333333333,0.17666666666666667,0.04,0,2
6c5894699b1b,0.1874006391485303,0.33692886172994885,0.33209074778657793,0.14357975133494294,2,1
6c7342c4e585,0.3,0.4633333333333333,0.2,0.03666666666666667,0,0
6c7422f3cd88,0.4985423346313762,0.18756874718413807,0.21277611802815455,0.10111280015633112,2,1
6c78db9456a5,0.16666666666666666,0.49333333333333335,0.08666666666666667,0.25333333333333335,1,4
6c8f1d37069b,0.30333333333333334,0.2966666666666667,0.28,0.12,2,4
6c94a17753d5,0.6466666666666666,0.17666666666666667,0.09666666666666666,0.08,0,2
6ca510d3e776,0.29333333333333333,0.5133333333333333,0.17,0.023333333333333334,1,0
6cad5f4723bd,0.22333333333333333,0.5766666666666667,0.12333333333333334,0.07666666666666666,2,0
6cb62181e4d4,0.20333333333333334,0.5466666666666666,0.21,0.04,1,0
6cd0d5caa9b0,0.25333333333333335,0.45,0.22333333333333333,0.07333333333333333,1,0
6ce204b37e48,0.2942724617226042,0.33614467832178935,0.30446224802087885,0.06512061193472783,3,1
6ce2a9142829,0.7933333333333333,0.12,0.07666666666666666,0.01,2,2
6ce6dde1c9a9,0.1684027077143288,0.3334471519388278,0.27716661782423346,0.22098352252261003,3,1
6ce999aa308f,0.1671605142888841,0.38870129070248854,0.29917801793205273,0.1449601770765745,0,1
6ceafcc1bebd,0.1656768486579042,0.4472890349143316,0.28019257201706155,0.1068415444107022,1,1
6cef85af3be3,0.21,0.5433333333333333,0.2,0.04666666666666667,1,3
6cf1c5a113d2,0.17,0.5666666666666667,0.18333333333333332,0.08,1,3
6d0e33569c4c,0.08333333333333333,0.7433333333333333,0.13666666666666666,0.03666666666666667,1,4
6d10dfb48a68,0.35333333333333333,0.24666666666666667,0.35333333333333333,0.04666666666666667,0,2
6d172472504c,0.12333333333333334,0.61,0.22333333333333333,0.043333333333333335,1,4
6d3dfbb13276,0.6266666666666667,0.15,0.16666666666666666,0.056666666666666664,0,3
6d6965af3f63,0.4127443102538669,0.3050750982210451,0.17337844519247472,0.10880214633261315,3,1
6d735565d5e8,0.13352773893172418,0.41491287992733894,0.30778763486070476,0.1437717462802321,2,1
6d7efd97265f,0.30666666666666664,0.35333333333333333,0.27,0.07,0,0
6d83b6774b0a,0.07825383753303991,0.45863892902856407,0.25662982756037017,0.20647740587802582,1,1
6d918a401365,0.16,0.5133333333333333,0.2866666666666667,0.04,1,2
6da07da4db19,0.44333333333333336,0.29,0.19333333333333333,0.07333333333333333,0,3
6de130752a73,0.31666666666666665,0.43333333333333335,0.18333333333333332,0.06666666666666667,2,0
6de88cb78697,0.1701306164740181,0.3730622414225791,0.21076688254735476,0.2460402595560477,2,1
6df28558048b,0.23666666666666666,0.49333333333333335,0.13666666666666666,0.13333333333333333,1,0
6e1722a9f612,0.32,0.4533333333333333,0.17666666666666667,0.05,1,4
6e1af908f926,0.2283341219091019,0.34954591756925585,0.2902489177524257,0.13187104276921655,1,1
6e1e6e1f06d8,0.41333333333333333,0.2633333333333333,0.23,0.09333333333333334,0,0
6e2036e14c7f,0.14,0.5733333333333334,0.18666666666666668,0.1,0,0
6e2814381ad5,0.17,0.45666666666666667,0.23666666666666666,0.13666666666666666,1,2
6e397c1d4ad8,0.09333333333333334,0.5666666666666667,0.21333333333333335,0.12666666666666668,1,4
6e3e83089363,0.3415630167456129,0.30785736915774065,0.24750216054781282,0.1030774535488333,0,1
6e4a0581cefe,0.08333333333333333,0.6733333333333333,0.2,0.043333333333333335,1,0
6e550fa78c6d,0.7566666666666667,0.13666666666666666,0.07,0.03666666666666667,3,3
6e63af9d6140,0.21610667073106204,0.4159691897492035,0.17389246879138637,0.19403167072834815,1,1
6e7239f0b71e,0.30333333333333334,0.38666666666666666,0.21666666666666667,0.09333333333333334,2,4
6ea453b90c6c,0.26,0.4633333333333333,0.10333333333333333,0.17333333333333334,0,4
6ea8cbf6da87,0.6033333333333334,0.24333333333333335,0.11,0.043333333333333335,1,2
6ead8a34ec98,0.24666666666666667,0.5166666666666667,0.20666666666666667,0.03,2,0
6ebb85e3ec55,0.38666666666666666,0.2633333333333333,0.22666666666666666,0.12333333333333334,1,3
6ebc9d6383f7,0.17333333333333334,0.6033333333333334,0.15,0.07333333333333333,1,0
6ebfc762aa01,0.196462968808347,0.3003769472788577,0.2556227452124166,0.24753733870037845,1,1
6ee4d806e567,0.38333333333333336,0.32666666666666666,0.24666666666666667,0.043333333333333335,2,0
6eec41aa515e,0.4266666666666667,0.3,0.19333333333333333,0.08,0,2
6ef10ae3338c,0.19666666666666666,0.5733333333333334,0.14333333333333334,0.08666666666666667,1,4
6f080807353a,0.19666666666666666,0.48,0.23333333333333334,0.09,1,0
6f0a11450459,0.17,0.62,0.14333333333333334,0.06666666666666667,3,3
6f29d576794f,0.1487183943302336,0.3351849019282432,0.2975022202835384,0.21859448345798493,1,1
6f2af770938f,0.24004786212088527,0.40226100515423413,0.22848584911075795,0.12920528361412267,2,1
6f2c498c1bc1,0.19333333333333333,0.4633333333333333,0.18333333333333332,0.16,1,2
6f43b168f0c8,0.32627463225697984,0.3776942096445669,0.21249123062080652,0.08353992747764653,0,1
6f60cbbdff62,0.22756627984623193,0.2956757302177753,0.24527138498232268,0.23148660495367035,1,1
6f6170503ca8,0.2833333333333333,0.4766666666666667,0.19666666666666666,0.043333333333333335,2,3
6f640d05c3b9,0.10333333333333333,0.73,0.13333333333333333,0.03333333333333333,1,0
6f6cf201e2e9,0.3455309153859174,0.2548962934801604,0.2933403232361153,0.10623246789780703,1,1
6f82787b77a9,0.5066666666666667,0.29333333333333333,0.16,0.04,1,4
6f88ee365a75,0.2,0.35333333333333333,0.25,0.19666666666666666,1,2
6fa9fa493dd8,0.48333333333333334,0.25333333333333335,0.19666666666666666,0.06666666666666667,2,0
6fb902bf498b,0.19666666666666666,0.47,0.26666666666666666,0.06666666666666667,1,4
6fc05a848fc4,0.16333333333333333,0.44666666666666666,0.15,0.24,1,0
6fc7c54a65f0,0.22,0.43333333333333335,0.24333333333333335,0.10333333333333333,1,4
6fcd121e2158,0.3566666666666667,0.32666666666666666,0.23666666666666666,0.08,0,3
6fcfdb41c627,0.11666666666666667,0.6933333333333334,0.11,0.08,3,0
6fd699f5e287,0.29333333333333333,0.37666666666666665,0.27666666666666667,0.05333333333333334,1,3
6fda1242f5e1,0.2833333333333333,0.38666666666666666,0.26666666666666666,0.06333333333333334,1,0
6fdb93227268,0.211201160134933,0.4078535871926599,0.2521823296804087,0.12876292299199843,1,1
6fddebe03b95,0.07333333333333333,0.7333333333333333,0.11666666666666667,0.07666666666666666,1,0
6fe13adf23a8,0.21666666666666667,0.57,0.15666666666666668,0.056666666666666664,1,4
6fe5d9760641,0.10333333333333333,0.63,0.16666666666666666,0.1,3,4
6fecf0039e87,0.08666666666666667,0.62,0.26666666666666666,0.02666666666666667,1,4
6ff3619ba762,0.18333333333333332,0.44333333333333336,0.14666666666666667,0.22666666666666666,1,2
6ffc47a55a89,0.11666666666666667,0.63,0.11,0.14333333333333334,1,2
700f8b64c2b3,0.34,0.2866666666666667,0.21666666666666667,0.15666666666666668,0,4
7015d3f8ad97,0.14666666666666667,0.6166666666666667,0.17333333333333334,0.06333333333333334,0,0
70181e40a550,0.2633333333333333,0.4266666666666667,0.17666666666666667,0.13333333333333333,1,2
7026a1d06acd,0.6338396570517273,0.15440063776809598,0.14196112036875744,0.06979858481141983,0,1
703862f77abc,0.23,0.49,0.16,0.12,0,4
70506829e724,0.4033333333333333,0.3466666666666667,0.17666666666666667,0.07333333333333333,2,4
705ef7c40475,0.06666666666666667,0.7633333333333333,0.13,0.04,1,2
705f6121d2bb,0.11333333333333333,0.5211436844010133,0.3,0.06552298226565327,1,2
70623a0fc6da,0.26101286163094717,0.37064842242416385,0.2486207602277588,0.11971795571713016,1,1
7064f1df2a5a,0.18761393678544847,0.3304414126944328,0.2736472403985726,0.208297410121546,1,1
7082bf0562c7,0.13722231649351188,0.34619582227587964,0.29015743846184333,0.22642442276876498,3,1
70885f674bb7,0.06,0.7266666666666667,0.15333333333333332,0.06,1,2
708fe734309c,0.16,0.5933333333333334,0.18333333333333332,0.06333333333333334,1,4
70946a30bc87,0.41333333333333333,0.2966666666666667,0.11,0.18,1,2
70968f0162f7,0.2733333333333333,0.37,0.26,0.09666666666666666,3,2
70997208bbc3,0.2733333333333333,0.4066666666666667,0.18333333333333332,0.13666666666666666,0,3
70a770a53304,0.25,0.5466666666666666,0.14666666666666667,0.056666666666666664,1,4
70bf1155c5c4,0.39777193016966333,0.15286260486501493,0.26459095471608,0.18477451024924216,1,1
70c36a2a918d,0.14,0.6266666666666667,0.13,0.10333333333333333,1,2
70c5a1b111b9,0.14,0.6233333333333333,0.07,0.16666666666666666,1,4
70db5f349b02,0.5366666666666666,0.23666666666666666,0.14333333333333334,0.08333333333333333,0,3
70e4e4031f99,0.14333333333333334,0.5233333333333333,0.25333333333333335,0.08,0,3
70ff97e1af81,0.09666666666666666,0.7433333333333333,0.12666666666666668,0.03333333333333333,3,4
71043aaa32c1,0.15425406306950273,0.3377564071286184,0.2543928213401018,0.2535967084617769,1,1
711e04fc0ec1,0.16,0.59,0.11,0.14,1,2
712a74acd2da,0.44972476786562593,0.21951634974183018,0.2562716625351095,0.07448721985743453,0,1
713c1dacba37,0.34,0.28,0.18,0.2,0,0
7143ac3d6c02,0.22,0.3566666666666667,0.24,0.18333333333333332,0,0
7145f6e09e86,0.32,0.38333333333333336,0.19333333333333333,0.10333333333333333,0,3
714f28824757,0.14333333333333334,0.46,0.2733333333333333,0.12333333333333334,1,3
7154fd5f147c,0.38333333333333336,0.45666666666666667,0.09666666666666666,0.06333333333333334,0,3
716d94e2d49c,0.16666666666666666,0.6066666666666667,0.14333333333333334,0.08333333333333333,3,3
717649076168,0.2423335854903932,0.3061742012359858,0.25737034576529955,0.19412186750832178,1,1
718e884695bc,0.17333333333333334,0.5775329260013577,0.17333333333333334,0.07580040733197556,2,2
71d1bdc6e89d,0.3,0.4,0.21,0.09,2,3
71d4e9b630fb,0.12666666666666668,0.6633333333333333,0.12666666666666668,0.08333333333333333,1,2
71d83087844c,0.5333333333333333,0.20666666666666667,0.08666666666666667,0.17333333333333334,0,4
71dad6eccd07,0.15333333333333332,0.6333333333333333,0.15666666666666668,0.056666666666666664,1,4
71e052c9da68,0.11,0.5066666666666667,0.2833333333333333,0.1,3,0
71f56b6a5589,0.14666666666666667,0.6233333333333333,0.15666666666666668,0.07333333333333333,1,2
71fb5ea71283,0.22333333333333333,0.5,0.23333333333333334,0.043333333333333335,1,3
72044bb44d41,0.1,0.6166666666666667,0.22333333333333333,0.06,1,0
72096a738cea,0.11666666666666667,0.7233333333333334,0.1,0.06,3,0
720fb67abb1e,0.3566666666666667,0.3433333333333333,0.21333333333333335,0.08666666666666667,1,4
7213dcc54526,0.23333333333333334,0.6533333333333333,0.1,0.013333333333333334,2,4
7222149ad319,0.24,0.56,0.13666666666666666,0.06333333333333334,1,2
72307dd985e6,0.26666666666666666,0.44333333333333336,0.17666666666666667,0.11333333333333333,0,2
72425b393845,0.26666666666666666,0.48333333333333334,0.17666666666666667,0.07333333333333333,0,3
7249de10ed69,0.23,0.45666666666666667,0.20666666666666667,0.10666666666666667,3,4
724d6bc409ed,0.6066666666666667,0.24,0.12666666666666668,0.02666666666666667,0,4
72514d63484f,0.21666666666666667,0.4633333333333333,0.18,0.14,0,2
726c53df6609,0.2733333333333333,0.41,0.21,0.10666666666666667,2,3
726e81c6c735,0.13666666666666666,0.51,0.23,0.12333333333333334,0,2
727cdd8777b6,0.14,0.5833333333333334,0.16333333333333333,0.11333333333333333,1,3
7282d136726d,0.5066666666666667,0.24,0.14333333333333334,0.11,0,3
72844dad85ba,0.27,0.48,0.19333333333333333,0.056666666666666664,1,0
729a96c67c8c,0.18666666666666668,0.6633333333333333,0.10333333333333333,0.04666666666666667,1,3
72b5ff80fa42,0.21835257369834304,0.3140700847480935,0.3372803325457707,0.1302970090077926,2,1
72c48e3d0100,0.18,0.6166666666666667,0.13666666666666666,0.06666666666666667,1,4
72d02af1f658,0.16436579586611177,0.32556497433890647,0.32508185563138703,0.1849873741635947,1,1
72f57941bed3,0.16,0.5866666666666667,0.16333333333333333,0.09,2,2
73049129c53a,0.11333333333333333,0.5833333333333334,0.18333333333333332,0.12,1,3
73077ed6c5ca,0.16333333333333333,0.53,0.21666666666666667,0.09,1,2
730aca6abf73,0.29576938834897776,0.3121408881751793,0.24055756005421994,0.15153216342162323,2,1
730dde2edfc7,0.28705874874827975,0.28462142326379514,0.30640241640601923,0.12191741158190586,1,1
731f38a54d39,0.44,0.32,0.18,0.06,0,0
7320a49281fb,0.18333333333333332,0.4766666666666667,0.29,0.05,3,0
7322960be0a9,0.4066666666666667,0.37666666666666665,0.15,0.06666666666666667,1,4
732475ef8c2c,0.08666666666666667,0.65,0.18,0.08333333333333333,1,3
733ed3e2cf92,0.24666666666666667,0.32,0.23,0.20333333333333334,0,2
735523d1689e,0.4266666666666667,0.29,0.2,0.08333333333333333,0,0
7359a4fd6f06,0.22333333333333333,0.63,0.13,0.016666666666666666,1,2
7367c35f74ba,0.5766666666666667,0.2733333333333333,0.09333333333333334,0.056666666666666664,0,3
737a25e956f4,0.4191234282851636,0.22669036188515843,0.20733448334282778,0.14685172648684988,0,1
7397c44412f2,0.13666666666666666,0.4,0.37,0.09333333333333334,2,2
73a7ea88d1c5,0.20666666666666667,0.45666666666666667,0.2866666666666667,0.05,3,0
73be9646a914,0.27666666666666667,0.45,0.22333333333333333,0.05,2,0
73c516bcab83,0.10666666666666667,0.6533333333333333,0.15333333333333332,0.08666666666666667,1,4
73cc509a84f7,0.21666666666666667,0.4766666666666667,0.23333333333333334,0.07333333333333333,2,4
73daf4596bf7,0.023333333333333334,0.8466666666666667,0.07666666666666666,0.05333333333333334,1,0
73e3912f1d29,0.6166666666666667,0.21333333333333335,0.13666666666666666,0.03333333333333333,1,4
740b0dab33ca,0.6766666666666666,0.20333333333333334,0.09333333333333334,0.02666666666666667,0,2
7416b5cbc531,0.21,0.39666666666666667,0.2733333333333333,0.12,0,2
741b969bba80,0.2,0.5966666666666667,0.16666666666666666,0.03666666666666667,1,4
742a1e1fff0f,0.2522270479893329,0.29518448379604634,0.25248012530295477,0.2001083429116658,0,1
7437ebff0c0c,0.43,0.34,0.20333333333333334,0.02666666666666667,1,4
7442e4e2cbd1,0.6031589458507827,0.1532273837275573,0.15122694041673504,0.09238673000492545,0,1
7468e3ccba55,0.07333333333333333,0.63,0.14666666666666667,0.15,1,3
7474d005a422,0.31,0.5166666666666667,0.08333333333333333,0.09,1,3
7475f784d4a1,0.12,0.61,0.19333333333333333,0.07666666666666666,1,4
7476f5857c35,0.2633333333333333,0.38,0.25,0.10666666666666667,2,4
747702a0bbc0,0.21,0.44666666666666666,0.24333333333333335,0.1,1,4
747af914db5f,0.47441865741111816,0.24077775104493032,0.19124495621732532,0.09355863532662588,0,1
7493e758bb52,0.35333333333333333,0.33666666666666667,0.16666666666666666,0.14333333333333334,1,3
74968646f9cc,0.30940648781449753,0.31111297780141695,0.2711883140853173,0.10829222029876837,1,1
74a87565a547,0.45441578600147625,0.16666502819362278,0.24331376710702463,0.1356054186978764,1,1
74ac2e1f23bf,0.32,0.35333333333333333,0.21333333333333335,0.11333333333333333,1,0
74b07ad32cf1,0.5133333333333333,0.23,0.17,0.08666666666666667,3,3
74d11c0c0ea6,0.17666666666666667,0.68,0.12,0.023333333333333334,2,4
74dbd8125c6f,0.20333333333333334,0.52,0.14666666666666667,0.13,3,0
74dc38d75151,0.5733333333333334,0.23333333333333334,0.17,0.023333333333333334,0,4
74ebe8edda5b,0.22,0.4866666666666667,0.21333333333333335,0.08,2,3
74f757451b08,0.3433333333333333,0.49333333333333335,0.12,0.043333333333333335,1,4
753ee89d1fd6,0.12,0.6766666666666666,0.16,0.043333333333333335,2,2
754759f9a637,0.25333333333333335,0.47333333333333333,0.16666666666666666,0.10666666666666667,2,3
755469264a39,0.18666666666666668,0.57,0.14666666666666667,0.09666666666666666,3,0
757db9bd51a1,0.22333333333333333,0.4666666666666667,0.24333333333333335,0.06666666666666667,2,4
7585d5f73457,0.55,0.25333333333333335,0.15666666666666668,0.04,2,3
758eecca893c,0.20666666666666667,0.48333333333333334,0.21333333333333335,0.09666666666666666,1,2
759a8e5cee9d,0.21666666666666667,0.5133333333333333,0.19333333333333333,0.07666666666666666,0,3
759fdf1aaf08,0.42182534677062494,0.26048159678097527,0.2103723982098351,0.10732065823856468,0,1
75a00272c6cb,0.6266666666666667,0.19,0.16666666666666666,0.016666666666666666,0,0
75b33f606cf5,0.29,0.45666666666666667,0.19333333333333333,0.06,0,3
75bb6e197bbb,0.44,0.3,0.17333333333333334,0.08666666666666667,1,3
75ed74f9f238,0.32,0.2866666666666667,0.25666666666666665,0.13666666666666666,0,3
75fc2de53d2b,0.4588778276663868,0.19753669960517806,0.2305662251129297,0.11301924761550554,2,1
75ff9d63f15b,0.5,0.27,0.16666666666666666,0.06333333333333334,0,2
7607adf7450a,0.10666666666666667,0.6436443976623576,0.17,0.07968893567097574,1,0
760a7a9bb2a1,0.15333333333333332,0.5933333333333334,0.17333333333333334,0.08,0,2
7610dab485fc,0.13666666666666666,0.64,0.14333333333333334,0.08,1,4
76122cbd97f4,0.056666666666666664,0.7179639639639639,0.15333333333333332,0.07203603603603603,1,2
761d01ff68fb,0.36,0.33666666666666667,0.17666666666666667,0.12666666666666668,2,0
761f0f4ecc85,0.08,0.55,0.23,0.14,1,3
76519081a45f,0.09333333333333334,0.73,0.11333333333333333,0.06333333333333334,1,0
7654fff4b24c,0.14348873957683117,0.35414489086916917,0.2531233828690042,0.24924298668499545,2,1
7664ec8a8a19,0.44666666666666666,0.25666666666666665,0.21666666666666667,0.08,1,2
766dc0e879de,0.15265634012459195,0.5284073604497153,0.19793078965488503,0.12100550977080822,1,1
76916f737774,0.13666666666666666,0.6133333333333333,0.19333333333333333,0.056666666666666664,1,3
76938243a97f,0.35333333333333333,0.29333333333333333,0.29,0.06333333333333334,0,2
76a35cf1cea0,0.2733333333333333,0.367150512214342,0.23666666666666666,0.122849487785658,2,2
76ae6588e5b4,0.2733333333333333,0.4766666666666667,0.16666666666666666,0.08333333333333333,1,0
76b5e2db22ba,0.18666666666666668,0.4633333333333333,0.22,0.13,3,4
76c9821a3d06,0.5781301953403613,0.14649149102665357,0.17145533053339237,0.10392298309959226,1,1
76d3ada42326,0.21666666666666667,0.4866666666666667,0.23333333333333334,0.06333333333333334,3,0
76d8b00619fb,0.4533333333333333,0.2733333333333333,0.19333333333333333,0.08,3,0
76f44ffa4441,0.11666666666666667,0.5233333333333333,0.26666666666666666,0.09333333333333334,1,2
76ff3ec3c022,0.14,0.7,0.11333333333333333,0.04666666666666667,1,3
7703e1787577,0.21333333333333335,0.49666666666666665,0.21666666666666667,0.07333333333333333,1,2
771a4add61c9,0.3933333333333333,0.29,0.23333333333333334,0.08333333333333333,0,2
77217025615d,0.10666666666666667,0.62,0.21333333333333335,0.06,1,2
772dbd065c7d,0.15212765128700909,0.35147674440430793,0.14128054586004005,0.35511505844864294,1,1
773f243da328,0.31,0.41,0.23333333333333334,0.04666666666666667,0,2
774720fb2a45,0.24625897526713866,0.31895807824312244,0.30824521111705894,0.12653773537267948,0,1
77539184cdaf,0.10333333333333333,0.6133333333333333,0.20333333333333334,0.08,2,2
775b359f53b6,0.45,0.33666666666666667,0.17,0.043333333333333335,3,3
776cb995a1fd,0.30666666666666664,0.48,0.17,0.043333333333333335,1,3
7786df1d7d71,0.16333333333333333,0.49666666666666665,0.19666666666666666,0.14333333333333334,1,3
77955e62e6c6,0.51,0.2733333333333333,0.17333333333333334,0.043333333333333335,0,0
77955e96a54c,0.32666666666666666,0.22666666666666666,0.26,0.18666666666666668,2,0
77a0888b5ac1,0.13333333333333333,0.64,0.13666666666666666,0.09,1,2
77b272cdda9c,0.27,0.42,0.24333333333333335,0.06666666666666667,2,4
77b4e0d0a49d,0.10666666666666667,0.6466666666666666,0.15666666666666668,0.09,0,2
77f901809e36,0.4033333333333333,0.42333333333333334,0.13666666666666666,0.03666666666666667,0,0
780ffa8abde3,0.34,0.29333333333333333,0.32,0.04666666666666667,0,2
78258aa63d76,0.4766666666666667,0.29333333333333333,0.12,0.11,3,2
782ab22207fc,0.20666666666666667,0.48,0.20666666666666667,0.10666666666666667,0,4
782d728ee09c,0.2483310598312686,0.38830198448022435,0.21058929889452394,0.15277765679398306,0,1
7846f687646a,0.08666666666666667,0.6966666666666667,0.11333333333333333,0.10333333333333333,1,2
784af90e8cac,0.5397602825608246,0.18510937481840814,0.23685607088305421,0.03827427173771276,0,1
784afbafee30,0.2733333333333333,0.36,0.2833333333333333,0.08333333333333333,3,0
78509f1ae31c,0.26008865604705206,0.3772307984355309,0.220745682634188,0.14193486288322923,1,1
78543ff029b2,0.11333333333333333,0.68,0.16666666666666666,0.04,1,2
785e985b3a22,0.22,0.51,0.20666666666666667,0.06333333333333334,1,2
78661808d8d5,0.38333333333333336,0.27666666666666667,0.29,0.05,3,3
78688bfcd441,0.34,0.36333333333333334,0.22,0.07666666666666666,0,2
78791be84503,0.2,0.5766666666666667,0.16666666666666666,0.056666666666666664,0,0
78909b4d3179,0.14861655447299635,0.5090690284323451,0.20974027637966752,0.1325741407149909,1,1
78e93504e04b,0.61,0.19333333333333333,0.11,0.08666666666666667,0,0
78f1e3db654c,0.48,0.27666666666666667,0.12,0.12333333333333334,0,4
78fc07c1dd2e,0.6033333333333334,0.18333333333333332,0.10333333333333333,0.11,0,3
7902e534869e,0.31491180790703865,0.2324888520082871,0.31734422228345316,0.13525511780122085,2,1
79140443c2e2,0.11,0.77,0.1,0.02,1,3
79144883061c,0.2866666666666667,0.39666666666666667,0.21666666666666667,0.1,2,3
791bd51ede54,0.18,0.5633333333333334,0.17333333333333334,0.08333333333333333,1,4
7931e444dbc9,0.16,0.5541215932914046,0.16,0.1258784067085954,2,4
79642d095252,0.13,0.65,0.14333333333333334,0.07666666666666666,1,2
7974c126e951,0.5933333333333334,0.18333333333333332,0.15,0.07333333333333333,0,3
79774c9d6ec5,0.21333333333333335,0.5066666666666667,0.2,0.08,1,0
798c27690f1f,0.27666666666666667,0.49666666666666665,0.19333333333333333,0.03333333333333333,1,0
798cdfa7890d,0.26,0.44,0.26,0.04,1,0
798f8e89c7a7,0.22333333333333333,0.47,0.23333333333333334,0.07333333333333333,1,2
79a8a08dac37,0.2322790031102452,0.24663732633328636,0.2930272387240883,0.22805643183238022,1,1
79b0461d245a,0.31333333333333335,0.43333333333333335,0.17666666666666667,0.07666666666666666,3,0
79c3bf957d49,0.11002863597250706,0.572099220621006,0.21107995733620785,0.10679218607027853,1,1
79cd05c9c1f7,0.39,0.22081881533101044,0.26666666666666666,0.12251451800232288,0,0
79d4f7356c39,0.17,0.55,0.18666666666666668,0.09333333333333334,2,4
79d5d8448dca,0.25666666666666665,0.36421774419255526,0.20333333333333334,0.17578225580744472,1,2
79e2eafdb5cd,0.38,0.36333333333333334,0.17,0.08666666666666667,0,3
79ec91f1194c,0.23487192677834148,0.40529374195532863,0.24900413192840043,0.11083019933792942,1,1
7a06a32e54c9,0.24333333333333335,0.5266666666666666,0.12666666666666668,0.10333333333333333,2,3
7a1023392e52,0.12666666666666668,0.6,0.19,0.08333333333333333,3,3
7a15889e036a,0.21666666666666667,0.4,0.22666666666666666,0.15666666666666668,1,4
7a1934d2866f,0.153531294535883,0.31909709052508267,0.30655335540870904,0.2208182595303251,3,1
7a222273085d,0.06333333333333334,0.8,0.11333333333333333,0.023333333333333334,1,4
7a4341a6a2ee,0.10333333333333333,0.5733333333333334,0.25333333333333335,0.07,2,0
7a5105c66642,0.2175871509025042,0.3366235133378669,0.2688052146467553,0.17698412111287398,0,1
7a69851883f3,0.19,0.5233333333333333,0.17333333333333334,0.11333333333333333,1,2
7a8fb17a122b,0.10333333333333333,0.5304813935075218,0.2733333333333333,0.09285193982581155,0,0
7a9186d8ab3a,0.10666666666666667,0.6733333333333333,0.17333333333333334,0.04666666666666667,1,0
7a9a5b3ed60c,0.11333333333333333,0.6433333333333333,0.19,0.05333333333333334,1,3
7a9b2f9aa761,0.16666666666666666,0.5566666666666666,0.18666666666666668,0.09,1,4
7a9e0a0b31a1,0.44,0.24333333333333335,0.22666666666666666,0.09,2,2
7aa4e85e5eb5,0.2423778047082592,0.2956294718885107,0.31699246060163777,0.14500026280159228,1,1
7ab1b20d8fe2,0.36,0.37333333333333335,0.2,0.06666666666666667,2,2
7ab568cc7d2c,0.30333333333333334,0.36,0.22333333333333333,0.11333333333333333,1,3
7adea6f20461,0.24095423717886927,0.29872681591139527,0.2868195750138462,0.17349937189588888,1,1
7ae41bc8d8bf,0.55,0.2633333333333333,0.15333333333333332,0.03333333333333333,0,4
7afa1e20a54e,0.17666666666666667,0.5,0.20666666666666667,0.11666666666666667,1,2
7afb581299a8,0.16333333333333333,0.47333333333333333,0.20666666666666667,0.15666666666666668,1,3
7afee3a6d7e4,0.45,0.2136039811419591,0.18666666666666668,0.14972935219137418,0,0
7b00f77a1879,0.19333333333333333,0.5033333333333333,0.23,0.07333333333333333,1,4
7b10c52613de,0.2398099689506346,0.4404938946751622,0.24897236317721275,0.07072377319699062,1,1
7b20d3520e9c,0.5,0.31,0.11333333333333333,0.07666666666666666,1,4
7b54de3984e8,0.45,0.26,0.23,0.06,0,4
7b5b31210030,0.25,0.48846312804132924,0.14666666666666667,0.11487020529200402,1,2
7b6c49da06db,0.56,0.2833333333333333,0.11,0.04666666666666667,1,2
7b794c082812,0.49604536769341784,0.13428890891110914,0.24225514484226504,0.12741057855320773,0,1
7b8c999b8505,0.30666666666666664,0.36,0.2866666666666667,0.04666666666666667,0,4
7bab30555627,0.3933333333333333,0.42333333333333334,0.14333333333333334,0.04,0,3
7bacc2783fa7,0.11666666666666667,0.580269334026154,0.21333333333333335,0.08973066597384602,1,4
7bae3da7cc02,0.11666666666666667,0.5933333333333334,0.20333333333333334,0.08666666666666667,1,3
7bb06ca2150c,0.15414196842845493,0.5825492551209273,0.1931997216523021,0.070109054798316,1,1
7bc704a7b154,0.23666666666666666,0.52,0.20666666666666667,0.03666666666666667,3,3
7bd39a169837,0.17333333333333334,0.5533333333333333,0.17333333333333334,0.1,1,3
7bdfad741d14,0.09333333333333334,0.4335835886959482,0.22666666666666666,0.24641641130405176,0,0
7be73deb61a8,0.17,0.6333333333333333,0.12,0.07666666666666666,1,2
7bf83b446661,0.27666666666666667,0.4066666666666667,0.19,0.12666666666666668,2,4
7c1c89a066e5,0.37333333333333335,0.25333333333333335,0.24666666666666667,0.12666666666666668,0,3
7c1dcb902f6d,0.13910191719441778,0.4360577373770068,0.23219359697878236,0.19264674844979293,2,1
7c3b534b7eca,0.2866666666666667,0.37666666666666665,0.27666666666666667,0.06,0,4
7c4bfbefede8,0.35574150015386263,0.2162901192804112,0.31863605348904545,0.10933232707668088,0,1
7c5406d6328c,0.36,0.42,0.18,0.04,0,0
7c6b51d6639e,0.37929357655434354,0.31497174975790765,0.2503489412238557,0.0553857324638933,0,1
7c818f4cbdec,0.09666666666666666,0.7733333333333333,0.08666666666666667,0.043333333333333335,1,4
7c96d6d546d3,0.3,0.34,0.23333333333333334,0.12666666666666668,1,2
7ca967363865,0.3933333333333333,0.30333333333333334,0.12666666666666668,0.17666666666666667,0,4
7cb0d082d21b,0.11132061897187388,0.607779459942649,0.18728858164482484,0.0936113394406521,1,1
7cb0fdd18092,0.41333333333333333,0.28,0.19,0.11666666666666667,2,4
7cbbe81579da,0.26,0.47,0.16,0.11,0,3
7ccfe56da30b,0.22666666666666666,0.54,0.13,0.10333333333333333,1,3
7ce1ebc880e0,0.09929894660595297,0.41970428929010994,0.28714612031509684,0.1938506437888401,1,1
7d1c99d9eca8,0.14,0.6134595791805094,0.18,0.06654042081949059,2,0
7d26435833cd,0.2126750262998285,0.39419992636730955,0.24399347737511717,0.14913156995774468,2,1
7d28b814a4d4,0.4285737840292587,0.20243677520695716,0.24554543423287398,0.12344400653091007,2,1
7d2b67f6357e,0.13333333333333333,0.63,0.16,0.07666666666666666,1,4
7d2ca42f0906,0.15,0.5766666666666667,0.17666666666666667,0.09666666666666666,1,3
7d38fbf46bbf,0.54,0.21666666666666667,0.20333333333333334,0.04,3,4
7d3c837a7644,0.4500769099078577,0.2237077485480673,0.18450924107475064,0.14170610046932433,0,1
7d4971c1d0ca,0.32666666666666666,0.41333333333333333,0.14666666666666667,0.11333333333333333,2,3
7d5282a52850,0.18,0.44,0.2966666666666667,0.08333333333333333,2,3
7d64b5b28306,0.6333333333333333,0.24333333333333335,0.09,0.03333333333333333,0,4
7d70e90deb87,0.16333333333333333,0.6466666666666666,0.15666666666666668,0.03333333333333333,0,3
7d82d53204b8,0.10787150236460773,0.582871455612911,0.19648495527724358,0.11277208674523813,1,1
7d9f72046513,0.13333333333333333,0.61,0.21666666666666667,0.04,1,0
7da2b553b5ce,0.3038843516771701,0.3458260645416223,0.2785919030291745,0.07169768075203299,1,1
7db18af1a9d1,0.15333333333333332,0.5133333333333333,0.19666666666666666,0.13666666666666666,0,3
7dc1629a0438,0.3933333333333333,0.36333333333333334,0.18333333333333332,0.06,0,4
7dcc972565e6,0.13333333333333333,0.63,0.15,0.08666666666666667,1,4
7dd3347b0d10,0.5833333333333334,0.25,0.12,0.04666666666666667,1,3
7dd6835dfc59,0.1475526767031899,0.512029575067984,0.22504426048507312,0.11537348774375317,0,1
7dd880b043d6,0.25333333333333335,0.4,0.24,0.10666666666666667,1,3
7ddb42c36bf7,0.15333333333333332,0.5433333333333333,0.17,0.13333333333333333,1,0
7ddc4c9daa44,0.512812897895898,0.1304960952434454,0.24969102463726708,0.10699998222338979,0,1
7ddcf63a332f,0.20942561785678934,0.3589769552151686,0.2646013485388599,0.16699607838918232,3,1
7dfd6afee3e9,0.24,0.38333333333333336,0.18333333333333332,0.19333333333333333,0,3
7e24eea87ca5,0.13333333333333333,0.55,0.23,0.08666666666666667,1,3
7e26e0963bac,0.09423266116915072,0.5543183840742988,0.22992974643459846,0.12151920832195193,3,1
7e285573bf0f,0.14334347024611485,0.4220194937022762,0.244857534378707,0.1897795016729019,1,1
7e2fe165275e,0.23,0.48,0.21666666666666667,0.07333333333333333,2,2
7e4059d6a0f9,0.77,0.11333333333333333,0.09,0.02666666666666667,0,3
7e4b2e28a241,0.20333333333333334,0.43666666666666665,0.18,0.18,0,3
7e5785e7fda6,0.22,0.30666666666666664,0.26666666666666666,0.20666666666666667,1,0
7e6c68462e06,0.32,0.44666666666666666,0.19,0.043333333333333335,0,3
7e6e49e5eea7,0.4766666666666667,0.24333333333333335,0.20666666666666667,0.07333333333333333,0,0
7e7701fec9ef,0.67,0.12,0.16666666666666666,0.043333333333333335,0,2
7e86ca47ec47,0.37,0.36666666666666664,0.20333333333333334,0.06,2,0
7e8be259013a,0.24185937193163823,0.32498611827843216,0.3126910028120086,0.12046350697792084,3,1
7ea118331dfe,0.19333333333333333,0.5933333333333334,0.12,0.09333333333333334,1,0
7ea7f0ce6ba4,0.22333333333333333,0.5333333333333333,0.15333333333333332,0.09,1,2
7ea86dbc72ee,0.25,0.39,0.2733333333333333,0.08666666666666667,1,2
7ea9b8b90bda,0.14,0.5802528499185737,0.16,0.11974715008142624,1,4
7eb0a56757c0,0.16666666666666666,0.46,0.23666666666666666,0.13666666666666666,3,4
7ecdff541fd7,0.52,0.25333333333333335,0.19666666666666666,0.03,0,2
7ed9fad978ce,0.2833333333333333,0.48,0.16666666666666666,0.07,1,2
7eed9af03814,0.18666666666666668,0.5466666666666666,0.18333333333333332,0.08333333333333333,1,2
7f00e5d4ac58,0.49,0.20333333333333334,0.2633333333333333,0.043333333333333335,2,2
7f0a5ea1b11b,0.12666666666666668,0.5566666666666666,0.23333333333333334,0.08333333333333333,1,2
7f4b1a1e987e,0.21,0.45,0.17,0.17,2,2
7f5a35344d25,0.16,0.6533333333333333,0.09666666666666666,0.09,3,3
7f68921f1b58,0.25708601353480975,0.2263563639580558,0.2858353789198288,0.2307222435873055,0,1
7f73780cf1f4,0.5066666666666667,0.31666666666666665,0.13666666666666666,0.04,0,0
7f7379e733a2,0.49333333333333335,0.31333333333333335,0.10333333333333333,0.09,0,3
7f773ab567dc,0.2839867324556729,0.28941248475570674,0.1982460108706958,0.22835477191792455,0,1
7f84d57bc1cc,0.45577945421886273,0.15908212091628027,0.24474800402953875,0.14039042083531797,0,1
7f88c3e4abca,0.3566666666666667,0.37,0.21666666666666667,0.056666666666666664,0,4
7f9619af434c,0.16,0.49666666666666665,0.22,0.12333333333333334,0,4
7f9e2766281e,0.08666666666666667,0.7133333333333334,0.13,0.07,1,2
7fa441d1dd32,0.22333333333333333,0.54,0.15666666666666668,0.08,0,0
7fac35c9e1f4,0.20666666666666667,0.5766666666666667,0.14,0.07666666666666666,3,0
7fba08f9ba1e,0.254611951345332,0.2267395585839663,0.26383955794036157,0.2548089321303403,1,1
7fc0becb14fa,0.19,0.5333333333333333,0.17333333333333334,0.10333333333333333,1,4
7fd0efde20b7,0.09333333333333334,0.6533333333333333,0.18333333333333332,0.07,2,3
7ffb3015dacb,0.19666666666666666,0.6,0.15666666666666668,0.04666666666666667,1,2
800c22b13e4c,0.13666666666666666,0.6166666666666667,0.21,0.03666666666666667,0,4
80195e7d2700,0.20333333333333334,0.47,0.23333333333333334,0.09333333333333334,2,4
801ff0c146b7,0.4266666666666667,0.3,0.18,0.09333333333333334,0,4
8021320a355b,0.23031556105731998,0.35862798599789664,0.2659575309169865,0.1450989220277971,1,1
804119f6c0a6,0.13,0.7333333333333333,0.05,0.08666666666666667,1,4
80432401db2b,0.37666666666666665,0.4,0.11666666666666667,0.10666666666666667,0,4
8052009f6e35,0.2,0.5366666666666666,0.19666666666666666,0.06666666666666667,1,3
805989876fee,0.21666666666666667,0.36333333333333334,0.17,0.25,1,0
806161ff1e51,0.2966666666666667,0.44666666666666666,0.19666666666666666,0.06,2,4
8072ea43a9ef,0.2733333333333333,0.36666666666666664,0.20666666666666667,0.15333333333333332,1,0
8087e3bc0efe,0.14333333333333334,0.5733333333333334,0.18666666666666668,0.09666666666666666,3,3
8087ef52aff5,0.39666666666666667,0.23,0.19666666666666666,0.17666666666666667,2,3
80a0658f585b,0.18,0.44666666666666666,0.18333333333333332,0.19,3,4
80a38757f6b5,0.6433333333333333,0.16666666666666666,0.16,0.03,0,4
80a497a15df6,0.26,0.4633333333333333,0.19666666666666666,0.08,0,4
80a5f2f9ba0c,0.32859972775749424,0.28157002523390723,0.26033923795343555,0.12949100905516311,1,1
80b74df174a9,0.22439362326147366,0.39941446222927934,0.2553198177893003,0.12087209671994671,1,1
80b798963819,0.12,0.6533333333333333,0.19333333333333333,0.03333333333333333,1,2
80b943fa8ecf,0.21,0.54,0.21,0.04,1,3
80ba72c35938,0.3862818741612988,0.24454674788053424,0.22150244307955305,0.14766893487861396,1,1
80c55ce81802,0.7333333333333333,0.13,0.05,0.08666666666666667,0,4
80e3f166ad2f,0.33666666666666667,0.4633333333333333,0.14666666666666667,0.05333333333333334,1,2
80ec7581b718,0.63,0.19666666666666666,0.12666666666666668,0.04666666666666667,0,0
80f212c4109c,0.32,0.4766666666666667,0.13333333333333333,0.07,1,0
812fbc20eda8,0.10333333333333333,0.6233333333333333,0.15333333333333332,0.12,1,3
81493310c235,0.24333333333333335,0.5141993127147767,0.17666666666666667,0.06580068728522337,3,4
814e0fdfde1e,0.17,0.6333333333333333,0.14666666666666667,0.05,1,0
815214972656,0.4666666666666667,0.23,0.21666666666666667,0.08666666666666667,0,4
815278b6c176,0.13,0.6466666666666666,0.17,0.05333333333333334,1,4
8160bfb420dc,0.23304419900151022,0.37110947468105826,0.2881497833616735,0.10769654295575833,1,1
81651ff35cb8,0.24666666666666667,0.4066666666666667,0.25666666666666665,0.09,1,4
816ff8fa8f42,0.07333333333333333,0.7866666666666666,0.1,0.04,1,0
81711d215ec7,0.14666666666666667,0.5033333333333333,0.2633333333333333,0.08666666666666667,3,4
81718ce513ca,0.14630252906453256,0.4406979455079799,0.2242761099300581,0.1887234154974294,1,1
8176a9253108,0.07333333333333333,0.77,0.09666666666666666,0.06,2,3
818bda3ca15d,0.49333333333333335,0.23666666666666666,0.23,0.04,0,4
818c3096a5c4,0.19,0.4766666666666667,0.21,0.12333333333333334,2,0
8195c077997b,0.19355393173692684,0.4226724388509014,0.2530061939090161,0.13076743550315567,1,1
81a3d149dcbf,0.31,0.44666666666666666,0.15666666666666668,0.08666666666666667,0,3
81acc5470917,0.21,0.57,0.17666666666666667,0.043333333333333335,2,3
81b0675331b4,0.19,0.5466666666666666,0.08666666666666667,0.17666666666666667,0,4
81c1e36bdcff,0.47,0.31333333333333335,0.16666666666666666,0.05,0,2
81d2c8305d95,0.3933333333333333,0.3466666666666667,0.21666666666666667,0.043333333333333335,2,0
81d4dbd5c6d4,0.3233333333333333,0.3566666666666667,0.22,0.1,2,2
81e2d490e2dd,0.3814268939577124,0.18641006685983041,0.28011025863275485,0.15205278054970203,0,1
81f6b4b343f7,0.10666666666666667,0.71,0.12333333333333334,0.06,1,4
820fc489e682,0.20214681275417068,0.42233898816482074,0.2483537709877504,0.12716042809325837,2,1
82120a4eebc8,0.13666666666666666,0.57,0.2,0.09333333333333334,1,4
8221a4155cc0,0.12,0.5466666666666666,0.2733333333333333,0.06,3,2
8222875f1a91,0.21666666666666667,0.53,0.15333333333333332,0.1,2,2
822b399fcc86,0.32,0.36333333333333334,0.24666666666666667,0.07,2,4
823201a39872,0.27666666666666667,0.38380694854146186,0.25666666666666665,0.08285971812520486,1,0
8234b8dc3a41,0.16765051279235169,0.4770270201163761,0.20780843025591855,0.14751403683535397,2,1
8237d25ed806,0.30666666666666664,0.41,0.16333333333333333,0.12,0,0
8240e63ae3b1,0.23666666666666666,0.3933333333333333,0.22,0.15,1,0
824374b82868,0.66,0.17333333333333334,0.11,0.056666666666666664,1,0
824aac4d4e6f,0.6566666666666666,0.18,0.10333333333333333,0.06,0,4
8252bce4e90c,0.48333333333333334,0.35333333333333333,0.13,0.03333333333333333,1,3
825e493ca940,0.13666666666666666,0.5533333333333333,0.19333333333333333,0.11666666666666667,1,4
826272b8be99,0.08333333333333333,0.5066666666666667,0.2633333333333333,0.14666666666666667,1,3
8267fb6fc89f,0.19,0.59,0.15666666666666668,0.06333333333333334,1,0
8276779107e0,0.4033333333333333,0.3433333333333333,0.19333333333333333,0.06,1,4
82868316ea05,0.18333333333333332,0.5766666666666667,0.18,0.06,1,2
82bd4db9b87c,0.32,0.43333333333333335,0.16666666666666666,0.08,0,3
82d0600dbf57,0.3283296453205068,0.30781425518548305,0.23139052156101245,0.13246557793299782,1,1
82ed58c1b0db,0.17666666666666667,0.5433333333333333,0.19,0.09,0,3
82fde36914bc,0.37666666666666665,0.29,0.22333333333333333,0.11,1,4
83007940394a,0.17666666666666667,0.62,0.14,0.06333333333333334,2,4
8303825d6924,0.11666666666666667,0.55,0.25,0.08333333333333333,1,3
83088a9ca2d2,0.25,0.46,0.15,0.14,1,0
830984d74452,0.08666666666666667,0.6233333333333333,0.19333333333333333,0.09666666666666666,1,0
830d41512494,0.11,0.5766666666666667,0.20333333333333334,0.11,1,3
83127fd75313,0.15537573406951685,0.30644890071992315,0.2948542962503834,0.24332106896017644,1,1
8315467702a2,0.49514849495989344,0.1426442246162993,0.2473492725556552,0.11485800786815245,0,1
8315b4f8b2c8,0.35,0.4033333333333333,0.17,0.07666666666666666,1,0
831cea12cf2a,0.12333333333333334,0.49358467023172903,0.25333333333333335,0.12974866310160427,2,2
8332bdaddb6e,0.28,0.5033333333333333,0.17333333333333334,0.043333333333333335,0,0
834223220998,0.24150749429283375,0.36001388719521166,0.232665080076779,0.165813538435175,3,1
8351c991c7c2,0.19666666666666666,0.53,0.19,0.08333333333333333,0,0
835dd3c81c51,0.19,0.44,0.2633333333333333,0.10666666666666667,2,2
835e83150535,0.36333333333333334,0.27666666666666667,0.20333333333333334,0.15666666666666668,0,2
8362bdc5c7f5,0.5466666666666666,0.28,0.09666666666666666,0.07666666666666666,0,0
8367345da05a,0.31,0.48,0.14666666666666667,0.06333333333333334,0,0
83681c8b7743,0.17333333333333334,0.5866666666666667,0.19333333333333333,0.04666666666666667,1,3
836ca5c35bbe,0.53,0.19666666666666666,0.11666666666666667,0.15666666666666668,2,2
837fc1ed550e,0.25,0.4633333333333333,0.25333333333333335,0.03333333333333333,1,3
8383c0dba9bb,0.24666666666666667,0.4266666666666667,0.17666666666666667,0.15,0,3
83a64f9d121a,0.28,0.38666666666666666,0.21333333333333335,0.12,0,2
83b424ef8bb1,0.39666666666666667,0.26666666666666666,0.16666666666666666,0.17,1,4
83b6679566b0,0.16666666666666666,0.5466666666666666,0.21333333333333335,0.07333333333333333,2,2
83f637917a44,0.23666666666666666,0.5833333333333334,0.12,0.06,2,4
841519065bd1,0.44333333333333336,0.25666666666666665,0.14,0.16,0,0
841dbb381261,0.11,0.6866666666666666,0.15333333333333332,0.05,1,0
841dfb2ad2ee,0.72,0.14666666666666667,0.12,0.013333333333333334,2,0
8420a2430b65,0.1335702928927423,0.4837370602907832,0.2309523763323761,0.1517402704840978,1,1
8423d0d5c0b5,0.23333333333333334,0.43666666666666665,0.24333333333333335,0.08666666666666667,2,4
842eea3e3951,0.09922941065030204,0.46686562382265445,0.2597912903601166,0.17411367516692708,1,1
843eebbcc0d2,0.18549125978891842,0.2726787131794443,0.28047689639768186,0.26135313063395527,2,1
84407a15756d,0.13666666666666666,0.5566666666666666,0.20333333333333334,0.10333333333333333,1,3
8447b9e9ad00,0.36333333333333334,0.38666666666666666,0.2,0.05,1,3
8452bd412bba,0.13666666666666666,0.6833333333333333,0.15666666666666668,0.023333333333333334,1,0
84543edc24c2,0.25666666666666665,0.43666666666666665,0.12666666666666668,0.18,2,3
8454851c5270,0.21743424449445678,0.32291148571001127,0.2785500639638673,0.18110420583166464,2,1
84657bfd51ee,0.7233333333333334,0.13,0.10666666666666667,0.04,0,3
847ae068d771,0.16496263573246966,0.3432370091736275,0.28381612234681325,0.2079842327470899,0,1
84a72fcf010a,0.2966666666666667,0.30333333333333334,0.30333333333333334,0.09666666666666666,0,2
84b117cebcc5,0.15333333333333332,0.5833333333333334,0.21333333333333335,0.05,0,2
84b4d7b819cb,0.06,0.8233333333333334,0.09666666666666666,0.02,1,2
84b9878362e2,0.19962004870567224,0.3062740128914104,0.1994920941035969,0.2946138442993204,0,1
84cb858a8b18,0.29333333333333333,0.4266666666666667,0.14666666666666667,0.13333333333333333,2,4
84ea93253e6a,0.4633333333333333,0.28,0.2,0.056666666666666664,0,4
84f48ed1bafd,0.16666666666666666,0.5766666666666667,0.09666666666666666,0.16,1,2
8501ffeadc53,0.12333333333333334,0.7166666666666667,0.10666666666666667,0.05333333333333334,1,0
851fda48d245,0.19666666666666666,0.5066666666666667,0.24333333333333335,0.05333333333333334,0,4
852848545a6c,0.2866666666666667,0.38666666666666666,0.17333333333333334,0.15333333333333332,1,2
853df92b47be,0.24,0.4266666666666667,0.2633333333333333,0.07,2,4
854d97049377,0.16666666666666666,0.5133333333333333,0.19,0.13,3,4
8557928e510e,0.09666666666666666,0.56,0.26666666666666666,0.07666666666666666,1,0
856020133090,0.13,0.6,0.19,0.08,2,3
857b9908a0aa,0.4,0.3333333333333333,0.17333333333333334,0.09333333333333334,0,3
858725b534d6,0.24656063397364344,0.3864166273278127,0.20977323111229768,0.15724950758624645,1,1
858f01b51c3d,0.3933333333333333,0.3304636711281071,0.17,0.1062029955385596,1,2
85a651285b8e,0.13666666666666666,0.57,0.21666666666666667,0.07666666666666666,3,3
85da175299c4,0.29,0.4633333333333333,0.19666666666666666,0.05,0,3
85dc058820ab,0.14,0.5033333333333333,0.20666666666666667,0.15,1,3
85e721c2c2f7,0.23666666666666666,0.38666666666666666,0.25333333333333335,0.12333333333333334,0,2
85f8405ef40a,0.32,0.37333333333333335,0.15,0.15666666666666668,3,2
860611cd1738,0.04666666666666667,0.7933333333333333,0.1,0.06,1,0
86092024d731,0.3145861086256753,0.22631173215329323,0.3158483699436393,0.14325378927739243,2,1
8609ebfada9d,0.12672125186195046,0.37953275797012104,0.29149802392512986,0.20224796624279862,1,1
862cdc30fb27,0.4066666666666667,0.39,0.12666666666666668,0.07666666666666666,0,0
86323e8815ce,0.18,0.5,0.18666666666666668,0.13333333333333333,1,0
865cee33719e,0.31333333333333335,0.38666666666666666,0.19,0.11,0,3
8661a2df18d2,0.24,0.44666666666666666,0.25333333333333335,0.06,2,2
866879344af1,0.28,0.36333333333333334,0.22,0.13666666666666666,2,2
8672a27b3291,0.31666666666666665,0.4866666666666667,0.17666666666666667,0.02,1,4
8692c37fba6d,0.22333333333333333,0.47333333333333333,0.17333333333333334,0.13,1,0
86aaf2215fd4,0.32666666666666666,0.31666666666666665,0.2633333333333333,0.09333333333333334,0,2
86ad90147e40,0.45,0.31,0.15,0.09,0,0
86b08ada55fa,0.3433333333333333,0.3433333333333333,0.17,0.14333333333333334,3,4
86b2cddc9a96,0.3090807262207517,0.3318751552208189,0.25751429279015664,0.10152982576827271,0,1
86d7ce86d31c,0.16544779778945784,0.5024010734226263,0.19786402205702208,0.13428710673089378,1,1
86e209c99853,0.19333333333333333,0.4866666666666667,0.13333333333333333,0.18666666666666668,1,4
86ecdad652bb,0.4033333333333333,0.31,0.19666666666666666,0.09,2,2
86f0ced73df0,0.47333333333333333,0.32,0.15333333333333332,0.05333333333333334,0,3
86fbc6625250,0.6666666666666666,0.15666666666666668,0.12666666666666668,0.05,0,4
8704605c8d78,0.11333333333333333,0.68,0.18666666666666668,0.02,1,0
8707f9b371b1,0.17,0.56,0.19333333333333333,0.07666666666666666,1,4
871805a76116,0.22666666666666666,0.53,0.18,0.06333333333333334,1,3
8723fa61b4c9,0.2989721668129801,0.2854094701045368,0.2874762828122815,0.1281420802702015,1,1
87463d16a03c,0.17666666666666667,0.59,0.15,0.08333333333333333,1,2
8762482fa9b6,0.6966666666666667,0.17333333333333334,0.09,0.04,0,2
87664803e3cd,0.09666666666666666,0.6066666666666667,0.16333333333333333,0.13333333333333333,1,4
8771126854cb,0.57,0.18666666666666668,0.19,0.05333333333333334,0,0
8797c00011a7,0.41,0.37333333333333335,0.13,0.08666666666666667,1,3
87ad926c7cd5,0.53,0.2771861471861472,0.13333333333333333,0.059480519480519474,2,2
87ba5ef70efe,0.10690420717240111,0.4878054642830301,0.21388346911718709,0.19140685942738186,1,1
87d8d1d29655,0.18666666666666668,0.5933333333333334,0.15333333333333332,0.06666666666666667,1,0
87e342354d85,0.34,0.3433333333333333,0.21666666666666667,0.1,0,3
87f4d0c6babd,0.52,0.22333333333333333,0.22666666666666666,0.03,1,4
8805b17f963a,0.20666666666666667,0.5566666666666666,0.16666666666666666,0.07,1,2
880760598f51,0.22996095228894145,0.33076255657837467,0.2811172532255993,0.15815923790708458,2,1
880ef66733bf,0.17,0.6035274849621821,0.14,0.08647251503781789,0,4
881057f737e0,0.61,0.09,0.2633333333333333,0.03666666666666667,0,0
881fc5cfb469,0.24666666666666667,0.4766666666666667,0.16,0.11666666666666667,3,3
883ec957d088,0.05333333333333334,0.6766666666666666,0.18666666666666668,0.08333333333333333,1,2
884ae726c5fa,0.33,0.37333333333333335,0.23333333333333334,0.06333333333333334,0,4
8855be1da6d3,0.5366666666666666,0.23666666666666666,0.19,0.03666666666666667,1,4
885dd0b39eb1,0.17,0.53,0.17,0.13,1,2
8861d23685ef,0.3175457050126511,0.2518769531011169,0.2304147429431578,0.20016259894307398,2,1
88678531fd19,0.25666666666666665,0.4702530584883525,0.14666666666666667,0.12641360817831407,3,4
88787efdd3d9,0.45666666666666667,0.23333333333333334,0.20333333333333334,0.10666666666666667,0,4
8879adb07db4,0.3300235084604098,0.3144640752204025,0.2753282512779359,0.08018416504125138,0,1
889b5893c83d,0.3274007893847509,0.2343477673820046,0.3209155928471194,0.11733585038612489,1,1
88b7b5dcfd30,0.10333333333333333,0.65,0.16666666666666666,0.08,1,4
88cb519feae6,0.17333333333333334,0.5433333333333333,0.18,0.10333333333333333,1,3
88dbdcdb59c6,0.2287530535865146,0.23749293557873463,0.31366621049707577,0.22008780033767503,2,1
88f2e452d4b2,0.2633333333333333,0.37666666666666665,0.25333333333333335,0.10666666666666667,0,2
88ff3858d82c,0.18333333333333332,0.5033333333333333,0.19,0.12333333333333334,3,0
890bbfb62803,0.36,0.4166666666666667,0.17333333333333334,0.05,1,2
89195455e6ff,0.06666666666666667,0.7066666666666667,0.15,0.07666666666666666,2,0
891dccc7f408,0.23,0.49333333333333335,0.15666666666666668,0.12,2,0
8937a100c4b1,0.37333333333333335,0.39666666666666667,0.15333333333333332,0.07666666666666666,1,4
8943d1d85097,0.19,0.38333333333333336,0.29333333333333333,0.13333333333333333,1,4
8945d312af6a,0.26666666666666666,0.4,0.23666666666666666,0.09666666666666666,1,4
894cf780d724,0.4405978430171184,0.13130076133785226,0.2703102654598474,0.157791130185182,2,1
895c41c283cd,0.27,0.3933333333333333,0.17,0.16666666666666666,0,3
896ab1acf6f2,0.3433333333333333,0.42333333333333334,0.16666666666666666,0.06666666666666667,1,0
896ea179cbae,0.20333333333333334,0.5866666666666667,0.14333333333333334,0.06666666666666667,1,2
896ff6f04d0e,0.0916175035998645,0.5416262101696998,0.2045626763810449,0.1621936098493905,1,1
8976a065ab10,0.6633333333333333,0.14333333333333334,0.15,0.043333333333333335,0,2
897ab7243051,0.22666666666666666,0.57,0.13333333333333333,0.07,2,4
89921b036cc3,0.31,0.49,0.16333333333333333,0.03666666666666667,0,2
89ad8581ccaf,0.38333333333333336,0.37,0.15333333333333332,0.09333333333333334,0,0
89b8af016a97,0.17,0.5135983556371906,0.21666666666666667,0.09973497769614274,3,4
89c6489e8df7,0.12666666666666668,0.45,0.32666666666666666,0.09666666666666666,1,0
89cb02de68a7,0.16594207800975655,0.44401377863029834,0.27906531502008086,0.11097882833986411,1,1
89cc008ddabf,0.3433333333333333,0.32,0.23333333333333334,0.10333333333333333,2,2
89cfe8497e68,0.17333333333333334,0.4266666666666667,0.25,0.15,1,2
89d2589d197c,0.43666666666666665,0.30666666666666664,0.18333333333333332,0.07333333333333333,0,3
8a0139211dd5,0.33,0.48,0.14666666666666667,0.043333333333333335,2,4
8a0bb2abd955,0.31333333333333335,0.3466666666666667,0.2,0.14,0,0
8a0e92da8c69,0.08666666666666667,0.7833333333333333,0.07333333333333333,0.056666666666666664,1,3
8a3b38dbc12d,0.23666666666666666,0.6366666666666667,0.08666666666666667,0.04,2,4
8a435c339b1e,0.28,0.35333333333333333,0.23,0.13666666666666666,0,2
8a606a964b1d,0.1508608317811818,0.3764175662648495,0.10053239512261469,0.3721892068313542,1,1
8a6b5f89162a,0.2633333333333333,0.42,0.23,0.08666666666666667,1,3
8a7c3c0d189c,0.32,0.48,0.13666666666666666,0.06333333333333334,2,3
8aa587a862e8,0.07,0.72,0.14666666666666667,0.06333333333333334,1,3
8ad88b978f87,0.21666666666666667,0.5666666666666667,0.15666666666666668,0.06,1,3
8ae458411c33,0.43333333333333335,0.3233333333333333,0.19333333333333333,0.05,0,0
8ae943cc3a16,0.09666666666666666,0.6166666666666667,0.21,0.07666666666666666,1,4
8afc6567147a,0.4227363166131489,0.17694968476513717,0.28447197794344364,0.11584202067826993,2,1
8b059659257d,0.64,0.13666666666666666,0.14333333333333334,0.08,0,4
8b18f1963aff,0.2876250296793641,0.3932520801019268,0.22790543387972642,0.09121745633898241,1,1
8b1b8b42cbd2,0.2733333333333333,0.4033333333333333,0.23666666666666666,0.08666666666666667,0,4
8b41c96e9f63,0.0866484942532458,0.5679652544990959,0.21544026125725252,0.12994598999040616,1,1
8b4741c28384,0.49,0.24,0.24333333333333335,0.02666666666666667,1,0
8b52cf335c4d,0.5394166938683002,0.17688310839685004,0.1910009603015093,0.09269923743334026,2,1
8b5efcadabf9,0.23333333333333334,0.33666666666666667,0.3,0.13,2,0
8b5f06c0671d,0.21333333333333335,0.55,0.19333333333333333,0.043333333333333335,1,3
8b7d91225bc5,0.14333333333333334,0.5766666666666667,0.19333333333333333,0.08666666666666667,1,0
8b7e0c35fd8f,0.5066666666666667,0.27,0.15666666666666668,0.06666666666666667,0,4
8b86c273f095,0.05333333333333334,0.69,0.17,0.08666666666666667,1,4
8b8d05db440e,0.74,0.15,0.09333333333333334,0.016666666666666666,0,2
8bd4738d4f00,0.3566666666666667,0.3466666666666667,0.18666666666666668,0.11,0,3
8bd62094ea13,0.2833333333333333,0.4266666666666667,0.20333333333333334,0.08666666666666667,2,2
8c15768ece37,0.2833333333333333,0.5466666666666666,0.14333333333333334,0.02666666666666667,1,4
8c1872520275,0.13,0.62,0.17333333333333334,0.07666666666666666,2,4
8c19695fed29,0.15,0.5766666666666667,0.20333333333333334,0.07,3,0
8c1c165022b6,0.32666666666666666,0.30333333333333334,0.26666666666666666,0.10333333333333333,0,4
8c1f2172bcf0,0.09,0.7333333333333333,0.10666666666666667,0.07,1,4
8c272c45e4bf,0.19333333333333333,0.5733333333333334,0.19,0.043333333333333335,1,0
8c382f780705,0.37666666666666665,0.38666666666666666,0.16666666666666666,0.07,0,0
8c46388eee54,0.12333333333333334,0.5633333333333334,0.21,0.10333333333333333,3,0
8c5533597dc0,0.5833333333333334,0.22,0.18666666666666668,0.01,2,0
8c81896e7e55,0.19666666666666666,0.5266666666666666,0.2,0.07666666666666666,1,4
8c93b1d9363b,0.6,0.2,0.15666666666666668,0.043333333333333335,0,4
8c94a7329137,0.14,0.5666666666666667,0.21666666666666667,0.07666666666666666,1,3
8c9bb70fac25,0.17666666666666667,0.5233333333333333,0.22333333333333333,0.07666666666666666,1,3
8cc1d57b3142,0.6759834626776173,0.09070983457093253,0.13354684459367802,0.0997598581577725,0,1
8ce7315d04b1,0.12333333333333334,0.6,0.23,0.04666666666666667,3,0
8ceba80333df,0.14,0.6566666666666666,0.15666666666666668,0.04666666666666667,1,3
8cec64c8a30a,0.26447294511770697,0.32644853345803476,0.2516490434137569,0.1574294780105012,0,1
8cef368b3a7d,0.31333333333333335,0.35333333333333333,0.24,0.09333333333333334,0,3
8cf2f88c1831,0.4766666666666667,0.21666666666666667,0.2633333333333333,0.043333333333333335,0,4
8cf5886a6526,0.52,0.2633333333333333,0.15666666666666668,0.06,0,3
8cf883e963b2,0.5133333333333333,0.23666666666666666,0.13,0.12,0,3
8cfd81b6304b,0.27202086857188706,0.3889832580641199,0.22664328533594252,0.11235258802805058,1,1
8d04e38ff3cc,0.38666666666666666,0.39,0.17,0.05333333333333334,2,0
8d05f7a01571,0.08333333333333333,0.7733333333333333,0.10666666666666667,0.03666666666666667,1,0
8d107e939496,0.14,0.5933333333333334,0.09333333333333334,0.17333333333333334,1,2
8d119ef46916,0.13333333333333333,0.6333333333333333,0.17,0.06333333333333334,1,4
8d1bb5055032,0.16,0.48333333333333334,0.13,0.22666666666666666,0,4
8d1e97279e94,0.3233333333333333,0.41,0.18333333333333332,0.08333333333333333,2,4
8d266ade4183,0.6233333333333333,0.19666666666666666,0.10666666666666667,0.07333333333333333,3,0
8d2c21678869,0.4378602445550528,0.1592575169296987,0.2831390338738766,0.11974320464137203,1,1
8d3cf4f69a12,0.41513230447561966,0.23441069980117818,0.2764823770381266,0.07397461868507546,0,1
8d4380e847cd,0.15,0.5533333333333333,0.19666666666666666,0.1,2,2
8d4af13cfe6e,0.17,0.5166666666666667,0.23666666666666666,0.07666666666666666,1,2
8d603dc4f0fc,0.30666666666666664,0.36,0.2866666666666667,0.04666666666666667,1,4
8d6424e7fe13,0.5888905564747133,0.1285129328119072,0.19425529889743273,0.08834121181594688,1,1
8d98b1ffe5cc,0.20301497739096433,0.37993760778189595,0.24277298325259453,0.1742744315745452,1,1
8db3c6dd3bc8,0.20666666666666667,0.52,0.14,0.13333333333333333,1,2
8dd03d75fbbc,0.21,0.58,0.12333333333333334,0.08666666666666667,2,2
8dd2336dc141,0.18333333333333332,0.5166666666666667,0.17666666666666667,0.12333333333333334,1,2
8dd9d392745c,0.09666666666666666,0.6033333333333334,0.15333333333333332,0.14666666666666667,1,0
8de0328fef41,0.12,0.67,0.15666666666666668,0.05333333333333334,1,0
8dec4313cf31,0.19,0.3333333333333333,0.23,0.24666666666666667,3,3
8e0e8fb16772,0.19666666666666666,0.6066666666666667,0.17333333333333334,0.023333333333333334,2,0
8e207d306f5a,0.07333333333333333,0.7766666666666666,0.1,0.05,1,0
8e3028ee83b7,0.3566666666666667,0.44666666666666666,0.12666666666666668,0.07,2,3
8e303eb56993,0.23,0.5566666666666666,0.15666666666666668,0.056666666666666664,1,0
8e589a80dc42,0.14834202317828923,0.44723837194227706,0.23158090485751026,0.17283870002192353,2,1
8e592ea3b990,0.09666666666666666,0.71,0.10666666666666667,0.08666666666666667,1,4
8e66608fcb8b,0.41333333333333333,0.37666666666666665,0.11666666666666667,0.09333333333333334,1,2
8e696c58fe5a,0.5798740867306448,0.15598485589403652,0.1372318326391363,0.12690922473618205,0,1
8e6f3fef011b,0.21666666666666667,0.4766666666666667,0.18,0.12666666666666668,2,2
8e844d4f4027,0.18715452984373024,0.36433783308078166,0.23400456515610174,0.21450307191938614,0,1
8e88d7565396,0.22656226579713068,0.4354738571738569,0.186333483764567,0.15163039326444558,1,1
8ea4a61f36d5,0.07,0.7233333333333334,0.12,0.08666666666666667,1,3
8eac27104552,0.14666666666666667,0.5166666666666667,0.20666666666666667,0.13,1,2
8eb7415fd75d,0.4698471485786456,0.22197690292715563,0.19773440030487505,0.11044154818932346,0,1
8ebfb520f2cc,0.23,0.4533333333333333,0.24333333333333335,0.07333333333333333,1,3
8f08039e8b7f,0.09666666666666666,0.7166666666666667,0.11,0.07666666666666666,1,3
8f0cd3800684,0.69,0.17333333333333334,0.11666666666666667,0.02,1,0
8f1242af7d14,0.19333333333333333,0.57,0.19666666666666666,0.04,2,3
8f22d79a5ba0,0.24666666666666667,0.54,0.13666666666666666,0.07666666666666666,1,3
8f25ccd15213,0.06333333333333334,0.7166666666666667,0.19333333333333333,0.02666666666666667,1,4
8f3131f02439,0.4166666666666667,0.38333333333333336,0.12666666666666668,0.07333333333333333,0,4
8f3a2c63b390,0.33217731616290347,0.2644390908600257,0.2079423266368264,0.1954412663402448,1,1
8f3f2c566e2e,0.06333333333333334,0.68,0.16666666666666666,0.09,1,0
8f40087975d6,0.1945404543564217,0.2711384666417236,0.21495634037180394,0.31936473863005077,1,1
8f43952cb2e4,0.37333333333333335,0.3566666666666667,0.18333333333333332,0.08666666666666667,1,4
8f460f57d325,0.15,0.44666666666666666,0.30333333333333334,0.1,1,2
8f59e4041fb3,0.37666666666666665,0.3433333333333333,0.15333333333333332,0.12666666666666668,2,2
8f668881cb15,0.39666666666666667,0.30666666666666664,0.2,0.09666666666666666,1,0
8f67031d69a9,0.3233333333333333,0.4033333333333333,0.17333333333333334,0.1,3,4
8f67f991ed01,0.3386287407290326,0.22664514724867563,0.3096219548894073,0.12510415713288467,2,1
8f8c93da549d,0.26,0.48,0.20333333333333334,0.056666666666666664,1,0
8f969a767c03,0.23,0.58,0.09,0.1,1,4
8f9900d6dd98,0.5020355283163912,0.14024622231925427,0.2265230518738432,0.13119519749051156,0,1
8f9f2fcd1101,0.16666666666666666,0.5733333333333334,0.22666666666666666,0.03333333333333333,1,3
8fa13c443211,0.18333333333333332,0.6733333333333333,0.07333333333333333,0.07,1,0
8fc0ab15fbba,0.19666666666666666,0.4,0.28,0.12333333333333334,0,4
8fc46a1ef7d6,0.45,0.26666666666666666,0.24,0.043333333333333335,0,0
8fcb4fdefa9b,0.3466666666666667,0.41333333333333333,0.17,0.07,1,0
8fd26a99fddf,0.2966666666666667,0.47333333333333333,0.14333333333333334,0.08666666666666667,2,0
8fd6cbf80a60,0.22666666666666666,0.4033333333333333,0.30333333333333334,0.06666666666666667,3,4
8fde67c815d9,0.16333333333333333,0.6,0.18333333333333332,0.05333333333333334,1,3
8fe8e5f3d9f2,0.16260876809310854,0.551054752822771,0.20119545822382878,0.08514102086029154,1,1
8fece7358b68,0.6111034220953688,0.09856665493060612,0.2141268617314393,0.07620306124258568,0,1
900f971c9d9d,0.14069043532503392,0.3337059835994704,0.2321846675086963,0.2934189135667992,2,1
901033aaf100,0.10666666666666667,0.7066666666666667,0.13666666666666666,0.05,1,2
9010d82f158b,0.1319263432714537,0.43605659263502883,0.22678227297809495,0.20523479111542262,2,1
90128165c011,0.25333333333333335,0.38333333333333336,0.27666666666666667,0.08666666666666667,2,4
9027e97cec00,0.1632520094631469,0.39017731604396655,0.2864949921175267,0.16007568237535946,1,1
9032f7dfa5b7,0.12666666666666668,0.6166666666666667,0.10333333333333333,0.15333333333333332,1,3
9039045a41db,0.4056842437222612,0.24200236861414132,0.1958264976563166,0.1564868900072808,0,1
9039323ef12d,0.28518134989248956,0.31751952327123995,0.19570327475888777,0.20159585207738284,3,1
904b2fc4d66c,0.21333333333333335,0.49,0.23666666666666666,0.06,2,2
90563a9f1f5c,0.2535246691855473,0.33826118425757085,0.21867741961207873,0.18953672694480328,1,1
906b1c0633c1,0.48551124582993255,0.16289709248000014,0.26209948009636896,0.0894921815936979,0,1
90857afa360f,0.18793366444613235,0.37434671627280675,0.2703357422496798,0.1673838770313809,3,1
9092b76fd394,0.12,0.61,0.17,0.1,1,4
9099a377b0ba,0.20760366327085658,0.40033887925230055,0.2929805942644468,0.09907686321239605,0,1
909b093ebd7b,0.19,0.54,0.24,0.03,1,3
90bbbbe42dcf,0.25,0.44333333333333336,0.26666666666666666,0.04,0,2
90d2406651aa,0.25,0.52,0.19333333333333333,0.03666666666666667,2,4
90ebb1c07f60,0.38333333333333336,0.37,0.20666666666666667,0.04,0,3
90f926079a8b,0.6684790338814712,0.10796497584589287,0.15322871929900655,0.07032727097362972,0,1
910fd590ada8,0.45666666666666667,0.34715676883780333,0.16666666666666666,0.029509897828863346,1,4
9113eb5c46c2,0.15832316153226572,0.41884247002567027,0.26692200022181917,0.15591236822024462,1,1
9115e6b5aef1,0.28289088443259,0.22944134699852725,0.2811543937066143,0.20651337486226803,0,1
911de1f9cbc8,0.16666666666666666,0.5833333333333334,0.14333333333333334,0.10666666666666667,1,4
912c5491499a,0.13666666666666666,0.6033333333333334,0.21,0.05,1,3
912f0bf73b2c,0.2833333333333333,0.5,0.13333333333333333,0.08333333333333333,1,2
913182869146,0.10379445606632216,0.5369524665851999,0.22865545776787366,0.13059761958060437,1,1
914fd6a59eb7,0.11,0.6866666666666666,0.15666666666666668,0.04666666666666667,1,0
9168248b2ad7,0.09333333333333334,0.6633333333333333,0.17333333333333334,0.07,1,4
916911dbc503,0.25666666666666665,0.4666666666666667,0.06666666666666667,0.21,1,0
9185f141a3c9,0.23424011746197673,0.34453730351692685,0.304688401444888,0.11653417757620813,1,1
919d121c32c5,0.11,0.62,0.16666666666666666,0.10333333333333333,1,4
91a2860aecda,0.19200453048748284,0.3720653862194537,0.23314490034576466,0.20278518294729864,1,1
91a5b9eda347,0.4633333333333333,0.31666666666666665,0.18,0.04,1,3
91bd57a2c56d,0.13,0.6266666666666667,0.19333333333333333,0.05,2,3
91ced42c375c,0.12666666666666668,0.63,0.11666666666666667,0.12666666666666668,3,4
91dcfcaf5ee0,0.11703377768921715,0.6142283648402308,0.21409402507490463,0.05464383239564716,1,1
91e00c3ee94b,0.25,0.4866666666666667,0.22,0.043333333333333335,1,0
920248f0e483,0.15666666666666668,0.53,0.22333333333333333,0.09,1,2
9225830ff6e8,0.19278826016128747,0.38339902018650235,0.31100561755428685,0.11280710209792298,1,1
922ecebef0a6,0.09333333333333334,0.6966666666666667,0.09666666666666666,0.11333333333333333,2,0
924f402e5f21,0.13333333333333333,0.5133333333333333,0.20333333333333334,0.15,2,4
926375b034e2,0.6033333333333334,0.23666666666666666,0.12,0.04,2,4
9273fc8c7085,0.3466666666666667,0.33666666666666667,0.27,0.04666666666666667,1,4
9276f2d48294,0.53,0.2966666666666667,0.11,0.06333333333333334,0,0
9283b3ca7c42,0.33666666666666667,0.39,0.19666666666666666,0.07666666666666666,1,0
928e54bf8b2c,0.18666666666666668,0.6166666666666667,0.11666666666666667,0.08,3,2
9291a5debee0,0.09333333333333334,0.64,0.14,0.12666666666666668,0,0
9298dad2b9d5,0.23198349105855892,0.3296135917653241,0.29090065693003264,0.14750226024608445,1,1
92a134ec6693,0.25666666666666665,0.49666666666666665,0.18333333333333332,0.06333333333333334,0,0
92a2802a224d,0.16666666666666666,0.53,0.16,0.14333333333333334,2,2
92aacc2910ce,0.44333333333333336,0.3433333333333333,0.15333333333333332,0.06,0,0
92aae4899047,0.6154292027926281,0.11227043464138298,0.20813427617153588,0.06416608639445333,0,1
92db40d7a773,0.39666666666666667,0.29333333333333333,0.18333333333333332,0.12666666666666668,0,2
92e2158a09b7,0.16666666666666666,0.5574944444444444,0.14333333333333334,0.13250555555555554,1,4
930457b2b7fc,0.11776478430870403,0.5764811804135128,0.20763065397665192,0.09812338130113148,3,1
93137dfd6a8b,0.20333333333333334,0.5866666666666667,0.15333333333333332,0.056666666666666664,1,4
9315df5edab8,0.28,0.46,0.15666666666666668,0.10333333333333333,0,4
932c6343566e,0.7766666666666666,0.13,0.08,0.013333333333333334,0,3
9330e8848d54,0.12666666666666668,0.51,0.24,0.12333333333333334,1,3
9345d903a235,0.19333333333333333,0.5433333333333333,0.19666666666666666,0.06666666666666667,1,2
9348d63bc024,0.6333333333333333,0.2,0.10333333333333333,0.06333333333333334,0,3
936046fa7b66,0.37666666666666665,0.3933333333333333,0.17666666666666667,0.05333333333333334,0,4
936679c7b27c,0.14581610269046508,0.4928927637900834,0.2301423917621513,0.13114874175730043,2,1
936867da7b98,0.12666666666666668,0.62,0.18666666666666668,0.06666666666666667,1,3
9376fced310c,0.3566666666666667,0.3433333333333333,0.20666666666666667,0.09333333333333334,1,3
93882c2250e5,0.3233333333333333,0.39666666666666667,0.18,0.1,1,4
93915d2e405c,0.25,0.47333333333333333,0.25333333333333335,0.023333333333333334,0,0
9392e6a8e272,0.27,0.38,0.18,0.17,2,4
93b2c01193e9,0.15666666666666668,0.5266666666666666,0.17666666666666667,0.14,0,2
93c6a74d9ef2,0.12,0.6766666666666666,0.16,0.043333333333333335,1,2
93c9ce299102,0.15930632215700155,0.4034750965783779,0.25288750782090713,0.1843310734437137,2,1
93e8a7d28f91,0.6066666666666667,0.19,0.15666666666666668,0.04666666666666667,0,2
93eaff86bff6,0.22666666666666666,0.4266666666666667,0.18666666666666668,0.16,0,2
940927eb98cc,0.4162817532746911,0.18280723014337888,0.2267631637042749,0.17414785287765483,0,1
9424c80e0448,0.2334020349379514,0.32801640449666464,0.319566959893365,0.11901460067201898,2,1
943486bb3aac,0.2866666666666667,0.5433333333333333,0.12666666666666668,0.043333333333333335,1,3
943d27c0247b,0.35333333333333333,0.38,0.18333333333333332,0.08333333333333333,1,3
943eaf84ee7e,0.14333333333333334,0.3933333333333333,0.26,0.20333333333333334,3,3
944341248373,0.14666666666666667,0.5866666666666667,0.22666666666666666,0.04,1,3
945d11f79ea4,0.17666666666666667,0.5433333333333333,0.18333333333333332,0.09666666666666666,1,4
94708a574bf1,0.10333333333333333,0.7033333333333334,0.12666666666666668,0.06666666666666667,2,3
947af0140d33,0.2,0.5166666666666667,0.16333333333333333,0.12,1,4
947bec537575,0.18333333333333332,0.5066666666666667,0.2,0.11,1,4
948a3520b1f3,0.26666666666666666,0.44333333333333336,0.20666666666666667,0.08333333333333333,0,2
948b59d6a856,0.10969942420565282,0.41155829681122763,0.2601748931502569,0.21856738583286292,1,1
948cbaad29d8,0.21,0.37666666666666665,0.2966666666666667,0.11666666666666667,1,2
94a3a166d2e6,0.39666666666666667,0.2833333333333333,0.24666666666666667,0.07333333333333333,2,2
94a65a60dd0f,0.32666666666666666,0.38333333333333336,0.21333333333333335,0.07666666666666666,0,2
94df074651a2,0.33666666666666667,0.32666666666666666,0.27666666666666667,0.06,2,2
94e318e3c980,0.14333333333333334,0.6,0.21333333333333335,0.043333333333333335,1,3
94eda787df5b,0.10768278311704535,0.6027160293412828,0.16201790611911646,0.12758328142255584,1,1
9506596cb1ab,0.2833333333333333,0.5233333333333333,0.13333333333333333,0.06,0,3
951400899440,0.11333333333333333,0.6866666666666666,0.19,0.01,1,3
951b8755c772,0.38666666666666666,0.41,0.17333333333333334,0.03,1,4
952077ae882b,0.52,0.25333333333333335,0.15,0.07666666666666666,0,2
9526218fe33d,0.13333333333333333,0.62,0.15333333333333332,0.09333333333333334,1,0
952f04d9cfcc,0.14086403372322784,0.402426350839796,0.19958989436540192,0.25711972107157405,1,1
9533d6931fc7,0.19333333333333333,0.6733333333333333,0.11,0.023333333333333334,1,2
953e5e477eaa,0.09666666666666666,0.54,0.21666666666666667,0.14666666666666667,0,4
954f8acb98dd,0.42084808777847005,0.21206127445090325,0.23268071144325125,0.1344099263273755,0,1
9554527fd4a5,0.23666666666666666,0.51,0.17666666666666667,0.07666666666666666,1,0
95566106ef97,0.5433333333333333,0.3,0.15,0.006666666666666667,1,4
955c9a911fd0,0.3933333333333333,0.41333333333333333,0.14666666666666667,0.04666666666666667,3,0
955e9f43b034,0.21333333333333335,0.56,0.13333333333333333,0.09333333333333334,0,0
956d5ff78f91,0.09666666666666666,0.5833333333333334,0.23333333333333334,0.08666666666666667,1,3
95728086046a,0.18666666666666668,0.45049086757990875,0.30333333333333334,0.05950913242009133,1,4
9575884bee6b,0.19,0.37666666666666665,0.26,0.17333333333333334,3,0
95843bf24ddf,0.2689560561960405,0.22023906830893808,0.24251436361160386,0.26829051188341724,1,1
95857167b435,0.2866666666666667,0.41333333333333333,0.16,0.14,1,2
95940c3f283a,0.23666666666666666,0.4766666666666667,0.22666666666666666,0.06,0,2
959d3d0d8199,0.25666666666666665,0.4766666666666667,0.16,0.10666666666666667,1,4
95ad3f9aa671,0.18666666666666668,0.5266666666666666,0.20666666666666667,0.08,1,4
95bdaffbc7a2,0.21666666666666667,0.44,0.22333333333333333,0.12,2,4
95c2b109d0d4,0.17666666666666667,0.5133333333333333,0.23,0.08,2,3
95c3cd8b0bba,0.3439151320859424,0.19252516272190673,0.3245460506469996,0.13901365454515108,0,1
95da43e095d3,0.12731744471009415,0.46531216336519443,0.24309592027728424,0.1642744716474274,1,1
95dba116ccd2,0.29333333333333333,0.44333333333333336,0.18,0.08333333333333333,2,3
95eb56f807cf,0.41333333333333333,0.2966666666666667,0.18,0.11,0,3
95fcf5433b40,0.15,0.5566666666666666,0.17333333333333334,0.12,1,0
95fd7cfafd10,0.12333333333333334,0.6233333333333333,0.14666666666666667,0.10666666666666667,2,0
96067887a106,0.24333333333333335,0.51,0.14,0.10666666666666667,0,3
960d37415757,0.16,0.51,0.23,0.1,1,3
961761c43308,0.2633333333333333,0.44333333333333336,0.17666666666666667,0.11666666666666667,1,3
9618c3ca410e,0.23333333333333334,0.5406561443066517,0.15,0.07601052236001503,1,0
9624ffcd114a,0.17018840524023826,0.3997572506369062,0.26563671191820276,0.1644176322046526,1,1
962b514336b7,0.22333333333333333,0.45,0.24666666666666667,0.08,1,3
9639e228b628,0.15,0.4633333333333333,0.31666666666666665,0.07,1,2
96427109f6d1,0.19666666666666666,0.48,0.23,0.09333333333333334,2,2
96448f229e67,0.13236697174900494,0.3671032312666851,0.2799161989674644,0.22061359801684594,2,1
96533d9801a9,0.5033333333333333,0.32,0.15,0.02666666666666667,0,3
965aa8281388,0.1,0.5968541142651815,0.26666666666666666,0.03647921906815187,1,2
966247fbd8dc,0.31333333333333335,0.39666666666666667,0.22,0.07,0,0
966b3f33b181,0.06653569046748121,0.6176778534963939,0.17726214059406534,0.13852431544205948,1,1
966cf034dd4c,0.12,0.7033333333333334,0.11333333333333333,0.06333333333333334,1,0
9672beea2200,0.13333333333333333,0.6233333333333333,0.11333333333333333,0.13,1,2
9680b6bc8e55,0.20333333333333334,0.5433333333333333,0.15,0.10333333333333333,2,4
96847884be69,0.14333333333333334,0.71,0.12333333333333334,0.023333333333333334,2,2
96991f19b1f9,0.5633333333333334,0.19666666666666666,0.20666666666666667,0.03333333333333333,0,2
96b52adeeca5,0.2866666666666667,0.4766666666666667,0.2,0.03666666666666667,3,0
96d1f9ad6e80,0.16496250026852063,0.35446430481658375,0.28980419727419704,0.19076899764069893,1,1
96d6988dafa4,0.6366666666666667,0.21,0.06666666666666667,0.08666666666666667,1,2
96d9d0f47cbd,0.36,0.4266666666666667,0.15,0.06333333333333334,0,0
96dfa1261098,0.31,0.39666666666666667,0.15,0.14333333333333334,0,4
96e0daba7ca8,0.16333333333333333,0.4666666666666667,0.25666666666666665,0.11333333333333333,1,2
96fa47f2b83f,0.4952828634650942,0.1673807603830526,0.19889234125949035,0.13844403489236282,0,1
97020cda085f,0.18666666666666668,0.61,0.16333333333333333,0.04,0,3
9704fd5364eb,0.3566666666666667,0.37,0.17666666666666667,0.09666666666666666,0,4
970c96c9fa5d,0.09672262586410538,0.6269634750078704,0.18642601109550333,0.08988788803252096,1,1
970e477a229f,0.51,0.27,0.15333333333333332,0.06666666666666667,0,3
973c7216c8d4,0.4033333333333333,0.24,0.24,0.11666666666666667,0,3
97674ac9caab,0.1,0.5566666666666666,0.3,0.043333333333333335,1,4
97692c000b63,0.16666666666666666,0.41,0.23,0.19333333333333333,1,4
9776469ed2a5,0.7733333333333333,0.15,0.043333333333333335,0.03333333333333333,0,4
977af8f945cf,0.32,0.36333333333333334,0.24,0.07666666666666666,0,3
9785b5d2ce37,0.36,0.27,0.27,0.1,1,3
9788d6db5ccf,0.38333333333333336,0.3736144790019329,0.16666666666666666,0.07638552099806711,0,0
9793d59830f1,0.5083831221332267,0.1389502916592022,0.19797766239473547,0.15468892381283555,2,1
979f302a2fef,0.16666666666666666,0.6233333333333333,0.17,0.04,1,4
97a4dc6f1f5f,0.24666666666666667,0.42333333333333334,0.21666666666666667,0.11333333333333333,2,4
97ef8dddd102,0.18,0.31666666666666665,0.2866666666666667,0.21666666666666667,2,2
98023f79d14d,0.15314476231922416,0.43810369651916353,0.29556020416672435,0.11319133699488786,1,1
980351f05de0,0.3538424100593016,0.19728768600172158,0.29815355127742404,0.15071635266155273,1,1
980a690320eb,0.15794346598214482,0.3836811812761954,0.21663379572797037,0.24174155701368952,1,1
98177d6d0db0,0.2586773766884566,0.3776236575111981,0.27226831082858943,0.09143065497175598,1,1
9817859ffa87,0.37333333333333335,0.37666666666666665,0.19333333333333333,0.056666666666666664,3,2
982b445c0d1b,0.16,0.6433333333333333,0.16,0.03666666666666667,1,0
983579cf7e1a,0.14333333333333334,0.5306346025384101,0.21,0.11603206412825652,1,4
983673fbc3e3,0.177125988206738,0.4523581522037475,0.2691502862564192,0.10136557333309519,1,1
9842ee31aee8,0.16,0.6866666666666666,0.13666666666666666,0.016666666666666666,1,0
9847df53f2f7,0.4266666666666667,0.28,0.24333333333333335,0.05,0,4
984ce6dfbc51,0.24237137979133247,0.38485857677320684,0.22382385703646032,0.14894618639900054,3,1
9855cbfdcb71,0.5,0.27,0.15,0.08,0,2
985b26811cf7,0.16333333333333333,0.59,0.18666666666666668,0.06,1,0
9862e4094231,0.25666666666666665,0.45666666666666667,0.21666666666666667,0.07,0,4
98696039f5a0,0.437003841740377,0.20585901837200404,0.2035007006396706,0.15363643924794806,2,1
9872417abeed,0.7233333333333334,0.16333333333333333,0.09333333333333334,0.02,2,4
9878f8b090bd,0.35333333333333333,0.37666666666666665,0.14666666666666667,0.12333333333333334,0,2
98868469e23c,0.2043323227754578,0.36251487133977744,0.20326147630276778,0.22989132958199757,1,1
98a3f60e39a1,0.31,0.31,0.3233333333333333,0.056666666666666664,0,4
98bbbab1a415,0.2733333333333333,0.4033333333333333,0.2,0.12333333333333334,1,3
98c6965e9185,0.15333333333333332,0.45666666666666667,0.27,0.12,1,2
98ca208a6e43,0.11333333333333333,0.61,0.18333333333333332,0.09333333333333334,2,2
98cd48a41756,0.1972332167364734,0.4986227454243808,0.2123609712765969,0.0917830665625488,2,1
98cd793644aa,0.22333333333333333,0.48,0.23,0.06666666666666667,1,0
98d13a3c4060,0.3488347548406757,0.3432620579817452,0.24218337054335237,0.0657198166342265,1,1
98d246dec8db,0.61,0.13666666666666666,0.12666666666666668,0.12666666666666668,2,3
98e5ea7a176d,0.23333333333333334,0.44,0.19,0.13666666666666666,2,0
98e86888141f,0.24666666666666667,0.48333333333333334,0.19666666666666666,0.07333333333333333,1,3
98f14a54fa31,0.17520387979830856,0.3818625755181043,0.22848183993548968,0.21445170474809724,1,1
98f702bb9649,0.20666666666666667,0.43333333333333335,0.25,0.11,1,3
990642807f68,0.5646084257400452,0.1546368027228502,0.20626293279583113,0.07449183874127392,0,1
990da56b9183,0.12,0.7066666666666667,0.11,0.06333333333333334,1,2
990fc38a16ae,0.20666666666666667,0.53,0.22666666666666666,0.03666666666666667,1,4
9911a3ab56c2,0.36666666666666664,0.38,0.19,0.06333333333333334,0,3
9915d9038245,0.35646934327089175,0.31533203367774887,0.2391507431463494,0.08904787990500994,1,1
991c7282e91c,0.25,0.3933333333333333,0.22666666666666666,0.13,1,2
991e39f747a1,0.7021079143942476,0.09307150208344458,0.16885861486075424,0.035961968661553545,0,1
9927fbe86982,0.3233333333333333,0.43666666666666665,0.18333333333333332,0.056666666666666664,0,4
9945a45c802e,0.13666666666666666,0.57,0.13,0.16333333333333333,3,0
994885f06db4,0.13467163402144905,0.47383231820103844,0.23442993393629072,0.15706611384122157,1,1
99499db74741,0.21333333333333335,0.47,0.20666666666666667,0.11,1,0
995b90d044b3,0.09,0.6566666666666666,0.16666666666666666,0.08666666666666667,1,3
99606cd849bc,0.3438310739526394,0.36130926169033567,0.18605568750467064,0.10880397685235416,2,1
996e865f85d2,0.2,0.5733333333333334,0.15666666666666668,0.07,1,0
997985cf7142,0.57,0.18666666666666668,0.19666666666666666,0.04666666666666667,1,2
997b769bd2bd,0.28,0.4,0.17,0.15,0,2
99a33da42b9f,0.14666666666666667,0.45666666666666667,0.19,0.20666666666666667,1,3
99aa2bb52d7e,0.35333333333333333,0.3,0.19,0.15666666666666668,0,0
99ba95380399,0.4168277296260491,0.21113369906306625,0.20262725832769338,0.16941131298319115,0,1
99c1585d12cb,0.18333333333333332,0.5,0.17666666666666667,0.14,1,2
99c38d2b32b3,0.36,0.38,0.15333333333333332,0.10666666666666667,1,4
99cb5766690f,0.25,0.49,0.14333333333333334,0.11666666666666667,1,2
9a0b8204400b,0.10333333333333333,0.6766666666666666,0.12666666666666668,0.09333333333333334,3,4
9a19d3c19232,0.46,0.3466666666666667,0.17,0.023333333333333334,0,4
9a2ad069cce4,0.15666666666666668,0.68,0.10666666666666667,0.056666666666666664,1,3
9a493656953a,0.2866666666666667,0.44,0.19333333333333333,0.08,1,3
9a4a6abdf776,0.20618410701152573,0.33267991508462474,0.327518429814564,0.13361754808928542,2,1
9a769075f534,0.38666666666666666,0.4066666666666667,0.14333333333333334,0.06333333333333334,0,2
9a7b51f98ab5,0.3466666666666667,0.3149252878712942,0.24666666666666667,0.09174137879537245,2,2
9a9306122b73,0.3661211972816031,0.23383435355397333,0.25144576422755566,0.14859868493686776,1,1
9aa19b9ab337,0.20666666666666667,0.5266666666666666,0.18333333333333332,0.08333333333333333,1,3
9ab36af82642,0.2966666666666667,0.43,0.22333333333333333,0.05,0,4
9ac50f02c18c,0.5366666666666666,0.14666666666666667,0.25333333333333335,0.06333333333333334,0,0
9acd72663429,0.22155345105146523,0.4340302549372213,0.2455033859646548,0.09891290804665877,1,1
9ad7aec257e6,0.2217212348876583,0.4230217375550433,0.24261075908378757,0.11264626847351072,1,1
9b1d142bd9a9,0.12,0.66,0.14666666666666667,0.07333333333333333,1,2
9b1e813ea349,0.27666666666666667,0.44666666666666666,0.21333333333333335,0.06333333333333334,2,4
9b350fdf9d64,0.4266666666666667,0.31666666666666665,0.2,0.056666666666666664,0,4
9b3748a1c634,0.49,0.2966666666666667,0.19333333333333333,0.02,0,4
9b4bd818dd00,0.17666666666666667,0.4666666666666667,0.22333333333333333,0.13333333333333333,1,3
9b5b8816a625,0.21333333333333335,0.5966666666666667,0.13333333333333333,0.056666666666666664,2,3
9b645ac3442b,0.2633333333333333,0.45,0.22666666666666666,0.06,1,4
9b6ddea1d71e,0.21666666666666667,0.4766666666666667,0.24666666666666667,0.06,1,4
9b7abbb52fe9,0.056666666666666664,0.7433333333333333,0.15,0.05,1,2
9b978a92670c,0.32666666666666666,0.38666666666666666,0.19666666666666666,0.09,0,4
9ba12eba8ede,0.12666666666666668,0.5566666666666666,0.06,0.25666666666666665,1,0
9bc0baeae132,0.37,0.2866666666666667,0.24,0.10333333333333333,3,0
9bc1a2bcd4b7,0.19,0.56,0.21333333333333335,0.03666666666666667,1,0
9bee391e272c,0.18,0.61,0.14333333333333334,0.06666666666666667,1,4
9bfc747353b9,0.09401088817958465,0.4258217626878894,0.23516994868767327,0.24499740044485274,1,1
9c03092ea533,0.10666666666666667,0.6466666666666666,0.13333333333333333,0.11333333333333333,2,3
9c1f5a410926,0.13,0.5966666666666667,0.08333333333333333,0.19,2,0
9c7647d1c27a,0.4866666666666667,0.21,0.13666666666666666,0.16666666666666666,0,3
9c9195463881,0.44,0.33,0.10333333333333333,0.12666666666666668,1,2
9c95946da400,0.45666666666666667,0.4,0.11666666666666667,0.02666666666666667,2,3
9cb94320645e,0.53,0.30333333333333334,0.10666666666666667,0.06,1,3
9cceed954b94,0.22,0.33666666666666667,0.32666666666666666,0.11666666666666667,1,4
9cdcb56eaaae,0.32,0.48333333333333334,0.15333333333333332,0.043333333333333335,2,2
9cdd781b61ab,0.13,0.5733333333333334,0.17666666666666667,0.12,3,4
9cdeca924178,0.5701447521410301,0.11949325366166672,0.2012596270525809,0.10910236714472221,0,1
9cece086de6f,0.6266666666666667,0.16666666666666666,0.19,0.016666666666666666,0,0
9cef4ea2d3e6,0.3333333333333333,0.43333333333333335,0.2,0.03333333333333333,0,2
9cf41cd052f7,0.2833333333333333,0.44,0.20666666666666667,0.07,0,0
9d0157caf088,0.49666666666666665,0.24,0.19666666666666666,0.06666666666666667,2,3
9d07514a1023,0.5866110992574576,0.12188230685555754,0.14982138988477536,0.1416852040022095,1,1
9d17eb56c1ab,0.15,0.6733333333333333,0.12666666666666668,0.05,1,2
9d1c6d0be5b2,0.36,0.38666666666666666,0.13,0.12333333333333334,2,3
9d2251392b2d,0.21333333333333335,0.4866666666666667,0.21666666666666667,0.08333333333333333,1,3
9d2c1cb6203f,0.09,0.55,0.26,0.1,1,0
9d41436ab64b,0.30333333333333334,0.3933333333333333,0.19666666666666666,0.10666666666666667,2,4
9d46d14396b9,0.48,0.23666666666666666,0.18,0.10333333333333333,2,4
9d514ce429a7,0.1,0.6933333333333334,0.17333333333333334,0.03333333333333333,1,0
9d553ab91801,0.5663563030136148,0.12927833430485808,0.20677305432927082,0.09759230835225677,0,1
9d55b43150e5,0.5124582559679353,0.14404610517425348,0.21323806889503796,0.13025756996277338,2,1
9d5a724952f4,0.5733333333333334,0.19333333333333333,0.21,0.023333333333333334,0,0
9d5fb048b2e3,0.3933333333333333,0.3333333333333333,0.20666666666666667,0.06666666666666667,1,0
9d6647847383,0.18870400770741202,0.38330304335580595,0.3081749783100515,0.11981797062673052,1,1
9d66cc2c906f,0.38666666666666666,0.29333333333333333,0.27666666666666667,0.043333333333333335,0,2
9d85cfba99ae,0.21333333333333335,0.57,0.17,0.04666666666666667,1,4
9d8fb5abccc3,0.1,0.6766666666666666,0.16333333333333333,0.06,1,0
9da3efcced2e,0.10666666666666667,0.7233333333333334,0.11666666666666667,0.05333333333333334,1,0
9dc2ebecf986,0.2833333333333333,0.43333333333333335,0.17333333333333334,0.11,2,4
9ddd0027433b,0.10333333333333333,0.6266666666666667,0.16666666666666666,0.10333333333333333,2,2
9deb368bf67e,0.3,0.36333333333333334,0.25666666666666665,0.08,0,3
9e1b05a7acb8,0.38666666666666666,0.29333333333333333,0.22666666666666666,0.09333333333333334,1,0
9e203aeed99f,0.13,0.55,0.19,0.13,1,4
9e2ce8e735ab,0.14,0.54,0.25333333333333335,0.06666666666666667,0,3
9e344b8a4fdf,0.09333333333333334,0.64,0.19333333333333333,0.07333333333333333,3,2
9e3727c8eb64,0.17932632563120943,0.46588254420306585,0.20864977282997826,0.14614135733574665,1,1
9e49c8e24623,0.41333333333333333,0.39,0.14666666666666667,0.05,0,3
9e4d14c0491a,0.3093561080793944,0.24675657317181446,0.29449240104757046,0.14939491770122057,1,1
9e54c4048c29,0.45,0.2733333333333333,0.22333333333333333,0.05333333333333334,0,3
9e5cb858ff8a,0.45,0.35333333333333333,0.16,0.03666666666666667,0,2
9e5cdeb53c06,0.7066666666666667,0.14666666666666667,0.12,0.02666666666666667,0,0
9e61d18ded2f,0.10636507737787998,0.5047467896781482,0.2095118197852346,0.17937631315873687,1,1
9e649215f5a8,0.62,0.18,0.13,0.07,0,0
9e6e8142ca4f,0.3695679536814202,0.30017388321416194,0.222699249631273,0.10755891347314477,2,1
9e70afac2591,0.3933333333333333,0.26,0.2733333333333333,0.07333333333333333,2,4
9e99231860d5,0.11333333333333333,0.6933333333333334,0.13,0.06333333333333334,1,4
9eabf871003c,0.24861642105346216,0.3488161204570622,0.23106946050462995,0.17149799798484577,2,1
9ef4fd7b2557,0.14,0.6033333333333334,0.13,0.12666666666666668,1,3
9f0ec4c9eba3,0.12258859461361046,0.5456757050730908,0.20786380720558892,0.12387189310770982,2,1
9f18402a0625,0.22004807865716652,0.3687528975152452,0.2646223909582791,0.1465766328693091,2,1
9f2c8b935d12,0.2833333333333333,0.47,0.16,0.08666666666666667,1,3
9f46e9ceed53,0.5466666666666666,0.25,0.16333333333333333,0.04,0,3
9f61fffd8a09,0.27,0.41333333333333333,0.25,0.06666666666666667,0,4
9f95066c5136,0.18333333333333332,0.5566666666666666,0.17333333333333334,0.08666666666666667,1,0
9f980fd8cfa2,0.1937302953215857,0.504628002757376,0.18637714353666868,0.1152645583843694,1,1
9fa2ca50548e,0.14333333333333334,0.5233333333333333,0.2,0.13333333333333333,1,3
9faedba4b8f9,0.17333333333333334,0.4766666666666667,0.20333333333333334,0.14666666666666667,1,2
9fd6d2ef1078,0.2633333333333333,0.44,0.18333333333333332,0.11333333333333333,1,2
9fdc942fef5a,0.13333333333333333,0.48333333333333334,0.24666666666666667,0.13666666666666666,0,3
9fe9b5770dcb,0.43333333333333335,0.32,0.2,0.04666666666666667,2,2
9ff049a6b395,0.5,0.24333333333333335,0.17333333333333334,0.08333333333333333,1,2
9ffca298e56d,0.19666666666666666,0.4,0.17,0.23333333333333334,2,2
a00e889aef1b,0.3233333333333333,0.38333333333333336,0.18666666666666668,0.10666666666666667,0,3
a00ea9526864,0.15333333333333332,0.51,0.29333333333333333,0.043333333333333335,1,4
a010493089f1,0.27666666666666667,0.44333333333333336,0.2,0.08,3,3
a01635a34416,0.22,0.48,0.16333333333333333,0.13666666666666666,2,2
a0254bf8a96e,0.43666666666666665,0.2833333333333333,0.22333333333333333,0.056666666666666664,0,2
a03475617868,0.20931377957928768,0.32323116478047476,0.2849732099978785,0.18248184564235928,1,1
a039c3e66fe8,0.16,0.5766666666666667,0.17666666666666667,0.08666666666666667,1,0
a03daefd7f50,0.17333333333333334,0.5233333333333333,0.21,0.09333333333333334,1,0
a049406d1973,0.06333333333333334,0.7633333333333333,0.06,0.11333333333333333,2,3
a059024800d5,0.5,0.27666666666666667,0.16,0.06333333333333334,0,2
a05e3567f7f8,0.33,0.41,0.12333333333333334,0.13666666666666666,1,3
a0627abab45a,0.12333333333333334,0.6266666666666667,0.2,0.05,1,0
a072ab44ba69,0.30333333333333334,0.45,0.18,0.06666666666666667,1,0
a0927e51897c,0.2733333333333333,0.44,0.22666666666666666,0.06,1,3
a0aeed6297e4,0.27,0.41333333333333333,0.15666666666666668,0.16,2,2
a0cb0b96fb3d,0.46,0.2733333333333333,0.15333333333333332,0.11333333333333333,1,4
a0ee0882a1af,0.5566666666666666,0.25666666666666665,0.14,0.04666666666666667,2,0
a0f781c851b5,0.1885038912021959,0.31554171668351405,0.25963694448033353,0.23631744763395648,0,1
a0fa0c688236,0.09,0.6566666666666666,0.21333333333333335,0.04,2,4
a0fa7251455a,0.38333333333333336,0.35,0.2,0.06666666666666667,1,0
a1052bbfc9b1,0.31,0.4266666666666667,0.18333333333333332,0.08,2,3
a12376c1eb75,0.4066666666666667,0.31,0.17333333333333334,0.11,2,2
a12656e39aaa,0.14,0.58,0.2,0.08,1,3
a129df480e7f,0.30666666666666664,0.43,0.16333333333333333,0.1,0,2
a12f0ab3d7ed,0.22,0.5566666666666666,0.11333333333333333,0.11,1,0
a15ae5112312,0.2201695274485177,0.23514663655616072,0.30749251410344464,0.23719132189187714,2,1
a170d9c2a410,0.19333333333333333,0.45,0.22333333333333333,0.13333333333333333,1,3
a173eb366e83,0.18,0.5833333333333334,0.17666666666666667,0.06,1,4
a17c8a3c6416,0.30333333333333334,0.33666666666666667,0.30333333333333334,0.056666666666666664,2,2
a17dffb1dcf9,0.24,0.4866666666666667,0.15,0.12333333333333334,3,0
a180e392df12,0.31666666666666665,0.32,0.17333333333333334,0.19,0,4
a1844a4ba6f2,0.2505476099370726,0.36378439188351025,0.1824990049060362,0.20316899327338153,1,1
a1864aaf556e,0.28,0.5066666666666667,0.15333333333333332,0.06,1,0
a19382e3cce5,0.24333333333333335,0.4166666666666667,0.25,0.09,1,0
a1a0ff86b50f,0.16182585451949968,0.5053396023137458,0.20681185752299028,0.12602268564376465,1,1
a1adb406b342,0.09333333333333334,0.6566666666666666,0.20666666666666667,0.043333333333333335,1,2
a1ae5f6f0d47,0.06,0.7,0.19,0.05,1,4
a1cc057809db,0.39,0.3,0.20333333333333334,0.10666666666666667,1,2
a1d3defcc10e,0.2833333333333333,0.35333333333333333,0.27,0.09333333333333334,3,2
a1d3ecf7c3d7,0.31333333333333335,0.36333333333333334,0.17,0.15333333333333332,0,4
a1df5617626b,0.17333333333333334,0.5666666666666667,0.15333333333333332,0.10666666666666667,1,3
a1f9e53e9270,0.4266666666666667,0.36333333333333334,0.14333333333333334,0.06666666666666667,2,4
a1fca1702255,0.2833333333333333,0.35333333333333333,0.22333333333333333,0.14,0,4
a2040274d57b,0.17,0.4866666666666667,0.18666666666666668,0.15666666666666668,1,3
a20916a9f4fe,0.29333333333333333,0.47333333333333333,0.14333333333333334,0.09,2,2
a20c8c388d36,0.15,0.6166666666666667,0.16,0.07333333333333333,1,3
a20f42a2f5b0,0.14666666666666667,0.62,0.12,0.11333333333333333,1,2
a21b244030e1,0.3466666666666667,0.30666666666666664,0.21,0.13666666666666666,0,3
a21d04e8fbe1,0.2,0.5666666666666667,0.18666666666666668,0.04666666666666667,0,0
a241b8b55623,0.2733333333333333,0.42333333333333334,0.19,0.11333333333333333,1,0
a25113d5cb14,0.44666666666666666,0.22666666666666666,0.22,0.10666666666666667,0,3
a26315a4a01f,0.20333333333333334,0.48,0.25666666666666665,0.06,2,4
a26c23e61853,0.1905293747847171,0.3825724268590777,0.27793408355467014,0.14896411480153507,2,1
a27ab5ca843e,0.18,0.49666666666666665,0.19666666666666666,0.12666666666666668,3,3
a286861ce88f,0.5203263297325664,0.14098164375083252,0.20355462712850855,0.1351373993880929,0,1
a286afd80fbe,0.56,0.23,0.17666666666666667,0.03333333333333333,0,2
a292b1d0cce3,0.09666666666666666,0.62,0.20666666666666667,0.07666666666666666,1,2
a29b6e721a2d,0.5133333333333333,0.25,0.14666666666666667,0.09,0,2
a29dd9b40ef0,0.19333333333333333,0.6033333333333334,0.14,0.06333333333333334,1,0
a2b155b28828,0.3,0.43333333333333335,0.13,0.13666666666666666,1,0
a2c18811ac63,0.43,0.3233333333333333,0.20666666666666667,0.04,0,4
a2c441a9a2fa,0.32992124718067456,0.3174714597079801,0.23188795529716819,0.12071933781417732,0,1
a2ca59370337,0.24333333333333335,0.45,0.25,0.056666666666666664,2,4
a2dab8d548ca,0.12,0.5866666666666667,0.22,0.07333333333333333,3,0
a2e68abf134c,0.09333333333333334,0.6233333333333333,0.17333333333333334,0.11,1,2
a2ea009b52fd,0.15666666666666668,0.5166666666666667,0.23,0.09666666666666666,1,2
a2f3fa59d0cf,0.15,0.5666666666666667,0.19333333333333333,0.09,0,2
a2fd15d23a65,0.3404755274846858,0.288427009710441,0.24565187479134276,0.12544558801353056,0,1
a2fd48c105c1,0.2633333333333333,0.32,0.2833333333333333,0.13333333333333333,2,3
a30df02de39d,0.4766666666666667,0.38666666666666666,0.11333333333333333,0.023333333333333334,0,2
a312d66f0f1c,0.12,0.5733333333333334,0.2,0.10666666666666667,1,2
a3262ea06be3,0.07666666666666666,0.7566666666666667,0.12333333333333334,0.043333333333333335,1,3
a335674d8416,0.3521566629447533,0.2700122914633112,0.20041164139021111,0.17741940420172425,0,1
a33697e797cc,0.17666666666666667,0.5166666666666667,0.17333333333333334,0.13333333333333333,2,2
a336bfc009da,0.20666666666666667,0.5033333333333333,0.23,0.06,2,4
a3385095361e,0.15133241779582074,0.42535598084720466,0.29747037580511737,0.12584122555185737,1,1
a33d67387cbb,0.4866666666666667,0.26666666666666666,0.11666666666666667,0.13,0,3
a34bfa3e0298,0.06666666666666667,0.66,0.17333333333333334,0.1,1,4
a34fefe62a8c,0.46,0.20333333333333334,0.23666666666666666,0.1,1,4
a375e7272183,0.11666666666666667,0.57,0.25666666666666665,0.056666666666666664,1,2
a3816b3911d8,0.7133333333333334,0.19333333333333333,0.08,0.013333333333333334,0,2
a39c8877e5f3,0.2633333333333333,0.4066666666666667,0.18333333333333332,0.14666666666666667,3,0
a3a97e9826f2,0.13,0.6433333333333333,0.15333333333333332,0.07333333333333333,1,0
a3b3e87e80c5,0.23666666666666666,0.48,0.17666666666666667,0.10666666666666667,3,0
a3ca77fe7d3e,0.31666666666666665,0.36666666666666664,0.21333333333333335,0.10333333333333333,0,0
a3e0a4f98acf,0.08666666666666667,0.6833333333333333,0.12666666666666668,0.10333333333333333,1,0
a3f6bc388702,0.5366666666666666,0.25666666666666665,0.16666666666666666,0.04,0,0
a3f959cfb652,0.2833333333333333,0.4533333333333333,0.19666666666666666,0.06666666666666667,0,3
a40024c82acc,0.33666666666666667,0.43333333333333335,0.16666666666666666,0.06333333333333334,0,4
a40158c68404,0.7366666666666667,0.09,0.13,0.043333333333333335,3,0
a417b008dd8c,0.19333333333333333,0.5833333333333334,0.14,0.08333333333333333,1,0
a41ae95d5d0f,0.10666666666666667,0.5633333333333334,0.24,0.09,1,2
a421f856fe02,0.16333333333333333,0.5766666666666667,0.17,0.09,1,3
a42ae62f7181,0.04,0.78,0.13666666666666666,0.043333333333333335,1,4
a435175b518a,0.28,0.52,0.15,0.05,1,2
a4429932fae7,0.36,0.4166666666666667,0.15666666666666668,0.06666666666666667,0,3
a44afa4fa73d,0.6733333333333333,0.18666666666666668,0.11333333333333333,0.02666666666666667,0,0
a45728df9fa0,0.19422174834866693,0.33221924417226395,0.23783889208308207,0.23572011539598686,1,1
a45b8266678e,0.12666666666666668,0.68,0.14333333333333334,0.05,2,2
a45fbd22e4b2,0.47473179340835553,0.22917442116097902,0.21218999916272238,0.08390378626794281,2,1
a47390d298a2,0.2024009703648344,0.33329364638280845,0.24639755842471445,0.217907824827643,2,1
a47b48392e9d,0.23666666666666666,0.42333333333333334,0.23666666666666666,0.10333333333333333,1,0
a4856003f5c1,0.3333333333333333,0.38,0.20333333333333334,0.08333333333333333,1,3
a4a423ac8d91,0.18333333333333332,0.5533333333333333,0.19666666666666666,0.06666666666666667,3,2
a4a51116a876,0.29,0.48333333333333334,0.15333333333333332,0.07333333333333333,0,4
a4b311d1dc4b,0.6266666666666667,0.13333333333333333,0.2,0.04,0,4
a4b902e30c61,0.21333333333333335,0.47333333333333333,0.27,0.043333333333333335,0,4
a4bf95ce9c17,0.14333333333333334,0.6033333333333334,0.17333333333333334,0.08,1,4
a4c2231544cb,0.14333333333333334,0.5533333333333333,0.22333333333333333,0.08,1,3
a4c81006c600,0.38333333333333336,0.3,0.19333333333333333,0.12333333333333334,2,4
a4cb6223131e,0.25333333333333335,0.49,0.19333333333333333,0.06333333333333334,2,0
a4cc472d2a30,0.14577783194801175,0.4630982691299451,0.21485666143057733,0.17626723749146647,0,1
a4db0d4869c5,0.30353618833585205,0.2709575514312777,0.22863118214517858,0.19687507808769159,1,1
a4e94133d95a,0.15666666666666668,0.5566666666666666,0.21666666666666667,0.07,1,0
a4fa1a3f4931,0.35,0.38,0.21333333333333335,0.056666666666666664,0,3
a50b43f24453,0.12666666666666668,0.46,0.23666666666666666,0.17666666666666667,1,2
a516d0dd7c9e,0.4,0.26,0.27,0.07,1,3
a5203b903444,0.23,0.39666666666666667,0.21,0.16333333333333333,3,2
a52265dec2ad,0.13,0.5566666666666666,0.22333333333333333,0.09,0,4
a52862899ae4,0.630399330361525,0.11174423897713572,0.1689256471127178,0.08893078354862201,0,1
a5303f2a4c73,0.10934696129570952,0.29623452529964395,0.3592761667407875,0.2351423466638585,1,1
a5305e516c54,0.20666666666666667,0.5133333333333333,0.17666666666666667,0.10333333333333333,3,3
a5400b659f7f,0.09426624863230336,0.5869386496679885,0.2190635681714669,0.09973153352824138,1,1
a541ccade574,0.4033333333333333,0.29,0.2,0.10666666666666667,2,3
a54e0662895a,0.3566666666666667,0.40380672543258245,0.18,0.0595266079007509,0,0
a5591a2fd5d8,0.23849888968360355,0.28083332462545946,0.27606177717917074,0.2046060085117663,1,1
a562e6aaeed3,0.18333333333333332,0.4866666666666667,0.2633333333333333,0.06666666666666667,1,4
a5656b78cc0e,0.07666666666666666,0.7333333333333333,0.13333333333333333,0.056666666666666664,1,0
a56a373f11f7,0.38666666666666666,0.2966666666666667,0.25333333333333335,0.06333333333333334,0,0
a57441f93f98,0.12666666666666668,0.5333333333333333,0.25,0.09,2,3
a5810f9d2099,0.3,0.3933333333333333,0.21333333333333335,0.09333333333333334,0,3
a588a2d63baa,0.10333333333333333,0.6266666666666667,0.12666666666666668,0.14333333333333334,1,4
a5958238aa4f,0.56,0.21,0.16,0.07,0,2
a5af28176585,0.22,0.57,0.16,0.05,1,0
a5b9482cfa77,0.14666666666666667,0.52,0.21333333333333335,0.12,1,4
a5c349de688d,0.204557303433939,0.29159071484370985,0.3148333754473218,0.18901860627502928,1,1
a5cbe7d78172,0.1,0.6233333333333333,0.16666666666666666,0.11,1,0
a5cd73b4850d,0.4166666666666667,0.36,0.12333333333333334,0.1,2,2
a5e58b48fde6,0.12333333333333334,0.5266666666666666,0.32666666666666666,0.023333333333333334,1,2
a6053c14099b,0.3233333333333333,0.4066666666666667,0.17333333333333334,0.09666666666666666,1,2
a606d1cb54cf,0.22,0.48,0.13,0.17,1,4
a6393aff012f,0.4,0.3433333333333333,0.18,0.07666666666666666,2,2
a65bcb6bbd21,0.20181417964743087,0.3851862342155962,0.255814609554349,0.15718497658262434,1,1
a67f882788f7,0.13,0.5766666666666667,0.23,0.06333333333333334,2,0
a68885796918,0.18666666666666668,0.53,0.20666666666666667,0.07666666666666666,3,0
a68ac3632126,0.14333333333333334,0.6233333333333333,0.15333333333333332,0.08,2,0
a6c79f136694,0.5366666666666666,0.24,0.15333333333333332,0.07,0,4
a6e088644d5d,0.24666666666666667,0.4633333333333333,0.18,0.11,0,3
a6ee878fe655,0.15333333333333332,0.5666666666666667,0.19,0.09,1,0
a7030c1f5a47,0.24333333333333335,0.54,0.15,0.06666666666666667,1,2
a706d8ac9dbd,0.10333333333333333,0.55,0.26666666666666666,0.08,2,4
a70bc81f81c0,0.19333333333333333,0.46,0.22333333333333333,0.12333333333333334,1,0
a70d50759dfb,0.13048915692811855,0.40608346513130406,0.19028726906980642,0.2731401088707711,1,1
a71df1f07bde,0.13144139538682503,0.5005324509095047,0.22042608960561969,0.14760006409805063,1,1
a7289f35fab3,0.4,0.30666666666666664,0.24666666666666667,0.04666666666666667,0,2
a7335b2f9815,0.5611909387189234,0.1615145003222355,0.19036168679665222,0.0869328741621886,2,1
a73d9e158691,0.2205381079616692,0.35452666069673405,0.226312337968331,0.19862289337326547,1,1
a74fe5607fb8,0.1452092626536665,0.5380468214111597,0.20482078859221287,0.11192312734296127,1,1
a76a593c467d,0.16333333333333333,0.5866666666666667,0.20666666666666667,0.043333333333333335,0,2
a791b775061f,0.31333333333333335,0.43,0.17333333333333334,0.08333333333333333,1,0
a7931ddb1010,0.21785651325670324,0.2887547743574424,0.3450498866209643,0.14833882576489016,3,1
a7b4d14caf36,0.37333333333333335,0.31333333333333335,0.23333333333333334,0.08,1,0
a7c0ee2766f9,0.3233333333333333,0.4666666666666667,0.12666666666666668,0.08333333333333333,1,3
a7c66f4267fd,0.22,0.48,0.21,0.09,1,2
a7d2a7380ba6,0.18333333333333332,0.6033333333333334,0.13666666666666666,0.07666666666666666,1,4
a7e94066fbf8,0.266671771467494,0.36485238902026096,0.2465464904714735,0.12192934904077163,2,1
a7f1ea850ad8,0.43,0.3233333333333333,0.17,0.07666666666666666,1,4
a803abc3bd58,0.5133333333333333,0.24,0.17333333333333334,0.07333333333333333,0,0
a80f1386b01b,0.4033333333333333,0.31666666666666665,0.22333333333333333,0.056666666666666664,0,2
a81e1c6fc22e,0.19,0.4866666666666667,0.25333333333333335,0.07,0,3
a820390aef69,0.46940206561180287,0.1885331917762717,0.2275454247338882,0.11451931787803762,0,1
a8351982c575,0.41,0.28,0.24666666666666667,0.06333333333333334,0,3
a842d9e96828,0.27666666666666667,0.43,0.22666666666666666,0.06666666666666667,2,3
a84d1f0c2ea2,0.3325712659887898,0.22417512858331914,0.28454667772303477,0.1587069277048566,0,1
a85adc24df0a,0.23333333333333334,0.4666666666666667,0.14,0.16,0,2
a862fd88bd49,0.46,0.31666666666666665,0.18333333333333332,0.04,2,2
a86697ca60f2,0.14666666666666667,0.5833333333333334,0.14666666666666667,0.12333333333333334,1,4
a87414206bcf,0.3227476731733964,0.33361469773302577,0.18186895594341843,0.16176867315015905,0,1
a874435f5b2d,0.10333333333333333,0.66,0.15333333333333332,0.08333333333333333,1,2
a87879343eb4,0.16333333333333333,0.6066666666666667,0.15,0.08,1,0
a880ba760a7f,0.1,0.68,0.14666666666666667,0.07333333333333333,1,2
a88363cb1f70,0.20333333333333334,0.5033333333333333,0.18666666666666668,0.10666666666666667,0,4
a891e4625f8f,0.2833333333333333,0.43666666666666665,0.22666666666666666,0.05333333333333334,0,4
a89c1f3470e1,0.2,0.5233333333333333,0.20333333333333334,0.07333333333333333,2,0
a89d9679bdf0,0.21192673127430559,0.34025027705036986,0.2890622706510595,0.15876072102426492,1,1
a89df9ce879b,0.24862933559148995,0.3179676288278163,0.30953201840785594,0.12387101717283762,1,1
a8a91d572566,0.16666666666666666,0.37666666666666665,0.20666666666666667,0.25,1,2
a8aa15852dfa,0.23666666666666666,0.49333333333333335,0.16,0.11,1,2
a8ad69453683,0.11,0.5233333333333333,0.24666666666666667,0.12,1,3
a8b36d06c030,0.07333333333333333,0.61,0.18666666666666668,0.13,1,3
a8c60c0ef43e,0.36,0.37666666666666665,0.20666666666666667,0.056666666666666664,2,2
a8f1280e52ba,0.5,0.2733333333333333,0.17333333333333334,0.05333333333333334,0,3
a8f1c2912768,0.16666666666666666,0.6266666666666667,0.15333333333333332,0.05333333333333334,2,3
a907108f72e7,0.3516766136586266,0.25572196072335646,0.26125769385866254,0.13134373175935438,0,1
a90de7edd9b7,0.6166666666666667,0.23333333333333334,0.12333333333333334,0.02666666666666667,2,2
a91f96dac3cd,0.09666666666666666,0.6666666666666666,0.14,0.09666666666666666,1,2
a93183bb781c,0.36666666666666664,0.30666666666666664,0.19,0.13666666666666666,0,0
a937614104e3,0.64,0.21,0.12333333333333334,0.02666666666666667,0,4
a93eef7b3676,0.2762600609727766,0.22417557386556594,0.3347472780671691,0.16481708709448828,0,1
a9414722ad35,0.8133333333333334,0.07333333333333333,0.08,0.03333333333333333,2,0
a94358cbd9f3,0.36333333333333334,0.33,0.21333333333333335,0.09333333333333334,2,2
a94e15ea47c9,0.2866666666666667,0.31,0.24666666666666667,0.15666666666666668,0,3
a95bcd8ba9ad,0.32666666666666666,0.4033333333333333,0.19333333333333333,0.07666666666666666,0,3
a96e94314925,0.20177143258218877,0.36817102243819694,0.2634924450842898,0.16656509989532398,1,1
a96f2b221dd0,0.1973762546919887,0.38988664624676367,0.22803562290915863,0.18470147615208896,0,1
a9734406aa90,0.29333333333333333,0.37666666666666665,0.24666666666666667,0.08333333333333333,0,2
a97f1cd45b2b,0.07666666666666666,0.6666666666666666,0.15,0.10666666666666667,0,0
a98995d04eb3,0.51,0.23666666666666666,0.22333333333333333,0.03,2,2
a98a217fe57c,0.37,0.39666666666666667,0.17,0.06333333333333334,3,2
a99534146bde,0.47333333333333333,0.26,0.11666666666666667,0.15,0,3
a9a8f500fea0,0.18342078470176146,0.4021409480067849,0.18056238820328735,0.23387587908816618,2,1
a9ba9da7582a,0.25,0.48,0.18666666666666668,0.08333333333333333,1,3
a9d37ebfe0e8,0.18,0.5866666666666667,0.16,0.07333333333333333,1,3
a9df86ee71d5,0.1725960307747649,0.42740385882837095,0.21867126438519183,0.1813288460116721,1,1
a9ef2636d4ac,0.3067577304535045,0.3100473746913432,0.2029104966495194,0.18028439820563244,0,1
a9fcf78c3469,0.13333333333333333,0.5666666666666667,0.16,0.14,1,3
aa01253a3226,0.12333333333333334,0.6266666666666667,0.22333333333333333,0.02666666666666667,1,0
aa0420c82f8e,0.14666666666666667,0.5966666666666667,0.18333333333333332,0.07333333333333333,1,2
aa20aaac8504,0.36333333333333334,0.34,0.26666666666666666,0.03,3,2
aa6bbda8865b,0.16,0.5533333333333333,0.19333333333333333,0.09333333333333334,1,4
aa6f4d3e11d9,0.19333333333333333,0.4066666666666667,0.32,0.08,1,0
aa6f86d26781,0.21333333333333335,0.45666666666666667,0.19666666666666666,0.13333333333333333,2,2
aa749b4d6cdd,0.2733333333333333,0.58,0.09,0.056666666666666664,1,0
aa7cea654180,0.69,0.20333333333333334,0.07,0.03666666666666667,0,0
aa7dce7556b0,0.15841862971568998,0.3695664191834305,0.27155504596181623,0.20045990513906292,2,1
aab3267c0c17,0.65,0.18,0.15,0.02,2,2
aab84245d034,0.4866666666666667,0.23666666666666666,0.19333333333333333,0.08333333333333333,0,0
aabe07602051,0.23333333333333334,0.54,0.13666666666666666,0.09,1,0
aac325aaa28c,0.31666666666666665,0.3433333333333333,0.18666666666666668,0.15333333333333332,0,2
aacd7ff3bbae,0.14333333333333334,0.56,0.06333333333333334,0.23333333333333334,1,4
aaf19284ce23,0.11333333333333333,0.62,0.16666666666666666,0.1,1,3
aaf4645886fc,0.18666666666666668,0.4033333333333333,0.19666666666666666,0.21333333333333335,1,3
ab22e9457bfe,0.53,0.25333333333333335,0.15,0.06666666666666667,0,3
ab2560a15171,0.1755530841473204,0.391080761711354,0.3111766985634855,0.12218945557784015,1,1
ab2b4ff9c9e8,0.42,0.30333333333333334,0.18666666666666668,0.09,3,0
ab325bee36de,0.2929842519083574,0.26620364490473025,0.29699247532657586,0.14381962786033664,3,1
ab3a9cde6e06,0.45,0.30383056215360255,0.14666666666666667,0.0995027711797308,2,2
ab6ef957fd8c,0.5366666666666666,0.25333333333333335,0.16666666666666666,0.043333333333333335,1,4
ab8205541661,0.14333333333333334,0.5333333333333333,0.25333333333333335,0.07,1,4
abb899fcafc6,0.18,0.6366666666666667,0.10333333333333333,0.08,1,2
abcffc36ff79,0.28772553184969457,0.2817242098514125,0.21792704745770114,0.21262321084119185,1,1
abd0c3d9c5f6,0.66,0.18666666666666668,0.08666666666666667,0.06666666666666667,1,3
abdaeba121f8,0.07333333333333333,0.5333333333333333,0.11666666666666667,0.27666666666666667,1,2
abdb858bbb81,0.33,0.39666666666666667,0.19,0.08333333333333333,2,4
abe76d6fc929,0.06,0.7233333333333334,0.17333333333333334,0.043333333333333335,1,2
abf7cffb3176,0.5366666666666666,0.23,0.12666666666666668,0.10666666666666667,3,3
abfcd1e7c6d0,0.16333333333333333,0.44333333333333336,0.24333333333333335,0.15,1,2
ac150a3b291d,0.11,0.7266666666666667,0.056666666666666664,0.10666666666666667,1,3
ac3004ea0405,0.21333333333333335,0.5366666666666666,0.18333333333333332,0.06666666666666667,1,3
ac46cbde0e0e,0.21,0.3433333333333333,0.21333333333333335,0.23333333333333334,2,4
ac55dc119f5a,0.21666666666666667,0.5033333333333333,0.17666666666666667,0.10333333333333333,1,4
ac91c4c4a63e,0.6766666666666666,0.13333333333333333,0.14333333333333334,0.04666666666666667,0,4
ac9fa71e33c8,0.10333333333333333,0.6533333333333333,0.14666666666666667,0.09666666666666666,2,4
aca4d52c2f82,0.20333333333333334,0.4766666666666667,0.20333333333333334,0.11666666666666667,0,4
acacf54e2e13,0.19692236267384503,0.4358903041835392,0.23357048576027126,0.13361684738234442,1,1
acc1d221470b,0.13,0.57,0.2,0.1,1,3
accb3f0a6276,0.14666666666666667,0.6066666666666667,0.17333333333333334,0.07333333333333333,2,3
acd13733a711,0.12,0.6433333333333333,0.19666666666666666,0.04,1,4
acdc669b1e06,0.3185412586369821,0.280387854869999,0.2810440512480637,0.12002683524495521,0,1
aceb84a579e9,0.1893497450137368,0.37692660130098077,0.2768805190535992,0.1568431346316831,2,1
acec33076f73,0.21,0.53,0.15333333333333332,0.10666666666666667,1,4
acec4f0cbd17,0.18641675325715606,0.39207961303190353,0.3228955794429943,0.09860805426794644,1,1
acf13f7ab5d7,0.7266666666666667,0.13,0.1,0.043333333333333335,0,0
acf8c450efb2,0.09424805713153307,0.5422232932074821,0.24230883922278654,0.12121981043819802,1,1
ad057569e00c,0.3,0.38666666666666666,0.14666666666666667,0.16666666666666666,1,3
ad23cbda5b1c,0.14333333333333334,0.6304562737642586,0.16,0.06621039290240811,1,0
ad2e47a1a1f4,0.11403592111407929,0.47504538134750496,0.21385789389553964,0.1970608036428758,2,1
ad3ec5a0e7c9,0.13333333333333333,0.53,0.19333333333333333,0.14333333333333334,0,4
ad40119bb875,0.13333333333333333,0.4266666666666667,0.36333333333333334,0.07666666666666666,1,4
ad4e4f09c5f2,0.18333333333333332,0.5533333333333333,0.16333333333333333,0.1,2,4
ad5c640225b4,0.19,0.43,0.23666666666666666,0.14333333333333334,1,2
ad5ff8dc5e00,0.19666666666666666,0.5133333333333333,0.17666666666666667,0.11333333333333333,3,3
ad6bc3c59891,0.4866666666666667,0.2866666666666667,0.16666666666666666,0.06,0,3
ad6fb71d384a,0.3,0.46,0.17,0.07,0,2
ad97fa89b0b5,0.17666666666666667,0.5533333333333333,0.22666666666666666,0.043333333333333335,2,2
ad98b8875f75,0.22,0.43755555555555553,0.22,0.12244444444444445,3,2
ada4737c1d3f,0.22,0.4533333333333333,0.22666666666666666,0.1,1,0
adbc10bde10e,0.34,0.38666666666666666,0.18333333333333332,0.09,3,3
adc53823a49f,0.17,0.42,0.25666666666666665,0.15333333333333332,1,2
ade84200b83a,0.51,0.2833333333333333,0.14,0.06666666666666667,2,0
adee0c7ec155,0.13333333333333333,0.5433333333333333,0.24666666666666667,0.07666666666666666,1,2
ae12c55d7e47,0.5966666666666667,0.25,0.09666666666666666,0.056666666666666664,0,0
ae3a97ad1c07,0.36,0.3,0.18666666666666668,0.15333333333333332,0,3
ae3c8cba22ec,0.22,0.5133333333333333,0.16,0.10666666666666667,0,4
ae439b24ddc3,0.21666666666666667,0.5533333333333333,0.18666666666666668,0.043333333333333335,1,0
ae5b75e08fe8,0.28,0.39,0.2633333333333333,0.06666666666666667,1,0
ae601aa924ea,0.7566666666666667,0.13666666666666666,0.06666666666666667,0.04,0,2
ae6fdbc90bf6,0.2833333333333333,0.32,0.27666666666666667,0.12,0,3
ae70fa66b983,0.19,0.3571647885023681,0.21,0.24283521149763188,2,2
ae7519c9d04c,0.11080986615152857,0.5645837898475066,0.15887546580303064,0.16573087819793428,1,1
ae9ae4deef75,0.16,0.5666666666666667,0.19666666666666666,0.07666666666666666,2,0
aeb8b1d755ab,0.18666666666666668,0.39,0.22333333333333333,0.2,2,3
aec0c258907d,0.29333333333333333,0.37666666666666665,0.23333333333333334,0.09666666666666666,3,4
aed115d939ff,0.43333333333333335,0.35,0.15666666666666668,0.06,2,4
aed885bf91c3,0.11666666666666667,0.5733333333333334,0.18,0.13,1,4
aee6f16805c5,0.45666666666666667,0.22666666666666666,0.23666666666666666,0.08,3,4
aef234262d84,0.15666666666666668,0.5766666666666667,0.18333333333333332,0.08333333333333333,1,0
aef7218aa071,0.07,0.7566666666666667,0.14666666666666667,0.02666666666666667,1,4
af0e1211b9c6,0.53,0.2833333333333333,0.14,0.04666666666666667,0,0
af0f0c129645,0.72,0.13666666666666666,0.10333333333333333,0.04,0,4
af481c1cf248,0.11666666666666667,0.6966666666666667,0.13333333333333333,0.05333333333333334,3,4
af571ffc5313,0.3433333333333333,0.4033333333333333,0.17,0.08333333333333333,0,4
af7f93704ff3,0.3,0.43,0.23,0.04,0,2
af93e125375c,0.2856856946109285,0.2715436434258441,0.2622877411348385,0.18048292082838918,1,1
af986679340b,0.09666666666666666,0.7233333333333334,0.14666666666666667,0.03333333333333333,1,4
afbb7840bab0,0.20333333333333334,0.4608277777777778,0.25,0.08583888888888888,1,4
afc2b295485b,0.27586511449107265,0.3261395215993393,0.2408715044773093,0.15712385943227902,3,1
afc40988867b,0.18333333333333332,0.5333333333333333,0.22333333333333333,0.06,3,3
afd34e28aba2,0.4766175021678144,0.18687173276496108,0.2312836974185628,0.10522706764866153,0,1
afdda33a1265,0.27064597247631644,0.2927442999743617,0.24240268210102775,0.19420704544829442,2,1
afe34bf97c4a,0.09666666666666666,0.6104938867438867,0.19333333333333333,0.09950611325611325,1,4
b00d45ea85f4,0.07333333333333333,0.6466666666666666,0.16666666666666666,0.11333333333333333,1,2
b031bc52f736,0.6361677539806035,0.10819037248368223,0.15789423679888573,0.09774763673682915,0,1
b032c22da2f7,0.3333333333333333,0.370975016798336,0.19666666666666666,0.09902498320166403,0,2
b04cbb8b7815,0.37333333333333335,0.3566666666666667,0.21,0.06,0,0
b06c31c60c7e,0.6419026296754827,0.13828114164296257,0.1651503083745945,0.054665920306960734,0,1
b07b1a96e24c,0.12333333333333334,0.55,0.24333333333333335,0.08333333333333333,1,3
b08ae0efd88e,0.08,0.7333333333333333,0.13666666666666666,0.05,1,3
b08f573ccdf4,0.28,0.47333333333333333,0.17,0.07666666666666666,3,3
b09b0258b2ae,0.18333333333333332,0.43666666666666665,0.31666666666666665,0.06333333333333334,1,0
b0b4d4ae4e0a,0.10666666666666667,0.6866666666666666,0.15,0.056666666666666664,1,2
b0be172528e7,0.17333333333333334,0.6233333333333333,0.15333333333333332,0.05,1,3
b0c72167073c,0.5033333333333333,0.29,0.12666666666666668,0.08,0,3
b0c942f7403e,0.6666666666666666,0.19333333333333333,0.09333333333333334,0.04666666666666667,0,4
b0d86dd860de,0.2,0.5833333333333334,0.18,0.03666666666666667,1,4
b0e043232ff9,0.22666666666666666,0.48,0.2,0.09333333333333334,1,4
b0e4f3d07735,0.2,0.48333333333333334,0.25666666666666665,0.06,0,0
b0e8205dc1ca,0.11,0.5766666666666667,0.14666666666666667,0.16666666666666666,1,0
b0ed9f24e855,0.24666666666666667,0.4,0.25,0.10333333333333333,0,4
b117715cbf64,0.25666666666666665,0.4633333333333333,0.17,0.11,1,4
b119ef635297,0.3233333333333333,0.3933333333333333,0.24666666666666667,0.03666666666666667,2,2
b121e6f58d1e,0.19666666666666666,0.47333333333333333,0.22,0.11,1,2
b12798f33ac5,0.18666666666666668,0.5733333333333334,0.18333333333333332,0.056666666666666664,1,0
b127e8b39bcc,0.2633333333333333,0.44666666666666666,0.24,0.05,0,4
b134a98f78d7,0.43,0.2833333333333333,0.18666666666666668,0.1,2,4
b13d71d1edde,0.14249945038099174,0.2944896284804418,0.32980239187471894,0.23320852926384736,2,1
b13f18dfaa08,0.15,0.61,0.14666666666666667,0.09333333333333334,1,3
b14d98b9ac8a,0.08,0.7566666666666667,0.12,0.043333333333333335,1,4
b1678815a5be,0.2798070297361455,0.2847795049822715,0.2500085528394451,0.18540491244213805,2,1
b167fbe5e1a6,0.29333333333333333,0.44,0.15,0.11666666666666667,2,4
b172a04e7bd1,0.14666666666666667,0.5266666666666666,0.22666666666666666,0.1,0,2
b185438c915c,0.41333333333333333,0.2833333333333333,0.17333333333333334,0.13,0,2
b19d188bd240,0.14,0.5933333333333334,0.14333333333333334,0.12333333333333334,2,2
b1a4fd2a22fd,0.19666666666666666,0.5233333333333333,0.22666666666666666,0.05333333333333334,2,0
b1a9bd35559d,0.46763937121520355,0.12687863738183583,0.22500680010155363,0.1804751913014072,0,1
b1afd60f2d1d,0.31666666666666665,0.35,0.23666666666666666,0.09666666666666666,3,4
b1c31c1e103a,0.6107041509882817,0.13906013120541677,0.14617778555622962,0.10405793225007165,1,1
b1ca7dd14da1,0.23333333333333334,0.4766666666666667,0.20333333333333334,0.08666666666666667,1,4
b1dd1ed88f54,0.35441565963884714,0.29065337897382776,0.2625839237250105,0.09234703766231502,2,1
b1dd8130cbf3,0.31,0.43,0.2,0.06,2,2
b1e74e9f7555,0.32,0.2733333333333333,0.31333333333333335,0.09333333333333334,1,3
b1edc75f25bd,0.5133333333333333,0.23333333333333334,0.17,0.08333333333333333,2,2
b1f21c64a26c,0.23,0.6566666666666666,0.09666666666666666,0.016666666666666666,1,4
b20646e12fbe,0.11333333333333333,0.6671852922286449,0.14,0.07948137443802183,2,2
b206fa11bca7,0.53,0.23,0.19666666666666666,0.043333333333333335,0,2
b227864cd72e,0.3433710365822731,0.2706311954735485,0.21760797490079242,0.16838979304338625,0,1
b23a892a29d8,0.47333333333333333,0.3466666666666667,0.16333333333333333,0.016666666666666666,0,3
b242d9b6f327,0.13666666666666666,0.7066666666666667,0.11666666666666667,0.04,2,3
b2626fe919b8,0.27,0.51,0.14333333333333334,0.07666666666666666,3,0
b266d836e091,0.18333333333333332,0.5266666666666666,0.14666666666666667,0.14333333333333334,1,2
b27172e0b2f1,0.08342773182699413,0.6523290447561471,0.17559690237664835,0.08864632104021043,2,1
b27e356820f7,0.12666666666666668,0.5066666666666667,0.21,0.15666666666666668,1,0
b27fe12f2fc0,0.48938721970108656,0.21045137780709708,0.14743795869478984,0.15272344379702668,0,1
b28ad4ebc3f5,0.1,0.6533333333333333,0.20666666666666667,0.04,1,0
b28ce384008f,0.25,0.5166666666666667,0.17,0.06333333333333334,1,0
b291fa8c6b02,0.25,0.4533333333333333,0.18,0.11666666666666667,2,3
b29bffb0d4a3,0.26666666666666666,0.3566666666666667,0.22333333333333333,0.15333333333333332,3,0
b2ad788bfc3b,0.16,0.55,0.21666666666666667,0.07333333333333333,1,4
b2b9fffd2865,0.2733333333333333,0.48,0.18666666666666668,0.06,1,3
b2bac61abbe2,0.39713928901399465,0.2721650270570745,0.2555037900356614,0.07519189389326908,0,1
b2e1d9261b55,0.5269480145680773,0.15811451966285267,0.18205613250502098,0.13288133326404908,0,1
b2ea554a013a,0.25,0.5266666666666666,0.15666666666666668,0.06666666666666667,1,4
b3034a39ab25,0.11666666666666667,0.6433333333333333,0.15666666666666668,0.08333333333333333,1,2
b30c87707a75,0.2129142418661275,0.3870538146261926,0.27029223643067035,0.12973970707700974,1,1
b32c3695dd40,0.13,0.4866666666666667,0.16333333333333333,0.22,3,2
b35b5e223ed1,0.16211961322364218,0.4205858825352976,0.263575139445579,0.15371936479548098,1,1
b36a47fb5f1f,0.23333333333333334,0.38333333333333336,0.29333333333333333,0.09,0,2
b3715ae5290f,0.3695332886798875,0.2342376435298994,0.24368368381045896,0.15254538397975398,0,1
b389d4881747,0.12321052501926602,0.4724661087095235,0.25951991398625873,0.14480345228495214,1,1
b394cd076dc9,0.23151946089503223,0.4274829669455723,0.2795687786737881,0.061428793485607425,1,1
b39b524d798f,0.39,0.31,0.20666666666666667,0.09333333333333334,0,3
b3c5eea8f3b6,0.056666666666666664,0.8133333333333334,0.1,0.03,1,3
b3cf474bee3b,0.2697236092009578,0.3198235902569982,0.2399466568912547,0.17050614365078942,0,1
b3d2c3f6ba5c,0.2,0.49666666666666665,0.24333333333333335,0.06,1,3
b3e4687e4793,0.18666666666666668,0.66,0.11333333333333333,0.04,3,2
b40c57c36cbf,0.19,0.49666666666666665,0.23333333333333334,0.08,1,3
b40f174f19a6,0.29,0.33666666666666667,0.2733333333333333,0.1,2,0
b41f3ff4504e,0.2733333333333333,0.4666666666666667,0.19333333333333333,0.06666666666666667,0,3
b437cb4c577e,0.27,0.5266666666666666,0.15333333333333332,0.05,0,2
b446d79ee8f1,0.15,0.6,0.16,0.09,1,2
b447179f34cf,0.67,0.19333333333333333,0.11333333333333333,0.023333333333333334,2,2
b449b8c43f5c,0.4899405796146482,0.1804839349917449,0.23290144942787785,0.09667403596572895,1,1
b45b05909f01,0.07740390795264963,0.6202755967098856,0.16334698574348694,0.13897350959397767,1,1
b47a01dbca0f,0.17666666666666667,0.5566666666666666,0.19333333333333333,0.07333333333333333,3,0
b49952dcdb83,0.27,0.36333333333333334,0.23333333333333334,0.13333333333333333,3,2
b4dc310fc95f,0.49419155388295927,0.2309136292667258,0.19708253166400644,0.07781228518630856,0,1
b4dcf0375a27,0.55,0.27,0.14,0.04,0,4
b4f16c10bd10,0.1,0.6466666666666666,0.16333333333333333,0.09,1,2
b4ffce3b60b9,0.24666666666666667,0.37666666666666665,0.23333333333333334,0.14333333333333334,2,4
b50ffb872dd3,0.24724190478917246,0.36527511845286076,0.17837628996372398,0.20910668679424277,1,1
b522753ecc9a,0.38,0.3433333333333333,0.17,0.10666666666666667,3,2
b524c80e729a,0.38,0.29,0.24,0.09,0,2
b54b96343f1d,0.49134625085386335,0.1741154980542424,0.18828778507488478,0.1462504660170091,1,1
b54bbad84888,0.26,0.43333333333333335,0.19,0.11666666666666667,3,0
b5582e7bcb41,0.5816882830653907,0.15517087948199132,0.1555971817363903,0.10754365571622758,0,1
b562944eb64a,0.13333333333333333,0.6433333333333333,0.17333333333333334,0.05,1,2
b568a6326154,0.2474747809526608,0.3261084437385543,0.25292870616615387,0.17348806914263126,1,1
b569148041f7,0.38666666666666666,0.35333333333333333,0.18333333333333332,0.07666666666666666,0,0
b57abcba61a3,0.22333333333333333,0.4633333333333333,0.18,0.13333333333333333,2,4
b58d8a8771c4,0.2633333333333333,0.43666666666666665,0.23333333333333334,0.06666666666666667,1,4
b5962d47cea2,0.18,0.5066666666666667,0.18666666666666668,0.12666666666666668,1,4
b59f90739827,0.16666666666666666,0.46,0.2966666666666667,0.07666666666666666,2,0
b5a166179242,0.26,0.4766666666666667,0.20666666666666667,0.056666666666666664,2,2
b5a1a36a6a17,0.20333333333333334,0.44,0.25333333333333335,0.10333333333333333,2,2
b5bc8aa87423,0.36666666666666664,0.42333333333333334,0.16333333333333333,0.04666666666666667,1,2
b5c9316de211,0.19333333333333333,0.37666666666666665,0.33666666666666667,0.09333333333333334,1,4
b5ced8a554bc,0.16,0.5933333333333334,0.12666666666666668,0.12,1,0
b5e67f04dd09,0.21667271264208335,0.32421795122189867,0.22071800450617593,0.2383913316298419,0,1
b5e8188b8e79,0.38666666666666666,0.2833333333333333,0.2866666666666667,0.043333333333333335,0,2
b611e772ca7e,0.08,0.6633333333333333,0.18,0.07666666666666666,1,3
b616aba4c37f,0.11333333333333333,0.6066666666666667,0.18,0.1,1,0
b61bfb1fdb36,0.10333333333333333,0.6766666666666666,0.14666666666666667,0.07333333333333333,1,3
b6219d540374,0.15592721651202068,0.4007316563101735,0.28066963177868687,0.16267149539911874,3,1
b6278022ae0b,0.6394531704832422,0.1164490078338275,0.17832585855044417,0.06577196313248602,0,1
b63076e4c6e9,0.17333333333333334,0.5666666666666667,0.15666666666666668,0.10333333333333333,1,0
b64ca770e9de,0.22333333333333333,0.5366666666666666,0.18666666666666668,0.05333333333333334,0,0
b65443c55896,0.41333333333333333,0.27,0.25333333333333335,0.06333333333333334,0,4
b65b351871ed,0.2966666666666667,0.36,0.23333333333333334,0.11,1,3
b665f2996ab9,0.2039795191567734,0.37794549465382804,0.24939146347863547,0.16868352271076295,3,1
b66a03d385b2,0.2950007118270203,0.29325960698871784,0.2070430288795641,0.20469665230469755,3,1
b66ff916214c,0.20666666666666667,0.5008841201716738,0.19,0.10244921316165952,1,0
b677082ee199,0.17333333333333334,0.5933333333333334,0.13666666666666666,0.09666666666666666,1,4
b69c11090417,0.44333333333333336,0.2633333333333333,0.17333333333333334,0.12,2,3
b6a175212044,0.08,0.6666666666666666,0.14,0.11333333333333333,2,3
b6a1aa419995,0.08666666666666667,0.7333333333333333,0.11666666666666667,0.06333333333333334,1,2
b6ad22a7487e,0.2,0.46107954545454544,0.21666666666666667,0.12225378787878786,1,2
b6b4bdf92b3f,0.14333333333333334,0.4633333333333333,0.27666666666666667,0.11666666666666667,1,2
b6b6ccce4a2b,0.4818434892652173,0.21288913218269712,0.20735964424291428,0.09790773430917125,0,1
b6d5e818679f,0.45666666666666667,0.31666666666666665,0.14666666666666667,0.08,1,0
b6dd2dfbfe52,0.14666666666666667,0.5766666666666667,0.21333333333333335,0.06333333333333334,1,0
b6e467a93579,0.11392581088187956,0.46765776795564934,0.2741708509029051,0.14424557025956583,1,1
b6eab0a3cd1b,0.38333333333333336,0.39666666666666667,0.15333333333333332,0.06666666666666667,3,3
b7065c7e72dd,0.2921521991646662,0.30829894775428873,0.28840217240944277,0.11114668067160188,2,1
b70f41a05b87,0.17612277116854494,0.4690975059969487,0.19434070706118553,0.16043901577332068,0,1
b714907cbdc7,0.2633333333333333,0.35333333333333333,0.27,0.11333333333333333,3,4
b7159866a9ad,0.31666666666666665,0.5004350577440279,0.12,0.0628982755893055,3,2
b72a1d6732d8,0.08666666666666667,0.67,0.16333333333333333,0.08,2,3
b7378896c37c,0.15666666666666668,0.6133333333333333,0.16666666666666666,0.06333333333333334,3,2
b73f2014a696,0.20600526474527675,0.3587983974287462,0.23700823558348869,0.19818810224248853,1,1
b744c6f3c22e,0.25333333333333335,0.5,0.19666666666666666,0.05,1,2
b74b3d2dd83d,0.22,0.5866666666666667,0.11333333333333333,0.08,3,3
b74f12b5ba5f,0.27,0.47,0.16,0.1,2,0
b7543bd8af0c,0.11525157244008748,0.46045101426243157,0.22872162348825342,0.19557578980922755,1,1
b770e72feae8,0.14333333333333334,0.6066666666666667,0.16,0.09,1,4
b776a1192e48,0.14,0.66,0.10666666666666667,0.09333333333333334,1,0
b790bca0f34c,0.30666666666666664,0.33666666666666667,0.22333333333333333,0.13333333333333333,3,2
b792f371d0e0,0.14,0.43333333333333335,0.31333333333333335,0.11333333333333333,2,4
b7a31943f6b6,0.35,0.39666666666666667,0.20666666666666667,0.04666666666666667,0,0
b7a4443ddd3e,0.32,0.39,0.2,0.09,2,3
b7a8295b6531,0.20742491826393142,0.43146755128939085,0.2407137079309863,0.12039382251569153,1,1
b7ab5977dc47,0.8,0.08666666666666667,0.06666666666666667,0.04666666666666667,0,0
b7b44d65e1e0,0.08333333333333333,0.6933333333333334,0.11333333333333333,0.11,1,3
b7bad61f1aed,0.77,0.09333333333333334,0.09666666666666666,0.04,0,0
b7bc624cf296,0.18666666666666668,0.4138223748773307,0.30333333333333334,0.09617762512266928,2,0
b7c96dfb1284,0.6166666666666667,0.2833333333333333,0.07,0.03,2,4
b7d22144ac7c,0.05333333333333334,0.8166666666666667,0.1,0.03,1,2
b80302d5de11,0.33666666666666667,0.4,0.24333333333333335,0.02,0,2
b807413abe93,0.27,0.4866666666666667,0.16,0.08333333333333333,0,4
b80f219a0a8b,0.12666666666666668,0.6066666666666667,0.21666666666666667,0.05,1,4
b81cbac55d0d,0.13,0.6133333333333333,0.19666666666666666,0.06,1,3
b82dd18307b0,0.3468066852811952,0.2570927804071162,0.23496818451193774,0.16113234979975066,1,1
b835688d7cc6,0.12,0.65,0.06666666666666667,0.16333333333333333,2,4
b840c460b426,0.5796977889973688,0.09283427546379536,0.21685979792681115,0.11060813761202437,0,1
b84c4b17a655,0.43595674331503065,0.2864154265419583,0.2015658133073683,0.07606201683564288,3,1
b8544e55f55e,0.15,0.5833333333333334,0.2,0.06666666666666667,1,4
b85454dbd9b1,0.32666666666666666,0.38,0.25333333333333335,0.04,2,4
b86b6912b970,0.27,0.45666666666666667,0.19333333333333333,0.08,1,4
b8727a84ded6,0.41333333333333333,0.41,0.10666666666666667,0.07,0,2
b878791caa1a,0.46,0.3233333333333333,0.14,0.07666666666666666,1,4
b87d30f0afbd,0.20666666666666667,0.36,0.3,0.13333333333333333,0,2
b89d2e52d790,0.2633333333333333,0.44,0.18,0.11666666666666667,0,3
b89d40fe2918,0.5866666666666667,0.24,0.12333333333333334,0.05,0,2
b8a9bf2fa391,0.34257664841818186,0.19858504708642774,0.2389278062144299,0.21991049828096057,1,1
b8e15549c0f4,0.14333333333333334,0.5433333333333333,0.20666666666666667,0.10666666666666667,1,3
b8e8e84eaafa,0.14,0.54,0.24,0.08,1,3
b8f4e76bbd2f,0.25666666666666665,0.36333333333333334,0.23666666666666666,0.14333333333333334,1,4
b8fafbc2ad5c,0.22333333333333333,0.57,0.13666666666666666,0.07,1,0
b92eb37d3456,0.13666666666666666,0.52,0.25666666666666665,0.08666666666666667,1,3
b93fcd443349,0.11,0.63,0.12333333333333334,0.13666666666666666,1,0
b949689a9ef1,0.17,0.4266666666666667,0.24666666666666667,0.15666666666666668,2,4
b94e0c41bcee,0.35,0.32666666666666666,0.23,0.09333333333333334,2,3
b972189fc63f,0.08333333333333333,0.7366666666666667,0.13333333333333333,0.04666666666666667,1,4
b97ba5f9676e,0.4766666666666667,0.21666666666666667,0.18666666666666668,0.12,0,2
b9835e921f4a,0.16,0.38,0.36,0.1,0,2
b999a7493ffc,0.3933333333333333,0.4,0.15333333333333332,0.05333333333333334,0,3
b99ab479998f,0.19333333333333333,0.54,0.11,0.15666666666666668,1,4
b9a84edbb4d7,0.24666666666666667,0.4666666666666667,0.18,0.10666666666666667,0,4
b9aa4efa289f,0.06,0.6933333333333334,0.21333333333333335,0.03333333333333333,2,2
b9b701be58a3,0.17666666666666667,0.4766666666666667,0.20666666666666667,0.14,0,4
b9b8a810f2d0,0.07585162775336952,0.563052178261947,0.286889562947599,0.07420663103708465,2,1
b9eeafea5c41,0.12666666666666668,0.5433333333333333,0.16666666666666666,0.16333333333333333,1,0
ba01c7ed330f,0.05333333333333334,0.64,0.18333333333333332,0.12333333333333334,1,3
ba07cc459be2,0.06333333333333334,0.8333333333333334,0.07666666666666666,0.02666666666666667,1,2
ba0d3ee90ce9,0.15,0.6866666666666666,0.14666666666666667,0.016666666666666666,1,2
ba29ba23321b,0.18,0.44,0.19666666666666666,0.18333333333333332,1,0
ba2b03725d21,0.31666666666666665,0.4166666666666667,0.19666666666666666,0.07,0,4
ba359fc9666f,0.2966666666666667,0.38666666666666666,0.18666666666666668,0.13,1,0
ba382e0d8931,0.24,0.4866666666666667,0.19,0.08333333333333333,1,2
ba401a51fdee,0.8166666666666667,0.06333333333333334,0.10666666666666667,0.013333333333333334,0,2
ba463f69de41,0.06333333333333334,0.7533333333333333,0.14,0.043333333333333335,1,4
ba482ec6743a,0.14333333333333334,0.6533333333333333,0.12333333333333334,0.08,1,0
ba4f73c2aff2,0.16666666666666666,0.5066666666666667,0.15,0.17666666666666667,2,3
ba50bfcf4757,0.29,0.42333333333333334,0.22,0.06666666666666667,3,3
ba54f0062738,0.29384358082061096,0.45711531912467296,0.17357052933123018,0.07547057072348581,1,1
ba72d9d6b562,0.5266666666666666,0.25,0.18333333333333332,0.04,0,4
ba7e0977f38b,0.3,0.44333333333333336,0.14,0.11666666666666667,0,3
ba7e67ba6f98,0.14,0.49666666666666665,0.22333333333333333,0.14,1,4
ba8f9647f1ca,0.3019791176269833,0.32915223425262735,0.22044202682013028,0.14842662130025902,1,1
bab9f823eb40,0.13,0.5866666666666667,0.19,0.09333333333333334,3,0
babc74e64174,0.71,0.19333333333333333,0.08,0.016666666666666666,0,4
babd2d68bb87,0.16666666666666666,0.5266666666666666,0.19333333333333333,0.11333333333333333,3,2
badb8a6379ac,0.27666666666666667,0.43,0.22666666666666666,0.06666666666666667,1,2
bae29add20cf,0.24666666666666667,0.41333333333333333,0.15666666666666668,0.18333333333333332,1,0
bae502afd0c2,0.41333333333333333,0.35,0.20666666666666667,0.03,0,3
bae643d12bd6,0.15666666666666668,0.5533333333333333,0.17333333333333334,0.11666666666666667,1,0
baf7f4d4a312,0.19333333333333333,0.44,0.22666666666666666,0.14,1,0
bafb7e87a1b9,0.2833333333333333,0.4166666666666667,0.19666666666666666,0.10333333333333333,0,3
bb251f790a9d,0.09333333333333334,0.6433333333333333,0.16,0.10333333333333333,1,3
bb268ee80de6,0.31815241424184704,0.29050503097484853,0.2812909337677767,0.11005162101552778,0,1
bb316c570dea,0.22666666666666666,0.44,0.10333333333333333,0.23,1,0
bb4e52abc3e7,0.16447785297345763,0.3359071348029592,0.2068127819580371,0.29280223026554636,1,1
bb5d71cc0b7c,0.28742037878248505,0.3460152186279114,0.27647140250315333,0.09009300008645026,0,1
bb676fbfcf2f,0.19227928718548698,0.5169268789683276,0.21133463472638697,0.0794591991197984,1,1
bb74de6c12d6,0.32666666666666666,0.38,0.18333333333333332,0.11,2,3
bb765720c618,0.05,0.7,0.18333333333333332,0.06666666666666667,1,4
bb8a2eded898,0.42696705408058816,0.2003736675260592,0.2385022077200494,0.1341570706733032,3,1
bb8d7ff318fd,0.53,0.26666666666666666,0.16,0.043333333333333335,0,3
bb8f28b5c369,0.6133333333333333,0.17333333333333334,0.11333333333333333,0.1,0,3
bba84cc338c3,0.15333333333333332,0.49333333333333335,0.23333333333333334,0.12,2,2
bbc14136a5cf,0.16666666666666666,0.47333333333333333,0.24666666666666667,0.11333333333333333,1,3
bbca377a9bed,0.47,0.23333333333333334,0.23,0.06666666666666667,0,3
bbd9439c6bac,0.23333333333333334,0.5166666666666667,0.17,0.08,1,0
bbe2678852f9,0.38,0.37666666666666665,0.12,0.12333333333333334,1,2
bbebf4a7d2df,0.6566666666666666,0.18666666666666668,0.13,0.02666666666666667,0,0
bbecf7f6c880,0.25309380945426246,0.3042619566799208,0.25345796472635446,0.18918626913946246,1,1
bbfcab526b80,0.24,0.27666666666666667,0.36,0.12333333333333334,2,2
bc086ebcfdd4,0.14478553538532946,0.5070498368431774,0.17664543250729223,0.17151919526420104,1,1
bc1596dfd0ec,0.17,0.6366666666666667,0.15333333333333332,0.04,1,4
bc18de2898c2,0.6266666666666667,0.19333333333333333,0.13,0.05,0,0
bc27460a2859,0.29333333333333333,0.44,0.2,0.06666666666666667,0,3
bc2b65a2e0e0,0.14333333333333334,0.3933333333333333,0.3233333333333333,0.14,1,4
bc3e009078ca,0.14666666666666667,0.66,0.09,0.10333333333333333,1,3
bc4f1a8bd241,0.38666666666666666,0.37333333333333335,0.18666666666666668,0.05333333333333334,0,3
bc5d38c88259,0.14666666666666667,0.62,0.15666666666666668,0.07666666666666666,1,0
bc641c321681,0.2966666666666667,0.5333333333333333,0.12,0.05,1,3
bc78728ff8a2,0.18098688161717552,0.47891005632237976,0.23366734280360826,0.10643571925683656,1,1
bc7b9c7f6db0,0.20936640666519793,0.3759437715604273,0.2686137006264668,0.14607612114790802,2,1
bc84d476388e,0.51,0.25666666666666665,0.15,0.08333333333333333,0,4
bcc7cc108014,0.1705342722460171,0.376441081823652,0.24257987202971956,0.210444773900611,2,1
bcd4b22a208f,0.5643592486464629,0.13951866808878113,0.15637717240638815,0.13974491085836793,0,1
bcdfafac68b7,0.495962800688064,0.1976078576028234,0.22340793817334978,0.08302140353576228,3,1
bce35dd6fafd,0.17666666666666667,0.59,0.15666666666666668,0.07666666666666666,0,2
bcee64e12aa2,0.16955996965865686,0.4135440555424761,0.23918152831835718,0.1777144464805098,1,1
bcfb73eb7ad5,0.25666666666666665,0.5466666666666666,0.11,0.08666666666666667,1,2
bcfeb0f76b80,0.15295271294098606,0.46047852381214616,0.2251388912912494,0.16142987195561848,0,1
bd0695952ade,0.41333333333333333,0.3333333333333333,0.17333333333333334,0.08,2,3
bd0783c01abc,0.3233333333333333,0.39,0.21333333333333335,0.07333333333333333,1,2
bd07eaf2191a,0.12624175108857622,0.4370851627542072,0.3001609117882678,0.1365121743689487,1,1
bd1003a23104,0.26,0.38666666666666666,0.20666666666666667,0.14666666666666667,2,0
bd65f1e9450d,0.09,0.49333333333333335,0.16666666666666666,0.25,1,0
bd7354e80f27,0.15921572555220598,0.4519846106194303,0.254808620100153,0.1339910437282106,0,1
bd9c555b3306,0.19269827537368162,0.3465858223470548,0.2773521578647067,0.18336374441455702,0,1
bda053990c9b,0.2971429550034891,0.17883920941963907,0.3474107281787505,0.17660710739812133,1,1
bda0602c708b,0.12333333333333334,0.6433333333333333,0.2,0.03333333333333333,3,3
bdaa322433dc,0.16,0.6433333333333333,0.14333333333333334,0.05333333333333334,1,4
bdb9c7c83922,0.2,0.4471544327931363,0.24666666666666667,0.106178900540197,3,0
bdc6b580adb7,0.4266666666666667,0.36,0.18,0.03333333333333333,3,0
bdd6949b330c,0.33158875684336214,0.27246188087110734,0.29047916910143223,0.10547019318409864,1,1
bdd87dcce3de,0.4,0.35,0.18,0.07,0,4
bddc88dfb40f,0.18,0.4666666666666667,0.29333333333333333,0.06,0,3
bde318b15e1e,0.26666666666666666,0.49666666666666665,0.17666666666666667,0.06,1,2
be0ebd3113b1,0.29333333333333333,0.48,0.14,0.08666666666666667,0,2
be10f1ab3655,0.10333333333333333,0.5133333333333333,0.24333333333333335,0.14,1,3
be16979f2071,0.37666666666666665,0.36,0.18666666666666668,0.07666666666666666,3,0
be1a7ddcc19d,0.21333333333333335,0.4533333333333333,0.24666666666666667,0.08666666666666667,1,0
be27e91fa4a7,0.2633333333333333,0.39,0.20666666666666667,0.14,2,2
be27ee4c4df3,0.39,0.38,0.17333333333333334,0.056666666666666664,2,0
be3713bb7bdf,0.20666666666666667,0.5333333333333333,0.22666666666666666,0.03333333333333333,1,3
be64cd408bf7,0.1798602672137947,0.4877666351215594,0.2158293349721735,0.11654376269247275,1,1
be71112b8c0e,0.12333333333333334,0.56,0.19666666666666666,0.12,2,0
be71d3607cf2,0.14,0.53,0.17666666666666667,0.15333333333333332,2,2
be7bfd0b2237,0.24666666666666667,0.4766666666666667,0.16666666666666666,0.11,1,4
be7ff7307411,0.21,0.45666666666666667,0.23666666666666666,0.09666666666666666,1,3
be8295a3e3f1,0.33,0.39666666666666667,0.19333333333333333,0.08,1,4
be86e0fdf9f3,0.1,0.6633333333333333,0.14666666666666667,0.09,1,3
be8966fdac91,0.21522625670962583,0.39222141730436155,0.3148643194026206,0.07768800658339205,0,1
be920463ac73,0.12,0.52,0.20333333333333334,0.15666666666666668,1,0
beb058ee419b,0.5266666666666666,0.17,0.21,0.09333333333333334,0,0
beb148677aba,0.1257169210244611,0.5170915346600351,0.20726987109929187,0.1499216732162122,1,1
beb39eada193,0.4633333333333333,0.25666666666666665,0.23666666666666666,0.043333333333333335,0,3
bebaafc7bfbe,0.18899748178733006,0.46238383655716336,0.21717510790501549,0.13144357375049112,2,1
bec6fb240456,0.12333333333333334,0.6466666666666666,0.12666666666666668,0.10333333333333333,1,4
bedd74e98d2e,0.8533333333333334,0.06,0.05333333333333334,0.03333333333333333,0,0
beeb9195fe52,0.12435981940451372,0.5601277963578833,0.16304721031008745,0.15246517392751588,1,1
bef9268e8897,0.32708957247766074,0.31363363134960565,0.2230308988208437,0.1362458973518903,1,1
befd9a5119eb,0.36666666666666664,0.44666666666666666,0.14666666666666667,0.04,1,4
bf0f4d0e3474,0.11333333333333333,0.5333333333333333,0.24666666666666667,0.10666666666666667,1,3
bf1a41bf2a35,0.12471835687923767,0.45269752094422483,0.2140730427759996,0.20851107940053806,1,1
bf21ae96901c,0.11,0.6133333333333333,0.21,0.06666666666666667,2,4
bf35d36cf961,0.21333333333333335,0.43,0.25,0.10666666666666667,3,2
bf3653da2444,0.34,0.42333333333333334,0.15333333333333332,0.08333333333333333,1,2
bf3ba5075cab,0.13666666666666666,0.5633333333333334,0.17666666666666667,0.12333333333333334,1,4
bf443fd8264c,0.14,0.5266666666666666,0.22333333333333333,0.11,2,0
bf503a60ff23,0.2633333333333333,0.34,0.19,0.20666666666666667,0,2
bf529579241b,0.59,0.22333333333333333,0.11333333333333333,0.07333333333333333,0,2
bf6bb812ec63,0.6866666666666666,0.16333333333333333,0.14,0.01,0,3
bf6f81be0705,0.24333333333333335,0.4266666666666667,0.21333333333333335,0.11666666666666667,0,3
bf6f84cba47f,0.19333333333333333,0.54,0.16333333333333333,0.10333333333333333,2,4
bf718904b796,0.16,0.57,0.16333333333333333,0.10666666666666667,1,2
bf88ddc2621c,0.09,0.7266666666666667,0.13,0.05333333333333334,1,3
bf89768fd788,0.36333333333333334,0.42333333333333334,0.16333333333333333,0.05,1,4
bf912917376f,0.36666666666666664,0.27666666666666667,0.22666666666666666,0.13,1,4
bf9f49c46709,0.14666666666666667,0.5933333333333334,0.14666666666666667,0.11333333333333333,1,2
bfb004fb2bb7,0.22480363525954938,0.34345192439754246,0.2163671188078468,0.21537732153506137,0,1
bfd9d34295ba,0.24333333333333335,0.4266666666666667,0.20333333333333334,0.12666666666666668,0,2
bfea52f3ba2e,0.04666666666666667,0.7333333333333333,0.14666666666666667,0.07333333333333333,1,4
bff5c52b5fdc,0.38333333333333336,0.31666666666666665,0.14,0.16,0,3
c0101bf708f1,0.26,0.4266666666666667,0.22333333333333333,0.09,3,3
c010f88a494b,0.2833333333333333,0.46,0.16333333333333333,0.09333333333333334,0,3
c01889462e54,0.16666666666666666,0.5966666666666667,0.20666666666666667,0.03,3,3
c01c4998eddd,0.43333333333333335,0.31333333333333335,0.21,0.043333333333333335,0,0
c0319257bdb1,0.1,0.6866666666666666,0.16666666666666666,0.04666666666666667,1,2
c0527255e849,0.13666666666666666,0.6633333333333333,0.09,0.11,1,3
c05506118d89,0.35333333333333333,0.4166666666666667,0.2,0.03,2,3
c065c89e797e,0.29333333333333333,0.31333333333333335,0.30333333333333334,0.09,0,0
c08ddce7c535,0.19666666666666666,0.44,0.2,0.16333333333333333,1,3
c08deac36ae6,0.24666666666666667,0.4533333333333333,0.24333333333333335,0.056666666666666664,3,4
c08f28069408,0.27666666666666667,0.5333333333333333,0.11,0.08,1,0
c0a5c404506f,0.22333333333333333,0.6066666666666667,0.12,0.05,1,2
c0b31c4ca617,0.27,0.4666666666666667,0.2,0.06333333333333334,2,4
c0b825a70867,0.36666666666666664,0.29333333333333333,0.29,0.05,2,3
c0be57645ef7,0.20992343659689666,0.5237704679596364,0.19092934770084172,0.07537674774262526,1,1
c0d6283aba70,0.11666666666666667,0.4866666666666667,0.22333333333333333,0.17333333333333334,2,3
c0e02c0cd817,0.3,0.43,0.18333333333333332,0.08666666666666667,0,4
c11804d10775,0.17333333333333334,0.5433333333333333,0.16333333333333333,0.12,1,4
c13f13201af8,0.3233333333333333,0.3333333333333333,0.24666666666666667,0.09666666666666666,2,0
c140fcf4dbce,0.6933333333333334,0.07666666666666666,0.15666666666666668,0.07333333333333333,0,0
c158be090c57,0.15666666666666668,0.63,0.11666666666666667,0.09666666666666666,1,4
c15c667317d8,0.17333333333333334,0.5733333333333334,0.16,0.09333333333333334,0,2
c15db163ce39,0.3566666666666667,0.3933333333333333,0.18666666666666668,0.06333333333333334,1,4
c18d22653598,0.09,0.65,0.22666666666666666,0.03333333333333333,1,4
c194eef4058d,0.3333333333333333,0.47333333333333333,0.13,0.06333333333333334,2,4
c1a4593e3210,0.5971128205751826,0.1659643499695662,0.1555420026503696,0.08138082680488178,0,1
c1b4cc5a3d82,0.31666666666666665,0.4666666666666667,0.12,0.09666666666666666,2,2
c1ba276f8ca1,0.43666666666666665,0.22666666666666666,0.22,0.11666666666666667,0,3
c1ba4d912111,0.23666666666666666,0.47333333333333333,0.19666666666666666,0.09333333333333334,1,4
c1d61c52bdfd,0.11100749599276911,0.48113789938354473,0.3044922628383203,0.10336234178536584,2,1
c1d724ba4d21,0.30333333333333334,0.4066666666666667,0.19,0.1,2,0
c1da0e5b5e7f,0.16,0.6633333333333333,0.12333333333333334,0.05333333333333334,1,3
c1ecb74c1260,0.13666666666666666,0.7133333333333334,0.1,0.05,1,2
c1f2fb51a794,0.17377918989148325,0.324769376027528,0.2812224349778331,0.2202289991031559,1,1
c2168febb64d,0.11362373804681958,0.5085500526396908,0.27548343391191193,0.10234277540157789,0,1
c21b75627e3b,0.58,0.21,0.1,0.11,2,3
c22387a717a0,0.10333333333333333,0.6033333333333334,0.22,0.07333333333333333,2,0
c229eccad476,0.2633333333333333,0.5266666666666666,0.14333333333333334,0.06666666666666667,1,0
c22d3ee72d3f,0.11666666666666667,0.6666666666666666,0.14,0.07666666666666666,2,2
c23033b658e0,0.23333333333333334,0.5033333333333333,0.19333333333333333,0.07,1,3
c2317b1e87a8,0.58,0.21,0.18333333333333332,0.02666666666666667,1,0
c2349438eb7d,0.37711861451401923,0.21340035702667098,0.19581634489693495,0.21366468356237475,2,1
c23f590fff4f,0.20333333333333334,0.44666666666666666,0.2866666666666667,0.06333333333333334,1,0
c24d4d4534d4,0.48048293849538065,0.18473241553669073,0.18859135794467013,0.1461932880232585,0,1
c24d9ce8858f,0.44666666666666666,0.36666666666666664,0.13666666666666666,0.05,1,4
c25107e62d1e,0.08336202684366284,0.6328684986391527,0.18547833051618415,0.09829114400100052,1,1
c251f8956347,0.14333333333333334,0.4266666666666667,0.28,0.15,1,2
c256d52076a4,0.17333333333333334,0.5366666666666666,0.25,0.04,1,4
c25d9133b16e,0.25666666666666665,0.4,0.2733333333333333,0.07,1,0
c26bc0272129,0.25677919320212,0.2087684210797661,0.22274384339616934,0.31170854232194456,0,1
c27577f295b8,0.5866666666666667,0.19333333333333333,0.21,0.01,2,4
c27f7fb9e1db,0.27666666666666667,0.36333333333333334,0.16,0.2,0,2
c29970048923,0.33,0.36333333333333334,0.22,0.08666666666666667,1,0
c2adb9afbb5f,0.22363474822646728,0.2619744333238238,0.3111821463776637,0.20320867207204496,0,1
c2c53475d6c8,0.25,0.46,0.19666666666666666,0.09333333333333334,2,4
c2d117c7b9fc,0.1,0.6133333333333333,0.19333333333333333,0.09333333333333334,1,4
c2f87da261ed,0.20666666666666667,0.5733333333333334,0.19,0.03,1,0
c3009b38115d,0.2343970926255191,0.352151049709711,0.2867970045628827,0.1266548531018868,1,1
c3107aac6a7d,0.15666666666666668,0.5633333333333334,0.12666666666666668,0.15333333333333332,1,3
c3200a1427a8,0.09666666666666666,0.6633333333333333,0.18666666666666668,0.05333333333333334,2,3
c32b58cf3fcf,0.21333333333333335,0.6233333333333333,0.12666666666666668,0.03666666666666667,1,3
c33551d1160d,0.16333333333333333,0.6233333333333333,0.17333333333333334,0.04,2,0
c336b6ddd31e,0.30666666666666664,0.37666666666666665,0.23,0.08666666666666667,1,3
c346c7718800,0.16333333333333333,0.5833333333333334,0.19,0.06333333333333334,3,3
c34c3d0cb965,0.13682792555090117,0.35676374548335416,0.23543013654267247,0.2709781924230721,1,1
c35596515b04,0.21666666666666667,0.52,0.18,0.08333333333333333,0,3
c36730438f84,0.5585814494711818,0.17720808386976428,0.18483289395430735,0.07937757270474706,0,1
c36802596bf8,0.25,0.41,0.23666666666666666,0.10333333333333333,2,2
c36cde17cd04,0.33566160207008444,0.27620947722342853,0.2350826255267604,0.15304629517972676,0,1
c3835f6d361a,0.15,0.61,0.19333333333333333,0.04666666666666667,2,4
c38afaf25923,0.22666666666666666,0.4866666666666667,0.18666666666666668,0.1,0,0
c39d68397d84,0.34078175513348297,0.2882051806138291,0.2751026759052388,0.09591038834744904,1,1
c3a48893191e,0.4033333333333333,0.31379536370903277,0.19,0.09287130295763389,0,0
c3b236f3b68d,0.6166666666666667,0.1,0.23666666666666666,0.04666666666666667,0,4
c3b54c0f1f3a,0.25666666666666665,0.47333333333333333,0.17333333333333334,0.09666666666666666,1,2
c3c51d97acf5,0.23333333333333334,0.5166666666666667,0.18666666666666668,0.06333333333333334,1,3
c3c8292e31e4,0.53,0.21666666666666667,0.15666666666666668,0.09666666666666666,0,3
c3cd6826fd20,0.26666666666666666,0.4506914298500783,0.14,0.142641903483255,2,4
c3d5876a73a1,0.32,0.41,0.20666666666666667,0.06333333333333334,2,2
c3da9334b162,0.141699766599502,0.3968188486063399,0.11089498859917576,0.35058639619498255,3,1
c3f453d9e744,0.043333333333333335,0.7866666666666666,0.12333333333333334,0.04666666666666667,1,0
c410870ee506,0.51,0.22666666666666666,0.14333333333333334,0.12,0,4
c41c937123f7,0.11,0.62,0.19,0.08,1,2
c4201775db63,0.21,0.43666666666666665,0.21666666666666667,0.13666666666666666,0,0
c4272626019e,0.2866666666666667,0.41333333333333333,0.13666666666666666,0.16333333333333333,0,4
c42bf9c1becb,0.2833333333333333,0.4,0.21,0.10666666666666667,0,4
c4328d32e545,0.2733333333333333,0.47,0.20666666666666667,0.05,1,2
c445c6365449,0.6133333333333333,0.22666666666666666,0.13666666666666666,0.023333333333333334,2,3
c45d664b2d3b,0.12,0.6633333333333333,0.12,0.09666666666666666,2,0
c471f279da8d,0.17,0.6333333333333333,0.07333333333333333,0.12333333333333334,0,3
c4749d8f848a,0.1,0.5433333333333333,0.28,0.07666666666666666,2,2
c474e013e0af,0.11666666666666667,0.6033333333333334,0.19333333333333333,0.08666666666666667,1,3
c4870e289de7,0.27,0.46,0.19,0.08,1,0
c48aac4f37c3,0.4266666666666667,0.31666666666666665,0.19,0.06666666666666667,1,3
c4a1e07b68b8,0.2833333333333333,0.42,0.18333333333333332,0.11333333333333333,0,4
c4ac6f824edf,0.24702396072011515,0.35916815473635394,0.22517673092113696,0.16863115362239406,3,1
c4b86ed06eba,0.12333333333333334,0.5533333333333333,0.23666666666666666,0.08666666666666667,1,4
c4bc22f2003f,0.39666666666666667,0.31666666666666665,0.19666666666666666,0.09,0,3
c4c9da010bb7,0.27666666666666667,0.43333333333333335,0.18333333333333332,0.10666666666666667,0,0
c4dceddea945,0.41,0.22,0.12,0.25,2,2
c4de7c5901ce,0.52,0.18666666666666668,0.25,0.043333333333333335,0,3
c4ded198c3f1,0.27,0.43333333333333335,0.24333333333333335,0.05333333333333334,1,3
c4fab7c2a354,0.33666666666666667,0.37333333333333335,0.18333333333333332,0.10666666666666667,2,4
c50020785833,0.6,0.24,0.12666666666666668,0.03333333333333333,0,0
c50278df84d0,0.15,0.5,0.21,0.14,0,3
c508e7ff4063,0.15,0.6033333333333334,0.14666666666666667,0.1,2,3
c50ade6786c1,0.19,0.58,0.18666666666666668,0.043333333333333335,1,4
c51701835609,0.30333333333333334,0.4033333333333333,0.19,0.10333333333333333,2,3
c52f27b9bff5,0.32232322628730437,0.2534260933741023,0.21823357434639148,0.2060171059922016,3,1
c539ad81cc2b,0.11666666666666667,0.5566666666666666,0.24,0.08666666666666667,1,0
c544a46adac8,0.12441370651254549,0.3329354461558303,0.38669216453511307,0.15595868279651118,1,1
c553748e7049,0.2,0.36,0.22333333333333333,0.21666666666666667,2,2
c55dcf172e5b,0.18,0.58,0.2,0.04,1,4
c5634cea013f,0.23333333333333334,0.5033333333333333,0.18666666666666668,0.07666666666666666,1,3
c56bbac149cc,0.25666666666666665,0.5033333333333333,0.18,0.06,1,4
c57c345cc6a1,0.38828200908157445,0.2106879758457114,0.2278719038432647,0.17315811122944952,2,1
c58d3494fd01,0.16,0.36333333333333334,0.38,0.09666666666666666,1,2
c58f890db01a,0.54,0.19,0.17666666666666667,0.09333333333333334,0,4
c5a5dd5ecc62,0.42,0.33,0.17666666666666667,0.07333333333333333,0,2
c5ae5513399f,0.3233333333333333,0.2866666666666667,0.26,0.13,1,0
c5af2a9953f1,0.19699145002344268,0.37646461128326025,0.22417813414100518,0.20236580455229186,1,1
c5bed0d55643,0.25333333333333335,0.42333333333333334,0.18666666666666668,0.13666666666666666,1,3
c5c7c1b15da4,0.13433469917208474,0.47518330845912354,0.24397449812074007,0.14650749424805168,1,1
c5f847a87bd2,0.4033333333333333,0.36333333333333334,0.18333333333333332,0.05,0,3
c612fea06981,0.15666666666666668,0.58,0.17,0.09333333333333334,2,3
c61ce24f4011,0.24878882220009685,0.36588194352558084,0.1977940094592485,0.18753522481507365,1,1
c631e5f031a9,0.1,0.69,0.15666666666666668,0.05333333333333334,1,0
c63c77cebf53,0.42837936844562297,0.2799310972553478,0.2306450928847307,0.0610444414142981,1,1
c640c29623c8,0.36333333333333334,0.31,0.26,0.06666666666666667,2,0
c640e58f2c3e,0.18333333333333332,0.49,0.18333333333333332,0.14333333333333334,0,4
c64a6fceed0e,0.14674625867810234,0.45697523104534543,0.27106200394780006,0.1252165063287523,1,1
c6583ca18178,0.30666666666666664,0.38333333333333336,0.2,0.11,1,3
c65ed6750934,0.12,0.66,0.11333333333333333,0.10666666666666667,1,3
c6621edbc480,0.2733333333333333,0.45,0.15,0.12666666666666668,1,4
c662e2746cbf,0.20701590261258934,0.3730923358668578,0.2543157744312358,0.16557598708931687,1,1
c671c042f2c2,0.12,0.6033333333333334,0.15666666666666668,0.12,1,2
c67a9e39ade5,0.45,0.23333333333333334,0.16,0.15666666666666668,1,3
c69bf860eb88,0.43,0.3233333333333333,0.16,0.08666666666666667,0,0
c6a376032cfd,0.47,0.24666666666666667,0.23,0.05333333333333334,2,0
c6a5e29975eb,0.4166666666666667,0.3933333333333333,0.17666666666666667,0.013333333333333334,1,4
c6ab9c7ba459,0.18333333333333332,0.41,0.23666666666666666,0.17,3,4
c6b1e11a8f4e,0.16333333333333333,0.4866666666666667,0.20666666666666667,0.14333333333333334,1,0
c6c5e04f3a24,0.4766666666666667,0.2733333333333333,0.12666666666666668,0.12333333333333334,3,2
c6d8c8e90ab4,0.09666666666666666,0.7133333333333334,0.14333333333333334,0.04666666666666667,1,2
c6db7683f622,0.3466666666666667,0.3466666666666667,0.20333333333333334,0.10333333333333333,2,2
c6deeff2bd56,0.3333333333333333,0.38666666666666666,0.22333333333333333,0.056666666666666664,2,0
c6e15cb1f2a8,0.17,0.5033333333333333,0.23,0.09666666666666666,1,4
c6e1b0f07d2b,0.13,0.5466666666666666,0.23333333333333334,0.09,1,0
c6e9ee8fbf4e,0.36333333333333334,0.2866666666666667,0.24333333333333335,0.10666666666666667,2,3
c6ed4ed3f93c,0.14333333333333334,0.6733333333333333,0.056666666666666664,0.12666666666666668,3,4
c6f036281ae4,0.4766666666666667,0.29333333333333333,0.19666666666666666,0.03333333333333333,1,0
c6f8052c3084,0.22333333333333333,0.4266666666666667,0.18333333333333332,0.16666666666666666,2,4
c6fd58768e03,0.55,0.18666666666666668,0.23333333333333334,0.03,2,0
c70369caef91,0.17181378935831274,0.4955343533652164,0.24385066297668156,0.08880119429978944,2,1
c712a4ef7476,0.24988705665381375,0.3883707581070273,0.22282280643085423,0.13891937880830485,2,1
c71c8eb2df69,0.13854236058784952,0.49486888349506375,0.25998168516377745,0.10660707075330947,1,1
c7291b008baf,0.33,0.4,0.18,0.09,2,0
c732dd163d0d,0.5286015036665892,0.15356225062939013,0.19764809861550944,0.1201881470885116,1,1
c7426be07170,0.2,0.38666666666666666,0.35,0.06333333333333334,1,4
c74b100b835f,0.5833333333333334,0.16333333333333333,0.15333333333333332,0.1,0,4
c74f9b3910a5,0.26,0.36333333333333334,0.25666666666666665,0.12,0,4
c75957219940,0.11666666666666667,0.6766666666666666,0.15666666666666668,0.05,1,4
c76676090cdc,0.14,0.5166666666666667,0.24,0.10333333333333333,1,4
c766fc255651,0.19666666666666666,0.4033333333333333,0.27666666666666667,0.12333333333333334,2,2
c76b8d3f1402,0.18333333333333332,0.45666666666666667,0.19,0.17,0,3
c77364a32ea4,0.25333333333333335,0.3433333333333333,0.23666666666666666,0.16666666666666666,0,2
c77ad8c72093,0.11666666666666667,0.7,0.13333333333333333,0.05,1,3
c79e944eb6ae,0.23333333333333334,0.5266666666666666,0.19,0.05,2,3
c7be24e7b7c0,0.24333333333333335,0.47,0.21666666666666667,0.07,3,2
c7c00de9cb9f,0.19,0.44,0.25,0.12,3,0
c7c53a0fcccc,0.13,0.6066666666666667,0.17,0.09333333333333334,1,3
c7cb4bb07b69,0.56,0.24333333333333335,0.10666666666666667,0.09,0,2
c7d21e91ecb8,0.38,0.31,0.25666666666666665,0.05333333333333334,0,0
c7d9660daaa5,0.4904045695860541,0.179174358768372,0.18947091714890002,0.1409501544966739,0,1
c7da9786faff,0.15030271665330638,0.43578696890905255,0.26474389206874804,0.14916642236889277,1,1
c7f9cb4677dd,0.5425674735708821,0.15764480768979416,0.16407265923281264,0.1357150595065111,0,1
c7ff315a07d2,0.16666666666666666,0.5333333333333333,0.25,0.05,2,4
c804cb63b917,0.11,0.5666666666666667,0.22333333333333333,0.1,1,0
c805bfb98923,0.15,0.61,0.21,0.03,1,2
c806bfda328f,0.20793657549425396,0.3453003599384674,0.26957040154829387,0.17719266301898454,0,1
c806e55aadeb,0.22070283755349498,0.3436871888346995,0.2409734965473359,0.19463647706446957,0,1
c8113e6ba961,0.6173365431744177,0.1160045425730398,0.18924732106357828,0.07741159318896468,1,1
c85b74b2f14d,0.22,0.39666666666666667,0.29333333333333333,0.09,2,3
c87797d3e4a4,0.5266666666666666,0.22,0.16666666666666666,0.08666666666666667,0,3
c8787f51904f,0.08,0.6133333333333333,0.21333333333333335,0.09333333333333334,1,4
c878e9f77705,0.13666666666666666,0.61,0.18666666666666668,0.06666666666666667,0,3
c87a812df3e3,0.4266666666666667,0.29333333333333333,0.21,0.07,0,0
c87fc2d62863,0.18666666666666668,0.51,0.21666666666666667,0.08666666666666667,0,0
c889f01b32c4,0.18829136551694226,0.4821630859550263,0.24511446986604868,0.08443107866198277,2,1
c8939c198758,0.16333333333333333,0.5066666666666667,0.2866666666666667,0.043333333333333335,0,4
c8970add821a,0.13385006765531557,0.586892490326797,0.15316048184352152,0.1260969601743664,1,1
c8a262f4d593,0.25333333333333335,0.5366666666666666,0.17,0.04,3,3
c8b578ee523f,0.24666666666666667,0.48333333333333334,0.20333333333333334,0.06666666666666667,2,4
c8d0b3531ba0,0.12826572097935843,0.3800053631230826,0.2796433725738943,0.21208554332366444,3,1
c8ec0362eb1d,0.2057099299123008,0.46974447001907665,0.17269871310197957,0.15184688696664267,1,1
c8ece2a8d2b4,0.56,0.17333333333333334,0.16666666666666666,0.1,0,0
c8fba581da8b,0.6,0.19666666666666666,0.12666666666666668,0.07666666666666666,2,2
c9171bcfd1f9,0.5578787164099507,0.12589496057871902,0.21926477224553428,0.09696155076579598,0,1
c925ca312688,0.37666666666666665,0.38333333333333336,0.17333333333333334,0.06666666666666667,0,3
c92965e46fe3,0.6666666666666666,0.18666666666666668,0.13333333333333333,0.013333333333333334,2,3
c9377445d2c5,0.14,0.5566666666666666,0.24666666666666667,0.056666666666666664,3,4
c942b7beb3c8,0.16666666666666666,0.48333333333333334,0.2966666666666667,0.05333333333333334,3,4
c963416e4f73,0.6133333333333333,0.21333333333333335,0.13,0.043333333333333335,0,4
c9a187b33acc,0.15333333333333332,0.54,0.21333333333333335,0.09333333333333334,1,0
c9b48db00217,0.25,0.4666666666666667,0.16,0.12333333333333334,1,3
c9bf4ff8d7e8,0.72,0.14666666666666667,0.10666666666666667,0.02666666666666667,1,2
c9cbca627e30,0.18427688133476094,0.4957176785205469,0.221812427355051,0.09819301278964133,1,1
c9dfce6a3b7f,0.10333333333333333,0.62,0.19333333333333333,0.08333333333333333,1,3
c9e4975d5ae8,0.14,0.6366666666666667,0.07,0.15333333333333332,2,3
c9fb827e89a4,0.07333333333333333,0.49666666666666665,0.21,0.22,3,4
c9ffe6312921,0.47527320574784226,0.18295647754653982,0.21469063268732347,0.12707968401829434,1,1
ca0faad019c5,0.16333333333333333,0.5033333333333333,0.18666666666666668,0.14666666666666667,1,0
ca12997e60a4,0.2966666666666667,0.4066666666666667,0.2,0.09666666666666666,1,0
ca1c191b5af2,0.14834436966901945,0.458089136594369,0.27818267850520606,0.11538381523140548,3,1
ca306996a98d,0.11,0.6466666666666666,0.16,0.08333333333333333,1,3
ca37589b5766,0.38666666666666666,0.46,0.12666666666666668,0.02666666666666667,0,0
ca436c68f046,0.16333333333333333,0.6733333333333333,0.11333333333333333,0.05,1,3
ca4ae1f8356a,0.25,0.48333333333333334,0.21,0.056666666666666664,2,4
ca4bd49ea348,0.16,0.44666666666666666,0.34,0.05333333333333334,2,0
ca54d15e5311,0.4671907561999868,0.17975457990494376,0.2182633872564898,0.13479127663857937,1,1
caa1a1861fab,0.49787041330624493,0.1655299020857634,0.22924194650357047,0.10735773810442109,2,1
caae1729c701,0.39,0.3433333333333333,0.20333333333333334,0.06333333333333334,2,3
cab686c551eb,0.47333333333333333,0.27666666666666667,0.13333333333333333,0.11666666666666667,0,3
cac4d4c92312,0.41333333333333333,0.36666666666666664,0.15333333333333332,0.06666666666666667,2,4
cac903938518,0.12333333333333334,0.64,0.11666666666666667,0.12,1,4
cacc8f5f2c2e,0.13333333333333333,0.66,0.14666666666666667,0.06,2,2
cad19e55e9f8,0.12,0.6144903894790086,0.12,0.1455096105209914,1,0
cb04434a6c7e,0.36,0.25666666666666665,0.27666666666666667,0.10666666666666667,1,2
cb0d6854e691,0.25,0.48333333333333334,0.17,0.09666666666666666,1,4
cb2949b1aa32,0.10666666666666667,0.6866666666666666,0.17,0.03666666666666667,1,0
cb4d8159a8bf,0.21666666666666667,0.5066666666666667,0.13666666666666666,0.14,3,0
cb542a3e1086,0.19666666666666666,0.5566666666666666,0.20333333333333334,0.043333333333333335,1,2
cb6673ee6433,0.29,0.39666666666666667,0.21333333333333335,0.1,2,4
cb8d01dc0d0b,0.04666666666666667,0.79,0.14333333333333334,0.02,1,2
cb9e68a7ddc6,0.24,0.4633333333333333,0.20333333333333334,0.09333333333333334,0,3
cba7dd0a06d2,0.09333333333333334,0.5366666666666666,0.22,0.15,3,4
cbaee64f9d29,0.49,0.24,0.19,0.08,1,3
cbb7b764ca87,0.5533333333333333,0.19,0.19,0.06666666666666667,0,3
cbbc6e5e7141,0.43,0.31666666666666665,0.19333333333333333,0.06,0,4
cbc5b788ab7d,0.39,0.31333333333333335,0.14666666666666667,0.15,2,2
cbcc9c2bfaa3,0.1792568033350993,0.4949691743592524,0.2659792812600527,0.05979474104559544,1,1
cbe28b52b282,0.11,0.6733333333333333,0.16666666666666666,0.05,2,2
cbe5d39a75bd,0.18333333333333332,0.42,0.25333333333333335,0.14333333333333334,3,3
cbf3b338fae0,0.16666666666666666,0.5133333333333333,0.26,0.06,2,2
cc127cda72f8,0.5366666666666666,0.2866666666666667,0.13666666666666666,0.04,2,4
cc214df24ffd,0.17,0.4266666666666667,0.2833333333333333,0.12,2,3
cc4e5235357b,0.18666666666666668,0.5266666666666666,0.20666666666666667,0.08,1,3
cc4f74e87040,0.37707709417243773,0.2018599590332354,0.22857289430268704,0.19249005249163975,1,1
cc5dac252ddf,0.1,0.7266666666666667,0.12333333333333334,0.05,1,2
cc5ff5b6356f,0.330399427818606,0.23827955977068588,0.2955879203054561,0.13573309210525175,1,1
cc7cafd867f1,0.12,0.7133333333333334,0.12,0.04666666666666667,1,0
cc7fff1668bc,0.15752783068315718,0.39439954549731193,0.2969632591882519,0.15110936463127875,1,1
ccb2bb7d0986,0.14,0.63,0.12333333333333334,0.10666666666666667,3,3
ccb8df9dddce,0.25,0.42,0.08,0.25,1,0
ccd2dee9eaf9,0.24333333333333335,0.45666666666666667,0.26,0.04,2,4
cceb9796da02,0.7016434936070916,0.09580452250361687,0.142230394999488,0.06032158888980366,0,1
ccf4402a880e,0.59,0.19333333333333333,0.16666666666666666,0.05,2,4
cd009edaae20,0.19,0.47,0.22,0.12,2,3
cd082bbb2799,0.37,0.3233333333333333,0.18666666666666668,0.12,0,4
cd22baf7bb69,0.3511031220009953,0.24503524545584418,0.2349040732837416,0.1689575592594189,0,1
cd26a806db43,0.48333333333333334,0.22666666666666666,0.22,0.07,2,0
cd3829a517ea,0.36666666666666664,0.3541883255219429,0.20333333333333334,0.07581167447805709,0,4
cd3f1572832b,0.30666666666666664,0.44,0.14333333333333334,0.11,1,2
cd430a024263,0.09666666666666666,0.5066666666666667,0.11666666666666667,0.28,1,4
cd4526f0c63a,0.12333333333333334,0.7166666666666667,0.10333333333333333,0.056666666666666664,1,3
cd50cfa54f6d,0.5733333333333334,0.24,0.14666666666666667,0.04,0,2
cd5dd5e6f3f5,0.18,0.5366666666666666,0.2,0.08333333333333333,0,0
cd6d6e960d3d,0.11,0.68,0.14,0.07,1,4
cd7b8745e046,0.4134388883319653,0.24320289591579836,0.2448429518351353,0.09851526391710107,0,1
cd8dc0c789ae,0.10333333333333333,0.5833333333333334,0.24666666666666667,0.06666666666666667,1,2
cd97a120b1e0,0.3233333333333333,0.3,0.17,0.20666666666666667,1,4
cd9eb8ab35bb,0.38333333333333336,0.41,0.11666666666666667,0.09,0,0
cda63d7fef2c,0.2166999472487584,0.2640116363731426,0.25633360239965725,0.2629548139784415,1,1
cdbd8e529c4f,0.2616628488973261,0.20310118786120748,0.3382117056904555,0.19702425755101102,3,1
cdbe08f51795,0.201326809285427,0.35574038806808084,0.28315942471549393,0.1597733779309984,2,1
cdd15519ddb1,0.19,0.6833333333333333,0.08666666666666667,0.04,1,4
cdd75add0930,0.2,0.57,0.17666666666666667,0.05333333333333334,2,3
cdda51ee9f0f,0.17666666666666667,0.5766666666666667,0.14333333333333334,0.10333333333333333,1,2
cde0ab9526da,0.5066666666666667,0.2633333333333333,0.15333333333333332,0.07666666666666666,1,2
cdea7e206121,0.29,0.3566666666666667,0.3233333333333333,0.03,0,0
ce193df4c0fa,0.17141182971104782,0.3523517167571657,0.2788856520178589,0.19735080151392762,1,1
ce1bc101c635,0.28,0.56,0.11666666666666667,0.043333333333333335,1,3
ce20472bb087,0.20666666666666667,0.49666666666666665,0.2,0.09666666666666666,1,4
ce2cb41ebc7c,0.42,0.3,0.24333333333333335,0.03666666666666667,2,4
ce55217f14e9,0.30666666666666664,0.26,0.26666666666666666,0.16666666666666666,2,3
ce5c24b1bb3a,0.18,0.55,0.22333333333333333,0.04666666666666667,1,3
ce61060be9c9,0.17666666666666667,0.5366666666666666,0.19666666666666666,0.09,1,0
ce63acbfe9b9,0.15,0.5733333333333334,0.22,0.056666666666666664,1,4
ce65f4a0c584,0.5,0.26,0.16666666666666666,0.07333333333333333,0,4
ce67c56d3bf0,0.14,0.5833333333333334,0.17333333333333334,0.10333333333333333,1,4
ce7450de80f5,0.23666666666666666,0.4766666666666667,0.17333333333333334,0.11333333333333333,0,3
ce9c6941be72,0.18666666666666668,0.46,0.26666666666666666,0.08666666666666667,1,4
ce9fab84f90b,0.27,0.52,0.15666666666666668,0.05333333333333334,2,4
ceb994683b51,0.3433333333333333,0.45,0.18,0.02666666666666667,2,0
cec0cef8568d,0.41333333333333333,0.29,0.20666666666666667,0.09,0,4
cec6e9fb134a,0.18333333333333332,0.567150512214342,0.13333333333333333,0.11618282111899134,2,2
cf002a39bb2d,0.15666666666666668,0.6066666666666667,0.11333333333333333,0.12333333333333334,1,3
cf03351eb58e,0.09666666666666666,0.76,0.11,0.03333333333333333,1,2
cf14bc7095a1,0.12333333333333334,0.6,0.14666666666666667,0.13,1,3
cf1a94eeef5d,0.14666666666666667,0.5366666666666666,0.19,0.12666666666666668,1,0
cf201551aaec,0.79,0.09333333333333334,0.08666666666666667,0.03,0,0
cf2bccfe763c,0.5533333333333333,0.22,0.20666666666666667,0.02,0,4
cf6018adf8b8,0.49333333333333335,0.23666666666666666,0.19666666666666666,0.07333333333333333,2,3
cf62b87ad83f,0.427755228818084,0.24074895471254346,0.26340308902656734,0.06809272744280541,2,1
cf6b1f181849,0.06,0.7433333333333333,0.11333333333333333,0.08333333333333333,1,2
cf70a03d178c,0.26666666666666666,0.53,0.16666666666666666,0.03666666666666667,3,0
cf7676dce2ad,0.2633333333333333,0.4533333333333333,0.14666666666666667,0.13666666666666666,1,2
cf7ca67c9c68,0.2720740730641524,0.3699738392117336,0.18495922284942926,0.17299286487468465,1,1
cfa126dc4fe9,0.16333333333333333,0.55,0.21333333333333335,0.07333333333333333,1,4
cfba05e7880c,0.09333333333333334,0.6833333333333333,0.14333333333333334,0.08,0,4
cfc48a3e03b9,0.10862862246365855,0.6452316709259898,0.16663732992719588,0.07950237668315588,1,1
cfccf6cf66a1,0.47586089933764386,0.21354829823126478,0.22066324627967654,0.08992755615141497,1,1
cff920a92b58,0.1885321713855592,0.3760423676127135,0.25976002813772003,0.17566543286400735,0,1
d00803e34bd5,0.3566666666666667,0.36,0.16666666666666666,0.11666666666666667,1,3
d00ba06748c5,0.2426769099034042,0.27423580303229067,0.274768633300576,0.20831865376372913,2,1
d00f5621947f,0.26666666666666666,0.44666666666666666,0.22,0.06666666666666667,3,4
d02dc4dbc13a,0.16666666666666666,0.5166666666666667,0.22333333333333333,0.09333333333333334,1,3
d02f7a78a972,0.21666666666666667,0.35,0.26666666666666666,0.16666666666666666,1,3
d030fc74ae1a,0.21,0.4866666666666667,0.21666666666666667,0.08666666666666667,3,4
d036460bb847,0.1,0.5833333333333334,0.22,0.09666666666666666,3,4
d03988d6ee6a,0.18666666666666668,0.44333333333333336,0.30333333333333334,0.06666666666666667,0,2
d0696b014aca,0.3979471603280568,0.23802700937430657,0.21323278760720316,0.15079304269043334,0,1
d07ea6d8fcd8,0.3466666666666667,0.5066666666666667,0.11333333333333333,0.03333333333333333,0,2
d07f235fa353,0.13666666666666666,0.66,0.14666666666666667,0.056666666666666664,2,0
d0906bce2ac6,0.12333333333333334,0.47,0.31,0.09666666666666666,1,4
d0bdcd1a721d,0.17459811809936102,0.41105602173799244,0.23645485213886397,0.17789100802378274,2,1
d0e43623f62e,0.11,0.6775190516511431,0.16666666666666666,0.04581428168219023,1,2
d0e855bbced0,0.11666666666666667,0.6566666666666666,0.16,0.06666666666666667,1,3
d0fb37d9aeb8,0.15666666666666668,0.5,0.27666666666666667,0.06666666666666667,1,0
d0fdb5a98cb9,0.16,0.55,0.2,0.09,0,3
d0ffd118611e,0.6133333333333333,0.21333333333333335,0.09333333333333334,0.08,0,4
d0ffd8ac78ea,0.13,0.56,0.24666666666666667,0.06333333333333334,1,2
d104cfbe1544,0.10666666666666667,0.6266666666666667,0.18333333333333332,0.08333333333333333,1,0
d120a0459e17,0.15333333333333332,0.5566666666666666,0.08,0.21,1,2
d129ac8188d6,0.5105251506671926,0.1598436274351067,0.20982760526533129,0.11980361663236906,0,1
d12e087e9621,0.31666666666666665,0.38666666666666666,0.22666666666666666,0.07,0,0
d14a2b12e580,0.20666666666666667,0.4633333333333333,0.22666666666666666,0.10333333333333333,0,3
d16a188feaf1,0.11814882431019008,0.5433922199372393,0.20655695076720718,0.13190200498536414,1,1
d172b5d65314,0.35,0.34,0.24666666666666667,0.06333333333333334,0,4
d17a6c6eccdb,0.13333333333333333,0.6233333333333333,0.13333333333333333,0.11,1,0
d18ee0cc36c9,0.30333333333333334,0.38666666666666666,0.2633333333333333,0.04666666666666667,0,2
d191addc1610,0.23047003969151617,0.3384190328473792,0.2529541965440178,0.17815673091708664,2,1
d195eac8f7c5,0.22333333333333333,0.38333333333333336,0.21333333333333335,0.18,0,2
d19d0011c3cd,0.5133333333333333,0.24,0.17333333333333334,0.07333333333333333,0,0
d1b3ad13fb12,0.37333333333333335,0.32,0.19333333333333333,0.11333333333333333,3,3
d1b3fa229418,0.24899423787767688,0.2844580715140054,0.21445712013145893,0.25209057047685873,1,1
d1b8da8b457b,0.32666666666666666,0.42,0.18333333333333332,0.07,3,2
d1d5510f37cd,0.11,0.5133333333333333,0.26,0.11666666666666667,2,2
d1df45f6463e,0.5815761501891531,0.16053240350026957,0.17925020753050674,0.07864123878007034,0,1
d1e8cfaae748,0.16666666666666666,0.55,0.16,0.12333333333333334,1,2
d1e9e0136254,0.3233333333333333,0.49,0.13666666666666666,0.05,0,3
d1f080b7cba8,0.18389532680234957,0.44601845275361884,0.26293465430115237,0.10715156614287952,1,1
d220d8aa68c4,0.11333333333333333,0.66,0.14,0.08666666666666667,1,4
d22cb5396003,0.6533333333333333,0.14666666666666667,0.14333333333333334,0.056666666666666664,0,0
d2381fceb7ba,0.26,0.47333333333333333,0.20333333333333334,0.06333333333333334,1,2
d25eb664a30b,0.14333333333333334,0.6766666666666666,0.14333333333333334,0.03666666666666667,3,4
d261ac4d6627,0.38333333333333336,0.2866666666666667,0.23,0.1,2,4
d27919d385f8,0.20666666666666667,0.49333333333333335,0.25,0.05,1,2
d290c990efc9,0.7933333333333333,0.09666666666666666,0.07,0.04,0,2
d29dcb216021,0.48,0.27666666666666667,0.18333333333333332,0.06,0,3
d2be5fe90e29,0.74,0.15666666666666668,0.06333333333333334,0.04,0,3
d2c013dd8ce4,0.11,0.61,0.20333333333333334,0.07666666666666666,1,4
d2c1d0cb3f1b,0.13666666666666666,0.53,0.21333333333333335,0.12,2,4
d2cc49d90758,0.20666666666666667,0.49333333333333335,0.20333333333333334,0.09666666666666666,2,2
d2cf237688a4,0.18,0.5566666666666666,0.16,0.10333333333333333,0,0
d2d3cdb4272e,0.11666666666666667,0.63,0.12333333333333334,0.13,0,3
d2ddeca64f16,0.09,0.63,0.17,0.11,1,3
d2f74c94238a,0.11666666666666667,0.6266666666666667,0.16,0.09666666666666666,1,4
d30474806223,0.15333333333333332,0.5766666666666667,0.14333333333333334,0.12666666666666668,2,0
d3253e0cdc4b,0.26,0.3566666666666667,0.26,0.12333333333333334,2,4
d32d755c49d7,0.16,0.45382716049382715,0.18,0.20617283950617285,1,0
d34ad0ebb757,0.24333333333333335,0.47,0.14666666666666667,0.14,1,3
d3539d3b0022,0.18263099957100587,0.3674827921300688,0.24413835812669704,0.20574785017222827,0,1
d35441c203d8,0.5966666666666667,0.21333333333333335,0.15,0.04,1,2
d35ec785b6d9,0.6633333333333333,0.19,0.11,0.03666666666666667,0,0
d3746284b4db,0.1543599539468172,0.4366734739959507,0.2748591182597678,0.1341074537974647,2,1
d3751dde942a,0.19,0.6366666666666667,0.11333333333333333,0.06,1,2
d380c0640d52,0.17069168351066805,0.3643172657200123,0.25590931500489505,0.20908173576442485,2,1
d390bbdb6eae,0.22333333333333333,0.48333333333333334,0.18333333333333332,0.11,1,4
d393eb921fce,0.26,0.41027322404371586,0.14,0.18972677595628415,0,0
d3b32d6522e6,0.30333333333333334,0.43,0.20666666666666667,0.06,1,4
d3c58aec7ef5,0.6442657387438848,0.09750052373041665,0.16147489560077807,0.09675884192492022,0,1
d3cf46c2aa95,0.44328694464894,0.18437869060555323,0.2216306414792289,0.15070372326627776,0,1
d3d092d9884a,0.08333333333333333,0.6133333333333333,0.22333333333333333,0.08,1,4
d3da34d7982c,0.06666666666666667,0.7504391311142365,0.13666666666666666,0.04622753555243007,1,2
d3e83031ebea,0.16666666666666666,0.4266666666666667,0.2966666666666667,0.11,1,2
d40a26be9a1f,0.13333333333333333,0.62,0.16333333333333333,0.08333333333333333,1,4
d40b3798bbaf,0.17333333333333334,0.4533333333333333,0.23,0.14333333333333334,1,2
d41577cf0009,0.6133333333333333,0.22,0.12666666666666668,0.04,0,2
d419cd169212,0.36,0.39666666666666667,0.12666666666666668,0.11666666666666667,0,3
d41cace53f70,0.44,0.27666666666666667,0.20333333333333334,0.08,0,3
d422862db292,0.43666666666666665,0.32,0.15,0.09333333333333334,2,3
d42be282a595,0.23333333333333334,0.44,0.20333333333333334,0.12333333333333334,0,0
d4335c32ac91,0.22333333333333333,0.5033333333333333,0.22333333333333333,0.05,1,4
d435148e61a4,0.07333333333333333,0.7733333333333333,0.13666666666666666,0.016666666666666666,1,3
d45764216b95,0.2633333333333333,0.35,0.20666666666666667,0.18,3,0
d45793c3466b,0.09,0.6233333333333333,0.18333333333333332,0.10333333333333333,1,0
d46dc030a427,0.31,0.4266666666666667,0.20333333333333334,0.06,0,3
d4891fb41daf,0.16666666666666666,0.5133333333333333,0.18,0.14,1,0
d493a19fdc27,0.18333333333333332,0.5466666666666666,0.23,0.04,1,4
d4a13c7d0be6,0.2866666666666667,0.5133333333333333,0.15,0.05,2,2
d4ab797396b4,0.6566666666666666,0.18666666666666668,0.13333333333333333,0.023333333333333334,0,2
d4ba14d5248e,0.27666666666666667,0.41333333333333333,0.21,0.1,2,2
d4d230450196,0.7866666666666666,0.12333333333333334,0.07666666666666666,0.013333333333333334,0,2
d4d4ad4ecf8a,0.10333333333333333,0.6066666666666667,0.22666666666666666,0.06333333333333334,1,2
d4fd13f5456d,0.27666666666666667,0.3333333333333333,0.32,0.07,2,0
d4fe511721c0,0.14333333333333334,0.5266666666666666,0.2,0.13,1,3
d50c91728f09,0.7033333333333334,0.14666666666666667,0.09333333333333334,0.056666666666666664,0,2
d51b5cef170b,0.13333333333333333,0.6666666666666666,0.12666666666666668,0.07333333333333333,1,0
d522ef41a34e,0.20666666666666667,0.5566666666666666,0.14333333333333334,0.09333333333333334,1,2
d52a34a2589e,0.16873849386332537,0.40232359558065894,0.1461294640691316,0.28280844648688414,1,1
d52f1544921e,0.12333333333333334,0.5533333333333333,0.2733333333333333,0.05,1,0
d53147ecb090,0.5366666666666666,0.29,0.10333333333333333,0.07,0,2
d55d019b0687,0.09,0.6133333333333333,0.18666666666666668,0.11,1,3
d569759613ad,0.05,0.7966666666666666,0.11333333333333333,0.04,1,4
d57d1c13a875,0.35,0.39666666666666667,0.21666666666666667,0.03666666666666667,0,2
d5b987cc8efd,0.6133333333333333,0.23333333333333334,0.13333333333333333,0.02,0,4
d5c12a5ebb06,0.31893700994062224,0.27103105476965844,0.317483895622118,0.09254803966760132,1,1
d5c20d6a24bc,0.10232587308582078,0.4611898386130155,0.24509735157315063,0.19138693672801332,1,1
d5dd9cdb375a,0.31666666666666665,0.41,0.21,0.06333333333333334,0,2
d5e940685d00,0.3333333333333333,0.32666666666666666,0.23,0.11,2,2
d5f194b6bff4,0.15152970009073938,0.39269836940518504,0.28133010191179925,0.17444182859227608,2,1
d601d93c351c,0.39,0.36666666666666664,0.18333333333333332,0.06,1,0
d602b556cb9d,0.29333333333333333,0.5066666666666667,0.14,0.06,1,4
d603bdeca20e,0.43333333333333335,0.31666666666666665,0.10333333333333333,0.14666666666666667,0,0
d604aae86dd4,0.4,0.27666666666666667,0.21666666666666667,0.10666666666666667,2,3
d61e065cdab0,0.44332943974515104,0.17780393797558622,0.2254818334307226,0.15338478884854026,0,1
d6338ff2cfd8,0.12276293174375748,0.5366472355386696,0.19824271636569518,0.14234711635187766,2,1
d64f793908fa,0.21666666666666667,0.503520780931848,0.19333333333333333,0.08647921906815187,2,2
d65c634447c4,0.17,0.6566666666666666,0.10666666666666667,0.06666666666666667,1,4
d662a384288c,0.21666666666666667,0.47,0.16,0.15333333333333332,2,3
d668a99691f6,0.29469254340162543,0.35758824644495485,0.19142398200456762,0.15629522814885172,0,1
d66df386831f,0.2554662964036109,0.2949164667451948,0.1750575117642822,0.2745597250869122,1,1
d670149083bf,0.10968349373702595,0.6072564147149387,0.15217738005676876,0.1308827114912672,0,1
d68217d20b03,0.14682201473153716,0.4366770196511335,0.3047858435419249,0.11171512207540428,1,1
d6a591a5b3fc,0.19333333333333333,0.5833333333333334,0.15,0.07333333333333333,2,2
d6ce804409dd,0.17333333333333334,0.55,0.16,0.11666666666666667,3,2
d6d45608c97a,0.2,0.6166666666666667,0.14666666666666667,0.03666666666666667,1,4
d6fe234594ab,0.36,0.34,0.18333333333333332,0.11666666666666667,0,3
d70a1e0863fc,0.18,0.36333333333333334,0.4066666666666667,0.05,1,4
d715b966355d,0.22666666666666666,0.5333333333333333,0.15333333333333332,0.08666666666666667,0,3
d745f58d5aff,0.12333333333333334,0.6366666666666667,0.17,0.07,1,2
d74b6ea0d497,0.28,0.44333333333333336,0.17,0.10666666666666667,1,0
d74c849b795b,0.27,0.45666666666666667,0.16,0.11333333333333333,2,0
d74dcd7ef5ff,0.29333333333333333,0.56,0.07333333333333333,0.07333333333333333,2,4
d7561eaf0b7d,0.4713026530981704,0.1403152330004552,0.27838841082189775,0.10999370307947652,0,1
d757af907e33,0.29,0.44,0.20333333333333334,0.06666666666666667,1,2
d7775f0cace2,0.17666666666666667,0.5566666666666666,0.16,0.10666666666666667,1,4
d7942d6c2d17,0.23666666666666666,0.40774621212121215,0.19666666666666666,0.15892045454545453,2,2
d79d38bcd191,0.1997189718291541,0.3264232952293969,0.2725442585902789,0.20131347435117003,1,1
d7ab3582e476,0.10666666666666667,0.6833333333333333,0.15333333333333332,0.056666666666666664,2,2
d7c0a0524f8f,0.5533333333333333,0.20666666666666667,0.18333333333333332,0.056666666666666664,1,0
d7c21278a0ae,0.13205364761996868,0.3938619092509729,0.2508381810111164,0.22324626211794224,2,1
d7c37316355d,0.27,0.40712294043092523,0.24,0.08287705956907478,0,0
d7c6e17080cf,0.12666666666666668,0.5666666666666667,0.18333333333333332,0.12333333333333334,1,0
d7cbe5e26ec0,0.21333333333333335,0.48,0.17666666666666667,0.13,0,0
d7cd1349ab41,0.21333333333333335,0.5133333333333333,0.2,0.07333333333333333,1,3
d7dcd6e0f47a,0.1,0.64,0.24666666666666667,0.013333333333333334,3,0
d7ef8f508b5a,0.23333333333333334,0.5133333333333333,0.18,0.07333333333333333,1,2
d7f739cf4bb1,0.14666666666666667,0.6633333333333333,0.15333333333333332,0.03666666666666667,1,0
d7f85b6dc2ea,0.17073338669400417,0.4251402215466642,0.24493632256055534,0.15919006919877648,1,1
d7faada10efb,0.24333333333333335,0.4666666666666667,0.18666666666666668,0.10333333333333333,2,0
d809db32456b,0.23666666666666666,0.55,0.14,0.07333333333333333,0,3
d81666456423,0.11666666666666667,0.63,0.19,0.06333333333333334,3,0
d82241b7d468,0.15666666666666668,0.5566666666666666,0.10333333333333333,0.18333333333333332,1,4
d82f8ac5c3aa,0.21666666666666667,0.39666666666666667,0.24333333333333335,0.14333333333333334,1,3
d83df000b7a6,0.22,0.5666666666666667,0.14666666666666667,0.06666666666666667,1,2
d8476a95f6c5,0.16254768156032637,0.43321336111601083,0.28641194112726154,0.11782701619640086,0,1
d86be7c7defa,0.10879992406777352,0.4413843169103881,0.24564305547735002,0.20417270354448813,3,1
d89e6a53c322,0.17333333333333334,0.44666666666666666,0.26,0.12,2,3
d8a361473402,0.29,0.3233333333333333,0.21666666666666667,0.17,2,4
d8a982947210,0.21333333333333335,0.51,0.21333333333333335,0.06333333333333334,0,0
d8b2815cc382,0.44917715309893663,0.13890146065484812,0.32073596008882505,0.09118542615739011,3,1
d8ba78ed0420,0.2984828203193055,0.27283220399108965,0.28908514889490156,0.1395998267947031,1,1
d8c69cd001b1,0.10666666666666667,0.6966666666666667,0.12666666666666668,0.07,1,4
d8d5a42411d1,0.23,0.4666666666666667,0.17333333333333334,0.13,1,3
d8e18f22e6a6,0.17333333333333334,0.6366666666666667,0.12,0.07,1,3
d8e2fa906f30,0.20666666666666667,0.44666666666666666,0.19333333333333333,0.15333333333333332,2,2
d8f2c08dd86a,0.41,0.36333333333333334,0.11,0.11666666666666667,0,2
d8f567817b2d,0.37,0.3433333333333333,0.16,0.12666666666666668,0,0
d8f6fee0e95e,0.12,0.5733333333333334,0.15666666666666668,0.15,0,4
d8fa04c1d853,0.08333333333333333,0.58,0.21666666666666667,0.12,2,3
d8fbcfc37ef6,0.53,0.23,0.21333333333333335,0.02666666666666667,0,0
d8fd9bb19828,0.3029753984347237,0.30401440107433475,0.193626736514759,0.1993834639761827,0,1
d90748e85b6b,0.15666666666666668,0.5533333333333333,0.2,0.09,1,3
d928ebcc2528,0.15666666666666668,0.57,0.18,0.09333333333333334,2,0
d93242ee3944,0.26081534336844436,0.3780367366197604,0.18182212584090227,0.1793257941708929,1,1
d932662b13ea,0.15,0.5233333333333333,0.25666666666666665,0.07,3,2
d95d173b60c4,0.4866666666666667,0.30350812364361546,0.13666666666666666,0.0731585430230512,0,4
d97364c9384a,0.31333333333333335,0.35,0.23333333333333334,0.10333333333333333,1,2
d97dffd12359,0.3517703620330266,0.22904228182248956,0.31255793924895925,0.1066294168955243,0,1
d9869f667b54,0.2733333333333333,0.5,0.18666666666666668,0.04,1,4
d996de7dbaf3,0.12666666666666668,0.6566666666666666,0.17666666666666667,0.04,1,4
d9a638d70bce,0.1,0.67,0.18,0.05,1,4
d9a899cb5686,0.6133333333333333,0.16,0.10333333333333333,0.12333333333333334,0,0
d9c139995f71,0.14666666666666667,0.49333333333333335,0.21333333333333335,0.14666666666666667,3,0
d9c245fb1e90,0.28534123870092737,0.3698847185566059,0.16679252686428886,0.17798151587817782,2,1
d9c3624b9ca6,0.36083796777560245,0.1861681613473823,0.2726891994057733,0.18030467147124185,0,1
d9ccda507d0d,0.1249044458190164,0.36229474985130583,0.26053854921401337,0.2522622551156642,1,1
d9ed94436325,0.14666666666666667,0.7033333333333334,0.10333333333333333,0.04666666666666667,0,4
da0412fab70b,0.16333333333333333,0.5566666666666666,0.21666666666666667,0.06333333333333334,1,3
da08e385dcb7,0.19333333333333333,0.38,0.18333333333333332,0.24333333333333335,2,3
da0d817b69fe,0.1507214388395774,0.39889749389518125,0.2729844483232593,0.17739661894198178,1,1
da286c1597b0,0.36666666666666664,0.3333333333333333,0.18,0.12,0,0
da30dbd6033a,0.48,0.23666666666666666,0.19666666666666666,0.08666666666666667,0,2
da418ab5c65a,0.13333333333333333,0.5333333333333333,0.25333333333333335,0.08,2,4
da45c7393783,0.4,0.38333333333333336,0.17333333333333334,0.043333333333333335,2,0
da507be5f7be,0.32953410274502226,0.26799670652365654,0.3032853757647565,0.09918381496656435,1,1
da535a527858,0.23,0.54,0.17333333333333334,0.056666666666666664,1,3
da5783a467ea,0.14054796992872268,0.4586137605966321,0.20135403416601302,0.19948423530863213,1,1
da63a5ea2b12,0.12666666666666668,0.5866666666666667,0.16,0.12666666666666668,1,3
da879ffcc1f9,0.3,0.49333333333333335,0.18666666666666668,0.02,1,2
da9b63d2f697,0.36,0.32666666666666666,0.19333333333333333,0.12,2,2
daa2aba8e7b0,0.12333333333333334,0.66,0.13,0.08666666666666667,1,0
daacf4460a62,0.27666666666666667,0.41333333333333333,0.25666666666666665,0.05333333333333334,0,4
dacea3ad99e0,0.2605962741351452,0.28387677565907105,0.21780963040644788,0.23771731979933566,0,1
dad2c0ee2607,0.24599377064370828,0.26513344882456785,0.35046919459025133,0.13840358594147248,2,1
dad30bc7ff47,0.16666666666666666,0.56,0.18,0.09333333333333334,1,2
db06909d6c78,0.32,0.48,0.13666666666666666,0.06333333333333334,2,4
db14e640e037,0.5400835075058581,0.14860929801362857,0.19520020700915983,0.11610698747135376,0,1
db1bb68655fc,0.15243591272728763,0.5493389357230583,0.18948889358367194,0.10873625796598238,1,1
db29f6ed9d3a,0.53,0.21666666666666667,0.15666666666666668,0.09666666666666666,0,0
db2c984ad877,0.37666666666666665,0.3,0.24,0.08333333333333333,2,2
db406f865d2c,0.7633333333333333,0.11333333333333333,0.07333333333333333,0.05,0,4
db48ecc61b3d,0.6266666666666667,0.2,0.12,0.05333333333333334,0,3
db4d0ddc1235,0.2866666666666667,0.44333333333333336,0.20333333333333334,0.06666666666666667,2,0
db5be2895a72,0.12,0.4766666666666667,0.3333333333333333,0.07,1,2
db70f01df58b,0.19333333333333333,0.6366666666666667,0.13,0.04,2,0
db7bacaad1ca,0.19,0.5233333333333333,0.23666666666666666,0.05,1,3
db7e1c572d15,0.07666666666666666,0.79,0.09333333333333334,0.04,1,0
db8d0318b5af,0.26,0.39666666666666667,0.19666666666666666,0.14666666666666667,2,4
db9298d9ded8,0.12,0.6833333333333333,0.16,0.03666666666666667,1,2
db97eeddf9ef,0.13666666666666666,0.51,0.20666666666666667,0.14666666666666667,1,4
db9f9c62dc00,0.61,0.22,0.13666666666666666,0.03333333333333333,0,2
dba658c69988,0.03,0.85,0.09,0.03,1,2
dba690393e1b,0.38,0.4266666666666667,0.13666666666666666,0.056666666666666664,0,2
dbb6d75304ef,0.44666666666666666,0.26,0.11666666666666667,0.17666666666666667,0,3
dbf005c67f42,0.26,0.4066666666666667,0.24333333333333335,0.09,0,3
dbfb54d68d5c,0.36333333333333334,0.3233333333333333,0.23666666666666666,0.07666666666666666,0,0
dc074c261a90,0.422783581307394,0.1500034820433875,0.2439367453417309,0.1832761913074875,0,1
dc0fed8c8737,0.08666666666666667,0.7566666666666667,0.11333333333333333,0.043333333333333335,1,2
dc2115b5198d,0.16,0.6433333333333333,0.12666666666666668,0.07,1,3
dc290fedef27,0.2,0.53,0.08,0.19,0,4
dc2b14b11aaf,0.12666666666666668,0.5466666666666666,0.20666666666666667,0.12,1,2
dc3c2c613d0c,0.14666666666666667,0.5533333333333333,0.16666666666666666,0.13333333333333333,3,4
dc5ad30410e4,0.09333333333333334,0.6166666666666667,0.16333333333333333,0.12666666666666668,1,2
dc5e5ab68387,0.5233333333333333,0.23,0.21333333333333335,0.03333333333333333,0,2
dc632437d7c9,0.3758624866923391,0.2340514393374306,0.2900821027987748,0.10000397117145576,0,1
dc6ce7c92fe6,0.35333333333333333,0.44333333333333336,0.17333333333333334,0.03,3,4
dc7ddcf65b4c,0.20666666666666667,0.5866666666666667,0.11333333333333333,0.09333333333333334,1,2
dc8dd6a3ae7d,0.25,0.46,0.17333333333333334,0.11666666666666667,0,3
dcaa76ec8d44,0.16,0.53,0.22333333333333333,0.08666666666666667,2,0
dcc6632b56b4,0.14666666666666667,0.53,0.21666666666666667,0.10666666666666667,1,3
dcd5cc87f977,0.16666666666666666,0.48333333333333334,0.24333333333333335,0.10666666666666667,1,3
dcd9d77c6ac6,0.31752492700815355,0.2953303466089163,0.2514441060906393,0.13570062029229119,1,1
dcea6c3e62bb,0.12,0.5566666666666666,0.11666666666666667,0.20666666666666667,1,2
dd08a4d54544,0.30666666666666664,0.37333333333333335,0.25666666666666665,0.06333333333333334,1,4
dd148f46bf1d,0.24333333333333335,0.36012624584717606,0.24,0.15654042081949057,1,0
dd31f8f3d087,0.15666666666666668,0.5,0.22666666666666666,0.11666666666666667,1,2
dd39287d4cdf,0.14,0.5666666666666667,0.16666666666666666,0.12666666666666668,1,4
dd47f215e92a,0.4766666666666667,0.26666666666666666,0.21,0.04666666666666667,0,2
dd4ce54aef62,0.4266666666666667,0.36246489542696675,0.15333333333333332,0.057535104573033256,2,2
dd50b4d48244,0.38333333333333336,0.27666666666666667,0.21666666666666667,0.12333333333333334,2,3
dd55cdedbede,0.07,0.6933333333333334,0.19666666666666666,0.04,1,2
dd60b8bfb2d2,0.25,0.5433333333333333,0.11666666666666667,0.09,2,0
dd7ae61dc7e5,0.26,0.41333333333333333,0.22,0.10666666666666667,3,4
dd7aeb805eef,0.13,0.43666666666666665,0.35,0.08333333333333333,1,4
dd8b8a5c9307,0.20666666666666667,0.43,0.21,0.15333333333333332,2,3
dda0d73e068c,0.565345367205162,0.13782624817455733,0.21509223986543086,0.08173614475485036,0,1
dda1563c0620,0.23037275672863472,0.43324458339761196,0.23126298616927513,0.10511967370447789,1,1
dda68db29fdd,0.37,0.36,0.19333333333333333,0.07666666666666666,0,3
dda7e9290f64,0.09,0.5966666666666667,0.24333333333333335,0.07,1,0
ddb8e432479a,0.21666666666666667,0.4533333333333333,0.23,0.1,1,0
ddbe636ad06c,0.25,0.37333333333333335,0.10666666666666667,0.27,2,0
ddc659c2e59c,0.37333333333333335,0.31333333333333335,0.17666666666666667,0.13666666666666666,0,3
ddc87971f87e,0.12666666666666668,0.5533333333333333,0.27,0.05,2,0
ddd30a3355ab,0.28466129367452936,0.31004626858362166,0.3092922511531972,0.09600018658865155,1,1
dddc5467ff7a,0.5366666666666666,0.23333333333333334,0.13,0.1,0,3
ddf50c05459b,0.33749478550252954,0.26513233076930853,0.2684375092604211,0.1289353744677406,0,1
de1f16eadd95,0.20333333333333334,0.4266666666666667,0.24,0.13,2,3
de2d1a60c2af,0.45666666666666667,0.31333333333333335,0.16,0.07,0,2
de333ed072c8,0.31,0.3566666666666667,0.25666666666666665,0.07666666666666666,0,3
de33d3a51e83,0.5,0.25,0.16666666666666666,0.08333333333333333,0,2
de44f6af8b10,0.15,0.6033333333333334,0.17333333333333334,0.07333333333333333,1,4
de4ad8d40fdf,0.21333333333333335,0.44666666666666666,0.22666666666666666,0.11333333333333333,2,4
de53947e43b9,0.11,0.6666666666666666,0.14333333333333334,0.08,1,0
de76a012b637,0.15666666666666668,0.52,0.24333333333333335,0.08,1,3
de7934b835ca,0.37,0.2833333333333333,0.24,0.10666666666666667,0,4
de81caee7374,0.24666666666666667,0.43333333333333335,0.15333333333333332,0.16666666666666666,3,4
de975d080334,0.17333333333333334,0.47,0.24666666666666667,0.11,1,4
dea5608c3e0a,0.13666666666666666,0.59,0.18666666666666668,0.08666666666666667,1,2
deca3972c352,0.11112851978957558,0.4508066351584132,0.23586331130113847,0.20220153375087263,1,1
decc8130c6bf,0.42469604853745524,0.17251918464531685,0.23538297197811076,0.16740179483911716,0,1
ded38a5051da,0.23666666666666666,0.36333333333333334,0.31666666666666665,0.08333333333333333,3,4
ded489f168bc,0.4,0.24666666666666667,0.23333333333333334,0.12,0,3
deee69329e9b,0.17666666666666667,0.6666666666666666,0.03,0.12666666666666668,1,4
def37f7cd713,0.6233333333333333,0.17666666666666667,0.16666666666666666,0.03333333333333333,0,3
df07c0223107,0.34,0.32,0.2733333333333333,0.06666666666666667,0,4
df1750048937,0.07333333333333333,0.7333333333333333,0.14,0.05333333333333334,1,0
df21842cfe5e,0.17333333333333334,0.49,0.26,0.07666666666666666,1,2
df37fe53632e,0.53,0.21,0.18666666666666668,0.07333333333333333,0,3
df453764e19c,0.3233333333333333,0.4066666666666667,0.18666666666666668,0.08333333333333333,2,2
df45b695ea21,0.4,0.29,0.20333333333333334,0.10666666666666667,1,4
df4722bbd29a,0.37,0.3466666666666667,0.20333333333333334,0.08,2,3
df4a3d3d27ba,0.45,0.24333333333333335,0.19,0.11666666666666667,0,0
df68e31da347,0.09666666666666666,0.5666666666666667,0.27666666666666667,0.06,2,0
df6b420aaa31,0.11085815432999205,0.49226426231261605,0.24943341783362713,0.1474441655237648,0,1
df6b45073c39,0.23,0.47333333333333333,0.24333333333333335,0.05333333333333334,1,3
df74415b31d9,0.18,0.4533333333333333,0.2966666666666667,0.07,1,2
df89af5f42ef,0.11333333333333333,0.6233333333333333,0.14666666666666667,0.11666666666666667,1,0
df89f8a12033,0.6233333333333333,0.18,0.16333333333333333,0.03333333333333333,0,0
df924511c439,0.5733333333333334,0.19666666666666666,0.17,0.06,0,0
dfb6127e91ca,0.4,0.29,0.16333333333333333,0.14666666666666667,0,3
dfbe54ad1d85,0.5551362411752437,0.13213188361461026,0.22248691197569764,0.09024496323444822,0,1
dfc0decef09f,0.13666666666666666,0.62,0.14333333333333334,0.1,1,2
dfd673001c50,0.22,0.4866666666666667,0.23666666666666666,0.056666666666666664,2,3
dfdf3913f6eb,0.09333333333333334,0.55,0.23666666666666666,0.12,1,0
dfe556626958,0.13333333333333333,0.49666666666666665,0.25,0.12,3,3
dffe7deb873f,0.3239501538617691,0.34272023769932897,0.17107003888516584,0.1622595695537361,1,1
e00eb01eab38,0.14666666666666667,0.5771247563352826,0.18666666666666668,0.08954191033138402,1,0
e02bbb13a371,0.6233333333333333,0.18666666666666668,0.14333333333333334,0.04666666666666667,2,2
e02f99a44c18,0.41,0.3333333333333333,0.18666666666666668,0.07,0,2
e033c4a5100b,0.22666666666666666,0.5233333333333333,0.21,0.04,1,3
e03476810a2d,0.11,0.6933333333333334,0.13,0.06666666666666667,1,3
e03fb79d272e,0.2866666666666667,0.5266666666666666,0.13,0.056666666666666664,1,2
e092291d0802,0.05,0.7866666666666666,0.14,0.023333333333333334,1,4
e0944b64b80c,0.67,0.15666666666666668,0.1,0.07333333333333333,0,4
e094984999c2,0.15666666666666668,0.67,0.13666666666666666,0.03666666666666667,1,3
e0b5009d6492,0.14666666666666667,0.5266666666666666,0.18333333333333332,0.14333333333333334,1,2
e0d90a4de0c6,0.09405808138646175,0.6090153322402125,0.1471680525918436,0.14975853378148235,1,1
e0ee01a012f0,0.7033333333333334,0.13666666666666666,0.11333333333333333,0.04666666666666667,0,4
e105b07fb9a8,0.18,0.45666666666666667,0.23,0.13333333333333333,1,4
e10ad2e7182d,0.1,0.67,0.19,0.04,1,4
e10ae9dd5000,0.3433333333333333,0.30333333333333334,0.22,0.13333333333333333,2,0
e11d6e9affa1,0.09666666666666666,0.7033333333333334,0.11333333333333333,0.08666666666666667,1,2
e126d9d23457,0.28,0.4666666666666667,0.18666666666666668,0.06666666666666667,0,2
e12de19718d2,0.4666666666666667,0.24333333333333335,0.12666666666666668,0.16333333333333333,2,2
e13e117a8d82,0.24,0.49666666666666665,0.22,0.043333333333333335,1,2
e156dd640b9c,0.1839188302368203,0.43828813859220117,0.2009179872375178,0.17687504393346104,1,1
e15b98946bf7,0.22333333333333333,0.43666666666666665,0.19333333333333333,0.14666666666666667,0,3
e164f3b294e9,0.18,0.6133333333333333,0.12666666666666668,0.08,1,3
e171596e4b75,0.32,0.29333333333333333,0.2733333333333333,0.11333333333333333,1,4
e17921c991eb,0.4033333333333333,0.34044433750401026,0.18666666666666668,0.06955566249598974,2,2
e17a546bc355,0.23333333333333334,0.5433333333333333,0.18333333333333332,0.04,3,2
e18155c4762b,0.38333333333333336,0.30666666666666664,0.18666666666666668,0.12333333333333334,0,0
e19121eb93f0,0.11666666666666667,0.6233333333333333,0.20333333333333334,0.056666666666666664,2,4
e19849e1c8ae,0.5033333333333333,0.35,0.13,0.016666666666666666,0,2
e1c1ad4b1e61,0.18333333333333332,0.5133333333333333,0.25666666666666665,0.04666666666666667,1,4
e1c473641416,0.52,0.24,0.18,0.06,3,4
e1f5682712bd,0.4839464067877442,0.17129612847166037,0.19784691451376918,0.14691055022682664,1,1
e20a1e0b539e,0.43,0.27666666666666667,0.19,0.10333333333333333,1,3
e21989eb3b6c,0.52,0.30666666666666664,0.13666666666666666,0.03666666666666667,2,4
e24e639f39a9,0.22,0.55,0.18,0.05,1,2
e25f6e723ded,0.55,0.21333333333333335,0.19,0.04666666666666667,0,4
e27dbf267565,0.4763044308932864,0.14143272228999956,0.3175825780277589,0.06468026878895493,1,1
e2822dd69c4b,0.5359015991760812,0.1622965729818922,0.21909106751496452,0.0827107603270622,2,1
e284cafd4bdb,0.18,0.5066666666666667,0.20333333333333334,0.11,2,4
e28655aad4a9,0.23,0.43666666666666665,0.23333333333333334,0.1,1,0
e29617323fef,0.26666666666666666,0.44,0.23333333333333334,0.06,1,0
e2998bb6695c,0.11333333333333333,0.6633333333333333,0.15666666666666668,0.06666666666666667,1,4
e2a9723236ca,0.2755994406364752,0.2691189758636982,0.33711997292779944,0.11816161057202704,1,1
e2adde6885e0,0.29,0.5166666666666667,0.15333333333333332,0.04,1,3
e2afeb565737,0.1608675944635584,0.3810904128200345,0.21467776944464897,0.24336422327175844,2,1
e2c18c715bb7,0.11666666666666667,0.5933333333333334,0.21,0.08,1,0
e2cbe011b94d,0.17333333333333334,0.49666666666666665,0.23666666666666666,0.09333333333333334,1,4
e2d20a5c9d8f,0.15659749039058363,0.545554987669225,0.16590480685938136,0.13194271508080999,2,1
e2e852552b7f,0.44333333333333336,0.27,0.20666666666666667,0.08,2,0
e300a4e86207,0.14666666666666667,0.5466666666666666,0.19,0.11666666666666667,3,3
e3209b62ec59,0.4266666666666667,0.30666666666666664,0.21666666666666667,0.05,1,3
e32e5c4bb5c2,0.16333333333333333,0.57,0.21,0.056666666666666664,1,2
e34c6533b5d2,0.24333333333333335,0.36,0.18,0.21666666666666667,3,4
e3508efe3bb8,0.4266666666666667,0.36666666666666664,0.16666666666666666,0.04,0,3
e3628650afa3,0.09333333333333334,0.7133333333333334,0.15333333333333332,0.04,1,0
e36dac4d5aca,0.4636055972327399,0.18448805259447124,0.2202988873818234,0.13160746279096558,1,1
e37291d60bf5,0.11333333333333333,0.6066666666666667,0.20333333333333334,0.07666666666666666,1,2
e389cb066bd8,0.5066666666666667,0.21333333333333335,0.15666666666666668,0.12333333333333334,0,0
e38bf848a4b2,0.4033333333333333,0.31333333333333335,0.17333333333333334,0.11,2,4
e395615a9a0d,0.18666666666666668,0.4033333333333333,0.2833333333333333,0.12666666666666668,1,4
e39daf2d9636,0.2044348940916885,0.3743504179112623,0.32638432382198757,0.09483036417506181,2,1
e39f4a252cb5,0.5766666666666667,0.23666666666666666,0.14,0.04666666666666667,0,3
e3a350da2859,0.1,0.6566666666666666,0.19666666666666666,0.04666666666666667,1,0
e3a355a01aac,0.18451600434985943,0.4143986583368656,0.25031151677967833,0.15077382053359673,1,1
e3a68b6c54b5,0.15666666666666668,0.72,0.08666666666666667,0.03666666666666667,1,2
e3a9b892e7c1,0.5459427599582692,0.12863874770237876,0.1985062125570542,0.1269122797822979,0,1
e3b546093b7c,0.08,0.7766666666666666,0.12,0.023333333333333334,1,2
e3e0b34968ad,0.19,0.57,0.13333333333333333,0.10666666666666667,0,2
e3efcee5464d,0.30666666666666664,0.37,0.2733333333333333,0.05,1,4
e416f944cb42,0.32,0.45,0.20333333333333334,0.02666666666666667,0,0
e427306ddc9a,0.19333333333333333,0.47333333333333333,0.2866666666666667,0.04666666666666667,1,4
e43ad5b5e137,0.19666666666666666,0.6433333333333333,0.12666666666666668,0.03333333333333333,1,2
e43c10ce7933,0.11333333333333333,0.6766666666666666,0.19333333333333333,0.016666666666666666,2,0
e44d13263cba,0.5133333333333333,0.17666666666666667,0.13,0.18,0,4
e44d1faedace,0.13,0.56,0.25666666666666665,0.05333333333333334,2,3
e45231baa93f,0.37,0.47,0.10666666666666667,0.05333333333333334,1,2
e462b50ef489,0.21,0.6433333333333333,0.09,0.056666666666666664,1,3
e4645a71f19b,0.65,0.21666666666666667,0.11,0.023333333333333334,0,2
e479851df410,0.16666666666666666,0.67,0.10333333333333333,0.06,1,3
e487f7e3b6a5,0.15666666666666668,0.517598464742719,0.22,0.10573486859061432,3,4
e48cc454acd6,0.07,0.7466666666666667,0.09666666666666666,0.08666666666666667,1,2
e4a4248cf6fc,0.21666666666666667,0.5533333333333333,0.13666666666666666,0.09333333333333334,1,0
e4aa7df34266,0.22,0.49,0.22,0.07,2,3
e4b2c5f23e08,0.16680259723002852,0.49224556766925676,0.19253162053950593,0.14842021456120907,0,1
e4b50e7402c3,0.32666666666666666,0.5066666666666667,0.13,0.03666666666666667,0,3
e4d47cc836a1,0.21666666666666667,0.43,0.26666666666666666,0.08666666666666667,2,0
e4f280b01af5,0.3566666666666667,0.52,0.056666666666666664,0.06666666666666667,0,2
e4fd12eef363,0.5433333333333333,0.2833333333333333,0.15,0.023333333333333334,1,0
e509fde57a70,0.3466666666666667,0.48333333333333334,0.13,0.04,1,2
e50d56f75dc9,0.15333333333333332,0.5533333333333333,0.23666666666666666,0.056666666666666664,1,3
e51850dddb1d,0.3433333333333333,0.3233333333333333,0.23333333333333334,0.1,3,0
e51b2fc7f149,0.39,0.4033333333333333,0.07333333333333333,0.13333333333333333,0,2
e51c3f2307f8,0.15,0.6033333333333334,0.18333333333333332,0.06333333333333334,1,0
e52bdc15086a,0.3466666666666667,0.37666666666666665,0.22333333333333333,0.05333333333333334,3,0
e53355bac9ce,0.25,0.38,0.18,0.19,2,0
e550c0ee9fc4,0.6133333333333333,0.16333333333333333,0.16666666666666666,0.056666666666666664,2,0
e562c9ac6268,0.26666666666666666,0.43,0.23666666666666666,0.06666666666666667,1,2
e56e71389ba2,0.3433333333333333,0.39666666666666667,0.19333333333333333,0.06666666666666667,1,0
e578212ad3a6,0.07,0.6766666666666666,0.21333333333333335,0.04,1,0
e58718f4aa74,0.09207794537778077,0.4903585307943448,0.25616273743575824,0.16140078639211625,1,1
e598f9bfe550,0.5966666666666667,0.22666666666666666,0.15,0.02666666666666667,0,2
e59ac8552f60,0.13,0.57,0.2,0.1,2,3
e5a7aeedd323,0.11333333333333333,0.6766666666666666,0.17666666666666667,0.03333333333333333,1,0
e5e19b32a270,0.23,0.5266666666666666,0.12666666666666668,0.11666666666666667,0,0
e5e2dbcbd9d2,0.30666666666666664,0.39666666666666667,0.20333333333333334,0.09333333333333334,1,3
e5f1860bc360,0.58,0.25,0.11333333333333333,0.056666666666666664,0,3
e5f97fa3f2d0,0.2,0.5966666666666667,0.14,0.06333333333333334,2,3
e5ffc5baa978,0.19,0.5233333333333333,0.16666666666666666,0.12,2,0
e6069f2cab57,0.3696400257729802,0.26832627960787536,0.22435686194023974,0.13767683267890482,0,1
e60a0bcf8160,0.29,0.38333333333333336,0.20666666666666667,0.12,0,2
e61140a68866,0.24,0.47,0.20666666666666667,0.08333333333333333,2,3
e615b95130a4,0.37544675864307986,0.16722121887027488,0.3019662386027754,0.1553657838838698,0,1
e619787c1a07,0.15333333333333332,0.59,0.14333333333333334,0.11333333333333333,1,0
e63929e6add1,0.12546225747392137,0.614412383180059,0.2049152909411798,0.05521006840483986,1,1
e63cd8a6d04d,0.14333333333333334,0.54,0.21,0.10666666666666667,2,3
e63e246debfd,0.22666666666666666,0.31333333333333335,0.23333333333333334,0.22666666666666666,0,2
e6505c104184,0.6166666666666667,0.22666666666666666,0.09,0.06666666666666667,0,2
e65207f12ea2,0.13222729839574998,0.48342718689603525,0.26098277423784794,0.12336274047036644,1,1
e67619d00b58,0.12366503514046329,0.5645232884640725,0.1750949324862738,0.13671674390919064,1,1
e687b28d3864,0.6433333333333333,0.19666666666666666,0.13666666666666666,0.023333333333333334,1,0
e6961147acfd,0.41333333333333333,0.2866666666666667,0.20666666666666667,0.09333333333333334,0,2
e696904df3be,0.19666666666666666,0.5,0.18,0.12333333333333334,1,0
e699535e65da,0.61,0.20666666666666667,0.15,0.03333333333333333,0,0
e6ade0ee672e,0.14,0.63,0.14666666666666667,0.08333333333333333,1,0
e6dd6efb3de0,0.4066666666666667,0.32,0.19,0.08333333333333333,3,4
e6de6fbdcd67,0.17666666666666667,0.5733333333333334,0.21333333333333335,0.03666666666666667,1,0
e6e361d6a84e,0.10333333333333333,0.6766666666666666,0.15333333333333332,0.06666666666666667,1,0
e6e404e7db47,0.17333333333333334,0.6233333333333333,0.16333333333333333,0.04,1,2
e6e920ea0609,0.12333333333333334,0.6366666666666667,0.19666666666666666,0.043333333333333335,1,3
e6ee4827951b,0.1,0.5335207809318482,0.2866666666666667,0.0798125524014852,1,2
e6f3ba0b25c5,0.16666666666666666,0.5966666666666667,0.16,0.07666666666666666,2,2
e705df6bf622,0.17,0.5866666666666667,0.17666666666666667,0.06666666666666667,1,4
e7108595fb09,0.18666666666666668,0.6433333333333333,0.12666666666666668,0.043333333333333335,1,3
e713de5fa2f1,0.35333333333333333,0.38,0.21,0.056666666666666664,0,4
e714c61cedb5,0.17,0.5933333333333334,0.18333333333333332,0.05333333333333334,1,0
e719973c92fb,0.62,0.14,0.17666666666666667,0.06333333333333334,0,3
e72c3641aff5,0.3333333333333333,0.4633333333333333,0.11666666666666667,0.08666666666666667,0,0
e737a74a9830,0.18666666666666668,0.5102528499185738,0.23,0.07308048341475958,1,4
e740a2577d7c,0.5433333333333333,0.21,0.16666666666666666,0.08,0,0
e750ed589351,0.5524168656316214,0.15760398142990736,0.18755018840214902,0.1024289645363222,0,1
e751ae5d2da4,0.15666666666666668,0.5933333333333334,0.16666666666666666,0.08333333333333333,0,3
e752b12382d1,0.22666666666666666,0.37666666666666665,0.26,0.13666666666666666,3,2
e764f1cb364c,0.49,0.26,0.12666666666666668,0.12333333333333334,0,2
e7652a255494,0.21333333333333335,0.45,0.25666666666666665,0.08,3,4
e770c3c0df1a,0.4564320906555239,0.2658258757912991,0.2054920434345989,0.07224999011857786,2,1
e773dcdd7200,0.39,0.23,0.11,0.27,1,2
e78731870e9a,0.11666666666666667,0.6666666666666666,0.13333333333333333,0.08333333333333333,1,3
e7991479fcde,0.36666666666666664,0.3333333333333333,0.17,0.13,0,2
e7b519c4b318,0.6,0.21333333333333335,0.13333333333333333,0.05333333333333334,0,3
e7bc5f198df7,0.29333333333333333,0.5166666666666667,0.15666666666666668,0.03333333333333333,1,0
e7c4f060e6d4,0.31333333333333335,0.4766666666666667,0.16333333333333333,0.04666666666666667,1,4
e7c75b329ac7,0.24,0.5266666666666666,0.11,0.12333333333333334,0,4
e805aa5e9f9d,0.24,0.4266666666666667,0.24,0.09333333333333334,3,3
e80a00183db9,0.14333333333333334,0.5333333333333333,0.21333333333333335,0.11,1,2
e81975072f7a,0.22333333333333333,0.47,0.19333333333333333,0.11333333333333333,1,0
e82dabeb2c01,0.22,0.38333333333333336,0.19333333333333333,0.20333333333333334,0,4
e82e8c609e01,0.27894664590711266,0.28685108590256675,0.26741035903262317,0.1667919091576974,1,1
e832781629fd,0.25333333333333335,0.4,0.16333333333333333,0.18333333333333332,1,2
e83599857d12,0.10666666666666667,0.6,0.24333333333333335,0.05,1,4
e867ef0d690a,0.2638082740594785,0.31738518443271346,0.299324628106812,0.11948191340099608,1,1
e86da5ced3d9,0.10666666666666667,0.52,0.2733333333333333,0.1,1,3
e8738bc58dca,0.20333333333333334,0.5766666666666667,0.17666666666666667,0.043333333333333335,0,4
e8752745d466,0.07666666666666666,0.5733333333333334,0.2633333333333333,0.08666666666666667,1,2
e87937446df8,0.12350430708991857,0.40838801732408414,0.2984653813861701,0.169642294199827,2,1
e87a9de37972,0.6440337314061212,0.11182077495052906,0.1592713420118823,0.0848741516314671,0,1
e87c1dfe1c1f,0.3,0.30666666666666664,0.25,0.14333333333333334,0,2
e8956cd9117c,0.252141209198391,0.22234751796841573,0.32088842479653124,0.2046228480366618,2,1
e8ad62a8f5d4,0.15666666666666668,0.6533333333333333,0.11666666666666667,0.07333333333333333,1,3
e8b4637a1396,0.1,0.71,0.11,0.08,2,4
e8ca5a4146ab,0.11666666666666667,0.6233333333333333,0.24,0.02,1,0
e8cd174b1e73,0.15426763355357906,0.33314120857885904,0.12737552675258726,0.38521563111497437,1,1
e8cdd5d7becb,0.21666666666666667,0.53,0.17333333333333334,0.08,0,0
e8da31ab0da5,0.08333333333333333,0.74,0.08333333333333333,0.09333333333333334,1,3
e90d4db7ddd4,0.12666666666666668,0.47449038947900857,0.18666666666666668,0.21217627718765808,0,0
e90dd06ea8a1,0.12200674698839352,0.42967072390727945,0.2493715702799579,0.19895095882436933,1,1
e9268097a0d1,0.13195279863385673,0.27382874537207985,0.26188187642392724,0.332336579570136,2,1
e93a46774f00,0.33603668640336687,0.23877166391781388,0.2231942662250097,0.20199738345380988,1,1
e93b8361bfd0,0.18666666666666668,0.44666666666666666,0.17333333333333334,0.19333333333333333,2,4
e94ccb56b277,0.23,0.5333333333333333,0.18,0.056666666666666664,1,3
e96f12697ca3,0.24,0.4866666666666667,0.19333333333333333,0.08,0,0
e97d25d7e522,0.47333333333333333,0.36333333333333334,0.09666666666666666,0.06666666666666667,0,2
e97d79485202,0.4033333333333333,0.35333333333333333,0.16333333333333333,0.08,1,0
e9875afe7532,0.1429189343167598,0.5433760364261637,0.1998945544977547,0.11381047475932175,1,1
e9ce880f2202,0.16338046398191072,0.4905309900187165,0.22555847123920045,0.12053007476017276,3,1
e9d5e9c6fd14,0.11333333333333333,0.5933333333333334,0.14666666666666667,0.14666666666666667,1,3
e9ede9640810,0.44666666666666666,0.3333333333333333,0.18,0.04,0,2
e9f977bc280f,0.17666666666666667,0.5533333333333333,0.22333333333333333,0.04666666666666667,1,4
ea095c5991c3,0.38666666666666666,0.23,0.21333333333333335,0.17,0,2
ea1b70752c62,0.13241213651928171,0.4297468382813319,0.23431412885586647,0.20352689634352022,1,1
ea1bf78bc0ee,0.23666666666666666,0.52,0.16666666666666666,0.07666666666666666,1,4
ea2d09b4a59f,0.21666666666666667,0.5166666666666667,0.21666666666666667,0.05,1,0
ea44061da219,0.16666666666666666,0.6133333333333333,0.16666666666666666,0.05333333333333334,1,0
ea4e755480da,0.25666666666666665,0.5666666666666667,0.12666666666666668,0.05,2,2
ea71dbbcf2ab,0.10333333333333333,0.7333333333333333,0.12333333333333334,0.04,1,3
eaac01660339,0.20976129693376205,0.25390732661010484,0.25437711208289876,0.2819542643732344,1,1
eab43c22f6e3,0.20838809043345002,0.4130832129275388,0.2085832949825361,0.16994540165647512,2,1
eadbd008393b,0.24333333333333335,0.48333333333333334,0.17,0.10333333333333333,1,0
eae003afb999,0.2733333333333333,0.37333333333333335,0.17333333333333334,0.18,0,3
eaf7e92ddbd6,0.37,0.3566666666666667,0.17666666666666667,0.09666666666666666,0,0
eb17643599fd,0.44666666666666666,0.21,0.25666666666666665,0.08666666666666667,0,4
eb1e40c40c88,0.13666666666666666,0.47333333333333333,0.3,0.09,3,0
eb25647982fe,0.14666666666666667,0.5133333333333333,0.21333333333333335,0.12666666666666668,1,0
eb28eda6261a,0.6733333333333333,0.16,0.11,0.056666666666666664,0,4
eb30f3452fc6,0.22666666666666666,0.43333333333333335,0.24,0.1,3,3
eb3e488b900d,0.37666666666666665,0.3333333333333333,0.20333333333333334,0.08666666666666667,0,0
eb3f608c965d,0.13666666666666666,0.5333333333333333,0.25333333333333335,0.07666666666666666,1,4
eb41a8fdece4,0.29333333333333333,0.51,0.13333333333333333,0.06333333333333334,0,0
eb4f7a7c46c7,0.44666666666666666,0.3566666666666667,0.14666666666666667,0.05,0,3
eb5090e6fdc2,0.12,0.6533333333333333,0.14666666666666667,0.08,1,4
eb6c62925d9c,0.57,0.19,0.17,0.07,0,2
eb76ebad1c23,0.12333333333333334,0.6366666666666667,0.12333333333333334,0.11666666666666667,1,0
eb8b05df8563,0.09,0.6066666666666667,0.18,0.12333333333333334,0,0
eb9dc561833d,0.26,0.47,0.19666666666666666,0.07333333333333333,1,0
eba05ee2d7da,0.18,0.52,0.18666666666666668,0.11333333333333333,1,4
ebb0b75bd4de,0.14,0.6733333333333333,0.15333333333333332,0.03333333333333333,1,4
ebbd78acb0e0,0.15,0.5833333333333334,0.17666666666666667,0.09,1,4
ebd126be46e8,0.32,0.32666666666666666,0.25666666666666665,0.09666666666666666,0,4
ebf4d14f8094,0.1578996216301849,0.5234812745593929,0.1836089199226756,0.1350101838877467,1,1
ec14ca35f6d8,0.2,0.5666666666666667,0.14666666666666667,0.08666666666666667,1,4
ec2491ff28f2,0.17666666666666667,0.6066666666666667,0.11333333333333333,0.10333333333333333,2,4
ec43b49013d3,0.14434010220970553,0.44634222311488836,0.2510789741072852,0.15823870056812098,1,1
ec459b9efc52,0.5066666666666667,0.26666666666666666,0.16666666666666666,0.06,0,2
ec60a9077385,0.12333333333333334,0.5833333333333334,0.21333333333333335,0.08,1,4
ec614c61cdc1,0.32,0.41,0.14,0.13,3,2
ec69b2c23b7a,0.2866666666666667,0.36,0.22,0.13333333333333333,0,2
ec6e91420f3a,0.08,0.6733333333333333,0.19333333333333333,0.05333333333333334,1,2
ec969fa94baa,0.19333333333333333,0.5133333333333333,0.2,0.09333333333333334,2,2
ec99ea1e7890,0.12333333333333334,0.6166666666666667,0.14666666666666667,0.11333333333333333,1,4
ecb369802701,0.28,0.42,0.18666666666666668,0.11333333333333333,2,2
ecb8f4c2606c,0.18,0.4633333333333333,0.21666666666666667,0.14,3,2
ecc8f5b0842b,0.49333333333333335,0.26,0.21333333333333335,0.03333333333333333,0,3
eccebc4009a0,0.16333333333333333,0.6566666666666666,0.16,0.02,1,0
ecd0dea97eef,0.36666666666666664,0.38333333333333336,0.18333333333333332,0.06666666666666667,2,0
ecd883ed5c12,0.17666666666666667,0.5366666666666666,0.22666666666666666,0.06,1,2
ecdfc29912ee,0.15527174043484657,0.43616872891610653,0.2995036820131039,0.10905584863594302,1,1
ecf019f00e3d,0.6766666666666666,0.13666666666666666,0.11666666666666667,0.07,0,3
ed0825c7df20,0.11666666666666667,0.4266666666666667,0.3466666666666667,0.11,1,0
ed49428432a7,0.22666666666666666,0.58,0.1,0.09333333333333334,2,0
ed513f058147,0.10333333333333333,0.63,0.16666666666666666,0.1,1,0
ed5c290105e0,0.4238213576226231,0.24793218731467936,0.21123587060008236,0.11701058446261553,2,1
ed5d94f5100d,0.14333333333333334,0.5091797156737876,0.18,0.167486950992879,2,0
ed6218993ed0,0.3933333333333333,0.31666666666666665,0.17,0.12,0,0
ed7af0f6cc7f,0.42,0.37333333333333335,0.11,0.09666666666666666,1,4
ed7cc735db6c,0.12333333333333334,0.56,0.24333333333333335,0.07333333333333333,1,2
ed849e809c1c,0.4633333333333333,0.32468957000112275,0.16666666666666666,0.045310429998877286,0,0
ed855d09ffd4,0.23422153201710144,0.44354182440639867,0.1880646741471681,0.134171969429332,2,1
ed8cc5fd07f1,0.15666666666666668,0.63,0.14333333333333334,0.07,2,3
ed9792ecb546,0.16,0.52,0.19333333333333333,0.12666666666666668,1,0
ed9fc7d10eba,0.1338689721238628,0.3796977776153889,0.26225989127410476,0.22417335898664328,1,1
eda00b808607,0.21333333333333335,0.47333333333333333,0.22666666666666666,0.08666666666666667,2,4
edaf69ec10f6,0.20666666666666667,0.45,0.19666666666666666,0.14666666666666667,0,0
edb5e43491c4,0.15666666666666668,0.5666666666666667,0.17333333333333334,0.10333333333333333,1,2
edd21ee3c460,0.17752473204161354,0.3516385732761083,0.26957893887131573,0.2012577558109628,1,1
edff2028722a,0.15198200019321864,0.44901081501592055,0.22490082146803506,0.17410636332282595,0,1
ee18a08e02d1,0.2866666666666667,0.42333333333333334,0.23666666666666666,0.05333333333333334,2,2
ee22d804e868,0.14,0.5833333333333334,0.16,0.11666666666666667,3,3
ee4155767b5f,0.14,0.42333333333333334,0.22666666666666666,0.21,3,2
ee4440d41ee6,0.25333333333333335,0.48333333333333334,0.17,0.09333333333333334,3,2
ee59b3ab54f1,0.12926903549265711,0.5112588391776901,0.20547778057944935,0.15399434475020374,1,1
ee5af3809557,0.18666666666666668,0.5766666666666667,0.18,0.056666666666666664,1,0
ee5ea1ff9f13,0.5566666666666666,0.25666666666666665,0.11333333333333333,0.07333333333333333,0,4
ee5f0438b183,0.16236832206951482,0.3744290617224063,0.24235110870621207,0.22085150750186666,2,1
ee65eee3a327,0.4533333333333333,0.32666666666666666,0.14333333333333334,0.07666666666666666,3,3
ee783fcfed40,0.18333333333333332,0.44666666666666666,0.3,0.07,0,4
ee8920d4faeb,0.15,0.69,0.13,0.03,1,3
ee8c14899dfa,0.07563770190854864,0.4747749733623845,0.23712782780509367,0.2124594969239737,1,1
ee8cf2f50c90,0.4648196820499663,0.19869820799280116,0.22724751943742807,0.1092345905198042,1,1
ee946ca9c50d,0.5459809961439975,0.13874517115900092,0.18955119923989833,0.12572263345710333,0,1
ee980e0dc7d1,0.31666666666666665,0.39666666666666667,0.17,0.11666666666666667,0,0
eea9ab1e6c53,0.4166666666666667,0.30333333333333334,0.25333333333333335,0.02666666666666667,0,0
eeab05ccb1a5,0.49666666666666665,0.25333333333333335,0.17,0.08,0,3
eebaa7b747e2,0.17510314985570744,0.4718562986792146,0.19361763760436915,0.15942291386070873,1,1
eed043f0a603,0.22666666666666666,0.5533333333333333,0.15666666666666668,0.06333333333333334,1,2
eed9b6596e6d,0.18,0.5533333333333333,0.21,0.056666666666666664,1,4
eee88e3f416d,0.13666666666666666,0.5066666666666667,0.2,0.15666666666666668,1,4
eeecfd50b220,0.06,0.7933333333333333,0.07,0.07666666666666666,1,2
eef237fc67b9,0.37666666666666665,0.2966666666666667,0.21666666666666667,0.11,1,2
eef6300c5540,0.22341279264278802,0.35706370396566584,0.38276696944943167,0.0367565339421142,2,1
ef2903498dc5,0.16333333333333333,0.43333333333333335,0.26666666666666666,0.13666666666666666,1,0
ef303ca23c79,0.16,0.6335994067870541,0.10666666666666667,0.09973392654627934,2,2
ef3e7ae6e700,0.3835489490389449,0.27073567354265193,0.23295186067137805,0.11276351674702526,1,1
ef45370d19a4,0.49333333333333335,0.22,0.19333333333333333,0.09333333333333334,0,2
ef45c1184249,0.15666666666666668,0.58,0.18666666666666668,0.07666666666666666,2,4
ef6713d49378,0.24799658071317884,0.4152619624480748,0.25309341213310615,0.08364804470564002,2,1
ef8fedf0d644,0.17,0.45666666666666667,0.22666666666666666,0.14666666666666667,1,2
ef90d5cec0ec,0.32,0.44333333333333336,0.17666666666666667,0.06,2,3
ef984f6fa70c,0.11333333333333333,0.6433333333333333,0.16,0.08333333333333333,2,4
efb9bc675820,0.42175208153637245,0.20450613138066284,0.2045014914798036,0.16924029560316084,2,1
efd4278840ce,0.16333333333333333,0.47333333333333333,0.19666666666666666,0.16666666666666666,3,4
efefa03de088,0.16666666666666666,0.5733333333333334,0.15666666666666668,0.10333333333333333,2,2
eff72b9f6efe,0.14333333333333334,0.6366666666666667,0.17,0.05,0,2
efff0a2821eb,0.16666666666666666,0.57,0.2,0.06333333333333334,1,2
f00a7f15f367,0.13729431876124992,0.3759137086535866,0.2901073375321088,0.19668463505305495,1,1
f00ed1bca2c4,0.11666666666666667,0.61,0.22333333333333333,0.05,1,0
f0156675755a,0.7766666666666666,0.09666666666666666,0.1,0.02666666666666667,0,2
f01b33e3ce9d,0.35,0.31333333333333335,0.27,0.06666666666666667,1,0
f025d675b893,0.37,0.37333333333333335,0.2,0.056666666666666664,2,4
f028f4a45ccd,0.13666666666666666,0.56,0.18333333333333332,0.12,3,0
f03cec43a0c6,0.05333333333333334,0.5633333333333334,0.31333333333333335,0.07,0,2
f04ff90a3dd9,0.5766666666666667,0.18666666666666668,0.10666666666666667,0.13,0,4
f0512f3b3a6e,0.16666666666666666,0.6133333333333333,0.16666666666666666,0.05333333333333334,1,2
f05fc3dd7653,0.30333333333333334,0.44,0.14,0.11666666666666667,2,3
f0637f0d7719,0.13666666666666666,0.56,0.21666666666666667,0.08666666666666667,1,2
f07ec852f8c2,0.22,0.44,0.2733333333333333,0.06666666666666667,0,4
f08ec6272e48,0.59,0.18666666666666668,0.13,0.09333333333333334,0,0
f0a6dc99b78a,0.16333333333333333,0.47,0.2,0.16666666666666666,1,3
f0a7a52f661c,0.2866666666666667,0.3933333333333333,0.20666666666666667,0.11333333333333333,0,0
f0bee4584261,0.16333333333333333,0.48333333333333334,0.24,0.11333333333333333,2,0
f0bfb67c18bc,0.2966666666666667,0.44,0.2,0.06333333333333334,1,2
f0c4dc3b247c,0.4311530116581006,0.18819632625591956,0.25645895891247983,0.12419170317349987,1,1
f0c5e85b5e86,0.37333333333333335,0.38666666666666666,0.15666666666666668,0.08333333333333333,0,3
f0dfde16feec,0.6533333333333333,0.20666666666666667,0.1,0.04,2,2
f0e023959894,0.2042100475342296,0.48837463237579415,0.19653337568706106,0.11088194440291557,2,1
f0e40c184d36,0.11,0.5766666666666667,0.19333333333333333,0.12,1,3
f0e99a9fd724,0.2,0.5566666666666666,0.18666666666666668,0.056666666666666664,1,0
f0f8ccd8b0a0,0.48333333333333334,0.21666666666666667,0.22333333333333333,0.07666666666666666,0,0
f1043ac7271b,0.26666666666666666,0.42333333333333334,0.23666666666666666,0.07333333333333333,2,3
f1063f4acf08,0.1,0.59,0.22333333333333333,0.08666666666666667,1,2
f108d58e9f51,0.21,0.4766666666666667,0.24,0.07333333333333333,2,0
f109811743c5,0.38,0.36,0.13666666666666666,0.12333333333333334,0,0
f10d919f319b,0.5162250013374045,0.1607075793455083,0.21323775155448266,0.10982966776260447,1,1
f11ab7648eb2,0.3233333333333333,0.38666666666666666,0.13666666666666666,0.15333333333333332,1,4
f1236049dc34,0.2866666666666667,0.36,0.34,0.013333333333333334,1,3
f134eb1b9f3e,0.49666666666666665,0.24333333333333335,0.12333333333333334,0.13666666666666666,0,0
f13c5fb56a73,0.22,0.5866666666666667,0.15,0.043333333333333335,1,0
f14cc84c4e69,0.11666666666666667,0.6266666666666667,0.17,0.08666666666666667,2,0
f15583c5d579,0.4633333333333333,0.2733333333333333,0.2,0.06333333333333334,1,2
f17037e3c5a5,0.1694795073061101,0.44987399959693203,0.2849405899980695,0.09570590309888889,1,1
f171762263b3,0.65,0.14,0.09666666666666666,0.11333333333333333,0,3
f17665afc4c2,0.38,0.38666666666666666,0.20666666666666667,0.02666666666666667,0,4
f1788303c669,0.34684177047442044,0.29679744461673463,0.24105978986427776,0.11530099504456695,0,1
f17f7d44b959,0.18333333333333332,0.49333333333333335,0.20333333333333334,0.12,2,4
f18fc8dcef6d,0.2,0.44,0.24,0.12,3,4
f1a643119e8d,0.15333333333333332,0.48,0.22666666666666666,0.14,1,2
f1ab0d2dcd7b,0.09333333333333334,0.73,0.10666666666666667,0.07,1,0
f1bf16aa4bb7,0.11333333333333333,0.69,0.14666666666666667,0.05,1,4
f1d8d7ca8477,0.13333333333333333,0.62,0.16,0.08666666666666667,2,2
f1f663bb5ba6,0.26666666666666666,0.46,0.21,0.06333333333333334,1,2
f20576257dc2,0.24333333333333335,0.42333333333333334,0.19,0.14333333333333334,1,4
f206c90d6bf9,0.14333333333333334,0.6833333333333333,0.15333333333333332,0.02,1,4
f20d2ff64006,0.11,0.7733333333333333,0.07333333333333333,0.043333333333333335,1,3
f20ea4a7e55d,0.24,0.2966666666666667,0.2833333333333333,0.18,2,2
f21f4dd7e3b5,0.42333333333333334,0.25,0.22666666666666666,0.1,1,0
f2241ca2d0ff,0.3411472069347397,0.27393868914891817,0.2378075224916646,0.14710658142467747,3,1
f254d359e0ef,0.451225167666438,0.1856684814377604,0.2408585009614635,0.12224784993433763,0,1
f26c50ef1bd0,0.15333333333333332,0.46,0.27,0.11666666666666667,3,2
f2a899251da3,0.10333333333333333,0.6907700375940499,0.12,0.08589662907261676,1,0
f2a9e6e67eda,0.17,0.64,0.13333333333333333,0.056666666666666664,1,0
f2b77c3c70c5,0.6933333333333334,0.14333333333333334,0.08666666666666667,0.07666666666666666,0,4
f2bf2f65fe68,0.16,0.5404736152081284,0.26,0.03952638479187152,1,0
f2d30ac37f7b,0.14666666666666667,0.56,0.14666666666666667,0.14666666666666667,3,2
f2d5dd65d7d2,0.13333333333333333,0.5733333333333334,0.15666666666666668,0.13666666666666666,2,4
f2d890d8bea3,0.35333333333333333,0.39,0.20666666666666667,0.05,2,4
f2e430c3888c,0.38333333333333336,0.38666666666666666,0.19333333333333333,0.03666666666666667,0,2
f2e5da098e85,0.12,0.6066666666666667,0.21,0.06333333333333334,1,2
f2ee15af6c4d,0.17666666666666667,0.4604759576202119,0.22,0.14285737571312146,1,4
f317383c5831,0.33,0.33,0.22,0.12,2,2
f32dd337bd1a,0.30333333333333334,0.49666666666666665,0.11666666666666667,0.08333333333333333,0,4
f333eadeca7f,0.4354557645728017,0.14886820866001643,0.2514525384612841,0.1642234883058973,0,1
f338a2ae96bb,0.7133333333333334,0.10666666666666667,0.16,0.02,0,0
f36b9bbd21ed,0.28,0.43666666666666665,0.16666666666666666,0.11666666666666667,2,4
f36bc38a2660,0.15333333333333332,0.62,0.16,0.06666666666666667,1,3
f36ed95de256,0.3736498123319175,0.21667446532748993,0.2306558276045894,0.17901989473600322,0,1
f371fa5e17ee,0.1453328339377892,0.5562203300255668,0.1962195701912577,0.10222726584538647,1,1
f375191afe2d,0.16,0.5533333333333333,0.16,0.12666666666666668,1,3
f383a0b4d02a,0.17333333333333334,0.5233333333333333,0.27,0.03333333333333333,2,3
f3968991ea72,0.11120336428325174,0.3546749383026681,0.2833792064876065,0.25074249092647366,1,1
f39f4119d62b,0.4899529065156736,0.19483806634553066,0.21663200290689152,0.09857702423190413,2,1
f3a123432445,0.18971090147785633,0.39983595820863016,0.29570944025587903,0.11474370005763435,1,1
f3a9bde37ea8,0.39,0.2866666666666667,0.20333333333333334,0.12,0,3
f3c36d0f9736,0.10666666666666667,0.47,0.26,0.16333333333333333,0,3
f3cab48d1e7c,0.21666666666666667,0.6133333333333333,0.12333333333333334,0.04666666666666667,1,4
f3d1eeb66284,0.09333333333333334,0.64,0.19333333333333333,0.07333333333333333,1,4
f3df81aafa5b,0.1,0.7033333333333334,0.13,0.06666666666666667,1,2
f3eb906bdb01,0.3466666666666667,0.41333333333333333,0.17,0.07,0,4
f400c9a139bb,0.2633333333333333,0.53,0.16,0.04666666666666667,1,4
f40b5a31d1f4,0.3127149489265182,0.2513233540619743,0.2661193418893112,0.16984235512219664,1,1
f40f145b6d3a,0.06333333333333334,0.73,0.16,0.04666666666666667,1,4
f41d7c33e0fb,0.22666666666666666,0.5233333333333333,0.15,0.1,1,3
f42ff739afee,0.06,0.6166666666666667,0.19,0.13333333333333333,2,4
f44b14970f3a,0.7044619353140978,0.06927785490484867,0.13094911039775023,0.09531109938330327,0,1
f45612bd7e0b,0.11666666666666667,0.7133333333333334,0.14,0.03,2,2
f457ac57e4f6,0.07333333333333333,0.5966666666666667,0.25,0.08,1,2
f46cb3c9593d,0.4166666666666667,0.31,0.19333333333333333,0.08,0,0
f472abdca5e0,0.27,0.5033333333333333,0.16,0.06666666666666667,1,4
f4833c3311e2,0.14,0.76,0.08,0.02,1,0
f49511663558,0.08595581911635973,0.6849371516311163,0.15892538699912043,0.0701816422534038,1,1
f49a276f76f2,0.13104804045273283,0.4033155176606593,0.28002208664815775,0.18561435523845,1,1
f4a638dc3304,0.1588779420575581,0.4545455164475671,0.22744428990752075,0.15913225158735425,3,1
f4b2c6d0edca,0.27123015769843095,0.25510054149361483,0.28771795467935,0.18595134612860414,1,1
f4c4177e4ca9,0.5102742090130449,0.17933283459851854,0.19066945260018436,0.11972350378825197,2,1
f4e21bf210a3,0.19333333333333333,0.4866666666666667,0.23,0.09,1,2
f4ef01a6e0f1,0.25333333333333335,0.47014204168326035,0.19333333333333333,0.08319129165007301,3,2
f4f08a1bbea9,0.1,0.77,0.08333333333333333,0.04666666666666667,1,3
f4f5bbdf7a00,0.2082854715685002,0.433741837648241,0.25052241163487876,0.10745027914838029,1,1
f518654dc20e,0.21,0.5833333333333334,0.15,0.056666666666666664,1,0
f5239c4023a0,0.24666666666666667,0.5533333333333333,0.15666666666666668,0.043333333333333335,1,0
f5293dfeedda,0.6666666666666666,0.15666666666666668,0.14,0.03666666666666667,1,2
f556a329c873,0.2833333333333333,0.46,0.22333333333333333,0.03333333333333333,2,0
f55866b3c793,0.18333333333333332,0.48333333333333334,0.2833333333333333,0.05,1,0
f5658ffaf0d3,0.22666666666666666,0.5366666666666666,0.21,0.02666666666666667,1,3
f56638b54fa1,0.2733333333333333,0.4410693970420933,0.20333333333333334,0.08226393629124004,1,0
f58cb6670e91,0.16666666666666666,0.6366666666666667,0.13333333333333333,0.06333333333333334,0,0
f5a635890da2,0.19,0.5666666666666667,0.18333333333333332,0.06,3,2
f5a76ea09507,0.15333333333333332,0.5366666666666666,0.24,0.07,1,3
f5b4675f5f11,0.08,0.6566666666666666,0.15,0.11333333333333333,1,3
f5babfb67083,0.2061230929695996,0.3939103327968318,0.24352024902408512,0.15644632520948354,1,1
f5c94b5db0cd,0.26687315364024516,0.3094563869627786,0.199308154691207,0.22436230470576915,1,1
f5cd2d815be9,0.17666666666666667,0.54,0.13,0.15333333333333332,1,2
f5d1abcf5693,0.42333333333333334,0.2833333333333333,0.17333333333333334,0.12,1,4
f5d2f5175421,0.06333333333333334,0.7475684787189212,0.09666666666666666,0.0924315212810788,1,0
f5f8f43fece0,0.3007009430417773,0.3218498161374641,0.23921692419263987,0.1382323166281184,2,1
f5fd72a88ab9,0.30666666666666664,0.38666666666666666,0.19333333333333333,0.11333333333333333,3,2
f604af7af626,0.13666666666666666,0.5933333333333334,0.15666666666666668,0.11333333333333333,1,4
f6286092ca27,0.12666666666666668,0.49,0.26,0.12333333333333334,1,4
f632b46fa980,0.07666666666666666,0.6733333333333333,0.16666666666666666,0.08333333333333333,1,3
f64c3d12ddd7,0.1930528993562906,0.3374696909610642,0.2572642026970711,0.21221320698557394,1,1
f65a185b5aaa,0.3933333333333333,0.36666666666666664,0.11333333333333333,0.12666666666666668,1,2
f65b67d0fae5,0.4866666666666667,0.29333333333333333,0.18666666666666668,0.03333333333333333,2,0
f674b3cf60f7,0.1,0.66,0.19333333333333333,0.04666666666666667,1,0
f689f3fba17a,0.21333333333333335,0.42333333333333334,0.25333333333333335,0.11,1,3
f6c14c65ff4f,0.10333333333333333,0.7033333333333334,0.09333333333333334,0.1,3,0
f6e480fe97af,0.2,0.5433333333333333,0.17666666666666667,0.08,1,3
f6ee6d94f030,0.3433333333333333,0.45,0.15333333333333332,0.05333333333333334,1,3
f6ffe212deeb,0.09333333333333334,0.5566666666666666,0.14333333333333334,0.20666666666666667,0,3
f7087535a63a,0.14,0.63,0.21666666666666667,0.013333333333333334,3,4
f73ff8c2182d,0.23333333333333334,0.48,0.25666666666666665,0.03,0,2
f744da386f96,0.08,0.76,0.11666666666666667,0.043333333333333335,1,0
f747a0ab20b3,0.15333333333333332,0.6433333333333333,0.11666666666666667,0.08666666666666667,2,3
f74f0c0db300,0.20333333333333334,0.62,0.12333333333333334,0.05333333333333334,2,0
f75774536369,0.22300498081483497,0.3225002116983509,0.35274632590009275,0.10174848158672122,1,1
f76c899a8e19,0.11333333333333333,0.56,0.27666666666666667,0.05,1,2
f779ee1077cb,0.10666666666666667,0.64,0.17333333333333334,0.08,1,0
f7859a6e1ae1,0.33666666666666667,0.5,0.09,0.07333333333333333,0,3
f7974b5d939e,0.15,0.51,0.18333333333333332,0.15666666666666668,2,4
f7a24c01093c,0.16556726370606165,0.34181046137936466,0.2864954373919574,0.2061268375226162,0,1
f7ae051fa2f4,0.22436488834685628,0.37896152949917333,0.22862358590724108,0.16804999624672926,1,1
f7baa94b8333,0.1137292668082375,0.4569445992788934,0.22898485927945814,0.2003412746334111,1,1
f7bef9f1161a,0.18333333333333332,0.49666666666666665,0.21,0.11,2,0
f7c01c47e966,0.7466666666666667,0.09666666666666666,0.08,0.07666666666666666,0,3
f7d8873478ac,0.22191974751216895,0.3154924722971235,0.26038889114053243,0.20219888905017544,0,1
f7e60ddc0f80,0.4633333333333333,0.33666666666666667,0.13666666666666666,0.06333333333333334,0,3
f80048310b29,0.72,0.13,0.12666666666666668,0.023333333333333334,2,2
f8038bf5a049,0.24,0.3566666666666667,0.29333333333333333,0.11,0,3
f807cd855d31,0.33473594385530997,0.25418676927798833,0.2043647741082806,0.20671251275842095,3,1
f83b4b1d4a28,0.38333333333333336,0.38333333333333336,0.19,0.043333333333333335,1,0
f83e25510eb9,0.21666666666666667,0.4166666666666667,0.31333333333333335,0.05333333333333334,1,2
f8483372c4ff,0.5133333333333333,0.21666666666666667,0.17333333333333334,0.09666666666666666,0,3
f84e46c75e24,0.3,0.33,0.2833333333333333,0.08666666666666667,2,3
f8567c73e039,0.3333333333333333,0.45,0.15,0.06666666666666667,1,4
f865b83af346,0.14666666666666667,0.55,0.15,0.15333333333333332,1,2
f86b1c64bf80,0.24666666666666667,0.46,0.19,0.10333333333333333,0,2
f871e115903e,0.37666666666666665,0.33666666666666667,0.20333333333333334,0.08333333333333333,3,3
f87baaa34bec,0.216408680261667,0.320047788263268,0.3432471159837034,0.12029641549136168,3,1
f8a3d75d02bc,0.34,0.39,0.22666666666666666,0.043333333333333335,0,2
f8aea676f0a6,0.21,0.55,0.18666666666666668,0.05333333333333334,1,0
f8bdffa59cc1,0.1773886348525732,0.3402532743525149,0.252083130017203,0.23027496077770893,1,1
f8c006d79bd7,0.11,0.7133333333333334,0.13,0.04666666666666667,1,0
f8c0c4c6a036,0.3867402652061688,0.2573472785766352,0.23144721442329266,0.12446524179390331,2,1
f8c0c6d203ad,0.32666666666666666,0.43333333333333335,0.2,0.04,0,2
f8d8e382f2e6,0.09666666666666666,0.6975725406935598,0.14333333333333334,0.0624274593064402,1,2
f938e8a612a8,0.33341589242663305,0.28662010130316334,0.2891848457338646,0.09077916053633889,2,1
f947db14b9ee,0.19,0.6533333333333333,0.13,0.02666666666666667,1,4
f95e25cb4206,0.5233333333333333,0.2733333333333333,0.16,0.043333333333333335,0,4
f975ce4319f4,0.16666666666666666,0.5633333333333334,0.24333333333333335,0.02666666666666667,1,0
f98438a1cf12,0.24666666666666667,0.3933333333333333,0.31,0.05,1,4
f99cfe0bbe0c,0.2921581797224118,0.2980384304953705,0.1562995840790943,0.25350380570312314,2,1
f9ad24c6c692,0.29333333333333333,0.33,0.2833333333333333,0.09333333333333334,0,0
f9b47fe9bcb5,0.12076545214495589,0.40592149996990534,0.25664071877390293,0.21667232911123582,1,1
f9b6922fda66,0.21333333333333335,0.4866666666666667,0.22666666666666666,0.07333333333333333,1,3
f9cc68d54cb4,0.16333333333333333,0.6233333333333333,0.14,0.07333333333333333,0,3
f9d95dc20962,0.14,0.61,0.16333333333333333,0.08666666666666667,1,4
f9e4fc65f2ea,0.35,0.35333333333333333,0.15333333333333332,0.14333333333333334,0,3
f9f022de357f,0.16,0.6166666666666667,0.14333333333333334,0.08,1,0
fa146053ba25,0.30333333333333334,0.3333333333333333,0.22333333333333333,0.14,0,0
fa1c23bc4d54,0.18333333333333332,0.59,0.18666666666666668,0.04,1,4
fa27a6b3551a,0.5433333333333333,0.2833333333333333,0.15333333333333332,0.02,0,4
fa2e157f2acc,0.14,0.5433333333333333,0.21333333333333335,0.10333333333333333,3,0
fa41c6bf6cd3,0.2655388500751391,0.3297829287418215,0.2803641542317125,0.12431406695132703,2,1
fa57c8fc7906,0.4866666666666667,0.21333333333333335,0.18333333333333332,0.11666666666666667,0,4
fa58b6e83e6c,0.2,0.5633333333333334,0.14,0.09666666666666666,2,4
fa6d3b56e333,0.13333333333333333,0.5833333333333334,0.17,0.11333333333333333,1,3
fa749cb9895e,0.1,0.5466666666666666,0.12333333333333334,0.23,3,3
fa79b1765773,0.19333333333333333,0.56,0.19333333333333333,0.05333333333333334,1,4
fa8a5228f38b,0.2833333333333333,0.42,0.22333333333333333,0.07333333333333333,0,0
fa8e92ee028e,0.35333333333333333,0.37666666666666665,0.2,0.07,2,2
fa9766f49a25,0.17333333333333334,0.57,0.16666666666666666,0.09,2,4
fa9ea207e240,0.22,0.55,0.13,0.1,1,3
faa6a62e025c,0.3333333333333333,0.2866666666666667,0.23666666666666666,0.14333333333333334,0,3
faaf89353e32,0.30896932954704576,0.2686105447977552,0.255860566092508,0.1665595595626906,2,1
fab641b3ce7c,0.10666666666666667,0.68,0.15,0.06333333333333334,3,0
fabeecea5a9f,0.4264166913577051,0.14611887216658817,0.25388937333550937,0.1735750631401976,2,1
fae06a05819a,0.19,0.5066666666666667,0.20666666666666667,0.09666666666666666,1,0
fae99afb074d,0.4495054039938434,0.2226663700129427,0.22639953907864452,0.10142868691456942,1,1
fb18563e2a98,0.18666666666666668,0.4533333333333333,0.15666666666666668,0.20333333333333334,2,3
fb24a702b87b,0.17,0.49333333333333335,0.27666666666666667,0.06,1,4
fb255b926b51,0.41978717653277003,0.15759505040425328,0.28192661533891855,0.14069115772405782,1,1
fb2654cffc9e,0.5666666666666667,0.25666666666666665,0.14,0.03666666666666667,0,0
fb4399c644e0,0.20333333333333334,0.5033333333333333,0.22,0.07333333333333333,1,2
fb47f989bbcb,0.05333333333333334,0.62,0.22333333333333333,0.10333333333333333,1,0
fb4ddcf7f9d6,0.26044429221364157,0.2896429183461834,0.2781753995146568,0.17173738992551812,1,1
fb5044f382e3,0.5966666666666667,0.14333333333333334,0.23333333333333334,0.02666666666666667,0,4
fb5a3285aaa8,0.12,0.6233333333333333,0.15666666666666668,0.1,1,4
fb6a47691101,0.38333333333333336,0.4633333333333333,0.1,0.05333333333333334,1,3
fb6b862b6145,0.5566666666666666,0.23666666666666666,0.18666666666666668,0.02,0,3
fb8430889b41,0.18,0.4766666666666667,0.19666666666666666,0.14666666666666667,1,3
fb8c469d8dfa,0.1349677583842686,0.5262355660245772,0.17696878828230656,0.16182788730884753,1,1
fb913c5f28a1,0.4467833315804371,0.17193997262719218,0.24986175483593642,0.13141494095643436,2,1
fba292caa45e,0.18666666666666668,0.6066666666666667,0.14333333333333334,0.06333333333333334,1,3
fbcb95b52844,0.47333333333333333,0.2833333333333333,0.14,0.10333333333333333,0,4
fbe9974ec5b3,0.11,0.5833333333333334,0.22666666666666666,0.08,1,3
fc01bbfefaee,0.14845412641124878,0.42938075042687585,0.20906904247972802,0.2130960806821473,0,1
fc1a3a2c2e77,0.31666666666666665,0.4066666666666667,0.20333333333333334,0.07333333333333333,0,3
fc3caa4d9eec,0.19,0.5333333333333333,0.2,0.07666666666666666,0,2
fc42a9c84eb5,0.17,0.52,0.15333333333333332,0.15666666666666668,1,3
fc63422eca1c,0.3933333333333333,0.37666666666666665,0.18666666666666668,0.043333333333333335,0,4
fc6b2aa453eb,0.23666666666666666,0.5433333333333333,0.15,0.07,2,4
fc76d65f316a,0.12333333333333334,0.6933333333333334,0.13,0.05333333333333334,1,2
fc7b87a31179,0.08333333333333333,0.6566666666666666,0.21333333333333335,0.04666666666666667,0,3
fc96b65aa265,0.21649325731671487,0.29677758987374303,0.28697162995023384,0.1997575228593082,0,1
fc9a57e4f583,0.6066666666666667,0.18333333333333332,0.10666666666666667,0.10333333333333333,1,0
fcaa54dda5f3,0.08666666666666667,0.6633333333333333,0.19666666666666666,0.05333333333333334,2,0
fcb2e43ec0fb,0.10333333333333333,0.7066666666666667,0.09,0.1,1,2
fcb3ecf7568a,0.08666666666666667,0.66,0.12,0.13333333333333333,1,3
fcbe8b4eed91,0.3050662598738956,0.3018435896032282,0.2717033895033993,0.1213867610194767,2,1
fcda620cd4ab,0.07666666666666666,0.68,0.14333333333333334,0.1,2,0
fcf51aeb5fab,0.30333333333333334,0.2510147414866353,0.19333333333333333,0.2523185918466981,3,4
fcfef81a42ba,0.14562242984340443,0.37954414207634424,0.253532915948519,0.22130051213173188,2,1
fd0cd3ed85bd,0.12,0.59,0.20666666666666667,0.08333333333333333,1,0
fd2947c154c2,0.26,0.43666666666666665,0.19333333333333333,0.11,0,2
fd2acdca6a22,0.6045205592615893,0.17311983422586016,0.15637099318947165,0.06598861332307902,0,1
fd33d1e13711,0.3466666666666667,0.38666666666666666,0.17666666666666667,0.09,0,2
fd34648eeaca,0.42,0.31,0.18,0.09,0,4
fd62a2e871fb,0.11666666666666667,0.6633333333333333,0.19333333333333333,0.02666666666666667,1,2
fd657558f339,0.14666666666666667,0.44666666666666666,0.19,0.21666666666666667,3,3
fd712fae87c0,0.31333333333333335,0.37666666666666665,0.11666666666666667,0.19333333333333333,1,4
fd8c61575a7d,0.11333333333333333,0.6633333333333333,0.17333333333333334,0.05,1,0
fd8f50efba72,0.16,0.5733333333333334,0.17,0.09666666666666666,1,0
fd90f27b813a,0.23594295286367076,0.3887790970142769,0.268802447010299,0.10647550311175319,0,1
fd92c6f2b2e6,0.29,0.3566666666666667,0.24,0.11333333333333333,0,3
fd9bc8ec9c4b,0.09,0.7066666666666667,0.15,0.05333333333333334,1,2
fd9d8a24f167,0.7318827962407336,0.06431912375657375,0.11820321586852515,0.08559486413416767,0,1
fda24ef37907,0.17333333333333334,0.6,0.18333333333333332,0.043333333333333335,1,2
fda2cd74ad14,0.3933333333333333,0.3233333333333333,0.22,0.06333333333333334,1,4
fdb3f0146f58,0.10666666666666667,0.6533333333333333,0.13666666666666666,0.10333333333333333,2,4
fdb830b6745f,0.27666666666666667,0.49,0.13666666666666666,0.09666666666666666,0,0
fdbf84b3fd88,0.28063649507693017,0.30373842236721393,0.3082907937151224,0.10733428884073333,1,1
fdc5e14139d7,0.23,0.45,0.25666666666666665,0.06333333333333334,1,0
fdcc6f504d49,0.20676168345391027,0.3712079930931142,0.2554204389319988,0.16660988452097678,1,1
fde8d14e4c31,0.19666666666666666,0.6366666666666667,0.11,0.056666666666666664,3,4
fdf9cb6b052d,0.33,0.43333333333333335,0.17666666666666667,0.06,1,2
fdfd07901483,0.4766666666666667,0.38,0.11333333333333333,0.03,0,0
fe0b9c37645b,0.27,0.48,0.18,0.07,3,0
fe0be2315bf0,0.20666666666666667,0.5066666666666667,0.15333333333333332,0.13333333333333333,0,4
fe139f2b6429,0.16666666666666666,0.57,0.16666666666666666,0.09666666666666666,3,2
fe1d8ff109c1,0.14,0.51,0.19,0.16,0,2
fe4db0232dad,0.29,0.4604972288202692,0.19,0.0595027711797308,0,2
fe6b58e8499f,0.26,0.4766666666666667,0.17666666666666667,0.08666666666666667,2,2
fe6b9118cf57,0.12333333333333334,0.6166666666666667,0.18,0.08,1,3
fe7b14312526,0.2096295951876778,0.39324699623613063,0.2504054261345897,0.1467179824416019,1,1
fecb27d2edca,0.36558643358304965,0.21363963876562195,0.2850403365512957,0.13573359110003275,0,1
fecddac318f7,0.16666666666666666,0.48333333333333334,0.17,0.18,0,3
fee1b3d702a5,0.5402972953008796,0.16731463015434425,0.22571189420009555,0.06667618034468058,0,1
fefbd0c403c1,0.29333333333333333,0.5,0.17,0.03666666666666667,2,3
feffa20fac13,0.5666666666666667,0.22333333333333333,0.15333333333333332,0.056666666666666664,2,3
ff0879eb20ed,0.3433333333333333,0.4033333333333333,0.16333333333333333,0.09,0,4
ff0bf9cae3b3,0.31666666666666665,0.4066666666666667,0.18,0.09666666666666666,1,2
ff19b8e99b4b,0.59,0.23,0.08666666666666667,0.09333333333333334,0,2
ff3bc8d91f5b,0.2833333333333333,0.4866666666666667,0.15333333333333332,0.07666666666666666,1,3
ff3e6f379834,0.21666666666666667,0.5133333333333333,0.19,0.08,1,4
ff3fc3faf1ca,0.4266666666666667,0.25666666666666665,0.21666666666666667,0.1,2,2
ff4c1c2444fa,0.12666666666666668,0.45666666666666667,0.3,0.11666666666666667,2,0
ff4d28f1b11e,0.75,0.09,0.11,0.05,1,0
ff5948fb8ea9,0.3139975943176391,0.2385492735221241,0.2861093631409457,0.16134376901929107,1,1
ff631db5f6d4,0.24666666666666667,0.44,0.19,0.12333333333333334,2,0
ff7ffd9c6c80,0.4266666666666667,0.37666666666666665,0.14333333333333334,0.05333333333333334,0,4
ff8c65c0cb53,0.15,0.5766666666666667,0.18666666666666668,0.08666666666666667,3,4
ff9f78aa56a3,0.12846673141057383,0.4274557109923029,0.2608521293864005,0.18322542821072282,0,1
ffa332785df4,0.30333333333333334,0.31666666666666665,0.23,0.15,1,0
ffc3fa3a1911,0.16,0.46,0.25,0.13,3,4
ffc6679e82d6,0.11333333333333333,0.6133333333333333,0.19333333333333333,0.08,1,2
ffe4d6e8fbb0,0.33666666666666667,0.3566666666666667,0.18666666666666668,0.12,1,2
ffebf1ef4a9c,0.6066666666666667,0.23333333333333334,0.12,0.04,1,3
