study_id,p0,p1,p2,p3,label,cv_fold
00086460a852,0.03632882440794089,0.10914781631639177,0.13743279286604806,0.7170905664096192,1,3
000c9c05fd14,0.18448687870821814,0.15797093396580816,0.18328132934105798,0.4742608579849156,3,1
00792b5c8852,0.3829522468912424,0.07947229319415114,0.3601116935938791,0.1774637663207273,0,1
00908ffd2d08,0.16826860519273046,0.5212015855285571,0.20386307418206845,0.10666673509664397,0,0
009bc005edaa,0.052098284276012076,0.7188319420543657,0.12127767167991055,0.10779210198971166,2,2
00a76543ed93,0.41666010112997354,0.22154598536900874,0.19003979060256382,0.1717541228984539,2,0
00a87235ca36,0.06719797361502965,0.38229148205078034,0.4951346474317479,0.05537589690244221,1,4
00b33b3eb8d9,0.11275687782613043,0.35904681359033125,0.4466125953758462,0.08158371320769202,1,3
00c241c3fc0d,0.21114690382637585,0.31414386445371706,0.2371049245932947,0.23760430712661246,0,3
00c83e33588f,0.40714687317932,0.1155016796099175,0.27389026718758824,0.2034611800231743,2,4
00ccd633fb0e,0.35445135793219534,0.13637890869251815,0.23032120509156068,0.2788485282837258,0,3
00e936c58da6,0.46117647973337683,0.11855232651306727,0.23649796663120945,0.18377322712234642,0,3
00fceac64e6a,0.1508677136733553,0.2022910005294216,0.4722489097994405,0.17459237599778266,2,1
00febcfee50b,0.5392525687931484,0.03134810799312765,0.23224047616146284,0.19715884705226097,0,0
01206a422293,0.10134068401649701,0.5490750575758736,0.21549416560687848,0.13409009280075082,1,0
012229ebd9b3,0.2726831312185719,0.10388040484081335,0.22181896515873697,0.4016174987818777,0,3
013d698aeecb,0.554988723304866,0.034642000095184027,0.15694456289600084,0.25342471370394903,0,0
0142feaef82f,0.25480463855254526,0.23447010489215614,0.2077666968643731,0.3029585596909255,2,0
0147e3c530f2,0.24301849898969327,0.11117776940539024,0.3071173464811919,0.3386863851237246,2,1
01494b9b4423,0.5337924269992582,0.02815483698176982,0.14605110501823376,0.2920016310007383,2,3
015707c0e73f,0.1308015755021315,0.2143490025932548,0.2872940332683122,0.36755538863630144,1,4
0159c2d40b52,0.05086929401591883,0.551964476558185,0.2202143773834905,0.1769518520424055,1,3
016c1781fbb2,0.40195747565830564,0.1685549203616696,0.31073191149162344,0.11875569248840122,0,0
0172a5607c9d,0.1531956108674868,0.28653888078713674,0.18560071030251657,0.3746647980428599,1,0
018c5ec34722,0.3010694974548736,0.29645609295129416,0.25387954928029965,0.1485948603135327,2,0
018c96c9aeff,0.03949117297101275,0.5066945785933993,0.19828750024366404,0.2555267481919239,2,2
018cfcc1e851,0.1375829088693598,0.30370116797233576,0.26266687165813996,0.2960490515001644,2,3
01934dbaf28b,0.7805585268859293,0.03364406265152909,0.13341443524987906,0.05238297521266249,0,0
019960c57d32,0.08627854193088291,0.47577387056522663,0.3047418434265456,0.13320574407734484,1,1
019aef94b388,0.3205120574280203,0.15292911333380965,0.19144509917110225,0.3351137300670678,0,0
01c6c27b82a4,0.3880927691671373,0.1955927839165725,0.25838582664991333,0.15792862026637683,0,3
01c8e624037b,0.5226037810061875,0.11216372249958652,0.2155748167890756,0.14965767970515026,3,1
01ce54f82d94,0.6575471130804974,0.02653133851906077,0.1549552563423916,0.16096629205805033,0,2
01e030757f57,0.05632313814993534,0.5066688755248541,0.1786192057032354,0.25838878062197523,1,3
01e19055f756,0.6879627060327026,0.047495742608875714,0.20287408101354137,0.06166747034488041,2,1
01e830e3a965,0.10608978532132611,0.36710233671830816,0.3574594973335377,0.16934838062682786,0,2
01f104b42afd,0.023678421161535786,0.6904840993580212,0.21843022566300463,0.06740725381743837,0,1
01fc72cc1f1a,0.008638373325594735,0.7998934027151453,0.08739309906628628,0.10407512489297369,1,1
0207ea0aaf24,0.07070013373345493,0.2602659537375129,0.31998325850816817,0.34905065402086405,1,1
0212c908aa20,0.6532437564894252,0.04756066322134687,0.09420917939863163,0.20498640089059617,0,3
0213594439b0,0.0405472898635241,0.7229023611598749,0.15200214580287244,0.08454820317372856,1,1
021986b21570,0.2543676737772398,0.2652281746392833,0.31290102650785556,0.16750312507562143,1,1
021a7bd50924,0.034848311376718934,0.5137660198880104,0.2775317420568519,0.1738539266784186,1,2
022f9b3cfd91,0.425830962245513,0.3275199769154071,0.1910817137614868,0.055567347077593,1,0
02401e15e783,0.2074916399196959,0.3422261192243715,0.3247062494618949,0.12557599139403758,1,0
0287079f5a1a,0.25054109216977705,0.056697689559072804,0.20007742245433208,0.4926837958168181,0,1
028b79a357d6,0.08147257647071379,0.32474089930231326,0.453242137411866,0.14054438681510698,2,4
02a0fd4d10d6,0.5701400395465036,0.03116798728392108,0.06427762184630213,0.3344143513232732,1,2
02accd5bab1f,0.5925601164105466,0.026830361938415034,0.11315215149186225,0.26745737015917614,0,3
02be71f8212c,0.08910689000268052,0.528777856922321,0.31186038285338186,0.07025487022161656,3,3
02bfa5949092,0.16284647219325932,0.3731252726657251,0.23434016594170504,0.22968808919931047,0,0
02e31620e4e7,0.2345152342940714,0.38128755502089207,0.3086230955381453,0.07557411514689127,1,2
02e6db1dccd4,0.01976267462403998,0.5306698569918539,0.2889208885805719,0.1606465798035342,1,2
03169bde8e0e,0.16226259728592757,0.21616321872818758,0.24448451174255728,0.3770896722433275,0,2
03295f6c7460,0.29713882754277954,0.3370101313477769,0.3080864522377854,0.057764588871658244,1,0
032c262f65c0,0.7452378531755993,0.03535375607849702,0.1368570573303995,0.08255133341550418,0,2
032d9cc1e0ef,0.027828200398994755,0.651176223642291,0.1754483917541972,0.1455471842045169,1,0
03461d2a218f,0.09149729515640918,0.31407253638515414,0.1636360441417255,0.43079412431671127,1,1
035c61ec21cb,0.40268538775976426,0.11248611244492741,0.27738867356152963,0.2074398262337787,0,0
0369e0385796,0.0233489272200015,0.6865725282098675,0.15910864251104162,0.13096990205908937,1,1
038124609f4c,0.14734553100234515,0.02875019387304513,0.09489160537347267,0.729012669751137,0,4
038891a2ca57,0.026160656368590007,0.36187047541786954,0.20648271767827123,0.40548615053526915,2,4
03920c119b2b,0.08346742619799129,0.3549975346307218,0.2446530567790099,0.3168819823922771,0,0
03a549fc0402,0.09755572628665658,0.34695801516807245,0.3163323184707498,0.23915394007452115,2,1
03c62bc287b6,0.7517424276747431,0.025731330160410692,0.15116277394581049,0.0713634682190359,3,2
03c8c9fe62ba,0.6170707344999155,0.05677397834793512,0.22994595592732853,0.09620933122482085,0,1
03c94694e41e,0.03459442426762008,0.614797788332224,0.26413144221590107,0.0864763451842548,0,2
03db5dc7f1a2,0.44559691183659156,0.143787816979691,0.36418238166666544,0.046432889517052,1,0
03e9959341af,0.5829150640218355,0.10193417495858863,0.17880694825068658,0.13634381276888935,0,2
03f7a5f8d8ea,0.06903311290811473,0.20177025845467894,0.343773691169128,0.3854229374680783,1,0
0412ac22af28,0.012868792891283473,0.6095609971510981,0.24922586614576736,0.1283443438118511,2,0
0428b590379a,0.08226551353594022,0.206894129887603,0.2855379494323852,0.4253024071440716,0,4
0444a957bb4d,0.18086897451476952,0.25022212420307083,0.2513092342323259,0.3175996670498337,3,1
0447a64e5813,0.2443726309991074,0.13890087403245152,0.4615367307624993,0.1551897642059419,3,4
0455eeb9fbcc,0.2121637076107455,0.113251866678604,0.2752595288569812,0.3993248968536694,0,2
045762d32a15,0.007235703385294882,0.7374202931537422,0.09940289292393796,0.15594111053702475,1,1
0478ead3b8c2,0.3307113983034346,0.2604298248570453,0.24505052114609388,0.16380825569342622,1,0
047b450939fd,0.028484293071641385,0.38195903240426626,0.3898573979849062,0.19969927653918615,2,0
0482ed7dda6e,0.08366764208327088,0.1821056972740558,0.22194819505038435,0.512278465592289,1,1
048616ba3fe3,0.03531111740757974,0.3224327822951854,0.1388283589792588,0.503427741317976,0,3
0490450d954b,0.4119854414554356,0.11248986816558154,0.25438491704540167,0.22113977333358117,3,0
0490565dc4c0,0.16772738645583932,0.23293190445570158,0.3535801756377285,0.24576053345073043,1,1
04e04b1e22c5,0.06392803685110274,0.6402049236028053,0.1988686393800542,0.09699840016603772,1,3
04ebc4466923,0.6707056382921214,0.09759088665303589,0.1681844874997374,0.06351898755510532,0,2
04f115f14e1c,0.0987910104518371,0.46553630093849574,0.26850871494609607,0.167163973663571,2,1
04fc265a693e,0.08457865629361164,0.39719786970415016,0.2320336114192451,0.2861898625829932,2,2
052693d6dfff,0.4386456956850431,0.07718868656436403,0.29599122674937056,0.1881743910012223,0,1
0550e5868e2d,0.019190616416764842,0.6639926257833725,0.18077287802068986,0.1360438797791727,1,0
0556cdfa7299,0.5981616172782807,0.16256267850380968,0.146082877884095,0.0931928263338146,0,2
055f0253e5cc,0.016003982504892114,0.602113234985145,0.2897053145933865,0.09217746791657637,0,4
056126fb6e9f,0.33078227959342466,0.15146805731976862,0.23538117954407556,0.28236848354273114,1,4
057c02a959f1,0.14388174476022333,0.221964987787506,0.16770906305079866,0.46644420440147205,1,2
0586a3fc149c,0.5918231971252017,0.016123537324161743,0.16076131546147154,0.23129195008916495,0,1
0591d7b2d734,0.177697552547939,0.19465499511807344,0.5581816804623475,0.06946577187163996,1,0
059f8765a1c1,0.14014385795997944,0.4699493681417952,0.17129969705016496,0.2186070768480603,1,0
05debac9c652,0.2895048409626853,0.3505422447293195,0.1919907310278534,0.16796218328014179,1,2
05f00e9a126b,0.1624558364739269,0.2271321732501079,0.12852099746143197,0.48189099281453324,2,0
05f42286c7a2,0.12864821344352848,0.661087476318248,0.12551933954273298,0.08474497069549061,3,4
05f85b86cdd6,0.09989488973835987,0.3343096027308762,0.37533411135552947,0.19046139617523442,1,4
060ed64e8ea3,0.15241266029243133,0.5599547356729446,0.23383331388184403,0.05379929015278006,1,0
060fbd1293ee,0.8496967522975453,0.00846198535713661,0.0694032343094745,0.07243802803584362,0,4
061d2ddaddd1,0.07282018405864163,0.30203325107395196,0.29892536866321956,0.32622119620418677,2,2
065a7fafe1a7,0.024245317074896064,0.7114161304330285,0.17072317213326543,0.0936153803588099,3,4
066b12d875eb,0.03748861690793714,0.38870542363107213,0.4813671511949215,0.09243880826606912,2,3
066b28c3eb1e,0.6493807172573521,0.08944124709290614,0.13502633957547763,0.12615169607426402,0,1
067d0d1495a8,0.3865077908054595,0.24067302640134614,0.30844711337952335,0.06437206941367109,1,2
0680d8beb75f,0.10495259216202302,0.3550459108112045,0.2202105060784152,0.3197909909483572,2,3
068be3f82883,0.11014775094068785,0.2552164525368983,0.38774323307781555,0.24689256344459834,1,2
069f0610c6e5,0.40366464550185777,0.3473555149010648,0.1366882995391247,0.11229154005795276,1,0
06b01b8935cb,0.1818308215458905,0.3912682857375049,0.30825084649171663,0.11865004622488805,0,1
06b55d23496f,0.5663216643076213,0.086476548605959,0.16625880144710095,0.18094298563931874,1,3
06dc92c4302a,0.446568048924268,0.30415955761063135,0.19521803662992765,0.054054356835172956,1,2
06e5fcfcd2f8,0.3147222678658111,0.10622433473227652,0.42948442078688853,0.1495689766150238,0,4
06ee997f0ba0,0.09038637700760324,0.3264072238483578,0.2565304652808372,0.32667593386320165,2,3
06f711c020a1,0.1919646954723063,0.4116869203381123,0.2761560908504323,0.12019229333914927,2,4
07096154447a,0.057797582740845004,0.2824188567654664,0.533862623017248,0.12592093747644056,1,3
070cbb72137d,0.5387649083656589,0.05307074043583731,0.30082015480765445,0.10734419639084931,2,1
07110539dce9,0.2652812045917936,0.3454367121228595,0.3123417751716779,0.07694030811366888,1,2
0717c8ac304f,0.03383905025904113,0.6047106372137174,0.22543489237034275,0.1360154201568987,1,0
0718a591b693,0.30731404926700684,0.1274996788669564,0.23612953557125824,0.3290567362947785,0,4
0725e859c8de,0.059242312494113,0.4008143723864421,0.4493767540267928,0.09056656109265224,0,3
072ae7beb987,0.6437491378689939,0.013190215275532957,0.16062959852343106,0.18243104833204207,0,4
072f2a6a3afe,0.2497474369433547,0.24071388231893642,0.16549517645870515,0.3440435042790037,1,0
075544a7881c,0.04568003892724518,0.45189761349466717,0.17604047548301505,0.3263818720950725,1,1
076451eaa633,0.23539888557122313,0.2926466512911163,0.3575234616521735,0.11443100148548713,0,1
0786e68c8c8d,0.7103599294395686,0.03571293668138552,0.0913145231930802,0.16261261068596577,0,2
078e02e7614f,0.5027612567311235,0.19703381372984577,0.24209955558179286,0.05810537395723771,2,4
07908d53db2b,0.09827711306055463,0.23736483672995023,0.2550305732046488,0.40932747700484634,3,2
079e0cefd391,0.19802622882127568,0.09221165907966562,0.41854487210363905,0.29121723999541954,1,3
07a2358b4e59,0.4490962302956194,0.07995361977346294,0.22665968679564744,0.24429046313527011,2,4
07ab05ea79fa,0.04206008133919631,0.5192111364006529,0.2766450117940796,0.1620837704660712,1,2
07b01d3eb9d2,0.09889778183112014,0.27796551754492765,0.2734639337796971,0.34967276684425513,0,3
07caeab1de20,0.09088166087401811,0.2459745238674896,0.430011506517831,0.2331323087406613,1,2
07d5f3e47055,0.10501453860303417,0.27814926010715496,0.5313410361710686,0.08549516511874225,1,2
07ee38c90625,0.0896807546772376,0.23331225921527435,0.23135074250688856,0.44565624360059947,0,2
0809cb7a5f38,0.5252421377602835,0.013856953162374733,0.0794319156735222,0.3814689934038195,0,2
080c164369e7,0.045823311815407004,0.342639043385504,0.2787068789711536,0.3328307658279355,1,1
08277cefd028,0.4774376175334165,0.11053066099858082,0.18461835833801593,0.22741336312998686,3,2
082f133bd70d,0.09742092194261447,0.30650232689806073,0.27252801329376364,0.32354873786556115,1,1
0833353809f6,0.3615499406904209,0.179612240071852,0.3008425362731828,0.1579952829645444,0,4
0845243089f8,0.19734095371957733,0.38320462393741384,0.17214242811324545,0.24731199422976338,1,4
0846afd21193,0.2869267717656564,0.2738697538085261,0.28036989118460576,0.15883358324121175,1,1
0847b3407f85,0.36306948968829406,0.17319022060799627,0.1775525827420192,0.2861877069616906,2,2
08493873ea34,0.01553450579792782,0.7405068776940015,0.17526508969514465,0.06869352681292598,1,0
0862f314ec92,0.6644857812716142,0.07327194212350338,0.16629200860680832,0.09595026799807418,0,3
086f0ab55636,0.08482318077606177,0.3878020248781975,0.26829591748074283,0.25907887686499786,1,2
0878e798a4a6,0.05370967731224266,0.38301464215528774,0.19263413511924807,0.3706415454132216,1,2
088317a7f035,0.0510464504542129,0.619440384248206,0.2765166888013975,0.0529964764961836,1,0
088665db15b6,0.6051798889131554,0.05724356670244652,0.12302332157946635,0.21455322280493166,2,1
089b1ed81bba,0.08458623675954037,0.2712691590664126,0.5346475586013172,0.10949704557272988,1,0
08aad9bda74f,0.41552111936110786,0.11465893726648542,0.2673135241193419,0.20250641925306484,0,1
08b3ed9bd8ff,0.02119477338833801,0.21246958330211385,0.0757001633879547,0.6906354799215935,2,2
08bf9775ebfd,0.15050704560454284,0.28445203521848356,0.19035256557973654,0.374688353597237,0,0
08c27d332b66,0.06724890164004459,0.12143301371623297,0.1886702145524287,0.6226478700912936,1,0
08c7df1f8eee,0.3377666315523366,0.10143690424328718,0.34919173127440684,0.21160473292996945,0,1
08d64eda9bab,0.4505513911346795,0.06417146054414861,0.2919265728450028,0.19335057547616896,1,1
08e2e4a4410e,0.04399635744130856,0.7320186402926551,0.16380098319964828,0.06018401906638795,1,4
08ec6f5aa0df,0.04294438185669415,0.22711310464366244,0.5062925338296924,0.2236499796699511,1,1
08ee3bc2ae53,0.43020683786744934,0.1640479767548989,0.2583893002560385,0.14735588512161318,2,3
08f053401845,0.045766945713651495,0.47196920550232857,0.31777049286874876,0.16449335591527114,1,4
090c33962b67,0.10769042795448586,0.40781148645664167,0.2498609504988192,0.23463713509005332,1,3
09249d4b7b53,0.3969409324949954,0.030888992891059,0.1840557458729013,0.38811432874104423,3,2
09419c95273e,0.07763729176662126,0.3025676929980735,0.3825952836375514,0.23719973159775373,1,2
09539e4d58bb,0.046367449705168755,0.41205831142628585,0.285864598453337,0.25570964041520833,2,0
095a25cc191d,0.6080579315586736,0.06966440067269156,0.1333044401930237,0.18897322757561114,0,3
096061261805,0.4984636328625582,0.08974127680436449,0.31273936065160757,0.09905572968146975,0,1
096c4eb10909,0.2727738282530621,0.14690144298308214,0.4374155215346682,0.14290920722918754,0,2
096eae67f478,0.4191293704326097,0.12986582981635256,0.2330476279273042,0.21795717182373353,0,3
0983897d389c,0.2278316082643447,0.3132555880551443,0.20150956520144764,0.25740323847906327,1,3
099f710eacfd,0.028841147002638696,0.6275845792887234,0.20024408368084062,0.14333019002779734,1,3
09a6c1515372,0.23725168897425344,0.2354918258141605,0.44827403635261637,0.07898244885896984,0,2
09aa1559bcd4,0.2910602064522714,0.28537105559985104,0.25888046489591776,0.16468827305195974,2,1
09bb2eb902cb,0.021539575090057057,0.21026918449474868,0.20612929110842362,0.5620619493067707,1,2
09d8a69657ab,0.36668629736566233,0.2332508735929004,0.28537971794203815,0.11468311109939908,2,4
09dd3b736a69,0.03346921073750008,0.3834745634057872,0.12876601438658705,0.4542902114701257,1,2
09eff3975c81,0.17845028200270774,0.31912214662951877,0.20985433182339822,0.2925732395443752,1,2
09fb4da6ca2f,0.1438686505009858,0.4009952566532115,0.39189127262236145,0.0632448202234412,0,2
0a1a3dd9e738,0.6245987903453002,0.08596173877404586,0.17398432787840856,0.11545514300224537,3,2
0a256a4617e8,0.02532939757772531,0.6141406334260603,0.2804019412388333,0.08012802775738108,1,2
0a29d44f380b,0.1841542052427645,0.3198087637484192,0.3115319331348887,0.18450509787392758,1,0
0a316256e7b2,0.15292624164718668,0.6244510732653156,0.16241465824798956,0.06020802683950823,1,3
0a3cd97f740b,0.2545074308990042,0.32217209975846806,0.2929767599106581,0.13034370943186974,0,0
0a49309fc682,0.14456902552105388,0.12822710559129788,0.3394126409708476,0.3877912279168007,3,0
0a54c691d360,0.4728182057873091,0.16612048452838057,0.1325340376716196,0.22852727201269077,1,0
0a5b9e289c44,0.1912565420750993,0.290148320617726,0.30362611344598694,0.2149690238611878,2,3
0a763df67cdc,0.010331726159340787,0.2325917915240035,0.6338584068754584,0.12321807544119735,2,0
0a903dd7283d,0.014499502388012817,0.3560822700422269,0.22728946582202847,0.4021287617477318,1,4
0a9169b86b81,0.1309931349747635,0.5038193355897775,0.2680236698871621,0.0971638595482969,1,1
0a95fd575cf1,0.2505805753223141,0.10783276712311735,0.4330171726546629,0.20856948489990568,0,2
0ab744a0db95,0.4980977546018369,0.11991532150695992,0.18663941625275995,0.19534750763844316,1,0
0abb818755e4,0.04862806262487071,0.24776999459693394,0.4058292274301376,0.29777271534805777,3,4
0acf45b01bdf,0.17337083253374577,0.3572195879347511,0.31171003974518546,0.15769953978631757,0,0
0ad39f5b94c1,0.011525010769245963,0.304533902732596,0.15107945537183326,0.5328616311263247,1,3
0adaae6adf1b,0.30406604893779277,0.3983116912129354,0.219480976925844,0.07814128292342784,0,4
0adca2b37fe5,0.7002442715781728,0.0845206380532485,0.16979688592951367,0.04543820443906494,0,2
0adfd8d6f010,0.031869077944053074,0.4657414758432882,0.21919959801864322,0.28318984819401555,1,1
0af232c221f8,0.5138732213907301,0.09312882439623034,0.3134968204566117,0.07950113375642776,2,3
0b0449d32b66,0.07480460884546093,0.09738981423014954,0.18502982230744167,0.6427757546169478,3,4
0b152dc8af83,0.04991801133116347,0.32316731801248616,0.2077675116294563,0.41914715902689403,2,3
0b1671929731,0.04088322870487359,0.31789008673924024,0.35307192166015394,0.28815476289573233,2,3
0b19774105f5,0.5571732203136123,0.06510017904054276,0.2181959770959621,0.15953062354988296,0,0
0b457ab68e89,0.6709437256915705,0.06518704362999082,0.20208593766194044,0.06178329301649836,0,4
0b462ace8c37,0.16622933722706978,0.5869821649115196,0.20126335316470503,0.04552514469670564,2,4
0b5593ee3915,0.05538653138544943,0.5236754859930894,0.21834181639451503,0.20259616622694596,1,3
0b58306a56c9,0.3138687022971508,0.09244440451125517,0.3006253381365142,0.2930615550550798,2,1
0b6a57fb8aaa,0.1392143498143963,0.1763031317348714,0.4390196810625116,0.24546283738822067,0,4
0b7a0022dbc8,0.06625805948655579,0.36218682411459957,0.24759851773555033,0.3239565986632943,1,1
0b89a95b6733,0.15493781258053263,0.3017196691903668,0.3684260521756926,0.17491646605340794,2,0
0ba072188224,0.024721118135116384,0.384375895509632,0.1982981033183432,0.3926048830369084,1,3
0ba55e5422ab,0.4625835093722154,0.11109949784819033,0.2188570480699959,0.2074599447095985,0,4
0baee5ac23b2,0.10403634804761228,0.17364613884637475,0.21503179050896698,0.507285722597046,1,1
0bc5db15a5b8,0.39449123532796304,0.29708738670970347,0.22038962060453796,0.08803175735779552,1,1
0bc9b8eb7ead,0.3101680540528492,0.09455208958496894,0.27388356276255876,0.3213962935996231,0,3
0bdd22c68e47,0.12145787708370046,0.409294267538928,0.3066010061226154,0.16264684925475606,1,2
0be731313053,0.5771092958528423,0.06695500117502827,0.15730090150827086,0.1986348014638586,1,4
0c19eb129296,0.05270217950051643,0.21684896425968622,0.5621069966863599,0.16834185955343742,3,4
0c30a9ded310,0.41466340533010165,0.06456676837292136,0.26785189888913463,0.2529179274078423,0,1
0c329e5c3715,0.2101998647368861,0.29012552015812965,0.2111307535673511,0.2885438615376332,0,3
0c3d6d108e07,0.03992559671910621,0.5529549450081646,0.1862646837562659,0.2208547745164634,3,1
0c4be0c6f78c,0.05900893108680398,0.23958350578016277,0.3061270031689723,0.395280559964061,1,2
0c5c7da459a3,0.15867265214163834,0.23262232075054745,0.4675546541802591,0.1411503729275551,0,1
0c6ef19c59cf,0.14864787997214354,0.5259465330957633,0.18217190290809396,0.14323368402399925,1,2
0c7570079a16,0.42577700957530185,0.312082686157128,0.1797198832635749,0.08242042100399534,1,1
0c795288aac0,0.2760632159962072,0.21112596999442854,0.2627976798474377,0.25001313416192655,0,3
0c890190c894,0.05205365511438201,0.7725879837283864,0.14849855264841955,0.026859808508811988,1,0
0c9b15035c41,0.23875724565234288,0.42604460750873413,0.23795415770963707,0.09724398912928586,1,1
0c9f6e26f5fc,0.042714882899185104,0.2836996421238021,0.4854913964545135,0.18809407852249935,2,3
0ca49b5d2be4,0.1466308195573352,0.1556445475432388,0.3318087406095815,0.36591589228984456,3,2
0ccf6bf856e5,0.6582546760068553,0.07714498447561087,0.15916853416190696,0.105431805355627,0,0
0cd5e635c50c,0.5027278460515101,0.12381810322850767,0.15503874355919117,0.21841530716079105,0,2
0cde09614efd,0.17356214490250382,0.26559493590082045,0.4224139635254306,0.13842895567124505,1,0
0d12c6a46f62,0.06223238535239254,0.35925817786771236,0.4527351109422427,0.12577432583765258,1,0
0d1626be72d5,0.29265772359293407,0.19155325229530507,0.26294888122365234,0.2528401428881085,2,3
0d19a07bbff0,0.13922213698715538,0.19917810630344301,0.5181832445518528,0.1434165121575488,1,3
0d49a20737e8,0.6487382564936961,0.017115169832115595,0.09243423685984199,0.24171233681434628,0,2
0d4f4da9dda3,0.5784595001348423,0.07452486925742906,0.113521957277072,0.2334936733306568,0,1
0d5082a9a044,0.02134149911845337,0.175260623401696,0.23890885505310644,0.5644890224267441,1,2
0d6d3f946d7b,0.06035140429460756,0.39261337424865644,0.20268928551757112,0.34434593593916485,1,4
0d6d908b3a21,0.04404726996125235,0.31987049016344365,0.35910824728496216,0.2769739925903418,3,1
0d806ffe4e77,0.5279718343947402,0.1130655863417886,0.24347881797198248,0.1154837612914888,0,0
0d88a0777808,0.04456878589734016,0.6135635154746687,0.18372017253036696,0.15814752609762436,1,1
0d8d0ec75a82,0.3460147320183364,0.20745250143068814,0.31724969184993845,0.12928307470103695,0,4
0d962bb4c9f2,0.35432476680960256,0.07975514131040463,0.2140845537465229,0.35183553813346996,0,3
0d9709b3af74,0.3617695852105276,0.05112957156520487,0.20836777501726855,0.3787330682069989,3,0
0d9ebdd085fc,0.07496392955239277,0.2366647678996742,0.19011560420403123,0.4982556983439017,1,2
0da60a794140,0.06274227908871684,0.64585100269887,0.21120514997758263,0.08020156823483048,1,4
0dad96d7bb42,0.532954419559936,0.17206486213028785,0.1759511919992441,0.11902952631053207,0,1
0dbfffc14b06,0.07221524557942575,0.22085009776840714,0.20313713949100287,0.5037975171611642,1,2
0dca97b508f0,0.12086236137518994,0.1447099087914528,0.42193790881142784,0.3124898210219294,0,0
0dccf6c8a734,0.042616171763216436,0.5061888380067451,0.16501558269581285,0.2861794075342256,3,3
0dda3b2bc0a2,0.4032566533488567,0.313055658654156,0.21447422133269536,0.06921346666429201,1,1
0e073fd45001,0.53113962676736,0.10389979908927781,0.15645204442773158,0.20850852971563066,1,2
0e1701865c35,0.03342348911154276,0.6256881286424658,0.21499162311385836,0.125896759132133,1,1
0e2a0ec6533d,0.4791066896813781,0.08295791132427514,0.1808563562415385,0.2570790427528083,3,0
0e3c57f50255,0.016844877020133223,0.22756506837357116,0.39987756829931814,0.35571248630697755,1,4
0e3eff99adbc,0.010778872724168838,0.2579277551614216,0.17166963750409692,0.5596237346103127,1,4
0e4c41d96006,0.6963973434133229,0.04093879997283549,0.10370050496152118,0.15896335165232028,0,2
0e62c82c7975,0.2061791323127695,0.39525118231086803,0.29646668057000336,0.10210300480635914,1,1
0e63ba149294,0.04666846408927352,0.5219537253809721,0.3042108239846917,0.12716698654506273,1,0
0e698a56dcd3,0.8816832426454756,0.03398075906526057,0.05360238769910921,0.030733610590154437,0,3
0e76983343a5,0.6423423242932288,0.1559237579041684,0.161705623480026,0.04002829432257685,0,1
0e873e593a75,0.115777905637364,0.3934633687805637,0.20967828550309836,0.28108044007897404,3,4
0e89eeeb5eef,0.03742228317775882,0.673479557038107,0.14902377389494065,0.14007438588919344,1,2
0e908a012691,0.07771377608358647,0.3506043824039374,0.16371928857482088,0.40796255293765527,1,1
0e9bece7e297,0.11911524442859514,0.22411328661706156,0.34047430916779525,0.31629715978654793,2,0
0eb98db06f45,0.3655809721127911,0.20797974568599642,0.3120233791453688,0.11441590305584351,1,1
0ec2cfa1e0ea,0.04688835955166963,0.12603704539771865,0.36729255140971423,0.45978204364089764,3,3
0ec2edfe7846,0.09874750447162685,0.35799752136889146,0.3267852567991678,0.21646971736031384,1,1
0ee1a62438bd,0.07954245461782786,0.4331946130060473,0.3108601913037105,0.17640274107241438,1,2
0ee703df04a3,0.26120101725292116,0.35708371176722137,0.2216063601053555,0.1601089108745019,0,3
0efc048f9f22,0.15425611515232865,0.3638634911080587,0.19934045196647474,0.28253994177313796,1,3
0f0cda6d8d62,0.8127832896540518,0.027007585473547997,0.0930981748699555,0.06711095000244462,0,4
0f21dc4d6a38,0.052855521694719534,0.3202170132843082,0.34293379374154986,0.2839936712794225,2,1
0f2816e59e90,0.22995220442651554,0.2665966723118238,0.29927061384097925,0.20418050942068147,0,0
0f3963b5b9bc,0.09444040680490129,0.3515673243618254,0.3972688219965548,0.15672344683671857,1,0
0f61a1f7ed0a,0.06745207863227272,0.14889509377508015,0.4252716353673476,0.3583811922252996,2,2
0f6b7e2b8dd9,0.5488440701413564,0.051510316857418165,0.14976999251159187,0.24987562048963355,0,0
0f712cf8a226,0.4499193850313466,0.05379079840492774,0.21916598163863965,0.2771238349250861,0,2
0f86f48eeeac,0.05848701485178322,0.34896605931751096,0.3613758093988057,0.23117111643190028,2,2
0f903cf7e724,0.6227486953007777,0.07145017503725193,0.1680392777537173,0.1377618519082531,1,1
0f98e00ec7c1,0.6088946487785888,0.10560382847754402,0.22537372863268135,0.06012779411118582,0,2
0fb43e2250de,0.39827424838128045,0.12823316875937615,0.3086750452639582,0.16481753759538512,0,2
0fca95b2e96f,0.05074902226537515,0.14552916752226472,0.17249187023027962,0.6312299399820805,0,1
0fd2db233deb,0.03317930038411723,0.17365869154502012,0.23669734615003968,0.556464661920823,2,3
0ff3c25a854c,0.06567504752877638,0.3887410090586702,0.20554673391437786,0.34003720949817545,3,1
1011cb42537b,0.3045809105997065,0.3047440502692322,0.23517174434513088,0.1555032947859305,1,1
1014eb974c52,0.07881021652944491,0.061035395444534596,0.20759853928926975,0.6525558487367508,2,1
101c3d954b1a,0.39924801209260097,0.22198423572252887,0.2727242814741503,0.10604347071071976,1,0
10210984c4e3,0.3908964774980194,0.2679137655615405,0.15983544729249727,0.1813543096479428,0,2
1023832e4df5,0.05607587676626237,0.7406640930764397,0.1501139907923533,0.05314603936494475,1,3
102b9bd43e3f,0.09225844198442154,0.20088513094951,0.1383790501872058,0.5684773768788626,1,1
1057c264185b,0.37350107125351173,0.21396833647534635,0.32756388951943044,0.08496670275171143,1,3
106749939445,0.19495685276057365,0.24797151430211778,0.3563203840619447,0.20075124887536394,0,1
109cf108fd45,0.03491416852842434,0.2640219058143198,0.22513316807043754,0.47593075758681846,1,3
10b0f0913b0e,0.3003115206983712,0.11778730896926273,0.17781453075236991,0.4040866395799962,0,3
10b30a720c5b,0.424594018221855,0.10383009055115047,0.3308134396901463,0.14076245153684813,0,3
10bd268ba723,0.04547762888590497,0.44487975741385766,0.40223344720768245,0.10740916649255491,1,2
10c04ba1bd2b,0.09346776064165009,0.432143978964939,0.30007084144212576,0.17431741895128516,1,0
10c4ff4c9059,0.04029619057329118,0.2968647982712316,0.2072694498653882,0.45556956129008913,2,3
10e35f64fc16,0.3148997677185244,0.2806255043017146,0.21907286214096658,0.18540186583879437,1,3
10f0d04d472c,0.2860352037845392,0.023693304775791443,0.15284879077425678,0.5374227006654125,0,4
110f748ac87d,0.637976676288681,0.08386975198817977,0.1550565392125791,0.12309703251056021,0,0
111796da8caa,0.10565533101890208,0.17018302094500357,0.09389557195891834,0.630266076077176,1,0
111f1af1c3da,0.27155672701169353,0.2560452526059709,0.23319532543462063,0.239202694947715,1,2
1124139f32e2,0.059254480887419476,0.5569007557493738,0.14772111158124943,0.2361236517819573,3,2
116aee0c66b7,0.26368645239582017,0.1697295355299629,0.22881020705645455,0.3377738050177624,1,4
1179757bcf68,0.2345407484895371,0.4608714561895688,0.18422905523630737,0.12035874008458672,0,3
1181dd47fe5c,0.06664510124392807,0.2274879271188004,0.24768738328088555,0.4581795883563859,3,1
11858d1119d0,0.6797022817857482,0.14211722005283908,0.11895490045865292,0.05922559770275984,0,0
11961f06a9b0,0.11007119129884423,0.14013989062893095,0.1562756975278388,0.5935132205443859,0,1
119f1eff7a08,0.1173120916268538,0.20718655610591713,0.38176194738704533,0.29373940488018385,2,0
11a47a5bfa3e,0.04022241886271356,0.6276458505914304,0.23342645950241903,0.09870527104343699,2,4
11b52fbe26a3,0.20546252598025905,0.08356705301403365,0.39594535996214114,0.31502506104356603,2,0
11d06f38e6c7,0.2092075701662601,0.3297166624523831,0.32764287703848943,0.1334328903428674,2,4
11d1ba716865,0.43606196110740786,0.25345985639379437,0.20351620564000833,0.1069619768587894,1,4
11d3ee227030,0.0872286391174123,0.35793608650822967,0.288009747110475,0.26682552726388314,1,1
11d461e08258,0.0716162722411526,0.1799665384712387,0.5182047366201415,0.23021245266746715,1,3
11dbbf7b8061,0.30525717581076506,0.3405693439108187,0.16257096170154728,0.19160251857686894,1,0
11dd0dac0097,0.07146113877252207,0.331718469936093,0.37643340690817284,0.2203869843832122,1,2
11fc7a6b1309,0.6452302177635635,0.05502519154826504,0.20218341104464183,0.0975611796435296,0,2
122d8eb18755,0.22967152211964276,0.43355987824400166,0.23705685099613572,0.0997117486402199,1,3
12435b432178,0.07219876180934445,0.1886817121847938,0.32741201373978557,0.4117075122660761,1,1
12466f93afc9,0.1273469352809666,0.17317439268500223,0.5204027584810933,0.17907591355293778,0,2
1264d1caa4ec,0.08621800725144027,0.29073544900679477,0.28121929694031506,0.34182724680144994,2,1
126aa6f8dd4d,0.013359579928409887,0.8103935279746912,0.12297080467830503,0.05327608741859378,1,0
126bc37fb7cd,0.26397220168314456,0.09295848109817921,0.44343005341737834,0.1996392638012979,1,0
126d0f49608d,0.3954721813727167,0.08902963989136768,0.3151797185792617,0.200318460156654,3,4
12a7e0fbe115,0.054340613010413194,0.11789516289533827,0.36252573575266694,0.46523848834158166,1,0
12aac2bc16f8,0.634692560036196,0.025916046721007214,0.20232086545635058,0.13707052778644618,0,2
12d8e3dacf25,0.15759958660067952,0.3099548688209319,0.3601629347844259,0.17228260979396276,0,4
12d985bbeae6,0.3310426707961013,0.20826762472677024,0.145917321848669,0.3147723826284596,3,1
12e41bdbf7d8,0.27416167583949613,0.06703753368723048,0.42637445022030884,0.23242634025296463,3,2
12e8a13330c2,0.7510776544609135,0.034196159885009264,0.1707231170482408,0.04400306860583641,0,1
12eb7f468be2,0.1562404252208634,0.15323215398949688,0.2248135101623026,0.46571391062733714,2,0
12ee3626ff46,0.07944162691679835,0.5368500956143092,0.201194153928726,0.18251412354016647,1,2
12fdd23605e7,0.30246510164027485,0.12709532206490676,0.3917044861127022,0.17873509018211634,0,4
12fe5d33abc6,0.07609335037792064,0.27024739679906323,0.4273960103387268,0.22626324248428928,2,1
1310de79e289,0.22507355320659764,0.4346301669636626,0.1519041515972333,0.18839212823250664,1,2
1311dd0e5c64,0.1637814355319122,0.44064240618768624,0.20891567202563385,0.18666048625476755,0,4
131bc41b0023,0.27632355655355767,0.2759242671599356,0.23021732298818548,0.21753485329832115,1,4
132141473871,0.04871554026567764,0.2590792826774955,0.4073944482461013,0.28481072881072556,1,0
13320f26da3c,0.10313334697816348,0.2513276559796339,0.20630938726522144,0.4392296097769811,1,2
133a21a5280f,0.01651464304344985,0.5788374032787538,0.21158876507375138,0.19305918860404497,1,4
133f2685856f,0.17559230370982054,0.2346776824691424,0.3203701957945736,0.2693598180264634,1,1
1346f9458379,0.36746556041794615,0.2440985492106973,0.17118982526113374,0.2172460651102228,0,2
13481f97071c,0.07295875962572457,0.2637275335643831,0.2966422444390121,0.3666714623708803,1,4
13787cd0a611,0.021229182672645966,0.5984917036985203,0.33697192294630407,0.043307190682529605,1,1
138be234cb3c,0.29132375329503835,0.2405756617172971,0.3729101462548844,0.09519043873278017,1,0
1392a9bbcbdb,0.10457191696841014,0.5320693641733187,0.3137326097878702,0.049626109070400964,1,0
13b60143c0f5,0.05773861273862528,0.696019282387699,0.20059631348807738,0.04564579138559831,1,4
13bd1f239046,0.7255177569364193,0.06711638089884346,0.1590163810150159,0.0483494811497214,2,0
13ce825a3cf7,0.16815225137863116,0.5239640787107944,0.21538914653063607,0.09249452337993837,1,1
13def796c64d,0.03468658635896462,0.1517625255059249,0.4169934261216877,0.3965574620134228,1,0
13e21ab810f1,0.4347709801945506,0.13092504291049997,0.3752548970603009,0.05904907983464854,2,1
13eff8f19efb,0.16437676337303628,0.2542328581825341,0.349708463441262,0.23168191500316757,1,2
13f1e5778385,0.06546914316630613,0.362773027124893,0.36511417698239246,0.20664365272640844,1,2
13f212585f43,0.17487961060084248,0.14666326666966703,0.5229377634656384,0.1555193592638521,0,2
13f84be4b729,0.10026399326933177,0.6687801323710987,0.08699171493281413,0.14396415942675536,1,4
14098d7c56bf,0.05074837495524286,0.41993601935665203,0.26133109330293525,0.2679845123851699,1,3
141cfd1cf748,0.31694452432589526,0.1900078540740128,0.3205998931317428,0.17244772846834922,2,0
14204d559d6c,0.5666185232011524,0.06572049044657785,0.15922912156866786,0.208431864783602,0,3
14214ff4686b,0.4090808446865014,0.14542227181846976,0.1906743422830208,0.2548225412120079,0,3
1427ed4ecdf1,0.21575482585413472,0.37768682426650324,0.2589111130172559,0.14764723686210615,0,4
1428fbfc536d,0.43379490054533965,0.11079719174785009,0.3357377372819056,0.1196701704249045,0,0
143c466c5a41,0.03664106488983941,0.06013126419968926,0.08822600081012533,0.815001670100346,1,0
1452424edbbd,0.24954035498241153,0.17225655343313717,0.4921202321670134,0.08608285941743793,1,4
145a2c752783,0.40351310967346105,0.15439351832695652,0.3349018326472539,0.10719153935232872,0,0
145ea107cfdf,0.11461397437933325,0.2827363762904116,0.21945965062806283,0.3831899987021923,1,1
1468f89958ae,0.32569243929928077,0.3075785291870107,0.21254632966187534,0.15418270185183308,1,4
1496ac223912,0.5697189738414355,0.06479677200284581,0.1688140739580062,0.19667018019771246,2,1
14b5805d90cf,0.2900129959357037,0.05530177307100362,0.43712320764346324,0.21756202334982944,0,2
14be42e4beee,0.0774890226614513,0.38310603991455655,0.3140952902726257,0.22530964715136645,2,3
14c938eebb45,0.08117785634101182,0.4416488176922644,0.16954908800287957,0.3076242379638443,1,4
14e56e75b328,0.09563958667958583,0.2705413754847896,0.5585148241382427,0.0753042136973817,3,2
14f70dbb7730,0.20115464942111225,0.33752207823778,0.32228856558220614,0.1390347067589015,1,0
14fa513dbf03,0.09715850471560114,0.37588046186419594,0.33180492888791857,0.19515610453228432,3,2
14fc1724dc3d,0.3381749263891216,0.232637122289669,0.18070647056801398,0.24848148075319546,1,2
150c8a29908b,0.530844395441103,0.19790379097614896,0.20839144834278994,0.06286036523995826,2,2
151097927345,0.21237256582400424,0.3000695825794405,0.2000117503874705,0.2875461012090848,1,0
152084ef57a6,0.6013900930866672,0.0408320102201417,0.28958781174711007,0.06819008494608102,0,3
153f72083ac5,0.17168358470529113,0.395966368006531,0.18231968744596758,0.25003035984221034,1,3
154b47e45726,0.3729556722564932,0.22753005059028192,0.20406278399984862,0.19545149315337623,0,3
1553091efbda,0.11743585914331953,0.5056259162201988,0.1825281405524474,0.19441008408403435,1,3
1554e808cb6d,0.13599620012799624,0.23165474325800633,0.4306613302963001,0.20168772631769724,0,1
155b096d1b12,0.43857561510317805,0.2536052821918122,0.13837630575553095,0.16944279694947886,0,1
1565a173b9e0,0.19310953824658456,0.10401736506283442,0.18860727019610193,0.514265826494479,3,1
156e6297a136,0.4218221218563905,0.05562649438957386,0.34104179277545854,0.18150959097857705,0,1
158f4775c613,0.10083882833278501,0.40153321538479064,0.35521906936957587,0.1424088869128484,1,1
1594ca188938,0.07635586037194782,0.3342280418641239,0.33720916376396587,0.25220693399996247,1,3
1595bbc15964,0.4154791500890201,0.05398057493962703,0.19936498868109823,0.3311752862902547,0,1
15987bfb9f6c,0.3046838179935099,0.14954163822523034,0.21365431284934436,0.3321202309319154,1,3
159c607b0f88,0.35974008552239406,0.18885256247943533,0.25930826346515923,0.19209908853301144,2,4
159cbf48e73c,0.09178303792806064,0.4336340514253293,0.23913955461116784,0.23544335603544225,1,3
15ae12f7cfb1,0.06914684109644587,0.1289526296124066,0.17872968151020013,0.6231708477809473,1,0
15b667401963,0.06033726572839479,0.5835318266917462,0.2296587883861619,0.1264721191936973,1,3
15b8fbeb41a8,0.02360235603939078,0.3723026379940966,0.20177190576542572,0.402323100201087,1,4
15bd754f1ec1,0.09283997680529467,0.40768515874297856,0.3354029087391874,0.1640719557125394,1,3
15cd3787bcc0,0.08427374178318875,0.24314954091257854,0.4507775852551616,0.221799132049071,3,3
15e2f6a8e8fc,0.6375561103623691,0.03404741758093888,0.09636181775380592,0.23203465430288608,3,3
15e7f6ecc2c5,0.25654820604180106,0.033884581529880366,0.1850922067986891,0.5244750056296295,1,2
15f05ab2d893,0.03808647727191206,0.31252894777259216,0.4458220789628596,0.20356249599263615,1,2
15f599eeb81f,0.1438129837995095,0.32319056384526473,0.3131168987954462,0.21987955355977962,1,3
15f749d8d34c,0.11725939249712548,0.44742059783619187,0.25237518401383446,0.18294482565284823,1,2
15fe7f82b7e2,0.3122674177900205,0.21772365982921021,0.40590981713758056,0.06409910524318879,1,4
160c3b649efd,0.22889177015369702,0.2635037237252776,0.4422812928783074,0.06532321324271789,1,1
160c8b6c7e2c,0.4081962985938459,0.25304150429004846,0.2647389913838851,0.07402320573222056,1,0
161664ae65cc,0.17729037646864204,0.24338507912011023,0.2833385057661927,0.29598603864505496,2,0
161875acf5a4,0.1926533135089589,0.17291614587837728,0.40108149425716094,0.23334904635550288,1,0
1618ee0e44de,0.10204909672815764,0.26086776630323516,0.26230472101404967,0.3747784159545575,1,3
161a333c9092,0.07232313017949099,0.6570627720817064,0.15050517837556035,0.12010891936324225,1,4
161d81d28399,0.4855897559495204,0.07859485449168552,0.36953530394497264,0.06628008561382133,2,1
16203f0dd93a,0.4881631247223021,0.16821277383389638,0.2673581795667995,0.0762659218770019,0,1
162b49bd6d26,0.8043234404486352,0.014550041248228465,0.07520780834429833,0.10591870995883802,3,1
1665788ce755,0.022627108807153132,0.2850298714812046,0.07569568202184014,0.6166473376898022,1,3
1674ae57f764,0.4902391452214663,0.11343939738039988,0.2119743239774974,0.1843471334206364,1,4
168dddd3daa1,0.14031995837420488,0.19214504409330638,0.37076892814998597,0.2967660693825029,1,1
16954003ded9,0.6564928659564262,0.05481225235059007,0.16815057794873017,0.12054430374425355,2,4
1697e617266f,0.259475718740742,0.3861722479355408,0.2794813506361576,0.07487068268755957,1,4
16a13141a4ec,0.04072941213671946,0.6573367543322566,0.18400922606813644,0.11792460746288766,1,0
16a9737d2dff,0.4591437333806248,0.052771902191746274,0.07307116592888023,0.4150131984987487,0,3
16c0b52e5fa7,0.14310161143178332,0.28812919806997833,0.13861157536501365,0.43015761513322465,1,1
16d98c50e843,0.08067520273431968,0.1894842846545475,0.20405992932905495,0.5257805832820779,1,4
16fbc834dda4,0.062459829483487106,0.41514011955686175,0.25546553925711674,0.2669345117025343,1,1
170ac27f26c2,0.021004210865810696,0.6274884306678237,0.12574569561416848,0.22576166285219718,2,0
172e2caf0eb4,0.4111154120694345,0.10617437251854729,0.28351082351478385,0.19919939189723426,1,1
17493bd373b8,0.16497708917702875,0.4722578765722726,0.2400392135458121,0.12272582070488648,1,3
17577170d7ca,0.4775892075509528,0.07544099348408603,0.22761696241885687,0.2193528365461045,0,2
1772697538d3,0.5343241601328418,0.14982397444977893,0.26997913612602353,0.04587272929135573,0,2
17a89ce1e5b3,0.6139540120379124,0.15285377426412997,0.12302851452499745,0.11016369917296015,2,2
17b73dde4491,0.26270087232410727,0.2250741073919986,0.2908910759395924,0.2213339443443017,1,2
17b7d506e666,0.051320837732394826,0.5295922179539606,0.19710136853351504,0.2219855757801295,3,1
17bb0bdd2f7b,0.09879583251359199,0.4191013949189037,0.33149184962647293,0.15061092294103137,2,1
17c04e889fdd,0.6015907842628104,0.03674752051662861,0.25302837441534776,0.10863332080521317,0,0
17c25c1ffb8d,0.5160566003716602,0.1595120651173125,0.2114073999475367,0.1130239345634906,3,4
17c64a6e2c5a,0.24497779000142125,0.49703531011416224,0.10900401025987863,0.14898288962453798,1,0
17da3bebe960,0.05517171746257757,0.5273203884809984,0.25368072868727704,0.163827165369147,1,1
17e2c13b13a4,0.053949843791985364,0.5948469697575617,0.2637554151504769,0.08744777129997604,2,4
17e46fc66a16,0.04039369991003104,0.5455326188020385,0.2822567858911841,0.13181689539674635,1,4
181360cf5b3f,0.18467783897668738,0.21448151184755543,0.24083715727039465,0.36000349190536246,0,1
18156e6f27e8,0.40489896545925885,0.231457842085415,0.2867194060213279,0.07692378643399832,0,3
18211ed86296,0.7230385781970087,0.06928843507038629,0.10554985722174796,0.10212312951085718,2,1
184cd4d75979,0.03909852396997154,0.49165973635537563,0.24197306975927607,0.2272686699153767,1,3
185dd4caeaa6,0.03594909739408206,0.7380748097645312,0.15993620735484357,0.06603988548654308,1,1
185ebc0fc39d,0.6301096991681747,0.028451693267669553,0.173333505343234,0.16810510222092162,0,3
1882d31c20a8,0.013137312261523008,0.5059578656472926,0.15992236858353356,0.3209824535076508,1,4
18a530e6a802,0.2681121549423037,0.19147972507755376,0.17729208479921646,0.36311603518092606,1,2
18a979da66a5,0.028276468090582717,0.06925491134580047,0.09916148981429632,0.8033071307493205,2,4
18bcd9a1da10,0.014974221321167948,0.38763543962239033,0.2993070286084017,0.2980833104480401,1,2
18d48e95755f,0.3910176168112652,0.09171166299922989,0.281924856573536,0.2353458636159691,0,4
18f97a81047e,0.22049395805455754,0.3822631324607973,0.28020364559394195,0.1170392638907032,1,1
19049e36a56b,0.0262122901266144,0.3634797395438936,0.33915507061590133,0.27115289971359074,1,3
190f1d3cbb04,0.08481484702722006,0.4728539945121963,0.1963566590264799,0.24597449943410382,1,1
1914c949b980,0.03240219087240314,0.3225543078244827,0.2239048873798022,0.42113861392331203,1,0
192cb96503cb,0.38764957007414863,0.22363927226684086,0.19724187592912504,0.1914692817298855,1,2
1939753be279,0.06257011405221581,0.5598698579531824,0.24908792927613005,0.12847209871847168,1,4
193d3d99e496,0.2024621603573731,0.3351520880725537,0.14833706341391514,0.3140486881561581,1,2
19406db78215,0.14917703703217627,0.46479284814589283,0.2006118397890818,0.185418275032849,1,1
1942df72cbb4,0.03874945536738865,0.6478548448641448,0.2448344411627818,0.06856125860568477,2,3
1948a0198a86,0.11353792177141606,0.29569796170415713,0.17909915818123465,0.4116649583431923,0,4
1956c85c146d,0.2573696519929186,0.20592437609069958,0.29166370749845105,0.24504226441793076,1,2
1964b644d7ef,0.17600126966220192,0.15581381938661504,0.3888838764344358,0.2793010345167472,3,2
1972681565cc,0.29413859025640077,0.23481189113434348,0.3606863731913093,0.1103631454179464,1,0
19905c7259b8,0.3593011523854039,0.11552189999704258,0.22087760495246583,0.30429934266508774,1,4
199ef8aace49,0.5053937667351481,0.1115257953567695,0.2635694309401867,0.11951100696789554,0,4
19a2b2618a2b,0.2265718761727482,0.15295339974548788,0.3340477056234445,0.2864270184583196,3,1
19a69f8ae995,0.005172978025815531,0.6063689920368599,0.34468131543716224,0.04377671450016258,1,4
19c6a6e0cb1c,0.17321187334062713,0.413697934086269,0.16082928963834559,0.2522609029347584,1,3
1a03f0a16164,0.42771222003870907,0.14145249790077813,0.2798494552556541,0.1509858268048587,2,1
1a0409ee4b32,0.06851032290357065,0.26210105729226985,0.17119713520512012,0.49819148459903945,2,1
1a107c04965e,0.1596548799376588,0.2796492950231319,0.32179213101679477,0.23890369402241457,1,0
1a11cb490631,0.046014279247405435,0.5563456787768231,0.2740336889185329,0.12360635305723873,1,4
1a1a47e328f7,0.06274027748239343,0.2878316192913901,0.4547854587057106,0.19464264452050578,2,0
1a2cbb5c1a7f,0.1498486084310834,0.2005889351750702,0.3661117182315887,0.2834507381622577,0,2
1a3172a2e845,0.6775325871706861,0.027399526528376534,0.1430080831447758,0.1520598031561616,0,1
1a3e729f201e,0.19652849250616006,0.32403444470979875,0.153487574934244,0.3259494878497972,3,0
1a404401eda8,0.378648489117725,0.05679240005239311,0.1671261768841384,0.39743293394574347,2,0
1a4b245e03da,0.2627829568904167,0.2227844413834998,0.28863874608072404,0.22579385564535942,2,1
1a53a4506f10,0.1812119312020057,0.06835170049078984,0.20699573283033806,0.5434406354768664,2,3
1a6082c58f64,0.1540908352248684,0.2709677752096485,0.2765104031145452,0.29843098645093785,1,2
1a724e3102d0,0.2598089686490454,0.24686499858678268,0.25173183615012407,0.24159419661404793,1,2
1a8038230877,0.13426412695715825,0.3967103443494225,0.23490404631441184,0.23412148237900746,1,0
1a8733a7c289,0.15344354817132436,0.4830968307271292,0.25669090347032997,0.10676871763121641,1,4
1aa21301e856,0.3568700273170953,0.2382190971075004,0.30380710201670513,0.10110377355869929,0,0
1aacd741dace,0.1084356662124417,0.31195668801069726,0.3518790004114669,0.22772864536539408,1,2
1aaef9f47b25,0.04956495196112309,0.5745034932538893,0.17160754980218196,0.2043240049828058,1,0
1ab52121be21,0.11253920900551376,0.4180053064395502,0.27542178839203896,0.19403369616289715,1,3
1ac1de4ecb6c,0.09557149735783023,0.198300260660728,0.2899445860807362,0.4161836559007055,1,0
1ac288b2ce23,0.04836240323777883,0.563490395158117,0.3150893557756856,0.07305784582841852,1,2
1ad268f677fc,0.030956774361673888,0.24697201642134642,0.19809246039718678,0.5239787488197929,1,4
1ad782651f09,0.21660910234534075,0.2352352094573228,0.4107380381687449,0.13741765002859174,1,0
1aecd8c867ac,0.023119141400322767,0.25899268430284633,0.3385336186810734,0.3793545556157575,1,4
1af41c4cbf5d,0.07581469756357881,0.2427742486650226,0.17083549964123834,0.5105755541301602,1,3
1b427c519a72,0.5933286396766452,0.04254225813348148,0.17750889036266804,0.18662021182720537,2,1
1b49b7921474,0.02540536518908494,0.22468688669675782,0.19517421572881166,0.5547335323853456,0,0
1b5ca94ac38b,0.062319496019300855,0.36181878427894976,0.4146910982176165,0.1611706214841329,1,0
1b6250d23465,0.15729256406375122,0.4531517386530694,0.24518906792471268,0.14436662935846659,2,4
1b6eb0f6fcb3,0.3999263197689282,0.14739777307528798,0.24618520919558984,0.20649069796019398,2,3
1b80a4e2614f,0.024629038602087646,0.5391702709416626,0.17882134817842887,0.25737934227782083,2,1
1b8afd81f6a0,0.5542659500440287,0.026240124308928473,0.19636385768772435,0.22313006795931842,0,2
1ba5ddfad18d,0.5570742699024966,0.07208550711479254,0.23238118044930395,0.13845904253340688,2,1
1baca8182bf8,0.17026792015618702,0.14143018814286806,0.3050161528530522,0.3832857388478927,0,4
1bc9965d033b,0.594644609849703,0.06338685950961225,0.17542194921263773,0.16654658142804704,0,1
1befbaaa2bdc,0.1150476235810344,0.25869797695886576,0.30456566626347725,0.32168873319662256,2,3
1bf775c57c75,0.2379944822125779,0.16847514983183423,0.22681069924465294,0.3667196687109349,2,0
1c471b0d2fb4,0.3607581837439478,0.21572413730701853,0.17278547893443624,0.2507322000145975,0,0
1c47b7084ba4,0.2689342511778733,0.06415378822144786,0.25394632777558257,0.4129656328250963,0,3
1c47fb86c8e7,0.25985337734920233,0.09274189378133525,0.27205620549962,0.3753485233698424,0,4
1c48cbfea106,0.5032578230114989,0.13712778819433488,0.2513152405261112,0.10829914826805506,2,2
1c4a89d7a901,0.16988338437683925,0.16341667876199226,0.34765510638248576,0.31904483047868265,2,3
1c5a0cb3ebc0,0.16628567867688238,0.38463992633783045,0.21367390146862655,0.2354004935166606,1,3
1c790318b3ef,0.04608875230086798,0.46710840506554285,0.21550307393143037,0.2712997687021588,1,3
1c88dbf27747,0.09140620173526566,0.5024270366634394,0.28547810983889416,0.12068865176240083,1,3
1c897615664a,0.5569984142309171,0.16357445483911742,0.19080942059015968,0.08861771033980585,2,2
1ca63facc033,0.36964882163397367,0.3115431986717305,0.2765889649695274,0.04221901472476843,1,0
1cad23eae406,0.13740434956050998,0.46862640056210264,0.30112796900392713,0.09284128087346018,2,2
1cb23162d215,0.6269708285098557,0.08166872035665104,0.1214520915510321,0.16990835958246112,0,3
1cbbe74b7fcf,0.028912903019486923,0.19982404604575293,0.10922726452421025,0.6620357864105499,1,3
1ccd5ebd1ca6,0.6553979258152799,0.024760583800849723,0.09327142267285311,0.22657006771101737,0,0
1cd14dd22747,0.07425922139008848,0.34015863025918963,0.3122090923894153,0.27337305596130645,1,1
1cdcb65db764,0.03858491561507026,0.31599087788628644,0.25917894301035754,0.3862452634882857,3,2
1cdccea74613,0.6806543624526644,0.020673753370648803,0.1386130417994919,0.16005884237719487,3,4
1cdf13ab07d0,0.2583287840658038,0.1423448707077732,0.19620792883778979,0.40311841638863316,2,1
1ce3a5d2f184,0.08575166869308463,0.2515130099583925,0.5970674245850038,0.06566789676351897,1,3
1ce5a6058285,0.0887260119050691,0.36959670150993734,0.07059528594322623,0.4710820006417673,2,1
1ceb2008c876,0.6406539677866552,0.0584164549218222,0.1754178079526202,0.12551176933890235,0,2
1cebae6715f0,0.10418590838445702,0.2681560222059885,0.39606277281452396,0.23159529659503048,1,4
1cf24b1b5615,0.4769432221623283,0.055131090547184396,0.4250986653448117,0.04282702194567552,1,0
1d01d5f6e570,0.3378364905328202,0.13232898351611988,0.26245597396237685,0.267378551988683,2,4
1d079ba88b49,0.11888567862603644,0.2772756521747263,0.4468719184055074,0.15696675079372993,3,0
1d087706bfbb,0.1663248550881332,0.25441443256748203,0.3221101037465626,0.25715060859782224,1,0
1d243015f1d5,0.34111380255606916,0.1486763765866884,0.2639331453206114,0.24627667553663105,1,2
1d28a8b7c0b1,0.03823004459756121,0.1828301016518968,0.3430848236282953,0.43585503012224674,1,0
1d2c03c45291,0.1183050249137409,0.26287733878156117,0.2906436066042481,0.32817402970044984,1,0
1d4b92eb1e86,0.2846827748587832,0.36724299311679914,0.2491087346675332,0.09896549735688467,0,2
1d667e9556ad,0.13265271898987246,0.4557167525510509,0.2896006907685583,0.12202983769051827,1,2
1d6fda0514c6,0.3109632468316001,0.10911479790505038,0.4524900426983731,0.12743191256497638,0,4
1d7af2de9365,0.03801176928304146,0.22737283364898944,0.3241153433317943,0.4105000537361747,1,2
1d81732ee787,0.3732316907756168,0.07362089356515227,0.24401907331881212,0.30912834234041875,0,0
1da8d77bfbbc,0.0732265327835223,0.24233096508741442,0.2047639105755988,0.47967859155346454,2,4
1dc051f3e900,0.19168653065588478,0.24958486476920722,0.2695524287350761,0.2891761758398319,0,3
1ddffdd81388,0.18688228140026114,0.13221605831898364,0.40820758905254023,0.27269407122821504,0,4
1de4e880cb3a,0.03430768580787315,0.6164863300799492,0.24354352130676146,0.10566246280541622,1,0
1dec8f8a5290,0.10108040057596157,0.24686472913536203,0.2943436208919636,0.3577112493967127,2,0
1e0773b7e49b,0.31004552021880855,0.3480278788778643,0.09863222108518839,0.2432943798181388,1,2
1e1b4b1b53cb,0.4042755979811209,0.19293241988121818,0.20969885923661014,0.1930931229010507,2,3
1e1b97345c32,0.6576858847114894,0.0849374940706675,0.11169015760493961,0.14568646361290358,0,2
1e250701d101,0.028650326036975652,0.47752932927949265,0.3780954116127294,0.11572493307080232,3,1
1e26273cf072,0.02028567459276032,0.7178533016180734,0.17561624064532733,0.08624478314383895,1,0
1e322d374cd3,0.1006867873755421,0.3185356000800973,0.24650192504847862,0.33427568749588205,2,1
1e3c3ffc9561,0.015066492097838346,0.5958447526494502,0.2629461234853273,0.12614263176738405,1,4
1e3f6f8e494c,0.039800461788369774,0.3246608225141478,0.1740323688280949,0.4615063468693875,1,1
1e4e4732d5e7,0.608913950362424,0.026392342805836747,0.27209233247358544,0.09260137435815378,2,1
1e5680a65afb,0.6458457381378286,0.036080844885633845,0.10706039430019548,0.21101302267634214,0,2
1e5912d3fb31,0.4150301822470954,0.10095114014358728,0.16473558331807403,0.31928309429124313,0,1
1e7dc61b9022,0.5479894386435842,0.057007574246990066,0.29293464094742167,0.10206834616200408,0,0
1e7e77b791bd,0.6120601582649172,0.054016057135626856,0.1312441226787535,0.20267966192070236,0,3
1e96d5eb4c91,0.14258742664438215,0.4360464281025229,0.19273942457840462,0.22862672067469017,2,3
1e98661f8fb3,0.07146380596934948,0.6174099351710739,0.15281421879803764,0.15831204006153904,1,2
1eafb760551d,0.29409316348462455,0.22282330883131254,0.19182725543289444,0.29125627225116835,3,3
1eb7f8425ce6,0.3733063902022208,0.30515387616615375,0.23147900823814913,0.09006072539347625,1,4
1ed21574ae51,0.09151054774875218,0.42494262755366063,0.30376939779556067,0.17977742690202644,1,1
1eef24598603,0.03462764281455324,0.7660042534974392,0.14074692255404095,0.05862118113396672,1,2
1ef81f7528ce,0.03379837694647582,0.33272959535509977,0.2818313504019295,0.35164067729649484,0,1
1ef89135ba6e,0.025272513014473662,0.6567347757033363,0.10214634157085709,0.21584636971133303,1,0
1f01637439b3,0.42224681200712505,0.11127910489023796,0.3236810633468904,0.14279301975574657,0,2
1f294b434700,0.4154904860514799,0.2009648830392913,0.30863631900859984,0.07490831190062892,0,3
1f321faad845,0.1307345997855991,0.21043727937504983,0.3098914987056564,0.3489366221336947,1,2
1f44938d5c2b,0.14468992225715277,0.5267560691190435,0.2177283057674326,0.11082570285637115,1,1
1f4565e83b9a,0.084906927895533,0.09750310695457765,0.15487790303647717,0.6627120621134122,1,4
1f4ded9818dc,0.028682558062586436,0.7642351379045721,0.11743368562265268,0.08964861841018894,1,3
1f64a498ff9e,0.43486697131624985,0.24129535475546154,0.24923617154212957,0.07460150238615892,1,0
1f89329fdcf2,0.49912704613940123,0.19638261862720532,0.22073965654224953,0.08375067869114387,2,1
1f8c2590aa47,0.13489752991680795,0.29002049754023557,0.11681308941503141,0.4582688831279251,2,0
1f96e6c401a0,0.3881986763668952,0.2855734816418734,0.23198852304274203,0.09423931894848947,1,0
1f970230eff3,0.023712965246593488,0.7464549511806993,0.15604108927773688,0.07379099429497035,1,0
1f988b9c498a,0.14085945405964953,0.39878634276154673,0.16594275693532912,0.29441144624347454,1,1
1f9fce7e4109,0.6730429332145001,0.030905723135518638,0.10960598108482578,0.18644536256515543,0,2
1fa134cbb2f7,0.46005755835465373,0.1582986815037224,0.2002553529533875,0.18138840718823643,0,3
1fab0b8dc055,0.20525858201507724,0.17417934948023794,0.40564949685858037,0.21491257164610447,2,2
1fc1729b5b3c,0.20396134243672845,0.3388027455275695,0.2131239620247649,0.24411195001093708,1,2
1fc3de06c533,0.5155598470101087,0.08003941269350924,0.237401941831716,0.16699879846466595,2,0
1fcc3fac4784,0.04978822218652934,0.2635374778727956,0.10918923534980311,0.577485064590872,1,1
1fe87642bbc3,0.13859156333019368,0.3172145406599232,0.24837306065477605,0.2958208353551071,1,0
1ffbfb47b97f,0.15078996018586086,0.483476995821293,0.26372875163877824,0.1020042923540678,3,2
1ffc645c759a,0.7872872495928297,0.022360979561892643,0.1185251772918328,0.0718265935534449,0,2
200c39af6b9d,0.623464633667977,0.020097315086774765,0.06193546560001751,0.29450258564523074,0,4
201a708feae5,0.114792756656137,0.23228670651613773,0.14098530886538738,0.5119352279623378,2,2
202662923e15,0.2589403189419543,0.16669932071234062,0.28265606687245065,0.2917042934732545,1,3
20658524054c,0.7801902481648881,0.009770300679322224,0.06689333959568508,0.14314611156010443,0,3
2072fcb4eea6,0.1976251501454106,0.10896655512203034,0.32670131823485904,0.3667069764977001,3,3
207743ea0f6d,0.36319285399559953,0.2005095079086334,0.251998489369874,0.18429914872589304,2,2
207758407af9,0.004974783548212506,0.5125186759660325,0.294442730578194,0.18806380990756094,1,1
207fa6f82857,0.3907318640872538,0.16827376050077764,0.28629612799259785,0.1546982474193707,2,0
20a308389234,0.1079864372768779,0.10785073695558053,0.4160987840591873,0.36806404170835416,3,2
20a86e21402f,0.06961572418796487,0.5711344563417314,0.20707017313181483,0.15217964633848874,0,1
20b52d3e2fa5,0.5638484439693988,0.027488483495062062,0.3239984446925198,0.08466462784301933,2,2
20d3ed4a413e,0.4501591002159761,0.03481023865051532,0.2670404849209683,0.24799017621254024,3,0
20e00874f8ee,0.35410117404584107,0.21013893907763376,0.2634984464225861,0.17226144045393912,1,0
20eb74deaf29,0.6034946417866762,0.07436940360665394,0.20775870796613852,0.11437724664053142,2,3
20f85a875621,0.03766287542200108,0.5325000039878933,0.12491726720062535,0.30491985338948024,1,1
20fa80f5619e,0.7018216482123589,0.029385337728485325,0.16339336159200546,0.10539965246715016,0,3
210570d62277,0.5156919888378527,0.1990980361129212,0.13433467030959748,0.15087530473962854,0,2
2133352e9cde,0.11992516966501744,0.5420767969446855,0.2314510592600284,0.10654697413026858,1,3
2135722ae069,0.05802451911483064,0.6092322522712106,0.2930839027657565,0.03965932584820221,1,4
21468541d7b5,0.11510983598083717,0.26059220738373917,0.3587841178668161,0.26551383876860757,2,4
214a48cfa07d,0.20184744092493345,0.3790056446651389,0.21346887860215777,0.20567803580776986,2,4
214c441d728b,0.14433709145397988,0.36930796460722704,0.14545363202097744,0.3409013119178156,1,2
215bc2b055e9,0.31473152752823796,0.13734004552070614,0.37403474698241346,0.17389367996864244,2,3
216e4a640f8e,0.2432796329947424,0.3600992548441184,0.11198868141805583,0.28463243074308336,1,1
218620841a93,0.2085549211280198,0.08626704609594249,0.21257658124110843,0.4926014515349293,1,4
2193df2f77b4,0.27452048693507947,0.3326556583080707,0.2482166175720285,0.14460723718482127,0,1
21b42c133cd2,0.0614294256355695,0.1278343560466499,0.5030743213818167,0.30766189693596385,1,0
21b8491fb0e0,0.04582955046880121,0.7000696166253535,0.1823144261603427,0.07178640674550245,1,1
21be1a5bfa64,0.2833791931444511,0.22247844119114088,0.31865460309357324,0.17548776257083484,1,2
21c44b9f3caa,0.08957759361973981,0.20136847180675466,0.5864244478839475,0.12262948668955799,2,4
21ce0d042853,0.37074136206546193,0.06379471605404698,0.15731055198197433,0.40815336989851675,0,4
21d30b087de5,0.5555480267305977,0.147556688993504,0.2109293026293658,0.08596598164653253,0,0
22088825f165,0.3578720325751558,0.12100977384674566,0.3574187695949191,0.1636994239831795,0,3
2222b92077a6,0.3682316878923957,0.13633142094071057,0.23460561752083264,0.2608312736460611,3,2
22278d83c0ab,0.5610272440869227,0.03216677831350299,0.20754046381798918,0.1992655137815851,0,2
22353f3ff2d1,0.5198240897710411,0.06995247385296544,0.1730990501091961,0.23712438626679735,0,1
2252ba87b56b,0.018225609961655915,0.773351967433015,0.11825029617732079,0.0901721264280083,1,4
22555df670d7,0.29459166835231393,0.15665035549647893,0.4004239192704613,0.14833405688074594,0,2
2259b6d5ac66,0.10453862422485678,0.4205176263580307,0.2738788530236913,0.20106489639342123,0,0
22686edb0131,0.3347324810863278,0.24555796033280528,0.29250883524266874,0.1272007233381981,0,4
2280689e5dd3,0.039062281398390124,0.585766068502556,0.32407910325857,0.05109254684048389,0,4
22869b2939dd,0.2217373721196079,0.20310680598159878,0.24134835600071974,0.33380746589807364,1,3
2287b570cdd8,0.11439136296192307,0.15145066752411945,0.45713289889857156,0.2770250706153859,0,4
2296c0ca15df,0.01975937293429386,0.170296767915116,0.2139730560731161,0.5959708030774741,1,4
22adb7da3c70,0.49875444742598474,0.14833235884384446,0.2757698644005038,0.07714332932966696,0,0
22d433d1fe06,0.1064148923796742,0.3737866669184013,0.43223350388400966,0.0875649368179149,1,1
22ebaa704ad4,0.07768173618583828,0.537068320620998,0.2251857232268554,0.16006421996630824,1,0
230f160d4a7c,0.05138796179357942,0.242985899849252,0.2588827136135511,0.4467434247436174,0,0
231a5f824249,0.023607799557688734,0.35689297422026595,0.3109398729367201,0.3085593532853252,1,2
232d23dcb5c6,0.06453128514254805,0.3006576226988424,0.36962637742572874,0.26518471473288074,1,1
23423a5342ea,0.5940561498076565,0.1315527197563279,0.1430972803475671,0.1312938500884484,0,1
23600e975e6f,0.2566834017327289,0.22788027713264353,0.25389719006705863,0.261539131067569,1,1
2378d336c876,0.5686477114442726,0.0681982420071999,0.08717560981938809,0.2759784367291393,0,2
237b80c8279f,0.20296599217663905,0.16153062909816268,0.25391994908428334,0.3815834296409149,1,0
23818431bd20,0.2810511591047614,0.1856807521221817,0.2732009900385179,0.260067098734539,2,3
2386196182fd,0.20915307080314546,0.35766421598563125,0.26623274989302115,0.16694996331820217,3,2
2386f261f756,0.16623717562432022,0.3553048442538298,0.25147665080898374,0.2269813293128661,1,1
2387e52d164a,0.040144841947793,0.621768245338336,0.09219919762093663,0.24588771509293442,1,2
2394a4ec8f4b,0.05737048107042723,0.5813587773255913,0.20865606291868297,0.1526146786852985,1,4
23a38f510f64,0.09990552325969755,0.46643010648823663,0.2513044885736224,0.1823598816784434,1,1
23aa6dfe0d6f,0.15919775714900616,0.086290143409102,0.1562704239433387,0.5982416754985532,1,3
23c3bf39df9e,0.11411523967694902,0.35574705875605295,0.26371848901928896,0.2664192125477089,3,1
23c62fb5991e,0.2926252187528085,0.12065463415797666,0.3799766701939444,0.20674347689527037,0,4
23d35c37a05d,0.5489123602840474,0.057910841060093594,0.1690329115495861,0.22414388710627295,1,1
23dc45d96978,0.22446891914228156,0.41325584578977265,0.1581125841807373,0.2041626508872085,0,4
23dd60be5ed2,0.059659167742963405,0.28927458208225765,0.16394011363351071,0.48712613654126824,1,3
23f0f99270d8,0.0409179855713987,0.37149808619776914,0.23959166154338518,0.347992266687447,3,1
240198fc8e9f,0.2685023606102838,0.17646238727037666,0.411637255871489,0.14339799624785046,0,3
242e4e777d68,0.2878783354886373,0.20313616361282996,0.3434845457266684,0.16550095517186436,1,2
2433f022b206,0.03622177479257039,0.7781919774391947,0.1163535160037706,0.06923273176446433,2,1
2437e41f60ec,0.08791228885266121,0.36243235173028926,0.3564345971988914,0.19322076221815818,1,0
243b7e22a6cd,0.7282895424823052,0.05592844517126626,0.1442703004181192,0.07151171192830946,1,0
244afdf83230,0.077624037227213,0.6433456033230959,0.22454749972282328,0.05448285972686792,1,2
244e39a44d1e,0.17794547240877662,0.21042429446229727,0.46802622459310755,0.1436040085358185,2,1
245661629b65,0.40912916190825965,0.27680001612642247,0.21031269152855853,0.10375813043675941,0,2
2460844b8bd7,0.09292109394603328,0.5238945627183644,0.2394919234114676,0.14369241992413462,1,3
246130177bd8,0.08359022634678305,0.7125700495915719,0.11858527150387564,0.08525445255776938,1,3
24623d752845,0.09977642842165652,0.1877608287489845,0.43629254145719537,0.2761702013721636,0,1
247bc4bd6a73,0.0554786148484301,0.35712364848945544,0.16139499137944632,0.42600274528266807,2,2
247f40620c10,0.7733663066436148,0.025362466545725614,0.12687256716927142,0.07439865964138825,0,3
2485bd38bf72,0.5654455998103278,0.06874852626344106,0.19771463913560308,0.16809123479062787,2,0
249fbbfd89d7,0.17393475957002824,0.29121286774667865,0.14133577453369575,0.39351659814959744,1,4
24aa73a20789,0.14380123354815788,0.26180245296362487,0.39011059366815637,0.20428571982006097,2,2
24b6dac13a27,0.800180010889018,0.022181281774375453,0.12038907989726458,0.05724962743934184,0,3
24b7753e6ef2,0.20489017014505798,0.19787899009544535,0.39310043549548096,0.20413040426401563,2,1
24c3867c5d29,0.09951013969839577,0.12219493801345471,0.213837529852655,0.5644573924354945,0,0
24c727c4d278,0.03525404207405554,0.1700611289055716,0.08917090054669354,0.7055139284736793,2,2
24cb214dd7f6,0.6703740283561013,0.01700527844980788,0.16771152790236546,0.14490916529172526,0,0
24cd517d2846,0.08050070242433015,0.5914415034042494,0.2263571852678425,0.10170060890357804,1,3
24ddf88491ff,0.24929588969104322,0.11576409074885749,0.40143003577074254,0.2335099837893567,3,3
24ec174ef46b,0.08707122830799438,0.44215124397845834,0.4510516275583955,0.019725900155151643,1,4
24edf21f4d5a,0.18521147346364972,0.08931862789603881,0.3164302989081514,0.40903959973216,3,0
24fa5cba4f71,0.032743655258480504,0.3095251948592276,0.3047512104009504,0.3529799394813416,3,0
25134b8c00cb,0.3184699325321003,0.31292805093119175,0.24534064607432532,0.12326137046238261,2,1
2514250a50ae,0.0913912247223182,0.49853202341131964,0.24165247709539803,0.16842427477096428,1,2
251753f7ee49,0.23566674393840684,0.311847213488689,0.22782852935495157,0.2246575132179526,1,3
2534817120d7,0.30401054120605414,0.21153691355344176,0.15533442791648983,0.32911811732401436,1,3
253710fda754,0.2971755384286884,0.22177534082737535,0.2518236669992536,0.22922545374468273,1,3
253c261bde3a,0.14346976549565563,0.15291692196281362,0.4999401596271796,0.20367315291435126,1,1
2558428fe2a7,0.5331721830845931,0.052384553257289725,0.23676821784393454,0.1776750458141827,0,2
255b4b7dbc24,0.19672753524165246,0.23332602094018998,0.2765814967791162,0.29336494703904137,1,2
255e598df62e,0.08732582700316677,0.3885737269661582,0.4003300279572739,0.12377041807340101,2,1
25710be5e0bb,0.02720171948371995,0.42996250370690425,0.3143665652454863,0.22846921156388947,1,2
25a1c199f819,0.1717122594692512,0.4737455762464456,0.18367732487656077,0.17086483940774236,1,2
25a4b11a059b,0.07652229402298424,0.4525968976683488,0.22284632361539425,0.24803448469327286,1,2
25a7988bfc95,0.36312323026917276,0.10536636234547009,0.18398627474034487,0.34752413264501236,0,0
25aabc4c9c95,0.056823395340598645,0.2825823858053217,0.36572717674408517,0.2948670421099945,1,2
25aff4eb8fb1,0.10249988231242582,0.5104685591567661,0.1539779329487172,0.23305362558209083,1,2
25b65cff2f90,0.07194050315090961,0.23017186919755261,0.3581657865279591,0.3397218411235787,3,1
25b8ba43b5a2,0.28392341055244996,0.3456287753162759,0.27629586400131395,0.09415195012996032,1,0
25be7e269a87,0.18192581795928378,0.3927035785480517,0.24765367256274617,0.1777169309299184,1,3
25ce40175fd5,0.04453197904243848,0.7295791692303825,0.2013132295878828,0.0245756221392963,1,0
25d7c75f0317,0.06398358485317898,0.041854717324463414,0.2609603992455566,0.633201298576801,3,0
25e21353e24e,0.14971004937383553,0.2926193119383988,0.2614412492257401,0.2962293894620256,0,4
25e957bf9bc8,0.15199471032023754,0.5462780994850295,0.2251081514776783,0.07661903871705475,1,4
25f7ca4bed9b,0.11245506955197168,0.24011160209101276,0.42759542654817734,0.21983790180883822,2,3
2605bf788ab6,0.5908806693908079,0.05841626611381849,0.12989815183883766,0.22080491265653593,1,4
26142fe8357a,0.12162419683104642,0.37791494133870573,0.22453018214500073,0.27593067968524715,0,2
262dd75dd358,0.11978941055275796,0.2662668720837925,0.43693932720154477,0.1770043901619049,1,1
263e1aad5f55,0.2001610990241489,0.05741209988209616,0.19896592500496024,0.5434608760887947,1,0
2647aa350094,0.03159631029505642,0.5290543577408272,0.26935860318489835,0.16999072877921792,1,4
2651f80c25b1,0.7772223663428026,0.013701987865121671,0.07887577808128425,0.1301998677107914,0,2
26648048b098,0.04121750566047499,0.5621799929681334,0.17339942334375633,0.22320307802763523,3,4
269a455c3c91,0.40021174912264,0.11216597172182484,0.20020441092169117,0.287417868233844,0,3
26ae7b9c9414,0.04357192043637525,0.34489046176659266,0.27147268337051716,0.34006493442651503,1,3
26b0111b51b9,0.14139139683057583,0.1537703512034935,0.2746502836499395,0.43018796831599126,3,3
26b07f9e9e24,0.5053814684243545,0.055712729559193194,0.14643627067185436,0.29246953134459797,2,2
26becb3b6c16,0.6894640130063361,0.01999960196393147,0.11502682667443623,0.17550955835529627,2,2
26bf9b216e9c,0.08283662748558598,0.5299187872293735,0.23187721119421736,0.15536737409082316,1,1
26d5f296c24b,0.10279465595063945,0.35291891322858626,0.1584924341144428,0.38579399670633147,1,3
26ec93608fcd,0.1320658642127636,0.47558519085341855,0.26266796518557156,0.12968097974824624,1,1
2708e654cd46,0.07705992550144711,0.2020372147003597,0.31013287797754846,0.4107699818206447,3,0
27153365136b,0.03367688533280495,0.4594788651266398,0.2419949818683699,0.26484926767218525,1,4
272233b43d12,0.10209084103202887,0.44237722145485464,0.15750556082971476,0.29802637668340176,1,3
272dfcc2c228,0.4418444830609242,0.05926930367221912,0.1793613049338477,0.319524908333009,3,1
27307dc8cdb5,0.27012738869095093,0.4845474673480687,0.1622718563067922,0.08305328765418804,1,2
273cfc39402c,0.30506805796541286,0.19435918653131581,0.309181738695122,0.19139101680814946,2,1
27438e27d86d,0.6521816349651758,0.055856993699850914,0.19088742908803147,0.10107394224694183,2,2
274ee714467e,0.15241709306683024,0.27467751281772884,0.22816123997135287,0.3447441541440881,0,3
27513bc45ebe,0.11871725540798805,0.3511693736033715,0.2876693055131046,0.24244406547553582,1,0
275219c98ac3,0.10986713836837128,0.486100965803193,0.20737067198846948,0.1966612238399663,2,3
278fc970196c,0.6715303226024208,0.07242403702112678,0.12603325764474382,0.1300123827317086,2,3
279ff8b28326,0.13319752343742494,0.3970519985721422,0.3423309669991939,0.127419510991239,1,4
27c586844ff7,0.07384421665539165,0.5607781209766315,0.27754341398085614,0.08783424838712084,1,4
27db1806a764,0.2226278291134176,0.356275445088118,0.24514036849750961,0.1759563573009548,1,0
27df06029861,0.08102730190453757,0.4203451837328462,0.22365937488373436,0.2749681394788818,1,0
27e863fac512,0.2521688426488274,0.38731269914429645,0.30688492235012865,0.0536335358567474,1,2
27f620156b1e,0.6034607611621365,0.050343291883779034,0.29291922604215576,0.05327672091192861,0,0
27f8616263ed,0.011217695156906944,0.6461111988392387,0.11870290916711532,0.22396819683673894,1,3
280355493a53,0.04992861187259082,0.63057546564378,0.14700314401563747,0.1724927784679917,1,1
280826f3c8cb,0.007047384392137833,0.8107378445443195,0.12113442687553914,0.061080344188003406,1,1
2813f9090abd,0.12418254762571376,0.25035417899921714,0.21258382718117633,0.4128794461938928,0,2
281d15ca6f64,0.12325491305028945,0.30978485940492273,0.30247342878707073,0.26448679875771713,1,2
28353a62fc75,0.5861554355127284,0.061153684218154904,0.17660317242221213,0.17608770784690447,0,1
2838d8cb10ba,0.48553138304511617,0.03706691711956581,0.13885591316701637,0.33854578666830176,0,4
28449108106b,0.4173467146458724,0.17629457584809097,0.30989461619662434,0.09646409330941223,1,0
285d0448622f,0.7876890878609621,0.039633988719808916,0.06429947968541953,0.10837744373380938,0,3
2863afd4cd1e,0.06375786110911168,0.44009325417882383,0.33559420678852236,0.1605546779235422,1,4
2865cb42d240,0.6067733251113517,0.1466728783975786,0.15712403399431116,0.08942976249675867,0,3
287b389f997b,0.04818771820277446,0.6047797959378575,0.2427416797785628,0.10429080608080525,1,0
2883027e4eb2,0.58636503153299,0.08373203949875899,0.2798973854096891,0.050005543558561905,0,2
28a5850d4c73,0.06970547644749021,0.3033024143104976,0.5623233296363488,0.06466877960566336,1,2
28b1968260da,0.15447708231686064,0.1759414957540977,0.13019214935073573,0.5393892725783059,1,3
28b923d25bb7,0.0941725272981069,0.6773913360228202,0.15613003866814743,0.07230609801092557,2,3
28bd779b2f84,0.8623859407879353,0.019422234600919477,0.05294029301546782,0.06525153159567733,0,0
28cd5ee432cf,0.24722114536401715,0.1451561798832785,0.4708388678683484,0.13678380688435604,0,3
28ddb604e393,0.05285476250302065,0.6177462488248459,0.2537336024498405,0.07566538622229296,1,3
28dddc8559b2,0.3126173991467661,0.03633925051425128,0.23436426962854406,0.4166790807104385,3,1
28e1a974995b,0.13840565093237728,0.11161353778134812,0.3643890424501858,0.3855917688360888,1,2
28f828b5e399,0.4908536598094064,0.08593147747404759,0.1514819938470115,0.2717328688695345,0,2
28fa33eef652,0.061062121816073706,0.7528842899042134,0.16813604464292922,0.017917543636783616,1,2
2906f6903294,0.3935710206435176,0.11317738128717397,0.29012479780207345,0.20312680026723495,0,3
290727bac658,0.19797271000923064,0.3483022930215032,0.40106933405666667,0.052655662912599516,2,4
291df618f81f,0.0320151125344307,0.21911815050643627,0.6565484188585621,0.09231831810057084,3,3
29240c2eaf30,0.01693801672887525,0.7955578111392009,0.13123471903272066,0.05626945309920327,1,3
2938b11fe3f2,0.017313888000329004,0.5982384387354954,0.06711159319266144,0.31733608007151426,1,3
2951b5526194,0.2378556082393192,0.4074325062739551,0.17596612249558843,0.17874576299113734,2,3
29552af481ab,0.3329424219741666,0.07932324570918953,0.17763964352729722,0.4100946887893467,0,1
29578de12813,0.08040868482503191,0.6237850204589219,0.21455958994501656,0.08124670477102967,1,0
295c226093ed,0.0333408650817678,0.7191807390685241,0.15652747970328945,0.09095091614641855,1,1
297e73031b62,0.0821571599054067,0.19704333378416672,0.466314429891263,0.2544850764191637,1,1
2980304e9bfc,0.2059239889538618,0.3401912334028347,0.3465183595180315,0.10736641812527213,1,0
298767d24da4,0.31884021097758963,0.1899926506078053,0.3599940720161475,0.13117306639845755,2,4
2990579c982c,0.15335027879477153,0.2115414036550899,0.2752820105655446,0.359826306984594,2,1
299201b9ba40,0.17372477823479174,0.44991312075411893,0.2420919640929988,0.13427013691809048,0,0
299de817cf02,0.19922502667060693,0.226438101841056,0.28194435559506886,0.2923925158932682,2,4
299f34b2a99c,0.3309674944065536,0.19737592903364062,0.20540649651174833,0.2662500800480575,1,1
29afa03eedd3,0.5600945887397155,0.1845037509979732,0.16474059381605888,0.09066106644625249,0,0
29b7fce85c4c,0.026988923992017987,0.44196691460644383,0.44174387922623776,0.08930028217530041,1,2
29cd2e8cd19c,0.41118870266736024,0.2207255771812044,0.2218187033203698,0.1462670168310654,1,0
29df47042061,0.14615910136208654,0.3325231296458863,0.36675817305925834,0.15455959593276877,3,1
2a1768cea4ae,0.06115759837715693,0.22343618631203266,0.23183045412370412,0.4835757611871064,0,4
2a34f33583d3,0.2369328224710916,0.4499847529216176,0.19909607645055544,0.11398634815673542,0,0
2a35c8a7742b,0.5765348176357201,0.13913926462520956,0.1509006811575653,0.13342523658150499,0,3
2a457a88c49b,0.11582729749854809,0.3247471031573797,0.41838657656007616,0.14103902278399602,0,1
2a886a5ecdc0,0.3265803673417164,0.15846900220429938,0.22506676447697677,0.2898838659770075,0,1
2a8a246f1ebb,0.40115098736301646,0.08157801483607044,0.3996701942303068,0.11760080357060625,1,1
2a99eceed859,0.4769440593302617,0.11591898032653743,0.3234986969381938,0.08363826340500724,3,2
2ab426f9cfcb,0.31887083290466933,0.1553370735669439,0.4397303241693962,0.08606176935899061,1,0
2ac71ff83527,0.26928117832869125,0.31235015318463966,0.276870339119985,0.14149832936668413,0,3
2ac74c9a0635,0.08512849923425071,0.383328983137462,0.22699698673946292,0.30454553088882436,1,4
2acecb7b0b72,0.5198891260136533,0.017167241467307567,0.09202638353224975,0.37091724898678935,0,0
2ae591e11315,0.5998465886643953,0.0753310615934057,0.1740012375101664,0.1508211122320325,0,0
2afe9fa4b788,0.5718891857611427,0.031247224452940345,0.17430608560767633,0.22255750417824074,1,4
2b074ba8887f,0.060799926943533394,0.3353511455835251,0.44139921150271344,0.1624497159702281,0,0
2b2548a40da2,0.08068968482303487,0.43598908613960097,0.3613890934713178,0.12193213556604647,2,1
2b26cc349c14,0.3238797145178871,0.1450617179638521,0.3066346548939732,0.2244239126242876,2,1
2b2ab9538843,0.06449728297686709,0.34457819243708077,0.2864490453689032,0.30447547921714896,1,1
2b2e8f74947b,0.4154404350664203,0.19913546059558135,0.3091649787767749,0.07625912556122333,0,0
2b2fb5f5273c,0.5903000723702674,0.11696233479291676,0.23732427833827996,0.05541331449853584,0,3
2b4a46eb9079,0.07620917648130614,0.49833527217573714,0.2734326246020399,0.152022926740917,1,3
2b6132fe557c,0.26439828713415275,0.12061100231885018,0.2571306292680521,0.357860081278945,1,4
2b70f1b3b474,0.01359456242665667,0.6069594122798732,0.17087589039542564,0.20857013489804466,1,0
2b74c9c8b9fb,0.7222554358003651,0.048463757457779,0.1223805536076192,0.10690025313423665,0,2
2b7dbc950356,0.604339576620748,0.051481877456517944,0.16818669603724437,0.17599184988548966,0,2
2b7fc6e4fd1d,0.5094917540495811,0.05029414920093321,0.19961294094170917,0.24060115580777647,1,0
2b8680eba187,0.1386795813398386,0.5341054311069183,0.08408086878986688,0.2431341187633761,1,3
2b9150b35d3a,0.08773268293596045,0.4059074531507916,0.29039015035911503,0.215969713554133,1,4
2b9eb0cb1e87,0.015226265179058444,0.29730608601013286,0.48629334683818715,0.20117430197262157,1,0
2ba80f7a6982,0.5746806561779235,0.0826926230760345,0.14020154291194625,0.20242517783409572,0,4
2bd907ae6451,0.12102168125489939,0.31463389929177116,0.40945885046306785,0.1548855689902617,1,2
2be25a892bbb,0.406964941044533,0.0650737010235294,0.27635698096481504,0.25160437696712257,2,4
2be9fed93af5,0.10915990408275746,0.34235640155405844,0.3273751565374531,0.22110853782573098,1,4
2bfe8dcbdbf4,0.16935254670679029,0.2583321756559177,0.35430592106078884,0.2180093565765032,3,4
2c082a595014,0.03834742710965637,0.3561560043538657,0.3891444461179394,0.21635212241853863,0,0
2c09d33b5038,0.05161383537507202,0.40451563148738856,0.2774130899577194,0.2664574431798202,1,0
2c1e782a68d9,0.06697456937602178,0.3591296127741323,0.3363799340973459,0.23751588375250013,1,0
2c39d421bc0a,0.19926490941555103,0.058716844569251685,0.27972100885519013,0.4622972371600071,2,0
2c45ab64718f,0.03249746202124098,0.6336828583598673,0.20111447182189246,0.1327052077969992,1,4
2c5b54bddd52,0.1385366521001856,0.10693211881113414,0.2194597776844966,0.5350714514041837,3,0
2c78ef584129,0.06835014579363792,0.171366579404825,0.26104748810163064,0.49923578669990654,3,2
2c7d0327a977,0.1174524126970416,0.2860994823930812,0.22620682500013042,0.3702412799097467,1,3
2c84e6b44349,0.395886249598751,0.3597827180091194,0.1391865911580424,0.10514444123408709,1,4
2c94d957e11e,0.24486766353785247,0.23671125335377508,0.25042461590205334,0.26799646720631914,3,0
2ca53fb28d25,0.7316013960037254,0.039202611829069776,0.15913626026551125,0.07005973190169355,0,4
2ca72ba9a015,0.04967955975302789,0.35751444688089423,0.3380677426297398,0.2547382507363381,2,0
2cd2a236d885,0.3570970335744763,0.18825524416768716,0.3640089815746672,0.09063874068316924,0,1
2cd813a52fb6,0.16536187943701922,0.40050052123130886,0.3539272973973627,0.08021030193430931,1,1
2cda294cfd79,0.5756602099516253,0.04219571781022508,0.18712735404671635,0.1950167181914332,0,4
2cf18332758d,0.007655472451124421,0.7198243758615195,0.16771418604027216,0.10480596564708407,1,3
2cf2b94084ff,0.10921100393589656,0.5055553692214118,0.24701374806802756,0.1382198787746641,1,2
2d0150e971af,0.5828748156452142,0.03200194439601631,0.12375400360509163,0.26136923635367787,0,4
2d0316dc8a88,0.2595574061473148,0.2139712934925517,0.3573955878828457,0.16907571247728784,2,2
2d0a69701602,0.16137049456939112,0.31521766426687253,0.19684080356841682,0.3265710375953195,1,3
2d14bd39454e,0.5799204102154062,0.07104185614652445,0.10698625468848538,0.242051478949584,3,4
2d425408deca,0.359153109622815,0.3670862845612674,0.20376199821290428,0.06999860760301323,1,3
2d4e08bd3523,0.6513099757505348,0.10728758726607238,0.192822309512411,0.04858012747098196,0,4
2d51cfed3fed,0.6398690449431266,0.0579655248047391,0.16689120595914556,0.13527422429298877,1,4
2d5c41d6e69b,0.23248147536932076,0.45975422261109844,0.19234466928031485,0.115419632739266,1,3
2d5ede149efa,0.09046116775859055,0.11485718349597968,0.42532959870987114,0.36935205003555854,2,2
2d5ef00a9d18,0.4866257322459905,0.03535629565758938,0.13029535772655168,0.3477226143698684,0,3
2d7154c413fa,0.44298957091453584,0.23539011764067075,0.19481303036477748,0.12680728108001602,1,3
2d794121b64b,0.12652637372063558,0.38654274457102133,0.19640223877891394,0.29052864292942915,1,4
2d7e68ba5e8b,0.10365435926270285,0.2503432760555461,0.3427649714462162,0.30323739323553495,1,2
2da89579be93,0.1640449406189608,0.22849650857359705,0.4456231062142323,0.16183544459320984,0,3
2dacdf109030,0.030343541098198527,0.2098119469624773,0.21664994396022608,0.543194567979098,1,0
2dc2ece5a7b6,0.25978981347076263,0.041535538103778254,0.20407815971007617,0.4945964887153828,0,0
2dd2e2a2c848,0.7298428477181992,0.052874394280673365,0.16017207068001754,0.057110687321110014,0,3
2dfe7f1a0fb7,0.12624042271298935,0.49041509983954634,0.2183121374306888,0.16503234001677547,1,4
2e04415f03e4,0.683053950736131,0.03482477569697626,0.19518080924579803,0.08694046432109463,3,2
2e2d6ef7ecbd,0.18383685189546936,0.1025833942708539,0.14411876167884702,0.5694609921548297,1,4
2e34bd2e9262,0.07939538281771416,0.3418374297314814,0.4386466360481207,0.14012055140268384,0,4
2e44e9056939,0.11413756797063863,0.2939323275848842,0.48466798727203136,0.1072621171724458,2,3
2e47497e7ad0,0.8248784493819343,0.043303092942129445,0.09270878463658426,0.039109673039352026,0,4
2e490d6ef2e1,0.9346339908347269,0.0049034399156582965,0.024503431468570838,0.0359591377810438,1,4
2e52e7ea9fa1,0.41214288708876606,0.21817903563669158,0.16064196056253383,0.20903611671200847,1,3
2e58096bdbd9,0.4895072496484524,0.05083708723370399,0.24126199040775378,0.21839367271008966,0,1
2e6158c0eb68,0.10466155047971505,0.7220535844342452,0.09276839368342513,0.08051647140261453,1,1
2e6176e3daea,0.2274303189754309,0.43724600480433645,0.21725939995253743,0.11806427626769522,1,1
2e8e6d58eccd,0.023951951302017174,0.5930505057626446,0.1580212181967996,0.2249763247385387,1,1
2e977a960427,0.21470979913829297,0.23786857266563693,0.18500934897542945,0.3624122792206406,3,4
2ea5d1b25a2d,0.7167607951625732,0.017802143118038415,0.08961588422431242,0.17582117749507575,2,4
2ea7b438ec6e,0.7095966266751992,0.0731113087669175,0.1310610367129556,0.08623102784492777,0,3
2ed4ce2d96bb,0.037678855327261083,0.7330886123426935,0.19381358619998973,0.03541894613005572,1,2
2ed67f90c729,0.2113881300654991,0.1976326687588877,0.3071823610963577,0.2837968400792555,3,3
2edb1488b0b2,0.06138327410106738,0.24060074303503312,0.4575425474152122,0.24047343544868732,2,4
2ef14d372428,0.0639639888095129,0.5663289012224652,0.3299380801820699,0.03976902978595208,2,4
2ef198e99a5d,0.4695720113121285,0.15074800284539033,0.3176722680339011,0.06200771780858009,0,4
2ef447a9a325,0.058107939427489,0.2501992362273277,0.5640711788296641,0.12762164551551922,1,1
2ef5eac2100d,0.5538149256381318,0.2216064416790193,0.18867658248178693,0.035902050201062005,2,0
2ef93adeace6,0.6612060103856758,0.021081942244547174,0.09034219918390105,0.22736984818587583,0,1
2f21ed3dc84f,0.07508227798599854,0.3426641940549415,0.33690964793898015,0.24534388002007984,1,0
2f3b1d05c8c2,0.04423790702266371,0.35957028724916174,0.2954780245596688,0.30071378116850583,1,1
2f5749d77a09,0.2534031781397491,0.12053741837232146,0.19747000407008894,0.4285893994178406,1,4
2f5d56af2a65,0.5899287640688565,0.05078660040819106,0.2891359370739748,0.07014869844897753,2,1
2f606487f89b,0.21749517604646626,0.13712166511065382,0.20997394940496678,0.4354092094379131,1,2
2f6f6db14684,0.8040354129649928,0.04590769353274381,0.08089510001982753,0.06916179348243594,1,4
2f771861f952,0.05845105634722045,0.5368286435930325,0.37327950161768597,0.031440798442061164,1,1
2f9310ed2cb2,0.035351755645611896,0.25602874851274665,0.15569596448772569,0.5529235313539158,2,1
2f969d2bbb31,0.03771311948912958,0.7521887162835832,0.11697593907735009,0.09312222514993711,1,4
2f9813ec9d81,0.10335410496940928,0.5277844368608976,0.1536264021407109,0.21523505602898224,2,1
2fac6ca52178,0.19989194796078227,0.17252378742518126,0.19178262838398766,0.43580163623004886,0,0
2faea6510f1e,0.15599878104817508,0.25526573673768793,0.21834398442532582,0.37039149778881114,1,3
2fcf66c1d5e1,0.04218947367461256,0.2710059541269039,0.5078810696683849,0.1789235025300987,2,3
2fe13c059026,0.03515787746089793,0.5716516999766659,0.12511326929759473,0.2680771532648416,1,1
2ffd353f8ba4,0.1468347459691217,0.4518671711226591,0.36893502732236977,0.03236305558584922,1,1
3004fe97a3ca,0.7099094782450048,0.03983856606622662,0.18795035741840865,0.06230159827035978,2,1
3011ca5b6f43,0.09187531188355448,0.26687097393287595,0.3626354622179718,0.2786182519655977,2,1
30177765470f,0.06784899878250573,0.42712660654998064,0.2137891684232274,0.2912352262442862,1,2
301e45e1e65f,0.05699358754659843,0.5082563357622577,0.33071522516963464,0.10403485152150921,3,0
301eeda8a014,0.07959838389060679,0.2813912835893848,0.13759037719200434,0.5014199553280041,1,4
3022c6eb64bc,0.11179183450538066,0.462397618541426,0.14017279055057588,0.28563775640261735,0,3
3033f19402f6,0.03310510249222178,0.38333580626241676,0.2164155033597742,0.36714358788558715,1,1
304cbc1f068d,0.40707630714467746,0.11376797925993698,0.2972113217049283,0.18194439189045736,1,2
304f8125817a,0.14352734916553636,0.21293533773215295,0.5272091161431983,0.11632819695911241,1,2
3054a85afa87,0.09468408460529099,0.2623445081471995,0.12996146325251193,0.5130099439949976,1,4
3079db177db4,0.027892355712141364,0.610094311840075,0.17244004969448837,0.18957328275329516,1,1
308464f7fda3,0.06800745269948583,0.3095032997814879,0.5107750142330554,0.11171423328597097,1,0
3084edc5e8cd,0.14778767096255532,0.31057133585537566,0.3187667686480468,0.22287422453402214,1,2
30aa2c27d732,0.14606755153926418,0.5372787816607032,0.15743615726250798,0.15921750953752464,1,2
30c274c783a2,0.0658305592167857,0.26621466698832524,0.15488564124081358,0.5130691325540755,1,0
30c9e5013527,0.18112764136510262,0.23199407288674162,0.18999094808348851,0.3968873376646673,1,1
30def70773d8,0.04201469310002521,0.5615918733501383,0.27857011233980816,0.11782332121002839,1,0
30e45593ba08,0.20194846046455356,0.231745086575959,0.2848191520450837,0.28148730091440366,1,1
30f89ad8f0d8,0.21045597631406715,0.1615578144967968,0.2987910891656241,0.32919512002351203,1,4
312b098c64a2,0.06962263397352275,0.31650218166833655,0.44328882597602126,0.17058635838211936,1,0
3130e60ab20d,0.3024851790925573,0.038789451534987,0.20449695127727555,0.4542284180951802,1,1
3143117893c0,0.23394926818096948,0.07348534243051694,0.2819059509056944,0.4106594384828191,0,0
314432832e5d,0.15734135818224182,0.20034360510489654,0.4157350755087851,0.22657996120407659,0,2
315654b04e6d,0.04440950720486966,0.4022762803731038,0.29780136669192014,0.2555128457301064,2,0
31585f62e64b,0.07311040266178838,0.5837866473038765,0.23025670066020834,0.1128462493741267,1,0
31662d55ca54,0.4926792369732922,0.05380156627599013,0.2146020434565644,0.23891715329415317,0,1
316a5c0840f2,0.5025530283394398,0.17358724807031264,0.22397626275107074,0.09988346083917679,2,0
3171080f7d14,0.11354712867341556,0.39407880372645837,0.37335288107921555,0.11902118652091054,2,1
3174008702cc,0.49813403819569674,0.14454094154961286,0.20112950201259017,0.15619551824210023,2,1
318ccb5d4c6d,0.036117001984812803,0.5540464494553389,0.28013029608488765,0.1297062524749608,2,0
3190721e0a77,0.04165866885581748,0.5831975740246379,0.17275778853462193,0.2023859685849227,0,4
3193e2366c40,0.6682839770410286,0.10664291808213797,0.1389381452368696,0.08613495963996379,0,2
31b0af5bc54d,0.6215032738751781,0.0854985389673167,0.14820795981573315,0.14479022734177216,0,3
31b12697883a,0.39179493635867296,0.20594153314875394,0.24291162261801313,0.1593519078745599,1,4
31b95e5b35a7,0.22002176189545705,0.3586269374010469,0.29260203798857215,0.12874926271492404,1,3
31c8e40bf4bb,0.3399952890844309,0.18920464348831825,0.3673104838960952,0.10348958353115555,0,3
31cb04f8bc04,0.20045974402232872,0.13436914294034832,0.3914870222419851,0.27368409079533784,0,0
31d2ad10ba47,0.023086087950750116,0.5454563793845039,0.3472075580271883,0.08424997463755785,1,2
3217a8869694,0.18603630201153387,0.2635878561919559,0.37453742206207324,0.17583841973443698,1,0
3218844882c3,0.4598520259309616,0.23638367309221145,0.2135800914755524,0.09018420950127456,0,2
32218484a1a6,0.0641417565936065,0.3483759633093691,0.2695133205043612,0.3179689595926632,1,0
32240b045a58,0.22489621259505527,0.13172867962065818,0.15482635500269196,0.4885487527815947,1,0
3234ad871f06,0.43218867223974383,0.10445194410242357,0.18603787068207922,0.2773215129757533,1,4
325163dca428,0.16588232557567395,0.14691758034064914,0.4288839150620216,0.25831617902165527,1,4
325c6a75b0a5,0.22038112358843998,0.21990525217998733,0.19729925479015242,0.3624143694414202,2,3
3271d3fa61e6,0.30280065858170496,0.13504434413690963,0.19802149203244046,0.36413350524894494,1,4
328c8b6431a3,0.011045680283742415,0.41683335233358215,0.3343799878768084,0.2377409795058671,1,2
328da94078ec,0.21128966661853787,0.2048065047417721,0.30612842366695414,0.277775404972736,3,0
32a71d3ee25d,0.1082385006860889,0.4468285665415717,0.30481038030018864,0.14012255247215072,1,3
32bf7e54a7ee,0.11991770184250171,0.3585385094601683,0.178955075735829,0.34258871296150095,1,3
32d20157a012,0.11442791889446961,0.2844976789819397,0.35278843703906326,0.2482859650845274,2,4
3309d981e5fe,0.18200351045350882,0.35021529040165356,0.27472170434322496,0.19305949480161266,1,1
3312377895b6,0.05994264445270895,0.07920865448083592,0.24864021409713963,0.6122084869693155,1,1
33198ca96dce,0.09730634974845837,0.1387061627666152,0.18382417663485348,0.580163310850073,2,3
33354bc058ae,0.06459133871861207,0.5112783334855368,0.29303504814289816,0.13109527965295298,1,4
3340562b3fce,0.17701601230275188,0.33179057636514214,0.32763427253055094,0.163559138801555,1,2
334ac465b405,0.08475887315269347,0.2518224163098839,0.3621982660695149,0.3012204444679078,1,1
336e2335b62c,0.42029242206763756,0.17638392679046638,0.229473872139166,0.1738497790027299,0,0
336f9f6681a0,0.18602524409062296,0.39820990894344416,0.24223648860717611,0.17352835835875677,2,3
33711998b257,0.07303285839265385,0.4684475107141613,0.2645372518866911,0.19398237900649382,1,4
33745ae11797,0.12774247936287172,0.624796134394687,0.16635263949301568,0.08110874674942563,1,4
337a7a92aa4a,0.12494127053463983,0.18458937078452098,0.13671444321080808,0.5537549154700312,0,2
337e3525ca2c,0.1159535843099406,0.21906437743255028,0.259278813997525,0.4057032242599841,1,4
33a89772f781,0.04596516125261387,0.6721980555294103,0.15497188917769095,0.12686489404028467,1,1
33b6e91fe73a,0.3418107524724549,0.10974666817654684,0.26893888755087725,0.27950369180012097,1,3
33fca09f2e00,0.2696077703860734,0.22633038830578792,0.2157063588446176,0.28835548246352105,1,0
340106349073,0.290161777384603,0.16847276365610397,0.21968066673447598,0.32168479222481705,3,0
341323496486,0.48445409798698746,0.038390999207647394,0.182712892511075,0.29444201029429007,0,3
341a8f794069,0.1936628509553648,0.09590309901093311,0.3267340734997072,0.3836999765339948,1,1
34366c4dcaa6,0.6855608899592138,0.12736374677459728,0.08305493611443271,0.10402042715175618,0,4
34483c9319e9,0.2645382178000813,0.25597594965906734,0.30920346206691435,0.170282370473937,1,3
345d0da3ba63,0.04637041492441272,0.40532728432010695,0.4457641673445883,0.10253813341089188,1,1
345f41e15373,0.2232782515956,0.22747769415480787,0.3845794798436405,0.16466457440595159,0,2
345f8129863d,0.17725007048438493,0.31445473331950274,0.30730025598299365,0.2009949402131186,1,2
346c65dba4d5,0.1482691752025628,0.21633353541187847,0.30236515751349424,0.3330321318720645,1,4
347c521c9d97,0.016376717553058275,0.5384787020887409,0.18339840701079171,0.26174617334740913,1,2
347f9ca3f295,0.3027997366743772,0.10219862567752303,0.5407561652905851,0.05424547235751459,1,1
348bf841d923,0.3574454260589074,0.08733269803795105,0.19666100638113218,0.35856086952200944,1,0
34b3c1b15cde,0.19229533010361588,0.23121154917031433,0.369776877859149,0.20671624286692092,1,3
34cff27c2a43,0.01383462231323168,0.7000954486529933,0.1755435199631477,0.11052640907062722,1,4
34d360dd549f,0.2286262913592428,0.08710933052673334,0.36378382399644343,0.3204805541175804,0,2
34d7f214a7e5,0.8734668909075488,0.012263938171198474,0.06667941993537037,0.04758975098588247,0,4
34d9932348fd,0.5124506621585907,0.1954458427211908,0.16784987650297578,0.12425361861724275,0,1
34e76fd17a93,0.6107973933029643,0.11536232711883862,0.09995531559077891,0.17388496398741812,0,4
34f012146c73,0.20988502828524422,0.11540865857725628,0.43509142678042,0.23961488635707942,0,0
35035b97e536,0.021855696220212512,0.40011421108606865,0.2111397758502011,0.3668903168435178,1,2
351c9f9580db,0.3567293748678421,0.1441146658456729,0.21748075789178398,0.281675201394701,1,2
352cd75fce3a,0.050997991229761515,0.6982906662175249,0.18396489814421402,0.06674644440849949,1,4
3532ab7e51f2,0.6063332634952046,0.143837663776484,0.13558667164942081,0.11424240107889067,0,3
353e8d1d3147,0.01750054654632472,0.07022155306690153,0.6944562677067312,0.21782163268004254,1,4
354ac6bf2105,0.029902048461139332,0.47793021379586836,0.341140044022233,0.15102769372075933,2,0
354d310f53ef,0.16735287193719087,0.28168725453625426,0.2803325999167969,0.27062727360975797,0,0
354e69d0e3e4,0.6760632730262524,0.06648073059486785,0.18115726303915253,0.0762987333397272,0,2
35521a34aebc,0.1605400370110468,0.07738785130107749,0.38830303715675957,0.373769074531116,1,4
35547e12df7f,0.4675403415596297,0.08962044096812986,0.2640523132204826,0.17878690425175775,2,1
3572cab7a345,0.09709801109619956,0.30767330078270727,0.38787973516395874,0.20734895295713449,1,4
357734e7588b,0.04754851926471502,0.17819236983068382,0.2933078419593012,0.48095126894529994,0,1
358e736e289e,0.716498823212747,0.04705096803098681,0.1794167922843908,0.057033416471875126,2,4
35aff487b8ce,0.7227544298238584,0.022961449699340157,0.08471249350750656,0.169571626969295,0,0
35e22da3e615,0.5547944086056006,0.07844574330808556,0.13004505884163353,0.2367147892446804,0,3
35eb68ca9b50,0.29100230144842676,0.36458288086769186,0.2742491898858079,0.07016562779807353,1,1
35f1420690fb,0.42934151608008864,0.20498837777419346,0.18020277221186387,0.18546733393385406,1,3
35f759f8d1b8,0.5409524232245438,0.15465043946720924,0.19827309037754412,0.10612404693070274,0,1
35fece530971,0.17225739049912028,0.3877745954088114,0.30614863100440465,0.13381938308766364,2,2
3605ff235600,0.13422751619686762,0.5355242224290134,0.30518995404556654,0.025058307328552444,1,0
360a419fd953,0.6099660410749717,0.09560564610078358,0.23232062404963383,0.062107688774610995,0,3
360c787839e7,0.04715867681064959,0.2340713631964091,0.40366775252142667,0.31510220747151463,1,1
3617282997a6,0.07551001822294079,0.1880391474112264,0.45029589335624015,0.2861549410095926,1,1
361e431e4401,0.2318079993166585,0.2043182396529943,0.32092445876664005,0.24294930226370717,0,1
362a970635e4,0.3291974864831769,0.31869374154478575,0.2665463098856003,0.08556246208643704,1,3
363454850843,0.18218273076306712,0.012773196394237296,0.38681930582730456,0.4182247670153909,0,0
3638f959c7a3,0.6341258242032756,0.05943772645690427,0.258691840701571,0.04774460863824919,1,3
363eb5029f21,0.17250074465475712,0.3452414833923865,0.14358304688529847,0.33867472506755786,1,0
364f5d65a02e,0.08197226968952655,0.28856197695910124,0.1885188839451213,0.44094686940625083,1,3
36582a5faf1a,0.09759083399665959,0.15506260240296565,0.4064688837626387,0.34087767983773626,0,4
366c5acac35b,0.3019581048532353,0.2609436707142937,0.2932207410808409,0.14387748335162998,1,0
366fc85a2ac8,0.25894184517320745,0.41425479944534055,0.1757366701577259,0.15106668522372607,0,2
36746fa2ffc4,0.0325442344302705,0.6646623443154149,0.21565711309897295,0.0871363081553414,1,0
3694e0a1d9aa,0.13432936327175618,0.3649180399011681,0.23582954738656078,0.264923049440515,1,0
36a0d836672c,0.39930723968213144,0.1988877471285814,0.1856540402073049,0.21615097298198221,0,3
36aafc1b1c20,0.0718022667976738,0.200375253470912,0.373897639031256,0.3539248407001582,2,1
36b8b0686937,0.6510718893209513,0.14979050999016016,0.13535784539807344,0.06377975529081507,1,3
36badedeccd9,0.2504540409346238,0.23435766578958284,0.308984201772876,0.20620409150291732,1,2
36bb4db0e4cf,0.19979232845761383,0.3394282232590888,0.1183189184728583,0.34246052981043906,1,2
36cbfe6f866c,0.08900432846541996,0.5338595649439767,0.2815900943579021,0.09554601223270118,1,1
36d6d8418099,0.5066072339238944,0.014718996864239508,0.1578601403548782,0.320813628856988,0,4
3708f056c708,0.053495650883685665,0.6353130459042592,0.22471337916850112,0.08647792404355419,2,0
371638df8cd9,0.2857743291958827,0.13847824792849991,0.3255457539686518,0.2502016689069655,0,2
372796623006,0.40580111119635054,0.07562464569938576,0.2639219865493802,0.2546522565548836,0,1
3729a3c2fafa,0.1381442023825524,0.48870706207339193,0.15572345451535083,0.21742528102870484,3,2
372b63702c46,0.101160421726169,0.04316910315905296,0.3216693789833396,0.5340010961314384,2,3
3741bdbdbd77,0.5805132129387051,0.12468306940753042,0.21121871699012557,0.0835850006636391,1,0
3757a5a70aa8,0.5507466568241582,0.10654087019775979,0.23966334040856976,0.10304913256951216,0,3
375cac343d45,0.09061665592016972,0.268181471979664,0.43111846149461974,0.21008341060554647,2,3
376a75f57405,0.4056492243761261,0.1291405460655358,0.29839744391374506,0.1668127856445929,2,2
376f075346cd,0.12040365034507311,0.37896326938743913,0.2521195099766094,0.2485135702908783,1,3
378cee3c149f,0.13901937204046716,0.3879696793096725,0.34498415978160557,0.12802678886825464,2,2
3795c5ddd545,0.5429120051153952,0.05370058675032907,0.19127037674384392,0.21211703139043184,0,1
379799f990df,0.12802643465247118,0.5583572456876537,0.1621912889529364,0.1514250307069388,1,0
379b92fd1ab1,0.3257556578654551,0.2761762812339609,0.22279469701806318,0.17527336388252082,0,0
37b284b23465,0.03180626676970843,0.8431457719906287,0.10712197021974468,0.017925991019918236,1,3
37befe3703ab,0.223047843821704,0.16274002537486926,0.17771215183384692,0.4364999789695799,3,3
37bfb5f1f1db,0.7806390899848078,0.014872838400856354,0.14588173476148622,0.05860633685284944,0,4
37caabf49a4e,0.26341907247311697,0.339351773454564,0.33185375241485526,0.06537540165746376,1,4
37cbbdceaef0,0.027254049839301162,0.42808300756903717,0.19550788887810386,0.3491550537135578,1,3
37cfe520e66d,0.3166926538089628,0.1684007685348669,0.24829556067506642,0.2666110169811039,0,2
37e18d937dcd,0.3129811667579155,0.3511246674428356,0.20307617498283884,0.13281799081640996,0,2
37e3551e2f47,0.39414663968762453,0.23478104858996338,0.1542922961021779,0.21678001562023433,1,4
37e503d42cdc,0.024990709011632577,0.3229936997356893,0.47320997105505974,0.17880562019761842,3,0
37f2b094c247,0.31156479292744393,0.044984426067008774,0.37139761145860395,0.27205316954694336,3,1
37f638aff743,0.1683646431529852,0.14528104278852594,0.2715748380838109,0.41477947597467807,3,2
37fda69f3467,0.09056052422622071,0.24370720211068006,0.37854772792561303,0.2871845457374863,2,0
37ffdf650199,0.429028847694443,0.10251415603410377,0.2578555695739987,0.21060142669745457,1,1
38016f8471b2,0.20420944070656047,0.5194971600192304,0.18278539509194136,0.09350800418226765,0,0
38111e7353fb,0.04016918080368263,0.4347468109556902,0.36767795873358566,0.15740604950704148,1,4
381951fcbfd0,0.2207648911223204,0.2200867026385529,0.40060946793817015,0.15853893830095653,2,1
3823cf1c6958,0.31485853455835755,0.3885816915737221,0.20801434874659858,0.08854542512132162,0,4
38322a96d92a,0.12246287037418856,0.15381504263461782,0.10403946654290397,0.6196826204482897,3,2
383b6e0770bd,0.5135800631090185,0.1310833782061602,0.26934128655336637,0.08599527213145486,1,2
384d1d316992,0.11915907437268468,0.10818870073716828,0.22401968574897974,0.5486325391411673,0,0
384d84fbb4fe,0.02936696497856108,0.4471801384970407,0.2448894030723749,0.27856349345202325,1,0
386026264f01,0.05526815160827104,0.4189261417279968,0.18047738404273928,0.34532832262099294,1,2
386520e49eda,0.35341741930560944,0.052318539012965085,0.1530295825855175,0.4412344590959079,0,2
3865c0d08f85,0.18562132071228316,0.2087319379198309,0.2885642267593213,0.3170825146085646,1,0
38682a78a52d,0.6337023773675113,0.024444404332131263,0.11852677191103686,0.2233264463893206,0,2
386aa41785fa,0.5015439277009662,0.09170021199948436,0.29919871124421377,0.10755714905533559,1,4
38705dba1a96,0.06408832438669551,0.4311384266015407,0.34738242225561883,0.15739082675614488,1,1
387733d739e5,0.09497266352936216,0.47007215563168975,0.350982765519562,0.08397241531938603,1,4
387984f51e7e,0.6212882434589984,0.03401371909611998,0.2295960118412116,0.11510202560367026,0,0
3882700d8f0e,0.4128367598309414,0.15552852206300932,0.28983649429564023,0.14179822381040902,1,2
38a1f0560e2f,0.14226185344356618,0.32721609335928153,0.4023500868669066,0.12817196633024555,3,1
38cce8d6f373,0.02094295227931306,0.48987583396448536,0.253495264199763,0.23568594955643862,3,4
38d0b07a2c7d,0.3172330824757532,0.20816897584937827,0.1839996748542031,0.29059826682066553,2,1
38dbce9f5da1,0.0645143998549123,0.43515840030450015,0.37626737327236903,0.12405982656821847,1,0
38ea4356df7a,0.05520466002232032,0.5618130797443349,0.27359413007317357,0.10938813016017118,1,2
38f2e947567f,0.5082377190060338,0.18376422711662938,0.25333229801384344,0.0546657558634935,1,0
3913b40864b0,0.037984102013510664,0.4412996624322361,0.4535360494366295,0.06718018611762376,1,4
39164e43c8bf,0.18522670349043144,0.35327424424098497,0.22932562586690433,0.2321734264016793,0,4
3920dc377214,0.5881194650651153,0.11273494069516946,0.1515283333673337,0.14761726087238164,3,4
3927f0e451cc,0.05042002906141073,0.4311570861932377,0.3704584757032999,0.1479644090420515,1,4
392a1b9dfb46,0.07275816621499252,0.4216346616273422,0.26764505170654573,0.2379621204511194,1,0
394a6b02efc9,0.13262295049635933,0.3754806264097155,0.3924657196131454,0.09943070348077977,1,3
394d1fbb6cc0,0.1119835878601424,0.3696357837443344,0.3972203505968254,0.12116027779869792,1,3
3965470a0126,0.18097080027927784,0.3727826732306893,0.2634828328681407,0.18276369362189204,1,3
3972d79dd977,0.12827369964673974,0.2439338911525464,0.3268483656920616,0.3009440435086522,2,4
3976f3f36b35,0.3928707366775041,0.21139813307594604,0.2623357884037463,0.13339534184280363,1,3
397ae205b6db,0.6806939904022079,0.04519553071099835,0.21493003794503207,0.05918044094176175,0,0
397ae5aecf2a,0.36327390491493644,0.288085832721577,0.18149230428370222,0.1671479580797844,0,4
3993e1dd3d8a,0.10228212753186262,0.2921658714607273,0.3824384814345808,0.22311351957282916,3,4
3995fbf3b106,0.08506406781303381,0.15682144509491633,0.4583328013555667,0.29978168573648306,2,3
399b7608576d,0.21489787278001643,0.24720130932139067,0.2590942781813131,0.27880653971727987,2,4
39a56d7788fc,0.2882049340709226,0.08313055683379049,0.34412486656605784,0.28453964252922914,0,4
39a6ef0d976a,0.18428982438985575,0.49338155540205314,0.2513368245181842,0.07099179568990702,1,1
39a80a14bfda,0.14058151229044755,0.30869645633622467,0.49180984981195647,0.0589121815613713,3,0
39a99407a17a,0.11320174755503011,0.49849758642316766,0.2859716600754198,0.10232900594638236,2,1
39ac58218ee3,0.6801770034906038,0.031083248080424213,0.2054978262854022,0.08324192214356986,0,3
39b9303331d6,0.08084968864667545,0.540185222646022,0.31893709596199354,0.06002799274530904,1,0
39ca2531a729,0.013248207927340577,0.583949074162932,0.16629464201723465,0.23650807589249284,1,0
39cfc88f6f20,0.1730724966791634,0.3430501935413471,0.3451954008723205,0.1386819089071691,0,1
39d1962d37d1,0.025384590889006308,0.559294162645754,0.13426340651043633,0.28105783995480316,1,0
3a01c7f8d00e,0.11837282110584536,0.21745653971541462,0.21135106847412397,0.4528195707046161,2,3
3a0391a11c60,0.08845588843482072,0.4637239055904262,0.18407339633699857,0.26374680963775465,1,2
3a07d9311567,0.2310696481812153,0.2749439510644478,0.36934373673555954,0.12464266401877744,0,4
3a0ce16d6362,0.39332551896540074,0.19880827673780987,0.2658720695511735,0.1419941347456159,0,2
3a1aad9fe90f,0.17492210821613446,0.2587505428563874,0.36040915017811814,0.20591819874936004,2,1
3a2ab0d08864,0.22861421998713982,0.41563118848232783,0.14904298332174426,0.20671160820878817,3,3
3a3975e0fae6,0.30871673906176333,0.17599830971282435,0.1826843307368758,0.3326006204885365,2,3
3a3c198051f0,0.23452415990634065,0.275465073226692,0.3168048811425109,0.17320588572445644,2,3
3a54ca31df78,0.12844786989536472,0.5294988248996627,0.18134371543355476,0.16070958977141775,1,1
3a65207debb0,0.6815537651783293,0.06108500265135765,0.19865055790891467,0.05871067426139817,2,4
3a6c6141fdb3,0.34927256029121306,0.1469864720113864,0.18782603080347965,0.31591493689392086,0,1
3a7061149c0a,0.10674921783630639,0.3442627413444596,0.2161422382207399,0.33284580259849406,3,2
3a7cad485369,0.14493858131399506,0.2395030862928033,0.32413576357999396,0.29142256881320755,3,0
3a92284ff753,0.6750565235582906,0.12344483478100308,0.17376393445980498,0.027734707200901463,0,0
3a985664cd4e,0.11461488197967704,0.1451254337716684,0.22549523878342465,0.5147644454652299,1,4
3a9d3f1fdd81,0.07287923830251657,0.44653474944753957,0.27591733441446636,0.20466867783547757,3,2
3aa2fb153a2f,0.6341508892255638,0.08087564606772395,0.16447210265247011,0.12050136205424203,0,0
3acf095adbf4,0.43750930871353816,0.16104787638492044,0.22777044267024202,0.1736723722312993,0,2
3adf9086a151,0.4081395599060534,0.14342231860770938,0.276935463617462,0.17150265786877525,1,4
3ae836708e67,0.26989702192660125,0.14875871678138547,0.31973880457400816,0.26160545671800517,0,3
3b205aad9af7,0.0870196834798871,0.3009087824874944,0.24413964093653476,0.3679318930960837,1,2
3b317a8d01e7,0.17879979200454538,0.24245645616215106,0.47222523404202643,0.10651851779127715,2,1
3b3f6099e50f,0.10129536904265289,0.5425857223267659,0.20308002341362227,0.15303888521695894,1,3
3b4ad94ce2ba,0.68444214253736,0.0420591521445136,0.17239831756537652,0.10110038775274989,3,4
3b4cdf9a776a,0.05096181249887488,0.5367691591347524,0.21852662752077565,0.19374240084559705,1,3
3b4ee5bd11b3,0.1321941805523597,0.37123678284349887,0.28914062499090215,0.2074284116132392,0,1
3b5009bd67ab,0.4437482119044515,0.0912012734251402,0.20980101134766077,0.25524950332274743,2,2
3b5207b6f84d,0.1590275618835712,0.24965003625878102,0.1893319179222165,0.4019904839354313,0,0
3b57d6722817,0.0725937588293732,0.35048618957614613,0.1204351840665474,0.45648486752793327,1,1
3b69158045ec,0.5389015988558425,0.06808434817435417,0.18328271839053706,0.20973133457926627,1,1
3b842e573d63,0.20687074106042744,0.16499695948299092,0.3227201732484881,0.30541212620809355,3,0
3ba744292b92,0.05223259772306945,0.40541725298775516,0.4063066575018149,0.13604349178736042,1,2
3bb35461687d,0.055357897971980694,0.7027363957954473,0.1595811553458772,0.08232455088669496,1,4
3bbcfe7bb63b,0.1256766559094805,0.22971832887740476,0.2566903440090699,0.3879146712040449,1,2
3bc25f4361e2,0.39377895308504024,0.29354803544002406,0.18930954375868742,0.12336346771624836,1,3
3bd90e114e5d,0.7960675646638881,0.016074077881905232,0.10139890077879736,0.08645945667540947,0,0
3bdf88144fa5,0.5435884802013232,0.07811436932942802,0.16791161560882203,0.21038553486042674,0,4
3be9203f616c,0.14519605989662102,0.24330393449482998,0.29983895347831546,0.3116610521302336,3,3
3bf0ba9cac51,0.36627291115591826,0.374192244048699,0.1909622069071883,0.06857263788819434,0,2
3bf5a489d804,0.031084282403756987,0.6886166365408978,0.19879498414786004,0.08150409690748521,1,2
3bfb13733ff0,0.07330035574111378,0.502905905276589,0.20020107294819364,0.22359266603410352,2,1
3bff1d73230a,0.31016428841198046,0.2916524311733061,0.18707411201743193,0.2111091683972815,2,2
3c13375ee625,0.11518529746059811,0.46748517898897535,0.18796227545728006,0.22936724809314654,0,1
3c13edac81eb,0.6967719680314691,0.13274326562150507,0.11880039600525072,0.051684370341774956,0,0
3c3399f2170d,0.011890010476439379,0.6570522117069114,0.2759225303762711,0.05513524744037805,1,1
3c4bae86dd43,0.09986893694041386,0.25436478906288723,0.3252017522412685,0.3205645217554304,1,2
3c66c7eef4db,0.11887647391253921,0.4334626383885146,0.2207523855797252,0.22690850211922112,1,0
3c7633f8a03d,0.03363316842490758,0.1967690661583627,0.15869877096387666,0.6108989944528531,1,4
3c87dfa890fa,0.22154552022204047,0.22720510801181207,0.2144276594708098,0.3368217122953377,2,2
3c88bd82fb37,0.06857526375527571,0.4028998829475796,0.28805613363056237,0.2404687196665824,2,3
3c93b438df5c,0.33883272385726865,0.1237282694096137,0.1627567808062568,0.3746822259268609,3,1
3c9540566f10,0.5091297087103209,0.1228938549159412,0.17726922049629268,0.19070721587744516,1,2
3c97acaaf4e5,0.27629496677843524,0.11348085549532631,0.15567792888613816,0.4545462488401003,0,3
3ca4e2ffedff,0.2453992533205298,0.27402272829104996,0.26204629387331896,0.21853172451510122,1,4
3ca7c79b3eac,0.26998928673753253,0.22303618420850205,0.3102140477567916,0.19676048129717388,1,2
3d0812e8b857,0.11118848811423125,0.5869089742843944,0.22256853169507027,0.07933400590630406,1,2
3d258ae21e22,0.18357778369877792,0.17902428419087238,0.35123107310357626,0.2861668590067733,0,0
3d33841de910,0.5869688171257053,0.08203397011556125,0.12770625002515557,0.20329096273357783,0,0
3d46777c79fa,0.20916087569611966,0.3642136116429131,0.19187092092673322,0.23475459173423413,1,1
3d4ceb0fe08e,0.1597080883817283,0.16941625824555553,0.1867823067892915,0.4840933465834247,2,2
3d5778dea835,0.3130529150879664,0.22100548409533013,0.37638669307581,0.08955490774089353,1,4
3d6155f6d4e6,0.6076631918385278,0.04260194304486179,0.18878916313754474,0.1609457019790656,0,0
3d6a6a938f4d,0.04210634634691308,0.32681596460338097,0.2006849271615474,0.4303927618881584,1,0
3d6e135dc416,0.3304621061546456,0.28351509063077174,0.25020404226222753,0.1358187609523551,1,4
3d7a5814c41f,0.05548296604124391,0.43528654244863746,0.21199066504000685,0.29723982647011166,1,2
3d9b3b0801a9,0.10211587451320986,0.2434413592008068,0.15843873659042557,0.49600402969555774,2,1
3d9d054474b7,0.36702301876717747,0.12279133024046775,0.40643757630937505,0.10374807468297984,3,4
3da10090af63,0.23403535406185008,0.023743996828483528,0.2575556887341394,0.484664960375527,2,4
3daae55407fc,0.615457893670404,0.032380623900416274,0.12216224343360556,0.22999923899557417,1,4
3db73bde49a0,0.08920112230866797,0.20033209940692698,0.507458045448073,0.20300873283633206,1,4
3dc69e5f2b15,0.07034748066652778,0.6041654409254454,0.21979242212713992,0.1056946562808869,1,1
3de21b98d4b0,0.5356019693215949,0.03613610306635664,0.12965213699744377,0.29860979061460485,2,3
3de827a029ee,0.09035234412616722,0.4391252053176933,0.20339986228847592,0.2671225882676636,1,3
3dedb0639734,0.375519358269318,0.059250919393291114,0.15685472733363937,0.4083749950037516,1,2
3deec0a549d3,0.16342627473585153,0.5107300943619693,0.2912680398205455,0.03457559108163371,1,2
3df22af63de9,0.2373857522196327,0.05937169743054217,0.176488253109883,0.5267542972399422,0,3
3dfc66e41bd9,0.04599936668918176,0.6931456325990479,0.12917360310347792,0.1316813976082923,1,2
3e0dde11b059,0.015542059755126241,0.5723194391337117,0.22121188605041195,0.1909266150607501,3,4
3e22009db59b,0.06561587844166039,0.4611320171137945,0.27516255862802913,0.19808954581651594,1,2
3e2d6faac5dd,0.0774772014473416,0.20689819605195636,0.20683257398983926,0.5087920285108628,0,2
3e314f95dc5f,0.09732683646703566,0.29663873051616435,0.22645038421098387,0.37958404880581603,1,3
3e3329765aaf,0.383123323415094,0.052299123922542705,0.36262549996205706,0.20195205270030617,0,1
3e4037b0506d,0.7261421096294892,0.052990217064132004,0.1618994866224938,0.05896818668388496,2,0
3e51ede7ee7c,0.6212568264109932,0.11391084537481624,0.16184430305054634,0.1029880251636442,0,2
3e585150ed8c,0.14491396335944956,0.37799943480020143,0.26473271732757514,0.21235388451277395,1,1
3ed3d85a4caa,0.43234491700227756,0.1494610984752608,0.23439366746143303,0.18380031706102873,0,3
3ed6283fd966,0.08437323006162091,0.46302451483790286,0.19586184455708555,0.25674041054339064,0,1
3ee0ccf7f5a7,0.045896883188257534,0.08871415073563521,0.14011639005745768,0.7252725760186497,1,2
3ee6ceb2040b,0.07679846258108786,0.36561553809756603,0.3652836423570939,0.1923023569642523,1,4
3f1e5e240522,0.1997293334266563,0.09964321958027494,0.5861693241654283,0.1144581228276404,0,0
3f2755948419,0.011870307979309125,0.7820330418719719,0.10695017076951902,0.09914647937920006,2,4
3f2ca41bae34,0.7119257486683027,0.031276684110823294,0.1587217088401804,0.09807585838069346,0,2
3f457bc13b99,0.11192343879996201,0.24100578438885584,0.375536919671141,0.2715338571400412,2,0
3f4c9c73330c,0.05024315463419245,0.16243489372237635,0.48373675192268456,0.3035851997207466,0,1
3f667806b517,0.3762249877604716,0.252089747824846,0.26186315791099823,0.10982210650368429,1,4
3f82bb3ef348,0.11864985337633713,0.03857632491390318,0.12903029923805645,0.7137435224717033,2,4
3f8ed621f16e,0.042090761025280046,0.6140772079319577,0.1972776777478982,0.14655435329486396,2,3
3f91d11cef59,0.3359501944704751,0.15814618463324845,0.2905930828342523,0.2153105380620242,1,2
3f984f0aa172,0.37090417964859546,0.1953874841676826,0.2868427744311076,0.14686556175261434,0,2
3f98f789e62a,0.25465546578706044,0.10125748897123095,0.29424593138116584,0.34984111386054273,2,3
3fa878dddd94,0.5505264324327719,0.19189604420039494,0.20725943606364802,0.050318087303185155,1,4
3fcc2be34719,0.11290122867419544,0.12515124546553497,0.5093421179850531,0.2526054078752165,0,0
3fd1aead516b,0.042164011073915174,0.5301801696146974,0.2188264260868308,0.20882939322455651,1,0
3fff6c83cd81,0.43135495709557564,0.1773520766690526,0.2646281889573088,0.12666477727806322,2,0
400f0c7e4de4,0.13805336958668218,0.16407624862418385,0.35933834841163964,0.3385320333774943,3,0
402dfb591509,0.3244985126299837,0.10381145434275961,0.17502496011438928,0.39666507291286746,0,1
403f9fb0ef31,0.1438647324234114,0.5500570755981865,0.19988805053907197,0.10619014143933012,1,3
40618161dddc,0.044442866265913344,0.4963150731505175,0.3535021725143802,0.10573988806918898,1,1
4063853b3cab,0.03927837760571303,0.7569429775601012,0.13787713040574792,0.06590151442843789,1,0
40689b3c62c2,0.06681989783392397,0.5966871348619209,0.2212237851063007,0.1152691821978544,1,3
40925ddc68c3,0.18113951214670945,0.044691965128268,0.18143700144622357,0.592731521278799,1,2
409d2496f978,0.13793378232886058,0.30732495471118937,0.31650808443295797,0.2382331785269919,1,1
40b6a080d09a,0.012767286322325159,0.2602141354599058,0.2916762428268924,0.4353423353908766,1,0
40d4ba72961e,0.0763769167092636,0.4042726277342294,0.35187313923004004,0.16747731632646692,1,0
40d67faaee75,0.3453123912891824,0.19525903949417484,0.2664385531378202,0.1929900160788226,1,0
40d817276317,0.05284207734260461,0.335534935989087,0.36987299956172853,0.24174998710657988,2,0
40faddf1bb05,0.21765937835810792,0.2258165278653015,0.3976618230116753,0.15886227076491527,1,0
410819eea797,0.21673135482914904,0.26653559269045324,0.313951776205461,0.20278127627493675,1,3
411149653816,0.29239298658301627,0.24871712917587446,0.320025505643155,0.13886437859795436,0,2
414a2893624e,0.06049651477389582,0.6365329991011546,0.16606731232453545,0.13690317380041409,1,2
416edca973f9,0.04768033011155635,0.2895542191725007,0.34329056630613053,0.3194748844098125,1,2
417584cecd96,0.05073767431372864,0.7173707363106164,0.10835720219987163,0.1235343871757833,1,4
41792cfb0e74,0.11371150026274625,0.2826653769519869,0.12803035662138199,0.4755927661638849,2,1
4180aa686422,0.2880547348820207,0.19801305349665535,0.3829543919396921,0.13097781968163172,0,0
4189ab7c6027,0.7829114317247841,0.021388915459700928,0.10873867783753478,0.08696097497798008,3,1
419b460cc514,0.03374450570238419,0.7152407091140213,0.17127766906356037,0.07973711612003417,1,2
41a4d1a7f399,0.06721268276796781,0.5550026453642448,0.24773837954922062,0.13004629231856668,1,3
41b664bf705e,0.12943830802753203,0.34417530538146357,0.4626618346348065,0.06372455195619789,0,0
41b86a3012d5,0.04410418936269829,0.33368259247275606,0.17972650184433253,0.442486716320213,2,1
41c32b7a5b44,0.2767092673308693,0.3712044381658409,0.1597194604318616,0.19236683407142816,0,3
41da13080a64,0.3209526579870385,0.204763506421413,0.34967454549151067,0.12460929010003802,1,0
41f2bb5ef2e9,0.13996738213687826,0.15187014598465715,0.3943827706140048,0.3137797012644598,1,3
42091afaa4be,0.025505318906321787,0.18639762207536661,0.11896569285881571,0.6691313661594958,0,1
420bb7be8ab2,0.5251108443472385,0.06837141955595372,0.20932675170065373,0.19719098439615396,0,1
420d52239d7d,0.09617301255693084,0.6345028070685714,0.22255000196467029,0.04677417840982746,0,1
4213b8c96b2d,0.24840906219148642,0.05173290217393414,0.12989867824932563,0.5699593573852538,0,2
421789206c7c,0.13303739795114108,0.5283427939623224,0.26113213000095675,0.0774876780855797,1,1
422689777b34,0.2146574428441961,0.46225503208870616,0.23959300580799886,0.08349451925909879,1,4
423d5a5b56b2,0.06965384691077656,0.6362936234656692,0.16951930962847517,0.1245332199950791,1,1
424fb90a4bc1,0.5422031608217689,0.19356061880071412,0.19139851431867733,0.07283770605883966,2,4
425baa3b6167,0.1386517781337418,0.35716687713426043,0.2558824229868373,0.24829892174516044,3,4
4278049d12e8,0.3597213108458405,0.1906315450224653,0.24198805052421826,0.20765909360747586,1,3
429a5f79ac0f,0.1302106254987518,0.3789977739981437,0.38719976625980596,0.10359183424329847,2,1
42a5ef66e3d4,0.2256898672585533,0.4259869427040221,0.21248371145010894,0.13583947858731568,1,4
42a9025e9d29,0.5966821937025303,0.05998132723930348,0.12134926287934499,0.2219872161788214,0,2
42ad2e4feb4f,0.1379204210049228,0.20867270557311135,0.39946225401171265,0.2539446194102532,1,0
42c28fffc31d,0.32396809397397086,0.33239280822638584,0.13954053900692848,0.20409855879271474,0,4
42ce6191e14e,0.11364134349703954,0.46354836006217204,0.25873456518882565,0.16407573125196268,1,1
43001c00ccca,0.045239382902414776,0.1698125122506928,0.472489080585609,0.3124590242612834,1,1
430855f2a4ff,0.563539772584227,0.04926006992019462,0.18604130253100767,0.20115885496457067,0,0
43183eb0a475,0.09400904186920031,0.26136825244342626,0.39841198642555153,0.24621071926182192,0,0
43213dfca450,0.29671144182980025,0.4296563432747742,0.22228188757408887,0.05135032732133663,1,0
4323961acfb5,0.08811807523019034,0.2817816435822108,0.1271099175647371,0.5029903636228618,1,4
433fdf0e14fa,0.2901853535366093,0.15661830875042512,0.27566010821588854,0.27753622949707696,0,1
4344f4c7ca1a,0.26839632267539065,0.1875595700563101,0.3252754180372508,0.21876868923104847,1,3
436ce67eb424,0.5254209890812359,0.09696076562792573,0.1313949611718211,0.24622328411901714,0,3
437964b36522,0.09762919313415004,0.6120939775598002,0.20125903425416664,0.08901779505188305,1,4
437efcc34243,0.24007219081103431,0.11912907574942916,0.20778524113005883,0.4330134923094778,1,2
4384bea76688,0.33413863551020867,0.1117699395006289,0.268836897529233,0.2852545274599295,0,3
4389b99b9c49,0.24358292264835285,0.1181541915654165,0.36153044684443997,0.2767324389417908,1,1
43ab168173df,0.1758509496128738,0.3238342447146013,0.37409823978602225,0.1262165658865025,0,0
43bcd9cbd79a,0.08292148289974935,0.33158895098444513,0.4148715388917286,0.17061802722407682,1,1
43c65f4830dc,0.5084866005393328,0.0708412455330061,0.13076349284913968,0.28990866107852137,0,4
43caab830455,0.2713009925411127,0.16617026312145777,0.3975150625752887,0.16501368176214096,1,4
43e05e0b34b9,0.019295447760930316,0.7854334236515744,0.10402318070727916,0.09124794788021601,1,2
43e48c2c4291,0.6272164373008532,0.025884099899436623,0.15091373111400522,0.19598573168570504,0,2
43e67cd54343,0.07791861034448992,0.35187481812496685,0.37179079947116217,0.19841577205938118,1,1
43f4282677e6,0.10181847727039854,0.5618690149964146,0.27004832828495495,0.06626417944823203,1,2
4403b3a0764b,0.06993568307988408,0.40636918317641924,0.20024521218908442,0.3234499215546123,0,3
440cde50a7f5,0.3157210509662236,0.24677250552681432,0.2987688095475666,0.13873763395939537,3,0
44164216b8ef,0.13241563899436676,0.5489316671502585,0.24790698701892078,0.07074570683645381,1,0
442570bcd62f,0.05131060164166031,0.1361083446784612,0.19117405057205375,0.6214070031078248,2,1
4453f1641121,0.2558872986682207,0.22832617947627018,0.40220593418618517,0.1135805876693241,2,1
4463659093ea,0.00787056918949556,0.8052249982386278,0.11882190257359973,0.06808252999827692,1,1
4475325ffe2e,0.09261711204012935,0.23381502203670296,0.39546255706210787,0.2781053088610597,1,0
4486acc30384,0.21255109951382814,0.3085879157639607,0.2953649368228346,0.18349604789937649,3,2
4492a7f00b5f,0.14032448904559616,0.6235364532394037,0.15190994971863497,0.0842291079963652,1,1
4499cf9d764e,0.7761203740078392,0.03119052257819417,0.11285137160881381,0.07983773180515288,0,1
449a4e07e0a3,0.12882103410459228,0.3628420968413997,0.2552613038489949,0.2530755652050131,0,3
44b3c1b1bf89,0.18140516699890558,0.3444349025903042,0.32119621356500505,0.15296371684578525,1,4
44b6c4a4f9a7,0.5351984883102602,0.039753532005298554,0.3034789959799714,0.12156898370446992,0,2
44d4bd051e1f,0.6678868607368453,0.021255342372365753,0.09442652906901632,0.2164312678217727,1,2
44fafe9c97eb,0.050600661808368474,0.622923159058769,0.19792685538159957,0.12854932375126296,2,2
454cac81825b,0.3602487144997659,0.18501265117380633,0.20883132361050383,0.24590731071592392,0,0
455cbab8acad,0.07877787962462714,0.40454315915275657,0.13617032065335294,0.3805086405692634,3,3
45642bcec833,0.30524845918067456,0.16784442466211094,0.25731646571669525,0.26959065044051916,3,2
45666ba64453,0.3051417908448565,0.056145032337802575,0.33268166693526424,0.30603150988207667,1,2
456c2a3abcf7,0.034539501480409365,0.48426568220498384,0.27380062906559277,0.207394187249014,1,3
456f61eec895,0.04021442467507051,0.48936547825284893,0.20266210302933382,0.2677579940427468,1,4
45725d3453c8,0.13950784430685723,0.25025904245225405,0.32063885325173375,0.28959425998915495,3,1
4593937b2976,0.7064134236332342,0.045286925474560875,0.18706172600145496,0.06123792489074982,0,1
4595c11984c3,0.15143342329805218,0.43941155686814887,0.2838351537372587,0.1253198660965402,1,1
45ba102094d2,0.286586107113756,0.4202264083849966,0.17389337252195985,0.11929411197928778,1,1
45dbef1cd1d7,0.03483964680221567,0.6692674088368409,0.20173803271477905,0.09415491164616445,2,1
45ef9c8f3a29,0.15675981782082818,0.0809143836927079,0.19024753096098715,0.5720782675254767,0,3
45f32c71c022,0.1217073329926759,0.2654815453135778,0.4150225169243988,0.19778860476934743,1,3
46096e40afc4,0.02939936203445741,0.31901181658772315,0.3964137052991937,0.2551751160786257,1,2
460e1bb0eb6c,0.0599734257417163,0.2994047575920509,0.4651977457100931,0.17542407095613968,0,2
461eb648381b,0.031229509844018455,0.45523243065929825,0.1891015885119951,0.3244364709846882,1,3
4624eb6a47d9,0.3884399803875136,0.1869322769704973,0.24386904066014684,0.1807587019818423,1,3
467079e557f6,0.02400140971918427,0.7254774409390075,0.18585100140121122,0.064670147940597,1,3
4676a91a79e1,0.34323747198115645,0.16740746128395229,0.3284934707927978,0.16086159594209337,2,3
4676ccc3da0b,0.16416726153977887,0.37092611435962697,0.3136759067364639,0.15123071736413027,2,4
46789391270f,0.10194184432832233,0.299913650334769,0.2478545376131741,0.35028996772373455,2,3
4684064a1c67,0.5483360820593589,0.044277977670980684,0.16601737041326922,0.24136856985639113,0,3
46b5875e3f4b,0.04246503374566936,0.6471264733571004,0.19364684863004242,0.11676164426718791,1,4
46b59bea8e92,0.011392514034228609,0.5216569420799678,0.2392790999182017,0.2276714439676019,1,0
46ee7cfd0bf8,0.5453981909679041,0.03816529125657722,0.3128006287780254,0.10363588899749328,2,3
470b3d8e543a,0.01349991848821165,0.5688111085391516,0.2694716476201729,0.1482173253524638,1,1
470d1f1abc74,0.07852366730310456,0.4126988003244652,0.24964139723636314,0.259136135136067,1,0
47184d6ce9d8,0.004828264848810259,0.7987317352166513,0.12999783144705612,0.06644216848748244,1,2
471af1d3f5d0,0.12852418339386304,0.47848299444462217,0.2838687992543777,0.10912402290713714,1,0
474a199db1f7,0.3124124307857394,0.24864686648726328,0.2233906382044569,0.21555006452254039,1,2
47666c3cd3de,0.6045794545455339,0.02867465837469626,0.24599639718698196,0.12074948989278793,3,4
476c4e9bd0e8,0.17727345933406483,0.28328707917573415,0.44298890184247675,0.09645055964772443,1,0
478ecae73c0f,0.032506378259592295,0.26321111091853877,0.3176749267222491,0.38660758409961976,3,1
4797141539c1,0.056576887116822946,0.6238790449315987,0.2532838506426174,0.06626021730896094,1,3
47a20936e21e,0.16462485601722504,0.22310117687074657,0.20200090727896744,0.4102730598330611,0,0
47a8d29668f2,0.8298471506354367,0.020422876602704223,0.113196464089217,0.03653350867264203,0,3
47af8c6239ff,0.09025104706657978,0.23946661721579657,0.2487979254126645,0.4214844103049591,1,2
47f9b7436c3f,0.653654351741372,0.06157114616088926,0.22182173118858145,0.06295277090915741,1,1
48115244cd07,0.16817218228049383,0.1492687614813597,0.2068273780617677,0.47573167817637885,1,3
481267fb221a,0.3735863330178541,0.19902287631144067,0.24029785463475983,0.18709293603594537,1,4
481522b95d50,0.15667689109225244,0.4454365612050185,0.29748974552202884,0.10039680218070024,1,2
4838494c6cc8,0.08636041041639231,0.34939730277411635,0.4597067050195983,0.10453558178989303,1,4
484e59c2708d,0.19645581191883432,0.16407137617748302,0.24424949722354322,0.3952233146801395,1,4
485d4ccd3c0e,0.21028738045966489,0.27305293307583295,0.1633294503077101,0.353330236156792,0,4
486c0b27043a,0.01798359337506917,0.6680264195142298,0.1365763358584758,0.1774136512522252,1,1
486e633a5721,0.25883128323049237,0.13891609541950595,0.19802839680138043,0.4042242245486213,0,3
48889844ef56,0.11768118426038551,0.39992072065243633,0.3608931432177732,0.12150495186940498,1,2
488d48e19716,0.14491107717133483,0.36988708628366834,0.27325826757575794,0.21194356896923877,1,1
48d8abfbad2e,0.3887811659917598,0.0930930381604827,0.20789467178003734,0.3102311240677202,2,0
48e089b6f3cb,0.1704860332466963,0.08527980620649599,0.3888575180547445,0.35537664249206313,2,4
48e1cde4e995,0.09261470354334976,0.514908560628649,0.26605798402504005,0.12641875180296133,2,4
4900ec5edaa0,0.13703998978348905,0.4202553243806953,0.13893166042059174,0.3037730254152239,1,3
490545ad8409,0.1151395668508176,0.3350558944548866,0.361454899088221,0.1883496396060748,1,0
490fe3924dac,0.06457480050620677,0.25141709207018076,0.454285202295445,0.22972290512816745,0,1
4911fa4de0f5,0.1902263805128715,0.0891006860680045,0.40047528259070153,0.3201976508284224,1,2
4926141293e4,0.34149810251145535,0.3208432847889243,0.2336574406367139,0.10400117206290645,1,2
49358afcfb80,0.02848447260234976,0.8161853457950151,0.10983834428707799,0.04549183731555724,1,2
49374ea79cdd,0.29674295658473393,0.2225597319081934,0.18657622741113306,0.2941210840959395,1,4
4944adbe3aec,0.29713286402339795,0.19478943169566934,0.2879685580459015,0.22010914623503117,2,1
4948bfd21ba8,0.03048434492596723,0.5433492800559879,0.22342347503352353,0.20274289998452136,2,4
494aed280098,0.1593461615811385,0.23679487668009888,0.37683098668113,0.22702797505763272,1,2
494f4d7a1bed,0.03171605326071925,0.3342398080641749,0.24022480901165863,0.3938193296634472,2,0
49508eb834d6,0.5963978745798073,0.07382652110125372,0.23067375473842477,0.0991018495805142,3,1
495ab5cb9721,0.04541433718524808,0.6947582581711836,0.20869901079502937,0.05112839384853885,1,3
4968d37e02cc,0.05417448718083945,0.20440115693656133,0.15824860814530972,0.5831757477372895,1,0
496dae9e8e48,0.07531270151634784,0.09791050457291199,0.25768513203900667,0.5690916618717334,2,1
49719e81744f,0.48728608232948245,0.1300592269747297,0.23703419799045472,0.14562049270533312,1,0
497bf4b490c4,0.3853283441147578,0.25652501586495735,0.2348878289677192,0.12325881105256582,1,1
4986a30d2f81,0.19528180129893846,0.14964034150224054,0.32743062030582315,0.3276472368929979,3,2
4989ab8488fb,0.5313326947647392,0.0333451304427319,0.16990146766903674,0.26542070712349214,0,4
4991160776f9,0.11000027021048768,0.32530439133262584,0.40271884474701986,0.16197649370986644,1,0
49a79f8222a6,0.2106358237628825,0.3587784952021408,0.260638826853166,0.1699468541818108,1,0
49c79f89893c,0.02070209289017605,0.38167203716071385,0.10724047110737515,0.49038539884173493,1,1
49cb0e4c4f6f,0.04299624727063932,0.6499993896967459,0.2512975594651819,0.055706803567432836,1,3
49f33fad39cc,0.09758943279963686,0.31078450110311223,0.30662236013674304,0.2850037059605079,1,3
4a0fb5ff55bb,0.30183166447600096,0.2509892222763849,0.26596158661736896,0.18121752663024507,2,1
4a161522e760,0.31182806195462176,0.08629616106449342,0.4561201451178556,0.14575563186302934,1,4
4a195eb75def,0.8045378043742927,0.04063707874655641,0.09763045980094974,0.05719465707820139,0,3
4a1e37b8cd8c,0.01641972038284402,0.5298703786880995,0.2448702732689284,0.2088396276601282,1,1
4a2ddd0dc53a,0.4567746265871446,0.13744790183808306,0.14565552169070253,0.2601219498840697,0,3
4a40923456d9,0.05166900783261572,0.45185116241603085,0.2847218401509323,0.21175798960042122,1,1
4a4163009281,0.03204100492786595,0.7538948643838941,0.17243300075310802,0.04163112993513184,1,2
4a41d40a63d3,0.189371804962985,0.5297880846742755,0.20649447862067893,0.07434563174206055,1,0
4a4e88562235,0.3699221916191385,0.19214071749555783,0.2679300367617648,0.1700070541235389,3,3
4a4f19493e91,0.11746136676753673,0.4863923551150327,0.24466283157152913,0.1514834465459014,1,3
4a5bba561d65,0.15416152358627763,0.17610819925144955,0.39232569681390767,0.2774045803483651,0,2
4a5d1728c12a,0.33590010451243973,0.09842327371106284,0.18015830315416986,0.3855183186223276,3,2
4a5e943d578b,0.009641434088104937,0.7487073585131908,0.0871540899101894,0.15449711748851466,3,4
4a6290010ad7,0.33889942149539215,0.32541377214995393,0.1633667083293669,0.17232009802528703,2,3
4a683fc106eb,0.1225884083337705,0.49571860896441167,0.2741797304451558,0.10751325225666196,1,2
4a6c95b0cc17,0.2785887582388742,0.19063254711576044,0.3399086350385889,0.19087005960677644,0,4
4a7253e116d1,0.5392044782171163,0.07287626283856326,0.19169622490977997,0.19622303403454058,0,2
4a746c1839d7,0.2836423069203579,0.16971496469104272,0.13113963089815103,0.4155030974904484,1,1
4a759252b405,0.8911992997179002,0.008717453770481857,0.0436721450205525,0.05641110149106543,0,0
4a9a960d2f8b,0.45958414461828956,0.07878305746695073,0.28833311429178266,0.17329968362297696,2,3
4aa11ef1fd38,0.3272955760029091,0.19388591140306666,0.3365354921205766,0.14228302047344757,0,1
4aa5037091ee,0.28537735562065014,0.2305551572908696,0.33186204303330613,0.15220544405517428,0,0
4ab7fae55612,0.31041153812648964,0.0989267265123142,0.2791256435826528,0.3115360917785434,1,3
4ac2b8f0d043,0.5500067148844627,0.08482084458202735,0.19623633245003297,0.16893610808347687,0,1
4ac6bbb98b57,0.08061773730907168,0.20211870541489746,0.3976744806803855,0.31958907659564517,3,2
4acca25f2444,0.5993980715849289,0.029339839286871703,0.1809698692986835,0.19029221982951594,0,4
4ae37a325776,0.5060761586350734,0.09188293049281217,0.16582089931968044,0.236220011552434,1,0
4ae89e667a24,0.17172397931272687,0.3918455494603655,0.20526888593893206,0.23116158528797556,1,4
4af510894843,0.1542263468225365,0.29639257242589545,0.14670493115261513,0.4026761495989529,3,4
4af9fd126565,0.09671534403001361,0.4118239405237841,0.419015073048904,0.07244564239729813,1,0
4afcd8aa1ebd,0.11623431119845933,0.20615126986672658,0.39060866474230127,0.2870057541925129,1,0
4b009ead8ab2,0.6192465907734606,0.040512241911714285,0.12606054726648,0.21418062004834526,0,0
4b04ef7e5a91,0.5657236863685201,0.08533389702823449,0.20570811666970984,0.14323429993353565,1,4
4b0988ac86c0,0.529022644036026,0.09416826484160559,0.19150405604181342,0.18530503508055512,0,0
4b0a5a40676f,0.08892794536265607,0.3648905522936543,0.21359071144411051,0.3325907908995791,1,2
4b0df75f21f5,0.019654251269298696,0.7487065666088094,0.13355375896477376,0.09808542315711824,1,0
4b1d718d562a,0.1008426632948701,0.25107873721949553,0.22592189047816372,0.42215670900747065,0,0
4b24276e0963,0.01726040359604775,0.31432042242041397,0.12452612913846747,0.5438930448450707,1,4
4b263ebf9ad5,0.11412556882696694,0.47205791526817414,0.21865646880366307,0.19516004710119586,3,1
4b4d19205cf6,0.033665543255241466,0.29856560366947477,0.14490703403547003,0.5228618190398137,3,0
4b4fa74957a1,0.6363496706630473,0.07309670461409397,0.15740963664713192,0.13314398807572686,0,2
4b7578c84ffe,0.04045994368055065,0.5473814452212503,0.2527612143125268,0.15939739678567227,2,2
4b7b9871f26f,0.21419541024669506,0.2940314079841089,0.2882583836507642,0.20351479811843173,1,3
4b916be9f189,0.48018954311133577,0.03198579091244436,0.2103351875674845,0.27748947840873533,0,4
4b93ca3c31ad,0.5328699337860641,0.09409958141478904,0.25950855205209167,0.11352193274705524,1,1
4b9d49cd5e67,0.05591783712503249,0.328733637433925,0.4606587881525176,0.15468973728852495,1,4
4b9f90e96569,0.16526378403645087,0.19575256763678445,0.5063455610552368,0.132638087271528,0,1
4ba4eb1d380d,0.7101029116108396,0.043139227955243546,0.186557309274888,0.060200551159028795,0,1
4ba755b48a9c,0.3832269510480616,0.14355711950523573,0.23989026930499854,0.23332566014170394,2,2
4bac6c7da8b8,0.052052829313739495,0.42086981890323033,0.15936481276930956,0.3677125390137206,3,1
4bb14a344446,0.3644169044919445,0.06230988069528573,0.2643357369948362,0.3089374778179335,1,3
4bb293489dde,0.8690084076406285,0.004753261541705755,0.04039507623748796,0.08584325458017777,0,1
4bb943c3001c,0.14929442589418432,0.34965208565794886,0.11015886893682271,0.39089461951104415,1,3
4bc2eb20a505,0.6754914902316874,0.036201733178843634,0.1430901087917461,0.1452166677977229,1,4
4bdad39035b0,0.1320647847856092,0.4682128778476804,0.20425111416016217,0.19547122320654825,1,1
4be426760e00,0.42993753003405194,0.12566274805972202,0.2337629351429144,0.21063678676331152,1,1
4beb8e107830,0.4227441539129998,0.17139422986150035,0.20736772397717393,0.19849389224832595,1,4
4c053382f9ab,0.07471057249496477,0.4273047089734689,0.3676301784108324,0.13035454012073389,1,3
4c0a382bf349,0.012736064683496987,0.8151686612297182,0.0936222851211397,0.07847298896564504,1,1
4c1a8be87462,0.8660496057592749,0.013717893471249151,0.04241878837113325,0.0778137123983427,0,2
4c1e5ca11b6e,0.24432880701083137,0.3052552418909996,0.2775602580935331,0.1728556930046359,0,2
4c45ac349e3a,0.046494005873040346,0.28920182704065883,0.28418229883324175,0.380121868253059,0,4
4c4a0eb38623,0.2799186239674726,0.1821133110076487,0.2518514025527454,0.28611666247213335,1,0
4c5bc626fee7,0.6365028358334303,0.09233125514397782,0.2041682400688259,0.06699766895376588,0,1
4c6ddbf0fabe,0.6561110244577094,0.11694155452805027,0.12901780724974724,0.09792961376449304,1,1
4c74745605a9,0.017665586090351647,0.2152703838294665,0.5516602438692991,0.21540378621088274,1,1
4c74ab1c7193,0.42233903383328025,0.19108108792938822,0.24099890387161707,0.14558097436571454,2,1
4c8116b5ce1b,0.7975013241888502,0.028949226330316217,0.11312327092292526,0.06042617855790844,2,0
4c96f8a99305,0.05116526339126068,0.08665570865162232,0.1759544316697485,0.6862245962873684,2,2
4ca61dd169d4,0.07117607000782433,0.551867820740213,0.29627888925714746,0.08067721999481517,1,1
4cb338b6e248,0.5359147899568418,0.06055016928578514,0.16900653627777973,0.23452850447959328,0,0
4cce09eca9ca,0.36542118655886857,0.09776516429741869,0.16932508854298464,0.36748856060072804,0,1
4cd37e041b4c,0.40752487666144244,0.09907269720667006,0.3275473272596936,0.16585509887219388,1,2
4cd4a247bc30,0.3261700136929837,0.3588676595132319,0.20693548641764437,0.1080268403761399,2,0
4cdca551d442,0.15549706633121943,0.4375222630815912,0.2294945915390299,0.1774860790481594,3,0
4d02730ae091,0.4554971129869379,0.2697516435428952,0.1625693391447909,0.11218190432537602,0,2
4d11294713ad,0.04355924650767978,0.4411917685008876,0.10429458626178771,0.4109543987296448,3,2
4d4042629e59,0.1214556935207832,0.40768588669684885,0.2706301199431295,0.20022829983923845,0,2
4d468b5b8cec,0.029801446446939047,0.33933123168571777,0.4334278460568911,0.19743947581045207,1,1
4d53dbd5fc09,0.03788996808940211,0.11037066017624378,0.47375918240227916,0.37798018933207495,1,3
4d6c1133d688,0.054835341409871174,0.7061028910268359,0.1552418123464621,0.08381995521683078,1,4
4d70ab1d80d6,0.1143117712001824,0.3127172713843051,0.4051827860238353,0.16778817139167715,1,2
4d7a2748dfb1,0.18909051577022976,0.34527492792683623,0.27628096507119493,0.18935359123173903,1,2
4d8280d84b26,0.015971224396317405,0.6340386436830001,0.13043989801735364,0.21955023390332884,1,2
4db82e5d8079,0.3673047373753997,0.08136594893257225,0.27194672848855095,0.2793825852034771,1,0
4dc6197ec461,0.00933387352895398,0.8599384713974313,0.1064630249149709,0.02426463015864405,1,3
4dd1c6cd167e,0.29382442533588315,0.08520002278210334,0.34915705559467286,0.2718184962873407,1,0
4ddbbdbf2690,0.025691258517697078,0.5235661940657004,0.25796079094598917,0.19278175647061352,1,0
4de525e4d09a,0.5930474360601402,0.0560208110268092,0.18832552056241403,0.16260623235063656,3,3
4de6472758de,0.020850964576262867,0.7594963639300112,0.09705758131958918,0.12259509017413671,1,2
4dfeb4d6bf0d,0.333619945862747,0.17301401778009312,0.40161626244172893,0.0917497739154309,2,2
4e3671f1dbf8,0.5338168582481575,0.10122385948840672,0.25788952333982934,0.10706975892360648,2,0
4e51ae89d35a,0.09960158748261154,0.36140898676346445,0.2956771395557042,0.24331228619821976,3,2
4e81deb94cab,0.076259419508209,0.2930272409809581,0.4056372002132174,0.22507613929761547,1,1
4e9a365efc0c,0.08252995438264976,0.31420929197445446,0.29835611414259644,0.30490463950029933,2,1
4e9eb654f451,0.2862189835227735,0.07892800556802253,0.33792593535048343,0.2969270755587206,0,2
4ea356d57b10,0.29057079918995227,0.20326479949818235,0.3321224890739227,0.17404191223794266,0,0
4ea3d3aed9a6,0.0182053328015633,0.5763452495217564,0.216344035346836,0.18910538232984425,0,3
4ea759eebb53,0.07267071208069843,0.4941128295280995,0.2871317840538136,0.14608467433738856,1,2
4ebaaa8b1eb2,0.04161621939881155,0.22981816645925662,0.3546483728804679,0.3739172412614638,1,3
4ecbcabc9971,0.19463316991298837,0.2876350301271916,0.31574949118758566,0.20198230877223433,1,1
4ee4406b32a0,0.0005091641037591114,0.6944759399027117,0.22153969359193212,0.08347520240159712,2,0
4eea62413744,0.1937892767134497,0.41221038208450395,0.1955386906014761,0.19846165060057025,1,0
4f0201c0929f,0.6552973628737212,0.08825394358151452,0.1666608485794288,0.0897878449653355,1,1
4f044c4aa6f6,0.012332297967283799,0.39836760464237503,0.1277590844269764,0.46154101296336486,1,2
4f22fc4115aa,0.18591310488738383,0.11365692440693097,0.2709070593825922,0.42952291132309295,0,4
4f3ac8ed6bc3,0.3580820662332457,0.2152743852970162,0.19660397686908093,0.23003957160065708,0,4
4f3ad9b6686a,0.11438402468122315,0.3251708289455619,0.5151340962056895,0.045311050167525464,1,1
4f429eb104df,0.03609432754464497,0.7040065347871326,0.18067498381196928,0.07922415385625314,1,3
4f4a405729f2,0.3594704328405413,0.14958086888759886,0.2786397661126118,0.21230893215924798,0,4
4f4ec43883e1,0.1356009820397181,0.23708189375274785,0.44984620498375466,0.1774709192237795,1,1
4f7282cd3316,0.5364382392415401,0.14585031982068072,0.13616111043202647,0.18155033050575262,0,1
4f7398c0551c,0.08778383304861379,0.27920058405227294,0.3426156301062053,0.2903999527929079,1,3
4f76e9117edd,0.1481945022813998,0.3855644356663891,0.22784249060234474,0.23839857144986645,1,3
4f87a1a47342,0.06500599311263247,0.2567077964419072,0.3011687717240694,0.3771174387213909,0,4
4f882088da4b,0.09976484383133641,0.2390505299772668,0.3038961272297927,0.35728849896160403,0,0
4f93ae390464,0.6374066002571503,0.04534161413485997,0.1984991350936775,0.1187526505143122,3,1
4f9e5a782721,0.7930788192656503,0.018415505525141544,0.08942211766062112,0.09908355754858722,0,3
4fb1f71d298c,0.37477282924692745,0.16979304512231755,0.23267109987832021,0.22276302575243478,2,0
4fe046c0f566,0.14061532237091792,0.5785110893525005,0.12457800522260393,0.1562955830539776,1,1
4fe89b3c7225,0.10879463371280004,0.21886587269605562,0.2280032966889958,0.44433619690214854,0,0
5011af7ced63,0.13044147340909465,0.35606262341700273,0.4436237886821834,0.06987211449171925,0,0
501f89688227,0.1300018559621465,0.40323758321754094,0.21960165705077211,0.24715890376954058,1,1
5024b6620c03,0.6734814083007422,0.05649267280426583,0.1070085183906382,0.16301740050435376,0,2
50586fea5441,0.22991169267588552,0.26066775444335866,0.40877753035060227,0.10064302253015361,1,0
5062655a0c9f,0.04840581082619581,0.42410255751405307,0.12939971113971246,0.39809192052003867,0,0
50680af8f366,0.02256966276490468,0.167501419126027,0.12433124230353193,0.6855976758055364,2,1
506e43568206,0.1103181985165171,0.5701587022493634,0.18849005891992335,0.1310330403141962,3,1
50787fecf4ce,0.04831788507750119,0.6546202752674151,0.1783049830621139,0.1187568565929699,1,0
50837951818b,0.02735479379123618,0.7321586042045996,0.14371500289975628,0.09677159910440798,1,3
5083d7064601,0.06729319305262176,0.589805943265832,0.2546905878323937,0.08821027584915257,1,4
508614a9c9ff,0.08466133663291199,0.21917659332843883,0.47628434738461034,0.21987772265403882,1,4
508b10b44ff6,0.2304049761946475,0.3035353859304591,0.26493030540730145,0.20112933246759201,0,4
508d6acdc4ce,0.20932517063015144,0.24894832993081198,0.39431411443415204,0.14741238500488446,1,3
50ab8f13a325,0.01952017053695807,0.49167762149534244,0.26671839745649045,0.2220838105112089,2,3
50bbbabf06c6,0.4833979080601341,0.10482001883539846,0.28413862271033136,0.127643450394136,2,3
50c72842fd87,0.09508525034128754,0.19374776564392354,0.26362685349271864,0.4475401305220704,1,4
50c7efb145ce,0.02701779046847053,0.7876069224043978,0.07710220245884883,0.10827308466828287,1,1
50d38e4b0732,0.2899489986493553,0.20134203816787838,0.19193202688462543,0.3167769362981409,3,0
50de43ee58c4,0.43808566346280914,0.012174023041599894,0.029927032771851172,0.5198132807237398,1,0
50e9384ca4c1,0.01508899176265451,0.5395548177150057,0.11650032607110505,0.3288558644512348,1,0
5108dc02655a,0.009507551815198679,0.7079886104509336,0.2050532450387094,0.07745059269515854,3,4
510b4b2ae848,0.4586740106336207,0.10830753897930508,0.1992271824323611,0.23379126795471322,0,3
511b76817a88,0.07758006417820107,0.3727575940431609,0.43486976324208754,0.11479257853655056,1,0
511f9a60ee5b,0.2921165444524409,0.18803008942088492,0.20927350125116476,0.3105798648755095,3,0
5122ec355c24,0.041537832839796146,0.20873655063994978,0.13452402290947574,0.6152015936107784,1,4
51294e64d81e,0.031500572628772476,0.5495550634080849,0.21658846327499173,0.20235590068815087,1,0
512a9622ca0f,0.13343163137080175,0.10890500420079903,0.40369775942528957,0.35396560500310964,1,2
512f55885e0b,0.07943013791321255,0.4297525485743588,0.22882031032790331,0.2619970031845253,1,2
512fbe9d996a,0.4583303538087966,0.18746094055325635,0.21129914207271278,0.14290956356523427,1,0
5133bbb7b75c,0.14720096822052678,0.3158187656601169,0.21197107703964543,0.3250091890797109,0,1
514b87b8275d,0.07859601364613467,0.10355388446385257,0.3382638315278289,0.479586270362184,0,0
514f1f9f8912,0.3660590150054019,0.04662310187573917,0.3016540616011561,0.2856638215177028,3,0
51502fa7747d,0.4323240944505492,0.10311098363637855,0.30940720293167717,0.1551577189813951,2,3
5170993e49dd,0.6080580607060307,0.06156033771126105,0.2188700295580803,0.11151157202462783,0,3
5187caabdb51,0.11264414539007042,0.5233954861708277,0.26367131430705265,0.10028905413204937,2,2
51a10504052c,0.006446226327985547,0.03627655150399178,0.6439793972615332,0.3132978249064895,1,4
51c3b10f88d1,0.09995594975155882,0.20938170724766308,0.3894246894373656,0.3012376535634126,1,3
51e626885505,0.4033064203331957,0.08997600799862486,0.36152976917177354,0.14518780249640578,2,0
51f479f9ac83,0.4117672602391881,0.0559947317874057,0.25344568903805686,0.2787923189353493,0,1
51fef9be5005,0.22497201941408987,0.37650963465356113,0.2381096845083058,0.1604086614240433,2,4
521c520f0d18,0.1283417020287298,0.42172157189960296,0.08241373575831883,0.3675229903133484,3,0
5249dd72e890,0.3129800382101737,0.32325929994928004,0.22147145327270115,0.14228920856784505,1,4
525baed75bc5,0.6554612580920138,0.042968638989236696,0.16719156830597154,0.13437853461277802,0,4
525f144cecf9,0.2432698189202743,0.34378722120260147,0.3103258794747415,0.10261708040238272,1,4
526393a46dcb,0.07778900909259373,0.3325111020729549,0.2819074024956573,0.30779248633879397,3,0
528aca245f9a,0.18216168036942335,0.23817987418912948,0.34459422945081225,0.23506421599063482,2,1
5292575d2789,0.03893832905550887,0.5515967706912344,0.21416414024872435,0.19530076000453253,0,3
52a07bdb51ad,0.07473495092418406,0.49658401416907905,0.23609522135285413,0.19258581355388274,1,2
52b4996cd35d,0.03171682312342908,0.6262435661160681,0.17867319579208618,0.16336641496841656,1,0
52ced5f7e2b3,0.2328114720821214,0.08325883473353962,0.12404540551739983,0.5598842876669391,0,0
52dc05bd4381,0.09714955452014713,0.1680508119357388,0.5353430975221102,0.19945653602200386,2,4
52e8c2d0de50,0.32757339525896284,0.2954547607740886,0.25660567777105797,0.12036616619589059,1,4
5304d41ea0a6,0.07512706495064281,0.304590365838432,0.26250309902874,0.3577794701821851,2,4
5304dd253880,0.11919199049085835,0.07445003380085374,0.42419486873502116,0.38216310697326683,0,0
531c0554dc5d,0.6158941110392386,0.087515341500177,0.2069110449773717,0.08967950248321264,0,2
53234761691b,0.10254675184247408,0.44654430402454975,0.27245226291112484,0.1784566812218514,1,2
53345381e15a,0.02614324215629259,0.45592163076678854,0.4387733645611734,0.07916176251574548,1,3
5359e47a53e0,0.02713836017717918,0.3635684524964576,0.5517664814378479,0.05752670588851519,1,1
535f8c7a5191,0.07526911255620092,0.4477964701957133,0.09193693500044413,0.3849974822476417,1,2
5368a8bec11f,0.05750530897602457,0.4405016461598855,0.33191009586764775,0.1700829489964423,1,3
536ec36c3d62,0.4853842922175261,0.06383242477988868,0.1275875727810705,0.3231957102215148,0,3
537d1ce14277,0.41590729141585847,0.06668223402835231,0.20895294599481162,0.3084575285609775,0,3
537f2065d631,0.44702948331352343,0.048121206514098375,0.09937931856467938,0.40546999160769875,0,1
5380acab9ccf,0.26500290233871127,0.25486435168959504,0.2921684179469631,0.18796432802473056,1,2
5392f3af1472,0.2923423822177779,0.26260747827963626,0.20840075142699882,0.23664938807558697,0,1
53a94edc58d1,0.022730870001512162,0.35922236659533285,0.22540954826238094,0.39263721514077404,1,4
53a991898080,0.18212508441901276,0.26408596512746624,0.3883938902675381,0.16539506018598293,2,4
53ab14d3aeff,0.156178020569778,0.36132851947799266,0.15258269859548051,0.32991076135674874,1,1
53ab7bc1ca97,0.09004319824255283,0.1344373776453739,0.22514441513976374,0.5503750089723095,2,1
53aed14e6386,0.5738813433781246,0.06177336989637887,0.12252480912085421,0.2418204776046424,2,4
53b2ff894bda,0.06037730581423375,0.38412270546082733,0.25426319467523545,0.30123679404970355,1,4
53b974b2f19b,0.12710314412667736,0.3845467833434105,0.22521506372976138,0.26313500880015067,2,3
53c9dc786907,0.17098639337545932,0.26214545682894674,0.24131207825855205,0.32555607153704186,2,2
53e3f01fabe1,0.017375512990582483,0.28961853378204455,0.5524116027355439,0.14059435049182903,1,2
53f3c8c16f5d,0.06473818773717635,0.2795855537075027,0.11933295629258289,0.5363433022627381,1,3
53fefa2635de,0.44124199199950914,0.14507641136059785,0.2439944582304248,0.16968713840946809,2,3
5400139d2bb4,0.04590289101634913,0.6615739088291378,0.2019232388474277,0.09059996130708535,1,2
5410626fc53a,0.08319561382081284,0.3070707143977741,0.2526177317363989,0.3571159400450141,1,3
5423b19fb38b,0.03900835448400953,0.5519689690455284,0.3165541331262528,0.09246854334420916,1,2
543ea3ce1275,0.06820598200009358,0.5940003203132621,0.24212993665265675,0.09566376103398758,1,0
54600e52f553,0.4671221652333228,0.16448605133594665,0.23214537919890565,0.1362464042318249,0,4
547aae81c04c,0.10047274637901484,0.4215259811910552,0.2585506208442964,0.21945065158563365,1,2
547b1dd0ebcb,0.45137176735025897,0.10977162604674001,0.14578126212968046,0.2930753444733205,2,1
549205ed957c,0.3029302388469847,0.144972340432296,0.37527904191581396,0.1768183788049054,0,2
54a1ff4452af,0.27634200870111414,0.3432242853697815,0.20303773611829495,0.17739596981080932,1,2
54a72130e138,0.28157508525241637,0.33558559782123726,0.2839713070068818,0.09886800991946457,1,3
54bcc360cc71,0.4783544651075875,0.15334074143362403,0.2736393834940109,0.09466540996477749,0,2
54d2b19a59c4,0.3207201749791587,0.3097654029859851,0.23903078685104498,0.13048363518381126,0,1
54d3bd418490,0.08380369393772914,0.5172549381654175,0.23404607069537672,0.1648952972014767,1,3
54d87992ebd1,0.42118562185780345,0.1022693183106357,0.24753615896723463,0.22900890086432626,0,4
55178967f39d,0.029235940527387552,0.5745647388222636,0.3199133988877456,0.07628592176260311,1,2
551ce2f497af,0.2290734363625462,0.10509430070823149,0.47152645657877607,0.1943058063504463,1,1
5545ef49ebfc,0.20400196339353188,0.37483568705225667,0.30009205413618417,0.1210702954180272,0,1
5553337f41b7,0.05413037273738418,0.6025183888617102,0.17538164390766275,0.1679695944932428,1,0
555aa3906759,0.10421112386064077,0.2647157645775028,0.3601099731430022,0.2709631384188543,1,4
556b76b37e6e,0.23108318888589502,0.35952853299016835,0.2434687538947433,0.16591952422919334,2,0
5590d0f84fb4,0.07847812458792701,0.06653204277885093,0.5807763241166451,0.27421350851657705,2,0
55a1e614cd5d,0.20623221027334002,0.26233470996331587,0.4870372199203276,0.04439585984301656,2,4
55bdad0b3d6a,0.39802610046022335,0.13753358855851708,0.20114981367077087,0.2632904973104886,0,0
55bf89ae74ea,0.10152641286769604,0.0843856770485794,0.375846054315196,0.4382418557685286,0,0
55f9624fef0e,0.060473137416278126,0.3201858050750519,0.3385367164499412,0.28080434105872876,3,1
55fb3303c057,0.419879674237636,0.06663347636642039,0.217826814472335,0.29566003492360854,0,3
561871085c06,0.29054267658936617,0.10231762038182612,0.19142992045460833,0.4157097825741995,0,4
5618efab082e,0.7805002768558784,0.028896986198974885,0.08978973046042824,0.10081300648471854,0,2
5621dfc80f12,0.12579861621607474,0.3594899744171207,0.2772399653973623,0.23747144396944225,1,4
5623a3a86114,0.14256917880367725,0.19253311432916817,0.3691536624828968,0.2957440443842578,1,2
562b773e21da,0.17408262559012194,0.2827766750704927,0.36524059494048305,0.17790010439890244,1,3
565cf7dfcce7,0.040918243503917325,0.565696093360597,0.15159787047533255,0.24178779266015324,1,2
56688f5bde5c,0.051638866540434376,0.40115097985163156,0.31745048541493026,0.2297596681930039,1,2
566c4bfc22a4,0.13111008115639244,0.34864853996242495,0.25608836620756076,0.26415301267362173,1,1
568691cc04c4,0.10079096076214039,0.5112822338143659,0.33198598815551933,0.05594081726797438,1,1
56a69969ec4c,0.6498695693978591,0.03294509562377341,0.09925912428808249,0.21792621069028506,0,1
56a6a370c80f,0.09896902949788315,0.0889105964188561,0.25170554291019304,0.5604148311730677,0,2
56b13bf13955,0.17445445739581006,0.3652994244797427,0.38491736893353484,0.0753287491909125,2,3
56ec96b96a1c,0.0982527993930859,0.4007880345348731,0.22333816567894102,0.2776210003930999,1,3
56fe338adcca,0.25301784648161246,0.30331886199833774,0.30982233894593114,0.13384095257411868,0,2
5706623a8069,0.226104157588536,0.2667254330415782,0.2929033059131215,0.21426710345676422,1,3
57081e4ab3b1,0.3702531889277255,0.0725356137563899,0.2764545701051774,0.2807566272107072,0,2
570d6703b8bd,0.026483573118768963,0.36689528926305826,0.21680945886438188,0.38981167875379097,1,3
570e81ad62f3,0.12167375083622407,0.3153926754603342,0.31670255974411476,0.24623101395932698,2,3
570fd6af9eab,0.12307610944718804,0.6567084202054801,0.1458073648457762,0.0744081055015556,1,3
5753677905c4,0.013114252867046632,0.7911236668061348,0.12528967711443023,0.07047240321238847,0,1
5756aa070207,0.17044625732266636,0.5356104988491659,0.1889822670196543,0.10496097680851352,1,3
5758d3fadf95,0.3032675601799041,0.12880641230251647,0.3263329915659707,0.24159303595160875,0,2
5772159e2645,0.06975692629742766,0.3477919230093185,0.15601861345057494,0.42643253724267893,1,4
57776e62829f,0.5503872255826313,0.15154480411732826,0.15037666596862462,0.1476913043314159,0,0
57850405120c,0.07268809382576655,0.7278754084361253,0.15699260834669765,0.04244388939141052,1,1
57915fbd41fe,0.5505143699698634,0.06182862525938376,0.3095592817266457,0.0780977230441073,0,1
57b5cc0c0645,0.024087984170880657,0.26260612450248605,0.12962384291234913,0.5836820484142842,1,3
57ca1820340c,0.7064579516281554,0.07749871621894858,0.15398468948209923,0.062058642670796874,0,1
57de882902fc,0.3407313173280177,0.08070630791981326,0.1858817337139192,0.39268064103824984,1,4
57dfecfd86ff,0.27871319839018116,0.10129554740245918,0.2861143970032611,0.3338768572040986,2,1
57f81b7f45cf,0.5494469687206759,0.0451294698992323,0.2884643244305842,0.11695923694950774,0,4
58072ae8b0f0,0.024103715416954413,0.39018516127428493,0.290566417723651,0.29514470558510963,1,2
582562f90e88,0.07690970497491612,0.45733471258581,0.2829192960587815,0.18283628638049249,1,0
583b8489646f,0.9097838781795902,0.002975771448774932,0.03483712799027039,0.052403222381364294,0,1
583f34f5d5fc,0.6042405514154,0.11369325963493489,0.20095188626723068,0.08111430268243425,0,3
5840fda24291,0.0456666087223039,0.19124000370218286,0.30951995936622456,0.4535734282092887,1,0
5846e5cc51a2,0.1762079972135141,0.3350734537500456,0.3513209802793662,0.13739756875707412,0,1
58501082c63a,0.14209540763567594,0.4784921358652814,0.2972804733154975,0.08213198318354517,1,4
5861e8681425,0.2506910193254112,0.15704345259807906,0.35206056300072996,0.24020496507577968,1,0
586d54b2a31a,0.415299712127619,0.15507103079897383,0.15780686373032093,0.27182239334308617,0,2
587699c00f43,0.7477056987334341,0.04371889455347733,0.13145415975861652,0.07712124695447198,2,3
588b613b92af,0.49742229750674855,0.04773590399604058,0.1324367181092684,0.3224050803879425,0,4
58ad7c132f66,0.7233261331492498,0.03089541697017073,0.10681645087590683,0.13896199900467254,0,3
58bd213f054f,0.34080072296226666,0.1707035645634129,0.17878262187570507,0.30971309059861546,0,2
58c8cb4271bf,0.17832997309228454,0.3457997463488852,0.21348156953204328,0.2623887110267868,1,3
58cc074e38da,0.1628999407980651,0.11454458283405539,0.19643798352249606,0.5261174928453834,3,3
58fd19f3e555,0.07001908852681685,0.38237087399079445,0.40992511271687376,0.13768492476551494,1,1
58ff60a8bc71,0.013625594983497252,0.730625092924707,0.15541931855942773,0.10032999353236813,1,2
59227e05796e,0.7116193434100757,0.04437176457891413,0.08447083210108078,0.15953805990992945,0,2
59289712b7a7,0.0985263670583247,0.3650244819779551,0.38268832630260163,0.15376082466111865,1,4
5947be3fea54,0.1826594393679469,0.20678949481676684,0.4748611424144727,0.13568992340081348,2,3
594b6a49d2ea,0.01475707210574962,0.11495655577561739,0.28906876401504994,0.581217608103583,3,0
594b82058ccd,0.605184687697519,0.030731225790226788,0.17876871268622743,0.18531537382602684,2,4
5970de40ff73,0.295360375243159,0.1809719367158187,0.31193064712750923,0.2117370409135131,3,3
597671ef6252,0.4683000880232437,0.14081099261063051,0.1556169835182219,0.23527193584790382,0,1
5979bc664c1d,0.08993933120381295,0.39763966594714645,0.4663753261583356,0.046045676690704994,3,1
597f5f3f8751,0.29992482435552686,0.20626085559816626,0.37838254030353635,0.11543177974277054,1,4
598b2841a3d5,0.16608844269072853,0.2983849640721701,0.29272244843097284,0.2428041448061286,1,1
599645fe1eb3,0.5986212485632234,0.04051494480884221,0.09980719576912395,0.2610566108588103,0,2
59a91c5701e6,0.3397001169592931,0.09199519074688867,0.29824680332112663,0.2700578889726916,1,4
59ab0bb7cd92,0.741814903787582,0.01640926651398857,0.13519787298845165,0.10657795670997787,0,4
59be4450dac0,0.05307577332126024,0.5974928896920935,0.21606668817580582,0.13336464881084048,0,0
59cb862d37e1,0.23787948461502795,0.14792856885415057,0.3675984274652079,0.2465935190656136,1,0
59d10129bc08,0.07565511884189279,0.41073955221555597,0.27571085374788146,0.23789447519466972,1,0
59e10fae4c81,0.16996377400934617,0.2723030639405765,0.29238817225520825,0.26534498979486915,1,0
59e137176570,0.4642558046280676,0.1691869989879574,0.1719315241401267,0.1946256722438483,0,4
59e43e0b66a9,0.08961689717112697,0.511358288784348,0.22127546896597708,0.17774934507854787,0,3
59f38b6e1b6b,0.023750321542765636,0.6423590940192969,0.21775108989954567,0.11613949453839169,1,2
5a0e35234db3,0.4110389473598894,0.2990622752487058,0.2230851382228124,0.06681363916859244,2,2
5a1b6052355e,0.16025603969108293,0.41833297346488196,0.32702373806295293,0.09438724878108222,1,1
5a23fa5717a3,0.19973177314358154,0.5723499129816065,0.14312440592060174,0.0847939079542101,1,4
5a249578cf8e,0.46832511507685703,0.12317986272823267,0.2457225842360748,0.16277243795883548,0,1
5a37eccaeb4e,0.5285031553649242,0.09675272093375809,0.19831369121351433,0.17643043248780332,0,1
5a40b5567ce8,0.4427524360066359,0.12547166683830474,0.37020425801664564,0.06157163913841372,2,3
5a642870b814,0.0960589019165254,0.40210375430328765,0.23732323104441322,0.2645141127357737,2,1
5a869900cfef,0.15553428371233557,0.16450508813128442,0.2608402023633977,0.41912042579298237,1,4
5a8eabd0dfbd,0.10536501663266393,0.4745068652921195,0.25573237907514806,0.1643957390000686,1,1
5a9ef6342497,0.04866888846025376,0.20294102420347396,0.36987623337005987,0.3785138539662124,0,0
5aab89012cc2,0.05439764179220415,0.3750991914458546,0.43938113498842835,0.13112203177351298,1,0
5ab0afad9234,0.10821555253757224,0.26637744918152995,0.5440787377977382,0.08132826048315964,0,1
5ab46852e359,0.5682936613347398,0.029239981843125828,0.08244567353072621,0.3200206832914082,1,2
5abc0730eea5,0.03044729857493627,0.5254713837814011,0.34445898801669217,0.09962232962697039,1,1
5ae77db07c44,0.2320682915718552,0.32105557585287314,0.254684101604108,0.19219203097116364,2,0
5b059ef0f8ee,0.054176810715909254,0.11364605991127376,0.4585951113560506,0.3735820180167665,1,0
5b09e5efc537,0.802854496433652,0.010320974590649087,0.1060103224210461,0.08081420655465278,3,1
5b380012edfc,0.13999241043402152,0.4343143853191507,0.12991477593178397,0.2957784283150437,1,1
5b399e31d07f,0.16512003302429729,0.49133335536142025,0.1648275108391398,0.1787191007751426,1,2
5b4320cfadc4,0.09765628637731913,0.3955852542925031,0.1981176808355122,0.30864077849466565,1,4
5b5889f8e4b7,0.02313458090469778,0.8116590606699461,0.14329127559274335,0.021915082832612637,1,4
5b65a69885b6,0.02518308357928442,0.5861240744035179,0.17771161994379828,0.21098122207339945,1,4
5b96a28a5ae7,0.11361781548124349,0.44953521355935855,0.24638965013961558,0.19045732081978228,1,4
5baf929549c6,0.07978906760743605,0.43088035310955386,0.3353577516021017,0.15397282768090842,1,1
5bbc4574f4ac,0.046023930781426955,0.3343787090744615,0.22728904934930724,0.39230831079480427,1,4
5bbefa3819bb,0.22199558266510325,0.22902243115171914,0.3495448217759805,0.1994371644071972,2,3
5bc2b00f611e,0.08898859925191603,0.5593081046583979,0.17969807953859407,0.17200521655109205,1,4
5bd7e722e24f,0.19856865145648983,0.2533731941473331,0.3210744601558402,0.2269836942403369,1,1
5bea77df76eb,0.6287405497149061,0.07394867137807197,0.20456317149470477,0.09274760741231715,0,0
5c20d46146b3,0.3881790400636532,0.1142744598194003,0.223371909189857,0.2741745909270894,2,4
5c3c9a303c13,0.8113035025862347,0.037368680232543555,0.0798147555065451,0.07151306167467653,0,2
5c4a2ed04ff9,0.030891755536898165,0.6645254951156463,0.14516301993946237,0.15941972940799332,1,2
5c4e0bef2cc6,0.08049786127407405,0.5109323329920651,0.38696635352989606,0.021603452203964736,1,2
5c5a8fe1d563,0.3991214793003287,0.1406769232114008,0.28520105680258084,0.17500054068568963,0,0
5c63bdd7a0a7,0.03989022179366703,0.4698116958809792,0.2659432293319357,0.22435485299341798,1,0
5c67abd0b49f,0.5715969230652073,0.20962331816683882,0.11783533096706701,0.1009444278008868,1,1
5c6b722a9a82,0.24481267151352468,0.21934311873727672,0.3477477424019567,0.18809646734724186,1,2
5c97fb42f06e,0.7714626124701414,0.044416272894459735,0.10289915223889223,0.08122196239650666,1,3
5cd6a7ebb37f,0.6949128242544689,0.03042574561179179,0.1819248569545444,0.092736573179195,0,2
5cf8c5e5aa23,0.7300659120781625,0.030105420048972716,0.10020220091437436,0.13962646695849038,2,3
5d09203da3ba,0.15285790926421516,0.46013635186823143,0.2699756653047197,0.11703007356283363,1,1
5d3619fd4540,0.5458929536462704,0.1842152267938803,0.22468653872812408,0.045205280831725196,2,2
5d5f5f5ec586,0.21302192873894116,0.4063287804014707,0.28476231207609254,0.09588697878349561,1,2
5d66b2f4c8e0,0.011823069645176282,0.1933472378014373,0.2619998156097675,0.5328298769436189,1,0
5d786634f354,0.0447059661276982,0.5858332964405982,0.23673201295151863,0.13272872448018497,1,0
5d7a01890cb6,0.07686183045172615,0.3529662331722926,0.13790708446954406,0.4322648519064372,1,0
5d8bf0fa1ec0,0.3625692677150303,0.17604615893995568,0.2401173703935451,0.22126720295146882,0,1
5dbe5d09d8b4,0.07832195404789702,0.20552955210607646,0.1830604069060579,0.5330880869399687,3,1
5dcdd4c77f15,0.022197332140155734,0.5196489033675802,0.25398186894826213,0.204171895544002,1,3
5de1720c253f,0.12686779224369427,0.35432805581447124,0.3048610393285774,0.21394311261325705,0,0
5df3682bc713,0.620495728845217,0.04096320738333953,0.1438989828962741,0.19464208087516952,0,1
5dfc819491fb,0.05786768365841384,0.397632893909161,0.3404880030430087,0.20401141938941636,1,3
5e15393e8483,0.2519118493965246,0.2490431924238595,0.32990191071988567,0.1691430474597303,0,2
5e1e833afeeb,0.7155269529991146,0.012062246475989736,0.059428362821003354,0.21298243770389225,0,4
5e22d4f43674,0.11927944681346198,0.34992878857264204,0.38399268946672094,0.1467990751471751,1,4
5e3842ff3457,0.15292214968591814,0.14782405068644666,0.37700735430722315,0.322246445320412,1,2
5e3a04aec6df,0.09792390472263363,0.6993099967520222,0.13436315733551182,0.06840294118983224,1,2
5e543578feff,0.09262233559554552,0.07930006220637244,0.3410192293243014,0.4870583728737807,2,2
5e5b8469395d,0.14165338178724635,0.10049109664157639,0.30618336825023923,0.451672153320938,2,1
5e5bee2f9f08,0.44489797413765236,0.149050859352496,0.10887532864818507,0.2971758378616667,2,4
5e64e42f9b10,0.04937586379751961,0.7095621050375935,0.12821697810968402,0.11284505305520277,0,0
5e7386e9b570,0.5957799631143861,0.06576638431724058,0.12360941043495974,0.21484424213341347,1,3
5e7e2e3b20f3,0.1493618799573667,0.3287838958500186,0.19564251454931858,0.32621170964329615,2,1
5e811e5fa7a8,0.152185122575602,0.2030218215964918,0.33405978802723924,0.31073326780066707,3,1
5e8554463272,0.01011406014738949,0.7984030275103149,0.14290526901786604,0.04857764332442954,3,1
5ea54f3cfdbb,0.23044613202462685,0.517289934015651,0.18086009351630214,0.07140384044342005,3,4
5eb39b25e6a2,0.126759525290864,0.4294312440964355,0.23694332296506515,0.20686590764763532,1,1
5ebc6a206211,0.39614836675938503,0.3330054161131464,0.1711145445077643,0.09973167261970421,0,4
5ec612c367ed,0.4757684335060426,0.06253714864238806,0.17559351421216737,0.28610090363940205,0,2
5eca9e1472e6,0.7407276328087534,0.008510182896216332,0.09252960331104217,0.15823258098398807,0,1
5ee57e4e2a9a,0.12083305853479266,0.23472718169897694,0.27372709423915376,0.3707126655270766,2,2
5ef72546790a,0.02287211291843474,0.3324680264154935,0.12307446776414326,0.5215853929019285,3,3
5f0bc1dfa0f3,0.2814159849503277,0.2082664826676825,0.270293154754797,0.2400243776271928,2,2
5f101534e80d,0.03189434165707922,0.45740222448955664,0.27031184478694736,0.24039158906641683,1,3
5f159e65db5b,0.18922325295809514,0.3265459933200134,0.36529401161417807,0.1189367421077134,1,0
5f1d8846918f,0.7431931670565277,0.036723807277832414,0.11078679101951443,0.10929623464612548,0,1
5f214fc89978,0.011615290573046244,0.590193920243497,0.15306334878405828,0.24512744039939852,1,3
5f23e39538df,0.594036371857012,0.102140455508376,0.14946835460777508,0.15435481802683704,1,2
5f262d843e38,0.022736234844533305,0.7617276370203337,0.16804499416970964,0.04749113396542337,1,0
5f4a1c18f73a,0.31857636061784494,0.33432983204374833,0.24195470887354112,0.1051390984648656,1,2
5f68d62a53b2,0.289623370127758,0.03228080349776982,0.2119806191082812,0.4661152072661909,3,4
5f71657bb13c,0.08712049651279268,0.07640268491487659,0.23778040169147768,0.5986964168808531,0,3
5f72cd51c9d9,0.019559909572542167,0.47686214577580327,0.40343613125443645,0.10014181339721809,1,2
5f866897e480,0.5089958627808034,0.05902975629158823,0.23876542263010736,0.19320895829750107,2,3
5f893a168417,0.11116650460704408,0.23212829428132276,0.11719574991717491,0.5395094511944583,1,1
5f9127732aa5,0.39192972196816633,0.07519075975722228,0.22607826437181738,0.306801253902794,0,3
5f91c6b4a523,0.30984486867224964,0.10160198180778211,0.36239284543580097,0.22616030408416735,2,3
5f9315239590,0.7675682296228136,0.03538618748589516,0.14905949914970607,0.047986083741585334,0,4
5fcb8bc7513c,0.014180343473684692,0.13305006687731338,0.10916195605603679,0.743607633592965,0,0
5ffacabcbf60,0.34009603120764886,0.2571744194607232,0.2837755921266633,0.11895395720496463,1,0
600ab69570f2,0.2742758323149871,0.17983576263958,0.2035991510407473,0.34228925400468563,2,0
601e2cbcc9f7,0.7372139533089186,0.06345759793847958,0.13067168508776092,0.06865676366484107,0,4
6024ccb28c47,0.7580279663236887,0.029990962296883632,0.09134025350324296,0.12064081787618466,0,0
602ee70cb61a,0.08046124957403138,0.06183767443984457,0.28468224841867906,0.5730188275674449,1,2
6039f7ffcc5a,0.07966214213972564,0.5449810213560793,0.26581549835134555,0.10954133815284951,1,3
604e3942c322,0.2284552732520686,0.12845060626464752,0.31153554774860037,0.33155857273468353,0,2
60554eada6af,0.5328504424438298,0.08716416674866606,0.27281116817490564,0.10717422263259846,3,4
60582c2b6793,0.5327417050829615,0.12321292182323816,0.2834742828488029,0.06057109024499741,1,3
605a4e81d716,0.28244829464264354,0.21521908401803946,0.15334793707356117,0.3489846842657558,3,2
605f27e6f20a,0.09700989553468763,0.5055730323511104,0.3407676099108559,0.05664946220334603,1,4
6065262d57c0,0.30982893620128626,0.2834368810220696,0.17388136910321703,0.2328528136734272,0,0
606f749a9152,0.06873783774003898,0.4339132803227324,0.27270598529601014,0.22464289664121842,1,3
608311337d65,0.07873988394410442,0.37672793806080507,0.4478687423826232,0.09666343561246732,1,0
608c09cf07eb,0.19441405752850474,0.11307692391377443,0.46296505139567323,0.2295439671620477,2,1
60b01c86e9c8,0.023679419867272122,0.5840444191389149,0.14743155589227674,0.24484460510153616,1,0
60b307a1d9c7,0.32909245265883225,0.11591543080178038,0.40661887755400755,0.14837323898537977,0,0
60b889344085,0.6187316066473116,0.10022857741149581,0.20332807043505977,0.07771174550613277,0,2
60c6d93dbf6b,0.7571629881768094,0.06707875114574335,0.11433858420842771,0.06141967646901954,0,1
60cdc5f41222,0.007750560435989811,0.5494063157533994,0.3417740113899835,0.1010691124206274,1,0
60e1338439e7,0.20638424744870404,0.28271767271053205,0.27391662853840454,0.23698145130235937,1,1
60ee48e72980,0.2790320433724837,0.16311805145916577,0.3620729927935084,0.1957769123748421,1,2
60f2bf33d1b1,0.2609296789563014,0.1338422466624427,0.4439462279480769,0.16128184643317897,0,1
60f874bde211,0.07248683154944649,0.3052731445627147,0.2889472960120117,0.3332927278758272,1,4
61007125e8a1,0.48457346524320183,0.11854275544629553,0.12617540278635217,0.27070837652415053,1,3
610b0e29d87a,0.31558706081377774,0.056584192780008,0.5006204897771668,0.12720825662904747,0,2
6126faf783af,0.050094087428750864,0.6672081736788157,0.15139466178553715,0.13130307710689615,1,1
612db6880c2d,0.1796564067734795,0.29827375603519807,0.2862744950365591,0.23579534215476342,0,1
612ea5194007,0.3031325478971852,0.17568369796195962,0.1499142007677828,0.37126955337307227,0,0
612f28c33ac0,0.695177066463071,0.03267473209738014,0.06977223797894644,0.2023759634606025,2,2
6133f90e9453,0.3592227839481234,0.21873285673154672,0.20209397939825433,0.2199503799220754,2,0
614be300927d,0.12519449637586008,0.38316488049549996,0.3108373675674064,0.18080325556123364,1,1
616a679a7380,0.07732119407998653,0.625624094221289,0.16183168430853195,0.13522302739019262,2,3
616ec28bcb52,0.07639765596880234,0.3173830336968363,0.2520603809541584,0.35415892938020294,1,3
617fdae2aaa1,0.40526603279561396,0.12277454991226588,0.21290092609583075,0.25905849119628954,0,1
618056db0875,0.532844232885629,0.048182872925353705,0.12088863945940506,0.2980842547296123,0,1
6188756af06d,0.2535871734488014,0.1843666364229974,0.25260561118328373,0.3094405789449174,1,0
618e7671d9c2,0.028990542471284405,0.05868428050214907,0.14151500809710532,0.7708101689294612,1,0
619a6ab0ef11,0.22654870468006336,0.284921594914279,0.19795150877151993,0.2905781916341378,0,1
619a7e7565ff,0.11679218993844807,0.29507898788504,0.42499504769595586,0.16313377448055597,1,4
61a2545926a4,0.13365572558191946,0.3484935520649494,0.17248775329861057,0.3453629690545206,2,2
61bfc6b7b0a8,0.1745938395718906,0.35160024635310605,0.32087636338700637,0.15292955068799696,0,1
61ef666e618e,0.25170635567014493,0.14310053721608473,0.29380306712081133,0.3113900399929591,2,3
61f2e71f6a8f,0.11534583913444336,0.2726410037385413,0.3931413996160608,0.21887175751095447,3,3
61f60b0f22a7,0.3374502716742517,0.10567535653459667,0.2979762277339448,0.258898144057207,0,0
61f869d08130,0.06607411222421909,0.3806455108782688,0.33072329815128126,0.22255707874623096,1,1
61ff519046f4,0.07500885926675725,0.35890608512434935,0.3613539769013897,0.20473107870750382,1,1
620367287eaf,0.08469556195431391,0.3867818165344117,0.31828631783625616,0.2102363036750182,2,3
620c3af8a678,0.059518983402259557,0.08494577201219812,0.28343953116111226,0.5720957134244301,2,0
6216290b4e0b,0.21289316622098411,0.2749290794108408,0.2271403622985686,0.28503739206960654,0,4
622b22589a30,0.03665991422381924,0.13456632099990137,0.4077531422643906,0.4210206225118887,2,2
623fd21cb286,0.28791980466968087,0.22573825478790596,0.3635335292942708,0.12280841124814237,0,3
62416d8ec296,0.10596835524959358,0.3538674163225548,0.21863518798062082,0.32152904044723074,1,2
62428c0ca6cb,0.1339834499609798,0.369375607336451,0.10373097819945766,0.39290996450311155,1,2
6262f05749d3,0.8304100108587252,0.021477554712065392,0.10940113348727476,0.03871130094193471,2,2
6263c19334f8,0.7042961519237848,0.03478744040871589,0.14401413213938938,0.11690227552810978,0,2
62754eaff473,0.04553776223315141,0.5977339329345401,0.2616081103817018,0.09512019445060677,1,4
627a4fc2a0dc,0.3105012206964398,0.3440800181749036,0.15006841893847134,0.19535034219018516,0,2
628ef26663bf,0.06297979996081651,0.43217991955963275,0.32501479246647874,0.1798254880130719,1,4
628fc5a824bb,0.200384005360022,0.4834364787569,0.2466787323556622,0.06950078352741573,2,4
62afcd0adeea,0.252346549148325,0.24165361599685908,0.17692691932050778,0.32907291553430823,1,2
62c027794523,0.030637082315606447,0.7563632475623729,0.1628690449181597,0.050130625203860864,1,0
62d6d024bfe4,0.08119157588697902,0.43114243248331263,0.218339202591194,0.2693267890385143,1,0
62ddc7a85907,0.22715901674830685,0.11976536631317762,0.36169908294763986,0.2913765339908757,3,3
62eb85e2e37b,0.07470126559348801,0.3775927563336584,0.29479723228665605,0.25290874578619743,1,2
630e1c371a8b,0.07316402968261984,0.20054208131456638,0.4088979478403259,0.31739594116248787,1,0
631509ad3765,0.11998672009070609,0.22642287005049316,0.2954298991197213,0.35816051073907945,1,1
6317840e9b47,0.10546304925465558,0.2260621241542517,0.4561941934180533,0.21228063317303947,0,3
63313ccf753e,0.6942690908667642,0.04541220630053291,0.1808576330888671,0.07946106974383574,3,2
63343210e844,0.06260916538202356,0.5255591277479086,0.21974923339058003,0.19208247347948787,1,1
633ad3666fe2,0.07828685453526393,0.5861537383180138,0.3040092251180234,0.03155018202869877,0,4
6354129bb2c3,0.3313048620416669,0.2237658685876989,0.31302134920466873,0.1319079201659655,1,2
635679335416,0.17233712183720323,0.17962583397538698,0.327665903148415,0.3203711410389949,1,4
635afb883b30,0.2880498642000153,0.22867078416281134,0.2131861863678599,0.27009316526931343,2,3
635d2d618260,0.2618710477702517,0.3160321631512369,0.3326221591100827,0.08947462996842881,1,4
637e273ff96d,0.19082048499515933,0.4926975495335445,0.235213629188443,0.08126833628285322,1,3
6395341ccdcf,0.013403756750908855,0.03740898526831926,0.07466762822479836,0.8745196297559736,0,4
63a1906b6403,0.8859533356785797,0.011494249313926489,0.04715651419538772,0.05539590081210597,0,2
63a5cd71557d,0.17900242780620423,0.34800159043751794,0.25513031409032666,0.21786566766595128,1,1
63a95293c73c,0.5498658684198104,0.15594499497002262,0.18303187255388467,0.11115726405628237,1,0
63ba14ce106e,0.1229004810349985,0.16952623296036812,0.5381641561092269,0.16940912989540644,1,0
63ce3e6b048a,0.09818466371217982,0.39085009201363347,0.31265289547469804,0.19831234879948867,2,0
63de1ceb55b8,0.06347098245378913,0.5698428592862937,0.15549636435922723,0.21118979390068984,1,3
63e0c8d32ca8,0.3065340219342468,0.5096579004566185,0.10529196548067916,0.0785161121284555,0,2
63efba9a923c,0.2374982801788686,0.2882080280827394,0.28307837736698477,0.19121531437140718,0,2
63f0982859ed,0.22583021905066367,0.3566663509951623,0.15130558508126354,0.26619784487291054,1,2
6407edd84e3d,0.13288437209680637,0.038453262129249675,0.09093847523734337,0.7377238905366005,1,1
640fc90f4691,0.7711444342907439,0.02420090581111182,0.06694780892481159,0.13770685097333277,0,0
642ffa5c3a59,0.7314721617624858,0.026845281071785434,0.14153951755950225,0.10014303960622646,0,2
6441a00880e6,0.4654813037830189,0.1617943241511031,0.31376097162859456,0.05896340043728332,0,2
644889784a23,0.23679033443600866,0.2587581745028289,0.4058318593100072,0.09861963175115525,0,4
64566b44c452,0.12352669074873,0.6881256818809267,0.06642475961351764,0.12192286775682563,0,1
645e83638252,0.7123161778322408,0.05325826657798031,0.15359113444698924,0.08083442114278967,0,3
646a81833c37,0.2538006192367177,0.34905266209138835,0.22712717690552495,0.1700195417663688,1,2
6480202c9a6a,0.15597831053490924,0.32242003334888114,0.336153359389277,0.18544829672693253,0,4
6482765c23b3,0.49660948102199903,0.14949782599219777,0.1767591246967248,0.1771335682890784,0,2
648d90c47364,0.05764686035330511,0.3354831055142149,0.4636357240551129,0.14323431007736698,2,2
6493554b3069,0.2163081391348967,0.16398145144294765,0.34448308598034394,0.2752273234418118,3,4
64af5726691a,0.20945746504376034,0.23986414167607284,0.3726548660133035,0.17802352726686324,2,2
64c7b678ff33,0.03565498045311437,0.5104877132974438,0.2707817120240658,0.18307559422537611,3,4
64c9a942dfac,0.4032501413648893,0.17762547509974536,0.2554370219305203,0.16368736160484512,1,3
64ccc691d5b8,0.6122869751588701,0.1150801238608725,0.15997960518384388,0.11265329579641353,0,0
64def9970a5d,0.37921490373560535,0.17167061062030747,0.3320966616140684,0.11701782403001866,1,4
64f0e6e828c0,0.372225977946714,0.3061721852089594,0.1802490879365976,0.14135274890772898,2,3
64fe1afb0534,0.16309081144289844,0.1789280580298219,0.22869739136410216,0.4292837391631776,0,0
6517ef244d5c,0.05216122713305639,0.1956828117638243,0.1673184160587823,0.584837545044337,1,4
65442563a7ae,0.5856225805908114,0.03632951367121661,0.17957211328365766,0.19847579245431438,2,3
6551dc773a4f,0.0705365923588146,0.26440113671488713,0.13811183836923452,0.5269504325570638,3,3
655298dad8ed,0.540910266950232,0.14211380322626543,0.1052624333422858,0.2117134964812167,1,1
6556bcef1015,0.020247263701028927,0.6669883117295557,0.24459569896807873,0.06816872560133665,1,1
6566073682bf,0.3956750131481284,0.19144131145322674,0.23220571016011923,0.18067796523852556,0,0
6568580bafe6,0.02270921330865868,0.6568900874884355,0.23872872770159828,0.08167197150130764,1,0
6588e42c7051,0.17838314777257516,0.36649118561181104,0.2501933145716722,0.20493235204394158,2,0
659e18eb801e,0.05325962514399015,0.3413557832126849,0.2881239961264072,0.31726059551691776,1,0
65a9ac85fb31,0.06223176166360627,0.44903439251809235,0.40605270880909183,0.0826811370092095,1,4
65b2d542a83f,0.08554571361932019,0.10084918252683887,0.22815581667471593,0.585449287179125,0,3
65b95a01d61c,0.3155951476237123,0.14644875222337522,0.29203738323795403,0.24591871691495842,0,2
65c91ba5fd2a,0.44542103619274837,0.033855695843568616,0.15342841490988604,0.367294853053797,0,2
65e2a7b0905d,0.02614355016395029,0.0326812574297647,0.1756279752247928,0.7655472171814922,1,0
65ead08a5f6b,0.10430416005729466,0.17255243367974946,0.32967931675669576,0.39346408950626,2,1
66028624dad2,0.2664539962374384,0.35638691400296163,0.24973745760471877,0.12742163215488123,1,0
6618a84e2d7f,0.6547186686203577,0.055219353617839265,0.19531065339499507,0.09475132436680803,1,3
6626a3e68101,0.7798832605675635,0.027122998028633195,0.14824420062044477,0.04474954078335845,1,1
66541affb82b,0.06988527887928044,0.5595028454942852,0.2769528449896017,0.09365903063683273,1,1
6677528753f7,0.30464647691737595,0.072115802063723,0.2155866599056678,0.4076510611132331,3,3
66a8b3010ac5,0.16716687611192416,0.17007341215468064,0.21208040359667055,0.4506793081367247,1,0
66c34b9e2573,0.21246308425835053,0.3234445595190709,0.3022879012533091,0.1618044549692695,1,0
66c8721f3b30,0.046346002241054354,0.5629900897817831,0.26157091429895213,0.1290929936782105,1,0
66dd033c1bb2,0.299298719677761,0.3266884555129721,0.2529190024035042,0.12109382240576266,1,4
66f126a8db9f,0.5158617860292221,0.15004108325396473,0.08366891352560576,0.25042821719120745,0,4
670ad2fc8a1a,0.032957883160897615,0.6506273668564201,0.20694939560593034,0.10946535437675184,1,1
67196f1a10bd,0.05356373857333281,0.3265273481824518,0.22695684475777386,0.3929520684864415,1,1
6721bc35410d,0.554309312085958,0.13890164409256395,0.23332038696105745,0.07346865686042053,2,4
67248a9a20b2,0.11853353379248928,0.2650278626464709,0.2245820431807794,0.3918565603802605,1,0
673e42f95093,0.6855199948468359,0.04810644613746716,0.1765315277832572,0.08984203123243985,3,0
673fa0edd187,0.4061506458046183,0.17952190486943065,0.22147918750494816,0.19284826182100287,3,0
675f6a17212d,0.05217078771552205,0.17289313957489041,0.14498872228397838,0.6299473504256091,2,1
6761361fb525,0.20470805747608037,0.1186850477221536,0.2568057954748619,0.4198010993269041,2,1
6764f0f90077,0.07244278224609672,0.23990350960614984,0.43144446280323495,0.25620924534451855,2,4
678c19bc184b,0.710396729366144,0.018624524190128344,0.09973618906145092,0.17124255738227684,0,3
678ff202ffd6,0.04405473478655279,0.3929086646125062,0.324940366350169,0.23809623425077214,0,3
67b9fe4a0b03,0.3445032895325599,0.17047796776906363,0.3711001447894016,0.11391859790897482,0,3
67c36705aa1d,0.3714191524460634,0.15792081439605618,0.20397049049034272,0.2666895426675378,0,4
67d55d17a48d,0.051843431190448194,0.30411322498909127,0.24784305810066565,0.3962002857197949,2,4
67d896636fe2,0.5144486513552962,0.07157964169757405,0.30539160374517865,0.10858010320195122,0,1
67f18795f1c0,0.7028146313179743,0.032360697705674804,0.08961525483535646,0.1752094161409944,0,4
68370c4bcdc6,0.18701710267900473,0.2533983039975485,0.4647935010328669,0.09479109229057985,0,0
6845d1fb4095,0.15968408515762358,0.25320552689098347,0.34213319479324106,0.24497719315815183,2,4
686012381df9,0.6353993399361599,0.06674264796807852,0.16422401240080414,0.1336339996949574,0,4
6863735553dd,0.6975550269044164,0.03225818914048102,0.15357657708127398,0.1166102068738285,1,2
686de7618a36,0.15041815768168068,0.2956460770528804,0.44117325593628054,0.11276250932915835,1,0
68711c5bfca0,0.3214197856128751,0.12892005907497453,0.42364050179949325,0.12601965351265718,0,2
6873d2c34118,0.4093198927085295,0.022708574726099256,0.10090046275850933,0.4670710698068618,3,4
6884d06dc7dd,0.4744868490837532,0.14891501164697693,0.30983652250507954,0.06676161676419033,2,0
688b9316db30,0.19857775137343928,0.4615721143167076,0.17492209463568253,0.16492803967417052,1,1
68912f28a690,0.9019101236190652,0.00492629370933676,0.044022847487424556,0.04914073518417357,0,1
6891e96a910e,0.4303233534319749,0.2527885551031057,0.20776904157317608,0.10911904989174318,0,1
689e8924cae3,0.7937267835011556,0.036390107135165835,0.06438089490013559,0.10550221446354302,0,2
68a7d37d581f,0.1639659409278024,0.3561129478075279,0.29452812925764527,0.1853929820070245,1,4
68a889e685a3,0.19648662404177658,0.26157538616993553,0.40517786604215267,0.1367601237461352,2,2
68abb2be3ba4,0.008123718988237194,0.41131791135034274,0.11886158700690984,0.4616967826545103,1,1
68adf82510a6,0.23330238450711624,0.24023884066498943,0.3373559910565918,0.18910278377130244,2,4
68b2e448f6ec,0.2678544284057178,0.28367122702524755,0.30000941827800987,0.14846492629102476,0,4
68be8460c512,0.17633364283681685,0.25902350141022495,0.27447424257567904,0.2901686131772792,0,3
68d167b7ed15,0.051194164482316895,0.15293039182208423,0.4729366995531004,0.32293874414249835,1,2
68d7d715efe4,0.7587466167105098,0.036320487189764945,0.08434028932859913,0.12059260677112629,0,3
68d9575beb22,0.5449072243380363,0.07050644829380928,0.34665945742516324,0.03792686994299129,0,1
68da89574353,0.05754204724111191,0.3076500409060567,0.30827591600226895,0.3265319958505624,2,0
68ebe7eadfc2,0.10401133158940801,0.19999693148192846,0.19239128619299542,0.5036004507356681,3,4
68edcbacd401,0.2530516907396606,0.38649287041579944,0.2055991910819458,0.15485624776259405,0,3
6909e8b953a5,0.11787356872735462,0.39343842304713356,0.30196101076330567,0.1867269974622062,1,2
690e42810486,0.42671154454379145,0.15299665482658042,0.24745797819302173,0.17283382243660633,0,2
690edf59a68d,0.09954863472511717,0.46617697925008855,0.38651001893786324,0.04776436708693116,1,1
6915678cdfd0,0.10612976952792415,0.22409100868345194,0.32753460304180865,0.3422446187468153,1,3
691577f28973,0.24256980981472567,0.1904241657888381,0.441276131262238,0.12572989313419816,2,4
691a323878a5,0.12734529029948286,0.3438654341724352,0.2957942384493329,0.23299503707874905,2,4
6936f4616519,0.10171517193608348,0.30341017678745175,0.31812136275794195,0.27675328851852266,1,1
69584c7bb3f0,0.2856162906067159,0.15614123803532085,0.2657933173654036,0.2924491539925596,0,4
695e7da261a2,0.025793472043070063,0.7545628911284387,0.16969322244582324,0.04995041438266807,1,4
696814af65d5,0.09619325088413386,0.3880915667792312,0.3053770232185077,0.2103381591181273,1,1
698ec439ea71,0.2423021530705288,0.2470968107648863,0.2987706827908032,0.21183035337378173,2,0
69900354fd02,0.19431766856872135,0.37885886460839197,0.3239891854482564,0.10283428137463033,0,3
699611aaa3b0,0.5500897930852161,0.11650268330719703,0.25578193990073955,0.07762558370684737,0,0
6996bc393596,0.038619616811406056,0.5696780960803248,0.17818722114008378,0.21351506596818529,0,3
699f119d8555,0.05532408550142086,0.08394620208615286,0.47917143111779403,0.38155828129463215,1,4
69a933e0ed96,0.36806622007653356,0.33314979805969186,0.16906798244827287,0.1297159994155017,1,2
69aa502599b5,0.8383034120948669,0.025593793229791724,0.092126240144047,0.04397655453129439,0,1
69c0923dac41,0.6446339121020971,0.1081728587571737,0.19135729666675994,0.05583593247396927,2,2
69ce4e6043bb,0.3342471908907736,0.1894360271945893,0.3338713021926042,0.14244547972203297,1,3
69e33b894532,0.4214854404789911,0.0945134582335035,0.18821385445041708,0.2957872468370882,1,0
69f1fef9ba01,0.008843208716531947,0.45281195539254976,0.16258177487137998,0.3757630610195382,1,4
69f2bd2ac9ae,0.043779058601580295,0.691101833091345,0.18945208508242775,0.07566702322464712,1,3
69f765c5e52f,0.059144211739739515,0.13769808392407587,0.4818981804625258,0.3212595238736589,0,0
6a034051a411,0.0340680541523431,0.6513430011325522,0.2558774973994294,0.05871144731567541,1,4
6a11242aa493,0.08411516114395952,0.4799364959178522,0.24479082754580656,0.1911575153923817,3,2
6a160adfe649,0.13955271083674928,0.33192409977462617,0.3449958018627335,0.18352738752589104,1,1
6a280e4917c1,0.02981189702108203,0.5737633412256508,0.19220376801205483,0.20422099374121225,1,0
6a3350b438d8,0.17868950754642368,0.17847184090656745,0.22621646229647052,0.41662218925053834,0,0
6a41fee76a05,0.8390390479172748,0.04723350988532724,0.06387512848498561,0.049852313712412305,3,2
6a5a23f659e2,0.13833068720089256,0.19180329022664885,0.6065664410329327,0.06329958153952589,1,1
6a6071a3d542,0.05559347086515362,0.20810344750770357,0.06934217808388418,0.6669609035432587,2,1
6a69771d343d,0.06654388151531071,0.32185876543801395,0.3638225732121539,0.24777477983452145,2,2
6a80b8290f19,0.054380669734169995,0.659369071006691,0.26862021394637275,0.01763004531276643,1,1
6a91cf79b14b,0.22333844036686012,0.11813553483293233,0.28849794241439536,0.3700280823858121,1,1
6a9fa7dbed7c,0.4370904840005425,0.2509548963829789,0.1788248383830683,0.1331297812334101,3,1
6aa858b14f3a,0.22224803451903513,0.2635940952462201,0.3083400958446838,0.2058177743900611,0,0
6aaadabe4cce,0.23781201751446374,0.3423821570449429,0.17545863728338854,0.24434718815720488,0,3
6ab55b9459a0,0.12233796551902679,0.4765545513178926,0.3019549069667758,0.09915257619630488,1,2
6ab6283bd80f,0.07233660180455126,0.2917683458350638,0.15164695471127995,0.484248097649105,2,1
6abd595dc9ac,0.4915791623143072,0.09522474473950386,0.14473726596113204,0.26845882698505696,3,2
6ac13e0b0083,0.39743184488339983,0.21772456714420863,0.27148992723078763,0.11335366074160386,1,4
6adfb7a6ead6,0.05005015098651115,0.2126411103631598,0.23719693311815382,0.5001118055321753,2,0
6ae0779efffd,0.4079695670447049,0.11463359395152212,0.40750253559634264,0.06989430340743029,0,1
6ae8a88c4b0c,0.27150198881793614,0.4062217570425519,0.2750088475916051,0.04726740654790678,0,4
6af84ed188fa,0.04533863034969312,0.374582987980309,0.36837858268278245,0.2116997989872154,1,4
6b02afdf2444,0.15193598487768503,0.29079936446371624,0.2995023478163247,0.257762302842274,1,2
6b08e639593c,0.515696520962134,0.13310200689561733,0.2266830001617665,0.12451847198048206,2,0
6b16f7f2065b,0.040249362118469044,0.29484101590707446,0.3461298152932359,0.31877980668122063,2,3
6b20523f5b0c,0.5112464211859854,0.09868352699976386,0.21381192302044275,0.17625812879380798,0,2
6b25cd407849,0.06683850656787965,0.5717586636969172,0.16079728501760432,0.20060554471759895,1,3
6b2ca1539348,0.06675315987609229,0.46464300942048803,0.30111461372762727,0.16748921697579242,1,2
6b35b67f1608,0.4895009363649436,0.07393688327908009,0.19555059805100503,0.24101158230497116,0,0
6b3dd41dcac9,0.01971600149972238,0.07274154019465102,0.1892153017629787,0.7183271565426478,2,4
6b50ada2cbef,0.40233274271537606,0.10087901214567607,0.2777713239768564,0.21901692116209137,0,2
6b9b82594fcd,0.3128544242312895,0.06673222723550178,0.3418706111466051,0.2785427373866035,3,1
6ba3acc30c1a,0.10982055528880033,0.41329602358876627,0.33014177092106495,0.14674165020136842,2,0
6ba5b0037757,0.7792117581977062,0.027136648414928723,0.11505118989582076,0.07860040349154433,0,4
6bb07353d102,0.1984903030476556,0.41226790060315316,0.24301872857829593,0.1462230677708953,1,4
6bb38a2b98f0,0.04018298727135241,0.3956126872596605,0.14827606360029566,0.4159282618686914,1,4
6bc01f9a44a5,0.17915041336579698,0.35893289019229235,0.21160435901907593,0.25031233742283476,1,3
6bcea66a71ed,0.043775793682345444,0.2876569198783677,0.3431426593612893,0.3254246270779974,1,3
6bd25e34b9bf,0.09389872148566505,0.5271392635444646,0.2603925373918955,0.11856947757797492,2,1
6be8198c605e,0.7340579616001544,0.031282273972897165,0.13885989804245535,0.09579986638449314,3,4
6c24f49a9da0,0.5638907762679202,0.17090134106846744,0.22170404043180658,0.04350384223180575,0,4
6c30f2ff1a9f,0.19202979400040315,0.28564161314003883,0.44744246873269766,0.07488612412686028,1,4
6c38af5d08ab,0.30013915600733726,0.19150188434260407,0.36073653165843317,0.14762242799162553,0,2
6c5894699b1b,0.05991446610819848,0.3115273957174239,0.15895033995203545,0.4696077982223423,2,1
6c7342c4e585,0.2407795489003032,0.30943427505576876,0.32118326130685504,0.128602914737073,0,0
6c7422f3cd88,0.578152683267683,0.10915912912587639,0.23204246636237186,0.08064572124406888,2,1
6c78db9456a5,0.02407747913643597,0.21578102027535115,0.2535414614681138,0.5066000391200992,1,4
6c8f1d37069b,0.29025243051065797,0.12622017728733967,0.30586044476364765,0.2776669474383547,2,4
6c94a17753d5,0.8874407109076989,0.005504924911307969,0.05241889687930957,0.054635467301683796,0,2
6ca510d3e776,0.41805539482059356,0.06542711312753198,0.19661700676767926,0.3199004852841952,1,0
6cad5f4723bd,0.036456903388065356,0.1612075625009603,0.3201744933730804,0.4821610407378938,2,0
6cb62181e4d4,0.16102352262431932,0.5951997382128545,0.1635316765359058,0.08024506262692044,1,0
6cd0d5caa9b0,0.06744553188200543,0.2877642620343671,0.23153006334882842,0.41326014273479894,1,0
6ce204b37e48,0.06547577860006516,0.2674898894714121,0.28568146105756054,0.38135287087096215,3,1
6ce2a9142829,0.5745170396257342,0.09699662061655669,0.10031351763175557,0.22817282212595347,2,2
6ce6dde1c9a9,0.23951322204467979,0.10891411880612233,0.2998304076387372,0.3517422515104607,3,1
6ce999aa308f,0.08671267081424527,0.7049203539909815,0.09534028846897556,0.11302668672579759,0,1
6ceafcc1bebd,0.0877069837278525,0.6061653774906816,0.10384553480119058,0.2022821039802753,1,1
6cef85af3be3,0.013317051011082433,0.543433022036892,0.11989166086023961,0.32335826609178586,1,3
6cf1c5a113d2,0.2371806097115991,0.42773817370576955,0.24676605383078942,0.08831516275184208,1,3
6d0e33569c4c,0.07905093556052682,0.21930854009087283,0.2186709183910087,0.48296960595759164,1,4
6d10dfb48a68,0.3966879822762642,0.12107197971325673,0.32201036378615616,0.16022967422432283,0,2
6d172472504c,0.02079913751062242,0.7612105590457594,0.16153943443500998,0.05645086900860824,1,4
6d3dfbb13276,0.40576777600461233,0.106559811791844,0.17782946664045282,0.3098429455630907,0,3
6d6965af3f63,0.20187261716925095,0.3230082589112759,0.3127670944277248,0.16235202949174848,3,1
6d735565d5e8,0.2714737944806451,0.14653409054525382,0.26420452770162606,0.31778758727247497,2,1
6d7efd97265f,0.23877095476758062,0.2518700937217485,0.45608141841648614,0.053277533094184704,0,0
6d83b6774b0a,0.09615870319639086,0.250921450348334,0.4061145270364055,0.24680531941886968,1,1
6d918a401365,0.1543718482182347,0.06635400782587621,0.18237734984657614,0.596896794109313,1,2
6da07da4db19,0.40411323771688046,0.19861026156806935,0.2760369294540661,0.12123957126098406,0,3
6de130752a73,0.15807074581668673,0.38202060621905415,0.25841567780322633,0.20149297016103285,2,0
6de88cb78697,0.2801795559750203,0.12567002175729294,0.317161584006883,0.27698883826080367,2,1
6df28558048b,0.27223116254977026,0.381396156137985,0.13309000581389666,0.21328267549834815,1,0
6e1722a9f612,0.08240972814604255,0.5476158512156306,0.28332318258610395,0.08665123805222288,1,4
6e1af908f926,0.20029828404569827,0.49314759769998534,0.21768882858357422,0.08886528967074209,1,1
6e1e6e1f06d8,0.4972358062150335,0.05159924458091628,0.24731962088910214,0.2038453283149482,0,0
6e2036e14c7f,0.047755530082555,0.4176785237908569,0.12812029242544518,0.40644565370114283,0,0
6e2814381ad5,0.07440020637962437,0.301709112945002,0.3190068065242864,0.30488387415108714,1,2
6e397c1d4ad8,0.05379943546850542,0.3791609047455182,0.3629959316694396,0.2040437281165367,1,4
6e3e83089363,0.10349282240995981,0.33202219451875453,0.42831429722683684,0.13617068584444872,0,1
6e4a0581cefe,0.0208138592737864,0.7912592703934674,0.12165085809736204,0.06627601223538396,1,0
6e550fa78c6d,0.46946176373967746,0.14915578634670712,0.2487195984118725,0.13266285150174292,3,3
6e63af9d6140,0.276074013336522,0.11348903280753932,0.39985191654443875,0.2105850373114999,1,1
6e7239f0b71e,0.22366645278071196,0.19942565569884343,0.27713206539862806,0.2997758261218165,2,4
6ea453b90c6c,0.4833922224669436,0.029905469048741216,0.2792847979328434,0.20741751055147178,0,4
6ea8cbf6da87,0.48181308161493847,0.11558218643656469,0.23230209053106832,0.1703026414174285,1,2
6ead8a34ec98,0.09700322795377485,0.15019602661169174,0.42218743233426026,0.3306133131002732,2,0
6ebb85e3ec55,0.4607559448721443,0.14598050591198275,0.26667055118046434,0.12659299803540872,1,3
6ebc9d6383f7,0.05801297677182831,0.3663480897920891,0.3393829704665479,0.23625596296953472,1,0
6ebfc762aa01,0.20407841642666782,0.3926857464878704,0.23377691207125526,0.16945892501420645,1,1
6ee4d806e567,0.4382852492365714,0.21825237413433599,0.24955314354528663,0.09390923308380607,2,0
6eec41aa515e,0.572154540116378,0.06712733763248031,0.17671411463307804,0.1840040076180636,0,2
6ef10ae3338c,0.07514641328334419,0.38756698653504373,0.28436516921225646,0.25292143096935565,1,4
6f080807353a,0.10062241009675922,0.35546946020821196,0.3702748347822558,0.17363329491277296,1,0
6f0a11450459,0.33522822934706553,0.10021375526854506,0.3446500291430747,0.21990798624131475,3,3
6f29d576794f,0.19535990557288138,0.20213324303121324,0.3338070395808815,0.26869981181502395,1,1
6f2af770938f,0.010076306676993763,0.7497168684617133,0.0994071064993557,0.1407997183619373,2,1
6f2c498c1bc1,0.1859672486272033,0.28014587035448024,0.12250501374283476,0.41138186727548165,1,2
6f43b168f0c8,0.30987887152763893,0.33996682636562287,0.22084642164609022,0.1293078804606481,0,1
6f60cbbdff62,0.03488833905573321,0.585190972744544,0.28671317091701853,0.09320751728270418,1,1
6f6170503ca8,0.17598062256649039,0.32740624337752844,0.3506558466396756,0.14595728741630556,2,3
6f640d05c3b9,0.03810483608255509,0.6668284632746203,0.1547146291112329,0.14035207153159182,1,0
6f6cf201e2e9,0.07408023807848732,0.270997901162256,0.16568554348696843,0.4892363172722882,1,1
6f82787b77a9,0.2058567963880893,0.06522829772494411,0.2890180753643062,0.4398968305226604,1,4
6f88ee365a75,0.06832807209900137,0.266468066703661,0.2411013618248745,0.4241024993724632,1,2
6fa9fa493dd8,0.46443141769873153,0.0626993919248808,0.2006517501300373,0.27221744024635025,2,0
6fb902bf498b,0.22351307332701417,0.14886638043681683,0.2983051324103075,0.32931541382586144,1,4
6fc05a848fc4,0.09647417841291807,0.13431891889122274,0.5003880052469619,0.2688188974488973,1,0
6fc7c54a65f0,0.15591826213623539,0.2600138491958298,0.338026980080716,0.24604090858721878,1,4
6fcd121e2158,0.35186005244008645,0.21664086513885708,0.2083283710875766,0.22317071133347982,0,3
6fcfdb41c627,0.0735265202465603,0.5430359803688874,0.21971263510978523,0.16372486427476704,3,0
6fd699f5e287,0.3364545103822699,0.2080711797016084,0.31034335575472544,0.14513095416139632,1,3
6fda1242f5e1,0.01739242483593078,0.48634618705226873,0.21497898670230134,0.2812824014094993,1,0
6fdb93227268,0.06015405483088852,0.5951261798409198,0.24850376354088527,0.09621600178730651,1,1
6fddebe03b95,0.023607375967844183,0.6061455509264608,0.17515914621455464,0.19508792689114035,1,0
6fe13adf23a8,0.08948518335818187,0.45223386095741336,0.1630068360838003,0.2952741196006046,1,4
6fe5d9760641,0.04556263085261325,0.2507615113281887,0.4597703801530103,0.24390547766618767,3,4
6fecf0039e87,0.17881323981043115,0.3980900825031766,0.25163459163949736,0.17146208604689497,1,4
6ff3619ba762,0.13657427297553326,0.1765960173894145,0.28706440937539623,0.399765300259656,1,2
6ffc47a55a89,0.11199261289423676,0.31652342842470294,0.4156504886090274,0.15583347007203288,1,2
700f8b64c2b3,0.6365329606606417,0.02329616093006624,0.13411233978955447,0.2060585386197375,0,4
7015d3f8ad97,0.31979307218490105,0.25505070010620823,0.28697447421004113,0.1381817534988497,0,0
70181e40a550,0.15054324755054205,0.14218155037055305,0.2704329869838355,0.4368422150950695,1,2
7026a1d06acd,0.6163368211325888,0.03273119988887045,0.15557485774133206,0.19535712123720875,0,1
703862f77abc,0.08772420118844201,0.35429833256970417,0.4573211233293869,0.10065634291246697,0,4
70506829e724,0.7327638775207391,0.05540335702123419,0.09168312087327836,0.12014964458474842,2,4
705ef7c40475,0.058785937037724514,0.5416474383414338,0.22982133326833404,0.1697452913525077,1,2
705f6121d2bb,0.11917369014331894,0.3807514419295943,0.35652998133084635,0.14354488659624037,1,2
70623a0fc6da,0.1251474941973408,0.2942901597300033,0.18686037039981002,0.39370197567284587,1,1
7064f1df2a5a,0.05092466741122513,0.6004333587793093,0.12733883169937213,0.2213031421100936,1,1
7082bf0562c7,0.06971535004815717,0.2742586471352003,0.29659027568347307,0.3594357271331694,3,1
70885f674bb7,0.19219799199159385,0.3794831642733709,0.1601541839245496,0.2681646598104855,1,2
708fe734309c,0.0440972421389442,0.5416730263238205,0.22078244658986387,0.19344728494737143,1,4
70946a30bc87,0.5069500913736306,0.11342669236531508,0.22040346572613834,0.159219750534916,1,2
70968f0162f7,0.39769001995451897,0.12044727152287635,0.23890875447456428,0.24295395404804043,3,2
70997208bbc3,0.4102224651898485,0.10454153100765448,0.16902367333374718,0.3162123304687498,0,3
70a770a53304,0.3008377718201752,0.14499161128794358,0.17120469153386442,0.38296592535801693,1,4
70bf1155c5c4,0.032118882745142366,0.4450216440304565,0.12538131731409258,0.39747815591030844,1,1
70c36a2a918d,0.06083170784235762,0.677447398046776,0.1847802635769853,0.07694063053388121,1,2
70c5a1b111b9,0.20272544763843175,0.2882377192639763,0.30012774375869855,0.20890908933889338,1,4
70db5f349b02,0.4057612146717813,0.1114160567738516,0.13063725650440383,0.3521854720499633,0,3
70e4e4031f99,0.16429451169671014,0.39855155402150355,0.3001786582715531,0.1369752760102333,0,3
70ff97e1af81,0.039750624243701405,0.45640203634074666,0.14624078262158105,0.3576065567939709,3,4
71043aaa32c1,0.04118304632249112,0.3598720669186988,0.26777322558314015,0.33117166117566993,1,1
711e04fc0ec1,0.28610245335457746,0.15634616953252856,0.17872975921093703,0.3788216179019569,1,2
712a74acd2da,0.47843398436296247,0.27529674268582677,0.14278314317057533,0.10348612978063543,0,1
713c1dacba37,0.5419700867971952,0.09057036729699473,0.19173500809105815,0.17572453781475186,0,0
7143ac3d6c02,0.28398709042443965,0.19270472933543512,0.2505273627920049,0.27278081744812044,0,0
7145f6e09e86,0.31611189349973956,0.13428206576249757,0.09991476315194885,0.44969127758581384,0,3
714f28824757,0.26027295362420905,0.09743120293157274,0.421924282783038,0.22037156066118027,1,3
7154fd5f147c,0.3062282127624774,0.23542233966905673,0.2935702142301757,0.16477923333829023,0,3
716d94e2d49c,0.051215509852093936,0.09993877192342349,0.18927230723333002,0.6595734109911525,3,3
717649076168,0.1513735481642988,0.3481868293524815,0.3749883665414527,0.12545125594176695,1,1
718e884695bc,0.16636009415309375,0.4033668487146124,0.273730819038382,0.1565422380939119,2,2
71d1bdc6e89d,0.296558201390697,0.08330328105456111,0.16774634108893938,0.4523921764658025,2,3
71d4e9b630fb,0.10829701521388849,0.3229230846188332,0.27465771675596445,0.2941221834113139,1,2
71d83087844c,0.7040933585552928,0.07196201906585808,0.10055803460383968,0.12338658777500944,0,4
71dad6eccd07,0.1321486444547064,0.18560399138317954,0.30003837316501303,0.38220899099710093,1,4
71e052c9da68,0.028381149422396963,0.3831170674943598,0.4896121151679175,0.09888966791532579,3,0
71f56b6a5589,0.011099480573025674,0.5349311167819482,0.1454704520842984,0.3084989505607278,1,2
71fb5ea71283,0.19783677950345221,0.21923393495067392,0.31071726176793724,0.27221202377793663,1,3
72044bb44d41,0.046972581418558645,0.6124336953589784,0.21591768369888412,0.12467603952357877,1,0
72096a738cea,0.1364816896127129,0.5227449339545246,0.29766446427787013,0.04310891215489244,3,0
720fb67abb1e,0.28233473630206446,0.11501947127760918,0.36273113129402024,0.23991466112630602,1,4
7213dcc54526,0.15767790364218215,0.6164341339135111,0.14912504977013055,0.07676291267417622,2,4
7222149ad319,0.15385444980763788,0.1955742764816816,0.5066439330680877,0.14392734064259288,1,2
72307dd985e6,0.20133189396225834,0.005641119900322268,0.40863481128366724,0.3843921748537521,0,2
72425b393845,0.483296210033581,0.1650321505978612,0.2303317405036358,0.12133989886492201,0,3
7249de10ed69,0.0974063306513889,0.5924888270435913,0.18542644344001322,0.12467839886500663,3,4
724d6bc409ed,0.5672536949037716,0.034928703689402235,0.21081834914469338,0.18699925226213265,0,4
72514d63484f,0.36579186850436063,0.2681843185132894,0.2542952345219534,0.11172857846039659,0,2
726c53df6609,0.12128509293091737,0.3666914029976232,0.23086173763711929,0.28116176643434015,2,3
726e81c6c735,0.24218920045906647,0.20040804013815272,0.1921017777194451,0.36530098168333575,0,2
727cdd8777b6,0.04523374012733777,0.38966946585972734,0.24034534614118325,0.32475144787175164,1,3
7282d136726d,0.7616917417300297,0.016263350080119192,0.1280180549848245,0.09402685320502638,0,3
72844dad85ba,0.4281192757286572,0.22151850512793136,0.318454141247737,0.031908077895674423,1,0
729a96c67c8c,0.22003125512391464,0.4053394340514004,0.27818870423076064,0.09644060659392438,1,3
72b5ff80fa42,0.17652928962128414,0.19795820257395025,0.2872319534952761,0.3382805543094895,2,1
72c48e3d0100,0.28156185024967373,0.30614530196349227,0.3460988286545588,0.0661940191322752,1,4
72d02af1f658,0.17042335645307993,0.2540656209691037,0.3226389787329647,0.2528720438448516,1,1
72f57941bed3,0.39776024974110524,0.19901753946764156,0.148623211414174,0.25459899937707936,2,2
73049129c53a,0.029412614803936202,0.2647069945410971,0.1418879298246608,0.5639924608303059,1,3
73077ed6c5ca,0.2302226737300029,0.19374166109277347,0.3492672957591711,0.22676836941805248,1,2
730aca6abf73,0.5904480419005265,0.08460656176187198,0.15132244782593782,0.1736229485116636,2,1
730dde2edfc7,0.32799815684875405,0.2764226766965095,0.25033753254020685,0.14524163391452963,1,1
731f38a54d39,0.48048044898851333,0.08833763667890328,0.2054340991902393,0.22574781514234407,0,0
7320a49281fb,0.05122210951928642,0.10953842421260021,0.26024661321687154,0.5789928530512418,3,0
7322960be0a9,0.42995221002750456,0.21647399843646228,0.22317327541384535,0.1304005161221879,1,4
732475ef8c2c,0.01752786136666698,0.6123918528268731,0.20345719996358394,0.16662308584287602,1,3
733ed3e2cf92,0.3355660821864509,0.20159040866080516,0.2946962927274366,0.16814721642530728,0,2
735523d1689e,0.2423272828557388,0.10054566269506302,0.2206998784693251,0.4364271759798732,0,0
7359a4fd6f06,0.2944957556736292,0.4339057494833454,0.23119724526102406,0.04040124958200132,1,2
7367c35f74ba,0.4621595482034233,0.1816264575535866,0.20966759482270067,0.14654639942028932,0,3
737a25e956f4,0.6223782414657244,0.09243509607313438,0.15911370851471654,0.12607295394642465,0,1
7397c44412f2,0.05328478876824381,0.3022419479534104,0.28699344092845763,0.3574798223498881,2,2
73a7ea88d1c5,0.6140048325283363,0.08554258864434394,0.13151923592635953,0.16893334290096015,3,0
73be9646a914,0.08029826563686523,0.3799935497552306,0.20059020153141624,0.339117983076488,2,0
73c516bcab83,0.05848700492025592,0.2913388281386837,0.28375229943255487,0.3664218675085055,1,4
73cc509a84f7,0.11676736624230923,0.27400057710682024,0.17014948391045115,0.43908257274041945,2,4
73daf4596bf7,0.007823738403231839,0.38723193227430475,0.208759655527404,0.3961846737950594,1,0
73e3912f1d29,0.538542143626961,0.07649628923131589,0.2999555025620614,0.08500606457966173,1,4
740b0dab33ca,0.6283321348566057,0.0405625105111266,0.2111746073119418,0.11993074732032598,0,2
7416b5cbc531,0.1155610651320462,0.46817956516632175,0.2649484441009839,0.15131092560064816,0,2
741b969bba80,0.14571993033752184,0.4533051953231502,0.30348425160450665,0.09749062273482122,1,4
742a1e1fff0f,0.2521578922933987,0.10713329672221732,0.33317853904666617,0.3075302719377178,0,1
7437ebff0c0c,0.3674318123438159,0.3125453468791089,0.19257507591524628,0.12744776486182904,1,4
7442e4e2cbd1,0.6819817235331261,0.03301593805698156,0.12372699648045221,0.16127534192944,0,1
7468e3ccba55,0.06577038518907942,0.3819106222197237,0.2898673074249679,0.2624516851662288,1,3
7474d005a422,0.13874773568779644,0.4906151291473404,0.19901006809156357,0.17162706707329964,1,3
7475f784d4a1,0.025112432856323492,0.49321911109692895,0.35490861790637057,0.12675983814037697,1,4
7476f5857c35,0.37652289141139383,0.17527170800853173,0.31181518464898955,0.13639021593108497,2,4
747702a0bbc0,0.1155009691688145,0.4023646539663702,0.18605476230496334,0.2960796145598519,1,4
747af914db5f,0.0857789756486651,0.24155394041764472,0.24493513447973816,0.427731949453952,0,1
7493e758bb52,0.3067461452319456,0.2274841878563972,0.1935050322428901,0.2722646346687671,1,3
74968646f9cc,0.2125408328321912,0.19024760368437751,0.29439255799390873,0.3028190054895226,1,1
74a87565a547,0.4414788959709332,0.19123039676962925,0.27554818731800185,0.09174251994143566,1,1
74ac2e1f23bf,0.2233324696328983,0.34200221685554194,0.3247707921072117,0.10989452140434798,1,0
74b07ad32cf1,0.461161874481397,0.16622037321430322,0.16416859842197756,0.2084491538823222,3,3
74d11c0c0ea6,0.05885324379343982,0.6118843322513533,0.15422087957657862,0.17504154437862815,2,4
74dbd8125c6f,0.21608316827961552,0.2576569036153192,0.4232444885123169,0.10301543959274849,3,0
74dc38d75151,0.6599127510244285,0.0807744188695613,0.15028609681733532,0.10902673328867477,0,4
74ebe8edda5b,0.24543705652538378,0.3019633848255021,0.35892880100879054,0.09367075764032348,2,3
74f757451b08,0.3151498770371795,0.42407735987459866,0.18377982819928054,0.07699293488894142,1,4
753ee89d1fd6,0.09444423914270511,0.2663046842075019,0.38074878024198416,0.25850229640780875,2,2
754759f9a637,0.23113215792786132,0.2701219206570116,0.27164977878313373,0.22709614263199326,2,3
755469264a39,0.3264758111098157,0.21809060066341562,0.2903233572487592,0.16511023097800945,3,0
757db9bd51a1,0.10383638721692072,0.3510323221980133,0.28646404290041755,0.2586672476846484,2,4
7585d5f73457,0.4680010527271059,0.10666920785880392,0.21155788509733509,0.21377185431675516,2,3
758eecca893c,0.05083766711580175,0.4292732417624038,0.261405190736998,0.25848390038479635,1,2
759a8e5cee9d,0.41982619359321016,0.1365958665608263,0.1647521650946972,0.27882577475126635,0,3
759fdf1aaf08,0.43536908293214194,0.15723010627768963,0.2260155122520076,0.18138529853816088,0,1
75a00272c6cb,0.3995085244741709,0.06491004486750927,0.2833680636077513,0.25221336705056846,0,0
75b33f606cf5,0.16579255326470096,0.1264327709044429,0.3483530321950226,0.3594216436358335,0,3
75bb6e197bbb,0.16863724946361924,0.2443733122902079,0.27271975453297864,0.31426968371319425,1,3
75ed74f9f238,0.39418446636583127,0.11719793119074653,0.2536000317195493,0.23501757072387297,0,3
75fc2de53d2b,0.5251463495623399,0.06801184607942874,0.22074441962105124,0.18609738473718015,2,1
75ff9d63f15b,0.5468539662038933,0.11923926529648775,0.18637525025193938,0.1475315182476796,0,2
7607adf7450a,0.5190761629884372,0.3028867834662907,0.14742970344436948,0.0306073501009027,1,0
760a7a9bb2a1,0.09179924858633054,0.45156376879522286,0.3088431564454309,0.14779382617301565,0,2
7610dab485fc,0.0872650340993108,0.5119803091107472,0.33288153905182133,0.0678731177381207,1,4
76122cbd97f4,0.02232690095853965,0.5660567877204654,0.268911638426508,0.1427046728944868,1,2
761d01ff68fb,0.6301757948377988,0.07397527183319354,0.2211219494863609,0.07472698384264667,2,0
761f0f4ecc85,0.08770462249662382,0.23079847512949894,0.2536508239959627,0.42784607837791455,1,3
76519081a45f,0.019635855873380837,0.7784215039238731,0.10325973310487763,0.09868290709786842,1,0
7654fff4b24c,0.09218183878885537,0.49661513938099733,0.3236265611112049,0.08757646071894233,2,1
7664ec8a8a19,0.21716956141285015,0.0632562597533369,0.16499738381491813,0.5545767950188948,1,2
766dc0e879de,0.03968740839986174,0.5129957564594604,0.30660817604522,0.14070865909545785,1,1
76916f737774,0.032731988143993855,0.4728645619201673,0.1368052358500728,0.3575982140857661,1,3
76938243a97f,0.44972503712424927,0.20489365158536316,0.2392679548941646,0.10611335639622313,0,2
76a35cf1cea0,0.34521374495020307,0.1794468957502,0.18898495420710734,0.2863544050924895,2,2
76ae6588e5b4,0.1585534399647065,0.3016853065336854,0.33672374364063234,0.20303750986097566,1,0
76b5e2db22ba,0.08262969701221201,0.5146672119377221,0.21625494128433997,0.18644814976572602,3,4
76c9821a3d06,0.7098874337202233,0.026546549075347394,0.14794171034810696,0.11562430685632231,1,1
76d3ada42326,0.0406908350816923,0.24764305152051216,0.4030480449491079,0.30861806844868767,3,0
76d8b00619fb,0.3281215019567551,0.20628791749753095,0.296155011598509,0.16943556894720493,3,0
76f44ffa4441,0.05484325417348907,0.38434182927762783,0.25038717179290365,0.3104277447559795,1,2
76ff3ec3c022,0.06806733412814642,0.5472760959722723,0.23068910765491663,0.15396746224466448,1,3
7703e1787577,0.05988577029565576,0.26127202524174337,0.20811009974996889,0.470732104712632,1,2
771a4add61c9,0.4540984887900627,0.07812558092787124,0.34285034566132916,0.12492558462073698,0,2
77217025615d,0.1366550655743711,0.2358976588809047,0.12085123708098362,0.5065960384637406,1,2
772dbd065c7d,0.07498661313448461,0.6207926575564462,0.12776666186805516,0.17645406744101394,1,1
773f243da328,0.19798071602499256,0.14374576704281086,0.5129215912113199,0.14535192572087655,0,2
774720fb2a45,0.2845153480117532,0.19265331776867037,0.2771376269377886,0.24569370728178777,0,1
77539184cdaf,0.06604989819950878,0.6028487335836163,0.29535540225779594,0.03574596595907894,2,2
775b359f53b6,0.34414784075768085,0.08444155386864792,0.17364539236994186,0.39776521300372925,3,3
776cb995a1fd,0.11749374539693183,0.37710848987867635,0.34939323791657,0.15600452680782192,1,3
7786df1d7d71,0.16134695810228578,0.33072361860511823,0.2745005447501077,0.23342887854248828,1,3
77955e62e6c6,0.17765267532486917,0.20639297620284924,0.5021119112866561,0.11384243718562546,0,0
77955e96a54c,0.29839999847666654,0.1095918604111271,0.2899316617844055,0.3020764793278009,2,0
77a0888b5ac1,0.23084949002419108,0.36907298186257737,0.23275853677345187,0.16731899133977973,1,2
77b272cdda9c,0.08747735161152113,0.3552360286024737,0.12752296388234674,0.4297636559036583,2,4
77b4e0d0a49d,0.23003919005887583,0.184709734832689,0.18197361202036627,0.4032774630880689,0,2
77f901809e36,0.38714419918463,0.07247561434147619,0.19806743371540467,0.34231275275848916,0,0
780ffa8abde3,0.07705591271495084,0.49450863115326943,0.2519480153723219,0.17648744075945777,0,2
78258aa63d76,0.27790689551951325,0.07916621943030852,0.23385155831244012,0.409075326737738,3,2
782ab22207fc,0.06982759832911849,0.2536241689487534,0.24318722345117363,0.43336100927095456,0,4
782d728ee09c,0.07853728922234977,0.17457801623437136,0.24937141941531862,0.4975132751279603,0,1
7846f687646a,0.20120957655188804,0.4177576473800405,0.2228783706629667,0.15815440540510478,1,2
784af90e8cac,0.4141154169314109,0.05300101380950268,0.14982472747256612,0.38305884178652017,0,1
784afbafee30,0.3362018870442294,0.04483748720640787,0.3397679091544483,0.27919271659491446,3,0
78509f1ae31c,0.2976543409642059,0.24738367352262955,0.2764148905989202,0.1785470949142443,1,1
78543ff029b2,0.09821938726831192,0.4087941262217384,0.3047205532262654,0.18826593328368432,1,2
785e985b3a22,0.07888350211938282,0.5582289403329931,0.16276388122953703,0.20012367631808703,1,2
78661808d8d5,0.4113119516122456,0.16398005562982512,0.21188062204918948,0.21282737070873983,3,3
78688bfcd441,0.6351863799533316,0.061237634524602756,0.17829255023962265,0.12528343528244304,0,2
78791be84503,0.2662749156608728,0.057992722629329696,0.22217633991076194,0.45355602179903554,0,0
78909b4d3179,0.01953704342795695,0.6124219843130444,0.09720107522072899,0.2708398970382697,1,1
78e93504e04b,0.6853991555197121,0.018568319895085485,0.11267150801244859,0.1833610165727539,0,0
78f1e3db654c,0.5843264574867775,0.07620586549547638,0.1494951256309241,0.1899725513868221,0,4
78fc07c1dd2e,0.721185107369209,0.0068911948722508,0.04827640013339663,0.2236472976251436,0,3
7902e534869e,0.14730910818011525,0.27123005065308825,0.39586601818160394,0.1855948229851925,2,1
79140443c2e2,0.18228068785588644,0.3935653101357505,0.27980591192054854,0.14434809008781446,1,3
79144883061c,0.18401324188369933,0.07312926418458023,0.3094650527815157,0.4333924411502047,2,3
791bd51ede54,0.2533033441731455,0.3395541096396575,0.33390515495624506,0.07323739123095188,1,4
7931e444dbc9,0.30925556000737486,0.27464703745698066,0.28475735531013663,0.13134004722550796,2,4
79642d095252,0.05249572967226708,0.610327228990936,0.2311914759236817,0.10598556541311527,1,2
7974c126e951,0.8533536658790973,0.03298932588588734,0.0410533210928495,0.07260368714216575,0,3
79774c9d6ec5,0.27356016831086716,0.17113893702040392,0.4200327789268656,0.13526811574186343,1,0
798c27690f1f,0.08720459050517705,0.17453288567340416,0.7112477664274061,0.027014757394012726,1,0
798cdfa7890d,0.027755651752073604,0.2634508593878756,0.6051469032467006,0.10364658561335013,1,0
798f8e89c7a7,0.2051672599674313,0.29753159024562364,0.407107447006878,0.09019370278006711,1,2
79a8a08dac37,0.49505583296973393,0.07521173690670331,0.2875942017368672,0.1421382283866954,1,1
79b0461d245a,0.48411880726405954,0.17298050080910465,0.2748701016036732,0.06803059032316265,3,0
79c3bf957d49,0.17000576394701006,0.2595079550104006,0.2729139838129597,0.29757229722962975,1,1
79cd05c9c1f7,0.270777577858348,0.22043901272268618,0.2973010580539701,0.21148235136499574,0,0
79d4f7356c39,0.08203916473017478,0.3099185387808294,0.23365992896607873,0.3743823675229171,2,4
79d5d8448dca,0.018630774523688616,0.05218930141472873,0.08541521162340433,0.8437647124381784,1,2
79e2eafdb5cd,0.42967544870239127,0.11983706119398613,0.24178335965248293,0.20870413045113956,0,3
79ec91f1194c,0.12383432513787303,0.4001585666269415,0.26035195349734214,0.2156551547378434,1,1
7a06a32e54c9,0.07902614260007856,0.23954441469180457,0.15784842451454037,0.5235810181935765,2,3
7a1023392e52,0.10656307662093298,0.38994309592208637,0.28932784306381293,0.21416598439316784,3,3
7a15889e036a,0.23500537142908864,0.196140325652876,0.4013579129465043,0.16749638997153107,1,4
7a1934d2866f,0.09890265232198266,0.1399030072572769,0.17622578695528276,0.5849685534654577,3,1
7a222273085d,0.04502441944774895,0.6442697678336757,0.1541720465534527,0.15653376616512263,1,4
7a4341a6a2ee,0.2136328785016727,0.3946414197393891,0.19789587403977352,0.1938298277191648,2,0
7a5105c66642,0.2497803879952501,0.19114818661003585,0.3725284177022212,0.18654300769249288,0,1
7a69851883f3,0.05911075509087254,0.20975314289534186,0.7083704330468776,0.022765668966908008,1,2
7a8fb17a122b,0.21169213175202842,0.1404662948249091,0.19768330477312415,0.4501582686499383,0,0
7a9186d8ab3a,0.028285414086836616,0.46591436280876997,0.36532560836072697,0.1404746147436664,1,0
7a9a5b3ed60c,0.03672031902045761,0.19885967613735514,0.5357454103247804,0.2286745945174068,1,3
7a9b2f9aa761,0.25049976012714786,0.3208456983486812,0.3149785313619571,0.11367601016221383,1,4
7a9e0a0b31a1,0.12922323449888448,0.11165192205651932,0.46964491976416217,0.289479923680434,2,2
7aa4e85e5eb5,0.026255115479232767,0.5468347232807137,0.279943799137436,0.1469663621026176,1,1
7ab1b20d8fe2,0.22575531020406653,0.23547450742986253,0.20994790052124032,0.3288222818448307,2,2
7ab568cc7d2c,0.4153905255797394,0.16846619193551984,0.24100226969709318,0.17514101278764746,1,3
7adea6f20461,0.010455932219464002,0.7392857073282362,0.13885658562388353,0.11140177482841639,1,1
7ae41bc8d8bf,0.5983581142535901,0.054980552962363594,0.26790192744396035,0.07875940534008595,0,4
7afa1e20a54e,0.09646105187801919,0.22229275156756292,0.49659009665217574,0.1846560999022423,1,2
7afb581299a8,0.20017082559275812,0.2012369002704225,0.3640774284545757,0.23451484568224368,1,3
7afee3a6d7e4,0.6505196686789562,0.020285997441804524,0.16266912454628288,0.1665252093329563,0,0
7b00f77a1879,0.2991934195770944,0.36291282593348906,0.11300652532010282,0.22488722916931378,1,4
7b10c52613de,0.34549751752362484,0.23887705621265412,0.3681179017987688,0.04750752446495225,1,1
7b20d3520e9c,0.3135661028842257,0.36790562216003053,0.1548259835615549,0.1637022913941889,1,4
7b54de3984e8,0.18931070306173678,0.15641124866416992,0.5600680751570429,0.09420997311705041,0,4
7b5b31210030,0.3059874198938528,0.21002282269954256,0.2983130089024629,0.1856767485041419,1,2
7b6c49da06db,0.6762177956282263,0.054528863331963336,0.15369696240670908,0.11555637863310138,1,2
7b794c082812,0.4909608804678627,0.15191764275288475,0.2706699083059753,0.08645156847327728,0,1
7b8c999b8505,0.3896013303392984,0.1606069370475405,0.243497836020576,0.20629389659258524,0,4
7bab30555627,0.2746977665176695,0.3271714585225623,0.2882250246180642,0.10990575034170402,0,3
7bacc2783fa7,0.07203067657514686,0.4063432181286002,0.22503630602861383,0.29658979926763906,1,4
7bae3da7cc02,0.03357554148967365,0.4147148037540698,0.28389314986288666,0.26781650489336994,1,3
7bb06ca2150c,0.021486363906663464,0.22710025902664013,0.1635755419709043,0.5878378350957921,1,1
7bc704a7b154,0.4447263990924919,0.038297530342563016,0.13234628766224604,0.38462978290269895,3,3
7bd39a169837,0.2595817733403915,0.31871391396946464,0.31840551468553613,0.10329879800460774,1,3
7bdfad741d14,0.08130068845737824,0.23951421196979875,0.3535046305279776,0.32568046904484543,0,0
7be73deb61a8,0.12575842780569588,0.39459976828505494,0.38496262867232206,0.09467917523692712,1,2
7bf83b446661,0.21616699215881835,0.1514311638452925,0.19625660513934645,0.4361452388565427,2,4
7c1c89a066e5,0.6676371609151878,0.03873888097961321,0.1285089982594449,0.16511495984575414,0,3
7c1dcb902f6d,0.02480022690901273,0.6672446072105657,0.18075220517845614,0.12720296070196552,2,1
7c3b534b7eca,0.32771786433384736,0.1712323615449098,0.31364298044691125,0.18740679367433158,0,4
7c4bfbefede8,0.15480046918609414,0.34282651353094923,0.17721871175260492,0.32515430553035185,0,1
7c5406d6328c,0.515554063992446,0.20257335499983975,0.22216856390307144,0.059704017104642876,0,0
7c6b51d6639e,0.4511284792314277,0.06866660283321134,0.3671464074033619,0.1130585105319989,0,1
7c818f4cbdec,0.03786572008571971,0.6228745213612348,0.16475840492450908,0.17450135362853642,1,4
7c96d6d546d3,0.19608455973220618,0.1923206805560757,0.3704683631921175,0.24112639651960072,1,2
7ca967363865,0.21875391742550118,0.06912263017105327,0.2087994157272825,0.503324036676163,0,4
7cb0d082d21b,0.019312304791677733,0.8043779862725026,0.1543771175431698,0.021932591392649872,1,1
7cb0fdd18092,0.5294904073141816,0.12081820867034516,0.13394293176845878,0.21574845224701447,2,4
7cbbe81579da,0.04508669371131284,0.33179366457826015,0.15340934900464345,0.46971029270578357,0,3
7ccfe56da30b,0.11369843562247774,0.12186599078837068,0.29246478819118,0.47197078539797166,1,3
7ce1ebc880e0,0.11828382284700197,0.21594672188647068,0.4747957098705641,0.1909737453959633,1,1
7d1c99d9eca8,0.040714227466239546,0.2579462911548745,0.3393958868296617,0.36194359454922426,2,0
7d26435833cd,0.023677666571491254,0.4777211198524851,0.10234142244485206,0.39625979113117155,2,1
7d28b814a4d4,0.42116714134319155,0.13918820579293292,0.27550389024596084,0.1641407626179146,2,1
7d2b67f6357e,0.13751634825074305,0.4138215646777584,0.21241116364724633,0.23625092342425213,1,4
7d2ca42f0906,0.10515267341320964,0.32059711874951813,0.2215354933093882,0.35271471452788405,1,3
7d38fbf46bbf,0.49280460707923823,0.27146113630444674,0.1796296540443056,0.05610460257200947,3,4
7d3c837a7644,0.32601541176498205,0.20259600648162387,0.32804541986551955,0.1433431618878745,0,1
7d4971c1d0ca,0.49722591531040394,0.1265169652919831,0.2854687506227531,0.09078836877485968,2,3
7d5282a52850,0.09169005600622229,0.3082571285434853,0.22617745237447617,0.3738753630758162,2,3
7d64b5b28306,0.4178416342076441,0.06979024036126684,0.2681793039738733,0.2441888214572158,0,4
7d70e90deb87,0.397869267223005,0.21738414777176962,0.3276804974994104,0.05706608750581497,0,3
7d82d53204b8,0.05257829303279282,0.3772952395339567,0.1461764399560378,0.42395002747721267,1,1
7d9f72046513,0.16902813170243713,0.31807750724962125,0.1730940608907615,0.33980030015718016,1,0
7da2b553b5ce,0.17109935514300154,0.23716712789637628,0.38282791721922727,0.20890559974139483,1,1
7db18af1a9d1,0.44132877709730756,0.07255482571013322,0.38574370229167004,0.10037269490088915,0,3
7dc1629a0438,0.29575418694640915,0.14158092852239013,0.42247937405470404,0.1401855104764966,0,4
7dcc972565e6,0.21970880162313144,0.2719657759764923,0.38498102895993264,0.12334439344044346,1,4
7dd3347b0d10,0.5219481045874195,0.2460933708670771,0.15743138460662434,0.07452713993887905,1,3
7dd6835dfc59,0.04290328312605856,0.4795184403802787,0.34344939791812495,0.13412887857553782,0,1
7dd880b043d6,0.044178191652962835,0.21886160463960003,0.3318663302112235,0.40509387349621356,1,3
7ddb42c36bf7,0.1313185112369264,0.3031141949497879,0.2930842691470735,0.27248302466621216,1,0
7ddc4c9daa44,0.7311884549857094,0.029592103234017588,0.13781923010075742,0.10140021167951557,0,1
7ddcf63a332f,0.045780471007567894,0.4017203129839917,0.09718564502070424,0.4553135709877361,3,1
7dfd6afee3e9,0.39265151913620505,0.07215292335644152,0.23337111025953208,0.3018244472478214,0,3
7e24eea87ca5,0.14196788382354592,0.492813745480498,0.23126625332435913,0.13395211737159698,1,3
7e26e0963bac,0.010195691772453426,0.5407242830269402,0.07648935416069774,0.3725906710399087,3,1
7e285573bf0f,0.2907329489950739,0.21574421263240387,0.28826355252641345,0.2052592858461088,1,1
7e2fe165275e,0.11780454792759497,0.39582472105088407,0.25501487768763104,0.23135585333389,2,2
7e4059d6a0f9,0.5309576912675871,0.0776943266374422,0.19525088945998614,0.19609709263498454,0,3
7e4b2e28a241,0.2879958756868933,0.2154444921241565,0.38295046673563277,0.1136091654533174,0,3
7e5785e7fda6,0.04553609419508927,0.46422001072244945,0.11145865416830997,0.3787852409141513,1,0
7e6c68462e06,0.1209803667206526,0.5086268797793989,0.2788268264407608,0.09156592705918772,0,3
7e6e49e5eea7,0.672566582380813,0.0847315815319734,0.132574005916618,0.11012783017059562,0,0
7e7701fec9ef,0.6667824900576101,0.04514665871270517,0.18039087649504132,0.10767997473464329,0,2
7e86ca47ec47,0.12586269402363964,0.26567500311496944,0.3405927124688504,0.26786959039254044,2,0
7e8be259013a,0.353590823737217,0.2103783916558393,0.3682059708636226,0.06782481374332099,3,1
7ea118331dfe,0.08621656229758455,0.23832896193570022,0.29305788639821156,0.3823965893685037,1,0
7ea7f0ce6ba4,0.041864136233331954,0.40087574240439633,0.185103891449585,0.37215622991268665,1,2
7ea86dbc72ee,0.2538450085356793,0.21459772732467264,0.3758585439362434,0.15569872020340467,1,2
7ea9b8b90bda,0.10140826452271859,0.44413338097568267,0.30393632038769525,0.15052203411390344,1,4
7eb0a56757c0,0.21176398450568046,0.21167138166330476,0.35555848391835715,0.22100614991265755,3,4
7ecdff541fd7,0.4721130372996058,0.14701966091326638,0.2227249047064346,0.15814239708069328,0,2
7ed9fad978ce,0.08527997730416383,0.26422981337563006,0.3529471330082277,0.2975430763119784,1,2
7eed9af03814,0.39413649782681265,0.036717685554080476,0.2104191970594319,0.35872661955967483,1,2
7f00e5d4ac58,0.6325890302324819,0.06613489556305316,0.16020920423947346,0.1410668699649914,2,2
7f0a5ea1b11b,0.025459145663452403,0.6373988452991337,0.16247008400819254,0.1746719250292214,1,2
7f4b1a1e987e,0.21678661473431407,0.19890665298670906,0.3355921687965359,0.24871456348244103,2,2
7f5a35344d25,0.07022624569352817,0.21936738809803388,0.3516465709359044,0.3587597952725336,3,3
7f68921f1b58,0.17003350463398725,0.050322669329636895,0.23244025517729874,0.5472035708590771,0,1
7f73780cf1f4,0.774580066373345,0.06032540489389365,0.11538434816618047,0.049710180566580955,0,0
7f7379e733a2,0.6664607883214007,0.037813473230555734,0.21211427712942965,0.08361146131861387,0,3
7f773ab567dc,0.34906925506713793,0.1407612427987899,0.23328646495112998,0.2768830371829421,0,1
7f84d57bc1cc,0.7107192047099825,0.028966395971285534,0.08345684301309814,0.17685755630563385,0,1
7f88c3e4abca,0.2405896832130065,0.2943260994735991,0.2698194459850685,0.19526477132832576,0,4
7f9619af434c,0.045255481209458916,0.414465702668343,0.18923369837050222,0.35104511775169583,0,4
7f9e2766281e,0.014625495983628093,0.7671921566565016,0.10483803532884312,0.11334431203102723,1,2
7fa441d1dd32,0.1327531916225232,0.21777013208434634,0.3969511892968981,0.25252548699623223,0,0
7fac35c9e1f4,0.06949974041843265,0.37451061594225404,0.24122833984325867,0.31476130379605466,3,0
7fba08f9ba1e,0.06672251371437307,0.46498598131646524,0.1918036058646552,0.2764878991045065,1,1
7fc0becb14fa,0.038779354575699684,0.28428697076372195,0.19209584158538895,0.4848378330751895,1,4
7fd0efde20b7,0.01980996846192174,0.4208357671646019,0.16620619964226738,0.39314806473120895,2,3
7ffb3015dacb,0.10233544325206492,0.41433106796462077,0.27170572967494366,0.21162775910837073,1,2
800c22b13e4c,0.1378304812904427,0.10617351214478156,0.34563500940507014,0.4103609971597056,0,4
80195e7d2700,0.2705725030163814,0.23267338714462207,0.35591311190068115,0.1408409979383154,2,4
801ff0c146b7,0.22946976286058732,0.11527637895970459,0.1405837407194988,0.5146701174602093,0,4
8021320a355b,0.3867654116212962,0.2543093599170345,0.16420634691842584,0.19471888154324338,1,1
804119f6c0a6,0.08138159186227208,0.4840091926793516,0.18317105464604538,0.25143816081233095,1,4
80432401db2b,0.6158363290966605,0.17837745428662466,0.07854529893356593,0.12724091768314902,0,4
8052009f6e35,0.12606737590256384,0.38593797101316063,0.207421058450664,0.28057359463361164,1,3
805989876fee,0.18167236883556823,0.11747429140650932,0.5329314917203213,0.16792184803760124,1,0
806161ff1e51,0.2944706879121794,0.1911967661161189,0.2607156084987703,0.2536169374729315,2,4
8072ea43a9ef,0.41312000370997043,0.11722378448844498,0.3214654058861227,0.1481908059154618,1,0
8087e3bc0efe,0.10079005252465605,0.5087904842485832,0.24778105543813012,0.14263840778863046,3,3
8087ef52aff5,0.4877163624163837,0.1156585812221676,0.2917427089956539,0.10488234736579481,2,3
80a0658f585b,0.21916543099726965,0.11457430494470686,0.1433068180992461,0.5229534459587774,3,4
80a38757f6b5,0.8816259856983125,0.015236024858403759,0.07399503274308442,0.02914295670019927,0,4
80a497a15df6,0.39478275820171427,0.28289365724548043,0.1941804076137447,0.12814317693906055,0,4
80a5f2f9ba0c,0.05057135687568466,0.43681023315045975,0.10735895279999727,0.40525945717385814,1,1
80b74df174a9,0.2620681976339455,0.2983366329297555,0.2092236033953856,0.23037156604091352,1,1
80b798963819,0.20411890979592928,0.30591254044586436,0.2488956519601149,0.2410728977980914,1,2
80b943fa8ecf,0.1540764020696067,0.25831184529532425,0.22479797755506753,0.36281377508000157,1,3
80ba72c35938,0.3887524742594948,0.21413743954791115,0.17202869557632994,0.22508139061626403,1,1
80c55ce81802,0.7432901761419642,0.04198891347959331,0.07915320732197745,0.13556770305646507,0,4
80e3f166ad2f,0.3492696933079607,0.20626829866375776,0.25161343487712234,0.1928485731511592,1,2
80ec7581b718,0.3595892962506803,0.1852641945048693,0.3183811282817032,0.13676538096274718,0,0
80f212c4109c,0.13624428198784455,0.19117750236176403,0.40720125514894373,0.2653769605014477,1,0
812fbc20eda8,0.12629513408257162,0.5667459006560155,0.21856119431762638,0.08839777094378648,1,3
81493310c235,0.0760949254557001,0.38722196560561273,0.4058726111377948,0.13081049780089246,3,4
814e0fdfde1e,0.09210797175924586,0.23059287936995668,0.26752276493426586,0.40977638393653165,1,0
815214972656,0.3918945824057428,0.21390956084404683,0.2905576683561312,0.10363818839407905,0,4
815278b6c176,0.07798958355516554,0.6910068435075718,0.1536898137395172,0.07731375919774551,1,4
8160bfb420dc,0.14107779278782367,0.522089109025583,0.2509035019244372,0.08592959626215618,1,1
81651ff35cb8,0.29291754604811077,0.17499614066247446,0.2526857856278014,0.27940052766161333,1,4
816ff8fa8f42,0.08035975212442116,0.3520705681754408,0.4039114294969424,0.16365825020319555,1,0
81711d215ec7,0.02897745536634982,0.48597234558540836,0.2520381896599596,0.23301200938828232,3,4
81718ce513ca,0.10986778949972258,0.38146956555269074,0.26748659860704865,0.2411760463405379,1,1
8176a9253108,0.059760764735423175,0.47598468097314034,0.32232691513026024,0.14192763916117632,2,3
818bda3ca15d,0.36429042235298525,0.06198673410546597,0.191413675740153,0.3823091678013959,0,4
818c3096a5c4,0.37852226729566923,0.19089763772906448,0.31901945816902094,0.11156063680624527,2,0
8195c077997b,0.01894498050345476,0.7379382911341694,0.11407382078427994,0.12904290757809586,1,1
81a3d149dcbf,0.43477895908004105,0.15561811111664428,0.1386810871556663,0.27092184264764824,0,3
81acc5470917,0.084338969726443,0.5037247902340868,0.23068426051556373,0.18125197952390656,2,3
81b0675331b4,0.061656336884997415,0.44919130987287315,0.16250397987142323,0.3266483733707061,0,4
81c1e36bdcff,0.2750315213094211,0.2023964168217896,0.1837689760448374,0.33880308582395186,0,2
81d2c8305d95,0.18471425097356153,0.23207087605029475,0.24864059578130007,0.33457427719484367,2,0
81d4dbd5c6d4,0.09028700376518925,0.2823777681278196,0.2852773228798265,0.3420579052271648,2,2
81e2d490e2dd,0.46519577249666894,0.055692702258123,0.3489377528891947,0.13017377235601343,0,1
81f6b4b343f7,0.05407390836113326,0.5340818033141164,0.2653179558616464,0.14652633246310387,1,4
820fc489e682,0.01824475076858446,0.5714731096249228,0.22533807417021062,0.18494406543628217,2,1
82120a4eebc8,0.03949825575638766,0.5161887475897148,0.39872014774009845,0.04559284891379913,1,4
8221a4155cc0,0.20083183903048324,0.27735216176779787,0.3729329375194015,0.14888306168231746,3,2
8222875f1a91,0.14985275785641902,0.27396751218986093,0.5636916793513818,0.012488050602338242,2,2
822b399fcc86,0.14729202852315962,0.37535824089995795,0.42958885437269645,0.04776087620418598,2,4
823201a39872,0.34999789950354887,0.2178136998662943,0.25784790805109387,0.17434049257906298,1,0
8234b8dc3a41,0.07450798256509082,0.4378141895755195,0.11463177431940513,0.37304605353998466,2,1
8237d25ed806,0.10860881370814401,0.39370342004239167,0.2564301885667657,0.24125757768269865,0,0
8240e63ae3b1,0.13489702158784395,0.14660247442017485,0.34762892621398933,0.37087157777799185,1,0
824374b82868,0.6552119394431242,0.10219564649952863,0.172790089224227,0.06980232483312006,1,0
824aac4d4e6f,0.32453560371704737,0.1160499997298338,0.2276607811242717,0.3317536154288471,0,4
8252bce4e90c,0.15828975650533914,0.38580808970543085,0.35228457648576805,0.10361757730346181,1,3
825e493ca940,0.08221871988179066,0.19884067756095614,0.26416306930254385,0.4547775332547093,1,4
826272b8be99,0.06002520640774868,0.33637308129497856,0.3333651253517127,0.2702365869455601,1,3
8267fb6fc89f,0.09066330716110485,0.2921058803141014,0.3713895067875223,0.24584130573727134,1,0
8276779107e0,0.14487787201875751,0.6506782562866712,0.14366606450450944,0.06077780719006184,1,4
82868316ea05,0.607598468391061,0.09782059021020785,0.16352869649609508,0.13105224490263606,1,2
82bd4db9b87c,0.3388942605788027,0.22863825711536845,0.18141611055298415,0.2510513717528448,0,3
82d0600dbf57,0.16817038101144705,0.3123407248261427,0.39395456357616626,0.12553433058624397,1,1
82ed58c1b0db,0.09986760411478461,0.17780291736747697,0.19572039297877047,0.5266090855389679,0,3
82fde36914bc,0.5613126750694969,0.06071718770969078,0.1741522538306075,0.20381788339020476,1,4
83007940394a,0.09601037468031189,0.6040822900075734,0.22723036314149367,0.07267697217062095,2,4
8303825d6924,0.09015579290961068,0.3583051988619493,0.33185900341432345,0.21968000481411668,1,3
83088a9ca2d2,0.7356387496583917,0.01960074645892488,0.16933086712770626,0.07542963675497696,1,0
830984d74452,0.20405753018978035,0.23516762819463854,0.35686321841352997,0.20391162320205125,1,0
830d41512494,0.07278189407184811,0.6723913265130284,0.21251255069459163,0.04231422872053186,1,3
83127fd75313,0.12842568499524695,0.22439458513702526,0.4235531383690948,0.2236265914986331,1,1
8315467702a2,0.5468694639175584,0.08837525046016023,0.2216518414751464,0.14310344414713497,0,1
8315b4f8b2c8,0.1320172907417469,0.3636044343950677,0.3411322255612347,0.16324604930195086,1,0
831cea12cf2a,0.08326105684881507,0.02000729463684381,0.14097937668924648,0.7557522718250946,2,2
8332bdaddb6e,0.05538792597754427,0.5201036528691968,0.20184056500654896,0.22266785614670997,0,0
834223220998,0.05117670971606187,0.7208630183617932,0.13368072828089192,0.09427954364125295,3,1
8351c991c7c2,0.056598812926504684,0.46495803737791297,0.3927156758494284,0.08572747384615399,0,0
835dd3c81c51,0.017720024748111712,0.6914689480342698,0.12399671826221852,0.1668143089554,2,2
835e83150535,0.8155822995565583,0.030154778358791857,0.0999096107581646,0.05435331132648527,0,2
8362bdc5c7f5,0.5208487235892089,0.15995779364321974,0.22350643256245065,0.09568705020512065,0,0
8367345da05a,0.43984707092583997,0.25356184601259213,0.22717500828020956,0.07941607478135826,0,0
83681c8b7743,0.06282025539154364,0.5177743140427584,0.1467805294537594,0.2726249011119386,1,3
836ca5c35bbe,0.6040516437321443,0.0822887545942472,0.1546438968672122,0.15901570480639635,2,2
837fc1ed550e,0.29830741262902594,0.2907448572994522,0.22819624841245095,0.18275148165907096,1,3
8383c0dba9bb,0.18462213728052343,0.14187474963126012,0.23125260482878285,0.4422505082594336,0,3
83a64f9d121a,0.250951650260544,0.2274297478671915,0.1582257080918901,0.36339289378037437,0,2
83b424ef8bb1,0.35908598690783927,0.07963821183950583,0.20979394278150307,0.3514818584711518,1,4
83b6679566b0,0.022682958000723136,0.4877257384180558,0.22835951379986308,0.2612317897813581,2,2
83f637917a44,0.04568784079889967,0.4651067932058257,0.283354951522266,0.2058504144730086,2,4
841519065bd1,0.3093150827412228,0.26552102434474206,0.2616771336602302,0.16348675925380488,0,0
841dbb381261,0.14271928635262549,0.250142890704492,0.25921366045198235,0.34792416249090014,1,0
841dfb2ad2ee,0.563477547318852,0.07479471776913885,0.18952532304763578,0.17220241186437332,2,0
8420a2430b65,0.02526296403709145,0.6052245067144973,0.1868677772934164,0.1826447519549948,1,1
8423d0d5c0b5,0.28677727343560266,0.05755901345058325,0.2099533940001318,0.44571031911368214,2,4
842eea3e3951,0.04279119976323165,0.269595562006861,0.41244682878276523,0.27516640944714216,1,1
843eebbcc0d2,0.1066874364689358,0.3799254928843709,0.31421113632807923,0.19917593431861413,2,1
84407a15756d,0.054073832915061605,0.13479117141252664,0.4563898631742666,0.35474513249814515,1,3
8447b9e9ad00,0.07968567604110116,0.561888307212233,0.11778097829103866,0.24064503845562704,1,3
8452bd412bba,0.06647056924506446,0.4103297628930896,0.3663130594798563,0.1568866083819896,1,0
84543edc24c2,0.44444790895155456,0.08823524463085114,0.20329241941636783,0.2640244270012266,2,3
8454851c5270,0.20790492410450442,0.16077610983492208,0.360492462239182,0.2708265038213915,2,1
84657bfd51ee,0.587521757802704,0.06850047268375295,0.21311714142090155,0.13086062809264148,0,3
847ae068d771,0.13554938401797284,0.29985430498915283,0.3231334356218851,0.24146287537098926,0,1
84a72fcf010a,0.3898636724634587,0.11773222338627537,0.3241805847867986,0.16822351936346724,0,2
84b117cebcc5,0.04216264183871118,0.5100819849353606,0.1260436683791502,0.32171170484677797,0,2
84b4d7b819cb,0.03511071117339524,0.6851935699517627,0.19733957674232963,0.08235614213251247,1,2
84b9878362e2,0.234240810736299,0.15804437984022238,0.34450210495762057,0.263212704465858,0,1
84cb858a8b18,0.30834650543448344,0.14042354755039574,0.3149520658062978,0.23627788120882307,2,4
84ea93253e6a,0.8090402511819011,0.01814826807258371,0.09735974167286111,0.07545173907265405,0,4
84f48ed1bafd,0.030817783365526305,0.6656550602530891,0.08523273322923983,0.21829442315214476,1,2
8501ffeadc53,0.04521187720267379,0.5399505333688299,0.14855893348829666,0.26627865594019967,1,0
851fda48d245,0.32132379013995965,0.14021327381706078,0.3382727088359573,0.20019022720702234,0,4
852848545a6c,0.13357055402271267,0.09113931810489852,0.5597355337244891,0.21555459414789968,1,2
853df92b47be,0.07286882401193585,0.382054755340027,0.5430800789187731,0.0019963417292640354,2,4
854d97049377,0.09609879075848342,0.36373137841579517,0.23365592215586814,0.3065139086698533,3,4
8557928e510e,0.03444745603762951,0.5942978827394516,0.3279152694965004,0.04333939172641841,1,0
856020133090,0.2841339842519636,0.16705716739679938,0.2399461182773008,0.3088627300739362,2,3
857b9908a0aa,0.4088898169426262,0.17410408118769563,0.22604343242865732,0.19096266944102097,0,3
858725b534d6,0.0617080931933211,0.606860724562311,0.1655231298782306,0.1659080523661373,1,1
858f01b51c3d,0.3668563669594138,0.20002464979200568,0.34301122093877573,0.09010776230980484,1,2
85a651285b8e,0.10661248643581689,0.26771365558868065,0.34474056024489935,0.2809332977306032,3,3
85da175299c4,0.7105749359722601,0.02119279723351778,0.15962495718602696,0.10860730960819515,0,3
85dc058820ab,0.07275805183608892,0.3267513897029987,0.28459757626381366,0.31589298219709877,1,3
85e721c2c2f7,0.0399141496550366,0.29287376738862475,0.38709938967471247,0.2801126932816261,0,2
85f8405ef40a,0.14713535415476242,0.49114390297466104,0.26741173276952274,0.09430901010105387,3,2
860611cd1738,0.0312534208422466,0.6575208544076392,0.2108968777812993,0.10032884696881492,1,0
86092024d731,0.27187601920044285,0.15367182043829583,0.46169779455360016,0.11275436580766122,2,1
8609ebfada9d,0.3392623749296876,0.19114976185882895,0.3331787340658865,0.13640912914559708,1,1
862cdc30fb27,0.4712171050088931,0.16448159558803904,0.17347906609870117,0.1908222333043668,0,0
86323e8815ce,0.07656255660362787,0.29229236333595693,0.3360360722158906,0.2951090078445245,1,0
865cee33719e,0.49857895559730003,0.1765630440566298,0.1959073710831076,0.12895062926296247,0,3
8661a2df18d2,0.0564245554161093,0.2573778680589327,0.2715383684356407,0.41465920808931733,2,2
866879344af1,0.30641406068839494,0.24914612933070615,0.32228878769584673,0.12215102228505224,2,2
8672a27b3291,0.21051944958094326,0.4839129069684456,0.27331600802297445,0.03225163542763661,1,4
8692c37fba6d,0.22086326490383223,0.1588762851991114,0.2821905502107679,0.3380698996862885,1,0
86aaf2215fd4,0.2833666466191702,0.19698879492449065,0.20296123947340478,0.31668331898293445,0,2
86ad90147e40,0.14212454878843436,0.20903546584046145,0.2607239530097501,0.388116032361354,0,0
86b08ada55fa,0.3467233374759558,0.17307615500214432,0.1847672439148991,0.2954332636070009,3,4
86b2cddc9a96,0.4350760207621902,0.08373391917358633,0.30018467802332816,0.18100538204089534,0,1
86d7ce86d31c,0.12447850808137792,0.4144345386248192,0.10818920197613778,0.35289775131766515,1,1
86e209c99853,0.11002475058858589,0.33122275897727244,0.3136956414769829,0.24505684895715873,1,4
86ecdad652bb,0.15677489625797458,0.18860912827275192,0.3441117656044549,0.3105042098648186,2,2
86f0ced73df0,0.30350425465332,0.3525896825338189,0.1293377130395866,0.21456834977327446,0,3
86fbc6625250,0.5574074315687589,0.0991517002109112,0.20536967261546465,0.1380711956048653,0,4
8704605c8d78,0.06537896505334986,0.3513763955119836,0.2953265789632393,0.2879180604714274,1,0
8707f9b371b1,0.4723176076221241,0.281737012681563,0.12627239299616802,0.11967298670014484,1,4
871805a76116,0.10905581434063485,0.5739618141245287,0.14004501079239945,0.176937360742437,1,3
8723fa61b4c9,0.21270073359205696,0.33183404104180353,0.3199968428327979,0.1354683825333417,1,1
87463d16a03c,0.025058047378525634,0.7472270882909848,0.14576593763625623,0.08194892669423326,1,2
8762482fa9b6,0.6501296119266428,0.057420425945475244,0.17738919569422124,0.1150607664336608,0,2
87664803e3cd,0.04381517603060422,0.7005337669787751,0.09888953329900148,0.15676152369161925,1,4
8771126854cb,0.558806385969832,0.04719827405241673,0.18787206562604103,0.20612327435171016,0,0
8797c00011a7,0.18302613314373087,0.2696831894661878,0.215032880096152,0.3322577972939294,1,3
87ad926c7cd5,0.31602292674977284,0.0629021659061217,0.13463549316318513,0.4864394141809203,2,2
87ba5ef70efe,0.08224357842268623,0.5915018156084669,0.21332891635391096,0.11292568961493579,1,1
87d8d1d29655,0.058872515086359004,0.48654422428715205,0.22180527128776523,0.23277798933872365,1,0
87e342354d85,0.514417532536535,0.11003819924548394,0.26947521891240445,0.10606904930557659,0,3
87f4d0c6babd,0.261760032268349,0.22042041567334206,0.3218410992908668,0.1959784527674421,1,4
8805b17f963a,0.09861246341594045,0.33811224897903047,0.1819322976587552,0.3813429899462739,1,2
880760598f51,0.07829891900664546,0.4588664336903299,0.28554186685814453,0.17729278044488,2,1
880ef66733bf,0.12960840561940498,0.4142488733852504,0.30530190873541735,0.1508408122599273,0,4
881057f737e0,0.607760573382194,0.051776545184859614,0.2119344388429242,0.12852844259002225,0,0
881fc5cfb469,0.2122637211221087,0.04336264959124615,0.6770631807185886,0.06731044856805644,3,3
883ec957d088,0.020539219069762932,0.5632773674476829,0.23420756676484947,0.18197584671770478,1,2
884ae726c5fa,0.35401659635743477,0.12492963798302938,0.3399328464455507,0.18112091921398504,0,4
8855be1da6d3,0.7176113885770405,0.050231914400251466,0.14891122090335393,0.08324547611935416,1,4
885dd0b39eb1,0.08512936186725817,0.18378454213042084,0.21210529427662406,0.5189808017256969,1,2
8861d23685ef,0.47272424962514265,0.04414553075064338,0.18134419153249703,0.30178602809171684,2,1
88678531fd19,0.03395506560457904,0.1691885419995326,0.5464304610717421,0.25042593132414626,3,4
88787efdd3d9,0.43565531276601227,0.15317434866243776,0.3660284706138719,0.045141867957678244,0,4
8879adb07db4,0.4409999641766755,0.07465226097227678,0.12361546223958397,0.36073231261146393,0,1
889b5893c83d,0.04373529534129636,0.2969395882505565,0.45081921829227184,0.20850589811587525,1,1
88b7b5dcfd30,0.04711587943098568,0.2826009007204647,0.5775262611166015,0.09275695873194803,1,4
88cb519feae6,0.548401361089575,0.08822317995893465,0.14689084726573473,0.21648461168575567,1,3
88dbdcdb59c6,0.0592827704002777,0.1884887960853254,0.3237422954785468,0.42848613803585006,2,1
88f2e452d4b2,0.3826549642026022,0.21865074328131753,0.19883883930102197,0.19985545321505835,0,2
88ff3858d82c,0.39517184996422805,0.2593130058799226,0.30699175806419754,0.03852338609165173,3,0
890bbfb62803,0.19936963947484898,0.3526756885199162,0.23222407447254417,0.2157305975326907,1,2
89195455e6ff,0.0586833116659329,0.4881667440920015,0.20980257097714805,0.24334737326491754,2,0
891dccc7f408,0.02648767583302425,0.33624670605898793,0.14834326241319185,0.4889223556947959,2,0
8937a100c4b1,0.2147670476231154,0.17853364226940557,0.2296132095108327,0.3770861005966464,1,4
8943d1d85097,0.05367738100494579,0.4438823245908134,0.23033240419333323,0.27210789021090753,1,4
8945d312af6a,0.03793491808486865,0.3395434706746593,0.4078721315072834,0.2146494797331886,1,4
894cf780d724,0.197042682933668,0.11985859983219098,0.3426543692741428,0.3404443479599983,2,1
895c41c283cd,0.5762490639232892,0.10106454914808252,0.2441346892124473,0.07855169771618085,0,3
896ab1acf6f2,0.06879242159233397,0.6590802769664936,0.12323435206669572,0.14889294937447659,1,0
896ea179cbae,0.055148188994169886,0.5196063859495591,0.28531689754748935,0.13992852750878162,1,2
896ff6f04d0e,0.01633171054418415,0.37652701272052846,0.19363410669231773,0.41350717004296955,1,1
8976a065ab10,0.6742068624892507,0.03356956650182701,0.14729684482311323,0.144926726185809,0,2
897ab7243051,0.04672214766683081,0.472841828195481,0.28138633302776644,0.1990496911099216,2,4
89921b036cc3,0.5311454285027458,0.17555126401159415,0.18490730907580968,0.10839599840985051,0,2
89ad8581ccaf,0.1804531411418827,0.10643765091173125,0.3341743020514475,0.3789349058949385,0,0
89b8af016a97,0.1666976783174453,0.31659444342779736,0.26284113929888214,0.25386673895587525,3,4
89c6489e8df7,0.10190490754361974,0.648252975100949,0.21235688725822816,0.03748523009720312,1,0
89cb02de68a7,0.10691691512673838,0.18775639922891232,0.37613419645247526,0.32919248919187405,1,1
89cc008ddabf,0.28040142160389,0.38407819743688143,0.18965716265729438,0.1458632183019343,2,2
89cfe8497e68,0.1560304470579566,0.255080316225212,0.20830469864502305,0.3805845380718083,1,2
89d2589d197c,0.33906034246675076,0.2029973689072712,0.16862474642078962,0.2893175422051885,0,3
8a0139211dd5,0.22947971218482488,0.29209813941874924,0.24973753587123496,0.22868461252519098,2,4
8a0bb2abd955,0.2142237864525005,0.2599501062725284,0.29565947313676494,0.23016663413820607,0,0
8a0e92da8c69,0.020830639890683376,0.7669321876678754,0.1403738689327477,0.07186330350869331,1,3
8a3b38dbc12d,0.040115126289857736,0.42507004357284567,0.15130991794896537,0.38350491218833127,2,4
8a435c339b1e,0.12450913952168616,0.18475990818206336,0.5468201905441131,0.14391076175213743,0,2
8a606a964b1d,0.0166739440831139,0.657120315406332,0.16009489488940076,0.16611084562115322,1,1
8a6b5f89162a,0.16294567548548688,0.19742443241928387,0.3927245986675722,0.24690529342765716,1,3
8a7c3c0d189c,0.5132654259504643,0.14370128486031017,0.19347340569949759,0.14955988348972785,2,3
8aa587a862e8,0.06470646717830354,0.4127986492879547,0.2899534055391709,0.23254147799457092,1,3
8ad88b978f87,0.313484618516264,0.36745025834927697,0.1770407867631348,0.1420243363713242,1,3
8ae458411c33,0.09138250463920809,0.6656471716020561,0.17438201400021378,0.06858830975852202,0,0
8ae943cc3a16,0.08702421256760653,0.40371931649178033,0.2571541913766003,0.252102279564013,1,4
8afc6567147a,0.1872575355399561,0.30174279291644807,0.41149159892229364,0.09950807262130222,2,1
8b059659257d,0.7707383020463233,0.056996591456001895,0.13534536216208595,0.03691974433558895,0,4
8b18f1963aff,0.08918792140364598,0.4352116055149026,0.3539020429735719,0.12169843010787952,1,1
8b1b8b42cbd2,0.197173411705149,0.0914856269142164,0.5906530076302874,0.1206879537503474,0,4
8b41c96e9f63,0.05367507263931316,0.5253887291215976,0.289524483912842,0.13141171432624724,1,1
8b4741c28384,0.48259248304137137,0.20562874687869448,0.157530658697999,0.15424811138193498,1,0
8b52cf335c4d,0.528761085682438,0.038069677618860646,0.3211583550556808,0.11201088164302068,2,1
8b5efcadabf9,0.3278293118397574,0.3008106877039975,0.1371086754300632,0.23425132502618204,2,0
8b5f06c0671d,0.06269413931796837,0.5761797562295357,0.24181286593758303,0.11931323851491286,1,3
8b7d91225bc5,0.2952953631202378,0.14952159645129387,0.30395942759608385,0.2512236128323844,1,0
8b7e0c35fd8f,0.30403401145271136,0.17612825004123978,0.1712180223840712,0.34861971612197773,0,4
8b86c273f095,0.10340822673192904,0.3351128616642182,0.26599450025991045,0.2954844113439424,1,4
8b8d05db440e,0.7190100713889552,0.06288629044160085,0.14990936625382592,0.0681942719156181,0,2
8bd4738d4f00,0.25346523257849457,0.20490646296923584,0.2921996615871105,0.24942864286515917,0,3
8bd62094ea13,0.1503091846820587,0.40015302748984155,0.3342690590140476,0.11526872881405212,2,2
8c15768ece37,0.4059540601791973,0.10152047614640057,0.24901675476954507,0.24350870890485718,1,4
8c1872520275,0.012998633245318011,0.22958688427611798,0.42405225892215453,0.3333622235564095,2,4
8c19695fed29,0.10614681940444252,0.3561266220470641,0.18781049487024262,0.3499160636782507,3,0
8c1c165022b6,0.36701112600082375,0.16568925948400354,0.22218666312836258,0.24511295138681005,0,4
8c1f2172bcf0,0.10876685386142423,0.417007052669524,0.33274980162692164,0.14147629184213004,1,4
8c272c45e4bf,0.06178115883035419,0.55595228336134,0.20652072727330983,0.17574583053499604,1,0
8c382f780705,0.4448813782183291,0.09978777937386846,0.34202900437498285,0.11330183803281958,0,0
8c46388eee54,0.005170692589734571,0.17082057480578844,0.14555862926535623,0.6784501033391208,3,0
8c5533597dc0,0.4457290972776141,0.12916002439611324,0.16249727709172834,0.2626136012345443,2,0
8c81896e7e55,0.03726474120481865,0.6122781839815047,0.18508032743598957,0.1653767473776872,1,4
8c93b1d9363b,0.35598906369611966,0.15014287847142896,0.30279338844940284,0.1910746693830485,0,4
8c94a7329137,0.034426826127457365,0.43771389642661884,0.4868652531670775,0.04099402427884622,1,3
8c9bb70fac25,0.048022563366976224,0.681932875516134,0.13500555994748964,0.1350390011694003,1,3
8cc1d57b3142,0.5217040491201096,0.0850570223348021,0.16289319065612265,0.23034573788896576,0,1
8ce7315d04b1,0.1787384922894475,0.4579036845868119,0.23352013993729906,0.12983768318644157,3,0
8ceba80333df,0.19483115105629098,0.2579354205286889,0.19287629423064864,0.35435713418437154,1,3
8cec64c8a30a,0.08110927722948909,0.46535715414593487,0.19670205757334863,0.2568315110512274,0,1
8cef368b3a7d,0.16428565803703996,0.1897932749699867,0.34143078740582217,0.3044902795871512,0,3
8cf2f88c1831,0.42884910630602946,0.2246218301776897,0.15974794642081955,0.18678111709546125,0,4
8cf5886a6526,0.6455852727617667,0.029437099775836632,0.13389226345157892,0.19108536401081785,0,3
8cf883e963b2,0.4050468989124748,0.11024217293514094,0.20172992677998677,0.28298100137239746,0,3
8cfd81b6304b,0.0975097895326472,0.144813199656573,0.38547119611178243,0.3722058146989974,1,1
8d04e38ff3cc,0.339187426606005,0.2064662005303232,0.3985272199841745,0.05581915287949719,2,0
8d05f7a01571,0.22290046221232082,0.4733716069574636,0.24979547097222182,0.05393245985799387,1,0
8d107e939496,0.04593179907287705,0.6479816674482141,0.21071617011288657,0.09537036336602212,1,2
8d119ef46916,0.07628272984061317,0.35841752756790796,0.29716131168980053,0.2681384309016783,1,4
8d1bb5055032,0.08587444610652195,0.20399794882885108,0.2858978030847803,0.4242298019798466,0,4
8d1e97279e94,0.055320012323373094,0.20392452456815152,0.26806091014174144,0.472694552966734,2,4
8d266ade4183,0.4599842794008828,0.11339460334930918,0.20681176104894405,0.2198093562008639,3,0
8d2c21678869,0.18560837737783503,0.30180853441089883,0.29681782767802095,0.2157652605332452,1,1
8d3cf4f69a12,0.5889719494279664,0.0650210008226233,0.10371568846198848,0.24229136128742196,0,1
8d4380e847cd,0.13244971785297846,0.13546219613611812,0.17564503201740903,0.5564430539934945,2,2
8d4af13cfe6e,0.15010960724631756,0.3605467038371079,0.4037613062164691,0.08558238270010539,1,2
8d603dc4f0fc,0.10929397957709136,0.40864661711979405,0.27589860974734337,0.20616079355577124,1,4
8d6424e7fe13,0.588242658651483,0.07532805371040369,0.1713768740536558,0.16505241358445763,1,1
8d98b1ffe5cc,0.23709504080444196,0.1540997012966709,0.1738097638014056,0.43499549409748167,1,1
8db3c6dd3bc8,0.1338573611839084,0.44165675787570574,0.32573949233829935,0.09874638860208648,1,2
8dd03d75fbbc,0.10207509858189781,0.4994635993729038,0.3183379057419271,0.0801233963032713,2,2
8dd2336dc141,0.4610186215406709,0.1107840217924516,0.21027025945216893,0.2179270972147086,1,2
8dd9d392745c,0.03188641475193,0.5952246516576324,0.20896563828681278,0.16392329530362498,1,0
8de0328fef41,0.11019415140130263,0.3810102517624328,0.2662543994263922,0.24254119740987246,1,0
8dec4313cf31,0.052198595592587466,0.19625712072999543,0.11125475813940129,0.6402895255380159,3,3
8e0e8fb16772,0.6010989841580233,0.18881406701399228,0.15422926363909284,0.05585768518889149,2,0
8e207d306f5a,0.029446149161973825,0.6889539747318707,0.2052708283742712,0.07632904773188431,1,0
8e3028ee83b7,0.27082859236384094,0.23596285968585506,0.3604874293486132,0.1327211186016907,2,3
8e303eb56993,0.14651790594262026,0.4306897792548044,0.1903567631100647,0.23243555169251054,1,0
8e589a80dc42,0.04697787769946168,0.34290708042303675,0.35664651399623926,0.25346852788126223,2,1
8e592ea3b990,0.056372761358181,0.28759205579072683,0.30015320920036626,0.355881973650726,1,4
8e66608fcb8b,0.47508081912819417,0.10151331277676132,0.3785733000187607,0.04483256807628365,1,2
8e696c58fe5a,0.7172654353761542,0.04585674796419762,0.11486977051047995,0.12200804614916827,0,1
8e6f3fef011b,0.06879310361343878,0.4900907881162797,0.16267561259776334,0.27844049567251816,2,2
8e844d4f4027,0.40706819669069844,0.24111331875035572,0.29065914067962745,0.061159343879318456,0,1
8e88d7565396,0.05256704946239819,0.46146583655507334,0.2968795433204472,0.1890875706620813,1,1
8ea4a61f36d5,0.04293270213008294,0.506458201519704,0.17287164526530308,0.27773745108491,1,3
8eac27104552,0.39999586879056376,0.07095278940344923,0.2782100593388488,0.2508412824671382,1,2
8eb7415fd75d,0.6248764993450966,0.0832040325015355,0.13931198719476917,0.1526074809585986,0,1
8ebfb520f2cc,0.26369770820131816,0.2622503178734971,0.3537151810423766,0.12033679288280796,1,3
8f08039e8b7f,0.012064358150284301,0.4361543239692409,0.1639534811854312,0.38782783669504356,1,3
8f0cd3800684,0.21244237356474677,0.11175522802656204,0.6351290726021804,0.040673325806510806,1,0
8f1242af7d14,0.08694069632077715,0.363674254604176,0.24544305454152385,0.30394199453352294,2,3
8f22d79a5ba0,0.13187051946998488,0.28403043015860563,0.14183688037470998,0.4422621699966996,1,3
8f25ccd15213,0.12999958333082895,0.38690706482812576,0.2683348649274042,0.21475848691364102,1,4
8f3131f02439,0.6576555340974394,0.0670866439689027,0.17450064792336992,0.10075717401028808,0,4
8f3a2c63b390,0.2988417512828153,0.22220108550523818,0.2267716589729734,0.2521855042389731,1,1
8f3f2c566e2e,0.0881958604809881,0.3644765110917779,0.4176960441297802,0.12963158429745364,1,0
8f40087975d6,0.04635071197487834,0.37885303141786336,0.12996818784923098,0.4448280687580274,1,1
8f43952cb2e4,0.4880601045827954,0.08524699771765239,0.23321859412674645,0.19347430357280576,1,4
8f460f57d325,0.13346103209894844,0.6703291066404701,0.17014592397398187,0.026063937286599476,1,2
8f59e4041fb3,0.5515003670194328,0.0446607478097183,0.16200035753141812,0.24183852763943076,2,2
8f668881cb15,0.15349169536294774,0.3379640240892365,0.13401627886097014,0.3745280016868457,1,0
8f67031d69a9,0.5597743773069094,0.07796292306735546,0.17021668080825236,0.19204601881748284,3,4
8f67f991ed01,0.3338832856982012,0.24532047013576733,0.33723378838646473,0.08356245577956674,2,1
8f8c93da549d,0.018157859028007463,0.311943852329438,0.2594213136962746,0.41047697494628005,1,0
8f969a767c03,0.0552767186966902,0.553053881303858,0.34394767850417435,0.047721721495277265,1,4
8f9900d6dd98,0.7538744924360878,0.025206190246737138,0.16709251214921528,0.05382680516795976,0,1
8f9f2fcd1101,0.0533923259874818,0.6333652208621948,0.1472927432987899,0.1659497098515334,1,3
8fa13c443211,0.12594381490515297,0.3753121464385131,0.3182195762890856,0.18052446236724828,1,0
8fc0ab15fbba,0.19028469177418203,0.3862805379523957,0.32095710089912005,0.10247766937430225,0,4
8fc46a1ef7d6,0.08594137010485617,0.18879107273068207,0.5975432399434791,0.12772431722098268,0,0
8fcb4fdefa9b,0.30537662989628955,0.3432736179207791,0.26921118506131136,0.08213856712162011,1,0
8fd26a99fddf,0.03146635381515001,0.23674454597854963,0.37086475651314665,0.3609243436931536,2,0
8fd6cbf80a60,0.13325868731837373,0.2954251665565576,0.3311164273259121,0.24019971879915653,3,4
8fde67c815d9,0.4235908964399599,0.1891319900839763,0.15939377097621077,0.22788334249985318,1,3
8fe8e5f3d9f2,0.08097209856266176,0.587460498869037,0.2156508687053004,0.11591653386300103,1,1
8fece7358b68,0.6527451976211385,0.04880022131776909,0.17293220135755769,0.1255223797035349,0,1
900f971c9d9d,0.08444287524975233,0.47344414076956076,0.3376008238848529,0.10451216009583392,2,1
901033aaf100,0.014299530905023398,0.47218202768847733,0.28510658821807167,0.22841185318842747,1,2
9010d82f158b,0.09870938305851819,0.46937344797538466,0.11938135061407953,0.3125358183520177,2,1
90128165c011,0.057852470722581296,0.18735579133564106,0.23399977748063977,0.520791960461138,2,4
9027e97cec00,0.3697648673606245,0.07356986660225756,0.41027573670966344,0.14638952932745447,1,1
9032f7dfa5b7,0.04607712314779928,0.6893156351801422,0.2057776754685448,0.058829566203513796,1,3
9039045a41db,0.6650635482592016,0.03150386593092663,0.14746267087396564,0.15596991493590628,0,1
9039323ef12d,0.5554896872970476,0.08945488725669225,0.25024590146058295,0.10480952398567718,3,1
904b2fc4d66c,0.24389810361036612,0.18638937284081883,0.29150233140002285,0.2782101921487921,2,2
90563a9f1f5c,0.5414510483025803,0.2269572260761771,0.13933333738630913,0.09225838823493357,1,1
906b1c0633c1,0.6087810992888691,0.05826852346156466,0.15098997162283173,0.18196040562673446,0,1
90857afa360f,0.2505532603580357,0.19746131547079865,0.2503657758482077,0.3016196483229579,3,1
9092b76fd394,0.043472249603142124,0.3640170264573778,0.4209658874273065,0.17154483651217362,1,4
9099a377b0ba,0.06991477122771093,0.5711330718622692,0.18929148367247067,0.16966067323754913,0,1
909b093ebd7b,0.02660480101956968,0.7002388204954266,0.08612010985109345,0.18703626863391026,1,3
90bbbbe42dcf,0.19884591725938877,0.1509117321667832,0.2831027445852178,0.3671396059886102,0,2
90d2406651aa,0.014611669593539201,0.5925833157015145,0.2901927622928857,0.10261225241206058,2,4
90ebb1c07f60,0.6578287580667818,0.05427897695196317,0.23225268246851513,0.05563958251274003,0,3
90f926079a8b,0.4693251983534449,0.034984859056250865,0.19185729124675036,0.3038326513435539,0,1
910fd590ada8,0.23953151493297128,0.1275604290357105,0.19437671841042592,0.4385313376208923,1,4
9113eb5c46c2,0.07632185557799401,0.15892422145676594,0.346642420070793,0.41811150289444693,1,1
9115e6b5aef1,0.7506459381906531,0.0270251043705746,0.07385978564882956,0.1484691717899427,0,1
911de1f9cbc8,0.02872577164427373,0.22932644509274872,0.19634347962090512,0.5456043036420725,1,4
912c5491499a,0.011558019066891094,0.6116839742876957,0.1185028522948544,0.25825515435055874,1,3
912f0bf73b2c,0.201539099794851,0.5336848436932792,0.1888802281325559,0.07589582837931408,1,2
913182869146,0.07259211314095286,0.32766252912729155,0.3063746653371094,0.29337069239464625,1,1
914fd6a59eb7,0.029052133381870585,0.6000856187567513,0.18350380471965527,0.18735844314172284,1,0
9168248b2ad7,0.13200461400570224,0.4921710354550127,0.15489523872472627,0.2209291118145587,1,4
916911dbc503,0.04543878756598102,0.3386045411383541,0.14270291681538785,0.47325375448027696,1,0
9185f141a3c9,0.14151706045851997,0.09575582285080157,0.49292203198757795,0.2698050847031005,1,1
919d121c32c5,0.08536826294691102,0.4144222154625133,0.2970126130921252,0.20319690849845057,1,4
91a2860aecda,0.35435862092443793,0.11772713919920084,0.44889277843304687,0.07902146144331437,1,1
91a5b9eda347,0.30923842625770254,0.18977906205557052,0.2566303244849287,0.24435218720179822,1,3
91bd57a2c56d,0.1226749676074192,0.38711645174462467,0.2836370608122532,0.20657151983570293,2,3
91ced42c375c,0.08231790787931126,0.13274646755935135,0.12934203547942927,0.655593589081908,3,4
91dcfcaf5ee0,0.025917008240136992,0.8160854728850749,0.1440817734079714,0.013915745466816638,1,1
91e00c3ee94b,0.16284697774775694,0.42139811767568813,0.34703681288447763,0.06871809169207724,1,0
920248f0e483,0.06976663073237728,0.14962180076793394,0.1490983705604592,0.6315131979392296,1,2
9225830ff6e8,0.4209743125525826,0.0962581213674211,0.11920245815458366,0.3635651079254127,1,1
922ecebef0a6,0.4315926809409461,0.08434206011346171,0.1812426149473754,0.3028226439982168,2,0
924f402e5f21,0.26433242819273467,0.20379254033672456,0.35496520931135794,0.17690982215918286,2,4
926375b034e2,0.42226847579134164,0.10437364027187891,0.25355307897992396,0.2198048049568556,2,4
9273fc8c7085,0.38004863054617244,0.2360423921818207,0.3021775147395727,0.0817314625324341,1,4
9276f2d48294,0.10928633607273205,0.18570162980447613,0.34173072358283424,0.3632813105399575,0,0
9283b3ca7c42,0.3056587478357015,0.3198361533475877,0.28815368789081247,0.08635141092589828,1,0
928e54bf8b2c,0.09113159693651991,0.32519706662760073,0.21495877188707846,0.3687125645488009,3,2
9291a5debee0,0.04671240467000473,0.4248782082264298,0.3462917267766796,0.18211766032688592,0,0
9298dad2b9d5,0.07365312337799465,0.575495762408608,0.16278146592155132,0.1880696482918461,1,1
92a134ec6693,0.4748124472499229,0.16214694907529045,0.30016351320492846,0.06287709046985816,0,0
92a2802a224d,0.23914208201124487,0.37525083941238846,0.3460336133190073,0.03957346525735946,2,2
92aacc2910ce,0.5087671892394633,0.15829042484549602,0.24260109665011698,0.09034128926492366,0,0
92aae4899047,0.554261188234313,0.12387436322802886,0.2533969522086546,0.06846749632900347,0,1
92db40d7a773,0.4138201477385299,0.053728863085326206,0.24593153954338434,0.28651944963275966,0,2
92e2158a09b7,0.17432828412441614,0.39929736533768034,0.17007212557680532,0.2563022249610981,1,4
930457b2b7fc,0.03824697844360701,0.5402169992567407,0.2513007446477589,0.1702352776518933,3,1
93137dfd6a8b,0.04774134418716964,0.3340144061332781,0.37232046953530684,0.24592378014424537,1,4
9315df5edab8,0.2683599412503971,0.3956878424648061,0.16351335923055035,0.17243885705424655,0,4
932c6343566e,0.7711814358620565,0.024463748090640423,0.10044637137459402,0.10390844467270906,0,3
9330e8848d54,0.10355144775428735,0.23820465292135826,0.496524617885321,0.16171928143903344,1,3
9345d903a235,0.19970441759446625,0.5103566691542454,0.1388536844589148,0.15108522879237363,1,2
9348d63bc024,0.4979834328359135,0.1872614274440773,0.17348811500802605,0.14126702471198313,0,3
936046fa7b66,0.13316643740004058,0.245842002480713,0.2771574007388793,0.3438341593803671,0,4
936679c7b27c,0.029061459529936072,0.1515154707360125,0.3388997474179085,0.480523322316143,2,1
936867da7b98,0.28285326550039513,0.29847444771818665,0.14015750020589512,0.27851478657552303,1,3
9376fced310c,0.6487668221440207,0.03320421167377182,0.10219122802263018,0.21583773815957732,1,3
93882c2250e5,0.32191975823232755,0.1575305101052862,0.26182764182076773,0.25872208984161843,1,4
93915d2e405c,0.1356147469711259,0.30932765093308606,0.3376591760027995,0.2173984260929885,0,0
9392e6a8e272,0.26240838076076717,0.2839233849268434,0.1505167428331328,0.30315149147925663,2,4
93b2c01193e9,0.1092880461581,0.3987464999935811,0.2491958021079476,0.2427696517403714,0,2
93c6a74d9ef2,0.20894517432609552,0.32869815455645324,0.26722203279787926,0.1951346383195719,1,2
93c9ce299102,0.1694603913041328,0.3260313321107563,0.28059259978366524,0.2239156768014456,2,1
93e8a7d28f91,0.6300625654544108,0.020815800522364772,0.10375939768479732,0.24536223633842716,0,2
93eaff86bff6,0.6938720997573216,0.029655006403843585,0.12373440033251323,0.15273849350632152,0,2
940927eb98cc,0.36409873929734765,0.09852434355927042,0.2483252352075628,0.28905168193581915,0,1
9424c80e0448,0.40558735853938044,0.22405385925476934,0.27834293399824916,0.09201584820760103,2,1
943486bb3aac,0.11012152480973612,0.38107677161219133,0.4114856429869469,0.0973160605911258,1,3
943d27c0247b,0.2585857950589739,0.2297802335017857,0.18205879504642836,0.32957517639281214,1,3
943eaf84ee7e,0.09075801751658373,0.27259138057201565,0.20266292988372103,0.43398767202767974,3,3
944341248373,0.28598980345846786,0.2770567777481069,0.21417847317930547,0.2227749456141198,1,3
945d11f79ea4,0.10351035621654267,0.32229505678229586,0.27132870462739384,0.30286588237376766,1,4
94708a574bf1,0.07705685956419782,0.5597150387765369,0.24134737508944512,0.12188072656982005,2,3
947af0140d33,0.19917675524431186,0.1545295625149529,0.22277199133756018,0.423521690903175,1,4
947bec537575,0.04848002333958229,0.4359219382285163,0.23680346150785703,0.27879457692404436,1,4
948a3520b1f3,0.3493361326682469,0.24129663369073348,0.29888474448327684,0.11048248915774272,0,2
948b59d6a856,0.04681638336570588,0.1181942265879405,0.48834424628093154,0.34664514376542227,1,1
948cbaad29d8,0.09730988864596855,0.19380227866902888,0.3450125776317473,0.36387525505325524,1,2
94a3a166d2e6,0.2853968126910864,0.2039458220809972,0.29548321135131006,0.21517415387660635,2,2
94a65a60dd0f,0.30273962101490043,0.3328246607349775,0.21628818943333128,0.14814752881679075,0,2
94df074651a2,0.47300239260593946,0.0558974294623618,0.28396396669851115,0.18713621123318747,2,2
94e318e3c980,0.04711706969974366,0.4161224393447147,0.31314904859193604,0.22361144236360556,1,3
94eda787df5b,0.0932385329530723,0.5561666656691842,0.25193636789108853,0.09865843348665515,1,1
9506596cb1ab,0.40175104586140475,0.1850357754999062,0.1700250921659307,0.2431880864727583,0,3
951400899440,0.052391418275172734,0.3983681995198294,0.3770570133239311,0.17218336888106672,1,3
951b8755c772,0.05682303805132302,0.8038738164198408,0.10193353187549632,0.037369613653339934,1,4
952077ae882b,0.7353826221986303,0.0389472136428635,0.0821249836592368,0.1435451804992693,0,2
9526218fe33d,0.0330014390039565,0.43922835113611053,0.31697513758426427,0.21079507227566863,1,0
952f04d9cfcc,0.16794793192503732,0.39693296538558925,0.1581994029133499,0.27691969977602354,1,1
9533d6931fc7,0.22032048852597058,0.38663205582888305,0.22688718043021142,0.16616027521493495,1,2
953e5e477eaa,0.050332460549406224,0.4351219929653687,0.4028735909877868,0.11167195549743818,0,4
954f8acb98dd,0.5138247440277289,0.030170073384035014,0.27002650259744265,0.18597867999079346,0,1
9554527fd4a5,0.06989963285540798,0.15115667782783232,0.564798103240977,0.21414558607578285,1,0
95566106ef97,0.19107547730737107,0.3269765706329174,0.41246952942292875,0.06947842263678276,1,4
955c9a911fd0,0.20341475182164792,0.32445609853624474,0.1624400701902288,0.30968907945187857,3,0
955e9f43b034,0.01752868553868225,0.7157042140742964,0.1355461944470964,0.13122090593992494,0,0
956d5ff78f91,0.0889216436251411,0.30270732358947555,0.2973841204919757,0.3109869122934076,1,3
95728086046a,0.28370556927765034,0.0808778242780164,0.34909320244453024,0.28632340399980294,1,4
9575884bee6b,0.10698933244118038,0.5443719916932879,0.15187679463448145,0.1967618812310503,3,0
95843bf24ddf,0.43955522476252273,0.023617077090669857,0.14031819257214181,0.3965095055746656,1,1
95857167b435,0.13390064594311046,0.4403831057227623,0.2437641569530141,0.18195209138111304,1,2
95940c3f283a,0.38921446678116917,0.2286611115264986,0.21470640311796832,0.1674180185743639,0,2
959d3d0d8199,0.09193398557625096,0.5394971930012445,0.1510435506700954,0.21752527075240916,1,4
95ad3f9aa671,0.18508104302664977,0.15093643531508127,0.4271128755121423,0.2368696461461266,1,4
95bdaffbc7a2,0.05971604720370226,0.6578744427968676,0.18555212110479924,0.09685738889463091,2,4
95c2b109d0d4,0.15863415290642863,0.3358029844627595,0.29006584427249893,0.21549701835831292,2,3
95c3cd8b0bba,0.23555390914390617,0.26858118415991916,0.21160742569317664,0.2842574810029981,0,1
95da43e095d3,0.37549682248258576,0.12172378545716056,0.3667015311635294,0.13607786089672436,1,1
95dba116ccd2,0.38937838123031226,0.18624720450749666,0.23941642194828391,0.18495799231390725,2,3
95eb56f807cf,0.43843182171942263,0.061072123357191616,0.12587892491485814,0.37461713000852753,0,3
95fcf5433b40,0.32888597930876246,0.26609964376678436,0.2971896819776439,0.10782469494680935,1,0
95fd7cfafd10,0.07373354739965465,0.4580964316828272,0.3578573906461168,0.11031263027140131,2,0
96067887a106,0.3509038289983905,0.08935566588735977,0.265245391804559,0.2944951133096908,0,3
960d37415757,0.36838620824527224,0.11504959729458783,0.441573252762365,0.0749909416977749,1,3
961761c43308,0.02458472304579107,0.21555130267977338,0.3780627118146084,0.38180126245982715,1,3
9618c3ca410e,0.11220248038927069,0.23867282452181113,0.33413535076596773,0.3149893443229504,1,0
9624ffcd114a,0.09065531054290031,0.32606194635000313,0.20776437811876036,0.37551836498833624,1,1
962b514336b7,0.06543457166917131,0.6889506068660355,0.17536435880689727,0.07025046265789582,1,3
9639e228b628,0.051522099027958,0.31872965025657146,0.5182586238847164,0.11148962683075414,1,2
96427109f6d1,0.09298669356099358,0.18416333653129013,0.3651282497006595,0.35772172020705684,2,2
96448f229e67,0.10128192387399895,0.2489221101241748,0.3721291583722295,0.2776668076295968,2,1
96533d9801a9,0.26935704653790293,0.3453933473891189,0.24306378461165298,0.14218582146132502,0,3
965aa8281388,0.03267315653586214,0.4103630872672084,0.4701213436148048,0.0868424125821248,1,2
966247fbd8dc,0.2356032780197698,0.2313162323106927,0.31184637352539557,0.221234116144142,0,0
966b3f33b181,0.016677781128627788,0.5078558848545182,0.32913895498584944,0.14632737903100473,1,1
966cf034dd4c,0.10452953097621014,0.3255887741501962,0.2709505445779573,0.2989311502956363,1,0
9672beea2200,0.24367342964528732,0.16186983406086916,0.42925946987921715,0.16519726641462637,1,2
9680b6bc8e55,0.0569308748145131,0.13409652126026805,0.45344510491881246,0.3555274990064064,2,4
96847884be69,0.13637414272446377,0.2988091916340911,0.4451692640398873,0.11964740160155768,2,2
96991f19b1f9,0.6117869190531078,0.046972113636276354,0.28693621150985477,0.054304755800761044,0,2
96b52adeeca5,0.021003169133409036,0.40770074915323107,0.16184817747628108,0.4094479042370788,3,0
96d1f9ad6e80,0.031046256483794984,0.3389773226228464,0.2334604118860319,0.3965160090073267,1,1
96d6988dafa4,0.8111733403605302,0.040388487572258096,0.07899504303614953,0.06944312903106227,1,2
96d9d0f47cbd,0.2413075050072738,0.2922914299085674,0.18928920242532374,0.27711186265883503,0,0
96dfa1261098,0.3713763178221975,0.07281841864530317,0.1877571846828019,0.3680480788496974,0,4
96e0daba7ca8,0.07178636393976935,0.3191108291475559,0.3780408869730848,0.23106191993958988,1,2
96fa47f2b83f,0.5605589401318408,0.03444030103751245,0.19794013052211706,0.2070606283085297,0,1
97020cda085f,0.11814349512596173,0.34364954832083555,0.29451844661448956,0.24368850993871305,0,3
9704fd5364eb,0.5127047055101779,0.05068746070188094,0.1433093701544171,0.2932984636335241,0,4
970c96c9fa5d,0.05594803508586761,0.6641816762899719,0.1872157561526192,0.09265453247154119,1,1
970e477a229f,0.8261928031971312,0.01387769539673741,0.061325728078990435,0.09860377332714099,0,3
973c7216c8d4,0.5900763407948563,0.043938428071312215,0.1527056497713905,0.21327958136244093,0,3
97674ac9caab,0.06571849867898867,0.41833458778886184,0.2702067149982531,0.24574019853389636,1,4
97692c000b63,0.008122160917451875,0.7950621371487664,0.15472333132491475,0.04209237060886696,1,4
9776469ed2a5,0.8708605320432273,0.010108308794578165,0.07048572363357297,0.0485454355286214,0,4
977af8f945cf,0.38485926528758396,0.09976460507849182,0.28558943228757794,0.22978669734634632,0,3
9785b5d2ce37,0.5308666097067753,0.10100384492174948,0.2260216429122545,0.14210790245922064,1,3
9788d6db5ccf,0.3878203892137575,0.18850639495995675,0.3403168154552604,0.08335640037102537,0,0
9793d59830f1,0.611970936378241,0.06258905961573964,0.196830781740114,0.1286092222659055,2,1
979f302a2fef,0.26179294530321373,0.33784108330486906,0.21122149212601857,0.18914447926589878,1,4
97a4dc6f1f5f,0.08807135959728567,0.18379825870956415,0.45596610967585766,0.27216427201729254,2,4
97ef8dddd102,0.009409977270294691,0.09600127190064854,0.24640004435973983,0.6481887064693169,2,2
98023f79d14d,0.051579350409260816,0.6172987444810603,0.1825644743991968,0.14855743071048208,1,1
980351f05de0,0.6646461223358675,0.04711648475411804,0.1887618548366482,0.09947553807336625,1,1
980a690320eb,0.12336339318447477,0.39037458754742255,0.1750302550128516,0.311231764255251,1,1
98177d6d0db0,0.05795510345047743,0.5096654256701222,0.20686392450888014,0.22551554637052024,1,1
9817859ffa87,0.22366270466258675,0.47045114551897077,0.22416796670107259,0.08171818311736982,3,2
982b445c0d1b,0.07115242617185086,0.3952411595789298,0.38395730027903524,0.14964911397018413,1,0
983579cf7e1a,0.060719646824287994,0.3249499124211808,0.2094834242243367,0.40484701653019445,1,4
983673fbc3e3,0.10342833721716782,0.4207605908420789,0.25955456157618695,0.2162565103645663,1,1
9842ee31aee8,0.04433849536928688,0.6597556523877763,0.17458881789263314,0.12131703435030365,1,0
9847df53f2f7,0.7846751844639213,0.03989630979768868,0.11917600068708546,0.05625250505130461,0,4
984ce6dfbc51,0.07073789216930039,0.12000101898834245,0.25186766660316345,0.5573934222391936,3,1
9855cbfdcb71,0.2576208064640432,0.13693432356702048,0.4098825489654481,0.19556232100348825,0,2
985b26811cf7,0.09682750590791113,0.5551276517400425,0.12471941545993921,0.22332542689210705,1,0
9862e4094231,0.027960709944337084,0.1747731804704119,0.17044546276116224,0.6268206468240888,0,4
98696039f5a0,0.3098180423955182,0.11302521304077565,0.3794672475199033,0.19768949704380287,2,1
9872417abeed,0.744996675213265,0.05237083158660065,0.1201864010711044,0.08244609212902981,2,4
9878f8b090bd,0.42375746742735027,0.09305166318068252,0.20405397270903827,0.2791368966829289,0,2
98868469e23c,0.20153302088041147,0.17618797319636664,0.3574962622178795,0.2647827437053423,1,1
98a3f60e39a1,0.48895630363596465,0.16470604202809994,0.23505642718676006,0.11128122714917545,0,4
98bbbab1a415,0.32709066441903406,0.28969880209064003,0.10249961554937918,0.28071091794094677,1,3
98c6965e9185,0.07603988611652454,0.46178137944962294,0.20533484350133202,0.2568438909325204,1,2
98ca208a6e43,0.015057660734969206,0.4933880414339581,0.29824267450452024,0.19331162332655252,2,2
98cd48a41756,0.04638770456795671,0.5521638082412956,0.30415242202846826,0.09729606516227933,2,1
98cd793644aa,0.2937483919458753,0.327967213983092,0.3141298915698227,0.06415450250121006,1,0
98d13a3c4060,0.17023973463839573,0.2673609239065871,0.22526440125234576,0.33713494020267143,1,1
98d246dec8db,0.5942949737299568,0.05561222827673567,0.17914898284894265,0.17094381514436488,2,3
98e5ea7a176d,0.05416298306284791,0.12724543265790264,0.36889748163084923,0.44969410264840026,2,0
98e86888141f,0.1728740349768822,0.38563027578791,0.23655368522688341,0.2049420040083245,1,3
98f14a54fa31,0.03603865884866851,0.20748555913429556,0.294701427986981,0.461774354030055,1,1
98f702bb9649,0.09614890039649444,0.5069529684752171,0.17768667387338358,0.21921145725490487,1,3
990642807f68,0.6288430345941901,0.11533483787698386,0.20199242206764736,0.0538297054611787,0,1
990da56b9183,0.22832460731111495,0.2884791321950573,0.3021991973932073,0.18099706310062055,1,2
990fc38a16ae,0.10737680018875535,0.293716001079938,0.20480470326566302,0.3941024954656436,1,4
9911a3ab56c2,0.7056202123729687,0.04305509004736241,0.17706163392975502,0.07426306364991384,0,3
9915d9038245,0.27019469902413396,0.2079861631185893,0.25104477729063973,0.27077436056663695,1,1
991c7282e91c,0.27992303699616594,0.25060651752534485,0.17349450750736917,0.2959759379711201,1,2
991e39f747a1,0.8048127237821833,0.005300699516602276,0.06345086807030513,0.12643570863090933,0,1
9927fbe86982,0.14498728401934421,0.0984979029356057,0.21380331417744872,0.5427114988676013,0,4
9945a45c802e,0.10115966263804814,0.14112656405988924,0.21144386405717464,0.5462699092448879,3,0
994885f06db4,0.19357317620553077,0.3267780788254517,0.3196558263606557,0.15999291860836184,1,1
99499db74741,0.24641971637905194,0.25540557588404517,0.2966069023215811,0.20156780541532174,1,0
995b90d044b3,0.044447039168919164,0.6523388521318916,0.20487436388964825,0.09833974480954101,1,3
99606cd849bc,0.4470673733768084,0.19829748006648956,0.26225303489632545,0.09238211166037662,2,1
996e865f85d2,0.06947129182547361,0.5063833298146609,0.2833731141590732,0.1407722642007923,1,0
997985cf7142,0.4832815201557602,0.05389809403941756,0.14689281284718042,0.3159275729576419,1,2
997b769bd2bd,0.4180676101648346,0.19962147047062245,0.1833845199541059,0.19892639941043705,0,2
99a33da42b9f,0.11117143241148436,0.09698087715783495,0.2659724114908747,0.525875278939806,1,3
99aa2bb52d7e,0.48410475665753083,0.1952942120965917,0.2448182478171146,0.07578278342876285,0,0
99ba95380399,0.4402194954407243,0.11194809185734932,0.2763273786383639,0.1715050340635625,0,1
99c1585d12cb,0.18505055862001954,0.5755584566878199,0.1873241413708826,0.052066843321277936,1,2
99c38d2b32b3,0.4409169050810128,0.2299291015778867,0.22134705696616508,0.10780693637493537,1,4
99cb5766690f,0.31779916345737497,0.2975024267033007,0.15446710012074938,0.23023130971857492,1,2
9a0b8204400b,0.03488985481698884,0.25341544375133485,0.29880375177618046,0.4128909496554958,3,4
9a19d3c19232,0.4611694848844547,0.15117287588594855,0.22211234801741542,0.16554529121218134,0,4
9a2ad069cce4,0.12477466255930832,0.5105470975300118,0.16570047975831334,0.19897776015236657,1,3
9a493656953a,0.4020667015893633,0.23492726118353383,0.26797820261387534,0.0950278346132275,1,3
9a4a6abdf776,0.32601215603534006,0.1987135669652496,0.35590958841924303,0.11936468858016729,2,1
9a769075f534,0.647037160325282,0.04270022864915017,0.13124551263250517,0.17901709839306257,0,2
9a7b51f98ab5,0.3010431171949002,0.13324458898538624,0.42697554918680836,0.13873674463290525,2,2
9a9306122b73,0.4712461994645102,0.10915220819085415,0.21906666466650937,0.20053492767812642,1,1
9aa19b9ab337,0.04262601602786522,0.17793430058399887,0.4875963802235689,0.2918433031645671,1,3
9ab36af82642,0.37605365364357474,0.13986850048282296,0.25998761557168515,0.22409023030191713,0,4
9ac50f02c18c,0.5261642502018097,0.05096711527411988,0.2333840114236462,0.18948462310042413,0,0
9acd72663429,0.01596547632889654,0.485398839563165,0.10992316946262042,0.3887125146453181,1,1
9ad7aec257e6,0.08342081270775949,0.5631949119645963,0.11090674637808694,0.2424775289495572,1,1
9b1d142bd9a9,0.01959100657336547,0.678377137458858,0.1864283353020711,0.11560352066570562,1,2
9b1e813ea349,0.2720217842517385,0.3311929308932422,0.23901663193906225,0.15776865291595707,2,4
9b350fdf9d64,0.7059275163482746,0.07628286710395028,0.1291263233647514,0.08866329318302385,0,4
9b3748a1c634,0.615432750743042,0.08779299798015756,0.19431757062538282,0.10245668065141754,0,4
9b4bd818dd00,0.010993086650311042,0.10162237851399007,0.15804002020097682,0.729344514634722,1,3
9b5b8816a625,0.08337302110763127,0.13543177494351322,0.5739414511595471,0.20725375278930844,2,3
9b645ac3442b,0.07738609264611325,0.42305576316721233,0.11229158409526506,0.38726656009140925,1,4
9b6ddea1d71e,0.04402557125853834,0.139657229113842,0.21503466197665363,0.6012825376509661,1,4
9b7abbb52fe9,0.0533715113870714,0.5757943528013841,0.2358138773118379,0.13502025849970656,1,2
9b978a92670c,0.41332626871400646,0.20929135015034817,0.1746843572486483,0.2026980238869971,0,4
9ba12eba8ede,0.16126888890950142,0.22980976594518546,0.41425648508212326,0.19466486006318987,1,0
9bc0baeae132,0.5259716037633452,0.11213998728086942,0.19000978045477765,0.17187862850100782,3,0
9bc1a2bcd4b7,0.05606818959085523,0.2823736601844079,0.3747402238417775,0.2868179263829593,1,0
9bee391e272c,0.07837088343221642,0.3835821278983682,0.29244031202988396,0.24560667663953134,1,4
9bfc747353b9,0.015678813754249833,0.5926784201500002,0.20811067882638584,0.1835320872693641,1,1
9c03092ea533,0.12394548492169875,0.492514770766578,0.2932040856805394,0.09033565863118379,2,3
9c1f5a410926,0.09188107506985047,0.11348792799325792,0.37997500677469653,0.414655990162195,2,0
9c7647d1c27a,0.42796575376082296,0.17789953552788265,0.17975036368082128,0.21438434703047307,0,3
9c9195463881,0.2600040912312037,0.1347287991257299,0.20239944876264246,0.402867660880424,1,2
9c95946da400,0.20906753501240735,0.29542830980835283,0.23835110397181064,0.2571530512074291,2,3
9cb94320645e,0.5227753828577576,0.1222510111467538,0.1964065302017001,0.15856707579378854,1,3
9cceed954b94,0.2618918095446519,0.23610219020876907,0.32552313804018895,0.17648286220639012,1,4
9cdcb56eaaae,0.4799450886664498,0.15863487047988323,0.21811942054015107,0.14330062031351593,2,2
9cdd781b61ab,0.02802821745944108,0.07288997465953914,0.20854949671323728,0.6905323111677826,3,4
9cdeca924178,0.7966192396913229,0.020224460515292773,0.0518815475343921,0.1312747522589923,0,1
9cece086de6f,0.5599733586200119,0.03556032451842629,0.1762706171673648,0.2281956996941971,0,0
9cef4ea2d3e6,0.8171888531263445,0.04752655967611144,0.09935372368848049,0.03593086350906363,0,2
9cf41cd052f7,0.16100624988543533,0.21169695252563117,0.19041718131747112,0.43687961627146243,0,0
9d0157caf088,0.4630582026380112,0.13382635799478482,0.2756160521024406,0.12749938726476343,2,3
9d07514a1023,0.32527830236518834,0.20995095547092238,0.14867658697065653,0.31609415519323275,1,1
9d17eb56c1ab,0.26412020686335524,0.20250244153962357,0.33849209269655933,0.19488525890046182,1,2
9d1c6d0be5b2,0.318156050059237,0.17940825712954406,0.3189403203534277,0.1834953724577912,2,3
9d2251392b2d,0.21029524122779883,0.20401499548525592,0.32835400179359675,0.2573357614933486,1,3
9d2c1cb6203f,0.009890398860436921,0.6066921445738408,0.14896477425865146,0.23445268230707086,1,0
9d41436ab64b,0.24652746515386187,0.09376412428510672,0.07025816678005825,0.5894502437809732,2,4
9d46d14396b9,0.047003630692017906,0.14150726871832556,0.3090340574385708,0.5024550431510857,2,4
9d514ce429a7,0.012596042825846646,0.8543612939998381,0.10743356524061261,0.02560909793370272,1,0
9d553ab91801,0.41597243928060235,0.18073504406866456,0.18490918401639914,0.2183833326343341,0,1
9d55b43150e5,0.17146829385770404,0.3973471440794965,0.232839557580608,0.1983450044821913,2,1
9d5a724952f4,0.47881777736064945,0.05203068157627219,0.2067233082843093,0.26242823277876914,0,0
9d5fb048b2e3,0.60581786856933,0.0933234691402772,0.16378158080629,0.13707708148410305,1,0
9d6647847383,0.04156276537784809,0.41578152647890043,0.40850313303347746,0.13415257510977405,1,1
9d66cc2c906f,0.2946583336645629,0.053613071141959096,0.2607088726710779,0.3910197225224001,0,2
9d85cfba99ae,0.08851924570290912,0.529879132599606,0.16799951776194177,0.21360210393554316,1,4
9d8fb5abccc3,0.0773956946440528,0.7145512733177711,0.12121263474326245,0.08684039729491361,1,0
9da3efcced2e,0.02569310347893467,0.5651807235871683,0.17994983611053944,0.22917633682335745,1,0
9dc2ebecf986,0.021935355428220716,0.14352739992985605,0.28154805771233893,0.5529891869295842,2,4
9ddd0027433b,0.13062492294097325,0.3007783691435798,0.2382770858015025,0.3303196221139444,2,2
9deb368bf67e,0.4689453427705545,0.10288502240839362,0.142377094019188,0.28579254080186395,0,3
9e1b05a7acb8,0.7144793212013442,0.049507156038969664,0.157840035170885,0.07817348758880119,1,0
9e203aeed99f,0.11536916786611963,0.19411012107322995,0.2063460070835227,0.4841747039771278,1,4
9e2ce8e735ab,0.1939791645198916,0.133394764225861,0.3932904849237569,0.27933558633049055,0,3
9e344b8a4fdf,0.02192761572736355,0.13645903424608052,0.385694819546356,0.45591853048019987,3,2
9e3727c8eb64,0.17670901359907631,0.13203151674057434,0.2904420445970961,0.40081742506325324,1,1
9e49c8e24623,0.18168698348027945,0.14974113215740123,0.19816450207822295,0.4704073822840964,0,3
9e4d14c0491a,0.17762908782712758,0.37136687913779504,0.41726095909524324,0.033743073939834216,1,1
9e54c4048c29,0.3740959224770431,0.053916874062687775,0.1457806352945159,0.42620656816575325,0,3
9e5cb858ff8a,0.5298008654684644,0.16047861437785435,0.12717522704715184,0.1825452931065293,0,2
9e5cdeb53c06,0.5262978657754644,0.08016764913449403,0.20888625694793658,0.18464822814210496,0,0
9e61d18ded2f,0.034262407555485604,0.4499821254765881,0.18596515649847872,0.3297903104694474,1,1
9e649215f5a8,0.4696425564876212,0.09405971844294223,0.38142712111455046,0.054870603954886105,0,0
9e6e8142ca4f,0.06026796756770702,0.44870065645045165,0.38318414469466944,0.10784723128717193,2,1
9e70afac2591,0.5044544392620941,0.14976508099363756,0.25768776213595534,0.08809271760831297,2,4
9e99231860d5,0.029318174949243707,0.7471546559157837,0.16417044242356807,0.05935672671140444,1,4
9eabf871003c,0.018799051864814023,0.48367221815063544,0.33444399795022645,0.16308473203432416,2,1
9ef4fd7b2557,0.07965039239818958,0.5225618247032058,0.23646961535242672,0.16131816754617798,1,3
9f0ec4c9eba3,0.18582803304686304,0.22662929629199924,0.3349333948340888,0.25260927582704884,2,1
9f18402a0625,0.02134162240660359,0.6843109039822286,0.16181672203634356,0.13253075157482422,2,1
9f2c8b935d12,0.5987663945478527,0.07254013134973054,0.11281421227135645,0.21587926183106035,1,3
9f46e9ceed53,0.4685192156385055,0.10180217147460766,0.3176655957786061,0.11201301710828081,0,3
9f61fffd8a09,0.35846222716609005,0.17755495804934154,0.3168106864862315,0.14717212829833695,0,4
9f95066c5136,0.141751861642075,0.4362458061896584,0.2618973875261751,0.16010494464209143,1,0
9f980fd8cfa2,0.03993076017485353,0.5744801829493353,0.33011521903757757,0.05547383783823349,1,1
9fa2ca50548e,0.16010200115515605,0.17446242304270052,0.39996517288909944,0.26547040291304397,1,3
9faedba4b8f9,0.10975433833044779,0.4148196992554127,0.19945604410675108,0.27596991830738843,1,2
9fd6d2ef1078,0.2000416895465404,0.3532077798969334,0.28312414746034487,0.16362638309618147,1,2
9fdc942fef5a,0.18288042329301382,0.09943170055472936,0.16323638145802866,0.5544514946942283,0,3
9fe9b5770dcb,0.3786980024561936,0.04753281198967769,0.283951947016522,0.2898172385376067,2,2
9ff049a6b395,0.29953102597025616,0.23056981908976065,0.2316425723906133,0.23825658254936977,1,2
9ffca298e56d,0.06747409106166861,0.2112793472916568,0.15242344729118631,0.5688231143554883,2,2
a00e889aef1b,0.2392138859930738,0.13657898932144136,0.4250978399249977,0.19910928476048723,0,3
a00ea9526864,0.2697288848987901,0.33421554052875063,0.24033626549320136,0.15571930907925785,1,4
a010493089f1,0.15216593083698887,0.3275850736025295,0.20505181604442663,0.31519717951605497,3,3
a01635a34416,0.06432281114704777,0.3882541010294611,0.24034114412889002,0.307081943694601,2,2
a0254bf8a96e,0.6119979236938538,0.054290596503150344,0.2002271909553654,0.13348428884763056,0,2
a03475617868,0.049009703962340084,0.5682525557244557,0.0946537213281833,0.28808401898502095,1,1
a039c3e66fe8,0.12481660182884104,0.4410599842534817,0.13768282774656976,0.29644058617110747,1,0
a03daefd7f50,0.04966241413484163,0.6367563692003071,0.1356847006412739,0.1778965160235773,1,0
a049406d1973,0.16775660215338598,0.1075072243697191,0.43605942737306,0.28867674610383504,2,3
a059024800d5,0.45055776137523257,0.16164904622463705,0.20543682213442133,0.182356370265709,0,2
a05e3567f7f8,0.09699400861382469,0.11194591067092978,0.2240281830051069,0.5670318977101386,1,3
a0627abab45a,0.069436166202159,0.5936822031590494,0.15527505870960553,0.181606571929186,1,0
a072ab44ba69,0.22455409096183984,0.26007178736687986,0.40361812454007995,0.1117559971312004,1,0
a0927e51897c,0.25579346198075137,0.2245088907028576,0.30915964599641366,0.2105380013199775,1,3
a0aeed6297e4,0.5110545330708184,0.07386162500494951,0.186216947379565,0.22886689454466708,2,2
a0cb0b96fb3d,0.4824685012981616,0.1747563058136879,0.18180160945815974,0.16097358342999082,1,4
a0ee0882a1af,0.39312300239318976,0.22452967896948908,0.2507188510362542,0.13162846760106706,2,0
a0f781c851b5,0.20607095455871535,0.1256555950155286,0.1147033846198332,0.5535700658059229,0,1
a0fa0c688236,0.04660201125891476,0.5859581203256466,0.24283027878974034,0.12460958962569826,2,4
a0fa7251455a,0.44110673942889095,0.09205345682308784,0.39313655010614085,0.07370325364188042,1,0
a1052bbfc9b1,0.2348431544296704,0.20522911436627939,0.16662929179573238,0.3932984394083179,2,3
a12376c1eb75,0.11942495717181784,0.1145063558608984,0.32168805959412206,0.44438062737316175,2,2
a12656e39aaa,0.1565760563177301,0.4481341186156257,0.28827115935628284,0.10701866571036127,1,3
a129df480e7f,0.061567056770803145,0.3519953080097648,0.30584626555328864,0.28059136966614334,0,2
a12f0ab3d7ed,0.14694044000036185,0.3103055986893284,0.2994847939965671,0.24326916731374265,1,0
a15ae5112312,0.3857438062037653,0.14197963803382743,0.21372699889882482,0.2585495568635825,2,1
a170d9c2a410,0.06526518833999434,0.4253328504318686,0.36207499916242614,0.14732696206571078,1,3
a173eb366e83,0.2521570728961471,0.30140035007833316,0.31754122697573867,0.12890135004978115,1,4
a17c8a3c6416,0.04033636474843993,0.20892030116567778,0.1742520341818943,0.576491299903988,2,2
a17dffb1dcf9,0.12961036872033002,0.1798864865500357,0.3327345987399063,0.3577685459897279,3,0
a180e392df12,0.6772264567565552,0.07325221172170797,0.1468123495351247,0.10270898198661196,0,4
a1844a4ba6f2,0.20311819034919254,0.41969032052480704,0.16151302777322013,0.21567846135278024,1,1
a1864aaf556e,0.07216552275453822,0.6904637642683095,0.21872533975640288,0.01864537322074944,1,0
a19382e3cce5,0.08157228391063014,0.24765824321845917,0.1517744674294364,0.5189950054414744,1,0
a1a0ff86b50f,0.03082079150639704,0.4457501895911168,0.11222952126491016,0.41119949763757596,1,1
a1adb406b342,0.04081458349498914,0.3787922489099485,0.22928659322056882,0.35110657437449355,1,2
a1ae5f6f0d47,0.22213234594411518,0.22802618458439072,0.15483879594614877,0.3950026735253453,1,4
a1cc057809db,0.3206746285063696,0.08406686508540863,0.2014880042163934,0.3937705021918284,1,2
a1d3defcc10e,0.36308224150056956,0.11659571629573533,0.3785673706636575,0.1417546715400378,3,2
a1d3ecf7c3d7,0.08924339089781404,0.3363456140863428,0.3006125753926352,0.27379841962320806,0,4
a1df5617626b,0.33581756300849214,0.14211709904801945,0.15741285036538563,0.36465248757810276,1,3
a1f9e53e9270,0.3680714418455567,0.21736373157987576,0.20434610952971363,0.21021871704485398,2,4
a1fca1702255,0.6296288486101546,0.06795482158433126,0.19748211482491448,0.10493421498059971,0,4
a2040274d57b,0.07351989039763715,0.12044662807505514,0.3576819238046185,0.4483515577226891,1,3
a20916a9f4fe,0.39179048593997856,0.22161224108385189,0.32607435041276284,0.06052292256340665,2,2
a20c8c388d36,0.02267354375748793,0.7676879260112701,0.11554695084661126,0.09409157938463067,1,3
a20f42a2f5b0,0.2125066025189093,0.5498679342674004,0.18934523198612765,0.048280231227562566,1,2
a21b244030e1,0.5198682271839384,0.051147893840586954,0.2023203391084716,0.22666353986700294,0,3
a21d04e8fbe1,0.027516624984997823,0.37038535374650666,0.19121220012309545,0.41088582114540023,0,0
a241b8b55623,0.13299318652112815,0.46519667035978063,0.2907724752214637,0.11103766789762742,1,0
a25113d5cb14,0.7320401701632056,0.03341841992949949,0.12692362143053226,0.10761778847676268,0,3
a26315a4a01f,0.04522145536683496,0.4826102141547276,0.33128377981286555,0.14088455066557182,2,4
a26c23e61853,0.10101337152525847,0.3905075582963297,0.24735433739443366,0.2611247327839781,2,1
a27ab5ca843e,0.3145797108218409,0.2007064873313209,0.29527586043240767,0.18943794141443063,3,3
a286861ce88f,0.24706068806912082,0.16545430325800373,0.18299264819887043,0.4044923604740049,0,1
a286afd80fbe,0.4869098126239845,0.1511783173971506,0.1292665966473967,0.23264527333146817,0,2
a292b1d0cce3,0.18036339000730836,0.24211757363192088,0.32213968612519917,0.2553793502355715,1,2
a29b6e721a2d,0.35169000817444457,0.1325600987448439,0.4650546443062925,0.05069524877441897,0,2
a29dd9b40ef0,0.15690897830273864,0.4338971976409559,0.34259997973164374,0.06659384432466171,1,0
a2b155b28828,0.3212224314537875,0.15981151036843796,0.1881780812340001,0.33078797694377454,1,0
a2c18811ac63,0.5255372020882766,0.033885483344502365,0.11700323601333366,0.3235740785538874,0,4
a2c441a9a2fa,0.37225943337935624,0.11179235635702096,0.2488618451557881,0.2670863651078347,0,1
a2ca59370337,0.36387874473461973,0.34033250840431034,0.1940642700162581,0.10172447684481187,2,4
a2dab8d548ca,0.015694184833572017,0.509812816225524,0.2112673355298952,0.2632256634110088,3,0
a2e68abf134c,0.04735514834355389,0.6600620754887654,0.18210903412790744,0.11047374203977336,1,2
a2ea009b52fd,0.02165944812066012,0.4438880014418292,0.15836571748696232,0.3760868329505484,1,2
a2f3fa59d0cf,0.08664271719154937,0.45456954030786084,0.2584451057351211,0.2003426367654686,0,2
a2fd15d23a65,0.2525899615331532,0.25301415962225604,0.38057165713360586,0.11382422171098491,0,1
a2fd48c105c1,0.04623623511777367,0.5424700359666369,0.1473944027354064,0.263899326180183,2,3
a30df02de39d,0.578153324024142,0.09304889629132795,0.2514615614391103,0.07733621824541981,0,2
a312d66f0f1c,0.04578772903171129,0.4973006707488862,0.2874044892250892,0.16950711099431323,1,2
a3262ea06be3,0.0975671457945696,0.3464193629416979,0.2503032052835816,0.305710285980151,1,3
a335674d8416,0.3087765332752561,0.11836182934768984,0.2928081670849656,0.28005347029208844,0,1
a33697e797cc,0.21522239991196107,0.157789866367919,0.45869187132760875,0.16829586239251107,2,2
a336bfc009da,0.3361975489864918,0.16808588375719788,0.4118048222250499,0.08391174503126045,2,4
a3385095361e,0.006971328024409079,0.46782082369021033,0.10619534041695688,0.4190125078684239,1,1
a33d67387cbb,0.576635494076464,0.03551146134689666,0.2285039944609243,0.15934905011571515,0,3
a34bfa3e0298,0.05127350210383517,0.48120225805172606,0.25426461740339945,0.21325962244103921,1,4
a34fefe62a8c,0.6654610099780507,0.04404217434318081,0.1608437826617235,0.12965303301704503,1,4
a375e7272183,0.09574214345775235,0.6394470357838696,0.165923917496241,0.09888690326213706,1,2
a3816b3911d8,0.846661848530667,0.0077837648066327505,0.08469068697361831,0.060863699689081945,0,2
a39c8877e5f3,0.09242847836076083,0.14999985862125287,0.41698104969638167,0.34059061332160473,3,0
a3a97e9826f2,0.06085531314677939,0.4382273142516631,0.30513450006313525,0.19578287253842225,1,0
a3b3e87e80c5,0.022884838475892545,0.5736908529706832,0.1386535996066476,0.2647707089467766,3,0
a3ca77fe7d3e,0.36214193465265637,0.029441348896423938,0.25436715150513195,0.3540495649457878,0,0
a3e0a4f98acf,0.21458764467601205,0.40023412181695606,0.21608364362868154,0.1690945898783503,1,0
a3f6bc388702,0.6438243730154164,0.08035674079787748,0.10478735100234164,0.17103153518436465,0,0
a3f959cfb652,0.054654976151037815,0.35400326441547175,0.3024876948701228,0.28885406456336776,0,3
a40024c82acc,0.2357260032151553,0.2966881623242686,0.21858765260697222,0.2489981818536038,0,4
a40158c68404,0.5931186655265158,0.09399095027341779,0.19065698870805495,0.12223339549201154,3,0
a417b008dd8c,0.02600048518477058,0.5532545484634985,0.2013581703393997,0.21938679601233133,1,0
a41ae95d5d0f,0.041929241889912476,0.23797423599139747,0.1453911107598966,0.5747054113587934,1,2
a421f856fe02,0.14121567310181712,0.5290663308577556,0.27144504118293966,0.058272954857487694,1,3
a42ae62f7181,0.2288514854231142,0.3395627672239068,0.3656960428281763,0.06588970452480272,1,4
a435175b518a,0.14326068931597122,0.3340349081722795,0.3085955413823416,0.21410886112940777,1,2
a4429932fae7,0.6410541944973588,0.09012443647823229,0.1580724134773633,0.11074895554704567,0,3
a44afa4fa73d,0.6216931460174446,0.07292474455712697,0.14565217213561402,0.15972993728981427,0,0
a45728df9fa0,0.024433394685030894,0.8078631387757419,0.021009992325465993,0.14669347421376117,1,1
a45b8266678e,0.027657313245716738,0.5260804072377737,0.2525105735751603,0.19375170594134927,2,2
a45fbd22e4b2,0.3389987749549378,0.11926636663931084,0.3178029355906962,0.22393192281505517,2,1
a47390d298a2,0.04284104583056409,0.7244176673413165,0.08062498064564146,0.1521163061824779,2,1
a47b48392e9d,0.05412156992697696,0.6801847404488749,0.18366598418876875,0.08202770543537946,1,0
a4856003f5c1,0.023755978685714645,0.7878874853167941,0.08802449516383863,0.1003320408336525,1,3
a4a423ac8d91,0.22534888712195017,0.4007930490152234,0.1447031165481568,0.22915494731466962,3,2
a4a51116a876,0.341637925565865,0.4428102335272214,0.12001701682044957,0.09553482408646427,0,4
a4b311d1dc4b,0.7712675276151029,0.0334315678948461,0.11427491804768419,0.0810259864423669,0,4
a4b902e30c61,0.14775578557123614,0.3075122505751495,0.2832549654510263,0.2614769984025881,0,4
a4bf95ce9c17,0.02417908548412797,0.35281474793551365,0.39978639739080224,0.22321976918955608,1,4
a4c2231544cb,0.4129597721366292,0.25133714549489333,0.14998703153580226,0.18571605083267523,1,3
a4c81006c600,0.2560390506549684,0.15695869128018589,0.41174588578184745,0.1752563722829983,2,4
a4cb6223131e,0.4520939905764258,0.20775249187394842,0.2538849912622681,0.08626852628735768,2,0
a4cc472d2a30,0.061551581593205604,0.2584597738315142,0.4131712173276134,0.2668174272476667,0,1
a4db0d4869c5,0.4726983783484858,0.13310461474487642,0.20459649526867327,0.18960051163796454,1,1
a4e94133d95a,0.03880449603817634,0.45657713863317845,0.17735558995868173,0.32726277536996345,1,0
a4fa1a3f4931,0.2681807268226435,0.14811874503124642,0.29002587221803433,0.2936746559280758,0,3
a50b43f24453,0.047224552694068854,0.5364677499684489,0.2722710890858296,0.14403660825165263,1,2
a516d0dd7c9e,0.3517530053309701,0.14016643017816205,0.18430881018076578,0.32377175431010197,1,3
a5203b903444,0.2612081506019944,0.07924710901254695,0.4310897957723804,0.22845494461307825,3,2
a52265dec2ad,0.2102559580330324,0.28364210532745254,0.3574158160079947,0.14868612063152042,0,4
a52862899ae4,0.60322517807209,0.017723181227574037,0.2938112759617634,0.08524036473857262,0,1
a5303f2a4c73,0.10811991131136425,0.23771147818038296,0.28816482653206466,0.3660037839761881,1,1
a5305e516c54,0.17669083075960176,0.31218089530408655,0.21034893408913843,0.30077933984717325,3,3
a5400b659f7f,0.030078548976604908,0.5527279693402766,0.3013261178333687,0.11586736384974987,1,1
a541ccade574,0.3470945011377945,0.15188074724030853,0.3271469768058439,0.173877774816053,2,3
a54e0662895a,0.7197450977290829,0.026460853237923177,0.1311311483753457,0.12266290065764812,0,0
a5591a2fd5d8,0.17924168319146544,0.12790677232352493,0.5994426505711528,0.09340889391385693,1,1
a562e6aaeed3,0.1849656348170573,0.4456220479245006,0.2962328709750536,0.07317944628338847,1,4
a5656b78cc0e,0.030531528954238874,0.5326168528275115,0.35636627460784187,0.08048534361040777,1,0
a56a373f11f7,0.8452840532182255,0.019784672576394564,0.07317465906366132,0.06175661514171867,0,0
a57441f93f98,0.024524972743954685,0.5882520406513707,0.1786804052042619,0.20854258140041265,2,3
a5810f9d2099,0.6070844303301891,0.05105420317974725,0.1403980586642181,0.20146330782584548,0,3
a588a2d63baa,0.06089223982795398,0.3143563584077029,0.2778682482744251,0.346883153489918,1,4
a5958238aa4f,0.5594345452670357,0.12868780906161098,0.15197102038315313,0.15990662528820013,0,2
a5af28176585,0.33163883528439564,0.39301621320178054,0.22360143608740543,0.051743515426418196,1,0
a5b9482cfa77,0.07631248125612308,0.592634753637876,0.28019268659713253,0.05086007850886837,1,4
a5c349de688d,0.15888620584560714,0.22259413900808944,0.2502127468905303,0.36830690825577306,1,1
a5cbe7d78172,0.09181015256240346,0.4562052509264999,0.24393251721814213,0.20805207929295447,1,0
a5cd73b4850d,0.4485320886205647,0.18469186416261418,0.29554343530799077,0.07123261190883028,2,2
a5e58b48fde6,0.09083405072338546,0.3551682852394786,0.19495125966601942,0.3590464043711166,1,2
a6053c14099b,0.1705531704023706,0.20391862542911363,0.38048135751752904,0.2450468466509868,1,2
a606d1cb54cf,0.19252812492165897,0.31213833140162867,0.22497929126217636,0.2703542524145359,1,4
a6393aff012f,0.2703287268218644,0.29088090279101214,0.24904842817851197,0.18974194220861165,2,2
a65bcb6bbd21,0.422157401686796,0.16329660164030355,0.23046678716554247,0.18407920950735798,1,1
a67f882788f7,0.033038360164219474,0.5017621980938481,0.2613998867016621,0.20379955504027022,2,0
a68885796918,0.07012446717749686,0.15339185573881733,0.5532164422831645,0.2232672348005214,3,0
a68ac3632126,0.11360275311711407,0.30401038732481817,0.42284618494582343,0.15954067461224425,2,0
a6c79f136694,0.6060647792298314,0.04554186691227829,0.16259017502980128,0.1858031788280892,0,4
a6e088644d5d,0.45687014255410957,0.15642156584280312,0.1432420774261425,0.2434662141769447,0,3
a6ee878fe655,0.12809896989974345,0.3882086475035739,0.34304826338343425,0.1406441192132484,1,0
a7030c1f5a47,0.21352262926170618,0.29806180176905556,0.210319630326564,0.2780959386426744,1,2
a706d8ac9dbd,0.1122667393356079,0.3354748240029551,0.40591306233218916,0.1463453743292478,2,4
a70bc81f81c0,0.029471592383962877,0.23130797012431475,0.34636948890177877,0.3928509485899437,1,0
a70d50759dfb,0.31548983881846343,0.12752859461328994,0.2513317795039895,0.3056497870642571,1,1
a71df1f07bde,0.09734995948182375,0.4633843303306146,0.35654768688488203,0.0827180233026797,1,1
a7289f35fab3,0.3526503020538211,0.10012646784936208,0.3754642099292063,0.17175902016761055,0,2
a7335b2f9815,0.7378258637216429,0.007414351020326608,0.11151989747486235,0.143239887783168,2,1
a73d9e158691,0.2209753178867472,0.3618488096185319,0.17255204619727427,0.2446238262974466,1,1
a74fe5607fb8,0.306988287346747,0.21220945233761535,0.288107059285806,0.19269520102983162,1,1
a76a593c467d,0.12046192650936285,0.4064525681397709,0.3607038065998328,0.11238169875103338,0,2
a791b775061f,0.4778820134571946,0.08005307532967136,0.18299025672835612,0.2590746544847778,1,0
a7931ddb1010,0.21584251639192178,0.16996968265609985,0.34860810741574955,0.2655796935362286,3,1
a7b4d14caf36,0.36939560900453233,0.1329062780950958,0.41292094422666936,0.08477716867370262,1,0
a7c0ee2766f9,0.18424706588061662,0.3613232206790281,0.24856463798449746,0.20586507545585772,1,3
a7c66f4267fd,0.12297283491362174,0.3960023754556992,0.11614452851033959,0.36488026112033944,1,2
a7d2a7380ba6,0.24706991470289033,0.4341869505134451,0.274981330761769,0.043761804021895445,1,4
a7e94066fbf8,0.38956779956669224,0.24113843606117769,0.30861650065753854,0.06067726371459145,2,1
a7f1ea850ad8,0.29233427961228703,0.192992361448484,0.2500155907691061,0.2646577681701229,1,4
a803abc3bd58,0.7387073842447486,0.043965871456301805,0.10834171515684468,0.10898502914210499,0,0
a80f1386b01b,0.6331192913814035,0.028690387439008612,0.22274014409980877,0.11545017707977895,0,2
a81e1c6fc22e,0.17282546931224743,0.21515128342720966,0.18653984189027514,0.4254834053702678,0,3
a820390aef69,0.4658937797377573,0.11781522276150683,0.20910098890028914,0.20719000860044684,0,1
a8351982c575,0.6448574537041325,0.05839459279257565,0.1663403557430366,0.13040759776025534,0,3
a842d9e96828,0.09744864521793639,0.2601315388281937,0.34948460053568475,0.29293521541818507,2,3
a84d1f0c2ea2,0.5125586071232249,0.19246186349234917,0.22371500782752876,0.07126452155689725,0,1
a85adc24df0a,0.1199125345633149,0.23263133159054566,0.3687025354171109,0.2787535984290285,0,2
a862fd88bd49,0.47062948496305457,0.15597189570166017,0.20178546645302994,0.17161315288225526,2,2
a86697ca60f2,0.09724517854545527,0.7365049733720419,0.11391841152544889,0.05233143655705392,1,4
a87414206bcf,0.277096428707077,0.3094136524225136,0.25867882713136253,0.15481109173904684,0,1
a874435f5b2d,0.10518813385017985,0.7060177930266727,0.14857384107922098,0.04022023204392644,1,2
a87879343eb4,0.15842326881801885,0.12674525948462642,0.13468115165636485,0.58015032004099,1,0
a880ba760a7f,0.15461692887919257,0.21774766890145883,0.4136188105862492,0.2140165916330994,1,2
a88363cb1f70,0.13018303789746632,0.24004655472917907,0.3999884444069008,0.22978196296645376,0,4
a891e4625f8f,0.37502808867650106,0.07686625856381457,0.18597128000861354,0.36213437275107085,0,4
a89c1f3470e1,0.10539732312626104,0.47158641573582794,0.26681753931665525,0.15619872182125585,2,0
a89d9679bdf0,0.11781769521833924,0.4221400590400018,0.3682471139600523,0.09179513178160678,1,1
a89df9ce879b,0.41232175135322685,0.2995507130814622,0.21301078877657037,0.07511674678874068,1,1
a8a91d572566,0.1792848808565998,0.11702104363155631,0.3565864358585588,0.34710763965328506,1,2
a8aa15852dfa,0.03702581489567358,0.4722567436044081,0.2851794169302247,0.20553802456969356,1,2
a8ad69453683,0.03312477441589281,0.6674041326185597,0.14062470612773195,0.15884638683781538,1,3
a8b36d06c030,0.07980934136930527,0.23175510655982118,0.3331285247285418,0.3553070273423318,1,3
a8c60c0ef43e,0.2715861158315465,0.2896478490557761,0.2616763790988231,0.17708965601385432,2,2
a8f1280e52ba,0.5211769840703377,0.04047316564976947,0.12024573824281876,0.31810411203707406,0,3
a8f1c2912768,0.1574852369980702,0.36604012150430754,0.19331277030878818,0.28316187118883407,2,3
a907108f72e7,0.2237263628639964,0.09833092403757192,0.46446599744492717,0.2134767156535044,0,1
a90de7edd9b7,0.5147125167639494,0.14216278082698508,0.1444348429998926,0.19868985940917308,2,2
a91f96dac3cd,0.18850967212438666,0.2591745869296349,0.39244178227434795,0.15987395867163035,1,2
a93183bb781c,0.3894464272415365,0.07342721827594642,0.16237872516741889,0.37474762931509814,0,0
a937614104e3,0.5323072141231441,0.05806046760215557,0.13004119903137945,0.2795911192433209,0,4
a93eef7b3676,0.3021589136717254,0.17023488712342436,0.2669292013437928,0.26067699786105736,0,1
a9414722ad35,0.8291062105366467,0.014722761948405926,0.08454881418981362,0.07162221332513383,2,0
a94358cbd9f3,0.2000198479746552,0.2671989973778722,0.3937648202276419,0.13901633441983074,2,2
a94e15ea47c9,0.1378810965854897,0.2809279071700139,0.4207182792917646,0.1604727169527319,0,3
a95bcd8ba9ad,0.5582826096315724,0.08694414943977988,0.2400447975902816,0.11472844333836615,0,3
a96e94314925,0.13960294442014012,0.38329770184349266,0.18666723687366796,0.2904321168626994,1,1
a96f2b221dd0,0.2355339471948391,0.2746048186330324,0.1630587150586224,0.3268025191135061,0,1
a9734406aa90,0.1923169321647432,0.13338011880206754,0.43874044321401756,0.23556250581917174,0,2
a97f1cd45b2b,0.2523581447023207,0.19898413387978905,0.19725463954392844,0.3514030818739618,0,0
a98995d04eb3,0.23901565295456775,0.24667164070209627,0.13746073473411166,0.3768519716092243,2,2
a98a217fe57c,0.12036732174941968,0.5265373217787152,0.1705429088145986,0.18255244765726658,3,2
a99534146bde,0.6124681460293878,0.04787563592909085,0.17696014185363912,0.16269607618788223,0,3
a9a8f500fea0,0.005028334888792565,0.12106476979128071,0.14125641260041014,0.7326504827195166,2,1
a9ba9da7582a,0.029454971241654495,0.5654952362228988,0.27742544596692464,0.1276243465685221,1,3
a9d37ebfe0e8,0.32450741108516723,0.17091931608561128,0.24100283884762091,0.2635704339816005,1,3
a9df86ee71d5,0.4693309221546576,0.0429192654157739,0.17308370804278533,0.31466610438678305,1,1
a9ef2636d4ac,0.34972010531113973,0.23947380792423734,0.2070568195815626,0.20374926718306036,0,1
a9fcf78c3469,0.033347182074638576,0.47435436868758224,0.3218808768887922,0.17041757234898705,1,3
aa01253a3226,0.03347878639040502,0.6766472260652775,0.14703305229915598,0.14284093524516156,1,0
aa0420c82f8e,0.06443517399641321,0.3898814550575045,0.27853812199701705,0.2671452489490653,1,2
aa20aaac8504,0.2635417336409621,0.30048836956545116,0.2536230965320284,0.18234680026155817,3,2
aa6bbda8865b,0.10593791217961793,0.24308672157363514,0.2509391715792303,0.4000361946675166,1,4
aa6f4d3e11d9,0.03391626387978369,0.23071813923761902,0.21775489472473614,0.5176107021578612,1,0
aa6f86d26781,0.0796606474476575,0.12900431152648914,0.4952954560076103,0.29603958501824307,2,2
aa749b4d6cdd,0.07536962174403855,0.5531924669512186,0.19538364321595558,0.17605426808878727,1,0
aa7cea654180,0.42875396393075665,0.11709790324804509,0.3203946554155079,0.13375347740569024,0,0
aa7dce7556b0,0.049660475667303625,0.29062995607282793,0.12875610560688625,0.5309534626529823,2,1
aab3267c0c17,0.6613601176319704,0.06308645360318235,0.19427047021844307,0.08128295854640398,2,2
aab84245d034,0.7501782727136934,0.03893799976931821,0.1457760968543651,0.06510763066262329,0,0
aabe07602051,0.0507504496483563,0.5016320883354062,0.2056756514709475,0.24194181054528996,1,0
aac325aaa28c,0.5894122664664067,0.06859464565846848,0.16019341569531065,0.1817996721798143,0,2
aacd7ff3bbae,0.016404121946264245,0.7316303160671561,0.16225722559121294,0.0897083363953666,1,4
aaf19284ce23,0.13318994276184629,0.38623768523158686,0.40881660835277484,0.07175576365379183,1,3
aaf4645886fc,0.021385823044535256,0.4996318000629043,0.24752672504637108,0.23145565184618935,1,3
ab22e9457bfe,0.5949555878251719,0.03637496591197549,0.14053236669894964,0.22813707956390286,0,3
ab2560a15171,0.06128215440798058,0.6509463381488003,0.045893058863677984,0.24187844857954122,1,1
ab2b4ff9c9e8,0.349124581599278,0.13931467294905214,0.1964045220200797,0.31515622343159017,3,0
ab325bee36de,0.4187221786675193,0.06474429341290817,0.26645318743143576,0.2500803404881367,3,1
ab3a9cde6e06,0.13090984064097452,0.13193554732376322,0.51777840483941,0.2193762071958524,2,2
ab6ef957fd8c,0.14400454140995617,0.20148784737858919,0.4465584077725658,0.20794920343888887,1,4
ab8205541661,0.014997439029561235,0.21125830065458154,0.3251445757934224,0.4485996845224348,1,4
abb899fcafc6,0.05993067737269171,0.5143258560284463,0.2752958501661895,0.15044761643267254,1,2
abcffc36ff79,0.3275392191715727,0.16200889835311247,0.32609246829979927,0.18435941417551555,1,1
abd0c3d9c5f6,0.49350634358127815,0.14938264617813424,0.21958497257838394,0.1375260376622037,1,3
abdaeba121f8,0.08949622931871236,0.4263634535212096,0.08194436106399168,0.40219595609608644,1,2
abdb858bbb81,0.21775625148918962,0.534497775964431,0.19051032534753573,0.05723564719884361,2,4
abe76d6fc929,0.014738482396962403,0.5943972639602808,0.26681211750147704,0.12405213614127983,1,2
abf7cffb3176,0.3448690466913289,0.24349136086947473,0.24549435335553352,0.1661452390836629,3,3
abfcd1e7c6d0,0.06511017139070364,0.1635266826758126,0.308756149346972,0.4626069965865116,1,2
ac150a3b291d,0.03644473571755526,0.6230656955934095,0.16738070410850406,0.17310886458053115,1,3
ac3004ea0405,0.08497504917602995,0.42455564561858494,0.2915284187199666,0.1989408864854184,1,3
ac46cbde0e0e,0.056787778461564645,0.3569009862623484,0.2602894444727245,0.32602179080336235,2,4
ac55dc119f5a,0.014985739206193456,0.7704105882590486,0.11385844889606227,0.10074522363869573,1,4
ac91c4c4a63e,0.8389994239141767,0.016403661491449315,0.06454059674777587,0.08005631784659814,0,4
ac9fa71e33c8,0.13394069329299027,0.3458290946861198,0.2189221897610514,0.30130802225983855,2,4
aca4d52c2f82,0.4044660141168563,0.08861010314433071,0.2755109403589236,0.23141294237988946,0,4
acacf54e2e13,0.0028036959334991215,0.7575516294069287,0.1400792690034405,0.09956540565613163,1,1
acc1d221470b,0.05471028589016551,0.25662747848068757,0.49299543046430483,0.1956668051648421,1,3
accb3f0a6276,0.034645804071453866,0.6352566583308846,0.17266089912328694,0.15743663847437442,2,3
acd13733a711,0.10276383885113909,0.3057128537694198,0.49261940602198573,0.09890390135745547,1,4
acdc669b1e06,0.47549978459737063,0.09538809241466231,0.35430295786590543,0.07480916512206166,0,1
aceb84a579e9,0.19046301573594837,0.15317177418578606,0.26238014790944625,0.3939850621688193,2,1
acec33076f73,0.14593096144316048,0.43475272102262436,0.2261255494199373,0.19319076811427788,1,4
acec4f0cbd17,0.07849186230598489,0.4074394061494014,0.38445488927989335,0.12961384226472036,1,1
acf13f7ab5d7,0.6614663292883685,0.04836595001247008,0.15186318986797642,0.1383045308311849,0,0
acf8c450efb2,0.12118556555572309,0.32351381648357397,0.397026619403693,0.15827399855700997,1,1
ad057569e00c,0.07954121009613373,0.43698837025441595,0.25267906499534953,0.23079135465410072,1,3
ad23cbda5b1c,0.020917995520479023,0.603701439886841,0.1965715941229979,0.1788089704696821,1,0
ad2e47a1a1f4,0.029714155332177434,0.7777042126137311,0.11510369063309091,0.07747794142100056,2,1
ad3ec5a0e7c9,0.0859564159633995,0.673686240536945,0.15187175078121648,0.08848559271843894,0,4
ad40119bb875,0.07662068853271425,0.3208544967358583,0.4434161455554924,0.15910866917593494,1,4
ad4e4f09c5f2,0.04332602508796986,0.4699102570796438,0.22798856525355923,0.25877515257882727,2,4
ad5c640225b4,0.3126887640668041,0.19210738826896684,0.32676986809755876,0.16843397956667036,1,2
ad5ff8dc5e00,0.15918482817785132,0.2919909792331664,0.2598744535014737,0.28894973908750854,3,3
ad6bc3c59891,0.659855782279564,0.0814690324680647,0.14967432377034862,0.10900086148202259,0,3
ad6fb71d384a,0.6587059012250079,0.0663329812064908,0.13169314806353286,0.14326796950496842,0,2
ad97fa89b0b5,0.012809318573402752,0.6772310619242806,0.12656231683958602,0.18339730266273077,2,2
ad98b8875f75,0.08912925476448783,0.1332589566617823,0.27983820705042955,0.49777358152330037,3,2
ada4737c1d3f,0.1491164963347084,0.3738820125152139,0.3629432269606768,0.11405826418940097,1,0
adbc10bde10e,0.3653742960030328,0.09839336069720728,0.31918737535030034,0.2170449679494597,3,3
adc53823a49f,0.13285805896038444,0.5229482133083229,0.22205182487531702,0.12214190285597558,1,2
ade84200b83a,0.13794412502808878,0.3046641990380089,0.2828451985786662,0.2745464773552363,2,0
adee0c7ec155,0.13901879294986277,0.5750582396406932,0.1834361475543864,0.10248681985505753,1,2
ae12c55d7e47,0.3247714714699021,0.09874585893225678,0.24127042453939623,0.33521224505844494,0,0
ae3a97ad1c07,0.33614122547067343,0.18103417468159025,0.31582711687414194,0.1669974829735943,0,3
ae3c8cba22ec,0.04806298971101439,0.5266650889550135,0.3705073152686155,0.054764606065356686,0,4
ae439b24ddc3,0.08407985102394563,0.548379145270868,0.35938384268253326,0.008157161022652985,1,0
ae5b75e08fe8,0.10697527002520585,0.3539661224781925,0.352732583289737,0.18632602420686445,1,0
ae601aa924ea,0.6312021506505712,0.018918314728570265,0.09667773372328951,0.25320180089756905,0,2
ae6fdbc90bf6,0.2360769201826456,0.13439779720293657,0.26277883561213616,0.3667464470022816,0,3
ae70fa66b983,0.10542350296645314,0.036644313200159435,0.21373014776718238,0.644202036066205,2,2
ae7519c9d04c,0.03041579152887543,0.26737810635030546,0.504120679933648,0.1980854221871713,1,1
ae9ae4deef75,0.23007848547519613,0.23628789157350513,0.4383245603158791,0.09530906263541968,2,0
aeb8b1d755ab,0.17405416622448408,0.29581801311288775,0.22652917431159622,0.30359864635103195,2,3
aec0c258907d,0.09394459712279972,0.2822566280730507,0.20345033947363952,0.42034843533051003,3,4
aed115d939ff,0.5650436959858416,0.1807151867525775,0.17878563224586005,0.07545548501572083,2,4
aed885bf91c3,0.04117684252884056,0.2255077427977534,0.16328479416209019,0.5700306205113158,1,4
aee6f16805c5,0.7753527641244838,0.03054096765091019,0.10138099669793703,0.09272527152666918,3,4
aef234262d84,0.11189174104213745,0.5126046970534004,0.23015868343365656,0.14534487847080557,1,0
aef7218aa071,0.1711420745133374,0.2757368285788962,0.3152779675510836,0.23784312935668267,1,4
af0e1211b9c6,0.49675121748132794,0.3034216526741626,0.09346014384394861,0.1063669860005609,0,0
af0f0c129645,0.5613434206890344,0.03460900197787145,0.2255405268644368,0.1785070504686572,0,4
af481c1cf248,0.40523014316679257,0.1603273218124834,0.21718145453234883,0.2172610804883753,3,4
af571ffc5313,0.6606062113240235,0.035443922181322474,0.18599556450518506,0.11795430198946893,0,4
af7f93704ff3,0.5818310906329289,0.08633538317870276,0.2209162984240208,0.11091722776434744,0,2
af93e125375c,0.5441878802688704,0.13745469957971537,0.27160893078566006,0.04674848936575421,1,1
af986679340b,0.05152233522382619,0.4674622386356283,0.1967872816468075,0.28422814449373807,1,4
afbb7840bab0,0.17274866688979484,0.46822536674537674,0.3252446111413751,0.033781355223453324,1,4
afc2b295485b,0.48632461905523583,0.06924187602607108,0.4069828794990767,0.037450625419616586,3,1
afc40988867b,0.1269691137288206,0.36019370960585656,0.3922991368779264,0.12053803978739629,3,3
afd34e28aba2,0.617789980205404,0.06001042552881253,0.2770664401917882,0.045133154073995325,0,1
afdda33a1265,0.140502580470253,0.3872723599172662,0.15963675887042045,0.3125883007420603,2,1
afe34bf97c4a,0.1363029873138589,0.4017257992403902,0.29339237744134505,0.1685788360044058,1,4
b00d45ea85f4,0.02994069436446735,0.47844488478007297,0.4018460342901907,0.0897683865652691,1,2
b031bc52f736,0.5685404092223294,0.06832758833491821,0.2447356018489445,0.11839640059380789,0,1
b032c22da2f7,0.4895560178818314,0.063606051508985,0.26914632048571996,0.17769161012346363,0,2
b04cbb8b7815,0.2687489843877946,0.06952767956416736,0.18172242853714435,0.48000090751089364,0,0
b06c31c60c7e,0.37202423713127725,0.06929522510200599,0.2653123117408399,0.29336822602587687,0,1
b07b1a96e24c,0.10099355522740158,0.4385200822633161,0.19733369717705795,0.26315266533222426,1,3
b08ae0efd88e,0.03025135894470255,0.39082055819260075,0.39257629759540585,0.1863517852672909,1,3
b08f573ccdf4,0.2509058637166943,0.2540900086563573,0.1755503016731142,0.3194538259538342,3,3
b09b0258b2ae,0.06929929351721457,0.16752408100252847,0.43173590325087297,0.3314407222293841,1,0
b0b4d4ae4e0a,0.09544528091884864,0.3098136263328079,0.5187568470256485,0.07598424572269497,1,2
b0be172528e7,0.1985838140053192,0.3172218617427456,0.3565123012488597,0.12768202300307566,1,3
b0c72167073c,0.7009630600953861,0.033696021312490665,0.1251995517726327,0.14014136681949046,0,3
b0c942f7403e,0.4364629019161691,0.15494981579541922,0.14949002356647348,0.25909725872193834,0,4
b0d86dd860de,0.10413755432008985,0.6464745326074495,0.1874632579635596,0.06192465510890111,1,4
b0e043232ff9,0.019060495041567167,0.5124331976080827,0.18494999243839702,0.28355631491195316,1,4
b0e4f3d07735,0.3340185196289521,0.15807018709803672,0.17043683074140334,0.3374744625316078,0,0
b0e8205dc1ca,0.01833360686768843,0.5163632842763186,0.31623746125030056,0.14906564760569246,1,0
b0ed9f24e855,0.14407530006150304,0.2633357635412244,0.2925941217635412,0.29999481463373134,0,4
b117715cbf64,0.02681811406115031,0.1498978376378555,0.15838910390000885,0.6648949444009853,1,4
b119ef635297,0.22272320994520958,0.2877205833872504,0.3647166770189987,0.12483952964854135,2,2
b121e6f58d1e,0.02973943705798664,0.5060328597712735,0.20579128112453043,0.2584364220462095,1,2
b12798f33ac5,0.07795615518112257,0.45542007142817253,0.15740313242924472,0.3092206409614601,1,0
b127e8b39bcc,0.1647608835470872,0.503748856208221,0.13252401540043246,0.19896624484425937,0,4
b134a98f78d7,0.4383952870933801,0.17431808555647774,0.21525449482320755,0.17203213252693456,2,4
b13d71d1edde,0.01439175929965198,0.28132338908020627,0.08957460152442603,0.6147102500957158,2,1
b13f18dfaa08,0.077950471786462,0.3238341943151418,0.20605729721528027,0.39215803668311594,1,3
b14d98b9ac8a,0.04239269820799234,0.7336493410143189,0.14368321895899777,0.08027474181869097,1,4
b1678815a5be,0.20122780025877995,0.2831661407662707,0.4127245978997074,0.10288146107524192,2,1
b167fbe5e1a6,0.03196413749601251,0.17958371472289988,0.42060092721638087,0.3678512205647066,2,4
b172a04e7bd1,0.03138091130135712,0.7137188007954478,0.24351752068391272,0.011382767219282325,0,2
b185438c915c,0.425857701239101,0.04964692536506114,0.2521861491114427,0.27230922428439513,0,2
b19d188bd240,0.056123773411251375,0.43562633849923715,0.26544395744244653,0.2428059306470649,2,2
b1a4fd2a22fd,0.08540398073314039,0.17414483046930057,0.34396641495943303,0.396484773838126,2,0
b1a9bd35559d,0.8065843601523497,0.01284431413617387,0.07835663606496071,0.10221468964651574,0,1
b1afd60f2d1d,0.23880873906560254,0.1755054548444261,0.14179047500834566,0.44389533108162554,3,4
b1c31c1e103a,0.361131646738233,0.06787438998257372,0.24440468156444328,0.32658928171475005,1,1
b1ca7dd14da1,0.06350916775265551,0.5532428434184703,0.3037122239525709,0.07953576487630327,1,4
b1dd1ed88f54,0.13886663248143274,0.49782321323186846,0.29923199077931506,0.06407816350738371,2,1
b1dd8130cbf3,0.4086472250027946,0.12636155618097958,0.19130385726373014,0.2736873615524957,2,2
b1e74e9f7555,0.5528533469096372,0.12999607241569794,0.1926563938338545,0.12449418684081054,1,3
b1edc75f25bd,0.5013087075617069,0.20059653928557414,0.20021283477233107,0.09788191838038807,2,2
b1f21c64a26c,0.20852299360165616,0.41476140209404816,0.24415669785666624,0.13255890644762955,1,4
b20646e12fbe,0.008100186916916984,0.762371205454706,0.1441867980213646,0.08534180960701246,2,2
b206fa11bca7,0.49180079208965116,0.06657624098853739,0.23330047064861278,0.20832249627319865,0,2
b227864cd72e,0.17533187926971613,0.18200632631062028,0.44238381913888963,0.2002779752807739,0,1
b23a892a29d8,0.5514164153942687,0.11552986498858217,0.24276803953140247,0.09028568008574672,0,3
b242d9b6f327,0.023709942206022277,0.6557786463804567,0.13757570920445247,0.1829357022090684,2,3
b2626fe919b8,0.513695757526721,0.19325323902652583,0.16749195550669238,0.1255590479400607,3,0
b266d836e091,0.05949977495296524,0.3720991712034507,0.2899307717417322,0.2784702821018519,1,2
b27172e0b2f1,0.028614004860522672,0.6420870073039643,0.21610652774878827,0.11319246008672482,2,1
b27e356820f7,0.02706419129070213,0.14474440812461825,0.43886310512075793,0.3893282954639218,1,0
b27fe12f2fc0,0.19713667269633384,0.3131282597746477,0.3408087756338271,0.1489262918951913,0,1
b28ad4ebc3f5,0.09492013274418022,0.5327956104621714,0.22684505473737634,0.1454392020562721,1,0
b28ce384008f,0.056065333644084996,0.560320272150957,0.260136061811915,0.123478332393043,1,0
b291fa8c6b02,0.08021848951631273,0.6246755509121075,0.18797348716980886,0.10713247240177104,2,3
b29bffb0d4a3,0.2823163278970214,0.21143948582838248,0.34558679505009055,0.16065739122450554,3,0
b2ad788bfc3b,0.08287508308494528,0.41848084437622346,0.22679172959099742,0.2718523429478339,1,4
b2b9fffd2865,0.1828686954741057,0.21469433789570658,0.4703257028482347,0.13211126378195295,1,3
b2bac61abbe2,0.388932598009089,0.3074109834708838,0.14270008804554435,0.16095633047448285,0,1
b2e1d9261b55,0.22379463854111242,0.2617393019828395,0.30071086634305777,0.21375519313299018,0,1
b2ea554a013a,0.1224407175578931,0.2509161875723065,0.1408133652295189,0.4858297296402815,1,4
b3034a39ab25,0.14129940403639657,0.3288383112043336,0.21611241545197712,0.31374986930729265,1,2
b30c87707a75,0.05040165789454968,0.5154252978740632,0.27983139093004594,0.15434165330134111,1,1
b32c3695dd40,0.023158261051748844,0.27486920321049996,0.21883011007511063,0.48314242566264065,3,2
b35b5e223ed1,0.27969342378327056,0.29809945504258023,0.15343591796653813,0.2687712032076112,1,1
b36a47fb5f1f,0.3004406892186023,0.0973472468408357,0.3190608924286992,0.2831511715118628,0,2
b3715ae5290f,0.28821918942429775,0.1439535722566018,0.4627782346456868,0.10504900367341363,0,1
b389d4881747,0.06092637102323907,0.5122266877509282,0.2658521657338456,0.16099477549198718,1,1
b394cd076dc9,0.08164656624669024,0.11475803570049703,0.3531822833182406,0.45041311473457213,1,1
b39b524d798f,0.3304723166805672,0.16248191828371986,0.2827562958534343,0.2242894691822786,0,3
b3c5eea8f3b6,0.04304617228007352,0.5690161911646372,0.17469831284247925,0.21323932371281,1,3
b3cf474bee3b,0.45180991360280787,0.11425439884395747,0.14003638061871618,0.2938993069345186,0,1
b3d2c3f6ba5c,0.246439213644647,0.2794296131108157,0.26730160419260296,0.20682956905193434,1,3
b3e4687e4793,0.12479819507938106,0.1719267865298574,0.47451764418822445,0.22875737420253722,3,2
b40c57c36cbf,0.05601806616657934,0.5336993180368003,0.16870875335206198,0.2415738624445584,1,3
b40f174f19a6,0.12204946002236346,0.3278893330458325,0.245253706768051,0.30480750016375313,2,0
b41f3ff4504e,0.41983372218262066,0.18592850967770475,0.2213518463721389,0.17288592176753573,0,3
b437cb4c577e,0.1681033117234434,0.40401472952861456,0.2573701707370068,0.17051178801093514,0,2
b446d79ee8f1,0.07684964915102359,0.4892083397337756,0.22263176910599652,0.21131024200920426,1,2
b447179f34cf,0.71649718158869,0.026327575608670935,0.11958545467256113,0.13758978813007802,2,2
b449b8c43f5c,0.7149160100044738,0.03962220522952326,0.12397592434909503,0.12148586041690801,1,1
b45b05909f01,0.0217558061316874,0.6486223106263408,0.1354966335861538,0.1941252496558181,1,1
b47a01dbca0f,0.17773003754794944,0.41504917130529195,0.3628202628054356,0.04440052834132302,3,0
b49952dcdb83,0.41116821935889813,0.13966174880369692,0.2107480296935675,0.23842200214383735,3,2
b4dc310fc95f,0.39949750183807364,0.2814718201501319,0.27968480465219014,0.03934587335960418,0,1
b4dcf0375a27,0.3046939755357381,0.0646895239693828,0.23092375495750417,0.399692745537375,0,4
b4f16c10bd10,0.12011412868940616,0.39090568196595404,0.14316375384028518,0.34581643550435465,1,2
b4ffce3b60b9,0.15266144801101425,0.1077807881454422,0.20886051642495765,0.5306972474185859,2,4
b50ffb872dd3,0.021989532254044986,0.43574997897225837,0.2458196980792934,0.2964407906944033,1,1
b522753ecc9a,0.6859382263231815,0.04719062281006352,0.08239329992252434,0.18447785094423055,3,2
b524c80e729a,0.21268357302495064,0.05137878475765752,0.3473271794559161,0.38861046276147565,0,2
b54b96343f1d,0.01841517438003878,0.7144559856059021,0.16320772125329233,0.10392111876076679,1,1
b54bbad84888,0.21634750400190256,0.18866195661044993,0.19475057837903115,0.4002399610086163,3,0
b5582e7bcb41,0.561062987086869,0.048670271261673934,0.2463362122782019,0.14393052937325512,0,1
b562944eb64a,0.1640875831241267,0.3430277859599189,0.3422891650483303,0.15059546586762418,1,2
b568a6326154,0.1831448189473666,0.4832211080067936,0.27825080805513863,0.055383264990701266,1,1
b569148041f7,0.322099144517971,0.22739565677739512,0.2738468542480388,0.17665834445659506,0,0
b57abcba61a3,0.15566146237840456,0.38865584630242184,0.291753630190174,0.16392906112899971,2,4
b58d8a8771c4,0.08782855060986311,0.4950692202806727,0.23980642394838103,0.17729580516108334,1,4
b5962d47cea2,0.05779210743042269,0.2820346840709028,0.354632504640383,0.3055407038582916,1,4
b59f90739827,0.11027997643839829,0.5502302360407455,0.19525665971487385,0.14423312780598233,2,0
b5a166179242,0.074041033841463,0.3983242250337189,0.23479645185194467,0.2928382892728734,2,2
b5a1a36a6a17,0.1853965502068529,0.08949959437130643,0.4005441316618648,0.3245597237599758,2,2
b5bc8aa87423,0.36462583400306997,0.44689241373638017,0.1314229063655842,0.057058845894965717,1,2
b5c9316de211,0.02616914327514502,0.6824669101141717,0.18613682230822334,0.10522712430245988,1,4
b5ced8a554bc,0.02533704030887593,0.6537686271084734,0.20585815118097356,0.1150361814016772,1,0
b5e67f04dd09,0.8153412298192468,0.012698878802017099,0.08792105796374916,0.08403883341498689,0,1
b5e8188b8e79,0.6754083731617115,0.07858718150785515,0.13553928658778164,0.1104651587426517,0,2
b611e772ca7e,0.008080909737612206,0.8492753277885029,0.09522986446193774,0.047413898011947064,1,3
b616aba4c37f,0.11758269221280565,0.254375019639812,0.3266936010317816,0.3013486871156007,1,0
b61bfb1fdb36,0.07323709045295397,0.25752613589609424,0.3110713405777846,0.35816543307316717,1,3
b6219d540374,0.1982653167939302,0.29194247755221164,0.2698143183925169,0.2399778872613413,3,1
b6278022ae0b,0.8585658316109185,0.004613785249291883,0.061432533322807945,0.07538784981698164,0,1
b63076e4c6e9,0.14085281813816514,0.08061436611237588,0.14390928112661738,0.6346235346228416,1,0
b64ca770e9de,0.519498470688864,0.13206766411043167,0.25522736109050626,0.09320650411019797,0,0
b65443c55896,0.35818568930707406,0.2073459155921812,0.2704595374792307,0.16400885762151407,0,4
b65b351871ed,0.19902466923133882,0.11645481165673546,0.5897674024678389,0.09475311664408691,1,3
b665f2996ab9,0.07588933649418661,0.5803213194569181,0.28567568800220416,0.058113656046691296,3,1
b66a03d385b2,0.05897759317641277,0.24841477026504602,0.3516550102940644,0.3409526262644769,3,1
b66ff916214c,0.08752761131467118,0.3279056324213399,0.45816290128481907,0.12640385497916973,1,0
b677082ee199,0.13166621360020547,0.08606943007182773,0.44783297825174256,0.33443137807622425,1,4
b69c11090417,0.4701984887191477,0.14096511927388647,0.22483072464976092,0.164005667357205,2,3
b6a175212044,0.051017719149841836,0.5139778553431014,0.3081834864012122,0.12682093910584458,2,3
b6a1aa419995,0.06926600614160297,0.410631667534002,0.2926840858838293,0.22741824044056574,1,2
b6ad22a7487e,0.24557783836050814,0.1273054223619526,0.26721736437332566,0.3598993749042136,1,2
b6b4bdf92b3f,0.09305769268605342,0.4675181151256705,0.3095681835129747,0.1298560086753015,1,2
b6b6ccce4a2b,0.31395069313228385,0.3668909695935273,0.18064682400410453,0.13851151327008426,0,1
b6d5e818679f,0.8569857621271687,0.03328547905675311,0.08409435369295729,0.025634405123120933,1,0
b6dd2dfbfe52,0.28064400511718357,0.27511366224034495,0.2622812934972643,0.1819610391452072,1,0
b6e467a93579,0.010073539222787095,0.6213223895923832,0.2613755301550867,0.10722854102974302,1,1
b6eab0a3cd1b,0.4415743744491864,0.16771000688430496,0.15501396993654226,0.23570164872996646,3,3
b7065c7e72dd,0.157630776648661,0.4119485639151073,0.3574774621112527,0.0729431973249789,2,1
b70f41a05b87,0.08637176809843779,0.39675348029756613,0.18448507183303375,0.33238967977096234,0,1
b714907cbdc7,0.3663708241801925,0.059768713692774623,0.34944919217525744,0.22441126995177538,3,4
b7159866a9ad,0.5877539914392023,0.08588889162905396,0.11991140527384342,0.20644571165790038,3,2
b72a1d6732d8,0.028615404204655876,0.59733899723901,0.3093547909362783,0.06469080762005594,2,3
b7378896c37c,0.041125997233895435,0.2919112575973724,0.2702822257161807,0.3966805194525514,3,2
b73f2014a696,0.11897436578727928,0.27434334993243326,0.23550940679866497,0.3711728774816226,1,1
b744c6f3c22e,0.03280238998240014,0.177006292743619,0.3362482662589361,0.45394305101504456,1,2
b74b3d2dd83d,0.1150480257995655,0.6338654356161177,0.17957985199891038,0.0715066865854064,3,3
b74f12b5ba5f,0.21762728280833257,0.23237649359479154,0.36555697107550167,0.1844392525213743,2,0
b7543bd8af0c,0.04030052332068324,0.5663450806091207,0.21738278307056244,0.1759716129996336,1,1
b770e72feae8,0.5001467544153038,0.12118197878677643,0.19339620151466796,0.18527506528325177,1,4
b776a1192e48,0.0307555120650992,0.5635065453817057,0.3399780762329596,0.06575986632023537,1,0
b790bca0f34c,0.0987086080630697,0.2951264379099479,0.40350889789694216,0.20265605613004012,3,2
b792f371d0e0,0.40025560098399987,0.22983450028888228,0.20928714996273562,0.16062274876438232,2,4
b7a31943f6b6,0.38534703238931034,0.29158994386162507,0.19626527010789657,0.126797753641168,0,0
b7a4443ddd3e,0.1696293135153184,0.22307943621339854,0.17180451178193737,0.4354867384893457,2,3
b7a8295b6531,0.09106785121583252,0.33045575926612175,0.2093691306684802,0.3691072588495655,1,1
b7ab5977dc47,0.647156884047881,0.011682002850964334,0.11966807997713456,0.22149303312402005,0,0
b7b44d65e1e0,0.15654022889831054,0.46802364336577057,0.23056822299782523,0.14486790473809374,1,3
b7bad61f1aed,0.6569462433479534,0.018832150018406723,0.10973948831453723,0.2144821183191026,0,0
b7bc624cf296,0.34044679304544906,0.22271953957639481,0.40402862806743567,0.032805039310720534,2,0
b7c96dfb1284,0.5222668408987049,0.08742235724547781,0.19706937151112117,0.193241430344696,2,4
b7d22144ac7c,0.1447316691099774,0.41226015383789993,0.36098905700324363,0.08201912004887897,1,2
b80302d5de11,0.46044611826058657,0.07447889841760169,0.3559202835132443,0.10915469980856737,0,2
b807413abe93,0.29752258717821234,0.19980184924462369,0.2620941422648432,0.24058142131232077,0,4
b80f219a0a8b,0.030112467619120942,0.11949472713754868,0.08852747808061195,0.7618653271627184,1,4
b81cbac55d0d,0.027078715726575553,0.650497142019884,0.2056792807485227,0.11674486150501785,1,3
b82dd18307b0,0.2861473770038603,0.10357033554172386,0.27727624387496136,0.33300604357945457,1,1
b835688d7cc6,0.04463640930436339,0.7417280074952344,0.13899956478227868,0.07463601841812341,2,4
b840c460b426,0.8140537523500508,0.028198437567847564,0.09980368745900277,0.05794412262309878,0,1
b84c4b17a655,0.38524786969337194,0.09413790702330788,0.4403256898732898,0.08028853341003044,3,1
b8544e55f55e,0.09502702869560463,0.5635135754391934,0.22228340867602278,0.1191759871891791,1,4
b85454dbd9b1,0.029787813163273325,0.5674687358633258,0.2167117574506649,0.18603169352273594,2,4
b86b6912b970,0.17692868180750462,0.2558050209435224,0.4071136679851661,0.16015262926380683,1,4
b8727a84ded6,0.1440324777697168,0.20826004287137612,0.24877659801848276,0.3989308813404244,0,2
b878791caa1a,0.3722151940097774,0.272408163341456,0.2575256796797502,0.09785096296901645,1,4
b87d30f0afbd,0.26765173697791755,0.06710376994769643,0.3819625088616409,0.2832819842127452,0,2
b89d2e52d790,0.38156624818858237,0.2780427296778604,0.24277823674134696,0.09761278539221029,0,3
b89d40fe2918,0.22557062809267106,0.2198097832303048,0.36180332546023497,0.19281626321678916,0,2
b8a9bf2fa391,0.4417911256303529,0.0949514773894313,0.17608769169909452,0.28716970528112135,1,1
b8e15549c0f4,0.05201544799054657,0.36587835922829015,0.3366447189486188,0.24546147383254457,1,3
b8e8e84eaafa,0.02827520232433714,0.7076998629305624,0.1640141979246998,0.10001073682040064,1,3
b8f4e76bbd2f,0.030437262309195235,0.09583319726166849,0.20019284961092987,0.6735366908182064,1,4
b8fafbc2ad5c,0.03216187005492793,0.34458612683205897,0.11227463142855891,0.5109773716844542,1,0
b92eb37d3456,0.08707801357105444,0.2890140915403585,0.37745617365511946,0.2464517212334675,1,3
b93fcd443349,0.05561188394333866,0.565323476972364,0.23819182114901577,0.14087281793528164,1,0
b949689a9ef1,0.30651375923585755,0.20385050112857475,0.3746996850952371,0.1149360545403307,2,4
b94e0c41bcee,0.6517083089573716,0.05981144539449297,0.21368843671927493,0.07479180892886038,2,3
b972189fc63f,0.10705992533213936,0.3792505404857573,0.1464483984837075,0.367241135698396,1,4
b97ba5f9676e,0.46663292592404615,0.144856038626527,0.22586493625989507,0.16264609918953177,0,2
b9835e921f4a,0.1969477032108598,0.17274246867504806,0.30673751168596547,0.3235723164281266,0,2
b999a7493ffc,0.4887252729574517,0.09516799129719385,0.26686423066861936,0.1492425050767351,0,3
b99ab479998f,0.43156018741803925,0.10131332200139528,0.25284672065221914,0.2142797699283463,1,4
b9a84edbb4d7,0.09644311209587517,0.33491004613368586,0.232251381347135,0.33639546042330404,0,4
b9aa4efa289f,0.045088665372581084,0.6332583680022602,0.22824490326097926,0.09340806336417955,2,2
b9b701be58a3,0.06377445185792269,0.4861819959826701,0.19944033021206523,0.2506032219473421,0,4
b9b8a810f2d0,0.0285193076413957,0.2384193479051902,0.5181569831377524,0.21490436131566173,2,1
b9eeafea5c41,0.2672022037647736,0.22355976561139196,0.21518992408489263,0.29404810653894176,1,0
ba01c7ed330f,0.07201238793169107,0.4567705107954685,0.16051511179332192,0.3107019894795185,1,3
ba07cc459be2,0.07237376139870312,0.2602612522118365,0.27373143017160695,0.3936335562178534,1,2
ba0d3ee90ce9,0.1230697777374305,0.43025514860766456,0.3493478969010212,0.09732717675388355,1,2
ba29ba23321b,0.03101412416684056,0.20215785502662809,0.07248659992835663,0.6943414208781747,1,0
ba2b03725d21,0.6352968563374959,0.04715251975241397,0.1689615490328225,0.14858907487726766,0,4
ba359fc9666f,0.040370363230146915,0.2361286192114763,0.37851177186627366,0.34498924569210315,1,0
ba382e0d8931,0.1214597050818711,0.23469305351489628,0.27009647834156053,0.37375076306167215,1,2
ba401a51fdee,0.762705781029768,0.0697187144188258,0.08506754616160896,0.0825079583897971,0,2
ba463f69de41,0.04397523229958814,0.6493193650682744,0.1407410467520148,0.1659643558801227,1,4
ba482ec6743a,0.07395689584798786,0.403717906715887,0.43383080280787994,0.0884943946282453,1,0
ba4f73c2aff2,0.0905329205109703,0.43155722855175327,0.24491131194492144,0.23299853899235512,2,3
ba50bfcf4757,0.4583849108284628,0.06701738400194879,0.20305029185332327,0.2715474133162652,3,3
ba54f0062738,0.23481263045105796,0.5132116843466985,0.21662411757211142,0.035351567630132065,1,1
ba72d9d6b562,0.7869020638123315,0.02713417563955061,0.09276727196427102,0.09319648858384706,0,4
ba7e0977f38b,0.5038623718725894,0.05985433386406467,0.20975295445792866,0.2265303398054172,0,3
ba7e67ba6f98,0.007852574965264971,0.37354635248166135,0.35106531697749804,0.2675357555755756,1,4
ba8f9647f1ca,0.2900034031503774,0.38109879627552373,0.19560402070867472,0.13329377986542407,1,1
bab9f823eb40,0.16707539662633938,0.20889515008317025,0.2788085888945683,0.34522086439592214,3,0
babc74e64174,0.566104738978606,0.05644637406621475,0.17399433108692441,0.20345455586825478,0,4
babd2d68bb87,0.20026426826129556,0.2830867142031901,0.28024789153370155,0.23640112600181282,3,2
badb8a6379ac,0.02938958182783286,0.45998159184893267,0.1791904587062944,0.33143836761694,1,2
bae29add20cf,0.2564889801361106,0.18840606891796674,0.3183070815182436,0.23679786942767916,1,0
bae502afd0c2,0.23522972727250913,0.3635677528821511,0.24672800755383645,0.1544745122915033,0,3
bae643d12bd6,0.20307615287508904,0.2625354101788237,0.16524214406223026,0.3691462928838571,1,0
baf7f4d4a312,0.18311136423401353,0.1581285351932813,0.5555367348223609,0.10322336575034431,1,0
bafb7e87a1b9,0.4309501587860569,0.1372418907870891,0.325461743177652,0.10634620724920207,0,3
bb251f790a9d,0.08670402941404982,0.6155235049285007,0.11609328025470644,0.18167918540274305,1,3
bb268ee80de6,0.5184070935536144,0.15850689030685453,0.13852006910483278,0.18456594703469834,0,1
bb316c570dea,0.015050201332693249,0.44569813143220777,0.16695657637130368,0.37229509086379536,1,0
bb4e52abc3e7,0.07777268437256821,0.37268836803136235,0.451114281478547,0.09842466611752254,1,1
bb5d71cc0b7c,0.39740361300605004,0.19125336112358415,0.25463015100005265,0.15671287487031318,0,1
bb676fbfcf2f,0.10484476788772734,0.6560229433619529,0.19365658998330093,0.04547569876701884,1,1
bb74de6c12d6,0.3269624675425612,0.13096592102667848,0.0840107213850998,0.45806089004566053,2,3
bb765720c618,0.044622324493554744,0.66567632091761,0.17524521376941768,0.11445614081941761,1,4
bb8a2eded898,0.14446994709695796,0.2157816689446335,0.39158977590872013,0.24815860804968853,3,1
bb8d7ff318fd,0.1314431541306609,0.31583025019803834,0.25230346384808966,0.3004231318232111,0,3
bb8f28b5c369,0.8709530569729101,0.0210319788047323,0.0799645540416051,0.028050410180752498,0,3
bba84cc338c3,0.0942875191939625,0.2183346233895324,0.3193008898756735,0.3680769675408316,2,2
bbc14136a5cf,0.012487131799428114,0.5950718574616535,0.26242427996692846,0.13001673077198997,1,3
bbca377a9bed,0.6351444464251932,0.10186381943711474,0.1755674150678524,0.08742431906983979,0,3
bbd9439c6bac,0.11167669542142453,0.1995300543538986,0.29902907399847345,0.3897641762262033,1,0
bbe2678852f9,0.3576431145623052,0.23106288650573997,0.25152677393090306,0.1597672250010518,1,2
bbebf4a7d2df,0.8694582443382507,0.007652714512253611,0.04931295884887977,0.07357608230061595,0,0
bbecf7f6c880,0.08924252386211108,0.562954659068074,0.2953165587811969,0.05248625828861803,1,1
bbfcab526b80,0.2380895070038802,0.2008316010738269,0.29495183412297765,0.26612705779931517,2,2
bc086ebcfdd4,0.4438827954557579,0.09875247947852377,0.17174878814852496,0.28561593691719345,1,1
bc1596dfd0ec,0.07703231807641535,0.578576480645987,0.2315326542386199,0.11285854703897769,1,4
bc18de2898c2,0.5252292442145087,0.027418713384147503,0.2270323493839278,0.22031969301741589,0,0
bc27460a2859,0.517510956181323,0.1276542627866673,0.20246941866186147,0.15236536237014808,0,3
bc2b65a2e0e0,0.3814959543400186,0.23578011338519084,0.29245406273570523,0.0902698695390853,1,4
bc3e009078ca,0.02980114067514067,0.18620327995682798,0.40891421632871006,0.3750813630393213,1,3
bc4f1a8bd241,0.5110384939594117,0.11460767367814076,0.18805758502510553,0.18629624733734207,0,3
bc5d38c88259,0.05538940944638196,0.6356976259784213,0.2041765250298009,0.10473643954539594,1,0
bc641c321681,0.1527421173159995,0.5142314433737253,0.27972060662081444,0.053305832689460875,1,3
bc78728ff8a2,0.045903847364431045,0.3245523229782627,0.38153021453593056,0.2480136151213757,1,1
bc7b9c7f6db0,0.19266445011121341,0.31100958932171,0.22650796346987997,0.2698179970971965,2,1
bc84d476388e,0.3962508664843508,0.05124623264197298,0.20072210772190274,0.35178079315177335,0,4
bcc7cc108014,0.19902048741804157,0.13654304819492685,0.19772140393187226,0.4667150604551594,2,1
bcd4b22a208f,0.5786921341692326,0.10952974156625858,0.20109068792054363,0.11068743634396519,0,1
bcdfafac68b7,0.4425513547083077,0.17570981105672562,0.26153046071921493,0.12020837351575175,3,1
bce35dd6fafd,0.04700682497639431,0.4678177126558452,0.24714195688802237,0.23803350547973817,0,2
bcee64e12aa2,0.07810125584010547,0.3439873415277686,0.4138144496978694,0.1640969529342566,1,1
bcfb73eb7ad5,0.03974415616533051,0.46824693323956834,0.30624355860922203,0.18576535198587896,1,2
bcfeb0f76b80,0.1013476181963298,0.3952887113299961,0.27474404457851037,0.2286196258951636,0,1
bd0695952ade,0.5854987788367183,0.11837559666262984,0.2014623420590837,0.09466328244156824,2,3
bd0783c01abc,0.09720081744219553,0.368664390224005,0.42339453383103665,0.11074025850276295,1,2
bd07eaf2191a,0.24927642092126157,0.1677498814745275,0.41293046178484943,0.1700432358193615,1,1
bd1003a23104,0.7696943487473372,0.025070818953689195,0.09275687114076066,0.11247796115821297,2,0
bd65f1e9450d,0.18855156701873024,0.3106250918154272,0.2703036347466651,0.2305197064191776,1,0
bd7354e80f27,0.07224643849847397,0.2712802337449446,0.28524276038102214,0.3712305673755594,0,1
bd9c555b3306,0.36682602374515105,0.051744143763965286,0.16770757076041917,0.41372226173046467,0,1
bda053990c9b,0.5548832896662517,0.03331727135116915,0.18216830751507596,0.22963113146750314,1,1
bda0602c708b,0.261663451874694,0.23311662043429146,0.26256908632145715,0.24265084136955745,3,3
bdaa322433dc,0.028854214442453896,0.7564070769688418,0.162365186061436,0.05237352252726846,1,4
bdb9c7c83922,0.26718951905177535,0.15644803290179454,0.46782013370388215,0.10854231434254782,3,0
bdc6b580adb7,0.7329060358204674,0.05290480328039227,0.14758833076256045,0.06660083013657983,3,0
bdd6949b330c,0.3470287265019989,0.1121261999387142,0.2825581916766455,0.25828688188264143,1,1
bdd87dcce3de,0.27390966985788284,0.07506316478410563,0.3566880045024565,0.2943391608555549,0,4
bddc88dfb40f,0.27820584784031793,0.13378669085223696,0.2129911648226743,0.3750162964847708,0,3
bde318b15e1e,0.04651053360237827,0.452391659635648,0.38801194489156626,0.11308586187040748,1,2
be0ebd3113b1,0.3360945523622852,0.23389543536908872,0.34563376557008624,0.08437624669853994,0,2
be10f1ab3655,0.3093037661282814,0.1581015246894096,0.33131321009481945,0.20128149908748952,1,3
be16979f2071,0.37014277209354535,0.10655997562227192,0.1889636740451306,0.3343335782390522,3,0
be1a7ddcc19d,0.1573634049950693,0.5580826629937028,0.1963078142582537,0.08824611775297427,1,0
be27e91fa4a7,0.06307820108914579,0.46162302939208677,0.3170126462407448,0.15828612327802255,2,2
be27ee4c4df3,0.5251827051761188,0.10048074813538113,0.10341985376839882,0.27091669292010134,2,0
be3713bb7bdf,0.11053227276612593,0.2496423690583484,0.26899163498516604,0.3708337231903596,1,3
be64cd408bf7,0.01697322500581045,0.48250833232609414,0.05579951618008665,0.4447189264880089,1,1
be71112b8c0e,0.23402267360775764,0.3008425172456883,0.2832850354995628,0.18184977364699123,2,0
be71d3607cf2,0.28306526619279543,0.15485546510094497,0.22318782845415788,0.33889144025210177,2,2
be7bfd0b2237,0.1040803495501676,0.1992987567140711,0.4300871442596604,0.2665337494761009,1,4
be7ff7307411,0.05637627236760661,0.6537292464826382,0.2062737009500347,0.08362078019972045,1,3
be8295a3e3f1,0.3500008047092453,0.04193897324506015,0.41738708296267635,0.1906731390830182,1,4
be86e0fdf9f3,0.029659496962396913,0.705096458429862,0.1464178890106921,0.11882615559704887,1,3
be8966fdac91,0.3427334752642405,0.23290725106427876,0.26746749499354244,0.15689177867793833,0,1
be920463ac73,0.10608103203750434,0.6271478895469722,0.21599549247163077,0.05077558594389264,1,0
beb058ee419b,0.632836373987033,0.048169807047618696,0.12150775954263293,0.19748605942271552,0,0
beb148677aba,0.03829734042304156,0.4485003636576668,0.24534201222388116,0.2678602836954106,1,1
beb39eada193,0.5421725785349327,0.08275639179660893,0.24630955342704072,0.12876147624141768,0,3
bebaafc7bfbe,0.04788416829904812,0.4633227055293465,0.11540836039297107,0.3733847657786343,2,1
bec6fb240456,0.026799013238558263,0.14293823280765067,0.12124493005039252,0.7090178239033986,1,4
bedd74e98d2e,0.854018072715533,0.008880124407728222,0.03496191045281721,0.1021398924239216,0,0
beeb9195fe52,0.0071615905089236305,0.3864828105309051,0.16741173440760304,0.43894386455256823,1,1
bef9268e8897,0.1576280575607535,0.4200229677080696,0.23587084630422664,0.18647812842695036,1,1
befd9a5119eb,0.11298174045722659,0.4078624599524037,0.14187894017859354,0.33727685941177604,1,4
bf0f4d0e3474,0.04924480829129692,0.5099843834033005,0.22736067294377182,0.21341013536163075,1,3
bf1a41bf2a35,0.2066088770889152,0.15544547023644814,0.4769224172328862,0.16102323544175057,1,1
bf21ae96901c,0.22936024140289954,0.282066824616257,0.1795171838736296,0.3090557501072138,2,4
bf35d36cf961,0.1446644095582121,0.25152602524568224,0.33344003396498206,0.2703695312311236,3,2
bf3653da2444,0.34316146919084345,0.2478112215611306,0.13533012392727556,0.2736971853207504,1,2
bf3ba5075cab,0.032627540184684924,0.48368291345714975,0.17299164087976857,0.3106979054783969,1,4
bf443fd8264c,0.189580861840005,0.2711404037264235,0.3517325070673384,0.18754622736623328,2,0
bf503a60ff23,0.5295439961080487,0.06904440308407316,0.1817603987027485,0.21965120210512964,0,2
bf529579241b,0.612275815898464,0.07507434208663753,0.15214616142204773,0.16050368059285064,0,2
bf6bb812ec63,0.7204579983867252,0.03444082845522858,0.12454866592008298,0.12055250723796344,0,3
bf6f81be0705,0.14688400329388576,0.2979564793817979,0.40448959504657056,0.15066992227774562,0,3
bf6f84cba47f,0.1233977716493342,0.08331930797514779,0.16017109257515216,0.6331118278003659,2,4
bf718904b796,0.05598779009238579,0.4453064277595637,0.2709412666061015,0.22776451554194885,1,2
bf88ddc2621c,0.05784473870360109,0.44899711311066287,0.26948320346592586,0.22367494471981028,1,3
bf89768fd788,0.09985765419211065,0.19409357725998624,0.46834161071305164,0.23770715783485136,1,4
bf912917376f,0.10211617813850984,0.45727958523779844,0.3249621771347855,0.11564205948890627,1,4
bf9f49c46709,0.5517360591126449,0.17646854556223418,0.14671965247989383,0.12507574284522713,1,2
bfb004fb2bb7,0.34118968185145554,0.3324425485686973,0.16407347027580046,0.16229429930404668,0,1
bfd9d34295ba,0.6150374037637127,0.06603527803326663,0.18999709145725185,0.12893022674576873,0,2
bfea52f3ba2e,0.2282996775494639,0.216585431971591,0.22930884166681476,0.3258060488121304,1,4
bff5c52b5fdc,0.4285321814008256,0.1893931627998207,0.2745784525514235,0.10749620324793029,0,3
c0101bf708f1,0.04392899012148529,0.1944556660388012,0.26726074837860503,0.4943545954611085,3,3
c010f88a494b,0.2932447723493166,0.19723372564592478,0.30247861148425753,0.20704289052050107,0,3
c01889462e54,0.276501454530124,0.34548402228658287,0.2807053963999788,0.09730912678331437,3,3
c01c4998eddd,0.38701519034885873,0.16316352460244257,0.31000236242723167,0.13981892262146708,0,0
c0319257bdb1,0.0469734463555352,0.25026733447897376,0.23335148754748083,0.4694077316180102,1,2
c0527255e849,0.04311731204472531,0.19397883086997947,0.26531798589454986,0.49758587119074543,1,3
c05506118d89,0.05987087560873768,0.7412500496917811,0.08791356620080759,0.11096550849867362,2,3
c065c89e797e,0.49635788760358296,0.15945759813936192,0.19789916524133894,0.14628534901571613,0,0
c08ddce7c535,0.06014177139919227,0.5887852138895879,0.17329570974230007,0.17777730496891975,1,3
c08deac36ae6,0.4101297180667107,0.09536396680041948,0.15222085362096455,0.34228546151190525,3,4
c08f28069408,0.033285827402120334,0.4382601757515489,0.2822559448814681,0.24619805196486277,1,0
c0a5c404506f,0.03737624097950283,0.47614443787491795,0.37118967197269964,0.11528964917287961,1,2
c0b31c4ca617,0.24642736806245316,0.07203823598807431,0.4927890239560615,0.188745371993411,2,4
c0b825a70867,0.4574055592360009,0.20366383082516007,0.15304191877420295,0.18588869116463613,2,3
c0be57645ef7,0.025522045478544607,0.5163232835325381,0.10850632707943056,0.34964834390948674,1,1
c0d6283aba70,0.4444260907383924,0.21936234414012307,0.2179476989867813,0.11826386613470322,2,3
c0e02c0cd817,0.28989338422599903,0.07720904968487077,0.28435004128669017,0.3485475248024401,0,4
c11804d10775,0.14889701686290863,0.07753099404643558,0.2347019711564335,0.5388700179342223,1,4
c13f13201af8,0.5752853171217837,0.059385006212620405,0.27881867874391064,0.08651099792168529,2,0
c140fcf4dbce,0.798606296234352,0.01595522656533454,0.08177970665514847,0.1036587705451649,0,0
c158be090c57,0.1851199288198847,0.4237531156652076,0.1964799931410671,0.19464696237384063,1,4
c15c667317d8,0.06573763018193081,0.15879555033330978,0.36928400400682504,0.40618281547793444,0,2
c15db163ce39,0.031233435527325677,0.4727526593511597,0.32163052007860826,0.17438338504290635,1,4
c18d22653598,0.22392202167382644,0.3911848063062417,0.24178487121084982,0.14310830080908202,1,4
c194eef4058d,0.3429882476928338,0.1541605694934561,0.22782169716379191,0.2750294856499181,2,4
c1a4593e3210,0.5652857592231447,0.07039609213654781,0.14905953335917113,0.21525861528113627,0,1
c1b4cc5a3d82,0.2874661499091829,0.31971273636114605,0.15549749295714999,0.23732362077252098,2,2
c1ba276f8ca1,0.5612822302449545,0.049425472731232246,0.25974340912935595,0.12954888789445726,0,3
c1ba4d912111,0.5081278033246123,0.15315951884292942,0.15299446056969118,0.18571821726276708,1,4
c1d61c52bdfd,0.03865619766510217,0.4984888992241125,0.421342317444771,0.041512585666014276,2,1
c1d724ba4d21,0.3880478710129874,0.04689993368049676,0.1773802078958778,0.3876719874106381,2,0
c1da0e5b5e7f,0.14425671953878985,0.5193862784984014,0.22836566676596035,0.10799133519684855,1,3
c1ecb74c1260,0.15865784745942152,0.5263399893361578,0.22175298861779616,0.09324917458662453,1,2
c1f2fb51a794,0.029962195070017482,0.30930000099725613,0.3775475528581705,0.2831902510745559,1,1
c2168febb64d,0.16968904138920865,0.11941899753293261,0.35573555720796046,0.3551564038698984,0,1
c21b75627e3b,0.431312185800848,0.14627609097274685,0.20390523375606043,0.21850648947034473,2,3
c22387a717a0,0.07039504480537527,0.3153156604280975,0.4083514285251365,0.2059378662413907,2,0
c229eccad476,0.10815550000436121,0.1261715303379072,0.13659548999977075,0.6290774796579609,1,0
c22d3ee72d3f,0.022297027860322106,0.6851667507662482,0.27235970296445,0.020176518408979695,2,2
c23033b658e0,0.2824478678903922,0.22747687821467966,0.250606173394888,0.23946908050004004,1,3
c2317b1e87a8,0.4946644233540705,0.12149259164562598,0.2416119638599302,0.1422310211403732,1,0
c2349438eb7d,0.09564183067240987,0.3545157769365106,0.3481252389923481,0.20171715339873153,2,1
c23f590fff4f,0.03292776281980489,0.6010306889935643,0.31456239921087514,0.05147914897575563,1,0
c24d4d4534d4,0.6788806038542746,0.0368495685932353,0.22679452619666926,0.05747530135582097,0,1
c24d9ce8858f,0.4361950185397948,0.06417720469548553,0.12686538513035064,0.37276239163436903,1,4
c25107e62d1e,0.020036328650852246,0.7182339889112063,0.12011347617120176,0.14161620626673974,1,1
c251f8956347,0.17461954149084838,0.33485039567980607,0.3933872077950832,0.09714285503426226,1,2
c256d52076a4,0.22511136822830974,0.2674046896816516,0.3074536231696928,0.20003031892034584,1,4
c25d9133b16e,0.07010360341571695,0.45919800348200523,0.30265320752384955,0.1680451855784283,1,0
c26bc0272129,0.36874730488376756,0.11734700152231266,0.30286355603107656,0.2110421375628432,0,1
c27577f295b8,0.6595221299450064,0.048536014941685704,0.19019820599020915,0.10174364912309881,2,4
c27f7fb9e1db,0.38528353594759646,0.1149619755211717,0.18345517401024372,0.3162993145209881,0,2
c29970048923,0.07188356391270116,0.25099680650918244,0.3135026641893289,0.3636169653887874,1,0
c2adb9afbb5f,0.060947122843926886,0.12084177172359811,0.38415849026831234,0.4340526151641627,0,1
c2c53475d6c8,0.1599480582601677,0.24195411332414354,0.15131441840104964,0.4467834100146391,2,4
c2d117c7b9fc,0.0874890195370432,0.1670830598116903,0.13160464931666147,0.613823271334605,1,4
c2f87da261ed,0.09821999777884262,0.3730997545266723,0.3615025491947657,0.16717769849971933,1,0
c3009b38115d,0.049364001623333695,0.2564402170705126,0.20225612401257004,0.49193965729358363,1,1
c3107aac6a7d,0.09165825466310532,0.17949355992201738,0.4897983232625212,0.2390498621523561,1,3
c3200a1427a8,0.15284156566486837,0.24212786899925295,0.16551816656757684,0.4395123987683019,2,3
c32b58cf3fcf,0.44372574058103453,0.26268966235714936,0.19200294507527746,0.10158165198653879,1,3
c33551d1160d,0.1722937365492492,0.22060818010059552,0.3358037431510138,0.2712943401991414,2,0
c336b6ddd31e,0.380683099492098,0.09914365623989016,0.34358887869979027,0.17658436556822157,1,3
c346c7718800,0.07526946928963472,0.4149196541693462,0.2378504491313234,0.2719604274096958,3,3
c34c3d0cb965,0.11278990166167571,0.47413169391553744,0.2580727069563514,0.1550056974664355,1,1
c35596515b04,0.10534179430853792,0.5007015927196949,0.19511163743385745,0.19884497553790978,0,3
c36730438f84,0.6616031699792878,0.07318429005585919,0.1755957012471228,0.0896168387177302,0,1
c36802596bf8,0.20158945163524614,0.20818027334075417,0.4227752717729314,0.16745500325106824,2,2
c36cde17cd04,0.05715789139438137,0.3842063136412976,0.32753910597780844,0.2310966889865124,0,1
c3835f6d361a,0.030490443403076207,0.2640038802091028,0.22460441339333465,0.4809012629944863,2,4
c38afaf25923,0.18577165410923804,0.10882893529855776,0.21647290897990143,0.48892650161230283,0,0
c39d68397d84,0.14630760844055302,0.693174297242101,0.10335417362014496,0.05716392069720105,1,1
c3a48893191e,0.40511865279069637,0.1532218090697358,0.27642820661634704,0.16523133152322086,0,0
c3b236f3b68d,0.649528884338393,0.02239725421115115,0.20060833159411112,0.12746552985634485,0,4
c3b54c0f1f3a,0.4412011204860156,0.26388597837146227,0.1453472927800246,0.14956560836249733,1,2
c3c51d97acf5,0.3053879694525058,0.2777309125333538,0.34689358455006863,0.06998753346407185,1,3
c3c8292e31e4,0.8241127479433445,0.018448477572181994,0.06605049726975545,0.09138827721471791,0,3
c3cd6826fd20,0.16995557332621922,0.28270330244215786,0.25634978849426404,0.29099133573735897,2,4
c3d5876a73a1,0.0856555588634301,0.18008964075083933,0.5447884871682542,0.1894663132174763,2,2
c3da9334b162,0.046400439546235336,0.24113112148851726,0.4096777382113111,0.3027907007539362,3,1
c3f453d9e744,0.020135474878614345,0.48466389975185387,0.2185640295527319,0.2766365958167997,1,0
c410870ee506,0.31049938277909905,0.1412809830755368,0.40672923634895586,0.14149039779640823,0,4
c41c937123f7,0.11734803721914369,0.43307000149487834,0.27302452782911996,0.17655743345685804,1,2
c4201775db63,0.09335245030708361,0.26567897459852713,0.4007578184363734,0.2402107566580158,0,0
c4272626019e,0.13462959051819007,0.13523666616302668,0.15641587728503417,0.5737178660337491,0,4
c42bf9c1becb,0.3427660465527505,0.07921159202740657,0.1898771041914999,0.388145257228343,0,4
c4328d32e545,0.0686118266823817,0.7289494353655737,0.1575296792671774,0.0449090586848673,1,2
c445c6365449,0.6245800944291252,0.11657419525313811,0.16839901620706793,0.09044669411066852,2,3
c45d664b2d3b,0.04180731707198217,0.33523636423272,0.16809993501428433,0.45485638368101355,2,0
c471f279da8d,0.09813613324774668,0.06348506912196836,0.12093660005548773,0.7174421975747972,0,3
c4749d8f848a,0.022460144709152967,0.31549133632930937,0.22596848313559836,0.43608003582593935,2,2
c474e013e0af,0.06574175353429947,0.5647717315250266,0.2815375997669882,0.08794891517368567,1,3
c4870e289de7,0.03768800321669159,0.19732789217883356,0.23383849007366309,0.5311456145308118,1,0
c48aac4f37c3,0.349105329765934,0.27330524432829795,0.28328389409096405,0.09430553181480404,1,3
c4a1e07b68b8,0.6888141889470248,0.09187326718253323,0.19294737940705473,0.026365164463387155,0,4
c4ac6f824edf,0.5786736462813571,0.020277448691049492,0.19184527528089582,0.20920362974669754,3,1
c4b86ed06eba,0.044024529711688284,0.22325153821316823,0.30463587377764106,0.4280880582975025,1,4
c4bc22f2003f,0.48396685179850124,0.18945414643820593,0.2038309872143536,0.12274801454893938,0,3
c4c9da010bb7,0.24579149677430961,0.3201801111244707,0.28347659302039724,0.1505517990808225,0,0
c4dceddea945,0.18072253146246461,0.26358799995242727,0.44163848394818667,0.1140509846369213,2,2
c4de7c5901ce,0.3502400159645643,0.22323436356495874,0.3576206845142091,0.06890493595626798,0,3
c4ded198c3f1,0.0035682001312879576,0.22706633681202013,0.24986720040858687,0.519498262648105,1,3
c4fab7c2a354,0.2572994533501041,0.23214521403587987,0.18351792103449643,0.32703741157951965,2,4
c50020785833,0.5215933676872577,0.08972802737213846,0.31478640861257295,0.07389219632803079,0,0
c50278df84d0,0.10193916888809798,0.22184100366100862,0.3897492922839317,0.2864705351669617,0,3
c508e7ff4063,0.0879644601174979,0.2102438415869996,0.2862811169852754,0.41551058131022717,2,3
c50ade6786c1,0.0718971938222127,0.20633562974797798,0.2811337966283239,0.44063337980148554,1,4
c51701835609,0.28038535753544286,0.33107104770823087,0.11567685322368686,0.2728667415326394,2,3
c52f27b9bff5,0.28300115211911847,0.1040523451519272,0.18896877153988204,0.4239777311890722,3,1
c539ad81cc2b,0.10947971195079408,0.2073735372655336,0.48522978224178714,0.1979169685418853,1,0
c544a46adac8,0.05047121062134461,0.6731093411893662,0.182719290186166,0.09370015800312334,1,1
c553748e7049,0.13829003656463526,0.20783102588858168,0.5177519723625874,0.1361269651841956,2,2
c55dcf172e5b,0.015342292069595044,0.4984499513306052,0.4150508235227999,0.07115693307699962,1,4
c5634cea013f,0.16604985007193923,0.27180117114675534,0.2773102200561686,0.28483875872513686,1,3
c56bbac149cc,0.04015982129246495,0.7529620066697822,0.14827398736462835,0.05860418467312432,1,4
c57c345cc6a1,0.1615027923976437,0.31002908369456655,0.1333716141978741,0.39509650970991567,2,1
c58d3494fd01,0.028392824987497747,0.6050246204632873,0.3166040255969322,0.04997852895228276,1,2
c58f890db01a,0.5761855544118645,0.08845623283797961,0.17567107686437156,0.15968713588578443,0,4
c5a5dd5ecc62,0.4039074493052529,0.07404235460338865,0.16209723565282338,0.35995296043853514,0,2
c5ae5513399f,0.29789186960451663,0.33366180658283817,0.2592314007625041,0.10921492305014097,1,0
c5af2a9953f1,0.27082501860258157,0.1969572660679829,0.28314703885722503,0.24907067647221048,1,1
c5bed0d55643,0.12374624274234296,0.33983638278128403,0.1947586711853608,0.3416587032910122,1,3
c5c7c1b15da4,0.07893584164623982,0.3819759186499314,0.3778976205931522,0.16119061911067667,1,1
c5f847a87bd2,0.4472291330463757,0.08430060331827556,0.20246864181591107,0.2660016218194377,0,3
c612fea06981,0.06450065868243937,0.4459201538023236,0.17079374785287513,0.3187854396623618,2,3
c61ce24f4011,0.05816640763169634,0.49625145907566603,0.09258289022537845,0.3529992430672592,1,1
c631e5f031a9,0.04550992610544531,0.31540460189280056,0.27429813810077375,0.3647873339009804,1,0
c63c77cebf53,0.2700260065902768,0.10879172912299877,0.26989187954141425,0.35129038474531016,1,1
c640c29623c8,0.6820073601761367,0.057342870462086824,0.14776829829817245,0.11288147106360394,2,0
c640e58f2c3e,0.1099132031645099,0.33768562555767895,0.3684621659727287,0.18393900530508245,0,4
c64a6fceed0e,0.13908365564957137,0.5151365745800897,0.18666130744951515,0.1591184623208239,1,1
c6583ca18178,0.3709692395842891,0.24448373430745085,0.2540821534532202,0.1304648726550397,1,3
c65ed6750934,0.011431610290829806,0.5577922372221495,0.1731419075630656,0.25763424492395504,1,3
c6621edbc480,0.13593407238878275,0.2683265665557439,0.2740036351343274,0.321735725921146,1,4
c662e2746cbf,0.0700294847864742,0.5528136180441929,0.26251290701534663,0.1146439901539863,1,1
c671c042f2c2,0.17062714399642,0.3941906038675721,0.1398231698339707,0.2953590823020372,1,2
c67a9e39ade5,0.2062055261053918,0.10970794097305223,0.15938996944822764,0.5246965634733284,1,3
c69bf860eb88,0.16964931219700516,0.5017793273740653,0.16714515724856516,0.16142620318036435,0,0
c6a376032cfd,0.5222417109719353,0.08348650022074616,0.16688694601434934,0.2273848427929692,2,0
c6a5e29975eb,0.43562968584493245,0.35616703055593957,0.17649614682280448,0.03170713677632354,1,4
c6ab9c7ba459,0.15988812650877332,0.14814325434915135,0.5291427895518699,0.16282582959020536,3,4
c6b1e11a8f4e,0.011372779606945795,0.38386573310345096,0.2155221410673515,0.38923934622225165,1,0
c6c5e04f3a24,0.5270321238238137,0.04445912196573816,0.18581023590160406,0.2426985183088441,3,2
c6d8c8e90ab4,0.047770813733244835,0.27521363939675164,0.19808730944705133,0.4789282374229521,1,2
c6db7683f622,0.2677787590620129,0.1351701637319888,0.4242046420766425,0.1728464351293557,2,2
c6deeff2bd56,0.3982551701610555,0.20007205582399673,0.30577803622111266,0.09589473779383516,2,0
c6e15cb1f2a8,0.016594037961723436,0.3686009169685483,0.19783574503119086,0.4169693000385374,1,4
c6e1b0f07d2b,0.046366582091208565,0.4665120848107693,0.3153898545614842,0.17173147853653795,1,0
c6e9ee8fbf4e,0.13755524055858787,0.4515962463630718,0.2523965468107728,0.15845196626756763,2,3
c6ed4ed3f93c,0.08639812868487536,0.03943358261204352,0.11852770657739926,0.7556405821256817,3,4
c6f036281ae4,0.5990314749538546,0.12780060618694158,0.18317272735964582,0.08999519149955802,1,0
c6f8052c3084,0.17598403884169908,0.3614472897321911,0.3291149041925538,0.13345376723355612,2,4
c6fd58768e03,0.5953519671425658,0.039423339029258715,0.15100858094514305,0.21421611288303238,2,0
c70369caef91,0.0639241460831344,0.6728239780136686,0.09224859284362816,0.171003283059569,2,1
c712a4ef7476,0.22984889543681722,0.2868548187256678,0.24536899971528148,0.2379272861222335,2,1
c71c8eb2df69,0.08617854682190086,0.19485433011663078,0.21343950418117574,0.5055276188802926,1,1
c7291b008baf,0.099153183477038,0.6978266510219624,0.15574320971817313,0.04727695578282657,2,0
c732dd163d0d,0.5469600241795775,0.054146966494391734,0.22617343037638632,0.17271957894964454,1,1
c7426be07170,0.012494561972178986,0.41855519130122204,0.34555337125762436,0.22339687546897452,1,4
c74b100b835f,0.37837011052612507,0.0982861489971913,0.15119490120867346,0.3721488392680102,0,4
c74f9b3910a5,0.3562204980323309,0.3223857812658259,0.19612159516551803,0.1252721255363251,0,4
c75957219940,0.09502952922891737,0.48698314733006887,0.2961400649468699,0.12184725849414396,1,4
c76676090cdc,0.14751842751127345,0.3764233092130782,0.3382194242460962,0.1378388390295521,1,4
c766fc255651,0.12982721979403825,0.2017725612162379,0.4467882793150022,0.22161193967472168,2,2
c76b8d3f1402,0.21487661505870795,0.0733367674923045,0.36444996003219915,0.3473366574167884,0,3
c77364a32ea4,0.28024295579317937,0.06455622632497286,0.23063366537046892,0.4245671525113788,0,2
c77ad8c72093,0.03713341128055546,0.5649964090971663,0.2837485868940512,0.11412159272822717,1,3
c79e944eb6ae,0.16258099726478067,0.31097784625042807,0.26304452236279224,0.26339663412199893,2,3
c7be24e7b7c0,0.0757553307457537,0.286321562872019,0.46700258674383,0.17092051963839736,3,2
c7c00de9cb9f,0.38461218526068097,0.17969777263363657,0.2428978250613314,0.1927922170443511,3,0
c7c53a0fcccc,0.3919653553197644,0.20211482562221025,0.2762162888024455,0.12970353025557999,1,3
c7cb4bb07b69,0.5165071239497213,0.22960557244502258,0.12641403640157506,0.12747326720368107,0,2
c7d21e91ecb8,0.14108773125563784,0.15045163635612044,0.444215024149964,0.2642456082382777,0,0
c7d9660daaa5,0.03656973331641324,0.25463845892640646,0.21371154718536736,0.4950802605718129,0,1
c7da9786faff,0.31335833527061263,0.20466144749327764,0.2947031999247431,0.1872770173113667,1,1
c7f9cb4677dd,0.537492015324697,0.10757831799930145,0.24129801695388453,0.11363164972211698,0,1
c7ff315a07d2,0.16519855785676255,0.22065002401932637,0.3647076211586055,0.24944379696530555,2,4
c804cb63b917,0.339592812676239,0.2547387269785076,0.17410325671419957,0.23156520363105398,1,0
c805bfb98923,0.30921458199083535,0.12007596724415343,0.34842605627637385,0.22228339448863738,1,2
c806bfda328f,0.14381122101358812,0.07659775802767073,0.3495139398178378,0.4300770811409033,0,1
c806e55aadeb,0.05797130205440193,0.19308056512031788,0.12208397136863919,0.626864161456641,0,1
c8113e6ba961,0.6781846029645151,0.02344121412609706,0.15311279836706398,0.14526138454232382,1,1
c85b74b2f14d,0.17766135757541104,0.15211116163458954,0.4241758584926723,0.24605162229732697,2,3
c87797d3e4a4,0.715683657908669,0.08713531033346125,0.14821911746929708,0.04896191428857279,0,3
c8787f51904f,0.16240635189060088,0.23969724997635167,0.4320840446176358,0.16581235351541176,1,4
c878e9f77705,0.04412784238625548,0.43225264413469694,0.24392650213365127,0.27969301134539637,0,3
c87a812df3e3,0.7812542496301527,0.041464841871002085,0.07972436065860243,0.0975565478402428,0,0
c87fc2d62863,0.17237542934532354,0.29672599580112274,0.2646554753745244,0.26624309947902935,0,0
c889f01b32c4,0.08402346234935976,0.6104719641925385,0.18773158281524902,0.11777299064285264,2,1
c8939c198758,0.24364708362817952,0.45949182858323806,0.20921800889668613,0.08764307889189613,0,4
c8970add821a,0.05443039298447004,0.6892808286781529,0.11702362291934107,0.1392651554180361,1,1
c8a262f4d593,0.4889963524804005,0.12001098774694573,0.27809334963134624,0.11289931014130752,3,3
c8b578ee523f,0.28898480212635325,0.24451723502074166,0.2965624697061488,0.16993549314675632,2,4
c8d0b3531ba0,0.08154496162418781,0.3584272378527469,0.3294761170325517,0.2305516834905136,3,1
c8ec0362eb1d,0.02317153384803438,0.4938759057889731,0.11983256481864886,0.3631199955443435,1,1
c8ece2a8d2b4,0.8656994699051869,0.014226796590509523,0.047440102506008136,0.07263363099829555,0,0
c8fba581da8b,0.25333182624946937,0.20945931718949323,0.10914029874959395,0.42806855781144343,2,2
c9171bcfd1f9,0.6007233711488086,0.09157379782464461,0.24753281255397008,0.0601700184725765,0,1
c925ca312688,0.10678873822118376,0.3135766411303306,0.2752692874281108,0.3043653332203747,0,3
c92965e46fe3,0.4672618605175458,0.0621616655688947,0.2728573459454459,0.1977191279681135,2,3
c9377445d2c5,0.08650095772571925,0.38499505348084273,0.3852173248307282,0.14328666396270998,3,4
c942b7beb3c8,0.03992685307942781,0.29822180655280106,0.2661642739871984,0.3956870663805727,3,4
c963416e4f73,0.6580688128807856,0.04058819057342572,0.2055364933742099,0.09580650317157867,0,4
c9a187b33acc,0.01291058953274784,0.353407439326135,0.20035899566246818,0.43332297547864895,1,0
c9b48db00217,0.34709226296428913,0.09879464401878751,0.347790999455104,0.20632209356181955,1,3
c9bf4ff8d7e8,0.515769699152563,0.0347874686298887,0.2600800021476909,0.18936283006985746,1,2
c9cbca627e30,0.006387529964419242,0.8257203241164136,0.09325197404597081,0.07464017187319628,1,1
c9dfce6a3b7f,0.05577650937667954,0.39168727995902125,0.3608145910681769,0.1917216195961224,1,3
c9e4975d5ae8,0.006351166840061081,0.7850215804677071,0.08574044899642008,0.12288680369581187,2,3
c9fb827e89a4,0.09551221576392313,0.4460863959245265,0.4196580875250945,0.03874330078645597,3,4
c9ffe6312921,0.3149259626803935,0.2045929769939462,0.2950289344286671,0.18545212589699314,1,1
ca0faad019c5,0.062999866886108,0.3732254244165939,0.24156534775961763,0.3222093609376804,1,0
ca12997e60a4,0.22065847335926078,0.24461753757419336,0.3028277890879746,0.2318961999785713,1,0
ca1c191b5af2,0.024061454934380912,0.5955543174133343,0.17502606698882858,0.2053581606634561,3,1
ca306996a98d,0.23121622333676534,0.19790147253210444,0.46168137236968615,0.10920093176144414,1,3
ca37589b5766,0.40260163737877686,0.16907271558100984,0.18888200492730203,0.23944364211291122,0,0
ca436c68f046,0.05058762543646647,0.6175325604637844,0.13940191063728358,0.19247790346246557,1,3
ca4ae1f8356a,0.08744779116615585,0.45001563260034905,0.31387889710775785,0.1486576791257371,2,4
ca4bd49ea348,0.09850531904103858,0.3656641871248985,0.22947322578704202,0.30635726804702074,2,0
ca54d15e5311,0.4786699566596579,0.06979030732245542,0.34030072945186934,0.11123900656601743,1,1
caa1a1861fab,0.48730609313920653,0.28611769841848556,0.15786348906973172,0.0687127193725762,2,1
caae1729c701,0.29962242808072714,0.20012993184829542,0.2856217902783871,0.21462584979259036,2,3
cab686c551eb,0.5662450202905589,0.07930829157416791,0.2172933804520646,0.13715330768320858,0,3
cac4d4c92312,0.7178735004572034,0.09930326168124769,0.10263234655649783,0.08019089130505103,2,4
cac903938518,0.062104068910032624,0.6824367543347506,0.18055705358578705,0.07490212316942976,1,4
cacc8f5f2c2e,0.13910879589988928,0.18791467828856276,0.2830360584157943,0.3899404673957538,2,2
cad19e55e9f8,0.31488980787748344,0.3173369604215395,0.23137172870576223,0.1364015029952148,1,0
cb04434a6c7e,0.20492569196839192,0.2527346265921863,0.27789548941984055,0.26444419201958125,1,2
cb0d6854e691,0.06293197297512841,0.30782674102205165,0.18967192594976867,0.4395693600530513,1,4
cb2949b1aa32,0.0554899169201232,0.36540272061488543,0.4185786209062838,0.1605287415587077,1,0
cb4d8159a8bf,0.10134584475165137,0.2932054230771601,0.27782140307062947,0.3276273291005591,3,0
cb542a3e1086,0.07685918677261602,0.27239015116085996,0.23583206583630376,0.4149185962302202,1,2
cb6673ee6433,0.33461241495216376,0.11668851476309718,0.13197534222913243,0.4167237280556067,2,4
cb8d01dc0d0b,0.0458065379000637,0.6812463287362398,0.16954024533554785,0.10340688802814874,1,2
cb9e68a7ddc6,0.27920369350900026,0.22377267921171567,0.2597286035889134,0.23729502369037073,0,3
cba7dd0a06d2,0.2514786310959659,0.4138196552151429,0.2883819330757519,0.046319780613139315,3,4
cbaee64f9d29,0.7596751597349718,0.034300227095619064,0.14233222202128812,0.06369239114812078,1,3
cbb7b764ca87,0.6094312840171761,0.08251569493670084,0.20760865324726785,0.1004443677988553,0,3
cbbc6e5e7141,0.5721563772346046,0.09443479156656392,0.23876618335415217,0.09464264784467936,0,4
cbc5b788ab7d,0.38605350579639747,0.27320673031150755,0.16033669245662652,0.18040307143546855,2,2
cbcc9c2bfaa3,0.16433631612700306,0.4589148281926893,0.24592859452918311,0.1308202611511244,1,1
cbe28b52b282,0.015887521075676727,0.48544132019746905,0.24551591470458375,0.25315524402227063,2,2
cbe5d39a75bd,0.3148998376375617,0.2806254347439348,0.2190728574372548,0.18540187018124882,3,3
cbf3b338fae0,0.0868832515221024,0.3482552597520461,0.35520802248566424,0.20965346624018735,2,2
cc127cda72f8,0.26066743600854747,0.24130626540748015,0.30785943859760995,0.19016685998636249,2,4
cc214df24ffd,0.07665150402147206,0.2826301239107334,0.21272396281656683,0.42799440925122767,2,3
cc4e5235357b,0.12748371464580063,0.1889598251361755,0.3094059017728359,0.37415055844518796,1,3
cc4f74e87040,0.11989728986610747,0.26067957529069263,0.37914121670681894,0.24028191813638108,1,1
cc5dac252ddf,0.022686109493088913,0.6963834215917433,0.18532145872157965,0.0956090101935882,1,2
cc5ff5b6356f,0.05053181410023409,0.48022318182187135,0.1274371869243357,0.3418078171535589,1,1
cc7cafd867f1,0.018533652649595514,0.7427443698794999,0.19746897395309015,0.04125300351781447,1,0
cc7fff1668bc,0.11364513721873884,0.16353840477291448,0.16918050795714296,0.5536359500512037,1,1
ccb2bb7d0986,0.033728507648763874,0.5582717278130255,0.2068933649346227,0.20110639960358812,3,3
ccb8df9dddce,0.07486479381596514,0.2868496304166673,0.18295205588210714,0.45533351988526055,1,0
ccd2dee9eaf9,0.17434291384636777,0.2613462116558419,0.31402839700671287,0.25028247749107746,2,4
cceb9796da02,0.8422199367921358,0.0429206843156394,0.06474574323736386,0.050113635654861,0,1
ccf4402a880e,0.5717483437582402,0.09280876434833586,0.1660951656679262,0.16934772622549768,2,4
cd009edaae20,0.23634279003718817,0.177590017856167,0.37560313555162356,0.2104640565550212,2,3
cd082bbb2799,0.1333901105460272,0.36699753360315035,0.19706337785430614,0.30254897799651637,0,4
cd22baf7bb69,0.47467627761129355,0.061788073385103934,0.24458735506883386,0.2189482939347687,0,1
cd26a806db43,0.37587264718523544,0.2516406010562224,0.2604655535168593,0.11202119824168284,2,0
cd3829a517ea,0.4812040522142069,0.2780816807713772,0.17084533658516124,0.06986893042925453,0,4
cd3f1572832b,0.07170895202094517,0.29090783513775603,0.2797689216116365,0.3576142912296622,1,2
cd430a024263,0.0966251947214866,0.24084348452771676,0.21438568869269403,0.4481456320581027,1,4
cd4526f0c63a,0.09055634362497136,0.5711852587338692,0.2292751844413271,0.10898321319983238,1,3
cd50cfa54f6d,0.5944305458815077,0.10667596282599395,0.22045013837376648,0.07844335291873201,0,2
cd5dd5e6f3f5,0.18075193059367708,0.22834406922286485,0.32523325116739266,0.2656707490160654,0,0
cd6d6e960d3d,0.19555538212300083,0.19503852520573148,0.2447031024689839,0.3647029902022838,1,4
cd7b8745e046,0.33913936444373155,0.19769344198341954,0.26498047786175405,0.1981867157110949,0,1
cd8dc0c789ae,0.023687576073828875,0.6479866646078034,0.22501434368531326,0.10331141563305433,1,2
cd97a120b1e0,0.012104281605686804,0.020907122056325844,0.11561162671803311,0.8513769696199543,1,4
cd9eb8ab35bb,0.7593850808150479,0.0673588495266124,0.11393251698717158,0.0593235526711684,0,0
cda63d7fef2c,0.3607793024627823,0.08249784808056788,0.3276912515873318,0.22903159786931793,1,1
cdbd8e529c4f,0.08136582113632453,0.23649012346422374,0.37318081432378053,0.3089632410756713,3,1
cdbe08f51795,0.057306948908505316,0.39821632290872855,0.26974933144439234,0.27472739673837365,2,1
cdd15519ddb1,0.05668293078792508,0.5935829286113322,0.14654543427127176,0.2031887063294709,1,4
cdd75add0930,0.026078833414517267,0.35845341269288566,0.18825294713784613,0.42721480675475093,2,3
cdda51ee9f0f,0.14734404889681188,0.33538496700172205,0.31269073820996296,0.20458024589150312,1,2
cde0ab9526da,0.4238093264945209,0.05210343997420571,0.27394740031978204,0.2501398332114913,1,2
cdea7e206121,0.24794888239554502,0.06386925922663374,0.1810635810410129,0.5071182773368084,0,0
ce193df4c0fa,0.2294817641810979,0.3316177189682348,0.17304524042242755,0.26585527642823975,1,1
ce1bc101c635,0.11942558337686937,0.4994610029392474,0.3096161576584887,0.0714972560253945,1,3
ce20472bb087,0.17706703732616408,0.3721110950502337,0.22216347483724264,0.2286583927863597,1,4
ce2cb41ebc7c,0.24422394777237824,0.19023971053786592,0.24516708229756137,0.3203692593921944,2,4
ce55217f14e9,0.6168461419177755,0.08091498998256699,0.20963141019735107,0.0926074579023064,2,3
ce5c24b1bb3a,0.0930317748629786,0.3593298672160082,0.3334865485055948,0.21415180941541845,1,3
ce61060be9c9,0.03546321531516531,0.5402396227215105,0.3004990686435576,0.12379809331976668,1,0
ce63acbfe9b9,0.23360929762060065,0.16798749872479798,0.5392122368539013,0.05919096680070011,1,4
ce65f4a0c584,0.3242973549198123,0.07827009798621402,0.19181996945311522,0.40561257764085845,0,4
ce67c56d3bf0,0.08101677005503334,0.35621703110511477,0.336230741787186,0.22653545705266606,1,4
ce7450de80f5,0.18736952078593935,0.18537312528622954,0.3831638130355864,0.24409354089224466,0,3
ce9c6941be72,0.05465656072623042,0.3067170076484798,0.3641761073029113,0.27445032432237837,1,4
ce9fab84f90b,0.29906242383101,0.23080997529982272,0.3577613535362815,0.11236624733288567,2,4
ceb994683b51,0.13390014871000652,0.3986125718466319,0.2561247951892754,0.21136248425408627,2,0
cec0cef8568d,0.7352779057776117,0.05946903307065085,0.12435632014082751,0.08089674101091003,0,4
cec6e9fb134a,0.13642734377729027,0.3500618082085224,0.36461805010763937,0.14889279790654797,2,2
cf002a39bb2d,0.031515160218477126,0.30185138555532925,0.33766565549352495,0.32896779873266874,1,3
cf03351eb58e,0.031071495600344723,0.6083704350960214,0.2621513959096606,0.0984066733939731,1,2
cf14bc7095a1,0.3438581080366636,0.07901757265403452,0.3056937647486321,0.2714305545606698,1,3
cf1a94eeef5d,0.07532387609444811,0.15374434574253273,0.13708621584004896,0.6338455623229702,1,0
cf201551aaec,0.5630579278752942,0.04191893719611598,0.1672496337764644,0.2277735011521254,0,0
cf2bccfe763c,0.676622378521476,0.02512161701309541,0.13478394526228862,0.16347205920314006,0,4
cf6018adf8b8,0.2385066819472607,0.08553620626044348,0.29247080186449265,0.38348630992780314,2,3
cf62b87ad83f,0.3416024114598285,0.11605423467433224,0.284453979563131,0.25788937430270825,2,1
cf6b1f181849,0.011412244316500734,0.7335450050723852,0.17929173047636188,0.07575102013475227,1,2
cf70a03d178c,0.03545875925707652,0.07577261218313991,0.2929020913050741,0.5958665372547095,3,0
cf7676dce2ad,0.0368885609154484,0.7362607080848501,0.12395027607936317,0.10290045492033836,1,2
cf7ca67c9c68,0.16422372640700442,0.1450020762428033,0.2792368691851463,0.4115373281650459,1,1
cfa126dc4fe9,0.030958390603494923,0.6849516337133253,0.11206258457226385,0.17202739111091597,1,4
cfba05e7880c,0.07699839445938449,0.4294208130939147,0.2514508963274825,0.24212989611921826,0,4
cfc48a3e03b9,0.048652529977473734,0.6598042302301848,0.23431632899916446,0.05722691079317701,1,1
cfccf6cf66a1,0.620296778472715,0.13077653619517737,0.15886446124150813,0.09006222409059939,1,1
cff920a92b58,0.23584503230400736,0.10553136133413656,0.3354566741886074,0.32316693217324866,0,1
d00803e34bd5,0.5266926382075146,0.10040628863630971,0.23273384703636515,0.14016722611981053,1,3
d00ba06748c5,0.26681316197433613,0.10492637884241585,0.2622962798566278,0.3659641793266202,2,1
d00f5621947f,0.22868772721481775,0.261529794323799,0.44327177788448413,0.0665107005768993,3,4
d02dc4dbc13a,0.12006109404601156,0.3128643502022745,0.40679233672200793,0.16028221902970585,1,3
d02f7a78a972,0.06192545154654341,0.6582021077170386,0.13762596169155733,0.14224647904486065,1,3
d030fc74ae1a,0.19839703373208456,0.055387590690558125,0.1807398942793803,0.5654754812979771,3,4
d036460bb847,0.047656935068002504,0.07485778729952017,0.10628093988425584,0.7712043377482215,3,4
d03988d6ee6a,0.1826331909320607,0.05673933327604785,0.578591876034117,0.1820355997577745,0,2
d0696b014aca,0.42608536035517813,0.24552418263043915,0.2038205182029089,0.12456993881147382,0,1
d07ea6d8fcd8,0.45524821111426883,0.17605259801942666,0.15287293072398542,0.21582626014231904,0,2
d07f235fa353,0.08454610426431833,0.22035984634997813,0.6302603573700163,0.06483369201568726,2,0
d0906bce2ac6,0.23098285318393744,0.10301984471750998,0.30585959038927574,0.3601377117092769,1,4
d0bdcd1a721d,0.2718483958695163,0.3846793669669017,0.1873945300438854,0.15607770711969662,2,1
d0e43623f62e,0.14016285654558228,0.2710092055632585,0.22033965128781563,0.36848828660334354,1,2
d0e855bbced0,0.041442106343424254,0.608299521789285,0.2705669763568847,0.07969139551040606,1,3
d0fb37d9aeb8,0.14331255475744067,0.3564552718071006,0.22111176540180966,0.27912040803364896,1,0
d0fdb5a98cb9,0.15778642386009895,0.33347125896936314,0.41129438471450125,0.09744793245603663,0,3
d0ffd118611e,0.6048048145891751,0.012910916354889264,0.11061379080918089,0.2716704782467547,0,4
d0ffd8ac78ea,0.3528602992148279,0.08460977946912088,0.5427275899673156,0.019802331348735616,1,2
d104cfbe1544,0.09407095035463874,0.4473444704727625,0.23757100704604148,0.22101357212655728,1,0
d120a0459e17,0.08075955595539534,0.6471194019843765,0.07486672847330442,0.19725431358692377,1,2
d129ac8188d6,0.7940801594893513,0.01231329446097154,0.15192976851144582,0.04167677753823144,0,1
d12e087e9621,0.6575389897729474,0.049264287012264714,0.10982136198173695,0.18337536123305084,0,0
d14a2b12e580,0.4764271012947999,0.0985043429140859,0.2095120268063451,0.21555652898476896,0,3
d16a188feaf1,0.0951752943524774,0.5798816370467892,0.13293352739079048,0.19200954120994282,1,1
d172b5d65314,0.5896908545564341,0.03693669604569154,0.20293058085568158,0.1704418685421928,0,4
d17a6c6eccdb,0.02485635227317941,0.6666523794873258,0.1482795844571727,0.16021168378232223,1,0
d18ee0cc36c9,0.48083757751764133,0.1805306972197898,0.2638438721234104,0.07478785313915863,0,2
d191addc1610,0.10197383366725483,0.19561219462970064,0.2026700170193758,0.4997439546836687,2,1
d195eac8f7c5,0.18258509240672327,0.152848848811058,0.23647977376970258,0.4280862850125161,0,2
d19d0011c3cd,0.6549366439497285,0.05281507860823505,0.10481194528489184,0.18743633215714464,0,0
d1b3ad13fb12,0.6178932770106655,0.045349057888038724,0.1281237141674744,0.20863395093382137,3,3
d1b3fa229418,0.35788525837809715,0.19845910665754687,0.31025949887199766,0.13339613609235837,1,1
d1b8da8b457b,0.10176709474535102,0.5687608797041773,0.23148509747656174,0.09798692807390985,3,2
d1d5510f37cd,0.20842382721883804,0.13171237902996263,0.24221505376591626,0.4176487399852832,2,2
d1df45f6463e,0.5736541220934424,0.05492183710029599,0.2751233809932512,0.09630065981301038,0,1
d1e8cfaae748,0.10006006280496699,0.3985512637401744,0.2732011630015475,0.22818751045331104,1,2
d1e9e0136254,0.6315376287953521,0.10332961213961411,0.11105507760793297,0.15407768145710082,0,3
d1f080b7cba8,0.08210444506513549,0.5288725754730356,0.3315931395755398,0.0574298398862891,1,1
d220d8aa68c4,0.0821739444661174,0.26812830379427166,0.2624904775763502,0.38720727416326073,1,4
d22cb5396003,0.8637679039351964,0.01739339718559983,0.05829974546095767,0.060538953418245924,0,0
d2381fceb7ba,0.11515023498959481,0.17744543231493284,0.17168251742205837,0.535721815273414,1,2
d25eb664a30b,0.39441546085925117,0.15175177764024794,0.3826214824338215,0.07121127906667929,3,4
d261ac4d6627,0.1683340703603859,0.07393518888464846,0.5179180161136213,0.23981272464134426,2,4
d27919d385f8,0.028435134616439487,0.4992724624853463,0.3653541882763229,0.10693821462189142,1,2
d290c990efc9,0.7735739167193512,0.01701137894570825,0.11263388345339413,0.09678082088154645,0,2
d29dcb216021,0.621142784831764,0.05489446263957725,0.20027832025887085,0.12368443226978791,0,3
d2be5fe90e29,0.7503812688658194,0.026172485849932686,0.1600922578439917,0.06335398744025629,0,3
d2c013dd8ce4,0.07676013671236294,0.6439909888366855,0.17993059582734128,0.09931827862361031,1,4
d2c1d0cb3f1b,0.07855459670881135,0.45379206080010703,0.30758535072027665,0.16006799177080494,2,4
d2cc49d90758,0.07647147721136802,0.16332248397305435,0.27199702865830744,0.48820901015727014,2,2
d2cf237688a4,0.4046355795237819,0.12956308621057805,0.35561057385709466,0.11019076040854545,0,0
d2d3cdb4272e,0.06286519099045954,0.5144156494284882,0.3768132669709324,0.045905892610119986,0,3
d2ddeca64f16,0.09459776358594152,0.3212432651633077,0.20395863367160363,0.380200337579147,1,3
d2f74c94238a,0.09720650475763704,0.49739597268191255,0.20072903759836652,0.20466848496208384,1,4
d30474806223,0.10460027779588915,0.02069659283564197,0.4477681545018577,0.4269349748666112,2,0
d3253e0cdc4b,0.19729040494984457,0.16246937987802623,0.2843265572059435,0.3559136579661857,2,4
d32d755c49d7,0.12239265424439083,0.1914369063554308,0.2872867671961033,0.398883672204075,1,0
d34ad0ebb757,0.21765782548191148,0.22383841763199905,0.48333673504722685,0.07516702183886265,1,3
d3539d3b0022,0.37193673072680067,0.1509390979171131,0.2697873255132207,0.20733684584286555,0,1
d35441c203d8,0.426320489320701,0.12418194561515783,0.2693747273996228,0.18012283766451834,1,2
d35ec785b6d9,0.615991597279989,0.054390610691670276,0.2307342350837579,0.0988835569445827,0,0
d3746284b4db,0.31024759498152915,0.16600474018033898,0.28755398356881595,0.23619368126931597,2,1
d3751dde942a,0.05909194441768981,0.44883037551356536,0.21188934713683513,0.28018833293190964,1,2
d380c0640d52,0.1768623664201908,0.4093665197457504,0.21749058395701015,0.1962805298770486,2,1
d390bbdb6eae,0.12730094323894192,0.45187574608144465,0.34128708553170567,0.0795362251479079,1,4
d393eb921fce,0.432103759232066,0.05392590002591378,0.19414307389064875,0.3198272668513714,0,0
d3b32d6522e6,0.029070207333716614,0.6217732915870058,0.09865194878791089,0.2505045522913668,1,4
d3c58aec7ef5,0.5081083337726278,0.013525805650594079,0.14458404340646214,0.333781817170316,0,1
d3cf46c2aa95,0.7825770052359697,0.04333417130310324,0.09102449418502083,0.08306432927590635,0,1
d3d092d9884a,0.04245616566059649,0.5464609147365839,0.2016336316573025,0.2094492879455172,1,4
d3da34d7982c,0.23140735839674414,0.2420935344251074,0.3771960151253665,0.14930309205278197,1,2
d3e83031ebea,0.223784570378007,0.25199529434339624,0.3711040316023358,0.15311610367626102,1,2
d40a26be9a1f,0.19199161750231789,0.37530538170555255,0.2469622831696657,0.18574071762246372,1,4
d40b3798bbaf,0.08101230224995325,0.4970533989362498,0.19319490171662052,0.2287393970971765,1,2
d41577cf0009,0.5000363990234842,0.037961436472837846,0.21639033033898625,0.24561183416469168,0,2
d419cd169212,0.01997404797759288,0.3155950053842178,0.17483084740932378,0.48960009922886566,0,3
d41cace53f70,0.630859821539193,0.05250083294669523,0.23499760999407848,0.08164173552003336,0,3
d422862db292,0.6025695781490439,0.04587672353317695,0.18502346449379056,0.16653023382398865,2,3
d42be282a595,0.34669658255858865,0.2521476513489722,0.22487940190579586,0.1762763641866432,0,0
d4335c32ac91,0.11282042162401067,0.3021712598618859,0.23998204943112,0.34502626908298334,1,4
d435148e61a4,0.03744115468865915,0.6446564928022821,0.1396299189272883,0.17827243358177047,1,3
d45764216b95,0.16739584564547316,0.21540011835923129,0.33649731974893204,0.28070671624636345,3,0
d45793c3466b,0.030089034715417514,0.5673602837057737,0.3681840069519614,0.03436667462684726,1,0
d46dc030a427,0.4688101127188511,0.23857428682719328,0.20180142574577442,0.09081417470818133,0,3
d4891fb41daf,0.3599175651017567,0.1471823773511605,0.1796768082204048,0.3132232493266781,1,0
d493a19fdc27,0.25042533061672273,0.386078190369648,0.2296996954601374,0.1337967835534919,1,4
d4a13c7d0be6,0.46054992407854234,0.11490845218135322,0.25023160454143123,0.17431001919867312,2,2
d4ab797396b4,0.7493050969501405,0.07125226207441894,0.08131695158160789,0.09812568939383284,0,2
d4ba14d5248e,0.037851907497652444,0.14726976100849914,0.3806785072017694,0.43419982429207904,2,2
d4d230450196,0.5683101600287297,0.039856493569299045,0.2135489724314316,0.17828437397053973,0,2
d4d4ad4ecf8a,0.05212793875878799,0.5030090992514916,0.29289938653710573,0.15196357545261469,1,2
d4fd13f5456d,0.0782279862856437,0.2863090957242988,0.43398126847437885,0.20148164951567857,2,0
d4fe511721c0,0.03748786771636085,0.6445903903424645,0.16935073551900856,0.14857100642216622,1,3
d50c91728f09,0.3430201822235439,0.17690340644968067,0.20101329199445672,0.2790631193323187,0,2
d51b5cef170b,0.014533509551943114,0.47613717291291685,0.09864465237127885,0.4106846651638612,1,0
d522ef41a34e,0.08545992016226439,0.22861411324883651,0.2843558193279893,0.4015701472609097,1,2
d52a34a2589e,0.06282967919658852,0.45314964726882445,0.17314281541063986,0.31087785812394725,1,1
d52f1544921e,0.09203871327955554,0.39862850852833126,0.26775583323010566,0.24157694496200746,1,0
d53147ecb090,0.49463167115585194,0.11421836327081328,0.2562271516646368,0.13492281390869795,0,2
d55d019b0687,0.047059821959248176,0.4407733789922141,0.4120196746236506,0.10014712442488712,1,3
d569759613ad,0.0541604532306244,0.518366897593394,0.22585264974203068,0.20161999943395087,1,4
d57d1c13a875,0.1873397868837994,0.3225950872820278,0.24978254421304555,0.24028258162112734,0,2
d5b987cc8efd,0.603979685292363,0.11700337884211794,0.21330675304671776,0.06571018281880131,0,4
d5c12a5ebb06,0.28930307389068594,0.28265438576148516,0.23088342087523245,0.19715911947259646,1,1
d5c20d6a24bc,0.07273557968415974,0.2757942581868309,0.3351147010031675,0.31635546112584184,1,1
d5dd9cdb375a,0.06901711574497717,0.08315009433669605,0.4234598202866455,0.42437296963168125,0,2
d5e940685d00,0.22092142849814672,0.22399271298008044,0.23853133942525118,0.31655451909652177,2,2
d5f194b6bff4,0.03445512369170999,0.2618941536832874,0.12460528107302679,0.5790454415519759,2,1
d601d93c351c,0.46795542848499605,0.21725397379003128,0.17966838217822165,0.13512221554675105,1,0
d602b556cb9d,0.6749905603132876,0.07610502894777851,0.21064644845949432,0.038257962279439485,1,4
d603bdeca20e,0.8592901759625663,0.029174504680955587,0.07725342972589075,0.03428188963058728,0,0
d604aae86dd4,0.6015617919687538,0.09662450915602967,0.2614240914493804,0.04038960742583606,2,3
d61e065cdab0,0.5404633559925051,0.05555358114557445,0.24259646607671517,0.16138659678520523,0,1
d6338ff2cfd8,0.11554052466940035,0.49809724238789443,0.1307534735983151,0.2556087593443902,2,1
d64f793908fa,0.29822131156938453,0.038916216543731626,0.38402878780831556,0.2788336840785683,2,2
d65c634447c4,0.21602180029684076,0.1601376944804542,0.15561459915172646,0.46822590607097875,1,4
d662a384288c,0.47262692937323514,0.06518767484734234,0.26266887348331497,0.19951652229610767,2,3
d668a99691f6,0.5185956969899458,0.09045194774497438,0.185532713355088,0.20541964190999176,0,1
d66df386831f,0.17234151475055126,0.2100969356342861,0.2925649018977059,0.3249966477174568,1,1
d670149083bf,0.04883084105545194,0.6993383264568351,0.185398643494388,0.06643218899332475,0,1
d68217d20b03,0.047870657337965354,0.34319693096621673,0.42608386518944813,0.1828485465063698,1,1
d6a591a5b3fc,0.18939374540052117,0.3173059888348775,0.16205592159434523,0.33124434417025606,2,2
d6ce804409dd,0.031249920335087465,0.5337083435351416,0.22272811682849541,0.2123136193012755,3,2
d6d45608c97a,0.0946909957377569,0.3386489499948505,0.4745283359943984,0.09213171827299414,1,4
d6fe234594ab,0.4255228315164271,0.13067840621126914,0.191909287027083,0.25188947524522076,0,3
d70a1e0863fc,0.3146248439329818,0.20723988292580126,0.2666276365738429,0.2115076365673741,1,4
d715b966355d,0.24886658795369393,0.2255378602402722,0.20099926674708057,0.32459628505895327,0,3
d745f58d5aff,0.050400538417085076,0.6188430153292362,0.23835863465102458,0.09239781160265415,1,2
d74b6ea0d497,0.29815023161898024,0.13280900760428996,0.26639224511551896,0.302648515661211,1,0
d74c849b795b,0.2613194614144316,0.2142779705176169,0.4044375487984294,0.11996501926952205,2,0
d74dcd7ef5ff,0.03830188924769618,0.4615538009171977,0.3565074442231274,0.14363686561197858,2,4
d7561eaf0b7d,0.3867900347313172,0.11968969816539847,0.38198678324769825,0.11153348385558598,0,1
d757af907e33,0.3776499353721676,0.20791664992801118,0.34135187406412626,0.07308154063569494,1,2
d7775f0cace2,0.033441212866919784,0.35757624217061257,0.5229087898855537,0.08607375507691395,1,4
d7942d6c2d17,0.33808853271835004,0.17929171746758507,0.18923637286640987,0.29338337694765493,2,2
d79d38bcd191,0.17761647187564433,0.13405672060888685,0.23459715038719223,0.45372965712827656,1,1
d7ab3582e476,0.07095474277318861,0.12831620531772966,0.1968288309458025,0.6039002209632793,2,2
d7c0a0524f8f,0.3982217424436592,0.12977285037299055,0.19879408959063335,0.27321131759271694,1,0
d7c21278a0ae,0.04462950506146694,0.4158808587146933,0.19021958103844405,0.3492700551853957,2,1
d7c37316355d,0.08234598958387264,0.31163485482406045,0.38935084698727684,0.21666830860479014,0,0
d7c6e17080cf,0.04848482505504449,0.46404045862217375,0.2900883055928817,0.19738641072990004,1,0
d7cbe5e26ec0,0.43467916891782055,0.10209357241158014,0.22283139647715908,0.24039586219344045,0,0
d7cd1349ab41,0.39913241278631606,0.09922679524405957,0.14311121082996608,0.3585295811396582,1,3
d7dcd6e0f47a,0.01643425741254459,0.7215866948248801,0.17459854528626118,0.08738050247631407,3,0
d7ef8f508b5a,0.42261634018509675,0.03559655808512121,0.14728041909164186,0.39450668263814026,1,2
d7f739cf4bb1,0.09378013175518017,0.4179012338773232,0.20417925945229162,0.2841393749152051,1,0
d7f85b6dc2ea,0.03317211211770158,0.4479088588457968,0.41759573783177434,0.10132329120472747,1,1
d7faada10efb,0.33512144639441854,0.3741088931668158,0.22011751702875706,0.07065214341000858,2,0
d809db32456b,0.3226474781852013,0.28113711614994663,0.1364385747247011,0.25977683094015097,0,3
d81666456423,0.04253581742073286,0.041180491736596735,0.2469423061271788,0.6693413847154916,3,0
d82241b7d468,0.09817157105702375,0.5031861180684927,0.3742456391256786,0.02439667174880495,1,4
d82f8ac5c3aa,0.34640584252929535,0.19764233058514571,0.22114937378789468,0.23480245309766426,1,3
d83df000b7a6,0.40004992111299204,0.12159745324398213,0.16396062676137382,0.31439199888165204,1,2
d8476a95f6c5,0.12359524942748079,0.46993634556870245,0.24977591147048284,0.15669249353333395,0,1
d86be7c7defa,0.12573137526923645,0.13667529897193942,0.25389609690195947,0.48369722885686467,3,1
d89e6a53c322,0.2103825623984582,0.2449208200887586,0.3049403243279718,0.23975629318481143,2,3
d8a361473402,0.16714491547560245,0.140582765526724,0.24188634009160837,0.4503859789060652,2,4
d8a982947210,0.22762075942087195,0.16657861824799405,0.41854803440895005,0.18725258792218388,0,0
d8b2815cc382,0.6220226494298399,0.02534881355044848,0.09566165783513687,0.2569668791845748,3,1
d8ba78ed0420,0.014508488658174546,0.8059558486442187,0.1122347906407315,0.0673008720568754,1,1
d8c69cd001b1,0.05159316308989673,0.707442831404202,0.14653449859131976,0.09442950691458132,1,4
d8d5a42411d1,0.0605409999783001,0.45549453828013203,0.34630652391977357,0.13765793782179442,1,3
d8e18f22e6a6,0.12187347022302279,0.38866249159890165,0.3167792136314352,0.17268482454664044,1,3
d8e2fa906f30,0.12067999175149599,0.09118472580767926,0.20436362080597437,0.5837716616348504,2,2
d8f2c08dd86a,0.49267377357369857,0.047954665439192065,0.2231570340090361,0.2362145269780732,0,2
d8f567817b2d,0.3061359203456333,0.17790851007580366,0.28833871376392595,0.22761685581463706,0,0
d8f6fee0e95e,0.06575942246904533,0.34582532320329973,0.4254969662550203,0.16291828807263456,0,4
d8fa04c1d853,0.07923417237749057,0.5687828640618617,0.2648085849123044,0.08717437864834329,2,3
d8fbcfc37ef6,0.17865358284488086,0.19454044108831892,0.5297280768860886,0.09707789918071155,0,0
d8fd9bb19828,0.163311871547628,0.14463363590935593,0.24668477191472932,0.4453697206282867,0,1
d90748e85b6b,0.1788558162295477,0.48937715942284377,0.21753299325002123,0.11423403109758729,1,3
d928ebcc2528,0.2814495739988899,0.22023820592431026,0.24052333949668572,0.2577888805801141,2,0
d93242ee3944,0.038214714879281006,0.2146479570848804,0.08490660277641815,0.6622307252594205,1,1
d932662b13ea,0.29095619858287314,0.36331970061046803,0.2404990698703886,0.10522503093627027,3,2
d95d173b60c4,0.6019267206839662,0.12743832097066202,0.12381846423144018,0.1468164941139315,0,4
d97364c9384a,0.20864221631848207,0.22930972000605462,0.23795304289585542,0.32409502077960795,1,2
d97dffd12359,0.21234811610740278,0.20549562112236014,0.4842624100419798,0.09789385272825732,0,1
d9869f667b54,0.1935159784403387,0.15441915817710164,0.348814070331598,0.30325079305096175,1,4
d996de7dbaf3,0.15828793956563528,0.5062947929445557,0.19655615701636486,0.1388611104734442,1,4
d9a638d70bce,0.0855861057887166,0.5905625723573199,0.24444996243890182,0.0794013594150617,1,4
d9a899cb5686,0.5169648885219968,0.04171534147101896,0.24365356220260362,0.19766620780438052,0,0
d9c139995f71,0.1891678723994186,0.0741943750318736,0.35884925554115477,0.377788497027553,3,0
d9c245fb1e90,0.017903684863580537,0.42638478266117874,0.25868600016279625,0.2970255323124446,2,1
d9c3624b9ca6,0.6164605314355213,0.07974514823232907,0.16845082469068498,0.1353434956414648,0,1
d9ccda507d0d,0.03432899428823042,0.4099783225507124,0.23314736464086053,0.3225453185201967,1,1
d9ed94436325,0.057161864238239324,0.15507880415460543,0.13535843309476395,0.6524008985123912,0,4
da0412fab70b,0.010092840917641935,0.8941458553712079,0.052188583625259896,0.04357272008589015,1,3
da08e385dcb7,0.14293434491660406,0.23273736812614065,0.3369397445150423,0.2873885424422129,2,3
da0d817b69fe,0.05817500178571601,0.2224814420488871,0.39025746080554613,0.3290860953598507,1,1
da286c1597b0,0.18864463591540065,0.11561761488311786,0.09199560314470705,0.6037421460567743,0,0
da30dbd6033a,0.6042910030435595,0.036013296533111507,0.1452565672239798,0.2144391331993492,0,2
da418ab5c65a,0.04851926908723649,0.12723645703122577,0.2785391297302467,0.5457051441512911,2,4
da45c7393783,0.1278609570967316,0.13355506419603627,0.24100745976531437,0.4975765189419177,2,0
da507be5f7be,0.08563363552468588,0.23444440914417822,0.3834870458593702,0.2964349094717657,1,1
da535a527858,0.12733457617320565,0.35326407576851554,0.3073743033181385,0.21202704474014028,1,3
da5783a467ea,0.17198014307361859,0.33724984002488456,0.2729373091873161,0.21783270771418073,1,1
da63a5ea2b12,0.03539950481614257,0.6689026070617529,0.18682716510027672,0.10887072302182774,1,3
da879ffcc1f9,0.34773160287611143,0.3009427314221624,0.18284698524913148,0.1684786804525947,1,2
da9b63d2f697,0.15036005196613622,0.3415280263146825,0.310304217885514,0.19780770383366736,2,2
daa2aba8e7b0,0.015241860844298417,0.293991545813184,0.12931945775707998,0.5614471355854377,1,0
daacf4460a62,0.3051162876465663,0.20940931308045346,0.384251677383534,0.10122272188944625,0,4
dacea3ad99e0,0.04489222009694642,0.40570164444437534,0.3313141780471866,0.21809195741149145,0,1
dad2c0ee2607,0.14817270694048307,0.1134830401301765,0.35387821200600594,0.3844660409233345,2,1
dad30bc7ff47,0.0415700190282633,0.4530641340242372,0.15587541688924683,0.34949043005825264,1,2
db06909d6c78,0.024369743295094386,0.239788986172505,0.07140799256682945,0.6644332779655712,2,4
db14e640e037,0.5347243546372052,0.10908657206700546,0.24318218273144598,0.11300689056434327,0,1
db1bb68655fc,0.1649682962328017,0.4050200794279352,0.2615942288978977,0.16841739544136555,1,1
db29f6ed9d3a,0.5876430530680415,0.08563088612711249,0.18779157350071937,0.13893448730412647,0,0
db2c984ad877,0.19881645981884744,0.4295721649612913,0.15429976468032844,0.21731161053953274,2,2
db406f865d2c,0.7902843924539199,0.011308253777286491,0.09754620967702343,0.1008611440917701,0,4
db48ecc61b3d,0.3930208864681747,0.11154610596068126,0.24739914737041027,0.24803386020073387,0,3
db4d0ddc1235,0.16962266211711405,0.2778265983349568,0.4212191458738778,0.13133159367405123,2,0
db5be2895a72,0.2501041219768804,0.15497925989193767,0.3347755884280313,0.2601410297031506,1,2
db70f01df58b,0.1287381374238562,0.3983221746132539,0.24625306884206738,0.22668661912082258,2,0
db7bacaad1ca,0.17710202438060474,0.551433962533987,0.14430496003658677,0.1271590530488215,1,3
db7e1c572d15,0.026668812141759857,0.6447458988426547,0.22552793810242353,0.10305735091316184,1,0
db8d0318b5af,0.4433113471241894,0.16882108832863102,0.2866244714240495,0.10124309312313014,2,4
db9298d9ded8,0.043737373030318646,0.6252268807965673,0.16814145696067834,0.16289428921243576,1,2
db97eeddf9ef,0.27920128710985886,0.16885007789098708,0.38705241287860725,0.16489622212054675,1,4
db9f9c62dc00,0.7436478316949733,0.021196986388423354,0.166142415128988,0.06901276678761527,0,2
dba658c69988,0.1265136085363756,0.5072783642217233,0.2066523928282468,0.1595556344136542,1,2
dba690393e1b,0.17424315488358708,0.2249180409199295,0.4715948187905437,0.12924398540593968,0,2
dbb6d75304ef,0.6150955282355466,0.0827550123985078,0.10414607864395625,0.19800338072198942,0,3
dbf005c67f42,0.33236557095783764,0.2263097347644313,0.2764163314866131,0.16490836279111803,0,3
dbfb54d68d5c,0.34969677585693815,0.1833699924581904,0.3453852902922404,0.12154794139263117,0,0
dc074c261a90,0.15454013301044012,0.5292559127968309,0.2151595627368466,0.10104439145588233,0,1
dc0fed8c8737,0.17749919291307525,0.5946413139834867,0.17467638197349633,0.053183111129941715,1,2
dc2115b5198d,0.05470213052229998,0.5943621720132064,0.24792524522315948,0.10301045224133402,1,3
dc290fedef27,0.22229728908148047,0.26823450751613903,0.40454744926833847,0.10492075413404187,0,4
dc2b14b11aaf,0.04080866669046215,0.08241154925657351,0.675328220494173,0.20145156355879149,1,2
dc3c2c613d0c,0.03883918642953952,0.28866233351744475,0.3214677834451181,0.35103069660789765,3,4
dc5ad30410e4,0.05864044669787586,0.405229851762154,0.35976745442558045,0.1763622471143897,1,2
dc5e5ab68387,0.5582612849619377,0.11127734456460968,0.2665898163521249,0.06387155412132757,0,2
dc632437d7c9,0.05277475624320863,0.37946621076838555,0.16505970191299316,0.40269933107541267,0,1
dc6ce7c92fe6,0.1338901451831768,0.4174712139330957,0.28702968914926075,0.16160895173446685,3,4
dc7ddcf65b4c,0.0805865092164279,0.3314073019126746,0.35324213564964135,0.2347640532212562,1,2
dc8dd6a3ae7d,0.22872635610489778,0.10126302048529194,0.4726291459817823,0.19738147742802784,0,3
dcaa76ec8d44,0.18261788602979856,0.3179593509676542,0.3433292621384691,0.15609350086407808,2,0
dcc6632b56b4,0.06381123355702077,0.2520038484406646,0.2877846523530097,0.3964002656493049,1,3
dcd5cc87f977,0.22175026594487066,0.2936707382774379,0.3646827979323018,0.1198961978453896,1,3
dcd9d77c6ac6,0.41578073928123915,0.19630095542703604,0.308749164309845,0.07916914098187974,1,1
dcea6c3e62bb,0.02336466598049255,0.32433528312353715,0.19556500329636464,0.4567350475996056,1,2
dd08a4d54544,0.26964910398321157,0.31893274086372986,0.37269765221029805,0.03872050294276052,1,4
dd148f46bf1d,0.3021578536990197,0.1928986494523718,0.28751931236711165,0.21742418448149683,1,0
dd31f8f3d087,0.0529156477793605,0.33095977438007895,0.33598464437476405,0.2801399334657967,1,2
dd39287d4cdf,0.01995601691760388,0.6513448067916977,0.16440500660998705,0.1642941696807114,1,4
dd47f215e92a,0.5388596596424386,0.1894957198341431,0.14457132601197487,0.12707329451144345,0,2
dd4ce54aef62,0.35722577984919873,0.221587157180513,0.28506254048328256,0.1361245224870057,2,2
dd50b4d48244,0.3228363394123421,0.04771482249299289,0.4684922505493724,0.1609565875452927,2,3
dd55cdedbede,0.11718812290166972,0.34312371825490523,0.3815211454604472,0.15816701338297795,1,2
dd60b8bfb2d2,0.2697982907296361,0.2829998981086199,0.2880385697408184,0.15916324142092547,2,0
dd7ae61dc7e5,0.16528386417646956,0.3678221623800421,0.42564927220689364,0.04124470123659464,3,4
dd7aeb805eef,0.3380612079140012,0.15260795846297845,0.36365464991438,0.14567618370864033,1,4
dd8b8a5c9307,0.15736740326263576,0.10494235086393756,0.34375926265352996,0.3939309832198966,2,3
dda0d73e068c,0.7662354050569223,0.01863179935453374,0.13840882894336604,0.07672396664517799,0,1
dda1563c0620,0.0933702019591664,0.5926627259482796,0.20850258425850565,0.10546448783404844,1,1
dda68db29fdd,0.461441035124596,0.06764935294237187,0.19923045802706113,0.2716791539059711,0,3
dda7e9290f64,0.1505090865339714,0.2555831918893448,0.49929307681516627,0.09461464476151757,1,0
ddb8e432479a,0.23572397299615505,0.33223253232359207,0.11209040195595173,0.3199530927243012,1,0
ddbe636ad06c,0.03821075622087388,0.060534124940461606,0.2529975992462496,0.648257519592415,2,0
ddc659c2e59c,0.7851505377028712,0.05713439229373881,0.06443086786168059,0.09328420214170935,0,3
ddc87971f87e,0.02633161891538535,0.06645859263320132,0.15874790531175909,0.7484618831396542,2,0
ddd30a3355ab,0.022718820744947698,0.6543618827231326,0.2725970549594628,0.0503222415724569,1,1
dddc5467ff7a,0.43968423957685293,0.14089015610062042,0.16241081193224285,0.25701479239028374,0,3
ddf50c05459b,0.1906235419192696,0.24033884074895975,0.2519830824966313,0.3170545348351393,0,1
de1f16eadd95,0.17427198918989234,0.3405159095698925,0.3636875107220066,0.12152459051820844,2,3
de2d1a60c2af,0.6845314998480813,0.036510326675021576,0.11602966617911524,0.16292850729778208,0,2
de333ed072c8,0.4297400109403335,0.16298662990549773,0.21185221028653223,0.1954211488676366,0,3
de33d3a51e83,0.8432521481413977,0.010614091425891111,0.10250110054777356,0.04363265988493773,0,2
de44f6af8b10,0.19596882346364589,0.385621286650457,0.25218327058313744,0.16622661930275962,1,4
de4ad8d40fdf,0.053039313386586975,0.6407322160747516,0.19128830976123298,0.11494016077742844,2,4
de53947e43b9,0.03090566213181805,0.7812894936573528,0.14129031539900605,0.04651452881182312,1,0
de76a012b637,0.09758068306978887,0.2591514828504558,0.16460786204371522,0.47865997203604016,1,3
de7934b835ca,0.40581982747285666,0.07502124491080134,0.3583783618409119,0.1607805657754301,0,4
de81caee7374,0.35895293896029384,0.08567569896842084,0.2336710778231433,0.321700284248142,3,4
de975d080334,0.08907566078248139,0.4106707965265941,0.14183146493826151,0.358422077752663,1,4
dea5608c3e0a,0.03967348583102197,0.6230349482299369,0.16203643255470734,0.17525513338433377,1,2
deca3972c352,0.08460478734738755,0.38282414074655546,0.2638287243730038,0.2687423475330532,1,1
decc8130c6bf,0.3185829532695996,0.34392397409954134,0.20608611892047735,0.1314069537103817,0,1
ded38a5051da,0.07692926970173344,0.15359264343003767,0.23139270748034965,0.5380853793878793,3,4
ded489f168bc,0.6073028126884858,0.04024354571267043,0.1952562909531507,0.15719735064569298,0,3
deee69329e9b,0.07539497707660116,0.055999465785474524,0.12784944378683596,0.7407561133510884,1,4
def37f7cd713,0.7472680217054913,0.020707846381237904,0.09172716153498471,0.14029697037828584,0,3
df07c0223107,0.6142046378112107,0.17967259390553098,0.15514603978432212,0.05097672849893604,0,4
df1750048937,0.3320494939642816,0.3659671813858462,0.22232192468490167,0.07966139996497053,1,0
df21842cfe5e,0.06514565278081318,0.2939449966568671,0.21303771496722684,0.42787163559509295,1,2
df37fe53632e,0.30158216449917413,0.1509667428699949,0.38735798986657693,0.16009310276425398,0,3
df453764e19c,0.15590558815716343,0.04426390472492525,0.016631950195255832,0.7831985569226555,2,2
df45b695ea21,0.2528005420524408,0.1455804992560735,0.2458882692810046,0.35573068941048114,1,4
df4722bbd29a,0.09744160058930781,0.4443133824759672,0.17902769489723738,0.2792173220374875,2,3
df4a3d3d27ba,0.4689935425485793,0.16503346307250077,0.1548952121958987,0.21107778218302117,0,0
df68e31da347,0.16567821645360492,0.15551257051587267,0.22546957966977174,0.4533396333607506,2,0
df6b420aaa31,0.21341612875124125,0.2858436451450164,0.24523412924157964,0.2555060968621627,0,1
df6b45073c39,0.26636244460102215,0.2576376016074074,0.31492147522285685,0.16107847856871355,1,3
df74415b31d9,0.2203543013485048,0.1559129546011477,0.31301459893712097,0.3107181451132266,1,2
df89af5f42ef,0.12281349686728454,0.31641569464375185,0.4625199871149997,0.09825082137396397,1,0
df89f8a12033,0.754660120651704,0.04736753262421122,0.12347272793185748,0.07449961879222736,0,0
df924511c439,0.28886569431793635,0.15173081992300466,0.11337954383736149,0.4460239419216975,0,0
dfb6127e91ca,0.33420277779703117,0.1907045654879493,0.2255972735638654,0.24949538315115405,0,3
dfbe54ad1d85,0.8142328553938907,0.015468861329123038,0.11579351608237506,0.05450476719461114,0,1
dfc0decef09f,0.022477367561698873,0.2389117210909591,0.04941242218155829,0.6891984891657839,1,2
dfd673001c50,0.21597975877709796,0.2083000502331948,0.39212863021759264,0.18359156077211447,2,3
dfdf3913f6eb,0.020900642310199877,0.6350315934205348,0.2256389359526337,0.11842882831663154,1,0
dfe556626958,0.08920157499386,0.13732034261710246,0.233000275531789,0.5404778068572486,3,3
dffe7deb873f,0.1025376826202855,0.3182950329351767,0.22107667814478388,0.3580906062997539,1,1
e00eb01eab38,0.10506947539368594,0.39570098802755765,0.24388251461136068,0.25534702196739567,1,0
e02bbb13a371,0.40050741333136236,0.10128615507198875,0.16735068836709016,0.3308557432295588,2,2
e02f99a44c18,0.5524934115291429,0.10413602716166567,0.21245048639709155,0.13092007491209992,0,2
e033c4a5100b,0.04190064449952944,0.4079813530967866,0.3996793029182404,0.15043869948544356,1,3
e03476810a2d,0.049922195634656524,0.41694263422205535,0.19658644861317418,0.33654872153011406,1,3
e03fb79d272e,0.16732154805514698,0.30486997340544425,0.33341371518327045,0.19439476335613837,1,2
e092291d0802,0.09311183099016528,0.45815599917854566,0.3901042787970251,0.05862789103426405,1,4
e0944b64b80c,0.7683714764498005,0.0174086971980905,0.08502847476400853,0.12919135158810024,0,4
e094984999c2,0.0631187544388732,0.3466994522750113,0.17847415206569156,0.4117076412204239,1,3
e0b5009d6492,0.12053836957909735,0.3533885282400099,0.3819627742649369,0.14411032791595582,1,2
e0d90a4de0c6,0.03952973733268192,0.35294602761123467,0.409141358474481,0.19838287658160247,1,1
e0ee01a012f0,0.6509485946395983,0.02639327620166677,0.1875240414900461,0.13513408766868876,0,4
e105b07fb9a8,0.34548643620216085,0.1308612055976594,0.19791978868506174,0.325732569515118,1,4
e10ad2e7182d,0.07746128145856948,0.42085737908994536,0.2179875087013282,0.2836938307501571,1,4
e10ae9dd5000,0.3322474769842009,0.3288381873770612,0.17114978332005512,0.16776455231868276,2,0
e11d6e9affa1,0.05996134226273968,0.5233200116390865,0.34263355611331736,0.07408508998485644,1,2
e126d9d23457,0.43039189526491073,0.11833233426309912,0.20415989657370665,0.24711587389828366,0,2
e12de19718d2,0.5760761038957624,0.03019816171063788,0.137481286703484,0.2562444476901158,2,2
e13e117a8d82,0.34689952230784016,0.16908613444332932,0.2079831307570141,0.27603121249181634,1,2
e156dd640b9c,0.13613189521282335,0.5502585172763246,0.13676068042464876,0.1768489070862033,1,1
e15b98946bf7,0.296328636596233,0.4138435779054177,0.17496646286827502,0.11486132263007427,0,3
e164f3b294e9,0.09224537117654481,0.27867697978788414,0.1295174667196747,0.49956018231589644,1,3
e171596e4b75,0.6222688378674831,0.12209518852378547,0.1930608710295845,0.06257510257914699,1,4
e17921c991eb,0.5997294202331033,0.1411382194121778,0.19483131393885317,0.06430104641586579,2,2
e17a546bc355,0.04391364845361891,0.5543072211964737,0.1878249597177398,0.21395417063216762,3,2
e18155c4762b,0.38373531684098944,0.17040711455430996,0.2548738325552222,0.19098373604947827,0,0
e19121eb93f0,0.14045532878414507,0.39332819238347233,0.301776126298977,0.16444035253340558,2,4
e19849e1c8ae,0.4118414692625921,0.12517680673204226,0.2293854636592253,0.23359626034614034,0,2
e1c1ad4b1e61,0.15311659406504555,0.3025929922432733,0.41291788627300735,0.13137252741867386,1,4
e1c473641416,0.7727035985711237,0.031840827302011966,0.1376128216232545,0.057842752503609714,3,4
e1f5682712bd,0.23246076072499738,0.43551454859598027,0.18943549037204543,0.14258920030697694,1,1
e20a1e0b539e,0.6580027985304149,0.028235448940291202,0.09936104830341073,0.21440070422588323,1,3
e21989eb3b6c,0.45969896908788055,0.15470259042016254,0.33570608095175936,0.04989235954019744,2,4
e24e639f39a9,0.1410170487207601,0.5816525185034688,0.19299102047557593,0.08433941230019512,1,2
e25f6e723ded,0.2544769167613656,0.05607889299378981,0.1231631098288748,0.5662810804159698,0,4
e27dbf267565,0.6628829444838285,0.0803991093989826,0.1497807055107235,0.1069372406064655,1,1
e2822dd69c4b,0.42372305039407104,0.23031628114955985,0.20017061678077777,0.14579005167559153,2,1
e284cafd4bdb,0.30835358639670996,0.09536332322942517,0.21830179917196268,0.3779812912019021,2,4
e28655aad4a9,0.12370770412643765,0.21122928771688565,0.22302466469182372,0.4420383434648531,1,0
e29617323fef,0.03925261848721333,0.6939446410818256,0.1943483408490802,0.07245439958188073,1,0
e2998bb6695c,0.05071051509464126,0.68899344750811,0.11270003817248733,0.14759599922476135,1,4
e2a9723236ca,0.015155030578518197,0.726770141797691,0.048571655154334016,0.2095031724694568,1,1
e2adde6885e0,0.18471653243287234,0.24654823705423065,0.23822819052533947,0.33050703998755754,1,3
e2afeb565737,0.127477684027628,0.15077433535036605,0.09809695430468475,0.6236510263173213,2,1
e2c18c715bb7,0.1008921043429346,0.4865134491095668,0.3569040133180419,0.05569043322945666,1,0
e2cbe011b94d,0.02537524517807104,0.3017617501137076,0.26128393802478567,0.41157906668343563,1,4
e2d20a5c9d8f,0.030784687905799312,0.49324280574387125,0.2722014645095791,0.2037710418407502,2,1
e2e852552b7f,0.6335716685865459,0.05437618978873611,0.1551884355389959,0.15686370608572214,2,0
e300a4e86207,0.023296586780379408,0.15725070276772224,0.32310223632367646,0.49635047412822186,3,3
e3209b62ec59,0.22431905995040377,0.39574601434936285,0.18845525116728143,0.19147967453295195,1,3
e32e5c4bb5c2,0.04977607368830202,0.5725875839738038,0.327479763109481,0.05015657922841309,1,2
e34c6533b5d2,0.06070610330101841,0.11632068086184162,0.37003217537656247,0.4529410404605774,3,4
e3508efe3bb8,0.3364034511451034,0.16408283617030553,0.3189996720098232,0.18051404067476792,0,3
e3628650afa3,0.03403348744442728,0.6618090245178395,0.16366609176380437,0.14049139627392873,1,0
e36dac4d5aca,0.5134965448762552,0.1662813058108337,0.2892513217442352,0.030970827568676175,1,1
e37291d60bf5,0.03434859996479001,0.5455947624214513,0.17948463363542222,0.24057200397833645,1,2
e389cb066bd8,0.09019758136965354,0.3117206756079248,0.16731470017160066,0.430767042850821,0,0
e38bf848a4b2,0.11131690581957526,0.40483316248240847,0.3148131436459794,0.1690367880520368,2,4
e395615a9a0d,0.019298192685896106,0.09813922074174385,0.1629929800443953,0.7195696065279648,1,4
e39daf2d9636,0.15045093380123853,0.18444192103638526,0.6228402300265043,0.04226691513587197,2,1
e39f4a252cb5,0.5752923741545934,0.07532193401170838,0.2338541401436249,0.1155315516900732,0,3
e3a350da2859,0.012896447497098609,0.7574858856354341,0.18782171722779115,0.04179594963967619,1,0
e3a355a01aac,0.05537860679237874,0.3835407113189997,0.30128781160865503,0.2597928702799665,1,1
e3a68b6c54b5,0.16665638187687487,0.2165986140057822,0.35977388349398304,0.25697112062335997,1,2
e3a9b892e7c1,0.28173169256212366,0.13700054508111026,0.3798359590894161,0.20143180326735013,0,1
e3b546093b7c,0.0605754545760709,0.41590533563906257,0.41702693384540584,0.10649227593946073,1,2
e3e0b34968ad,0.06133109155007092,0.2850800990664099,0.537619699504102,0.1159691098794172,0,2
e3efcee5464d,0.11231893429126483,0.36646107443822895,0.3447664905512876,0.17645350071921861,1,4
e416f944cb42,0.5052300813609667,0.06969394246261154,0.22777914630067858,0.19729682987574312,0,0
e427306ddc9a,0.41505716823521,0.14691151482980164,0.3556976171699839,0.08233369976500443,1,4
e43ad5b5e137,0.05912145520647501,0.46278532587822974,0.3367181050535977,0.14137511386169768,1,2
e43c10ce7933,0.04228605255880867,0.644883826987851,0.22956490866905752,0.0832652117842829,2,0
e44d13263cba,0.7132417103281553,0.0657474460110414,0.1470266265031126,0.0739842171576907,0,4
e44d1faedace,0.09154504178947191,0.2835501886703535,0.26299371960691714,0.36191104993325746,2,3
e45231baa93f,0.1757011046769817,0.3118940296069652,0.3522095326466634,0.16019533306938963,1,2
e462b50ef489,0.0796794428535111,0.3298052786544458,0.16407581031952456,0.4264394681725185,1,3
e4645a71f19b,0.6251921124254486,0.1391882563432486,0.20357922287576374,0.03204040835553908,0,2
e479851df410,0.10263626187663483,0.3419810549414822,0.21995427003430362,0.3354284131475794,1,3
e487f7e3b6a5,0.3288281003957352,0.1645274803730558,0.38571248392200563,0.1209319353092034,3,4
e48cc454acd6,0.05103634882195211,0.6105626605742376,0.23529924222478502,0.10310174837902532,1,2
e4a4248cf6fc,0.16218384878928724,0.3241377936904791,0.22356451054884152,0.29011384697139203,1,0
e4aa7df34266,0.20888371903395517,0.20277735350593729,0.5300666874599607,0.05827224000014687,2,3
e4b2c5f23e08,0.07950216429563307,0.4355952855816304,0.3071782800643134,0.177724270058423,0,1
e4b50e7402c3,0.08493014148320054,0.23650334561423234,0.271427094632404,0.4071394182701631,0,3
e4d47cc836a1,0.09663526979319473,0.18319834043324676,0.3641555952442379,0.3560107945293207,2,0
e4f280b01af5,0.14881346745683877,0.47134425745639563,0.0943194169859606,0.28552285810080485,0,2
e4fd12eef363,0.4480139293200841,0.14581650607179006,0.244512645551422,0.16165691905670398,1,0
e509fde57a70,0.20458025556050138,0.3442255097483907,0.19048107590528954,0.26071315878581836,1,2
e50d56f75dc9,0.1708755212569901,0.12708213347131003,0.3874121333264769,0.31463021194522306,1,3
e51850dddb1d,0.110127993933117,0.06293256565776012,0.3346541086210279,0.49228533178809486,3,0
e51b2fc7f149,0.06485345678681002,0.2939498078259975,0.4152077787249439,0.22598895666224855,0,2
e51c3f2307f8,0.04747155358482126,0.3832243328138,0.3627809160436353,0.20652319755774345,1,0
e52bdc15086a,0.31533415273680854,0.4507556964086709,0.15915607164105786,0.0747540792134627,3,0
e53355bac9ce,0.07319485017750108,0.13790059670781832,0.29341116950254886,0.49549338361213174,2,0
e550c0ee9fc4,0.6448100743179503,0.06691530963235293,0.15315479911574817,0.13511981693394864,2,0
e562c9ac6268,0.03859464116812894,0.656307871891934,0.18135120257316528,0.12374628436677183,1,2
e56e71389ba2,0.29381387863478914,0.20076957997849904,0.36613379434844484,0.13928274703826707,1,0
e578212ad3a6,0.16851533665267757,0.16187056085625054,0.25032949343020267,0.4192846090608692,1,0
e58718f4aa74,0.025257160770343963,0.501753870559613,0.16588003001945678,0.3071089386505862,1,1
e598f9bfe550,0.4063316007989815,0.15434975697751646,0.20774335433239313,0.231575287891109,0,2
e59ac8552f60,0.31960798123528517,0.17700593292868597,0.1429165129899794,0.36046957284604947,2,3
e5a7aeedd323,0.06684811724877923,0.6563165007804126,0.18274009696725982,0.09409528500354847,1,0
e5e19b32a270,0.2372390327140342,0.16381220302597047,0.3491604806639558,0.2497882835960395,0,0
e5e2dbcbd9d2,0.21555062144513562,0.23132391515633663,0.19358557275869379,0.35953989063983405,1,3
e5f1860bc360,0.7124015454409591,0.030062275252908943,0.1823349578503077,0.07520122145582431,0,3
e5f97fa3f2d0,0.10394090983202028,0.4026038065747196,0.2661107550952957,0.22734452849796435,2,3
e5ffc5baa978,0.18138603601292153,0.2894761403939217,0.4001560371715322,0.12898178642162447,2,0
e6069f2cab57,0.3399910037074979,0.1669357004964327,0.16064309251840292,0.3324302032776665,0,1
e60a0bcf8160,0.3627675598460075,0.3363600077993815,0.1479810467042637,0.15289138565034735,0,2
e61140a68866,0.11693784490000672,0.3324779957265134,0.3570328985335238,0.19355126083995614,2,3
e615b95130a4,0.5160626755582034,0.1343524254442056,0.20728654505768007,0.14229835393991114,0,1
e619787c1a07,0.16042683781208605,0.23170739441224947,0.21379042180802726,0.39407534596763727,1,0
e63929e6add1,0.11822142185188955,0.6067956345162674,0.16431954079018304,0.1106634028416601,1,1
e63cd8a6d04d,0.07106591473879194,0.5052913922570889,0.3086774248249169,0.11496526817920229,2,3
e63e246debfd,0.08375680153219064,0.2583619132420075,0.3646671829017948,0.2932141023240072,0,2
e6505c104184,0.6422052094259494,0.06917063669296106,0.14405307884466895,0.14457107503642058,0,2
e65207f12ea2,0.0840651310761112,0.5384624608313222,0.2792438279134135,0.09822858017915306,1,1
e67619d00b58,0.008728100075653791,0.34310282253898594,0.24734867487259862,0.40082040251276163,1,1
e687b28d3864,0.4293208453021475,0.10408279236914995,0.3260746722414802,0.14052169008722246,1,0
e6961147acfd,0.6270601273556035,0.05636524108078836,0.15063797262315579,0.16593665894045254,0,2
e696904df3be,0.13352718687408446,0.21279615009850145,0.3349161433721305,0.31876051965528357,1,0
e699535e65da,0.6044274996519093,0.07023735355134164,0.22667905081776785,0.09865609597898126,0,0
e6ade0ee672e,0.06970387610518315,0.4832331300175235,0.2479418461252579,0.1991211477520354,1,0
e6dd6efb3de0,0.4342274634344453,0.23147858652577397,0.20517909983601362,0.12911485020376726,3,4
e6de6fbdcd67,0.029392332206818667,0.24902609510136156,0.08268324281545109,0.6388983298763686,1,0
e6e361d6a84e,0.11692028209546754,0.27417816682353546,0.28526104533910585,0.3236405057418912,1,0
e6e404e7db47,0.07094254663682864,0.38750996708436747,0.34011918604886254,0.2014283002299413,1,2
e6e920ea0609,0.02124059503558733,0.3093703785822867,0.21823597894762667,0.45115304743449935,1,3
e6ee4827951b,0.038301670625995106,0.6555470779572163,0.23374647347124425,0.07240477794554422,1,2
e6f3ba0b25c5,0.25550155277637626,0.5043267915164488,0.1335389396922957,0.10663271601487924,2,2
e705df6bf622,0.1037343257932181,0.6570646114277011,0.21161022583862243,0.027590836940458226,1,4
e7108595fb09,0.1368954301335843,0.38286411117771113,0.25547879468395535,0.22476166400474942,1,3
e713de5fa2f1,0.2882631180219615,0.16786595622773823,0.31906857639811065,0.22480234935218968,0,4
e714c61cedb5,0.02222169308857337,0.5088535567982959,0.2703528310043401,0.19857191910879043,1,0
e719973c92fb,0.7254278563604833,0.045303265547569325,0.17702623835782927,0.052242639734118045,0,3
e72c3641aff5,0.13309682788933022,0.37000020211781454,0.21060661386232074,0.28629635613053445,0,0
e737a74a9830,0.1256687123187285,0.27140733995134375,0.1610633236139802,0.44186062411594756,1,4
e740a2577d7c,0.6945545995114445,0.03316367922220992,0.1438457684894587,0.128435952776887,0,0
e750ed589351,0.6054627920729574,0.02627988761836359,0.12568674853755366,0.2425705717711255,0,1
e751ae5d2da4,0.03138701748205738,0.48546437079823007,0.22356905081296133,0.25957956090675127,0,3
e752b12382d1,0.06266944303263644,0.48061321753080277,0.11866517521588583,0.3380521642206749,3,2
e764f1cb364c,0.7585761707707391,0.030014368012423416,0.1356675864853628,0.0757418747314748,0,2
e7652a255494,0.2912559009414295,0.1171924422123566,0.20851924445956688,0.38303241238664704,3,4
e770c3c0df1a,0.39561599606690984,0.15117721760766104,0.2722620921913614,0.18094469413406775,2,1
e773dcdd7200,0.35930290641453333,0.27168040288319095,0.20842704572182943,0.16058964498044623,1,2
e78731870e9a,0.11819133940277048,0.2619436353609221,0.3500988868644316,0.26976613837187585,1,3
e7991479fcde,0.21480849169721344,0.07736859408404716,0.21355508056986006,0.4942678336488792,0,2
e7b519c4b318,0.8704603606637499,0.019805154245593152,0.06715012313680885,0.04258436195384819,0,3
e7bc5f198df7,0.19279568827317464,0.48460946516960557,0.2184624034740865,0.10413244308313328,1,0
e7c4f060e6d4,0.07020134425041462,0.42615193378404326,0.4259111642805668,0.07773555768497539,1,4
e7c75b329ac7,0.25062621373391625,0.20308362882333594,0.29350012923569974,0.25279002820704816,0,4
e805aa5e9f9d,0.2888464864251576,0.28388825347675845,0.20704707944556602,0.22021818065251805,3,3
e80a00183db9,0.08262507875410495,0.49635138091591324,0.288705576169372,0.1323179641606099,1,2
e81975072f7a,0.16142764458723707,0.29435369731422245,0.3294611684657812,0.21475748963275926,1,0
e82dabeb2c01,0.4798216030286321,0.11692437997849657,0.22058379384407442,0.18267022314879702,0,4
e82e8c609e01,0.2564961535339406,0.0882322215666015,0.0970393709998591,0.5582322538995986,1,1
e832781629fd,0.3318415400803226,0.2659097544803475,0.20977512428533254,0.19247358115399743,1,2
e83599857d12,0.023814824317613743,0.5591579724523863,0.3093685300493212,0.10765867318067864,1,4
e867ef0d690a,0.03200910208577497,0.15832147511217987,0.38328856416021484,0.4263808586418304,1,1
e86da5ced3d9,0.1277544859458475,0.4700893563304998,0.1526498931844273,0.24950626453922545,1,3
e8738bc58dca,0.5830401555794527,0.16471937120877916,0.16736090707415677,0.08487956613761145,0,4
e8752745d466,0.15650655421048776,0.3328712229471254,0.28718527562736307,0.22343694721502375,1,2
e87937446df8,0.0131514341343971,0.8152963628981309,0.15161054570209534,0.01994165726537658,2,1
e87a9de37972,0.7307763896456435,0.024401844399614,0.14227644820555824,0.10254531774918432,0,1
e87c1dfe1c1f,0.32176721696881694,0.24544856045058064,0.20669410427864318,0.22609011830195933,0,2
e8956cd9117c,0.3266629770073623,0.18646656723191468,0.3228648362416535,0.16400561951906956,2,1
e8ad62a8f5d4,0.05767272295380894,0.6093475681829642,0.25622456143330957,0.07675514742991728,1,3
e8b4637a1396,0.1074200330337884,0.3468219121143672,0.4548920567718001,0.09086599808004425,2,4
e8ca5a4146ab,0.07127915080372821,0.4643530168729081,0.2155035236680201,0.24886430865534362,1,0
e8cd174b1e73,0.015488289005761501,0.7457484178314234,0.07629192694780643,0.1624713662150086,1,1
e8cdd5d7becb,0.05630368638943456,0.19057957074421927,0.13868018462953324,0.6144365582368129,0,0
e8da31ab0da5,0.058137737811120305,0.5443700457403804,0.19593666135683468,0.20155555509166462,1,3
e90d4db7ddd4,0.2957562417568071,0.06862439215569789,0.1709250764954804,0.4646942895920145,0,0
e90dd06ea8a1,0.049103435642768936,0.4881841119208231,0.3512816820548147,0.11143077038159312,1,1
e9268097a0d1,0.05143033809448133,0.4346774736585997,0.1050810817787185,0.4088111064682004,2,1
e93a46774f00,0.18125268128759162,0.08266850660514928,0.4027696421163211,0.33330916999093796,1,1
e93b8361bfd0,0.27029415566392423,0.2851152341780797,0.2710951993534936,0.1734954108045025,2,4
e94ccb56b277,0.030908011482726514,0.5119875363492682,0.33874514912666626,0.11835930304133896,1,3
e96f12697ca3,0.22593326362856042,0.33458991010336125,0.27058021463511217,0.16889661163296604,0,0
e97d25d7e522,0.18240194460095133,0.27339393304900744,0.2734325081068777,0.2707716142431634,0,2
e97d79485202,0.5226288002729659,0.24025461628339778,0.11357383703574549,0.12354274640789102,1,0
e9875afe7532,0.05596794962924799,0.513714500319691,0.37597234644689,0.054345203604170896,1,1
e9ce880f2202,0.06049698065973731,0.4994646567220164,0.2207385085602559,0.21929985405799035,3,1
e9d5e9c6fd14,0.07735980432469974,0.5768172936645686,0.15444097166396822,0.19138193034676348,1,3
e9ede9640810,0.575585818577843,0.10062519162742627,0.22348552485579326,0.10030346493893764,0,2
e9f977bc280f,0.2129448370966604,0.43352160949258295,0.1971947910338383,0.15633876237691852,1,4
ea095c5991c3,0.6400905681132633,0.06460117141886122,0.12768554109947508,0.16762271936840048,0,2
ea1b70752c62,0.017608552508066082,0.5439734087980338,0.08088891489305042,0.3575291238008495,1,1
ea1bf78bc0ee,0.10553444122284981,0.31055052784742265,0.4362513925002457,0.14766363842948185,1,4
ea2d09b4a59f,0.43105483198952177,0.2085014082814443,0.27924673175290304,0.08119702797613093,1,0
ea44061da219,0.14741581435271014,0.44856748181751027,0.18809217659604205,0.2159245272337376,1,0
ea4e755480da,0.1435152070136526,0.38258538393214514,0.21603402703670438,0.2578653820174979,2,2
ea71dbbcf2ab,0.0919425508624516,0.4656145395381815,0.23792720742625487,0.20451570217311205,1,3
eaac01660339,0.05152203942084823,0.5300348392100811,0.34258429484150676,0.07585882652756383,1,1
eab43c22f6e3,0.11888382515202216,0.222029370216594,0.40069447562091365,0.25839232901047016,2,1
eadbd008393b,0.140821398719327,0.24790747899327426,0.31822833659118477,0.293042785696214,1,0
eae003afb999,0.45233705629825216,0.13362076731514783,0.2746917661074132,0.1393504102791868,0,3
eaf7e92ddbd6,0.12513763821982302,0.34213744949777036,0.46205282088728356,0.07067209139512297,0,0
eb17643599fd,0.32603199305864977,0.27948643491121966,0.2580793841192598,0.13640218791087083,0,4
eb1e40c40c88,0.05222072745137445,0.1606629811741253,0.46681304584702127,0.320303245527479,3,0
eb25647982fe,0.1541637649702503,0.33242099267723213,0.3342089278064444,0.17920631454607316,1,0
eb28eda6261a,0.7325664004645933,0.016129731861732527,0.1004136499437268,0.15089021772994748,0,4
eb30f3452fc6,0.06322014518646873,0.3486392757961391,0.24433308664892994,0.3438074923684622,3,3
eb3e488b900d,0.30652354201979337,0.3761216501680374,0.14578142816368725,0.17157337964848207,0,0
eb3f608c965d,0.2822167202179627,0.29019960827295843,0.2961893681705142,0.1313943033385647,1,4
eb41a8fdece4,0.36894829804508517,0.22971450576732697,0.2694960552089108,0.1318411409786771,0,0
eb4f7a7c46c7,0.5631940332548927,0.10790349643231269,0.18100361568682985,0.1478988546259647,0,3
eb5090e6fdc2,0.05499211042945118,0.672196178557181,0.1603487255833449,0.11246298543002306,1,4
eb6c62925d9c,0.3283616345445879,0.0686170189275116,0.2674608633853973,0.3355604831425032,0,2
eb76ebad1c23,0.20291198570978275,0.3336103642633509,0.3483911092073589,0.11508654081950749,1,0
eb8b05df8563,0.2179493792036726,0.3284095951692788,0.27577267152323853,0.1778683541038101,0,0
eb9dc561833d,0.143611769854429,0.29292693974945944,0.19320604283664,0.3702552475594715,1,0
eba05ee2d7da,0.0689015396747128,0.569776161835178,0.3075162439485187,0.05380605454159056,1,4
ebb0b75bd4de,0.012516301846153826,0.8375256817136519,0.08660145563548814,0.0633565608047059,1,4
ebbd78acb0e0,0.09754380006959702,0.6101485873622037,0.09391621177565079,0.19839140079254852,1,4
ebd126be46e8,0.8098608845753802,0.029189112765537185,0.13619476750138876,0.024755235157693734,0,4
ebf4d14f8094,0.05035425948335107,0.42347280154090594,0.4437469184063279,0.08242602056941521,1,1
ec14ca35f6d8,0.06917395414207525,0.579489287335382,0.1969133501257655,0.1544234083967774,1,4
ec2491ff28f2,0.0685452869743368,0.40998925308866624,0.4534296347671686,0.06803582516982844,2,4
ec43b49013d3,0.24066200367815704,0.290776743380198,0.20848257278137808,0.26007868016026686,1,1
ec459b9efc52,0.3774888859731965,0.2872212642163929,0.22486990172309382,0.11041994808731692,0,2
ec60a9077385,0.06478517091511087,0.38850269712087837,0.3928551797634843,0.15385695220052636,1,4
ec614c61cdc1,0.381369300210834,0.2379583395476816,0.27555084387000406,0.10512151637148048,3,2
ec69b2c23b7a,0.7563123232715087,0.022759468638165692,0.09958710202870513,0.12134110606162038,0,2
ec6e91420f3a,0.051810979679209994,0.5939621219521455,0.3227809700291822,0.03144592833946238,1,2
ec969fa94baa,0.45337495621995827,0.048154369653409954,0.10457347573508419,0.3938971983915474,2,2
ec99ea1e7890,0.053009455296649174,0.6168756916549143,0.09731071372469279,0.2328041393237437,1,4
ecb369802701,0.6667912862215883,0.050220729870048435,0.17569432911415472,0.10729365479420842,2,2
ecb8f4c2606c,0.08056804935676723,0.2375083342829923,0.3465793573945934,0.33534425896564707,3,2
ecc8f5b0842b,0.5472069557009812,0.07332342893188569,0.20467920186452782,0.17479041350260524,0,3
eccebc4009a0,0.1155774114940793,0.6149905386933385,0.14745090761627097,0.12198114219631111,1,0
ecd0dea97eef,0.3258775929772721,0.1917374821297115,0.261308077049351,0.22107684784366535,2,0
ecd883ed5c12,0.15515853728944903,0.4707303539737906,0.20943681615254767,0.16467429258421262,1,2
ecdfc29912ee,0.04584044010674854,0.1583609645808237,0.1636509521119666,0.6321476432004611,1,1
ecf019f00e3d,0.535127208239646,0.11634384121690225,0.19567124501779803,0.1528577055256538,0,3
ed0825c7df20,0.21246844770681722,0.2973819548765366,0.2920264942846701,0.19812310313197612,1,0
ed49428432a7,0.06097065560357366,0.28829379780884334,0.258661906810516,0.39207363977706705,2,0
ed513f058147,0.03330861031582391,0.7753817730139552,0.14817979627031092,0.04312982039991,1,0
ed5c290105e0,0.5431886625244515,0.1115040342787569,0.2060409646120485,0.13926633858474305,2,1
ed5d94f5100d,0.3136488487450998,0.38873314892223415,0.23601817403171496,0.061599828300951176,2,0
ed6218993ed0,0.4746205595683012,0.040018580804522016,0.2366243717554297,0.2487364878717472,0,0
ed7af0f6cc7f,0.3947570551489509,0.1679357872514352,0.17786318900606418,0.25944396859354973,1,4
ed7cc735db6c,0.056898823249576944,0.43020772913198974,0.2659936292956179,0.24689981832281543,1,2
ed849e809c1c,0.675928074870044,0.07113140603510261,0.1866427003759832,0.06629781871887011,0,0
ed855d09ffd4,0.16150725157827106,0.36115536816450794,0.3728635867181828,0.1044737935390381,2,1
ed8cc5fd07f1,0.15010633304693993,0.3600180746072775,0.21528387793503834,0.2745917144107442,2,3
ed9792ecb546,0.1375202192633461,0.3366634179011146,0.21402038056691428,0.31179598226862504,1,0
ed9fc7d10eba,0.13107016484041645,0.25905118321631887,0.434113225455659,0.1757654264876058,1,1
eda00b808607,0.1731841507744099,0.330231270077989,0.3419447541528105,0.15463982499479054,2,4
edaf69ec10f6,0.4743575813251064,0.061999289591722524,0.17413746340395195,0.2895056656792192,0,0
edb5e43491c4,0.058683601637447354,0.5564072603781975,0.18982791090877107,0.19508122707558403,1,2
edd21ee3c460,0.24948569117681288,0.14892636991519445,0.23003070972486858,0.37155722918312406,1,1
edff2028722a,0.34487802348580865,0.19088984598187117,0.347975062173421,0.11625706835889914,0,1
ee18a08e02d1,0.017862712235020558,0.056521902339575346,0.07769293470842417,0.8479224507169799,2,2
ee22d804e868,0.0870094751832856,0.4059999539378576,0.21546194720688813,0.2915286236719686,3,3
ee4155767b5f,0.04483009841845872,0.17087154258448733,0.21595886339003564,0.5683394956070182,3,2
ee4440d41ee6,0.24997683269647739,0.15631333570651545,0.4374304092410296,0.15627942235597755,3,2
ee59b3ab54f1,0.029628944919375688,0.3556923391962121,0.420869786481658,0.1938089294027541,1,1
ee5af3809557,0.10821761078927772,0.522086578002123,0.27633252074974657,0.09336329045885255,1,0
ee5ea1ff9f13,0.2973529270576812,0.12259071091660921,0.2069986990836929,0.37305766294201675,0,4
ee5f0438b183,0.23935511105377408,0.101965368339625,0.22602433898817903,0.4326551816184219,2,1
ee65eee3a327,0.23301686593982027,0.09563383888710032,0.3178765311179395,0.35347276405513983,3,3
ee783fcfed40,0.11886549021051138,0.1750661250200843,0.34083607757724016,0.3652323071921641,0,4
ee8920d4faeb,0.06153479541116634,0.39528420239091117,0.38669135649223196,0.15648964570569054,1,3
ee8c14899dfa,0.05162367652210637,0.565062006225616,0.30238705895410023,0.08092725829817743,1,1
ee8cf2f50c90,0.6601814134332258,0.04853910160502302,0.21094056146345394,0.08033892349829731,1,1
ee946ca9c50d,0.47161500658583694,0.06960602013217836,0.22485023988627892,0.23392873339570586,0,1
ee980e0dc7d1,0.16509876831838413,0.45766371482963536,0.12741292270533341,0.24982459414664712,0,0
eea9ab1e6c53,0.31420409386410314,0.06259864068661138,0.3018930745110791,0.3213041909382063,0,0
eeab05ccb1a5,0.6063671001601137,0.09262501282782139,0.1860403575171536,0.1149675294949114,0,3
eebaa7b747e2,0.18521289388620996,0.611850123791814,0.1595866801546046,0.04335030216737142,1,1
eed043f0a603,0.1790432366733936,0.21492505219040262,0.48635823461256716,0.11967347652363673,1,2
eed9b6596e6d,0.05053058469563811,0.6486142577214381,0.12147650248926961,0.17937865509365414,1,4
eee88e3f416d,0.010961923097190941,0.7270879184423084,0.24644759765324978,0.015502560807250931,1,4
eeecfd50b220,0.056548155484476705,0.564248953883411,0.23869484610472153,0.14050804452739066,1,2
eef237fc67b9,0.20394919711645224,0.09522381888561116,0.1451418766589018,0.5556851073390349,1,2
eef6300c5540,0.04064074967528898,0.37966066359623707,0.43111198575531146,0.14858660097316245,2,1
ef2903498dc5,0.17004752048838287,0.5046598189277012,0.22586702255212915,0.09942563803178692,1,0
ef303ca23c79,0.17568959256576114,0.5091586876642179,0.11014584139163137,0.20500587837838952,2,2
ef3e7ae6e700,0.3965416556136999,0.18209394901914677,0.29934578246121785,0.12201861290593558,1,1
ef45370d19a4,0.7662101449610298,0.014800973293055738,0.15116342335774477,0.06782545838816963,0,2
ef45c1184249,0.2328889811295384,0.5720372352955849,0.14165966594286522,0.05341411763201145,2,4
ef6713d49378,0.06286770725939912,0.4740938795610859,0.2514277267668843,0.2116106864126308,2,1
ef8fedf0d644,0.01141967308888712,0.3710551396438343,0.5607184868509938,0.05680670041628484,1,2
ef90d5cec0ec,0.18760312907922164,0.552437417939128,0.19275442699618767,0.06720502598546266,2,3
ef984f6fa70c,0.2267644868206153,0.33197631326547145,0.17671514111931538,0.26454405879459786,2,4
efb9bc675820,0.7377389856602787,0.07246846454400152,0.10047973623178612,0.0893128135639336,2,1
efd4278840ce,0.0144168760442503,0.3886805811995413,0.19026412112401667,0.40663842163219177,3,4
efefa03de088,0.3063926005027694,0.3126959331521987,0.24312870334263845,0.13778276300239356,2,2
eff72b9f6efe,0.1608781200537511,0.4895385749010055,0.2418157888442967,0.1077675162009468,0,2
efff0a2821eb,0.39385929272728415,0.19243349790604475,0.24667375249352072,0.1670334568731504,1,2
f00a7f15f367,0.039316501625899704,0.3440919716916992,0.4621914808511699,0.15440004583123104,1,1
f00ed1bca2c4,0.45711641809858855,0.23963696845290403,0.18864538029171932,0.11460123315678805,1,0
f0156675755a,0.6061964165129323,0.11053083639966914,0.17738297514006446,0.10588977194733402,0,2
f01b33e3ce9d,0.3044087310413425,0.19224544118293765,0.37993694888522417,0.12340887889049551,1,0
f025d675b893,0.34893136286308735,0.14760618980058507,0.4042296141612812,0.0992328331750462,2,4
f028f4a45ccd,0.015444592204694664,0.14661654762741094,0.16288509695449466,0.6750537632133997,3,0
f03cec43a0c6,0.15310554605987928,0.25322938578681237,0.3092515692821087,0.2844134988711996,0,2
f04ff90a3dd9,0.7317553957986894,0.021514435867709382,0.09419447563177064,0.15253569270183057,0,4
f0512f3b3a6e,0.11159166495253132,0.17359187047372432,0.1937836474672166,0.5210328171065277,1,2
f05fc3dd7653,0.32703422371451546,0.07212552089808588,0.1475445294704199,0.45329572591697875,2,3
f0637f0d7719,0.10246291820135442,0.14608134080835722,0.46724242708148295,0.28421331390880544,1,2
f07ec852f8c2,0.18553721493327527,0.2540041014012173,0.30547597356744727,0.25498271009806006,0,4
f08ec6272e48,0.4412016769684747,0.22388492010859193,0.18873382348576498,0.14617957943716842,0,0
f0a6dc99b78a,0.13676977928920317,0.4648125479216674,0.2610024550485239,0.1374152177406056,1,3
f0a7a52f661c,0.5062175705939329,0.13167726150080822,0.18988125740540354,0.17222391049985528,0,0
f0bee4584261,0.08227467270951394,0.22232011472004493,0.24320912487735322,0.45219608769308794,2,0
f0bfb67c18bc,0.049991285667877125,0.2942365807989962,0.2553830360832749,0.40038909744985185,1,2
f0c4dc3b247c,0.10164502614441895,0.30977694976109166,0.45624281641524567,0.1323352076792438,1,1
f0c5e85b5e86,0.5413572148481872,0.166820096323824,0.19908115802188323,0.09274153080610549,0,3
f0dfde16feec,0.5702848655506166,0.10921617926308483,0.17401632420534735,0.14648263098095113,2,2
f0e023959894,0.06219420684566425,0.6938826375429905,0.06199218218769811,0.18193097342364714,2,1
f0e40c184d36,0.06689911127068575,0.30587538937155967,0.31944221872254625,0.30778328063520843,1,3
f0e99a9fd724,0.23295578143796156,0.20307941829180606,0.2531457582685578,0.3108190420016746,1,0
f0f8ccd8b0a0,0.31610979208527856,0.13118573008670034,0.2738245527528348,0.27887992507518644,0,0
f1043ac7271b,0.32457674755680715,0.25007315584452544,0.2375171979894864,0.18783289860918104,2,3
f1063f4acf08,0.06795244740123238,0.4421376057121455,0.27414932954597543,0.21576061734064667,1,2
f108d58e9f51,0.181275966363873,0.25841226063372424,0.2620189091460609,0.29829286385634185,2,0
f109811743c5,0.26848853412122203,0.29617488312458234,0.18505416266916178,0.2502824200850338,0,0
f10d919f319b,0.32792151086918014,0.2603245943423823,0.3496506157549767,0.062103279033460745,1,1
f11ab7648eb2,0.2658790716522988,0.25706742212338485,0.26844648090475015,0.20860702531956618,1,4
f1236049dc34,0.36910909892858496,0.008509217568830451,0.07713771891617735,0.5452439645864072,1,3
f134eb1b9f3e,0.5560284390060759,0.09419390489193429,0.18051964613462354,0.16925800996736617,0,0
f13c5fb56a73,0.43653105075325455,0.23401797700789506,0.28048084492119935,0.04897012731765107,1,0
f14cc84c4e69,0.1531531824449473,0.4436644007645233,0.2556840600153658,0.1474983567751636,2,0
f15583c5d579,0.4659340556381997,0.11524454536981041,0.3374951083048552,0.08132629068713464,1,2
f17037e3c5a5,0.03436013369181406,0.4985291070593527,0.20798377843361884,0.25912698081521446,1,1
f171762263b3,0.7874472347436817,0.01830399354338381,0.1041061017304186,0.09014266998251569,0,3
f17665afc4c2,0.37393649051228256,0.2848097660709745,0.2781935432907117,0.0630602001260312,0,4
f1788303c669,0.44488211703941205,0.14949711511721156,0.25957470665080934,0.14604606119256694,0,1
f17f7d44b959,0.054574486005601226,0.7582932940776348,0.13728631203884076,0.04984590787792309,2,4
f18fc8dcef6d,0.14163654470429146,0.3236532211729067,0.3093574332474252,0.2253528008753766,3,4
f1a643119e8d,0.019454268295380137,0.5725458400598612,0.20508611902408522,0.2029137726206734,1,2
f1ab0d2dcd7b,0.036519760591534854,0.7361662723970773,0.1838672059033507,0.04344676110803703,1,0
f1bf16aa4bb7,0.011289179255750117,0.8765784164894854,0.07730718087829265,0.03482522337647173,1,4
f1d8d7ca8477,0.06188298696936061,0.2779667719241287,0.3507886773364579,0.30936156377005286,2,2
f1f663bb5ba6,0.511750212639511,0.19462268187730122,0.1813093572509426,0.11231774823224515,1,2
f20576257dc2,0.37751175080212607,0.1526376040032856,0.1978316445744903,0.2720190006200981,1,4
f206c90d6bf9,0.05441646827705319,0.7543111891880123,0.0910221695027224,0.10025017303221204,1,4
f20d2ff64006,0.03980395574483978,0.5692108207555197,0.2714256607593601,0.11955956274028051,1,3
f20ea4a7e55d,0.1401046741139631,0.3619119308788729,0.12147097330859298,0.3765124216985711,2,2
f21f4dd7e3b5,0.6287431867962318,0.06622737744598983,0.16779969078725368,0.13722974497052465,1,0
f2241ca2d0ff,0.006525221466592039,0.683461540227494,0.15480311924984955,0.1552101190560645,3,1
f254d359e0ef,0.8718130354135826,0.011906588287667053,0.06514778337262576,0.05113259292612463,0,1
f26c50ef1bd0,0.22439002189125787,0.25366575711958084,0.20459028839909885,0.31735393259006245,3,2
f2a899251da3,0.16222754902131345,0.31793664688015894,0.3277202433243166,0.19211556077421096,1,0
f2a9e6e67eda,0.0971071927449161,0.29832069622672996,0.24954792272510193,0.35502418830325205,1,0
f2b77c3c70c5,0.5755542501415168,0.06588791081343219,0.1831629426226191,0.17539489642243192,0,4
f2bf2f65fe68,0.41450807884566976,0.23047385790598643,0.17388091503038758,0.18113714821795632,1,0
f2d30ac37f7b,0.0689308766905345,0.30209865315284506,0.27933259170489483,0.3496378784517256,3,2
f2d5dd65d7d2,0.08615839604920943,0.23344282554434378,0.3204133632121876,0.35998541519425914,2,4
f2d890d8bea3,0.279104293881651,0.25126380071334664,0.2830606297087253,0.18657127569627693,2,4
f2e430c3888c,0.1428799078908696,0.2935331190905945,0.23944993804172707,0.32413703497680885,0,2
f2e5da098e85,0.051587509069388436,0.314756593940625,0.31595582734053723,0.31770006964944936,1,2
f2ee15af6c4d,0.1696298636497821,0.2590929556950349,0.443002924418671,0.12827425623651192,1,4
f317383c5831,0.332209195134445,0.05636631908468866,0.11155700386322703,0.49986748191763936,2,2
f32dd337bd1a,0.3766308319740733,0.14860411952293592,0.2343518458096188,0.24041320269337196,0,4
f333eadeca7f,0.41086353021125616,0.09262406982593557,0.2753856749157033,0.22112672504710484,0,1
f338a2ae96bb,0.6927786750850676,0.02273643834307487,0.11376469430552384,0.17072019226633373,0,0
f36b9bbd21ed,0.08665072947850731,0.35165119766992425,0.39605900043478476,0.16563907241678374,2,4
f36bc38a2660,0.3277868330966938,0.14888988757454327,0.18535998189987196,0.33796329742889103,1,3
f36ed95de256,0.4238387160664336,0.11938477184114428,0.30722019359727865,0.14955631849514342,0,1
f371fa5e17ee,0.08005693626971208,0.349510642560071,0.395627273715417,0.17480514745479978,1,1
f375191afe2d,0.19596870041455597,0.10278542315356105,0.3027208827698391,0.3985249936620438,1,3
f383a0b4d02a,0.12013914608742826,0.29641919200939465,0.24139173150592674,0.3420499303972504,2,3
f3968991ea72,0.033492261817196896,0.3692241387029116,0.36624413541899886,0.23103946406089257,1,1
f39f4119d62b,0.5044195089720707,0.24475198994422306,0.15016840313402852,0.1006600979496778,2,1
f3a123432445,0.09118493274394321,0.2327852237182309,0.5132522240793299,0.16277761945849606,1,1
f3a9bde37ea8,0.47810933648470455,0.14412476104607105,0.16429328155026665,0.2134726209189579,0,3
f3c36d0f9736,0.02693132871031671,0.37540352449530195,0.2345328706306045,0.36313227616377686,0,3
f3cab48d1e7c,0.018339429468045915,0.28310823726847073,0.0935606347367435,0.6049916985267398,1,4
f3d1eeb66284,0.013817779091731272,0.7321749468263659,0.12380882699558023,0.1301984470863226,1,4
f3df81aafa5b,0.06950327816636535,0.40049961519831534,0.31107892303023615,0.21891818360508325,1,2
f3eb906bdb01,0.41623808124457734,0.11921684885339551,0.3130308206041729,0.15151424929785437,0,4
f400c9a139bb,0.12136028633972173,0.49037343477173884,0.2630355398423537,0.12523073904618587,1,4
f40b5a31d1f4,0.0488385936821199,0.5076176989393656,0.36794903465211876,0.07559467272639576,1,1
f40f145b6d3a,0.1256880888119551,0.3331282540938615,0.36539843643142306,0.17578522066276026,1,4
f41d7c33e0fb,0.2984336838854581,0.2750556827316896,0.2853838139888152,0.14112681939403723,1,3
f42ff739afee,0.05352221655978641,0.4551100397615535,0.2659662642179668,0.22540147946069333,2,4
f44b14970f3a,0.7623232581582849,0.035806562998275705,0.10421446109065403,0.09765571775278536,0,1
f45612bd7e0b,0.09678166451974982,0.34627594900556385,0.3215632873811479,0.23537909909353852,2,2
f457ac57e4f6,0.03652502737240633,0.167472730018979,0.13177239272355404,0.6642298498850606,1,2
f46cb3c9593d,0.39638701059823295,0.4212291054198328,0.11265876987002627,0.06972511411190799,0,0
f472abdca5e0,0.23072378950311928,0.15428933252467342,0.1889580143343398,0.42602886363786746,1,4
f4833c3311e2,0.11740119956774349,0.3191586521167219,0.3100203828886701,0.25341976542686445,1,0
f49511663558,0.0720032217992046,0.6466414557720677,0.16359854649752845,0.11775677593119922,1,1
f49a276f76f2,0.09465602140752029,0.5637001700397326,0.2784713324787476,0.06317247607399946,1,1
f4a638dc3304,0.04107102414138537,0.28721977869162796,0.48490352917866986,0.18680566798831688,3,1
f4b2c6d0edca,0.4651802754270998,0.11969261449178635,0.19212564609139574,0.22300146398971807,1,1
f4c4177e4ca9,0.6396641978681407,0.020392937580362116,0.2562136571053785,0.0837292074461186,2,1
f4e21bf210a3,0.15799153534536334,0.3459734653358937,0.25475997133151335,0.24127502798722958,1,2
f4ef01a6e0f1,0.11926200594519655,0.2311816369739799,0.24568970325583872,0.40386665382498477,3,2
f4f08a1bbea9,0.057747628243793016,0.48552608424890165,0.2537889242648198,0.20293736324248557,1,3
f4f5bbdf7a00,0.07243251635194634,0.5068760788956985,0.30044923870502516,0.12024216604733003,1,1
f518654dc20e,0.1855948141531698,0.43222791515385606,0.30299109490569603,0.07918617578727825,1,0
f5239c4023a0,0.20128974780907152,0.36646918868907513,0.16911988838534378,0.26312117511650973,1,0
f5293dfeedda,0.6966563117481884,0.03495866100876179,0.23160721931842895,0.036777807924620896,1,2
f556a329c873,0.1547848320204677,0.358934786360794,0.3289971450869051,0.15728323653183315,2,0
f55866b3c793,0.12548394018335704,0.3158471087636276,0.3974059729951791,0.16126297805783615,1,0
f5658ffaf0d3,0.03371925596236097,0.31291083175911455,0.2081010996838912,0.44526881259463325,1,3
f56638b54fa1,0.3056471801033456,0.21873571880359577,0.3059482114730172,0.16966888962004148,1,0
f58cb6670e91,0.1983209721219246,0.1965994209569355,0.2861113185240324,0.31896828839710745,0,0
f5a635890da2,0.059224355746778534,0.41097640653813217,0.2502757072940877,0.27952353042100153,3,2
f5a76ea09507,0.20235494354470496,0.3282662400391897,0.29204367007549814,0.17733514634060718,1,3
f5b4675f5f11,0.12657028459085157,0.46966942501621667,0.24683031053923113,0.15692997985370052,1,3
f5babfb67083,0.2921385823174972,0.4224646033681287,0.1529569445918008,0.13243986972257332,1,1
f5c94b5db0cd,0.7264345822058189,0.011430591881517222,0.12215178258045672,0.13998304333220715,1,1
f5cd2d815be9,0.11327130384917625,0.32868424255256296,0.19300669426264203,0.36503775933561877,1,2
f5d1abcf5693,0.3224037322012198,0.10452189412792376,0.38808550036799727,0.18498887330285915,1,4
f5d2f5175421,0.21249805132625246,0.21336263096668068,0.4453376298703476,0.1288016878367192,1,0
f5f8f43fece0,0.04324106164316184,0.5356917967580526,0.194922126260323,0.2261450153384626,2,1
f5fd72a88ab9,0.08786992465744786,0.056688872269107286,0.18169762414998436,0.6737435789234605,3,2
f604af7af626,0.13153720702145857,0.4614618389981399,0.14893437854906172,0.2580665754313397,1,4
f6286092ca27,0.14673774777195592,0.4052890659752351,0.37576164291970665,0.07221154333310224,1,4
f632b46fa980,0.10761548986389935,0.4411542614518875,0.3021199590452947,0.1491102896389184,1,3
f64c3d12ddd7,0.06264400030329155,0.5043026687942387,0.19566610276990978,0.23738722813255994,1,1
f65a185b5aaa,0.16832372519344702,0.09838990007385318,0.17059805129425618,0.5626883234384437,1,2
f65b67d0fae5,0.13997238166771547,0.1791732163811657,0.515948115759304,0.16490628619181485,2,0
f674b3cf60f7,0.09180405780847761,0.5690868064837445,0.2910401906003867,0.04806894510739123,1,0
f689f3fba17a,0.06876622582690625,0.47316797418530443,0.27961949676963666,0.17844630321815264,1,3
f6c14c65ff4f,0.1835448815031628,0.4269004625938923,0.25733439454954543,0.13222026135339965,3,0
f6e480fe97af,0.11211488534253214,0.4220079431992528,0.23129986237789102,0.2345773090803241,1,3
f6ee6d94f030,0.1617270484765705,0.3999930461487788,0.19747662170565802,0.24080328366899273,1,3
f6ffe212deeb,0.20894114765999638,0.39473040198184584,0.21709463693455663,0.17923381342360115,0,3
f7087535a63a,0.37640760783818067,0.1690414347261533,0.33235373260496814,0.12219722483069807,3,4
f73ff8c2182d,0.19878030535936256,0.43738933519710815,0.25883613045232345,0.10499422899120579,0,2
f744da386f96,0.027010941815051672,0.7593290127405317,0.13074236393399286,0.0829176815104238,1,0
f747a0ab20b3,0.17034307726191214,0.25701134339098397,0.39204613883668243,0.1805994405104213,2,3
f74f0c0db300,0.11438723110530524,0.3614397318917771,0.30351547514232435,0.22065756186059338,2,0
f75774536369,0.4129663801404322,0.28487764315867437,0.20669778747188422,0.09545818922900916,1,1
f76c899a8e19,0.019950293203158453,0.666580193027695,0.1713098045437943,0.14215970922535223,1,2
f779ee1077cb,0.08599821952842478,0.39022385394342646,0.31776866571273277,0.20600926081541593,1,0
f7859a6e1ae1,0.2246742524556191,0.1257992752623058,0.18344888758854264,0.4660775846935326,0,3
f7974b5d939e,0.14223788316796213,0.25998080161364734,0.5681241080293628,0.02965720718902787,2,4
f7a24c01093c,0.07916350860266598,0.23507321941293208,0.4769379809950277,0.2088252909893742,0,1
f7ae051fa2f4,0.08743319485573843,0.2845117798477225,0.2934301985797639,0.3346248267167751,1,1
f7baa94b8333,0.02567590574894726,0.3935119188067007,0.3212572285269701,0.25955494691738207,1,1
f7bef9f1161a,0.03171028991190236,0.21681993761091284,0.12392703705122937,0.6275427354259554,2,0
f7c01c47e966,0.7406711943937918,0.046367235808780265,0.08583401555608718,0.12712755424134076,0,3
f7d8873478ac,0.16608139095080984,0.20007823918413856,0.24376430915232425,0.39007606071272727,0,1
f7e60ddc0f80,0.4573252685844753,0.13533407581756587,0.3344267126803046,0.07291394291765425,0,3
f80048310b29,0.8114416930451073,0.029680150799664615,0.12287817081351092,0.035999985341717215,2,2
f8038bf5a049,0.3667507129364532,0.18527282556742675,0.3438140208204521,0.10416244067566789,0,3
f807cd855d31,0.17621834250762258,0.12236821630855695,0.1662383787395509,0.5351750624442696,3,1
f83b4b1d4a28,0.4434944707318713,0.17787549766513674,0.2480111963753341,0.13061883522765783,1,0
f83e25510eb9,0.255329885817949,0.09203449373005253,0.34595572435296373,0.3066798960990348,1,2
f8483372c4ff,0.642092956487444,0.03597597561878846,0.11835507913272827,0.20357598876103924,0,3
f84e46c75e24,0.04098295320211466,0.21263331244613562,0.24430759014832867,0.5020761442034211,2,3
f8567c73e039,0.7933020587817616,0.058962064406262456,0.12039923070156834,0.0273366461104075,1,4
f865b83af346,0.1284020567329565,0.25702548750850984,0.24530630924298336,0.36926614651555023,1,2
f86b1c64bf80,0.49486022548090575,0.14717312347460443,0.16386554065847114,0.19410111038601868,0,2
f871e115903e,0.4638970794759036,0.06224500631719107,0.18969362567718567,0.2841642885297196,3,3
f87baaa34bec,0.0759096373127579,0.3987350108003588,0.2406429232000458,0.28471242868683744,3,1
f8a3d75d02bc,0.14527221301501564,0.48247224482337747,0.2598618491425699,0.1123936930190369,0,2
f8aea676f0a6,0.3899448719331979,0.23890070107867326,0.2796099969370585,0.09154443005107041,1,0
f8bdffa59cc1,0.15985877146253205,0.21348056249192512,0.2554253592979296,0.3712353067476132,1,1
f8c006d79bd7,0.1386365665855771,0.2911344885291275,0.2217455110303954,0.3484834338549,1,0
f8c0c4c6a036,0.1775941087691033,0.07492586803590794,0.42535930709136544,0.32212071610362336,2,1
f8c0c6d203ad,0.1456305748857785,0.08684357873641624,0.24597160782880853,0.5215542385489967,0,2
f8d8e382f2e6,0.022365940489263592,0.7892721066529036,0.1181900594921886,0.07017189336564436,1,2
f938e8a612a8,0.5926201251412985,0.1289197994232555,0.20272237177516877,0.07573770366027727,2,1
f947db14b9ee,0.4485429987132113,0.13797004762089812,0.2459536395560455,0.16753331410984512,1,4
f95e25cb4206,0.41645725203413064,0.06714480497830577,0.2651953262662714,0.2512026167212922,0,4
f975ce4319f4,0.15685506552602987,0.34546187275061696,0.355291119795525,0.14239194192782806,1,0
f98438a1cf12,0.10128603560950848,0.32630894113767595,0.25348804831791644,0.3189169749348991,1,4
f99cfe0bbe0c,0.3127287051460661,0.09472160812442486,0.3473443167017497,0.2452053700277593,2,1
f9ad24c6c692,0.09222367745583103,0.110708080321258,0.5460854969069548,0.25098274531595605,0,0
f9b47fe9bcb5,0.06078447089874574,0.2956541409083994,0.2400962884909646,0.40346509970189026,1,1
f9b6922fda66,0.2457174677298357,0.2516086656566212,0.19101718874407972,0.3116566778694633,1,3
f9cc68d54cb4,0.25432496958479117,0.22287381990059274,0.2189680359860455,0.3038331745285706,0,3
f9d95dc20962,0.032648698687809674,0.19116456308273347,0.2841761853022019,0.49201055292725493,1,4
f9e4fc65f2ea,0.5300929782967496,0.09106312133668476,0.25847615004776175,0.12036775031880376,0,3
f9f022de357f,0.13324025335212303,0.5877179401128821,0.2328506007265209,0.04619120580847399,1,0
fa146053ba25,0.23618130727475845,0.18238864619831258,0.19822077246903272,0.38320927405789623,0,0
fa1c23bc4d54,0.08555149110478266,0.5801418556883765,0.2050842784151362,0.12922237479170456,1,4
fa27a6b3551a,0.6148161047173816,0.11495643295557174,0.12846676217952238,0.14176070014752432,0,4
fa2e157f2acc,0.28897745505364425,0.28818708820112837,0.29178015021716436,0.13105530652806308,3,0
fa41c6bf6cd3,0.12851860100445173,0.18423402512072695,0.18115987390404445,0.5060874999707768,2,1
fa57c8fc7906,0.6091949640571918,0.05146164879553665,0.1950964766061631,0.14424691054110864,0,4
fa58b6e83e6c,0.06888233241575469,0.580080047339951,0.19800377040214923,0.1530338498421451,2,4
fa6d3b56e333,0.032968441229326,0.5981794512224207,0.2275472940115136,0.14130481353673968,1,3
fa749cb9895e,0.17776010421065214,0.08933086325799501,0.40873453685684735,0.32417449567450557,3,3
fa79b1765773,0.232132949299641,0.43564484750264826,0.21832650072912166,0.11389570246858907,1,4
fa8a5228f38b,0.1731433969412375,0.33670411746350226,0.3515163473451148,0.13863613825014545,0,0
fa8e92ee028e,0.20531431488615498,0.4488955465697487,0.24852533352883935,0.09726480501525685,2,2
fa9766f49a25,0.2588147983528468,0.28127560318185885,0.24349435454518478,0.21641524392010963,2,4
fa9ea207e240,0.16162780877503694,0.33359104546224533,0.3227865000569339,0.181994645705784,1,3
faa6a62e025c,0.3478347166491825,0.15377723833325566,0.39144376798339703,0.10694427703416484,0,3
faaf89353e32,0.14958522611076186,0.15085310125428797,0.36310972047143686,0.33645195216351337,2,1
fab641b3ce7c,0.3201364572909804,0.16183143376176082,0.3563080574493173,0.16172405149794136,3,0
fabeecea5a9f,0.414588717807122,0.034057664428494575,0.11832647866695778,0.43302713909742563,2,1
fae06a05819a,0.04702050727062585,0.43894907566852026,0.23565728600696276,0.2783731310538911,1,0
fae99afb074d,0.05083280005854317,0.8279782626412885,0.10036387415131615,0.02082506314885212,1,1
fb18563e2a98,0.013185685932163736,0.24577577863795383,0.11875348634037318,0.6222850490895093,2,3
fb24a702b87b,0.1914920054217787,0.2445833321034191,0.3223320080137161,0.2415926544610862,1,4
fb255b926b51,0.5296025534756046,0.11796688333042615,0.2099300247608691,0.14250053843310023,1,1
fb2654cffc9e,0.7298023276732424,0.03245929541867787,0.16721528682774328,0.07052309008033644,0,0
fb4399c644e0,0.20367766499093753,0.3802955205165418,0.3613908199953289,0.05463599449719176,1,2
fb47f989bbcb,0.10558775806905206,0.3004720036600139,0.28611716453750313,0.30782307373343093,1,0
fb4ddcf7f9d6,0.040965915582490714,0.3838536486009091,0.3060448846266624,0.2691355511899377,1,1
fb5044f382e3,0.5334669723021481,0.10851037938243699,0.26187727018499496,0.0961453781304199,0,4
fb5a3285aaa8,0.2411206981872745,0.19078878689834308,0.1754233631181069,0.3926671517962756,1,4
fb6a47691101,0.259339121494363,0.30882347980006464,0.33761238023213563,0.09422501847343676,1,3
fb6b862b6145,0.3084094653459378,0.06771312896683576,0.3940825618557532,0.2297948438314733,0,3
fb8430889b41,0.1190105922717494,0.17613151170519342,0.5745745874453881,0.130283308577669,1,3
fb8c469d8dfa,0.049037099899116095,0.5485982700115872,0.21764521413003185,0.1847194159592648,1,1
fb913c5f28a1,0.03791837261791564,0.04769842581544783,0.4095189765643614,0.5048642250022751,2,1
fba292caa45e,0.3611805278454834,0.26955479559917794,0.24954186614622545,0.11972281040911327,1,3
fbcb95b52844,0.40780025753686566,0.10498168684023265,0.30050558264581057,0.18671247297709112,0,4
fbe9974ec5b3,0.0629339738008475,0.6112561353921276,0.21114265852304762,0.11466723228397722,1,3
fc01bbfefaee,0.12190997639184135,0.310338904049517,0.2811843052522964,0.28656681430634534,0,1
fc1a3a2c2e77,0.0941527453224985,0.5918572170183286,0.1894504943028606,0.12453954335631233,0,3
fc3caa4d9eec,0.17809666239718194,0.46525770905264585,0.2762651799765079,0.08038044857366441,0,2
fc42a9c84eb5,0.034225096858168776,0.5160094890264967,0.08713918806979146,0.36262622604554307,1,3
fc63422eca1c,0.48168866522572246,0.07995206296263449,0.22859831692452856,0.20976095488711444,0,4
fc6b2aa453eb,0.14442008886332022,0.18355845529088236,0.4358850092028997,0.2361364466428978,2,4
fc76d65f316a,0.10372258770162936,0.5036264946117994,0.22157977438327434,0.17107114330329684,1,2
fc7b87a31179,0.05344386113649314,0.44419159854029994,0.35915009892047833,0.14321444140272857,0,3
fc96b65aa265,0.10912224621025368,0.18532759451695024,0.5201623570767815,0.1853878021960146,0,1
fc9a57e4f583,0.773063073574875,0.02951446595810497,0.13663443570509126,0.06078802476192881,1,0
fcaa54dda5f3,0.0837440410819112,0.5189699593145942,0.37275782441097316,0.024528175192521387,2,0
fcb2e43ec0fb,0.174949321702125,0.3813217116608754,0.2061062103284822,0.2376227563085174,1,2
fcb3ecf7568a,0.0759971094886082,0.4988591606140421,0.26599881256849695,0.15914491732885291,1,3
fcbe8b4eed91,0.11406501547000299,0.43016467919622325,0.23698503166993315,0.21878527366384073,2,1
fcda620cd4ab,0.01731121900761415,0.5752851504005249,0.22720217738976126,0.18020145320209974,2,0
fcf51aeb5fab,0.2644042965858526,0.07518485158743836,0.299462790165636,0.360948061661073,3,4
fcfef81a42ba,0.030941582034663892,0.3186585649328517,0.2330817748359775,0.41731807819650685,2,1
fd0cd3ed85bd,0.10563972861031001,0.6840781379724653,0.15051108801944946,0.059771045397775294,1,0
fd2947c154c2,0.3295372760771125,0.19200913987174767,0.29956818415643843,0.17888539989470142,0,2
fd2acdca6a22,0.6589455323003648,0.12493400925472696,0.1667785444641542,0.04934191398075413,0,1
fd33d1e13711,0.284795269467959,0.3112232233890896,0.33411239650684427,0.06986911063610704,0,2
fd34648eeaca,0.5446802117099014,0.07220817226738811,0.19528060455906207,0.1878310114636483,0,4
fd62a2e871fb,0.0045285169838889345,0.4722822129504169,0.06268794818559244,0.46050132188010173,1,2
fd657558f339,0.09731781675653745,0.20455317564080758,0.27741272896207014,0.42071627864058486,3,3
fd712fae87c0,0.057348372086198265,0.3776868962920041,0.4156117439381877,0.14935298768360994,1,4
fd8c61575a7d,0.11968365912558152,0.464272603760616,0.1223256647646261,0.2937180723491763,1,0
fd8f50efba72,0.41310916652582086,0.08622757791567003,0.16740445973366516,0.333258795824844,1,0
fd90f27b813a,0.4281594839917006,0.21538215450065934,0.15196504253143392,0.20449331897620623,0,1
fd92c6f2b2e6,0.1812363442046111,0.3207168439188952,0.2582956883317141,0.23975112354477962,0,3
fd9bc8ec9c4b,0.025164087622170928,0.6158386658041582,0.1525074412372189,0.206489805336452,1,2
fd9d8a24f167,0.819045902324289,0.00813904538285356,0.0704994022066887,0.1023156500861688,0,1
fda24ef37907,0.03158996984622323,0.7032925290715484,0.23812594646566992,0.026991554616558486,1,2
fda2cd74ad14,0.36026243875269964,0.21607013929178456,0.20666079034597268,0.21700663160954314,1,4
fdb3f0146f58,0.20494750034113746,0.3098187759624519,0.3583882305808047,0.12684549311560592,2,4
fdb830b6745f,0.5249452281292976,0.1343423740610077,0.2429022886528211,0.0978101091568737,0,0
fdbf84b3fd88,0.09092546322736883,0.31212112261375785,0.21987854010873847,0.3770748740501348,1,1
fdc5e14139d7,0.22245913495026207,0.22893209190934957,0.47954065314598165,0.0690681199944068,1,0
fdcc6f504d49,0.1564512569519623,0.3673176573758482,0.20734164008446207,0.26888944558772737,1,1
fde8d14e4c31,0.08462003766586379,0.16617790704680183,0.2886458464386769,0.46055620884865744,3,4
fdf9cb6b052d,0.057056391464701935,0.4045537629980971,0.17222666314889812,0.3661631823883029,1,2
fdfd07901483,0.274612417963432,0.1983181881230285,0.30083678857979806,0.22623260533374137,0,0
fe0b9c37645b,0.4464286691235058,0.09064979965480549,0.17157969133655324,0.29134183988513535,3,0
fe0be2315bf0,0.18083953728114227,0.2916353974192585,0.3131735419708612,0.21435152332873808,0,4
fe139f2b6429,0.11932009168914641,0.2819436729496715,0.5200141921814021,0.07872204317978003,3,2
fe1d8ff109c1,0.2398221548182071,0.3709816678633406,0.26673559611444747,0.12246058120400478,0,2
fe4db0232dad,0.2895505379699559,0.19613150639465768,0.19661790252113792,0.3177000531142484,0,2
fe6b58e8499f,0.030411258764928097,0.6115224799604596,0.1707242658998426,0.18734199537476973,2,2
fe6b9118cf57,0.09250638712238912,0.39825173390331187,0.28098607863485914,0.22825580033943993,1,3
fe7b14312526,0.1428863398852274,0.4105642043480164,0.3036429169239176,0.1429065388428387,1,1
fecb27d2edca,0.5603237546148834,0.1464118631266344,0.1588662362434395,0.1343981460150428,0,1
fecddac318f7,0.20890706136633394,0.19863678574913066,0.4065152511673179,0.1859409017172177,0,3
fee1b3d702a5,0.832581250694962,0.021048651369330176,0.07192047355682171,0.07444962437888598,0,1
fefbd0c403c1,0.18906473753868835,0.1147837523639273,0.3859796965081959,0.3101718135891884,2,3
feffa20fac13,0.6704175820004042,0.06606936555407128,0.13569722325764902,0.1278158291878755,2,3
ff0879eb20ed,0.22169397798757573,0.3169346516259786,0.24372215822273108,0.2176492121637145,0,4
ff0bf9cae3b3,0.2797977816077332,0.21622963406258047,0.4219045345269667,0.08206804980271962,1,2
ff19b8e99b4b,0.5756301599700356,0.09114425699153059,0.1381150702407323,0.19511051279770145,0,2
ff3bc8d91f5b,0.24183096753269184,0.36408356043758655,0.2167789621691066,0.177306509860615,1,3
ff3e6f379834,0.038319709775005005,0.2642500910608483,0.30706454373075276,0.390365655433394,1,4
ff3fc3faf1ca,0.49375223387697503,0.0442985809742151,0.2089060387486067,0.2530431464002032,2,2
ff4c1c2444fa,0.0923432970348476,0.29389166350692564,0.4436113914326058,0.17015364802562088,2,0
ff4d28f1b11e,0.6814097224167431,0.024117952691871277,0.13567311873924956,0.158799206152136,1,0
ff5948fb8ea9,0.08357394905975853,0.39098434358956125,0.4238856199967107,0.10155608735396959,1,1
ff631db5f6d4,0.13094385027176245,0.06167157512112956,0.22522904545267527,0.5821555291544328,2,0
ff7ffd9c6c80,0.6706447616211326,0.0517147937198633,0.2444486189968875,0.033191825662116516,0,4
ff8c65c0cb53,0.05129446454375153,0.2160632617384861,0.29321159283774945,0.4394306808800129,3,4
ff9f78aa56a3,0.053456440569851014,0.5641478174545962,0.32389525763733995,0.058500484338212894,0,1
ffa332785df4,0.5163638076667602,0.05793764347667828,0.18430401501615165,0.24139453384040996,1,0
ffc3fa3a1911,0.26362593755490493,0.22922995484811506,0.2007298408424934,0.3064142667544866,3,4
ffc6679e82d6,0.049824907109161695,0.4568495685158479,0.3219417639059252,0.17138376046906523,1,2
ffe4d6e8fbb0,0.052739989513379965,0.04605505686056871,0.17336645885627902,0.7278384947697724,1,2
ffebf1ef4a9c,0.2547226125506601,0.39999864150410375,0.1856100301898327,0.1596687157554035,1,3
