study_id,label,patient_id,n_images,manufacturer,modality,split,cv_fold
00086460a852,1,7d3bf0aef747,1,Desconhecido,DX,dev,3
000c9c05fd14,3,2c00dc1ead80,1,Desconhecido,DX,dev,1
00292f8c37bd,0,f942cf0989ff,1,Desconhecido,DX,test,-1
005057b3f880,0,f1894c76ef7b,1,Desconhecido,CR,test,-1
0051d9b12e72,3,e2dbb0ae5e50,1,Desconhecido,DX,test,-1
00792b5c8852,0,e398ad6e7a6a,1,Desconhecido,DX,dev,1
00908ffd2d08,0,e4bdb69586c3,1,Desconhecido,CR,dev,0
009bc005edaa,2,ac9f656d4990,1,Desconhecido,CR,dev,2
00a76543ed93,2,4df77458d988,1,Desconhecido,CR,dev,0
00a87235ca36,1,300d058634b7,1,Desconhecido,DX,dev,4
00b33b3eb8d9,1,2d9035215714,1,Desconhecido,DX,dev,3
00c241c3fc0d,0,1be683d8ecb1,1,Desconhecido,CR,dev,3
00c74279c5b7,0,35b3a28573de,1,Desconhecido,CR,test,-1
00c83e33588f,2,1c7973b7ed3d,1,Desconhecido,CR,dev,4
00ccd633fb0e,0,9c9124da6ac9,1,Desconhecido,DX,dev,3
00e936c58da6,0,5bc3d3249142,1,Desconhecido,DX,dev,3
00f9e183938e,3,e1f603f0e590,2,Desconhecido,DX,test,-1
00fceac64e6a,2,347a30f83fdb,1,Desconhecido,CR,dev,1
00febcfee50b,0,288622555fb8,1,Desconhecido,DX,dev,0
011475cb6db4,0,76b896f69ff7,1,Desconhecido,CR,test,-1
01206a422293,1,226f0e834906,1,Desconhecido,CR,dev,0
012229ebd9b3,0,c0902c777852,1,Desconhecido,CR,dev,3
0135d267f462,1,f20a5fd89b90,1,Desconhecido,CR,test,-1
013d698aeecb,0,bbaf338473c9,1,Desconhecido,CR,dev,0
0142feaef82f,2,6dac067ad119,2,Desconhecido,DX,dev,0
0147e3c530f2,2,6edfb8f712ff,1,Desconhecido,CR,dev,1
01494b9b4423,2,28ec280246f4,1,Desconhecido,CR,dev,3
015707c0e73f,1,ddfc73221cd2,1,Desconhecido,CR,dev,4
0159c2d40b52,1,e80b9b61824a,1,Desconhecido,CR,dev,3
015a2029ad0c,0,40fae9b08b68,1,Desconhecido,CR,test,-1
016c1781fbb2,0,c81a599fa930,1,Desconhecido,DX,dev,0
0172a5607c9d,1,ff469fb79bf4,1,Desconhecido,DX,dev,0
01805585ad69,1,e15f8f56bf73,1,Desconhecido,CR,test,-1
018c5ec34722,2,7340424f0372,1,Desconhecido,CR,dev,0
018c96c9aeff,2,2fa120ad49be,1,Desconhecido,DX,dev,2
018cfcc1e851,2,470ac03a1099,1,Desconhecido,CR,dev,3
01934dbaf28b,0,2b42c81efdc9,1,Desconhecido,CR,dev,0
019960c57d32,1,013bf5768ba6,1,Desconhecido,DX,dev,1
019aef94b388,0,f0b51d1e6322,1,Desconhecido,CR,dev,0
01c6c27b82a4,0,dad638d5c602,1,Desconhecido,DX,dev,3
01c8e624037b,3,f4494e497796,1,Desconhecido,CR,dev,1
01ce54f82d94,0,8222556e4e49,1,Desconhecido,DX,dev,2
01e030757f57,1,657bfaecc0b5,1,Desconhecido,CR,dev,3
01e19055f756,2,f6a24cbff2aa,1,Desconhecido,CR,dev,1
01e830e3a965,0,b7c2bccfe6d4,1,Desconhecido,CR,dev,2
01ed923839d7,3,7da6ad07632d,1,Desconhecido,DX,test,-1
01f104b42afd,0,9089c729197e,1,Desconhecido,DX,dev,1
01fc72cc1f1a,1,7df7aaa667ad,1,Desconhecido,DX,dev,1
0207ea0aaf24,1,d8d0a5559442,1,Desconhecido,CR,dev,1
0212c908aa20,0,f07ffd777885,1,Desconhecido,CR,dev,3
0213594439b0,1,7f79347b23e3,1,Desconhecido,DX,dev,1
021986b21570,1,4c68a64b3c26,1,Desconhecido,DX,dev,1
021a7bd50924,1,0fa8280fec3c,1,Desconhecido,DX,dev,2
022165b35383,1,7db2f011e85f,1,Desconhecido,CR,test,-1
022f9b3cfd91,1,ba218565ec33,1,Desconhecido,CR,dev,0
023a30330136,1,622203d909fd,1,Desconhecido,DX,test,-1
02401e15e783,1,b19b609f7011,1,Desconhecido,DX,dev,0
0287079f5a1a,0,54e4d641edb9,1,Desconhecido,DX,dev,1
028b79a357d6,2,c299ace05164,1,Desconhecido,DX,dev,4
02a0fd4d10d6,1,b3c3af519e96,1,Desconhecido,CR,dev,2
02accd5bab1f,0,41a446a1ae31,1,Desconhecido,DX,dev,3
02be71f8212c,3,8de3d0179fa2,1,Desconhecido,DX,dev,3
02bfa5949092,0,9cbf8287a26f,1,Desconhecido,DX,dev,0
02e31620e4e7,1,432d580f93d3,1,Desconhecido,DX,dev,2
02e6db1dccd4,1,0bd882a612c0,1,Desconhecido,CR,dev,2
02f88d67e4d6,1,34a245d3de2e,1,Desconhecido,DX,test,-1
03169bde8e0e,0,62e727f47261,1,Desconhecido,DX,dev,2
0326cbb3b63d,2,f51965f7e2f4,1,Desconhecido,DX,test,-1
03295f6c7460,1,6879f74cc1d7,1,Desconhecido,CR,dev,0
032ba2202933,1,2144808c5f44,1,Desconhecido,DX,test,-1
032c262f65c0,0,d8fece2de382,1,Desconhecido,CR,dev,2
032d9cc1e0ef,1,9bc40cf12fd6,1,Desconhecido,DX,dev,0
033238643ba8,0,778b18158530,1,Desconhecido,DX,test,-1
03461d2a218f,1,d2efb3237adb,1,Desconhecido,DX,dev,1
0349c7c46ed3,1,4a16f8a3534f,1,Desconhecido,CR,test,-1
035c61ec21cb,0,ec86c3d8b593,1,Desconhecido,CR,dev,0
0369e0385796,1,bf6fe75d4d53,2,Desconhecido,DX,dev,1
038124609f4c,0,3b3fb3d27de7,1,Desconhecido,CR,dev,4
038891a2ca57,2,e0dffefb80ec,1,Desconhecido,DX,dev,4
03920c119b2b,0,84a238ca60be,1,Desconhecido,CR,dev,0
03a19e4df23a,1,8bf00bf803be,1,Desconhecido,DX,test,-1
03a549fc0402,2,01c54c169017,1,Desconhecido,CR,dev,1
03bbf042e102,0,89d2a04b25a2,1,Desconhecido,CR,test,-1
03c62bc287b6,3,d513311510c4,1,Desconhecido,CR,dev,2
03c8c9fe62ba,0,915c30d80934,1,Desconhecido,DX,dev,1
03c94694e41e,0,afc82220ad42,1,Desconhecido,DX,dev,2
03db5dc7f1a2,1,e24b205e86c1,1,Desconhecido,CR,dev,0
03e15b1576b1,1,842668d87f94,1,Desconhecido,CR,test,-1
03e9959341af,0,973e88617c12,1,Desconhecido,CR,dev,2
03f7a5f8d8ea,1,513f138c8f6d,1,Desconhecido,DX,dev,0
0412ac22af28,2,4d95a6574934,1,Desconhecido,DX,dev,0
041ff1b4eb02,0,9bd22744ceb6,1,Desconhecido,DX,test,-1
0428b590379a,0,e2ddd697da0c,1,Desconhecido,DX,dev,4
0444a957bb4d,3,12d1067296f6,1,Desconhecido,DX,dev,1
0447a64e5813,3,314c65389f9e,1,Desconhecido,DX,dev,4
0455eeb9fbcc,0,6fff04bfa007,1,Desconhecido,CR,dev,2
045762d32a15,1,6595681fdcee,1,Desconhecido,CR,dev,1
0475198fc9d7,0,745282febded,1,Desconhecido,DX,test,-1
0478ead3b8c2,1,2e1924246566,1,Desconhecido,CR,dev,0
047b450939fd,2,b2d53caaa7e9,1,Desconhecido,DX,dev,0
0482ed7dda6e,1,f20b249151fd,1,Desconhecido,CR,dev,1
048616ba3fe3,0,56d95fd6baaf,1,Desconhecido,CR,dev,3
0490450d954b,3,5ebbd93cc0e6,1,Desconhecido,CR,dev,0
0490565dc4c0,1,86872a4d23b7,1,Desconhecido,DX,dev,1
0496e1b97269,1,26d16efedc89,1,Desconhecido,CR,test,-1
04ba8031118a,1,2bd3b9895dcc,1,Desconhecido,CR,test,-1
04d14aa24eff,1,4ed55eb9961a,1,Desconhecido,DX,test,-1
04d53300f9d1,2,1e128d5750e1,1,Desconhecido,DX,test,-1
04e04b1e22c5,1,a093e8c76530,1,Desconhecido,CR,dev,3
04ebc4466923,0,7da702c2a6d9,1,Desconhecido,DX,dev,2
04f115f14e1c,2,d8d0a5559442,1,Desconhecido,CR,dev,1
04fc265a693e,2,aebb83480873,1,Desconhecido,DX,dev,2
052693d6dfff,0,7f97a78d4d21,1,Desconhecido,DX,dev,1
0543d2bc1c80,2,d0b2e2c24bfa,1,Desconhecido,DX,test,-1
0550e5868e2d,1,52552de44397,1,Desconhecido,CR,dev,0
0556cdfa7299,0,eeecd5b48f4b,1,Desconhecido,DX,dev,2
055f0253e5cc,0,e87ab9df1809,1,Desconhecido,DX,dev,4
056126fb6e9f,1,1257a64e6a52,1,Desconhecido,DX,dev,4
05619d312f50,1,8ad759170a14,1,Desconhecido,DX,test,-1
057c02a959f1,1,70b4399c71ca,1,Desconhecido,DX,dev,2
0586a3fc149c,0,454196ca6e7e,1,Desconhecido,DX,dev,1
0591d7b2d734,1,dc259dabb1ff,1,Desconhecido,DX,dev,0
0599d527d3b6,1,7507e5210cc7,1,Desconhecido,CR,test,-1
059f8765a1c1,1,f0982875583b,1,Desconhecido,DX,dev,0
059fb5105884,0,de07301c977b,1,Desconhecido,DX,test,-1
05debac9c652,1,3c6db652d71e,1,Desconhecido,DX,dev,2
05f00e9a126b,2,e893e721d6a0,1,Desconhecido,DX,dev,0
05f42286c7a2,3,7b6c1a78c39a,1,Desconhecido,DX,dev,4
05f85b86cdd6,1,a04f9bd3685b,1,Desconhecido,DX,dev,4
060ed64e8ea3,1,1b0fe266a5a5,1,Desconhecido,DX,dev,0
060fbd1293ee,0,47e19d498d96,1,Desconhecido,CR,dev,4
061c46e4e75e,0,d519cb05ade4,1,Desconhecido,DX,test,-1
061d2ddaddd1,2,ac9f656d4990,2,Desconhecido,DX,dev,2
065a7fafe1a7,3,17ae29c224d6,1,Desconhecido,CR,dev,4
066b12d875eb,2,cc5c2ee2f7af,2,Desconhecido,CR,dev,3
066b28c3eb1e,0,dcb3b33842c4,1,Desconhecido,DX,dev,1
067d0d1495a8,1,79e5a123941c,1,Desconhecido,DX,dev,2
0680d8beb75f,2,ff63ed9cdf32,1,Desconhecido,CR,dev,3
068be3f82883,1,2cdc4fd15a6a,1,Desconhecido,CR,dev,2
069d6c49a1d1,2,93dca8fa3d84,1,Desconhecido,DX,test,-1
069f0610c6e5,1,feee75c12066,1,Desconhecido,CR,dev,0
06b01b8935cb,0,3183fcf5ced4,1,Desconhecido,DX,dev,1
06b55d23496f,1,c0902c777852,1,Desconhecido,CR,dev,3
06dc92c4302a,1,ebb1dc7a71d8,1,Desconhecido,CR,dev,2
06e5fcfcd2f8,0,d0edc97e96d8,1,Desconhecido,DX,dev,4
06ee997f0ba0,2,ab7d4d7df639,1,Desconhecido,CR,dev,3
06f711c020a1,2,24e8899facaa,1,Desconhecido,DX,dev,4
07096154447a,1,e0f65cd4caa7,1,Desconhecido,CR,dev,3
070cbb72137d,2,b177987afec9,1,Desconhecido,DX,dev,1
07110539dce9,1,7219f0498e68,1,Desconhecido,DX,dev,2
0717c8ac304f,1,b19b609f7011,1,Desconhecido,DX,dev,0
0718a591b693,0,c526721dede4,1,Desconhecido,CR,dev,4
0725e859c8de,0,3e489912fd83,1,Desconhecido,DX,dev,3
072ae7beb987,0,15670ac81363,1,Desconhecido,DX,dev,4
072f2a6a3afe,1,fa6d923c6f18,1,Desconhecido,CR,dev,0
075544a7881c,1,606c1f722a96,2,Desconhecido,CR,dev,1
07595b2a3543,3,fec05c196884,1,Desconhecido,CR,test,-1
075ca6e0fdca,2,d26ee3f35b8e,1,Desconhecido,CR,test,-1
076451eaa633,0,e2560d530946,1,Desconhecido,CR,dev,1
0786e68c8c8d,0,c8a93cb091fd,1,Desconhecido,CR,dev,2
078e02e7614f,2,60218c327842,1,Desconhecido,CR,dev,4
07908d53db2b,3,d1bc2d948389,1,Desconhecido,DX,dev,2
079e0cefd391,1,48cd4e46be74,1,Desconhecido,DX,dev,3
07a2358b4e59,2,d6fa1d181e54,1,Desconhecido,CR,dev,4
07ab05ea79fa,1,f764a36fb7fe,1,Desconhecido,CR,dev,2
07b01d3eb9d2,0,9d28a87ef037,1,Desconhecido,DX,dev,3
07c985cdc2e3,0,d2ef98a83787,1,Desconhecido,DX,test,-1
07caeab1de20,1,d1f25b2ab42f,1,Desconhecido,DX,dev,2
07d5f3e47055,1,50a8b871fe2b,1,Desconhecido,DX,dev,2
07e85f8f5e29,0,fcfdc3aa6ad5,1,Desconhecido,DX,test,-1
07ee38c90625,0,72c169074a8c,1,Desconhecido,DX,dev,2
0809cb7a5f38,0,024890ae9f53,1,Desconhecido,CR,dev,2
080c164369e7,1,f94754a439e5,1,Desconhecido,CR,dev,1
08277cefd028,3,f006d1e4aa96,1,Desconhecido,CR,dev,2
082cafb03942,1,112e8c966f47,1,Desconhecido,CR,test,-1
082f133bd70d,1,6684dfc1be55,1,Desconhecido,CR,dev,1
0833353809f6,0,b69e5e9a1752,1,Desconhecido,DX,dev,4
083cdfc443c7,2,d60d50440cd8,1,Desconhecido,DX,test,-1
0845243089f8,1,33ff340c5cc8,1,Desconhecido,CR,dev,4
0846afd21193,1,4a54118e36be,1,Desconhecido,CR,dev,1
0847b3407f85,2,3b126eec7d3e,1,Desconhecido,DX,dev,2
08493873ea34,1,7f39beab42ab,1,Desconhecido,CR,dev,0
085006d8963b,1,dcc3fdf6426a,1,Desconhecido,DX,test,-1
0862f314ec92,0,a2aa5c179a56,1,Desconhecido,DX,dev,3
086f0ab55636,1,f5d0dc435d19,1,Desconhecido,DX,dev,2
0875e99cfbef,0,79922d776ba5,1,Desconhecido,CR,test,-1
0878e798a4a6,1,8f1ef3b8e8cd,1,Desconhecido,CR,dev,2
088317a7f035,1,045fa90f978d,1,Desconhecido,DX,dev,0
088665db15b6,2,6dc4688a3fd0,1,Desconhecido,DX,dev,1
08872a6c1b69,1,b75fb5080608,1,Desconhecido,CR,test,-1
0893fd4ae349,0,eec728ee0064,1,Desconhecido,DX,test,-1
089b1ed81bba,1,f8e2e137d4c4,1,Desconhecido,DX,dev,0
08aad9bda74f,0,b010575dcc55,1,Desconhecido,DX,dev,1
08b3ed9bd8ff,2,c605a87fbefb,1,Desconhecido,CR,dev,2
08b5ac196fae,0,2a815de0456f,1,Desconhecido,CR,test,-1
08b5d40af543,1,6364827d9f43,1,Desconhecido,DX,test,-1
08bf9775ebfd,0,7c00a67deac7,1,Desconhecido,CR,dev,0
08c27d332b66,1,7f39beab42ab,1,Desconhecido,CR,dev,0
08c7df1f8eee,0,9b917b4c5a31,1,Desconhecido,CR,dev,1
08d64eda9bab,1,fc7a86b66706,1,Desconhecido,DX,dev,1
08d6fe3e5c11,2,b9fc8f537a4b,1,Desconhecido,DX,test,-1
08e2e4a4410e,1,a04f9bd3685b,1,Desconhecido,DX,dev,4
08ec6f5aa0df,1,6c9ef5a7114f,1,Desconhecido,DX,dev,1
08ee3bc2ae53,2,70c847bdfe03,1,Desconhecido,DX,dev,3
08f053401845,1,dddaf21fa21a,1,Desconhecido,DX,dev,4
090c33962b67,1,07074cb84a23,1,Desconhecido,DX,dev,3
09106a2aec96,0,350d1aba7354,1,Desconhecido,CR,test,-1
09153fbcd2ef,1,112e8c966f47,1,Desconhecido,CR,test,-1
09249d4b7b53,3,6fff04bfa007,1,Desconhecido,CR,dev,2
092a33abfd84,1,d175f9d49cb7,1,Desconhecido,CR,test,-1
09419c95273e,1,353612be1a3f,1,Desconhecido,CR,dev,2
0949b847bda6,1,fcf7a3266b56,2,Desconhecido,CR,test,-1
09539e4d58bb,2,5a9b96e06e82,1,Desconhecido,DX,dev,0
095a25cc191d,0,7783bac653d7,1,Desconhecido,DX,dev,3
095d54d31dc0,1,d7b1ca329483,1,Desconhecido,CR,test,-1
096061261805,0,b63bd29e676f,1,Desconhecido,DX,dev,1
096c4eb10909,0,e5cf226fa300,1,Desconhecido,DX,dev,2
096eae67f478,0,fb973fa3ef6d,1,Desconhecido,DX,dev,3
0983897d389c,1,864b906ab0da,1,Desconhecido,CR,dev,3
099f710eacfd,1,85547e4ce9ac,1,Desconhecido,CR,dev,3
09a6c1515372,0,a60bbfa896aa,1,Desconhecido,CR,dev,2
09aa1559bcd4,2,7abf417767e4,1,Desconhecido,DX,dev,1
09bb2eb902cb,1,99e7f1c266cf,1,Desconhecido,DX,dev,2
09d8a69657ab,2,d12601427af6,1,Desconhecido,DX,dev,4
09dd3b736a69,1,3b38f7a7663f,1,Desconhecido,DX,dev,2
09e9753e5ad7,1,cf5825d3ffcf,1,Desconhecido,DX,test,-1
09eff3975c81,1,6601d50ebf23,1,Desconhecido,CR,dev,2
09fb4da6ca2f,0,6904101cae84,1,Desconhecido,DX,dev,2
0a1a3dd9e738,3,18fc7cb836f1,1,Desconhecido,DX,dev,2
0a256a4617e8,1,15c86a9e3c74,2,Desconhecido,DX,dev,2
0a29d44f380b,1,761d73a2ad3b,1,Desconhecido,CR,dev,0
0a3066013f86,0,0ae933afc516,1,Desconhecido,CR,test,-1
0a316256e7b2,1,37f4942c15f1,1,Desconhecido,CR,dev,3
0a3cd97f740b,0,59e43d6b3bf0,1,Desconhecido,CR,dev,0
0a49309fc682,3,f1fb266c0c3d,1,Desconhecido,DX,dev,0
0a54c691d360,1,f07fdce2b4d3,1,Desconhecido,DX,dev,0
0a5b1c284bb4,1,88daefcc5f8a,1,Desconhecido,DX,test,-1
0a5b9e289c44,2,1109e90b537f,1,Desconhecido,CR,dev,3
0a763df67cdc,2,d799767534ed,1,Desconhecido,DX,dev,0
0a903dd7283d,1,ec3426e8a969,1,Desconhecido,DX,dev,4
0a9169b86b81,1,39e6ef2d975e,1,Desconhecido,CR,dev,1
0a95fd575cf1,0,f1888f212dc5,1,Desconhecido,CR,dev,2
0a9da1fa077e,0,30638322a1f1,1,Desconhecido,DX,test,-1
0aab6d016736,0,8ea097baf508,1,Desconhecido,CR,test,-1
0ab744a0db95,1,bcea6d8003da,1,Desconhecido,CR,dev,0
0abb818755e4,3,bb4b3412c61a,1,Desconhecido,CR,dev,4
0ace558d4b99,0,745282febded,1,Desconhecido,DX,test,-1
0acf45b01bdf,0,dc6ac13f03eb,1,Desconhecido,CR,dev,0
0ad39f5b94c1,1,e7a495b1e121,1,Desconhecido,DX,dev,3
0ad70ae5bcc3,0,00384c29467b,1,Desconhecido,DX,test,-1
0adaae6adf1b,0,f12d20fd43de,1,Desconhecido,CR,dev,4
0adca2b37fe5,0,b619b7409ce9,1,Desconhecido,DX,dev,2
0adfd8d6f010,1,edcf74ccca0a,1,Desconhecido,DX,dev,1
0af232c221f8,2,f6362cf209a2,1,Desconhecido,DX,dev,3
0b0449d32b66,3,7ab22a5dc0b8,1,Desconhecido,DX,dev,4
0b152dc8af83,2,e19698f8bbc6,1,Desconhecido,CR,dev,3
0b1671929731,2,f9ddd5530443,2,Desconhecido,DX,dev,3
0b19774105f5,0,20f2f83ba9f3,1,Desconhecido,CR,dev,0
0b457ab68e89,0,bd6cc4c2d541,1,Desconhecido,CR,dev,4
0b462ace8c37,2,a04f9bd3685b,1,Desconhecido,DX,dev,4
0b5593ee3915,1,86eb9beeea0b,1,Desconhecido,CR,dev,3
0b58306a56c9,2,359042149283,1,Desconhecido,CR,dev,1
0b6a57fb8aaa,0,ae4b5fab1949,1,Desconhecido,DX,dev,4
0b7a0022dbc8,1,b4a02d3006be,1,Desconhecido,CR,dev,1
0b86d8f6b4f2,0,de97ff906db2,1,Desconhecido,DX,test,-1
0b89a95b6733,2,5dbdff9332f2,1,Desconhecido,DX,dev,0
0b8dd4003cc7,1,f25bdb42e402,1,Desconhecido,CR,test,-1
0ba072188224,1,9c7c17e561eb,1,Desconhecido,DX,dev,3
0ba55e5422ab,0,55afb7a52668,1,Desconhecido,CR,dev,4
0baee5ac23b2,1,760e1ba09f3d,1,Desconhecido,DX,dev,1
0bc5db15a5b8,1,d7a8857d98e8,1,Desconhecido,CR,dev,1
0bc9b8eb7ead,0,d6b56591d146,1,Desconhecido,CR,dev,3
0bdd22c68e47,1,c383cbf78b2f,1,Desconhecido,CR,dev,2
0be731313053,1,cd452e26bcb1,1,Desconhecido,DX,dev,4
0bf9bc0d84bf,1,3d67b79f767c,1,Desconhecido,CR,test,-1
0c19eb129296,3,c9f6d95c2698,1,Desconhecido,CR,dev,4
0c30a9ded310,0,e884798e8c29,1,Desconhecido,DX,dev,1
0c329e5c3715,0,dc4eb6e4ea70,1,Desconhecido,DX,dev,3
0c3d6d108e07,3,eb9e1b64f7d3,1,Desconhecido,DX,dev,1
0c4472b1b940,1,e58e11c7405e,1,Desconhecido,CR,test,-1
0c4be0c6f78c,1,d2f26991e122,1,Desconhecido,DX,dev,2
0c5c7da459a3,0,dc6ab265183b,1,Desconhecido,DX,dev,1
0c6c01fafe3e,2,90733568b180,1,Desconhecido,CR,test,-1
0c6ef19c59cf,1,b2f34db2eda2,1,Desconhecido,CR,dev,2
0c7570079a16,1,961a4d10cf41,1,Desconhecido,DX,dev,1
0c795288aac0,0,55a564259068,1,Desconhecido,DX,dev,3
0c890190c894,1,89e957d0100b,1,Desconhecido,DX,dev,0
0c9b15035c41,1,98ecb5a0953c,1,Desconhecido,CR,dev,1
0c9f6e26f5fc,2,07834bae0b2e,1,Desconhecido,CR,dev,3
0ca49b5d2be4,3,2433ee7ae18c,1,Desconhecido,DX,dev,2
0ccf6bf856e5,0,9812289ad989,1,Desconhecido,DX,dev,0
0cd5e635c50c,0,1b05823afbe7,1,Desconhecido,DX,dev,2
0cde09614efd,1,09ec51c994cc,1,Desconhecido,CR,dev,0
0ce7f45e10d0,1,fe6e9dfdc38b,1,Desconhecido,CR,test,-1
0ceb9e178f19,1,88daefcc5f8a,1,Desconhecido,DX,test,-1
0d12c6a46f62,1,b93076b4b5b7,1,Desconhecido,CR,dev,0
0d13d23764f5,1,ebe99a9736db,1,Desconhecido,DX,test,-1
0d1626be72d5,2,fd1d147c2995,1,Desconhecido,CR,dev,3
0d19a07bbff0,1,c846fb8005a5,1,Desconhecido,DX,dev,3
0d33fb757a01,1,e402357def73,2,Desconhecido,CR,test,-1
0d43ab1d2f50,1,e60146940cb3,2,Desconhecido,CR,test,-1
0d49a20737e8,0,df24a50912ed,1,Desconhecido,CR,dev,2
0d4f4da9dda3,0,74047f0dad52,1,Desconhecido,DX,dev,1
0d5082a9a044,1,5cca4893c976,1,Desconhecido,CR,dev,2
0d6d3f946d7b,1,b2932caa77fe,1,Desconhecido,DX,dev,4
0d6d908b3a21,3,d77b25369857,1,Desconhecido,DX,dev,1
0d78889b5864,1,e1703aaff024,1,Desconhecido,DX,test,-1
0d806ffe4e77,0,81aed44ed66d,1,Desconhecido,DX,dev,0
0d81805743b6,0,fbe0653ea3d9,1,Desconhecido,DX,test,-1
0d88a0777808,1,f791862e26f0,1,Desconhecido,CR,dev,1
0d89abf5503c,1,f0cda739919c,1,Desconhecido,CR,test,-1
0d8d0ec75a82,0,20dd4d1eae64,1,Desconhecido,CR,dev,4
0d962bb4c9f2,0,fdc8aba55e3d,2,Desconhecido,CR,dev,3
0d9709b3af74,3,5ebbd93cc0e6,3,Desconhecido,CR,dev,0
0d9ebdd085fc,1,70b4399c71ca,1,Desconhecido,CR,dev,2
0da60a794140,1,9e9a663017a7,1,Desconhecido,DX,dev,4
0dad96d7bb42,0,8ebf1f83b933,1,Desconhecido,CR,dev,1
0dbfffc14b06,1,062b9d120b2d,1,Desconhecido,DX,dev,2
0dc48bd60d2f,1,842668d87f94,1,Desconhecido,CR,test,-1
0dca97b508f0,0,70adbe80c9ee,1,Desconhecido,DX,dev,0
0dccf6c8a734,3,4b6d672aabdb,1,Desconhecido,DX,dev,3
0dda3b2bc0a2,1,24e80e5976f8,1,Desconhecido,DX,dev,1
0e073fd45001,1,6fbf550ddcf9,1,Desconhecido,DX,dev,2
0e1701865c35,1,45024ba5cc0b,1,Desconhecido,CR,dev,1
0e2a0ec6533d,3,7691409a0d1c,1,Desconhecido,CR,dev,0
0e3c57f50255,1,bd6cc4c2d541,1,Desconhecido,CR,dev,4
0e3eff99adbc,1,ce6f6f6e095f,1,Desconhecido,DX,dev,4
0e4c41d96006,0,4ad1481c1130,1,Desconhecido,CR,dev,2
0e5b9c6b7ba6,0,e1f96ed8d239,1,Desconhecido,CR,test,-1
0e62c82c7975,1,36b1ce94555e,1,Desconhecido,CR,dev,1
0e63ba149294,1,d350ae07ce1c,1,Desconhecido,CR,dev,0
0e698a56dcd3,0,180f3de7cae8,1,Desconhecido,CR,dev,3
0e76983343a5,0,1c3d616b77cb,1,Desconhecido,DX,dev,1
0e873e593a75,3,f63778df0346,1,Desconhecido,DX,dev,4
0e89eeeb5eef,1,3c6db652d71e,1,Desconhecido,DX,dev,2
0e908a012691,1,d060874b19cc,1,Desconhecido,CR,dev,1
0e9bece7e297,2,e7bc764034d7,1,Desconhecido,CR,dev,0
0eb98db06f45,1,6330f40bfa00,1,Desconhecido,DX,dev,1
0ec2cfa1e0ea,3,29d3fb3a1dc9,1,Desconhecido,CR,dev,3
0ec2edfe7846,1,6e5f56811da7,1,Desconhecido,DX,dev,1
0ec64970f831,1,d60d50440cd8,1,Desconhecido,CR,test,-1
0ee1a62438bd,1,6444531752a7,1,Desconhecido,DX,dev,2
0ee703df04a3,0,77573c0bcd72,1,Desconhecido,DX,dev,3
0efc048f9f22,1,dc6e7bbf57a7,1,Desconhecido,CR,dev,3
0f0cda6d8d62,0,0121847a784a,1,Desconhecido,DX,dev,4
0f21dc4d6a38,2,3a192bf82f6d,1,Desconhecido,CR,dev,1
0f2816e59e90,0,2e54255ec3a8,1,Desconhecido,DX,dev,0
0f3753cb0283,1,fec05c196884,1,Desconhecido,CR,test,-1
0f37cd26d3a9,1,f1eb548b0d4e,1,Desconhecido,DX,test,-1
0f3963b5b9bc,1,df08525daffc,1,Desconhecido,DX,dev,0
0f47d2e5f328,1,022efce6a095,1,Desconhecido,CR,test,-1
0f61a1f7ed0a,2,55957d2167ab,1,Desconhecido,CR,dev,2
0f6b7e2b8dd9,0,7691409a0d1c,1,Desconhecido,CR,dev,0
0f712cf8a226,0,27d7272ed0ba,1,Desconhecido,CR,dev,2
0f86f48eeeac,2,93576f9bbfc0,1,Desconhecido,DX,dev,2
0f903cf7e724,1,e0f08ed2f156,1,Desconhecido,DX,dev,1
0f98e00ec7c1,0,b24fb0e8e632,1,Desconhecido,DX,dev,2
0fb43e2250de,0,dee28c884ddb,1,Desconhecido,DX,dev,2
0fbde73d7dc0,1,e58e11c7405e,1,Desconhecido,CR,test,-1
0fbe039be7d1,1,26d16efedc89,1,Desconhecido,CR,test,-1
0fca95b2e96f,0,3a42f9cfaf9c,1,Desconhecido,CR,dev,1
0fd2db233deb,2,b3c0c7ed9a98,9,Desconhecido,CR,dev,3
0ff3c25a854c,3,fa4a3787c16e,1,Desconhecido,DX,dev,1
0ff65eb93562,0,d54154522dde,1,Desconhecido,DX,test,-1
1011cb42537b,1,7f79347b23e3,1,Desconhecido,DX,dev,1
1014eb974c52,2,e15db83107ab,1,Desconhecido,DX,dev,1
101c3d954b1a,1,e893e721d6a0,1,Desconhecido,DX,dev,0
10210984c4e3,0,d2a1e0b535c6,1,Desconhecido,CR,dev,2
1023832e4df5,1,dda478d300fd,1,Desconhecido,CR,dev,3
102b9bd43e3f,1,407036f8a8a1,1,Desconhecido,DX,dev,1
104392411ab9,0,a5d942a12b56,1,Desconhecido,DX,test,-1
104a102e2fe1,1,e58e11c7405e,1,Desconhecido,CR,test,-1
1057c264185b,1,d766b16fc766,1,Desconhecido,CR,dev,3
106749939445,0,6a09e02ef875,1,Desconhecido,CR,dev,1
1073d1b6ddcc,3,b4e19ee0a1d0,1,Desconhecido,CR,test,-1
109b53420475,3,de07301c977b,1,Desconhecido,DX,test,-1
109cf108fd45,1,7f2f66a77cd9,1,Desconhecido,DX,dev,3
10a037745b7c,0,f7b35834caa1,1,Desconhecido,DX,test,-1
10b0f0913b0e,0,8c8393c7e602,1,Desconhecido,DX,dev,3
10b30a720c5b,0,179e2c9e38b2,1,Desconhecido,DX,dev,3
10bd268ba723,1,eae13b0f90e1,1,Desconhecido,DX,dev,2
10c04ba1bd2b,1,27ef98343527,1,Desconhecido,DX,dev,0
10c4ff4c9059,2,cc5c2ee2f7af,1,Desconhecido,CR,dev,3
10e35f64fc16,1,6f90a1708604,1,Desconhecido,CR,dev,3
10f0d04d472c,0,92bfd98661fa,1,Desconhecido,DX,dev,4
10f869aaf54b,3,93dca8fa3d84,1,Desconhecido,DX,test,-1
110f748ac87d,0,f5e8e06d97d7,1,Desconhecido,DX,dev,0
111796da8caa,1,e893e721d6a0,1,Desconhecido,CR,dev,0
111f1af1c3da,1,f10a5d8ee504,1,Desconhecido,DX,dev,2
1124139f32e2,3,b624ed4d1925,1,Desconhecido,DX,dev,2
116aee0c66b7,1,3aab4a35c676,1,Desconhecido,DX,dev,4
11793d699af2,0,50816a1eddda,1,Desconhecido,DX,test,-1
1179757bcf68,0,5ecce75c202b,1,Desconhecido,DX,dev,3
1181dd47fe5c,3,3a42f9cfaf9c,1,Desconhecido,CR,dev,1
11858d1119d0,0,6046c063cdc2,1,Desconhecido,CR,dev,0
11961f06a9b0,0,f8a0491380bc,1,Desconhecido,CR,dev,1
119f1eff7a08,2,e158cfe4c2e7,1,Desconhecido,DX,dev,0
11a47a5bfa3e,2,b63eb0b1e09c,2,Desconhecido,DX,dev,4
11b52fbe26a3,2,f37e7f1c6059,1,Desconhecido,DX,dev,0
11c2f3a476ec,3,e58e11c7405e,1,Desconhecido,CR,test,-1
11cc7c201733,2,6fb79b900a39,1,Desconhecido,CR,test,-1
11d06f38e6c7,2,6188483875b3,1,Desconhecido,CR,dev,4
11d1ba716865,1,e00efea27da7,1,Desconhecido,CR,dev,4
11d277fd6c64,3,112e8c966f47,1,Desconhecido,CR,test,-1
11d3ee227030,1,a1afd12065c8,1,Desconhecido,CR,dev,1
11d461e08258,1,e7a495b1e121,1,Desconhecido,DX,dev,3
11dbbf7b8061,1,e10fbde1ee9e,1,Desconhecido,DX,dev,0
11dd0dac0097,1,2cdc4fd15a6a,2,Desconhecido,CR,dev,2
11e01ba9df76,1,d175f9d49cb7,2,Desconhecido,DX,test,-1
11f67b33dc61,1,f51965f7e2f4,1,Desconhecido,DX,test,-1
11fc7a6b1309,0,4d31b90a6a4f,1,Desconhecido,DX,dev,2
12149a745730,1,d4265b924a39,1,Desconhecido,DX,test,-1
122d8eb18755,1,e7a495b1e121,1,Desconhecido,DX,dev,3
12435b432178,1,cd50db038170,1,Desconhecido,CR,dev,1
12466f93afc9,0,a40f2b13fe6b,1,Desconhecido,CR,dev,2
1264694c43a2,0,43458b3f3907,1,Desconhecido,DX,test,-1
1264d1caa4ec,2,760e1ba09f3d,1,Desconhecido,DX,dev,1
126aa6f8dd4d,1,27ef98343527,2,Desconhecido,DX,dev,0
126bc37fb7cd,1,994f8d07df64,1,Desconhecido,DX,dev,0
126d0f49608d,3,f4cea382d9d1,1,Desconhecido,CR,dev,4
1277de252e98,1,be9fbbd78880,1,Desconhecido,CR,test,-1
127ae57ae3a0,1,2b762caf95fa,1,Desconhecido,CR,test,-1
12a7e0fbe115,1,e1b1165097fd,1,Desconhecido,DX,dev,0
12aac2bc16f8,0,e0cdc511b7e7,1,Desconhecido,CR,dev,2
12d8e3dacf25,0,b5e334f0071e,1,Desconhecido,DX,dev,4
12d985bbeae6,3,f22e6707b89b,1,Desconhecido,DX,dev,1
12e41bdbf7d8,3,790f449bea2d,1,Desconhecido,CR,dev,2
12e892aa17a0,1,eff59fa6a4af,1,Desconhecido,CR,test,-1
12e8a13330c2,0,572691ab9ed2,1,Desconhecido,CR,dev,1
12ea5fffe282,0,6364827d9f43,1,Desconhecido,DX,test,-1
12eb7f468be2,2,727f79e1ae71,1,Desconhecido,CR,dev,0
12ee3626ff46,1,cf4ed50a126a,1,Desconhecido,CR,dev,2
12fdd23605e7,0,f12d20fd43de,1,Desconhecido,CR,dev,4
12fe5d33abc6,2,5fa76dcd03cf,1,Desconhecido,DX,dev,1
1310de79e289,1,8bb6561918e4,1,Desconhecido,CR,dev,2
1311dd0e5c64,0,dc84b15f26d5,1,Desconhecido,DX,dev,4
131bc41b0023,1,67b977fa44cd,1,Desconhecido,CR,dev,4
132141473871,1,3b303dd63a5d,1,Desconhecido,CR,dev,0
13320f26da3c,1,80dcf098264f,1,Desconhecido,CR,dev,2
133a21a5280f,1,7868ff2a2fd4,2,Desconhecido,DX,dev,4
133f2685856f,1,6330f40bfa00,1,Desconhecido,DX,dev,1
1346f9458379,0,2efdd617355d,1,Desconhecido,CR,dev,2
13481f97071c,1,fd65ffafb0aa,1,Desconhecido,DX,dev,4
13787cd0a611,1,a1afd12065c8,1,Desconhecido,CR,dev,1
1378d927b88e,0,0ae933afc516,1,Desconhecido,CR,test,-1
138be234cb3c,1,55e18f7220ca,1,Desconhecido,CR,dev,0
1392a9bbcbdb,1,44123c7b0cba,1,Desconhecido,DX,dev,0
13b60143c0f5,1,f4ff1a28a2ae,1,Desconhecido,CR,dev,4
13bd1f239046,2,df18b520c0de,1,Desconhecido,CR,dev,0
13bee82fc059,0,cce92c32060f,1,Desconhecido,DX,test,-1
13ce825a3cf7,1,86872a4d23b7,1,Desconhecido,DX,dev,1
13def796c64d,1,b367c2bf6c2a,1,Desconhecido,CR,dev,0
13e21ab810f1,2,ccf14da76143,1,Desconhecido,DX,dev,1
13ed20e6c9b1,3,745282febded,1,Desconhecido,CR,test,-1
13eff8f19efb,1,3f67fb4537e5,1,Desconhecido,DX,dev,2
13f1e5778385,1,cf2702604f71,1,Desconhecido,DX,dev,2
13f212585f43,0,a60bbfa896aa,1,Desconhecido,CR,dev,2
13f2c3785107,1,605693f36f43,1,Desconhecido,CR,test,-1
13f84be4b729,1,edfd7d4fa095,1,Desconhecido,CR,dev,4
14098d7c56bf,1,447923cdb967,1,Desconhecido,DX,dev,3
141cfd1cf748,2,78ec1bbd784d,1,Desconhecido,DX,dev,0
14204d559d6c,0,e2bc6f4408cd,1,Desconhecido,CR,dev,3
14214ff4686b,0,9a55bca99993,1,Desconhecido,CR,dev,3
1427ed4ecdf1,0,a3f946f9ad10,1,Desconhecido,CR,dev,4
1428fbfc536d,0,f4fb143e7647,1,Desconhecido,CR,dev,0
143772601c21,2,cda479527966,1,Desconhecido,DX,test,-1
143c466c5a41,1,489552abcc95,1,Desconhecido,DX,dev,0
1452424edbbd,1,f96f07ead272,1,Desconhecido,CR,dev,4
145a2c752783,0,d0a48dc2a43d,1,Desconhecido,CR,dev,0
145ea107cfdf,1,a1afd12065c8,1,Desconhecido,CR,dev,1
1468f89958ae,1,aad9330086a0,1,Desconhecido,CR,dev,4
14838ec9b7a2,1,3d67b79f767c,1,Desconhecido,CR,test,-1
1496ac223912,2,0042063e9813,1,Desconhecido,DX,dev,1
1499ac3d9b9b,3,924c24e59770,1,Desconhecido,CR,test,-1
14a691634c2b,0,bb54b3261fdf,1,Desconhecido,CR,test,-1
14b30a47e453,1,112e8c966f47,1,Desconhecido,CR,test,-1
14b5805d90cf,0,f578d6dc09c8,1,Desconhecido,DX,dev,2
14be42e4beee,2,c8baa6d80690,1,Desconhecido,CR,dev,3
14c938eebb45,1,e6b874e97cd7,1,Desconhecido,DX,dev,4
14e56e75b328,3,d58cfbb586da,1,Desconhecido,DX,dev,2
14f6c850597c,1,efcd2099b781,2,Desconhecido,DX,test,-1
14f70dbb7730,1,cee591150c4a,1,Desconhecido,DX,dev,0
14fa513dbf03,3,1bc77ca9253d,1,Desconhecido,CR,dev,2
14fc1724dc3d,1,5bf4e7d25406,1,Desconhecido,DX,dev,2
150c8a29908b,2,37169a83c252,1,Desconhecido,CR,dev,2
151097927345,1,e893e721d6a0,1,Desconhecido,DX,dev,0
152084ef57a6,0,64c3ca6d089d,1,Desconhecido,CR,dev,3
153306ec087b,3,f20a5fd89b90,1,Desconhecido,DX,test,-1
153f72083ac5,1,e7a495b1e121,1,Desconhecido,DX,dev,3
154b47e45726,0,4509b6848ff6,1,Desconhecido,CR,dev,3
1553091efbda,1,ec615c23a9b9,1,Desconhecido,DX,dev,3
1554e808cb6d,0,54e4d641edb9,1,Desconhecido,DX,dev,1
155b096d1b12,0,c8a3739ea6fd,1,Desconhecido,CR,dev,1
155ee9f75f13,0,416612607e4e,1,Desconhecido,CR,test,-1
1565a173b9e0,3,d30527e7e646,1,Desconhecido,DX,dev,1
156e6297a136,0,04987d8d6435,1,Desconhecido,DX,dev,1
1586ec1cb18e,1,40b6fd9870a0,1,Desconhecido,CR,test,-1
158f4775c613,1,a281d0f3221c,1,Desconhecido,DX,dev,1
1594ca188938,1,7655a9dadd65,1,Desconhecido,DX,dev,3
1595bbc15964,0,7044faf13d66,1,Desconhecido,CR,dev,1
1595c1af9b8e,0,7dd1e845416d,1,Desconhecido,DX,test,-1
15987bfb9f6c,1,f4f24aa502f3,1,Desconhecido,CR,dev,3
159c607b0f88,2,2953acf9e586,1,Desconhecido,DX,dev,4
159cbf48e73c,1,ff63ed9cdf32,1,Desconhecido,CR,dev,3
15ae12f7cfb1,1,d816904289bc,1,Desconhecido,DX,dev,0
15b667401963,1,e80b9b61824a,1,Desconhecido,CR,dev,3
15b8fbeb41a8,1,fabbc2d34526,1,Desconhecido,DX,dev,4
15bd754f1ec1,1,3e489912fd83,1,Desconhecido,DX,dev,3
15cd3787bcc0,3,def2403ea1f2,1,Desconhecido,CR,dev,3
15e2f6a8e8fc,3,9102f74e60e3,1,Desconhecido,CR,dev,3
15e7f6ecc2c5,1,1f0acacf1df1,1,Desconhecido,CR,dev,2
15f05ab2d893,1,ac9f656d4990,1,Desconhecido,DX,dev,2
15f599eeb81f,1,657bfaecc0b5,1,Desconhecido,CR,dev,3
15f749d8d34c,1,cf2702604f71,1,Desconhecido,CR,dev,2
15fe7f82b7e2,1,eefb426e82f4,1,Desconhecido,CR,dev,4
160c3b649efd,1,dabc3b0a2ccd,1,Desconhecido,DX,dev,1
160c8b6c7e2c,1,fbaf3fa69133,1,Desconhecido,DX,dev,0
161664ae65cc,2,8b9f28b53e09,1,Desconhecido,DX,dev,0
161875acf5a4,1,47ee55b07eb9,1,Desconhecido,CR,dev,0
1618ee0e44de,1,86eb9beeea0b,1,Desconhecido,CR,dev,3
161a333c9092,1,ae5b77913f13,1,Desconhecido,CR,dev,4
161d81d28399,2,d4fd3b7b291a,1,Desconhecido,CR,dev,1
16203f0dd93a,0,368df9ffb034,1,Desconhecido,DX,dev,1
162b49bd6d26,3,6dc4688a3fd0,1,Desconhecido,DX,dev,1
1665788ce755,1,b65a147bd0b7,1,Desconhecido,CR,dev,3
1674ae57f764,1,d9d018603a6d,1,Desconhecido,CR,dev,4
168059ca76b6,2,5bf3aff6a33e,1,Desconhecido,DX,test,-1
1687babbc896,0,9f8a84a7165a,1,Desconhecido,CR,test,-1
168dddd3daa1,1,fc1cd55e3dd5,1,Desconhecido,CR,dev,1
16929474defb,0,91939af87682,1,Desconhecido,CR,test,-1
16954003ded9,2,60218c327842,1,Desconhecido,CR,dev,4
1697e617266f,1,6bf63466d9dd,1,Desconhecido,DX,dev,4
16a13141a4ec,1,89e957d0100b,1,Desconhecido,DX,dev,0
16a9737d2dff,0,301bc405f53c,1,Desconhecido,CR,dev,3
16c0b52e5fa7,1,411c8407e04a,1,Desconhecido,DX,dev,1
16d98c50e843,1,a032670dac11,1,Desconhecido,DX,dev,4
16fbc834dda4,1,80da6bfa77f3,1,Desconhecido,CR,dev,1
170ac27f26c2,2,89e957d0100b,1,Desconhecido,DX,dev,0
172e2caf0eb4,1,4c68a64b3c26,2,Desconhecido,DX,dev,1
1740cd00ab91,0,ef4acbcbe484,1,Desconhecido,CR,test,-1
17493bd373b8,1,e7a495b1e121,1,Desconhecido,DX,dev,3
17577170d7ca,0,f7ca4301d91f,1,Desconhecido,CR,dev,2
1772697538d3,0,d78fae0e7a80,1,Desconhecido,DX,dev,2
17a89ce1e5b3,2,e5cf226fa300,1,Desconhecido,DX,dev,2
17adc5dabfc2,1,fcf7a3266b56,1,Desconhecido,CR,test,-1
17b438989718,2,ae24070b626e,1,Desconhecido,CR,test,-1
17b73dde4491,1,cf4ed50a126a,1,Desconhecido,CR,dev,2
17b7d506e666,3,8107823e72af,1,Desconhecido,DX,dev,1
17bb0bdd2f7b,2,c6ff2629ed45,1,Desconhecido,CR,dev,1
17c04e889fdd,0,d1e9570859d0,1,Desconhecido,CR,dev,0
17c25c1ffb8d,3,fd044860ab2d,1,Desconhecido,CR,dev,4
17c64a6e2c5a,1,fbaf3fa69133,1,Desconhecido,DX,dev,0
17cea777771b,3,72cd57f50e4e,1,Desconhecido,CR,test,-1
17da3bebe960,1,6d4f63eb81e4,1,Desconhecido,CR,dev,1
17e2c13b13a4,2,56de0bc6b79e,1,Desconhecido,CR,dev,4
17e46fc66a16,1,24c5289f5ced,1,Desconhecido,DX,dev,4
180602a700b7,1,c04b03ca803c,1,Desconhecido,DX,test,-1
181360cf5b3f,0,f2a7b1f29086,1,Desconhecido,CR,dev,1
18156e6f27e8,0,d15f320fcb1e,1,Desconhecido,DX,dev,3
18211ed86296,2,decb19563101,1,Desconhecido,CR,dev,1
182da232fdc6,0,562950d0b704,1,Desconhecido,DX,test,-1
1847aa65a20d,1,3d67b79f767c,1,Desconhecido,CR,test,-1
184cd4d75979,1,9c7c17e561eb,1,Desconhecido,DX,dev,3
185dd4caeaa6,1,1085dc596ab3,1,Desconhecido,DX,dev,1
185ebc0fc39d,0,7dc90ab38b83,1,Desconhecido,CR,dev,3
1882d31c20a8,1,15c9f18c8f27,1,Desconhecido,DX,dev,4
18a530e6a802,1,a73521a56fb5,1,Desconhecido,CR,dev,2
18a979da66a5,2,b01dd59f44d5,1,Desconhecido,DX,dev,4
18b5bd84f1c0,0,88d7a03b4f29,1,Desconhecido,DX,test,-1
18bcd9a1da10,1,040b2406c044,1,Desconhecido,CR,dev,2
18d48e95755f,0,a52624127ac4,1,Desconhecido,CR,dev,4
18dd691d5dc5,1,9ec7f7ed065c,1,Desconhecido,DX,test,-1
18e96e208f43,0,7e6bde94bf35,1,Desconhecido,CR,test,-1
18f97a81047e,1,678275dcc156,1,Desconhecido,DX,dev,1
19049e36a56b,1,cc5c2ee2f7af,1,Desconhecido,CR,dev,3
190f1d3cbb04,1,0e96d79bf8cd,1,Desconhecido,DX,dev,1
1914c949b980,1,6518efcc3082,1,Desconhecido,CR,dev,0
19195bf306ef,1,3b749c542357,1,Desconhecido,CR,test,-1
192cb96503cb,1,0f3f6b142b8e,1,Desconhecido,DX,dev,2
1939753be279,1,ed2a5cbb5f42,1,Desconhecido,CR,dev,4
193d3d99e496,1,d58cfbb586da,1,Desconhecido,DX,dev,2
19406db78215,1,86872a4d23b7,1,Desconhecido,CR,dev,1
1942df72cbb4,2,d18ce1db2e6a,1,Desconhecido,DX,dev,3
1948a0198a86,0,d00ea622041b,1,Desconhecido,DX,dev,4
1956c85c146d,1,70b4399c71ca,1,Desconhecido,DX,dev,2
1964b644d7ef,3,e326a3b40170,1,Desconhecido,CR,dev,2
1972681565cc,1,d0cd525e0398,1,Desconhecido,DX,dev,0
19747df96950,0,045e72d7761e,1,Desconhecido,DX,test,-1
19905c7259b8,1,1daea418adc9,1,Desconhecido,CR,dev,4
199e19904512,1,eeea6c8909fb,1,Desconhecido,CR,test,-1
199ef8aace49,0,fd044860ab2d,1,Desconhecido,CR,dev,4
19a2b2618a2b,3,c0567c53cb58,1,Desconhecido,DX,dev,1
19a69f8ae995,1,4d7078eba83a,1,Desconhecido,CR,dev,4
19c6a6e0cb1c,1,1e4071d35294,1,Desconhecido,CR,dev,3
19e8f5ead404,2,15553ae4f557,1,Desconhecido,DX,test,-1
19ec16b55e79,1,d6559c74aa93,1,Desconhecido,CR,test,-1
1a03f0a16164,2,3183fcf5ced4,1,Desconhecido,CR,dev,1
1a0409ee4b32,2,d77b25369857,1,Desconhecido,DX,dev,1
1a107c04965e,1,2ba663d7d1b7,1,Desconhecido,CR,dev,0
1a11cb490631,1,f98ad3d3efa4,1,Desconhecido,CR,dev,4
1a1a47e328f7,2,e7bc764034d7,1,Desconhecido,CR,dev,0
1a2cbb5c1a7f,0,e12ffcccf2a8,1,Desconhecido,DX,dev,2
1a2eaf44d296,1,e57aef7bf3ed,1,Desconhecido,DX,test,-1
1a3172a2e845,0,8fb88fcd0be0,1,Desconhecido,DX,dev,1
1a3e729f201e,3,0a98c39d2490,1,Desconhecido,DX,dev,0
1a404401eda8,2,0bae7b2f6f57,1,Desconhecido,CR,dev,0
1a4b245e03da,2,fab327d051ed,1,Desconhecido,DX,dev,1
1a53a4506f10,2,93db47d62f20,1,Desconhecido,DX,dev,3
1a58b43cf286,1,178930121816,2,Desconhecido,DX,test,-1
1a6082c58f64,1,e855cea44269,1,Desconhecido,CR,dev,2
1a724e3102d0,1,6122775d2e64,1,Desconhecido,DX,dev,2
1a7b2fcb168a,0,ddd924f97a2b,1,Desconhecido,CR,test,-1
1a8038230877,1,5bd2685a212b,1,Desconhecido,CR,dev,0
1a8733a7c289,1,f8668ad7fe5e,1,Desconhecido,CR,dev,4
1aa21301e856,0,db0911032a68,1,Desconhecido,CR,dev,0
1aacd741dace,1,f1ce6fcf9d5f,1,Desconhecido,DX,dev,2
1aad6def3e90,2,841eff5feacb,1,Desconhecido,DX,test,-1
1aaef9f47b25,1,27ef98343527,1,Desconhecido,DX,dev,0
1ab52121be21,1,7cd2d984ffe0,1,Desconhecido,DX,dev,3
1ac1de4ecb6c,1,ebe5a7e7ebf4,1,Desconhecido,CR,dev,0
1ac288b2ce23,1,4126ca37556d,1,Desconhecido,DX,dev,2
1ad268f677fc,1,56256f2d16fd,1,Desconhecido,CR,dev,4
1ad782651f09,1,95e93962b82f,1,Desconhecido,CR,dev,0
1aecd8c867ac,1,ef7ff5241e5f,1,Desconhecido,DX,dev,4
1af41c4cbf5d,1,9c7c17e561eb,2,Desconhecido,DX,dev,3
1afb6da30bd4,0,fa3dbd142587,1,Desconhecido,CR,test,-1
1b0a957f85d5,1,3e22603190e4,1,Desconhecido,DX,test,-1
1b31f46b433f,2,b3c256b42201,1,Desconhecido,DX,test,-1
1b427c519a72,2,9a73394cc8d0,1,Desconhecido,DX,dev,1
1b49b7921474,0,0f1ebea3960e,1,Desconhecido,DX,dev,0
1b5c1d4376a4,2,8ad759170a14,1,Desconhecido,CR,test,-1
1b5ca94ac38b,1,b19b609f7011,2,Desconhecido,DX,dev,0
1b6250d23465,2,edf82e3f97f7,1,Desconhecido,DX,dev,4
1b6eb0f6fcb3,2,30f2a6158856,1,Desconhecido,CR,dev,3
1b80a4e2614f,2,1a50fe71098b,1,Desconhecido,DX,dev,1
1b8afd81f6a0,0,8222556e4e49,1,Desconhecido,CR,dev,2
1ba5ddfad18d,2,030476da441a,1,Desconhecido,DX,dev,1
1baca8182bf8,0,a2c70df8eaa4,1,Desconhecido,DX,dev,4
1bc9965d033b,0,80cf2f5a3046,1,Desconhecido,CR,dev,1
1bd47dfc6999,1,d0350bb99bdf,1,Desconhecido,DX,test,-1
1befbaaa2bdc,2,e34769620caf,1,Desconhecido,CR,dev,3
1bf775c57c75,2,8d3669fac12a,1,Desconhecido,DX,dev,0
1c471b0d2fb4,0,0dc3c3f6b79d,1,Desconhecido,CR,dev,0
1c47b7084ba4,0,8f0f3827d7e3,1,Desconhecido,DX,dev,3
1c47fb86c8e7,0,0d0b4857cfaf,1,Desconhecido,CR,dev,4
1c48cbfea106,2,3d52b94249fb,1,Desconhecido,DX,dev,2
1c4a89d7a901,2,79f3500991ce,1,Desconhecido,DX,dev,3
1c5a0cb3ebc0,1,9c7c17e561eb,1,Desconhecido,DX,dev,3
1c5ccdf35d13,3,a400a62e3419,1,Desconhecido,CR,test,-1
1c70fec4be1a,1,5e4bf48a1068,1,Desconhecido,CR,test,-1
1c790318b3ef,1,3aa5e98f20ef,1,Desconhecido,CR,dev,3
1c7d2b37be13,1,112e8c966f47,1,Desconhecido,CR,test,-1
1c88dbf27747,1,394d2fed0b64,1,Desconhecido,DX,dev,3
1c897615664a,2,fc2de256425e,1,Desconhecido,CR,dev,2
1c939db63c15,1,44710e990a9c,1,Desconhecido,DX,test,-1
1ca63facc033,1,fbaf3fa69133,1,Desconhecido,DX,dev,0
1cad23eae406,2,f2863e51cc8e,1,Desconhecido,CR,dev,2
1cb23162d215,0,d21ff76682a8,1,Desconhecido,CR,dev,3
1cbbe74b7fcf,1,fcd0ad806faa,1,Desconhecido,DX,dev,3
1cc933aac1e2,2,101361ce8ce0,1,Desconhecido,CR,test,-1
1ccd5ebd1ca6,0,d553f415032f,1,Desconhecido,DX,dev,0
1cd14dd22747,1,b794e6c540b9,1,Desconhecido,CR,dev,1
1cdcb65db764,3,a1d9115e56bc,1,Desconhecido,CR,dev,2
1cdccea74613,3,824907802bed,1,Desconhecido,DX,dev,4
1cdf13ab07d0,2,e9f70fd74a1b,1,Desconhecido,DX,dev,1
1ce3a5d2f184,1,e0f65cd4caa7,1,Desconhecido,DX,dev,3
1ce5a6058285,2,ff31b8ec6f08,1,Desconhecido,CR,dev,1
1ceb2008c876,0,ed7dbfc8557b,1,Desconhecido,CR,dev,2
1cebae6715f0,1,02cf6aa8b2b7,1,Desconhecido,CR,dev,4
1cf24b1b5615,1,bfb36be14d7d,1,Desconhecido,CR,dev,0
1d001accdcbd,2,e67df835b17d,2,Desconhecido,CR,test,-1
1d01d5f6e570,2,04181520351c,1,Desconhecido,CR,dev,4
1d079ba88b49,3,d799767534ed,1,Desconhecido,DX,dev,0
1d087706bfbb,1,5b3c51feb54a,1,Desconhecido,CR,dev,0
1d155f64f846,2,2c0b8b6909f1,1,Desconhecido,CR,test,-1
1d243015f1d5,1,9d5853b3e8e1,1,Desconhecido,CR,dev,2
1d28a8b7c0b1,1,ff7ebcc52a57,1,Desconhecido,CR,dev,0
1d2c03c45291,1,d704679bec1d,1,Desconhecido,CR,dev,0
1d4b92eb1e86,0,1b77c4a17916,1,Desconhecido,DX,dev,2
1d667e9556ad,1,124b20ec516b,2,Desconhecido,DX,dev,2
1d6fda0514c6,0,d00ea622041b,1,Desconhecido,DX,dev,4
1d75c1be2da6,1,44d6011e8cdb,1,Desconhecido,DX,test,-1
1d7af2de9365,1,2519f8dc09ea,1,Desconhecido,CR,dev,2
1d81732ee787,0,d6c073450132,1,Desconhecido,CR,dev,0
1d917018781e,0,6b2db738b362,1,Desconhecido,CR,test,-1
1da8d77bfbbc,2,5b8aaa936255,1,Desconhecido,CR,dev,4
1daae8c5c00d,0,f82435cdd7e3,1,Desconhecido,CR,test,-1
1db5b05091ac,1,9c5062dc954a,1,Desconhecido,DX,test,-1
1dc051f3e900,0,05141018d57d,1,Desconhecido,CR,dev,3
1ddffdd81388,0,2559bb584d9a,1,Desconhecido,DX,dev,4
1de3b9724942,1,88daefcc5f8a,2,Desconhecido,DX,test,-1
1de4e880cb3a,1,045fa90f978d,1,Desconhecido,DX,dev,0
1dec8f8a5290,2,e51f7cc3fb85,1,Desconhecido,CR,dev,0
1dfdde901558,0,745282febded,1,Desconhecido,DX,test,-1
1e0773b7e49b,1,25567d516130,1,Desconhecido,CR,dev,2
1e1b4b1b53cb,2,d5d1cd0a9e76,1,Desconhecido,CR,dev,3
1e1b97345c32,0,15121fa4c42d,1,Desconhecido,CR,dev,2
1e250701d101,3,3787fb9dd3eb,1,Desconhecido,DX,dev,1
1e26273cf072,1,045fa90f978d,1,Desconhecido,DX,dev,0
1e322d374cd3,2,0e22bbcc993f,1,Desconhecido,DX,dev,1
1e3c3ffc9561,1,c12cf5b11153,1,Desconhecido,CR,dev,4
1e3f6f8e494c,1,0fbaa6721d2d,1,Desconhecido,CR,dev,1
1e4e4732d5e7,2,1768a2b7bae6,1,Desconhecido,CR,dev,1
1e5680a65afb,0,3a58e2a20b8f,1,Desconhecido,CR,dev,2
1e5912d3fb31,0,d4c1ee42a9dc,1,Desconhecido,CR,dev,1
1e74377530cf,2,a16ba9d9eb2b,1,Desconhecido,DX,test,-1
1e7dc61b9022,0,fa4a3e1a61e8,1,Desconhecido,CR,dev,0
1e7e77b791bd,0,f4f24aa502f3,1,Desconhecido,CR,dev,3
1e88ad314aa9,0,b41eb81622cd,1,Desconhecido,DX,test,-1
1e96d5eb4c91,2,cb4d25b6339b,3,Desconhecido,CR,dev,3
1e973d9d46cd,1,e67df835b17d,1,Desconhecido,DX,test,-1
1e98661f8fb3,1,ff6c23eb5f57,1,Desconhecido,DX,dev,2
1eafb760551d,3,5a7606c8191f,1,Desconhecido,DX,dev,3
1eb7f8425ce6,1,fd044860ab2d,1,Desconhecido,DX,dev,4
1ec7af2f351e,0,b7cfeb9a0276,1,Desconhecido,CR,test,-1
1ed21574ae51,1,16dbab422bd5,1,Desconhecido,CR,dev,1
1eef24598603,1,baa5b74a7511,1,Desconhecido,DX,dev,2
1ef81f7528ce,0,2772b7d5c735,1,Desconhecido,DX,dev,1
1ef89135ba6e,1,ba218565ec33,1,Desconhecido,DX,dev,0
1f01637439b3,0,f85bf3f529a0,1,Desconhecido,CR,dev,2
1f1e409145b5,2,6a91971a787c,1,Desconhecido,DX,test,-1
1f294b434700,0,d1994c9d3eaa,1,Desconhecido,DX,dev,3
1f321faad845,1,2cdc4fd15a6a,1,Desconhecido,CR,dev,2
1f44938d5c2b,1,4240c13d77ec,1,Desconhecido,CR,dev,1
1f4565e83b9a,1,a62538c2c13e,1,Desconhecido,DX,dev,4
1f4ded9818dc,1,394d2fed0b64,1,Desconhecido,DX,dev,3
1f64a498ff9e,1,f50ff2206f7f,1,Desconhecido,CR,dev,0
1f68296ae35c,1,543e04c94693,1,Desconhecido,DX,test,-1
1f89329fdcf2,2,ff31b8ec6f08,1,Desconhecido,CR,dev,1
1f8c2590aa47,2,b6a899572ddd,1,Desconhecido,DX,dev,0
1f919389d164,1,82e72bfee3ee,1,Desconhecido,CR,test,-1
1f96e6c401a0,1,52552de44397,1,Desconhecido,CR,dev,0
1f970230eff3,1,27ef98343527,2,Desconhecido,DX,dev,0
1f988b9c498a,1,f676bfd22024,1,Desconhecido,DX,dev,1
1f9fce7e4109,0,d31a152edbaa,1,Desconhecido,CR,dev,2
1fa134cbb2f7,0,68af5dec0de4,1,Desconhecido,CR,dev,3
1fab0b8dc055,2,cf4ed50a126a,1,Desconhecido,CR,dev,2
1faef7f49b5c,3,ba72d8b1cf4c,1,Desconhecido,CR,test,-1
1fc1729b5b3c,1,0fa8280fec3c,1,Desconhecido,DX,dev,2
1fc3de06c533,2,debb582c909f,1,Desconhecido,DX,dev,0
1fcc3fac4784,1,e33c39c8d3ed,1,Desconhecido,DX,dev,1
1fe87642bbc3,1,c46e832f0cde,1,Desconhecido,CR,dev,0
1fee3d901d2e,2,e1703aaff024,1,Desconhecido,DX,test,-1
1ff1831eb8b1,0,1bcc92748777,1,Desconhecido,CR,test,-1
1ffbfb47b97f,3,5457054bbd4b,1,Desconhecido,DX,dev,2
1ffc645c759a,0,8443bbfd7cd7,1,Desconhecido,DX,dev,2
200c39af6b9d,0,5c8b2071a1dd,1,Desconhecido,DX,dev,4
201a708feae5,2,fc21c8a32f50,1,Desconhecido,DX,dev,2
201bcf95e1be,0,e47f8888835d,1,Desconhecido,CR,test,-1
201d4e388643,2,bb636cb2e869,1,Desconhecido,CR,test,-1
202662923e15,1,0c1ed27497a3,1,Desconhecido,DX,dev,3
202d3385a712,0,5a616457a0c6,1,Desconhecido,CR,test,-1
20658524054c,0,8beb59e91ee9,1,Desconhecido,DX,dev,3
206b9724427d,0,bcc24d3b080a,1,Desconhecido,CR,test,-1
2072fcb4eea6,3,319f8b140d33,1,Desconhecido,CR,dev,3
207743ea0f6d,2,c22e2ad2dbb5,1,Desconhecido,CR,dev,2
207758407af9,1,4ffb00234b9a,1,Desconhecido,DX,dev,1
207fa6f82857,2,e51f7cc3fb85,1,Desconhecido,DX,dev,0
20a308389234,3,e1bad407b5cc,1,Desconhecido,DX,dev,2
20a86e21402f,0,f2522fc67e19,1,Desconhecido,DX,dev,1
20b52d3e2fa5,2,c1cafef8b385,1,Desconhecido,CR,dev,2
20cc983e925b,1,7097423d4883,1,Desconhecido,CR,test,-1
20d3ed4a413e,3,288622555fb8,1,Desconhecido,DX,dev,0
20e00874f8ee,1,cb59d538ca99,1,Desconhecido,CR,dev,0
20eb74deaf29,2,ba7b635d1d8a,1,Desconhecido,DX,dev,3
20f85a875621,1,d4c1ee42a9dc,1,Desconhecido,DX,dev,1
20fa80f5619e,0,e216627601e0,1,Desconhecido,CR,dev,3
210570d62277,0,cc9f3f265cf0,1,Desconhecido,CR,dev,2
2124957efb3b,1,584d0bfa51e3,1,Desconhecido,DX,test,-1
2133352e9cde,1,e7a495b1e121,1,Desconhecido,DX,dev,3
2135722ae069,1,58d430577e19,1,Desconhecido,CR,dev,4
21468541d7b5,2,1ee3d2f8d757,1,Desconhecido,CR,dev,4
214a48cfa07d,2,c4638c69c169,2,Desconhecido,DX,dev,4
214c441d728b,1,6601d50ebf23,1,Desconhecido,CR,dev,2
215bc2b055e9,2,f9ddd5530443,1,Desconhecido,DX,dev,3
21689ed7a7b3,0,352af25a23b1,1,Desconhecido,DX,test,-1
216be83d5c75,2,3fe45f99b872,1,Desconhecido,DX,test,-1
216e4a640f8e,1,de0cb9622773,1,Desconhecido,DX,dev,1
218620841a93,1,d39ca2034f0f,1,Desconhecido,CR,dev,4
2193df2f77b4,0,61bad7f95447,1,Desconhecido,DX,dev,1
21b42c133cd2,1,d0bd8fe98fb9,1,Desconhecido,CR,dev,0
21b8491fb0e0,1,03593f8c7228,3,Desconhecido,DX,dev,1
21be1a5bfa64,1,cf4ed50a126a,1,Desconhecido,CR,dev,2
21c44b9f3caa,2,f15768cd3d48,1,Desconhecido,DX,dev,4
21ce0d042853,0,ecd4f7da0616,1,Desconhecido,DX,dev,4
21d30b087de5,0,ce29b2bf5cf5,1,Desconhecido,DX,dev,0
21d385c270fc,1,590c458e62d2,1,Desconhecido,DX,test,-1
21e6667aefe7,0,dfd7620cb039,1,Desconhecido,CR,test,-1
21fdf09ca38e,2,62ad555e9946,1,Desconhecido,CR,test,-1
22088825f165,0,49988782fc5d,1,Desconhecido,DX,dev,3
2222b92077a6,3,12ae03e78e08,1,Desconhecido,CR,dev,2
22278d83c0ab,0,2150009cfd31,1,Desconhecido,CR,dev,2
22353f3ff2d1,0,16586c48fac8,1,Desconhecido,DX,dev,1
2252ba87b56b,1,eb7874116873,1,Desconhecido,CR,dev,4
22555df670d7,0,d9ad898e95b2,1,Desconhecido,CR,dev,2
2259b6d5ac66,0,ffdc78be9c49,1,Desconhecido,DX,dev,0
22686edb0131,0,d8a6b806cefb,1,Desconhecido,CR,dev,4
2280689e5dd3,0,0fcb230359f3,1,Desconhecido,DX,dev,4
22869b2939dd,1,de1e9cf3e292,1,Desconhecido,CR,dev,3
2287b570cdd8,0,afdb092f4f88,1,Desconhecido,DX,dev,4
2296c0ca15df,1,26cd03dcb4be,1,Desconhecido,DX,dev,4
22adb7da3c70,0,a1ad1e8b38aa,1,Desconhecido,DX,dev,0
22d433d1fe06,1,a770e506664d,1,Desconhecido,CR,dev,1
22ebaa704ad4,1,27ef98343527,1,Desconhecido,DX,dev,0
22ebf6bc8d50,2,e15f8f56bf73,1,Desconhecido,DX,test,-1
230f160d4a7c,0,d0cd525e0398,1,Desconhecido,DX,dev,0
231a5f824249,1,e67b37cf3f8a,1,Desconhecido,DX,dev,2
23275157cb8a,1,fcf7a3266b56,1,Desconhecido,CR,test,-1
232d23dcb5c6,1,e2af423e23b6,1,Desconhecido,DX,dev,1
233662973cbd,1,0b06cd4aabcf,1,Desconhecido,CR,test,-1
23423a5342ea,0,b28ae119ae57,1,Desconhecido,DX,dev,1
23600e975e6f,1,5c7ed5cf72a0,1,Desconhecido,CR,dev,1
2370b2d4505b,0,642eeb4ba0c6,1,Desconhecido,DX,test,-1
2378d336c876,0,d758f5f74ea2,1,Desconhecido,CR,dev,2
237b80c8279f,1,b42cd76cf4ea,1,Desconhecido,DX,dev,0
23818431bd20,2,48cd4e46be74,1,Desconhecido,DX,dev,3
2386196182fd,3,6c69948ef8d3,1,Desconhecido,CR,dev,2
2386f261f756,1,c8a3739ea6fd,1,Desconhecido,DX,dev,1
2387e52d164a,1,93576f9bbfc0,1,Desconhecido,DX,dev,2
2394a4ec8f4b,1,a2b5fa68483f,1,Desconhecido,CR,dev,4
23a38f510f64,1,d77b25369857,1,Desconhecido,DX,dev,1
23aa6dfe0d6f,1,f81fcb47cb44,1,Desconhecido,DX,dev,3
23c3bf39df9e,3,91b79eac3ddb,1,Desconhecido,CR,dev,1
23c62fb5991e,0,d0a7387dc536,1,Desconhecido,DX,dev,4
23d35c37a05d,1,d4c1ee42a9dc,1,Desconhecido,CR,dev,1
23da56e1750a,1,55c83dc192c3,1,Desconhecido,DX,test,-1
23dc45d96978,0,ef7ff5241e5f,1,Desconhecido,DX,dev,4
23dd60be5ed2,1,e01c0cc5e136,1,Desconhecido,CR,dev,3
23f0f99270d8,3,2772b7d5c735,1,Desconhecido,DX,dev,1
240198fc8e9f,0,bc2d8726e2de,1,Desconhecido,CR,dev,3
242e4e777d68,1,a42a346c8eff,1,Desconhecido,DX,dev,2
2433f022b206,2,bf6fe75d4d53,1,Desconhecido,DX,dev,1
2437e41f60ec,1,89e957d0100b,1,Desconhecido,CR,dev,0
243b7e22a6cd,1,a848bcbc209f,1,Desconhecido,DX,dev,0
2441534d4d1f,1,f4ff8d8a600b,1,Desconhecido,CR,test,-1
244afdf83230,1,7e8a8f509958,1,Desconhecido,DX,dev,2
244e39a44d1e,2,a6204ae40d71,1,Desconhecido,CR,dev,1
245661629b65,0,f32b622cbc6d,1,Desconhecido,DX,dev,2
2460844b8bd7,1,ca8177b1a00f,1,Desconhecido,DX,dev,3
246130177bd8,1,4c6c2c0efccc,1,Desconhecido,DX,dev,3
24623d752845,0,6982c2cef01d,1,Desconhecido,CR,dev,1
2471ea011908,2,e2b24805f59b,1,Desconhecido,CR,test,-1
247bc4bd6a73,2,2fa120ad49be,1,Desconhecido,DX,dev,2
247f40620c10,0,ce621e457a3f,1,Desconhecido,CR,dev,3
2485bd38bf72,2,8e7e2847af4f,1,Desconhecido,CR,dev,0
24888d9bd959,0,8a30fde3813a,1,Desconhecido,DX,test,-1
249fbbfd89d7,1,d7affc98b24c,1,Desconhecido,CR,dev,4
24aa73a20789,2,90b956e53702,1,Desconhecido,CR,dev,2
24b6dac13a27,0,e3cc8b78498d,1,Desconhecido,CR,dev,3
24b7753e6ef2,2,81af823b9c0c,1,Desconhecido,DX,dev,1
24c3867c5d29,0,1fab5f2e4369,1,Desconhecido,DX,dev,0
24c727c4d278,2,49b26cb941d3,1,Desconhecido,DX,dev,2
24cb214dd7f6,0,a05232070693,1,Desconhecido,CR,dev,0
24cd517d2846,1,3583e8ad1eb8,1,Desconhecido,DX,dev,3
24ddf88491ff,3,4b5aad0d98f7,1,Desconhecido,DX,dev,3
24ec174ef46b,1,f673a3ea14bf,1,Desconhecido,CR,dev,4
24edf21f4d5a,3,da4c125b9039,1,Desconhecido,DX,dev,0
24fa5cba4f71,3,de108f7347e2,1,Desconhecido,CR,dev,0
24ffd4c00f54,1,aa4eaf6d540a,1,Desconhecido,DX,test,-1
25134b8c00cb,2,bdd96500c0ed,1,Desconhecido,DX,dev,1
2514250a50ae,1,27122ec6b923,1,Desconhecido,DX,dev,2
251753f7ee49,1,507c21a73b31,1,Desconhecido,DX,dev,3
2534817120d7,1,100e6dc4f3fb,1,Desconhecido,DX,dev,3
253710fda754,1,dafdda41456e,1,Desconhecido,CR,dev,3
253c261bde3a,1,98aba0782e92,1,Desconhecido,CR,dev,1
2554cc4dbd58,0,4c77797d4f4c,1,Desconhecido,DX,test,-1
2558428fe2a7,0,24d8a5a5c769,1,Desconhecido,CR,dev,2
255b4b7dbc24,1,86a55a442a59,1,Desconhecido,DX,dev,2
255e598df62e,2,f94754a439e5,1,Desconhecido,CR,dev,1
25710be5e0bb,1,f8e862341eec,1,Desconhecido,CR,dev,2
25a1c199f819,1,fab699711fea,1,Desconhecido,CR,dev,2
25a4b11a059b,1,8b628cd20941,1,Desconhecido,CR,dev,2
25a7988bfc95,0,ec86c3d8b593,1,Desconhecido,DX,dev,0
25aabc4c9c95,1,f5d48f9f819d,1,Desconhecido,CR,dev,2
25ac9d871158,0,d2a66b6cf46c,1,Desconhecido,DX,test,-1
25aff4eb8fb1,1,3c6db652d71e,1,Desconhecido,DX,dev,2
25b65cff2f90,3,96328eb1dd02,1,Desconhecido,DX,dev,1
25b8ba43b5a2,1,77df48014352,1,Desconhecido,DX,dev,0
25be7e269a87,1,e99d24dfb2b1,1,Desconhecido,DX,dev,3
25ce40175fd5,1,fb3b713bb09e,2,Desconhecido,DX,dev,0
25d7c75f0317,3,d816904289bc,1,Desconhecido,DX,dev,0
25e21353e24e,0,8e376e6b96b3,1,Desconhecido,DX,dev,4
25e957bf9bc8,1,c12cf5b11153,1,Desconhecido,CR,dev,4
25f7ca4bed9b,2,164626c547a6,1,Desconhecido,CR,dev,3
2605bf788ab6,1,c4638c69c169,1,Desconhecido,DX,dev,4
26142fe8357a,0,eea90b5b12a8,1,Desconhecido,CR,dev,2
262dd75dd358,1,c9cae90b43ed,1,Desconhecido,DX,dev,1
263e1aad5f55,1,0bae7b2f6f57,1,Desconhecido,CR,dev,0
26470c1a3a67,1,112e8c966f47,2,Desconhecido,CR,test,-1
2647aa350094,1,22d37f9195e5,1,Desconhecido,DX,dev,4
2651f80c25b1,0,766021a9f61b,2,Desconhecido,CR,dev,2
26648048b098,3,22d37f9195e5,3,Desconhecido,DX,dev,4
269a455c3c91,0,d21ff76682a8,1,Desconhecido,CR,dev,3
26ae7b9c9414,1,cc5c2ee2f7af,1,Desconhecido,CR,dev,3
26b0111b51b9,3,80a6ac60a6a0,1,Desconhecido,CR,dev,3
26b07f9e9e24,2,f49fc2f3eba8,1,Desconhecido,DX,dev,2
26becb3b6c16,2,cffe6f9f1d4b,1,Desconhecido,CR,dev,2
26bf9b216e9c,1,98aba0782e92,1,Desconhecido,DX,dev,1
26d5f296c24b,1,c846fb8005a5,1,Desconhecido,DX,dev,3
26ec93608fcd,1,f9affad16e5f,1,Desconhecido,CR,dev,1
26eee057d9fa,0,f5d973dab8d5,1,Desconhecido,CR,test,-1
2708e654cd46,3,cf7127b516ab,1,Desconhecido,CR,dev,0
27153365136b,1,f8668ad7fe5e,1,Desconhecido,CR,dev,4
272233b43d12,1,d1cc7b47f25a,1,Desconhecido,DX,dev,3
272dfcc2c228,3,6dc4688a3fd0,1,Desconhecido,DX,dev,1
27307dc8cdb5,1,57464d91d60f,1,Desconhecido,DX,dev,2
273cfc39402c,2,f071b6875597,1,Desconhecido,DX,dev,1
27438e27d86d,2,dc11317320e0,1,Desconhecido,CR,dev,2
274ee714467e,0,d0b048dd5d42,1,Desconhecido,DX,dev,3
27513bc45ebe,1,e51f7cc3fb85,1,Desconhecido,CR,dev,0
275219c98ac3,2,dda478d300fd,1,Desconhecido,CR,dev,3
276d3f0a056e,2,f82435cdd7e3,1,Desconhecido,DX,test,-1
27849b5fcbae,1,7247418525c8,1,Desconhecido,CR,test,-1
278fc970196c,2,a2525c721b4e,1,Desconhecido,DX,dev,3
279ff8b28326,1,ca6c3c26713d,1,Desconhecido,CR,dev,4
27c586844ff7,1,8620b61806bd,1,Desconhecido,CR,dev,4
27db1806a764,1,fdd943862f9a,1,Desconhecido,DX,dev,0
27df06029861,1,37d0b0ae3656,1,Desconhecido,DX,dev,0
27e863fac512,1,b884c7c09006,1,Desconhecido,DX,dev,2
27f620156b1e,0,878a5eca4315,1,Desconhecido,DX,dev,0
27f8616263ed,1,f81fcb47cb44,2,Desconhecido,DX,dev,3
280355493a53,1,80da6bfa77f3,1,Desconhecido,CR,dev,1
280826f3c8cb,1,a1afd12065c8,1,Desconhecido,CR,dev,1
2813f9090abd,0,d038259db8c8,1,Desconhecido,DX,dev,2
2814745d2a0c,2,58b8b67b947c,1,Desconhecido,DX,test,-1
281d15ca6f64,1,5bf4e7d25406,1,Desconhecido,DX,dev,2
2829975db9f5,0,bff4d9f2a8e4,1,Desconhecido,DX,test,-1
28353a62fc75,0,0984ed3ce620,1,Desconhecido,DX,dev,1
2838d8cb10ba,0,ac5b867e28cf,1,Desconhecido,CR,dev,4
28449108106b,1,e5a04613b0bc,1,Desconhecido,CR,dev,0
285d0448622f,0,7783bac653d7,1,Desconhecido,DX,dev,3
2863afd4cd1e,1,05689ebdf0ae,1,Desconhecido,CR,dev,4
2865cb42d240,0,5e1ce955b7ed,1,Desconhecido,DX,dev,3
287b389f997b,1,fb3b713bb09e,1,Desconhecido,CR,dev,0
2883027e4eb2,0,0d6b8fb72ed7,1,Desconhecido,CR,dev,2
28a5850d4c73,1,d89da9d14137,1,Desconhecido,CR,dev,2
28b1968260da,1,a3c5923ac404,1,Desconhecido,CR,dev,3
28b923d25bb7,2,c846fb8005a5,1,Desconhecido,DX,dev,3
28bd779b2f84,0,dba3009040ee,1,Desconhecido,DX,dev,0
28c9064ac7d7,3,85d25cdb390c,1,Desconhecido,DX,test,-1
28cd5ee432cf,0,d5d1cd0a9e76,1,Desconhecido,DX,dev,3
28dd13f6c7f6,2,f34885785df3,1,Desconhecido,DX,test,-1
28ddb604e393,1,f51830d634a4,1,Desconhecido,CR,dev,3
28dddc8559b2,3,db63d9b7f61c,1,Desconhecido,CR,dev,1
28e1a974995b,1,ac9f656d4990,1,Desconhecido,DX,dev,2
28e7495f0382,1,e67df835b17d,2,Desconhecido,DX,test,-1
28f64c800345,1,2390d1a0636b,1,Desconhecido,CR,test,-1
28f828b5e399,0,d6163627efcf,1,Desconhecido,DX,dev,2
28fa33eef652,1,624347e970ca,1,Desconhecido,DX,dev,2
2906f6903294,0,ffc3c8b387a5,1,Desconhecido,CR,dev,3
290727bac658,2,aa93f52f3277,1,Desconhecido,DX,dev,4
291df618f81f,3,ef6af6f01c76,1,Desconhecido,DX,dev,3
29240c2eaf30,1,226228b84dc7,1,Desconhecido,CR,dev,3
2931cfb70ffb,1,eb94d5130361,1,Desconhecido,DX,test,-1
2938b11fe3f2,1,f2f718f64e09,1,Desconhecido,CR,dev,3
293a41fb59ed,0,da0af14a1c94,1,Desconhecido,DX,test,-1
294598268f6a,2,de646608271b,1,Desconhecido,CR,test,-1
2951b5526194,2,9a55bca99993,1,Desconhecido,DX,dev,3
29552af481ab,0,ec9c4234f769,1,Desconhecido,CR,dev,1
29578de12813,1,7f39beab42ab,1,Desconhecido,CR,dev,0
295c226093ed,1,c8f0d8fcfef4,1,Desconhecido,CR,dev,1
297e73031b62,1,c6dc97c95d98,1,Desconhecido,DX,dev,1
2980304e9bfc,1,ee347e4af532,1,Desconhecido,CR,dev,0
298767d24da4,2,92e02ac4a939,1,Desconhecido,CR,dev,4
2990579c982c,2,fab327d051ed,1,Desconhecido,DX,dev,1
299201b9ba40,0,fee053d7ffee,1,Desconhecido,DX,dev,0
299de817cf02,2,d77d555edb8f,1,Desconhecido,DX,dev,4
299f34b2a99c,1,68b35ac193c2,1,Desconhecido,CR,dev,1
29a43ad85322,0,8ba516f2c854,1,Desconhecido,DX,test,-1
29a5220911b1,0,4da1cf674567,1,Desconhecido,DX,test,-1
29afa03eedd3,0,d6c073450132,2,Desconhecido,CR,dev,0
29b7fce85c4c,1,de198731768d,2,Desconhecido,DX,dev,2
29cd2e8cd19c,1,2ba663d7d1b7,1,Desconhecido,CR,dev,0
29df47042061,3,d8d0a5559442,1,Desconhecido,DX,dev,1
29f29443067b,0,6558c767ae8e,1,Desconhecido,DX,test,-1
2a1768cea4ae,0,978782181964,1,Desconhecido,DX,dev,4
2a234c42eaac,0,2d14c8b87fae,1,Desconhecido,CR,test,-1
2a327d0c2f61,1,bd1148a1253d,1,Desconhecido,DX,test,-1
2a34f33583d3,0,edd1aaa503fa,1,Desconhecido,CR,dev,0
2a35c8a7742b,0,1ba0ed6a5757,1,Desconhecido,DX,dev,3
2a457a88c49b,0,f396f2e0da98,1,Desconhecido,DX,dev,1
2a7b4e669dda,0,3ac6bf06e126,1,Desconhecido,DX,test,-1
2a886a5ecdc0,0,de81b8fb54a9,1,Desconhecido,DX,dev,1
2a8a246f1ebb,1,055d608e3b20,1,Desconhecido,DX,dev,1
2a99eceed859,3,605f64a791e0,1,Desconhecido,CR,dev,2
2ab426f9cfcb,1,1fab5f2e4369,1,Desconhecido,DX,dev,0
2ac71ff83527,0,9de479f5aad5,1,Desconhecido,DX,dev,3
2ac74c9a0635,1,a9f59bd3e630,1,Desconhecido,CR,dev,4
2acecb7b0b72,0,f7260e991bee,1,Desconhecido,DX,dev,0
2ae591e11315,0,9d3099c66d9c,1,Desconhecido,CR,dev,0
2ae96f2e621d,2,924c24e59770,1,Desconhecido,CR,test,-1
2afe9fa4b788,1,cd452e26bcb1,1,Desconhecido,DX,dev,4
2b074ba8887f,0,0853e965590b,1,Desconhecido,DX,dev,0
2b2548a40da2,2,afc1e859aa9b,1,Desconhecido,DX,dev,1
2b26cc349c14,2,e398ad6e7a6a,1,Desconhecido,DX,dev,1
2b2ab9538843,1,0d1d6c3f9bca,1,Desconhecido,DX,dev,1
2b2e8f74947b,0,6879f74cc1d7,1,Desconhecido,CR,dev,0
2b2fb5f5273c,0,3834f742f790,1,Desconhecido,CR,dev,3
2b372b8e18da,0,6377e907cbfa,1,Desconhecido,DX,test,-1
2b4a46eb9079,1,20c295dacc66,1,Desconhecido,CR,dev,3
2b524d496bdb,1,a568a1fcf5ca,1,Desconhecido,CR,test,-1
2b58d0d542c3,0,5375680cdbc8,1,Desconhecido,CR,test,-1
2b6132fe557c,1,b63eb0b1e09c,1,Desconhecido,DX,dev,4
2b69ea062f72,0,e29d653038ff,1,Desconhecido,CR,test,-1
2b70f1b3b474,1,ceb28306825f,1,Desconhecido,DX,dev,0
2b74c9c8b9fb,0,b24fb0e8e632,1,Desconhecido,CR,dev,2
2b7dbc950356,0,4b9ccbcf83c8,1,Desconhecido,DX,dev,2
2b7fc6e4fd1d,1,2c684ad9f927,1,Desconhecido,DX,dev,0
2b8680eba187,1,430551c281ef,1,Desconhecido,DX,dev,3
2b9150b35d3a,1,28c51824391b,1,Desconhecido,DX,dev,4
2b9dbde85d8d,0,db5acd372ff6,1,Desconhecido,DX,test,-1
2b9eb0cb1e87,1,1b0fe266a5a5,1,Desconhecido,DX,dev,0
2ba80f7a6982,0,90276df7ad52,1,Desconhecido,CR,dev,4
2bd907ae6451,1,b0f5bae78f1c,1,Desconhecido,CR,dev,2
2be25a892bbb,2,f3decb855e94,1,Desconhecido,CR,dev,4
2be667e8ac57,1,fdcbf51cf0f5,1,Desconhecido,CR,test,-1
2be9fed93af5,1,4d7078eba83a,2,Desconhecido,CR,dev,4
2bfe8dcbdbf4,3,f09ff9b7dab3,1,Desconhecido,CR,dev,4
2c082a595014,0,dcd23f6a766f,1,Desconhecido,CR,dev,0
2c09d33b5038,1,b19b609f7011,1,Desconhecido,CR,dev,0
2c1168644485,2,d9cdc9f3256b,1,Desconhecido,CR,test,-1
2c1a30d2b9dc,1,88daefcc5f8a,1,Desconhecido,DX,test,-1
2c1e782a68d9,1,809a0971faea,1,Desconhecido,DX,dev,0
2c39d421bc0a,2,c077f83d9969,1,Desconhecido,DX,dev,0
2c45ab64718f,1,a032670dac11,1,Desconhecido,DX,dev,4
2c5b54bddd52,3,28dd2d6dd674,1,Desconhecido,CR,dev,0
2c5f06ead2f9,1,e75483f6a3b3,1,Desconhecido,CR,test,-1
2c62594e961b,2,43458b3f3907,2,Desconhecido,DX,test,-1
2c78ef584129,3,a39d84caf95d,2,Desconhecido,DX,dev,2
2c7d0327a977,1,754fa7a1be7d,1,Desconhecido,DX,dev,3
2c7ed5144d13,0,b8dc49767167,1,Desconhecido,CR,test,-1
2c84e6b44349,1,8e513944d27d,1,Desconhecido,DX,dev,4
2c94d957e11e,3,d2b6c0616e33,1,Desconhecido,DX,dev,0
2ca53fb28d25,0,a54aedb9aec3,1,Desconhecido,DX,dev,4
2ca72ba9a015,2,544900f30303,1,Desconhecido,CR,dev,0
2cb9a2a71fac,3,745282febded,1,Desconhecido,CR,test,-1
2cd2a236d885,0,79226132e97c,1,Desconhecido,DX,dev,1
2cd813a52fb6,1,a1afd12065c8,1,Desconhecido,CR,dev,1
2cda294cfd79,0,120fb26ac906,1,Desconhecido,CR,dev,4
2cf18332758d,1,dda478d300fd,1,Desconhecido,CR,dev,3
2cf2b94084ff,1,f764a36fb7fe,1,Desconhecido,CR,dev,2
2d0150e971af,0,0f384f73b013,1,Desconhecido,DX,dev,4
2d0316dc8a88,2,efe756cfd06e,1,Desconhecido,CR,dev,2
2d0a69701602,1,5b1408d22492,1,Desconhecido,DX,dev,3
2d14bd39454e,3,f372ba238117,1,Desconhecido,CR,dev,4
2d1697831131,0,11659e14ff93,1,Desconhecido,DX,test,-1
2d1ad7900507,3,ef4acbcbe484,1,Desconhecido,DX,test,-1
2d2a9c4964e8,1,d952bdd7ba25,1,Desconhecido,CR,test,-1
2d2fa836bade,1,d7b1ca329483,1,Desconhecido,CR,test,-1
2d365318fb2b,1,efcd2099b781,2,Desconhecido,DX,test,-1
2d4062ba545a,1,072c227ef550,1,Desconhecido,DX,test,-1
2d425408deca,1,14be2a46f855,1,Desconhecido,CR,dev,3
2d430161fb34,3,306a7995b479,1,Desconhecido,CR,test,-1
2d4e08bd3523,0,3d0036279f3f,1,Desconhecido,CR,dev,4
2d51cfed3fed,1,b6fb5627ffc5,1,Desconhecido,DX,dev,4
2d5c41d6e69b,1,e7a495b1e121,1,Desconhecido,DX,dev,3
2d5ede149efa,2,e07350ed1f68,1,Desconhecido,DX,dev,2
2d5ef00a9d18,0,b5814800b7fc,1,Desconhecido,CR,dev,3
2d7154c413fa,1,cd4523483d85,1,Desconhecido,CR,dev,3
2d794121b64b,1,60a97223ee7b,1,Desconhecido,CR,dev,4
2d7e68ba5e8b,1,ec03425ec493,1,Desconhecido,CR,dev,2
2da89579be93,0,d035537a0373,1,Desconhecido,CR,dev,3
2dacdf109030,1,a87c3a65c223,1,Desconhecido,CR,dev,0
2dc2ece5a7b6,0,dba3009040ee,1,Desconhecido,CR,dev,0
2dd2e2a2c848,0,b735921358a5,1,Desconhecido,CR,dev,3
2dfe7f1a0fb7,1,f8668ad7fe5e,1,Desconhecido,CR,dev,4
2e04415f03e4,3,c1cafef8b385,1,Desconhecido,CR,dev,2
2e11f3486372,1,3681b3db3ecc,1,Desconhecido,DX,test,-1
2e1bfd23e131,1,1995412db351,1,Desconhecido,CR,test,-1
2e2d6ef7ecbd,1,a11eaf33a3e7,1,Desconhecido,CR,dev,4
2e34bd2e9262,0,3c183f34e6eb,1,Desconhecido,DX,dev,4
2e44e9056939,2,164626c547a6,1,Desconhecido,CR,dev,3
2e461b7819f0,0,e3673b7cbb48,1,Desconhecido,DX,test,-1
2e47497e7ad0,0,4e88550be813,1,Desconhecido,DX,dev,4
2e490d6ef2e1,1,1855c0b92c0b,2,Desconhecido,DX,dev,4
2e52e7ea9fa1,1,507c21a73b31,1,Desconhecido,CR,dev,3
2e58096bdbd9,0,22873e08eee0,1,Desconhecido,CR,dev,1
2e6158c0eb68,1,1c3d616b77cb,1,Desconhecido,DX,dev,1
2e6176e3daea,1,f83ab27692cc,1,Desconhecido,CR,dev,1
2e8e6d58eccd,1,a20de80e39c2,1,Desconhecido,CR,dev,1
2e977a960427,3,f15768cd3d48,1,Desconhecido,DX,dev,4
2ea5d1b25a2d,2,51fdf51994e3,1,Desconhecido,DX,dev,4
2ea7b438ec6e,0,633e41d7320c,1,Desconhecido,CR,dev,3
2ed4ce2d96bb,1,343d0810ca0f,1,Desconhecido,CR,dev,2
2ed67f90c729,3,e80b9b61824a,1,Desconhecido,CR,dev,3
2edb1488b0b2,2,799b4e7b472f,2,Desconhecido,DX,dev,4
2edd69dd0934,0,7da6ad07632d,2,Desconhecido,DX,test,-1
2eec002c1953,1,34a245d3de2e,1,Desconhecido,DX,test,-1
2ef14d372428,2,883a47dc4bae,1,Desconhecido,DX,dev,4
2ef198e99a5d,0,da8ee758ba0d,1,Desconhecido,DX,dev,4
2ef447a9a325,1,54e4d641edb9,1,Desconhecido,DX,dev,1
2ef5eac2100d,2,e80d01a7091f,1,Desconhecido,DX,dev,0
2ef93adeace6,0,b09ca04b3c0c,1,Desconhecido,DX,dev,1
2f06abe8a9f8,2,ee92d06aa674,1,Desconhecido,DX,test,-1
2f06b076d692,0,94cffbf88f3d,1,Desconhecido,CR,test,-1
2f21ed3dc84f,1,1ca3d4a6d5a5,1,Desconhecido,DX,dev,0
2f3b1d05c8c2,1,276682ddedde,1,Desconhecido,DX,dev,1
2f402fc871b8,1,745282febded,1,Desconhecido,DX,test,-1
2f4e25cb6e47,0,0e8e57c5d9a8,1,Desconhecido,DX,test,-1
2f5749d77a09,1,d3d790ae19e3,1,Desconhecido,DX,dev,4
2f5d56af2a65,2,1b000c0d4ea0,1,Desconhecido,CR,dev,1
2f5fa61e36a3,1,c8715f9148df,1,Desconhecido,DX,test,-1
2f606487f89b,1,16f06fd01be3,2,Desconhecido,DX,dev,2
2f6b259a3abe,0,c298805fcc11,1,Desconhecido,DX,test,-1
2f6f6db14684,1,7dc04e1a7a59,1,Desconhecido,CR,dev,4
2f7080706a6d,1,099353fc3f5d,1,Desconhecido,DX,test,-1
2f771861f952,1,e27e8bce600c,1,Desconhecido,DX,dev,1
2f8002a3c8c9,2,ff57de455562,1,Desconhecido,DX,test,-1
2f9246cbb78a,1,0cb594f77ae4,1,Desconhecido,DX,test,-1
2f9310ed2cb2,2,5a62acd5b67f,1,Desconhecido,DX,dev,1
2f969d2bbb31,1,f0c20af4fe24,1,Desconhecido,DX,dev,4
2f9813ec9d81,2,6595681fdcee,1,Desconhecido,CR,dev,1
2fa400b873f5,0,fe4f1442aa30,1,Desconhecido,CR,test,-1
2fac6ca52178,0,fc73b68ed54f,1,Desconhecido,DX,dev,0
2faea6510f1e,1,3aa5e98f20ef,1,Desconhecido,CR,dev,3
2fcf66c1d5e1,2,f2f718f64e09,1,Desconhecido,CR,dev,3
2fe13c059026,1,276682ddedde,1,Desconhecido,CR,dev,1
2ffd353f8ba4,1,4d54c5e3e785,1,Desconhecido,DX,dev,1
3004fe97a3ca,2,462d45069593,1,Desconhecido,CR,dev,1
300a60e7662c,0,cf9583cc9aaf,1,Desconhecido,CR,test,-1
3011ca5b6f43,2,8033a4bc3c54,1,Desconhecido,DX,dev,1
30177765470f,1,09272624f4df,1,Desconhecido,DX,dev,2
301e45e1e65f,3,9e42e1fe4216,1,Desconhecido,CR,dev,0
301eeda8a014,1,e535e2062e2c,1,Desconhecido,DX,dev,4
301fa089d898,1,6f8044738ae4,1,Desconhecido,CR,test,-1
3022c6eb64bc,0,dafdda41456e,1,Desconhecido,CR,dev,3
3033f19402f6,1,3a42f9cfaf9c,1,Desconhecido,DX,dev,1
304cbc1f068d,1,fc03ef8021fc,2,Desconhecido,CR,dev,2
304f8125817a,1,d1f25b2ab42f,1,Desconhecido,DX,dev,2
3054a85afa87,1,ef7ff5241e5f,1,Desconhecido,CR,dev,4
30682bc00c09,1,dcc3fdf6426a,1,Desconhecido,DX,test,-1
3079db177db4,1,b794e6c540b9,1,Desconhecido,CR,dev,1
308464f7fda3,1,278316a7c5f6,1,Desconhecido,CR,dev,0
3084edc5e8cd,1,f4bce9f9ada5,1,Desconhecido,CR,dev,2
3091806ae845,1,112e8c966f47,1,Desconhecido,CR,test,-1
3093d2622f98,0,275e392ad223,1,Desconhecido,CR,test,-1
30aa2c27d732,1,b397ca431b72,1,Desconhecido,DX,dev,2
30b0cd197ff2,1,853cd4815445,1,Desconhecido,DX,test,-1
30c274c783a2,1,1f1bd938d58b,1,Desconhecido,CR,dev,0
30c9e5013527,1,30bcc966fea5,1,Desconhecido,CR,dev,1
30cf90898e06,1,178930121816,1,Desconhecido,DX,test,-1
30def70773d8,1,1b0fe266a5a5,1,Desconhecido,DX,dev,0
30e45593ba08,1,5ed7b7110945,1,Desconhecido,CR,dev,1
30e9696b5abf,1,e7f6d27efe29,1,Desconhecido,DX,test,-1
30f89ad8f0d8,1,b2155ab1f2e1,1,Desconhecido,DX,dev,4
31050ccdadd3,1,15553ae4f557,1,Desconhecido,CR,test,-1
312b098c64a2,1,facac8670d7f,1,Desconhecido,CR,dev,0
312c53ab6231,1,f1eb548b0d4e,1,Desconhecido,DX,test,-1
3130e60ab20d,1,5199e092b9b1,1,Desconhecido,DX,dev,1
3143117893c0,0,e5f7761d9e5c,1,Desconhecido,CR,dev,0
314432832e5d,0,6a3d68b27e91,1,Desconhecido,CR,dev,2
31557085aaef,1,3681b3db3ecc,2,Desconhecido,CR,test,-1
315654b04e6d,2,81eb41b03f7b,1,Desconhecido,CR,dev,0
31585f62e64b,1,fee053d7ffee,1,Desconhecido,DX,dev,0
316117ce0a2e,2,19edab7003d3,1,Desconhecido,CR,test,-1
31662d55ca54,0,ee5342119c24,1,Desconhecido,DX,dev,1
316a5c0840f2,2,361c166151a5,1,Desconhecido,CR,dev,0
3171080f7d14,2,fbdd5811a7db,1,Desconhecido,DX,dev,1
3174008702cc,2,f6c800317240,1,Desconhecido,CR,dev,1
31866b801ca1,1,3b567b5f59a4,1,Desconhecido,CR,test,-1
318ccb5d4c6d,2,d2fae0193a7f,1,Desconhecido,CR,dev,0
3190721e0a77,0,ce20d782d6ed,1,Desconhecido,CR,dev,4
3193e2366c40,0,3e4d7174b152,1,Desconhecido,CR,dev,2
31b0af5bc54d,0,f20b5a00d22a,1,Desconhecido,CR,dev,3
31b12697883a,1,c9a36a2579d2,1,Desconhecido,DX,dev,4
31b95e5b35a7,1,e216627601e0,1,Desconhecido,DX,dev,3
31c8e40bf4bb,0,121faba393d2,1,Desconhecido,DX,dev,3
31cb04f8bc04,0,66bc7b5dc522,1,Desconhecido,CR,dev,0
31d2ad10ba47,1,c6dd78275bc9,2,Desconhecido,DX,dev,2
3203daf1d24b,1,221a66e8da04,1,Desconhecido,CR,test,-1
3217a8869694,1,81aed44ed66d,1,Desconhecido,DX,dev,0
3218844882c3,0,fab699711fea,1,Desconhecido,CR,dev,2
32218484a1a6,1,647212e2ac4f,1,Desconhecido,CR,dev,0
32240b045a58,1,d350ae07ce1c,1,Desconhecido,CR,dev,0
3229a5f95c38,0,51412467a170,1,Desconhecido,DX,test,-1
3234ad871f06,1,cd452e26bcb1,1,Desconhecido,DX,dev,4
323996eaceae,1,6b2568ae799d,1,Desconhecido,CR,test,-1
324b025d8c13,0,0c51af723f54,1,Desconhecido,DX,test,-1
325163dca428,1,fb8dd5b4c308,1,Desconhecido,CR,dev,4
325c6a75b0a5,2,51174b0d9efd,1,Desconhecido,DX,dev,3
3271d3fa61e6,1,3fd7e1382c79,1,Desconhecido,CR,dev,4
328c8b6431a3,1,c6dd78275bc9,1,Desconhecido,DX,dev,2
328da94078ec,3,140e034aea3b,1,Desconhecido,CR,dev,0
32a71d3ee25d,1,754fa7a1be7d,1,Desconhecido,DX,dev,3
32bb22d329ea,0,f297d9315561,1,Desconhecido,DX,test,-1
32bf7e54a7ee,1,cc5c2ee2f7af,1,Desconhecido,CR,dev,3
32d20157a012,2,1f8557a4f9d1,1,Desconhecido,CR,dev,4
3300733fc823,0,ea0bf54197ef,1,Desconhecido,CR,test,-1
3309d981e5fe,1,013bf5768ba6,1,Desconhecido,CR,dev,1
3312377895b6,1,6684dfc1be55,1,Desconhecido,CR,dev,1
33198ca96dce,2,7b28df3da87c,1,Desconhecido,CR,dev,3
33271fcff583,0,5288b8eb58a5,1,Desconhecido,CR,test,-1
33354bc058ae,1,02cf6aa8b2b7,1,Desconhecido,CR,dev,4
3340562b3fce,1,6c69948ef8d3,1,Desconhecido,CR,dev,2
334ac465b405,1,edcf74ccca0a,1,Desconhecido,DX,dev,1
336b277e175e,3,ed2399893335,1,Desconhecido,DX,test,-1
336e2335b62c,0,4f91ebd1898e,1,Desconhecido,DX,dev,0
336f9f6681a0,2,2b93992d2f8f,1,Desconhecido,CR,dev,3
33711998b257,1,7c52958ddbf0,1,Desconhecido,CR,dev,4
33745ae11797,1,fd044860ab2d,1,Desconhecido,DX,dev,4
337a7a92aa4a,0,d7f6ff2a12e6,1,Desconhecido,DX,dev,2
337e3525ca2c,1,ec3426e8a969,1,Desconhecido,DX,dev,4
3380fdfc42ce,1,e47f8888835d,1,Desconhecido,CR,test,-1
338502a91c52,0,6547a6b109b0,1,Desconhecido,DX,test,-1
339707948c15,1,295eb119fe2f,1,Desconhecido,DX,test,-1
33a89772f781,1,7df7aaa667ad,1,Desconhecido,DX,dev,1
33b6e91fe73a,1,33692f00b80f,1,Desconhecido,DX,dev,3
33bdeeb50e0f,1,ab8c45430402,1,Desconhecido,CR,test,-1
33ee105d8d08,1,eb94d5130361,1,Desconhecido,DX,test,-1
33f2cae828db,1,1b9bcaa1cce8,1,Desconhecido,CR,test,-1
33fca09f2e00,1,a87c3a65c223,1,Desconhecido,CR,dev,0
340106349073,3,f281e8b99ef8,1,Desconhecido,DX,dev,0
340585cd8075,3,fe4f1442aa30,1,Desconhecido,DX,test,-1
341323496486,0,1be683d8ecb1,1,Desconhecido,CR,dev,3
341a8f794069,1,e6021ae9eae5,1,Desconhecido,DX,dev,1
34366c4dcaa6,0,e7b6ddb982f0,1,Desconhecido,DX,dev,4
34483c9319e9,1,864b906ab0da,1,Desconhecido,CR,dev,3
344a4e180010,0,fcf814ed3eeb,1,Desconhecido,CR,test,-1
345d0da3ba63,1,a9346bd8884c,1,Desconhecido,CR,dev,1
345f41e15373,0,783d645e1cc7,1,Desconhecido,CR,dev,2
345f8129863d,1,f448af0bce91,1,Desconhecido,DX,dev,2
346c65dba4d5,1,64dd503810e7,1,Desconhecido,CR,dev,4
34759ac47feb,1,2bd3b9895dcc,1,Desconhecido,DX,test,-1
347c521c9d97,1,e67b37cf3f8a,1,Desconhecido,CR,dev,2
347f9ca3f295,1,24e80e5976f8,1,Desconhecido,CR,dev,1
3487acb1c55a,0,3f0d890b779b,1,Desconhecido,DX,test,-1
348bf841d923,1,f08138f30041,1,Desconhecido,CR,dev,0
34909c5ae090,3,1c1d5cc64b03,1,Desconhecido,DX,test,-1
349b1b80a237,1,178930121816,1,Desconhecido,CR,test,-1
34b3c1b15cde,1,cfe92541c915,2,Desconhecido,DX,dev,3
34cff27c2a43,1,da6583991d3f,1,Desconhecido,DX,dev,4
34d360dd549f,0,f49df2004d9a,1,Desconhecido,DX,dev,2
34d7f214a7e5,0,eb981a5bc177,1,Desconhecido,CR,dev,4
34d9932348fd,0,ac28b5988db9,1,Desconhecido,DX,dev,1
34e76fd17a93,0,33ff340c5cc8,1,Desconhecido,CR,dev,4
34e9ba075967,2,6bcad66a9a8b,1,Desconhecido,CR,test,-1
34f012146c73,0,8e4b2e06348b,1,Desconhecido,DX,dev,0
35035b97e536,1,8f1ef3b8e8cd,1,Desconhecido,CR,dev,2
350cd603e64d,0,6e30c774c0c5,2,Desconhecido,DX,test,-1
351c9f9580db,1,f448af0bce91,2,Desconhecido,DX,dev,2
352cd75fce3a,1,24c5289f5ced,1,Desconhecido,DX,dev,4
3532ab7e51f2,0,e431902a5fe1,1,Desconhecido,DX,dev,3
353e8d1d3147,1,a032670dac11,1,Desconhecido,DX,dev,4
354ac6bf2105,2,302d58f99f17,1,Desconhecido,CR,dev,0
354d310f53ef,0,ea06bd6ba536,1,Desconhecido,CR,dev,0
354e69d0e3e4,0,39cec4e790a1,1,Desconhecido,DX,dev,2
35521a34aebc,1,32dc4c18a441,2,Desconhecido,DX,dev,4
35547e12df7f,2,7e1f261f6edc,1,Desconhecido,CR,dev,1
3572cab7a345,1,477d6584f6c1,1,Desconhecido,DX,dev,4
357734e7588b,0,e9737928bdf1,1,Desconhecido,DX,dev,1
358e736e289e,2,c9a36a2579d2,1,Desconhecido,CR,dev,4
35a5ba170ac4,2,1a480717b7a0,1,Desconhecido,DX,test,-1
35aff487b8ce,0,d553f415032f,1,Desconhecido,DX,dev,0
35e22da3e615,0,5858c9c712be,1,Desconhecido,DX,dev,3
35e62487a0aa,1,26a79be8d87d,1,Desconhecido,DX,test,-1
35eb68ca9b50,1,b86bc5d2528e,1,Desconhecido,CR,dev,1
35f0d8cebadf,0,188bcc47bf93,1,Desconhecido,DX,test,-1
35f1420690fb,1,41542b2a28d7,1,Desconhecido,DX,dev,3
35f759f8d1b8,0,25ff9931e9e4,1,Desconhecido,CR,dev,1
35fe8a181ce3,1,14d514165464,1,Desconhecido,DX,test,-1
35fece530971,2,932e0989ec8b,1,Desconhecido,CR,dev,2
3605ff235600,1,9b9e5887e35b,1,Desconhecido,DX,dev,0
360a419fd953,0,e0d001daa31f,1,Desconhecido,CR,dev,3
360c787839e7,1,b798c03a7bc0,1,Desconhecido,CR,dev,1
3617282997a6,1,54e4d641edb9,1,Desconhecido,DX,dev,1
361e431e4401,0,7df7aaa667ad,1,Desconhecido,CR,dev,1
362a970635e4,1,86eb9beeea0b,1,Desconhecido,CR,dev,3
363454850843,0,09ec51c994cc,1,Desconhecido,CR,dev,0
3638f959c7a3,1,d931361a5489,1,Desconhecido,DX,dev,3
363eb5029f21,1,1b0fe266a5a5,1,Desconhecido,DX,dev,0
364f5d65a02e,1,deed23acb0d1,1,Desconhecido,CR,dev,3
36582a5faf1a,0,5f5909e1bad5,1,Desconhecido,DX,dev,4
366c5acac35b,1,beb02bb91fbf,1,Desconhecido,DX,dev,0
366fc85a2ac8,0,3c6db652d71e,1,Desconhecido,DX,dev,2
36746fa2ffc4,1,ba218565ec33,1,Desconhecido,CR,dev,0
3694e0a1d9aa,1,4b2e9b09074e,1,Desconhecido,CR,dev,0
36a0d836672c,0,c6e3f405e9b4,1,Desconhecido,CR,dev,3
36aafc1b1c20,2,ecfe8d7f8857,1,Desconhecido,DX,dev,1
36b286400671,1,ebe99a9736db,1,Desconhecido,DX,test,-1
36b40c98a796,1,745282febded,1,Desconhecido,DX,test,-1
36b720acfc13,1,e1ed35319ff8,1,Desconhecido,DX,test,-1
36b8b0686937,1,5ecce75c202b,1,Desconhecido,DX,dev,3
36badedeccd9,1,16f06fd01be3,1,Desconhecido,DX,dev,2
36bb4db0e4cf,1,16f06fd01be3,1,Desconhecido,DX,dev,2
36bb67bb95a9,3,19edab7003d3,1,Desconhecido,CR,test,-1
36cbfe6f866c,1,f9affad16e5f,1,Desconhecido,CR,dev,1
36d6d8418099,0,994f5a3f82bd,1,Desconhecido,DX,dev,4
36ffc653baad,0,a86b063436c8,1,Desconhecido,CR,test,-1
3708f056c708,2,fdf7b0e6ec99,1,Desconhecido,DX,dev,0
371638df8cd9,0,f680aaf95960,1,Desconhecido,CR,dev,2
3717af67f949,1,88daefcc5f8a,1,Desconhecido,DX,test,-1
372796623006,0,d7b52fb8871c,1,Desconhecido,DX,dev,1
3729a3c2fafa,3,af241f170528,1,Desconhecido,DX,dev,2
372b63702c46,2,f017a33bffc9,1,Desconhecido,DX,dev,3
3741bdbdbd77,1,cced2b7cc080,1,Desconhecido,CR,dev,0
3757a5a70aa8,0,8d2e771d6395,2,Desconhecido,CR,dev,3
375cac343d45,2,a327265f3ea3,1,Desconhecido,CR,dev,3
37632f2a2aae,2,1c1d5cc64b03,1,Desconhecido,DX,test,-1
376a75f57405,2,107fe2d3ea66,1,Desconhecido,DX,dev,2
376f075346cd,1,e7a495b1e121,1,Desconhecido,DX,dev,3
378cee3c149f,2,c7bd72f003a3,1,Desconhecido,CR,dev,2
3795c5ddd545,0,fdbcb585475c,2,Desconhecido,DX,dev,1
379799f990df,1,84a238ca60be,1,Desconhecido,CR,dev,0
379b92fd1ab1,0,f88e430719c4,1,Desconhecido,CR,dev,0
37afc885bcb1,2,101361ce8ce0,1,Desconhecido,CR,test,-1
37b284b23465,1,f366a3850983,1,Desconhecido,CR,dev,3
37befe3703ab,3,4cb44b85fc17,1,Desconhecido,CR,dev,3
37bfb5f1f1db,0,22c28871cf9a,1,Desconhecido,CR,dev,4
37caabf49a4e,1,9e9a663017a7,1,Desconhecido,DX,dev,4
37cbbdceaef0,1,a350cf592532,1,Desconhecido,CR,dev,3
37cfe520e66d,0,33db974263e6,1,Desconhecido,CR,dev,2
37e18d937dcd,0,d06e4bd3ae31,1,Desconhecido,DX,dev,2
37e3551e2f47,1,c934eee61b10,1,Desconhecido,DX,dev,4
37e503d42cdc,3,e7bc764034d7,1,Desconhecido,CR,dev,0
37edcd625de4,1,112e8c966f47,1,Desconhecido,CR,test,-1
37f2b094c247,3,cf23f092a19d,1,Desconhecido,CR,dev,1
37f638aff743,3,eda6b60f25a8,1,Desconhecido,CR,dev,2
37fda69f3467,2,d0bd8fe98fb9,1,Desconhecido,CR,dev,0
37ffdf650199,1,ea599054d04b,1,Desconhecido,CR,dev,1
38016f8471b2,0,09ec51c994cc,1,Desconhecido,CR,dev,0
38111e7353fb,1,f98ad3d3efa4,1,Desconhecido,CR,dev,4
381951fcbfd0,2,e432fabde9f7,1,Desconhecido,CR,dev,1
3823cf1c6958,0,c77758b3f2d4,1,Desconhecido,DX,dev,4
3829bdf59453,1,112e8c966f47,1,Desconhecido,CR,test,-1
38322a96d92a,3,99e7f1c266cf,1,Desconhecido,DX,dev,2
383b6e0770bd,1,c605a87fbefb,1,Desconhecido,DX,dev,2
384d1d316992,0,da4c125b9039,1,Desconhecido,DX,dev,0
384d84fbb4fe,1,c7b761917044,1,Desconhecido,CR,dev,0
386026264f01,1,ac9f656d4990,2,Desconhecido,DX,dev,2
386520e49eda,0,3d64ebedd2a7,1,Desconhecido,CR,dev,2
3865c0d08f85,1,d0cd525e0398,1,Desconhecido,DX,dev,0
38682a78a52d,0,e59f8a15e473,1,Desconhecido,DX,dev,2
386aa41785fa,1,33ff340c5cc8,1,Desconhecido,DX,dev,4
38705dba1a96,1,cfff23a6930b,1,Desconhecido,CR,dev,1
387733d739e5,1,7c52958ddbf0,1,Desconhecido,DX,dev,4
387984f51e7e,0,715bb4965e5d,1,Desconhecido,CR,dev,0
3882700d8f0e,1,da59e68bbefb,1,Desconhecido,CR,dev,2
38a1f0560e2f,3,ce414b284299,1,Desconhecido,DX,dev,1
38a7a17a3318,0,e7f6d27efe29,1,Desconhecido,CR,test,-1
38cce8d6f373,3,26cd03dcb4be,1,Desconhecido,CR,dev,4
38d0b07a2c7d,2,eb2e5e69c449,1,Desconhecido,DX,dev,1
38d46daddfd5,0,5a616457a0c6,1,Desconhecido,CR,test,-1
38dbce9f5da1,1,809a0971faea,1,Desconhecido,CR,dev,0
38e0aeb59842,0,8d937caaddc7,1,Desconhecido,DX,test,-1
38ea4356df7a,1,31b31c5a387c,1,Desconhecido,DX,dev,2
38f2e947567f,1,d8bc92444798,1,Desconhecido,DX,dev,0
3913b40864b0,1,eb7874116873,1,Desconhecido,CR,dev,4
39164e43c8bf,0,a2c70df8eaa4,1,Desconhecido,CR,dev,4
3920dc377214,3,f0e55544f32d,1,Desconhecido,DX,dev,4
3927f0e451cc,1,ed2a5cbb5f42,1,Desconhecido,CR,dev,4
392a1b9dfb46,1,e1b1165097fd,1,Desconhecido,DX,dev,0
394a6b02efc9,1,9c7c17e561eb,1,Desconhecido,DX,dev,3
394d1fbb6cc0,1,ad1222e15e36,1,Desconhecido,DX,dev,3
3964a008403e,1,580fcfc39e98,1,Desconhecido,CR,test,-1
3965470a0126,1,118b9f9cc760,1,Desconhecido,CR,dev,3
3972d79dd977,2,d8a6b806cefb,1,Desconhecido,DX,dev,4
3976f3f36b35,1,7807dc00fbfa,1,Desconhecido,CR,dev,3
397ae205b6db,0,e57850e370d0,1,Desconhecido,DX,dev,0
397ae5aecf2a,0,adbdf1d96759,1,Desconhecido,CR,dev,4
3993e1dd3d8a,3,fde2e622c5da,1,Desconhecido,DX,dev,4
3995fbf3b106,2,6d671eb67f41,1,Desconhecido,CR,dev,3
399b7608576d,2,8b1345e42c4f,1,Desconhecido,DX,dev,4
39a56d7788fc,0,7323c7864508,1,Desconhecido,DX,dev,4
39a6ef0d976a,1,159da724d521,1,Desconhecido,CR,dev,1
39a80a14bfda,3,6c51ab2eb131,1,Desconhecido,CR,dev,0
39a99407a17a,2,c9cae90b43ed,1,Desconhecido,DX,dev,1
39ac58218ee3,0,e66c66177b5d,1,Desconhecido,CR,dev,3
39b9303331d6,1,fb3b713bb09e,1,Desconhecido,DX,dev,0
39ca2531a729,1,5bd2685a212b,1,Desconhecido,CR,dev,0
39cfc88f6f20,0,db20229ddb27,1,Desconhecido,CR,dev,1
39d1962d37d1,1,6957bd4b1b97,1,Desconhecido,DX,dev,0
39d2e8b3e170,1,e0a93a35daad,1,Desconhecido,DX,test,-1
3a01c7f8d00e,2,496188ace74c,1,Desconhecido,CR,dev,3
3a0391a11c60,1,a2cdea4bd996,1,Desconhecido,DX,dev,2
3a07d9311567,0,f3215c26f532,1,Desconhecido,CR,dev,4
3a0ce16d6362,0,e8d061a23cbf,1,Desconhecido,DX,dev,2
3a1aad9fe90f,2,b0a13eced51f,1,Desconhecido,CR,dev,1
3a2ab0d08864,3,7b28df3da87c,1,Desconhecido,CR,dev,3
3a3975e0fae6,2,cfe92541c915,1,Desconhecido,CR,dev,3
3a3c198051f0,2,0f6a198c0f54,1,Desconhecido,CR,dev,3
3a54ca31df78,1,7db85e6b2af7,1,Desconhecido,DX,dev,1
3a5c61c23463,1,d5bdded333ca,1,Desconhecido,CR,test,-1
3a65207debb0,2,14084bbdcb12,1,Desconhecido,DX,dev,4
3a6c6141fdb3,0,16586c48fac8,1,Desconhecido,DX,dev,1
3a7061149c0a,3,5032fc0a895a,1,Desconhecido,CR,dev,2
3a731f3cef11,1,a337366e55d0,1,Desconhecido,CR,test,-1
3a7cad485369,3,cf7127b516ab,1,Desconhecido,CR,dev,0
3a85d94c4e35,1,d53feee07159,1,Desconhecido,CR,test,-1
3a92284ff753,0,971c8fc265ea,1,Desconhecido,DX,dev,0
3a985664cd4e,1,ddfc73221cd2,1,Desconhecido,DX,dev,4
3a9d3f1fdd81,3,9724462b5378,1,Desconhecido,CR,dev,2
3aa2fb153a2f,0,c1880cf0b032,1,Desconhecido,CR,dev,0
3ab0b0a2f8ac,1,1e128d5750e1,1,Desconhecido,DX,test,-1
3acf095adbf4,0,0d13ea07bb2b,1,Desconhecido,CR,dev,2
3adf9086a151,1,f9fe77ac2d75,1,Desconhecido,DX,dev,4
3ae7492c5ca3,0,e77c49758120,1,Desconhecido,DX,test,-1
3ae836708e67,0,f9ddd5530443,1,Desconhecido,DX,dev,3
3b0ddef5a49e,2,edac512d9563,2,Desconhecido,CR,test,-1
3b1ba7f31ca0,1,8fb09c2eecbf,1,Desconhecido,CR,test,-1
3b205aad9af7,1,2cdc4fd15a6a,1,Desconhecido,CR,dev,2
3b317a8d01e7,2,77fc08cb657f,1,Desconhecido,DX,dev,1
3b3f6099e50f,1,70c847bdfe03,1,Desconhecido,DX,dev,3
3b4ad94ce2ba,3,d904302a20ea,1,Desconhecido,DX,dev,4
3b4cdf9a776a,1,def0db53876e,1,Desconhecido,DX,dev,3
3b4ee5bd11b3,0,e398ad6e7a6a,1,Desconhecido,DX,dev,1
3b5009bd67ab,2,cfccd29ef841,1,Desconhecido,DX,dev,2
3b5207b6f84d,0,c32f0c9731e4,1,Desconhecido,CR,dev,0
3b57d6722817,1,8f125a8ec457,1,Desconhecido,DX,dev,1
3b69158045ec,1,821c3f795338,1,Desconhecido,CR,dev,1
3b842e573d63,3,8c812d28d95e,1,Desconhecido,CR,dev,0
3b880c44cef6,0,e24c11b6442d,1,Desconhecido,CR,test,-1
3ba54428eb21,1,a166e7231801,1,Desconhecido,DX,test,-1
3ba744292b92,1,8f1ef3b8e8cd,1,Desconhecido,CR,dev,2
3bb35461687d,1,7868ff2a2fd4,1,Desconhecido,DX,dev,4
3bbcfe7bb63b,1,2cdc4fd15a6a,1,Desconhecido,CR,dev,2
3bc25f4361e2,1,cf511f3e734c,1,Desconhecido,DX,dev,3
3bce300c3abc,1,b7a5cc5c85ae,1,Desconhecido,DX,test,-1
3bd90e114e5d,0,5f3caa4828c9,1,Desconhecido,DX,dev,0
3bdf88144fa5,0,c9a36a2579d2,1,Desconhecido,CR,dev,4
3be9203f616c,3,cc5c2ee2f7af,1,Desconhecido,CR,dev,3
3bf0ba9cac51,0,f32b622cbc6d,1,Desconhecido,DX,dev,2
3bf5a489d804,1,7f0f5fd02a8f,1,Desconhecido,DX,dev,2
3bfb13733ff0,2,d060874b19cc,1,Desconhecido,DX,dev,1
3bfdb5ef6565,1,f467eaff828b,1,Desconhecido,CR,test,-1
3bff1d73230a,2,2cdc4fd15a6a,1,Desconhecido,CR,dev,2
3c0ed17b3717,0,7ca36b615078,1,Desconhecido,DX,test,-1
3c13375ee625,0,c8fe6868fdb9,1,Desconhecido,DX,dev,1
3c13edac81eb,0,971c8fc265ea,1,Desconhecido,DX,dev,0
3c3399f2170d,1,cd50db038170,1,Desconhecido,CR,dev,1
3c4bae86dd43,1,d58cfbb586da,1,Desconhecido,CR,dev,2
3c66c7eef4db,1,74ea48b40309,1,Desconhecido,CR,dev,0
3c741c0568ee,2,fa0faf7bc3de,1,Desconhecido,DX,test,-1
3c7633f8a03d,1,82db5ac586b2,1,Desconhecido,DX,dev,4
3c87dfa890fa,2,f6bccd09dc3b,1,Desconhecido,CR,dev,2
3c88bd82fb37,2,db78a4f9d6ab,1,Desconhecido,CR,dev,3
3c8bc8c0486f,0,def756efb819,1,Desconhecido,CR,test,-1
3c93b438df5c,3,a8fe5a828f26,1,Desconhecido,DX,dev,1
3c9540566f10,1,cfccd29ef841,1,Desconhecido,DX,dev,2
3c97acaaf4e5,0,7b08f2e49a04,1,Desconhecido,CR,dev,3
3ca4e2ffedff,1,f09ff9b7dab3,1,Desconhecido,CR,dev,4
3ca7c79b3eac,1,6e7f68863d99,1,Desconhecido,DX,dev,2
3ccc4130e9bb,1,3b749c542357,1,Desconhecido,DX,test,-1
3ce6b3843c46,1,112e8c966f47,1,Desconhecido,CR,test,-1
3cf517f14e9f,2,f8aef2c13eed,1,Desconhecido,DX,test,-1
3d0812e8b857,1,d2f26991e122,1,Desconhecido,DX,dev,2
3d258ae21e22,0,eeca5417a06d,1,Desconhecido,DX,dev,0
3d2d006e9cc7,1,da9468d78ed6,1,Desconhecido,DX,test,-1
3d33841de910,0,a9d001ca61cb,2,Desconhecido,DX,dev,0
3d3dd31f00c5,1,b47d10dfc28e,1,Desconhecido,CR,test,-1
3d46132d23b8,0,eb882a315b91,1,Desconhecido,CR,test,-1
3d46777c79fa,1,07dfaf24794a,1,Desconhecido,CR,dev,1
3d4ceb0fe08e,2,f35a0e8d7b7d,1,Desconhecido,CR,dev,2
3d5778dea835,1,ad8afc8b0209,1,Desconhecido,CR,dev,4
3d6155f6d4e6,0,ca4fdd9ed109,1,Desconhecido,CR,dev,0
3d6a6a938f4d,1,474b7f4d163f,1,Desconhecido,CR,dev,0
3d6e135dc416,1,a2b5fa68483f,1,Desconhecido,CR,dev,4
3d71c1aba63a,1,c4fd3bf071c1,1,Desconhecido,CR,test,-1
3d7a5814c41f,1,e5c77db0794f,1,Desconhecido,DX,dev,2
3d9b3b0801a9,2,d77b25369857,1,Desconhecido,DX,dev,1
3d9d054474b7,3,f725bc60d83b,1,Desconhecido,DX,dev,4
3da10090af63,2,e151da951043,1,Desconhecido,CR,dev,4
3daae55407fc,1,b6fb5627ffc5,1,Desconhecido,DX,dev,4
3db73bde49a0,1,7c52958ddbf0,1,Desconhecido,DX,dev,4
3dc69e5f2b15,1,fab327d051ed,1,Desconhecido,DX,dev,1
3dcd7c85fd18,1,221a66e8da04,1,Desconhecido,CR,test,-1
3dd3001cd37f,2,14a31c07d3ff,1,Desconhecido,CR,test,-1
3de21b98d4b0,2,f9377b9544a3,1,Desconhecido,DX,dev,3
3de521757e71,1,f20a5fd89b90,1,Desconhecido,CR,test,-1
3de827a029ee,1,f4f24aa502f3,1,Desconhecido,DX,dev,3
3dedb0639734,1,748eeff7d987,1,Desconhecido,DX,dev,2
3deec0a549d3,1,57464d91d60f,1,Desconhecido,DX,dev,2
3df22af63de9,0,00865c0eb492,1,Desconhecido,CR,dev,3
3dfc66e41bd9,1,e5c77db0794f,1,Desconhecido,DX,dev,2
3e0dde11b059,3,f69042261144,1,Desconhecido,DX,dev,4
3e22009db59b,1,775271fe90a7,1,Desconhecido,DX,dev,2
3e2d6faac5dd,0,ec03425ec493,2,Desconhecido,CR,dev,2
3e314f95dc5f,1,bd60b87284a0,1,Desconhecido,DX,dev,3
3e3329765aaf,0,e3f295cba706,1,Desconhecido,DX,dev,1
3e4037b0506d,2,09893dde23d8,1,Desconhecido,DX,dev,0
3e51ede7ee7c,0,5fa34ba8439a,1,Desconhecido,DX,dev,2
3e585150ed8c,1,e6a2c3e70e1c,1,Desconhecido,DX,dev,1
3e598b90e0db,1,3b749c542357,1,Desconhecido,DX,test,-1
3e8517547aaf,2,f20a5fd89b90,1,Desconhecido,CR,test,-1
3e940ae3c341,2,6933944fad6d,1,Desconhecido,CR,test,-1
3ed3d85a4caa,0,8346b197e276,1,Desconhecido,CR,dev,3
3ed6283fd966,0,fe8b288af356,1,Desconhecido,DX,dev,1
3ee0ccf7f5a7,1,ac9f656d4990,1,Desconhecido,DX,dev,2
3ee6ceb2040b,1,3b746404b150,1,Desconhecido,DX,dev,4
3f1a5921dbcc,1,f92b65a1dfe1,1,Desconhecido,CR,test,-1
3f1e5e240522,0,d1917e3953f1,2,Desconhecido,CR,dev,0
3f207ad5c283,1,1bc37e76a2ed,1,Desconhecido,CR,test,-1
3f2755948419,2,b35cdb98107b,1,Desconhecido,DX,dev,4
3f2ca41bae34,0,eb7e26aa1506,1,Desconhecido,CR,dev,2
3f457bc13b99,2,9968fc6e3f08,1,Desconhecido,CR,dev,0
3f4c0a2bef09,0,a94f651a59d2,1,Desconhecido,CR,test,-1
3f4c9c73330c,0,84bf9dff2dfa,1,Desconhecido,CR,dev,1
3f667806b517,1,883a47dc4bae,1,Desconhecido,DX,dev,4
3f80fa00fee4,0,56bb0d22c01f,1,Desconhecido,DX,test,-1
3f82bb3ef348,2,eb5472f77759,1,Desconhecido,CR,dev,4
3f8ed621f16e,2,e6b76d087531,1,Desconhecido,DX,dev,3
3f91d11cef59,1,5a2742f62ad6,1,Desconhecido,CR,dev,2
3f984f0aa172,0,170615828b06,1,Desconhecido,CR,dev,2
3f98f789e62a,2,fdb6e26dac57,1,Desconhecido,CR,dev,3
3fa878dddd94,1,b129e98e8526,1,Desconhecido,CR,dev,4
3fc72e80db62,1,fcf7a3266b56,1,Desconhecido,CR,test,-1
3fcc2be34719,0,6cc23a8aa1ce,1,Desconhecido,DX,dev,0
3fd1aead516b,1,89e957d0100b,1,Desconhecido,CR,dev,0
3ff7ee335606,1,50244f9b839b,1,Desconhecido,CR,test,-1
3fff6c83cd81,2,1206b144392b,1,Desconhecido,DX,dev,0
400f0c7e4de4,3,14c83ee0814c,1,Desconhecido,CR,dev,0
402dfb591509,0,57c8f5976f14,1,Desconhecido,DX,dev,1
403035b9487c,0,cde6e070a7b9,1,Desconhecido,CR,test,-1
403f9fb0ef31,1,c846fb8005a5,1,Desconhecido,DX,dev,3
40510039029d,3,9a2fe366d442,1,Desconhecido,CR,test,-1
40618161dddc,1,86872a4d23b7,1,Desconhecido,DX,dev,1
4063853b3cab,1,44123c7b0cba,1,Desconhecido,DX,dev,0
40689b3c62c2,1,d81522e0a3ed,1,Desconhecido,DX,dev,3
407ffbe618bb,0,562950d0b704,1,Desconhecido,DX,test,-1
40925ddc68c3,1,68981aaeee7f,1,Desconhecido,CR,dev,2
409d2496f978,1,e2af423e23b6,1,Desconhecido,DX,dev,1
40ab9be365a1,0,1752439ffb64,1,Desconhecido,CR,test,-1
40b6a080d09a,1,7450e2b37770,1,Desconhecido,DX,dev,0
40d4ba72961e,1,c46e832f0cde,1,Desconhecido,CR,dev,0
40d67faaee75,1,d1ddf30538ee,2,Desconhecido,CR,dev,0
40d817276317,2,a69270550346,1,Desconhecido,CR,dev,0
40faddf1bb05,1,d10cb50ea8d7,1,Desconhecido,CR,dev,0
410819eea797,1,e3ef973869d0,1,Desconhecido,CR,dev,3
4108decf2beb,1,a337366e55d0,1,Desconhecido,CR,test,-1
411149653816,0,fc2de256425e,1,Desconhecido,CR,dev,2
41132c337dca,2,14d514165464,1,Desconhecido,DX,test,-1
414a2893624e,1,fab699711fea,1,Desconhecido,CR,dev,2
416edca973f9,1,0aac078eae43,1,Desconhecido,CR,dev,2
417584cecd96,1,77bb27a56571,1,Desconhecido,CR,dev,4
41792cfb0e74,2,c623970258aa,1,Desconhecido,DX,dev,1
4180aa686422,0,a35fc9da917b,1,Desconhecido,DX,dev,0
4189ab7c6027,3,c21b61562b39,1,Desconhecido,CR,dev,1
419b460cc514,1,f764a36fb7fe,1,Desconhecido,CR,dev,2
41a4d1a7f399,1,1279271ac062,1,Desconhecido,CR,dev,3
41b664bf705e,0,b367c2bf6c2a,1,Desconhecido,CR,dev,0
41b86a3012d5,2,6e949bb450aa,1,Desconhecido,CR,dev,1
41c2c7236ef0,3,496d246dcfce,1,Desconhecido,DX,test,-1
41c32b7a5b44,0,080a91239302,1,Desconhecido,CR,dev,3
41da13080a64,1,e8ce1886a03c,1,Desconhecido,CR,dev,0
41f2bb5ef2e9,1,ba4b792b3ba2,1,Desconhecido,DX,dev,3
42091afaa4be,0,88ea1d12b241,1,Desconhecido,CR,dev,1
420bb7be8ab2,0,84b223d4e884,1,Desconhecido,CR,dev,1
420d52239d7d,0,055d608e3b20,1,Desconhecido,DX,dev,1
4213b8c96b2d,0,1b05823afbe7,1,Desconhecido,CR,dev,2
421789206c7c,1,f7ec05364018,1,Desconhecido,CR,dev,1
422689777b34,1,e44a322dd93d,1,Desconhecido,CR,dev,4
423249107d57,0,ac33a0180383,1,Desconhecido,DX,test,-1
423d5a5b56b2,1,6b1554a6a174,1,Desconhecido,CR,dev,1
424fb90a4bc1,2,eefb426e82f4,1,Desconhecido,DX,dev,4
425baa3b6167,3,f75f10bee143,1,Desconhecido,CR,dev,4
426023c1b425,1,e67df835b17d,2,Desconhecido,DX,test,-1
4278049d12e8,1,5ecce75c202b,1,Desconhecido,DX,dev,3
429a5f79ac0f,2,d060874b19cc,1,Desconhecido,DX,dev,1
42a5ef66e3d4,1,7c52958ddbf0,1,Desconhecido,DX,dev,4
42a9025e9d29,0,cc80103c7e1a,1,Desconhecido,CR,dev,2
42ad2e4feb4f,1,9031e6e73ba9,1,Desconhecido,CR,dev,0
42c28fffc31d,0,5c83b18d83d6,1,Desconhecido,DX,dev,4
42ce6191e14e,1,a1afd12065c8,1,Desconhecido,CR,dev,1
42f44ddfed3c,1,3e90384e23d3,1,Desconhecido,DX,test,-1
43001c00ccca,1,cec6aacf4e58,1,Desconhecido,DX,dev,1
430855f2a4ff,0,7e08529e71ef,1,Desconhecido,CR,dev,0
43183eb0a475,0,f3210b6481b2,1,Desconhecido,DX,dev,0
43213dfca450,1,60c730e9d271,1,Desconhecido,CR,dev,0
4323961acfb5,1,88f9fed4cdae,1,Desconhecido,CR,dev,4
433fdf0e14fa,0,b4f509318add,1,Desconhecido,DX,dev,1
4344f4c7ca1a,1,76ea186a9786,1,Desconhecido,DX,dev,3
436ce67eb424,0,04e9e2793a90,1,Desconhecido,DX,dev,3
436fa63e29e2,1,e43e250b2d74,1,Desconhecido,CR,test,-1
437964b36522,1,7323c7864508,1,Desconhecido,DX,dev,4
437efcc34243,1,298acd570650,1,Desconhecido,CR,dev,2
4384bea76688,0,22508934e046,1,Desconhecido,DX,dev,3
4389b99b9c49,1,edc634370391,1,Desconhecido,CR,dev,1
43ab168173df,0,e63ab9f9f60b,1,Desconhecido,DX,dev,0
43bcd9cbd79a,1,9743a8cd1bb6,1,Desconhecido,DX,dev,1
43c65f4830dc,0,7815e5e73a7a,1,Desconhecido,CR,dev,4
43caab830455,1,35a49e7e1795,1,Desconhecido,DX,dev,4
43e05e0b34b9,1,97eb755e5b1f,1,Desconhecido,DX,dev,2
43e48c2c4291,0,c3701dee43a7,1,Desconhecido,CR,dev,2
43e67cd54343,1,f791862e26f0,1,Desconhecido,CR,dev,1
43f01706a453,0,1e9fd25cefb1,1,Desconhecido,DX,test,-1
43f4282677e6,1,b3ed15211909,1,Desconhecido,CR,dev,2
4403b3a0764b,0,9f353e932109,1,Desconhecido,DX,dev,3
440cde50a7f5,3,c81a599fa930,1,Desconhecido,CR,dev,0
44164216b8ef,1,d96a49282250,1,Desconhecido,DX,dev,0
442570bcd62f,2,411c8407e04a,1,Desconhecido,DX,dev,1
444927810e67,0,e402357def73,1,Desconhecido,CR,test,-1
4453f1641121,2,e7e10bc8f1a4,1,Desconhecido,DX,dev,1
4463659093ea,1,47d9bad9239c,1,Desconhecido,CR,dev,1
4475325ffe2e,1,37007ea54c73,1,Desconhecido,DX,dev,0
4486acc30384,3,dff7795d7c91,1,Desconhecido,CR,dev,2
4492a7f00b5f,1,7929c91fd1bf,1,Desconhecido,DX,dev,1
4499cf9d764e,0,0c2cf9a6e711,1,Desconhecido,CR,dev,1
449a4e07e0a3,0,95a2e9f2ae31,1,Desconhecido,DX,dev,3
44b3c1b1bf89,1,58d430577e19,1,Desconhecido,CR,dev,4
44b6c4a4f9a7,0,81212dfc7a66,1,Desconhecido,CR,dev,2
44d4bd051e1f,1,99e7f1c266cf,1,Desconhecido,CR,dev,2
44fafe9c97eb,2,75542377e7e3,1,Desconhecido,DX,dev,2
4520d87fefbb,0,654a3a241dc5,1,Desconhecido,CR,test,-1
453bed10c855,2,60e12a8b8f79,1,Desconhecido,DX,test,-1
4540b6e07514,0,3287f1621779,1,Desconhecido,DX,test,-1
454cac81825b,0,ee7528a20973,1,Desconhecido,CR,dev,0
455695d95aa2,1,e43e250b2d74,1,Desconhecido,CR,test,-1
455cbab8acad,3,b92ad7401178,1,Desconhecido,CR,dev,3
45642bcec833,3,4b4f835b52a3,1,Desconhecido,DX,dev,2
45666ba64453,1,f8e862341eec,1,Desconhecido,CR,dev,2
456c2a3abcf7,1,f196198ac2c7,1,Desconhecido,DX,dev,3
456f61eec895,1,f0c20af4fe24,1,Desconhecido,DX,dev,4
45725d3453c8,3,9789b26671a6,1,Desconhecido,CR,dev,1
4593937b2976,0,dc6cf8ad8a3c,1,Desconhecido,DX,dev,1
4595c11984c3,1,462d45069593,1,Desconhecido,CR,dev,1
45ba102094d2,1,66f8a858b1ce,1,Desconhecido,DX,dev,1
45dbef1cd1d7,2,b798c03a7bc0,1,Desconhecido,CR,dev,1
45e449878002,1,88daefcc5f8a,1,Desconhecido,DX,test,-1
45ef9c8f3a29,0,63f2d42431c9,1,Desconhecido,CR,dev,3
45f32c71c022,1,26d4c9b3a19f,1,Desconhecido,CR,dev,3
45ffa9e2bf17,1,712e01de6b05,1,Desconhecido,DX,test,-1
46096e40afc4,1,219862ebdb9c,1,Desconhecido,DX,dev,2
460e1bb0eb6c,0,a39d84caf95d,1,Desconhecido,CR,dev,2
461eb648381b,1,4e477f258fde,1,Desconhecido,CR,dev,3
462110dbbd22,0,f297d9315561,1,Desconhecido,DX,test,-1
4624eb6a47d9,1,241ef06f296b,1,Desconhecido,CR,dev,3
4635defbbeb3,3,f59928f54779,1,Desconhecido,DX,test,-1
464aad89f39a,2,7247418525c8,1,Desconhecido,CR,test,-1
465969e7aabc,1,d4a3a9e0b7ce,1,Desconhecido,CR,test,-1
467079e557f6,1,fce15d99605e,1,Desconhecido,DX,dev,3
4676a91a79e1,2,121faba393d2,1,Desconhecido,DX,dev,3
4676ccc3da0b,2,1f8557a4f9d1,1,Desconhecido,DX,dev,4
46789391270f,2,98e52f6deba9,1,Desconhecido,CR,dev,3
4684064a1c67,0,312b6e43832a,1,Desconhecido,CR,dev,3
46b5875e3f4b,1,67b977fa44cd,1,Desconhecido,CR,dev,4
46b59bea8e92,1,44123c7b0cba,1,Desconhecido,CR,dev,0
46ee7cfd0bf8,2,85547e4ce9ac,1,Desconhecido,DX,dev,3
470b3d8e543a,1,6595681fdcee,1,Desconhecido,CR,dev,1
470d1f1abc74,1,4c8b91cc2ba2,1,Desconhecido,DX,dev,0
47184d6ce9d8,1,baa5b74a7511,1,Desconhecido,DX,dev,2
471af1d3f5d0,1,3a1f82266300,2,Desconhecido,DX,dev,0
474a199db1f7,1,7e8a8f509958,1,Desconhecido,DX,dev,2
47666c3cd3de,3,01404815b1d0,1,Desconhecido,CR,dev,4
476c4e9bd0e8,1,27ef98343527,2,Desconhecido,DX,dev,0
477668bef1d1,2,1bc37e76a2ed,1,Desconhecido,CR,test,-1
478ecae73c0f,3,6072573d9746,1,Desconhecido,CR,dev,1
4797141539c1,1,d766b16fc766,1,Desconhecido,CR,dev,3
479b286b5abb,1,fb7bb802ec90,1,Desconhecido,DX,test,-1
479c6fb78bfc,0,51412467a170,1,Desconhecido,DX,test,-1
47a20936e21e,0,f6c959d461a1,1,Desconhecido,DX,dev,0
47a8d29668f2,0,f9a25aa016c2,2,Desconhecido,CR,dev,3
47af8c6239ff,1,1cfc66ec23e5,1,Desconhecido,DX,dev,2
47bebd1ecc77,1,d519cb05ade4,1,Desconhecido,CR,test,-1
47f9b7436c3f,1,59f6f121043e,1,Desconhecido,DX,dev,1
48115244cd07,1,ebbb51f4dddd,1,Desconhecido,CR,dev,3
481267fb221a,1,fd044860ab2d,1,Desconhecido,CR,dev,4
481522b95d50,1,298acd570650,1,Desconhecido,CR,dev,2
483526628b9a,1,7ed5a6e06cc4,1,Desconhecido,CR,test,-1
4838494c6cc8,1,24c5289f5ced,1,Desconhecido,DX,dev,4
483df72733f3,1,c298e66d9307,1,Desconhecido,DX,test,-1
484bf8839834,1,dc3a2aa0214d,1,Desconhecido,CR,test,-1
484e59c2708d,1,2a2be6d95ded,1,Desconhecido,DX,dev,4
485d4ccd3c0e,0,a515f374caf8,1,Desconhecido,DX,dev,4
486c0b27043a,1,71fc1aa7ca48,1,Desconhecido,CR,dev,1
486e633a5721,0,d06aee5af320,1,Desconhecido,CR,dev,3
48889844ef56,1,67ff5211e074,1,Desconhecido,CR,dev,2
488d48e19716,1,da44ad388dac,1,Desconhecido,CR,dev,1
48d8abfbad2e,2,571b92655eac,1,Desconhecido,CR,dev,0
48e089b6f3cb,2,abcc964cbc4b,1,Desconhecido,DX,dev,4
48e1cde4e995,2,c12cf5b11153,1,Desconhecido,CR,dev,4
48e6440403f3,1,0d3b35ffc195,1,Desconhecido,CR,test,-1
48f2cfe6b564,2,14d514165464,1,Desconhecido,DX,test,-1
4900ec5edaa0,1,fc13e8dd6d25,1,Desconhecido,CR,dev,3
490545ad8409,1,3ec1f7679541,1,Desconhecido,DX,dev,0
490fe3924dac,0,3c8c6d5df2be,1,Desconhecido,CR,dev,1
4911fa4de0f5,1,f552c3339891,1,Desconhecido,CR,dev,2
4926141293e4,1,d510d543fcc6,1,Desconhecido,CR,dev,2
4926a4aa705d,1,ee46eebb5360,1,Desconhecido,DX,test,-1
49358afcfb80,1,3c6db652d71e,1,Desconhecido,DX,dev,2
49374ea79cdd,1,ec3426e8a969,2,Desconhecido,DX,dev,4
4944adbe3aec,2,ca3607cce756,1,Desconhecido,CR,dev,1
4948bfd21ba8,2,2c260ad4474f,1,Desconhecido,DX,dev,4
494aed280098,1,baa5b74a7511,1,Desconhecido,DX,dev,2
494f4d7a1bed,2,bd8a3988b053,1,Desconhecido,DX,dev,0
49508eb834d6,3,a6f3d7b3a72e,1,Desconhecido,CR,dev,1
495ab5cb9721,1,4c6c2c0efccc,1,Desconhecido,DX,dev,3
4968d37e02cc,1,37544a945e3e,1,Desconhecido,DX,dev,0
496c2ad36568,0,f67ada772b75,1,Desconhecido,CR,test,-1
496dae9e8e48,2,d06d971ebfa5,1,Desconhecido,DX,dev,1
497096b56928,1,8af335924b8f,1,Desconhecido,CR,test,-1
49719e81744f,1,f0f01d06fde9,1,Desconhecido,CR,dev,0
497bf4b490c4,1,b4a02d3006be,1,Desconhecido,DX,dev,1
4986a30d2f81,3,78f63fb867f1,1,Desconhecido,DX,dev,2
4988fafed3c4,0,1241d17eee58,1,Desconhecido,DX,test,-1
4989ab8488fb,0,d12601427af6,1,Desconhecido,DX,dev,4
498f325cf374,1,14659f50caf1,1,Desconhecido,DX,test,-1
4991160776f9,1,157911c595b0,1,Desconhecido,CR,dev,0
499a2d5bba9e,1,e9138ca30979,1,Desconhecido,DX,test,-1
49a79f8222a6,1,09ec51c994cc,1,Desconhecido,CR,dev,0
49c79f89893c,1,a1afd12065c8,1,Desconhecido,CR,dev,1
49cb0e4c4f6f,1,7dd959c89165,1,Desconhecido,DX,dev,3
49d93a9813be,3,2bd3b9895dcc,1,Desconhecido,DX,test,-1
49da9f9aed0c,1,fd0e8d1e8e0c,1,Desconhecido,DX,test,-1
49f33fad39cc,1,d035537a0373,1,Desconhecido,CR,dev,3
4a0fb5ff55bb,2,9743a8cd1bb6,1,Desconhecido,DX,dev,1
4a161522e760,1,38bd19792e3d,1,Desconhecido,DX,dev,4
4a195eb75def,0,04f6b15e19ad,1,Desconhecido,CR,dev,3
4a1e37b8cd8c,1,3787fb9dd3eb,1,Desconhecido,DX,dev,1
4a2ddd0dc53a,0,8112ac56be26,1,Desconhecido,CR,dev,3
4a40923456d9,1,b900d320b9cf,1,Desconhecido,DX,dev,1
4a4163009281,1,d2f26991e122,1,Desconhecido,DX,dev,2
4a41d40a63d3,1,cb59d538ca99,1,Desconhecido,CR,dev,0
4a4e88562235,3,3e489912fd83,1,Desconhecido,DX,dev,3
4a4f19493e91,1,046abeb8b877,1,Desconhecido,DX,dev,3
4a5bba561d65,0,a85f6058a661,1,Desconhecido,DX,dev,2
4a5d1728c12a,3,017d9298d85b,1,Desconhecido,DX,dev,2
4a5e943d578b,3,1257a64e6a52,1,Desconhecido,DX,dev,4
4a6290010ad7,2,00ddfe4c6f9c,1,Desconhecido,CR,dev,3
4a6479cb67d2,0,646d491607eb,1,Desconhecido,CR,test,-1
4a683fc106eb,1,8de39bc8be7e,1,Desconhecido,DX,dev,2
4a6c95b0cc17,0,a7e661aa35cd,2,Desconhecido,DX,dev,4
4a71cb0ada1a,0,e8074f7a5970,1,Desconhecido,DX,test,-1
4a7253e116d1,0,ebf1212e86be,1,Desconhecido,DX,dev,2
4a746c1839d7,1,f80f638a3661,1,Desconhecido,CR,dev,1
4a759252b405,0,0cc7ebad30a6,1,Desconhecido,CR,dev,0
4a761d73927a,1,17b0b4ffd2b0,1,Desconhecido,DX,test,-1
4a9a960d2f8b,2,d351ef526875,1,Desconhecido,CR,dev,3
4aa11ef1fd38,0,91e7ff57eebc,1,Desconhecido,CR,dev,1
4aa5037091ee,0,86625350415c,1,Desconhecido,CR,dev,0
4ab31aa00e4a,1,788ccd13bb53,1,Desconhecido,DX,test,-1
4ab7fae55612,1,d035537a0373,1,Desconhecido,CR,dev,3
4ab9183ef272,1,aebb52622517,1,Desconhecido,DX,test,-1
4ac2b8f0d043,0,ebb414c14b96,1,Desconhecido,DX,dev,1
4ac6bbb98b57,3,b4903374a4fd,1,Desconhecido,CR,dev,2
4acad371fae8,2,e1ed35319ff8,1,Desconhecido,DX,test,-1
4acca25f2444,0,96edef02415c,1,Desconhecido,CR,dev,4
4ae37a325776,1,27ef98343527,1,Desconhecido,DX,dev,0
4ae89e667a24,1,6bf63466d9dd,1,Desconhecido,DX,dev,4
4af510894843,3,ef7ff5241e5f,1,Desconhecido,CR,dev,4
4af9fd126565,1,d0bd8fe98fb9,1,Desconhecido,CR,dev,0
4afc56345127,1,e60146940cb3,1,Desconhecido,DX,test,-1
4afcd8aa1ebd,1,079a555095a9,1,Desconhecido,CR,dev,0
4afe7a3ec6d9,1,112e8c966f47,1,Desconhecido,CR,test,-1
4b009ead8ab2,0,4f62acd4aab0,1,Desconhecido,DX,dev,0
4b04ef7e5a91,1,7d2d25154699,1,Desconhecido,DX,dev,4
4b0811e67743,1,fcf7a3266b56,1,Desconhecido,CR,test,-1
4b0988ac86c0,0,84a238ca60be,1,Desconhecido,DX,dev,0
4b0a5a40676f,1,5bf4e7d25406,1,Desconhecido,DX,dev,2
4b0df75f21f5,1,e52866354156,1,Desconhecido,CR,dev,0
4b1d718d562a,0,dcae0e1ff5f0,1,Desconhecido,DX,dev,0
4b24276e0963,1,0902041a3364,1,Desconhecido,DX,dev,4
4b263ebf9ad5,3,97334496576e,1,Desconhecido,DX,dev,1
4b4d19205cf6,3,f33ee32b21c0,1,Desconhecido,CR,dev,0
4b4fa74957a1,0,d5e517d43950,1,Desconhecido,CR,dev,2
4b7578c84ffe,2,e5c77db0794f,1,Desconhecido,DX,dev,2
4b7b9871f26f,1,1fbe0725b44f,2,Desconhecido,DX,dev,3
4b916be9f189,0,e7251bb07974,1,Desconhecido,DX,dev,4
4b93ca3c31ad,1,b947d0314c7e,1,Desconhecido,DX,dev,1
4b9d49cd5e67,1,02cf6aa8b2b7,1,Desconhecido,CR,dev,4
4b9f90e96569,0,e9803fd6ab97,1,Desconhecido,DX,dev,1
4ba4eb1d380d,0,a0cb50da209f,1,Desconhecido,DX,dev,1
4ba72e5afc03,1,7507e5210cc7,2,Desconhecido,DX,test,-1
4ba755b48a9c,2,d89da9d14137,1,Desconhecido,DX,dev,2
4bac6c7da8b8,3,6dc4688a3fd0,1,Desconhecido,DX,dev,1
4bb14a344446,1,7ffcecf526f9,1,Desconhecido,DX,dev,3
4bb293489dde,0,371b18536942,1,Desconhecido,CR,dev,1
4bb943c3001c,1,9c7c17e561eb,1,Desconhecido,DX,dev,3
4bc2eb20a505,1,e7a07238aa5b,1,Desconhecido,DX,dev,4
4bdad39035b0,1,edcf74ccca0a,3,Desconhecido,DX,dev,1
4be426760e00,1,25ab7720a649,1,Desconhecido,CR,dev,1
4beb8e107830,1,7e9751541cb8,1,Desconhecido,DX,dev,4
4c053382f9ab,1,e7a495b1e121,1,Desconhecido,DX,dev,3
4c08df247699,2,d149af447a4f,1,Desconhecido,DX,test,-1
4c0a382bf349,1,66f8a858b1ce,1,Desconhecido,DX,dev,1
4c1a8be87462,0,4de2cc6d96f9,1,Desconhecido,CR,dev,2
4c1db991f907,1,eff59fa6a4af,1,Desconhecido,CR,test,-1
4c1e5ca11b6e,0,dbd5ac445449,2,Desconhecido,DX,dev,2
4c1f8d4c24ea,1,93dca8fa3d84,1,Desconhecido,DX,test,-1
4c45ac349e3a,0,fde2e622c5da,2,Desconhecido,DX,dev,4
4c4a0eb38623,1,240a11ac07c6,1,Desconhecido,DX,dev,0
4c5a50ece714,2,2bd3b9895dcc,1,Desconhecido,CR,test,-1
4c5bc626fee7,0,682edfb6b823,1,Desconhecido,CR,dev,1
4c6ddbf0fabe,1,1c3d616b77cb,1,Desconhecido,DX,dev,1
4c74745605a9,1,0d1d6c3f9bca,1,Desconhecido,DX,dev,1
4c74ab1c7193,2,c56aa3492175,1,Desconhecido,CR,dev,1
4c7bdd3da3d4,1,93dca8fa3d84,1,Desconhecido,DX,test,-1
4c8116b5ce1b,2,ee1f63d96b0c,1,Desconhecido,CR,dev,0
4c96f8a99305,2,8971ef1a7d0e,1,Desconhecido,DX,dev,2
4ca61dd169d4,1,4c68a64b3c26,1,Desconhecido,DX,dev,1
4cb338b6e248,0,2791eddfe232,1,Desconhecido,CR,dev,0
4cb87faf6c3d,0,548dbf393c76,1,Desconhecido,CR,test,-1
4cce09eca9ca,0,b86bc5d2528e,1,Desconhecido,DX,dev,1
4cd37e041b4c,1,9d5853b3e8e1,1,Desconhecido,DX,dev,2
4cd4a247bc30,2,018ef2fd4a13,1,Desconhecido,CR,dev,0
4cdca551d442,3,afc21f83df22,1,Desconhecido,DX,dev,0
4d02730ae091,0,1f0acacf1df1,1,Desconhecido,CR,dev,2
4d11294713ad,3,26d9c6f8fc0e,1,Desconhecido,CR,dev,2
4d2da10bd390,2,d1b012958f4d,1,Desconhecido,DX,test,-1
4d4042629e59,0,8b579a0f866e,1,Desconhecido,DX,dev,2
4d468b5b8cec,1,4ecea2f83348,1,Desconhecido,CR,dev,1
4d53dbd5fc09,1,fb7fbd39d51a,1,Desconhecido,DX,dev,3
4d6c1133d688,1,d4978068a2e7,1,Desconhecido,DX,dev,4
4d70ab1d80d6,1,b0bcfadd301b,1,Desconhecido,CR,dev,2
4d769d3b330f,1,dac780282886,1,Desconhecido,DX,test,-1
4d7a2748dfb1,1,432d580f93d3,1,Desconhecido,CR,dev,2
4d8280d84b26,1,2fa120ad49be,1,Desconhecido,DX,dev,2
4db82e5d8079,1,00aa58c7b791,1,Desconhecido,CR,dev,0
4dc6197ec461,1,e2777d5756eb,1,Desconhecido,DX,dev,3
4dd1c6cd167e,1,94df0110b324,1,Desconhecido,DX,dev,0
4ddbbdbf2690,1,71904ea734e6,1,Desconhecido,CR,dev,0
4de525e4d09a,3,bd60b87284a0,1,Desconhecido,CR,dev,3
4de6472758de,1,f5d0dc435d19,1,Desconhecido,DX,dev,2
4dee7ba23490,1,e0a93a35daad,1,Desconhecido,CR,test,-1
4dfeb4d6bf0d,2,239d3813eaf9,1,Desconhecido,DX,dev,2
4e3671f1dbf8,2,49a3b4465b7d,1,Desconhecido,CR,dev,0
4e51ae89d35a,3,964293990685,1,Desconhecido,DX,dev,2
4e6e5c81a79c,1,9ff3cd6b4630,1,Desconhecido,CR,test,-1
4e81deb94cab,1,45024ba5cc0b,1,Desconhecido,CR,dev,1
4e9a365efc0c,2,1eb0c6735def,1,Desconhecido,CR,dev,1
4e9eb654f451,0,1f8c92dbc167,1,Desconhecido,DX,dev,2
4ea356d57b10,0,84a238ca60be,1,Desconhecido,DX,dev,0
4ea3d3aed9a6,0,6f8b58425468,1,Desconhecido,DX,dev,3
4ea759eebb53,1,e5c77db0794f,1,Desconhecido,DX,dev,2
4ebaaa8b1eb2,1,9c7c17e561eb,3,Desconhecido,DX,dev,3
4ecbcabc9971,1,9d8fdd49c9ce,1,Desconhecido,CR,dev,1
4ee4406b32a0,2,44123c7b0cba,1,Desconhecido,DX,dev,0
4ee82c256da7,2,654a3a241dc5,1,Desconhecido,DX,test,-1
4eea62413744,1,a476ad6d819a,1,Desconhecido,DX,dev,0
4ef4ede74536,1,dcc3fdf6426a,1,Desconhecido,DX,test,-1
4f0201c0929f,1,178b4df077f7,1,Desconhecido,CR,dev,1
4f044c4aa6f6,1,9fca3ac74f40,1,Desconhecido,CR,dev,2
4f22fc4115aa,0,3e1cb87969b1,1,Desconhecido,CR,dev,4
4f3ac8ed6bc3,0,f20d90287051,1,Desconhecido,DX,dev,4
4f3ad9b6686a,1,785237c0c9f1,1,Desconhecido,DX,dev,1
4f429eb104df,1,f1a25276ea8a,1,Desconhecido,DX,dev,3
4f4a405729f2,0,c2cc045812c7,1,Desconhecido,CR,dev,4
4f4d97d25d06,0,07829aec0eae,1,Desconhecido,CR,test,-1
4f4ec43883e1,1,dabc3b0a2ccd,1,Desconhecido,DX,dev,1
4f7282cd3316,0,cff374ec9bb9,1,Desconhecido,CR,dev,1
4f7398c0551c,1,26d4c9b3a19f,1,Desconhecido,CR,dev,3
4f76e9117edd,1,dec1559500eb,1,Desconhecido,DX,dev,3
4f87a1a47342,0,5264c39fc9b1,1,Desconhecido,DX,dev,4
4f882088da4b,0,06760d09f9e3,1,Desconhecido,CR,dev,0
4f8d4904d509,0,aade7bee3a7f,1,Desconhecido,DX,test,-1
4f93ae390464,3,d197bd0ee5f7,1,Desconhecido,CR,dev,1
4f9e5a782721,0,e9de661f8227,1,Desconhecido,DX,dev,3
4fb1f71d298c,2,3e40cfd2529c,1,Desconhecido,CR,dev,0
4fb948846538,1,f20a5fd89b90,1,Desconhecido,CR,test,-1
4fc9c850619a,0,e89ceafd8249,1,Desconhecido,DX,test,-1
4fe046c0f566,1,8c8414b55044,1,Desconhecido,DX,dev,1
4fe89b3c7225,0,6a5bef69e5c7,2,Desconhecido,CR,dev,0
5011af7ced63,0,fdbf342d0f05,1,Desconhecido,DX,dev,0
501f89688227,1,eb2e5e69c449,1,Desconhecido,DX,dev,1
5024b6620c03,0,503321203bda,1,Desconhecido,DX,dev,2
50586fea5441,1,9d3099c66d9c,1,Desconhecido,DX,dev,0
5062655a0c9f,0,eb6eeb2a2283,1,Desconhecido,DX,dev,0
50680af8f366,2,f45e65958c7c,1,Desconhecido,DX,dev,1
506e43568206,3,3e34b4eaafbc,1,Desconhecido,DX,dev,1
50787fecf4ce,1,c46e832f0cde,1,Desconhecido,CR,dev,0
507ca476f5b7,1,6fb79b900a39,1,Desconhecido,CR,test,-1
50837951818b,1,4b6d672aabdb,1,Desconhecido,DX,dev,3
5083d7064601,1,8620b61806bd,1,Desconhecido,CR,dev,4
508614a9c9ff,1,e3b7d66353bd,1,Desconhecido,CR,dev,4
508b10b44ff6,0,e7b6ddb982f0,1,Desconhecido,DX,dev,4
508d6acdc4ce,1,8c772545a449,1,Desconhecido,CR,dev,3
50999edea987,1,112e8c966f47,1,Desconhecido,CR,test,-1
50ab8f13a325,2,e3b3018c6c04,1,Desconhecido,CR,dev,3
50b1bb4e5be3,2,2870fd880d37,1,Desconhecido,CR,test,-1
50bbbabf06c6,2,d59c1a45b588,1,Desconhecido,DX,dev,3
50c72842fd87,1,edf82e3f97f7,1,Desconhecido,DX,dev,4
50c7efb145ce,1,e27e8bce600c,1,Desconhecido,DX,dev,1
50d38e4b0732,3,e6d667171efd,1,Desconhecido,CR,dev,0
50de43ee58c4,1,a2cad4f4d753,1,Desconhecido,DX,dev,0
50e9384ca4c1,1,d5ff0069db21,1,Desconhecido,CR,dev,0
5108dc02655a,3,fb8dd5b4c308,1,Desconhecido,CR,dev,4
510b4b2ae848,0,dd45d2f226b0,1,Desconhecido,DX,dev,3
511b76817a88,1,b42cd76cf4ea,1,Desconhecido,DX,dev,0
511f9a60ee5b,3,d816904289bc,1,Desconhecido,DX,dev,0
5122ec355c24,1,247b21940e16,1,Desconhecido,DX,dev,4
51294e64d81e,1,045fa90f978d,1,Desconhecido,DX,dev,0
512a9622ca0f,1,2519f8dc09ea,1,Desconhecido,CR,dev,2
512f55885e0b,1,09272624f4df,1,Desconhecido,DX,dev,2
512fbe9d996a,1,c1880cf0b032,1,Desconhecido,CR,dev,0
5133bbb7b75c,0,de81b8fb54a9,1,Desconhecido,DX,dev,1
514b87b8275d,0,489552abcc95,2,Desconhecido,DX,dev,0
514f1f9f8912,3,22d85ff8005c,1,Desconhecido,CR,dev,0
51502fa7747d,2,69d54092fdc2,1,Desconhecido,CR,dev,3
515eebd02d8e,1,745282febded,1,Desconhecido,DX,test,-1
5170993e49dd,0,53c4911299ef,1,Desconhecido,CR,dev,3
517bb458b5e5,1,6c50536fa532,1,Desconhecido,CR,test,-1
518213a40c4f,1,3d67b79f767c,1,Desconhecido,CR,test,-1
5187caabdb51,2,9d2be379d62b,1,Desconhecido,DX,dev,2
51a10504052c,1,02cf6aa8b2b7,1,Desconhecido,CR,dev,4
51c3b10f88d1,1,ed81ea7b6034,1,Desconhecido,DX,dev,3
51e626885505,2,a87c3a65c223,1,Desconhecido,DX,dev,0
51f479f9ac83,0,d06d971ebfa5,1,Desconhecido,DX,dev,1
51f54a38d59f,1,14d514165464,1,Desconhecido,DX,test,-1
51fef9be5005,2,f54e7ea8a885,1,Desconhecido,CR,dev,4
520e6cad2225,1,3fe45f99b872,1,Desconhecido,DX,test,-1
521c520f0d18,3,f74b75aa9ab7,1,Desconhecido,CR,dev,0
5249dd72e890,1,cf0303807179,1,Desconhecido,CR,dev,4
52507b43ec40,0,2d7e5ee2ccae,1,Desconhecido,DX,test,-1
525baed75bc5,0,38c745dd3f9a,1,Desconhecido,DX,dev,4
525f144cecf9,1,cf0303807179,1,Desconhecido,DX,dev,4
526393a46dcb,3,177baaf72eee,1,Desconhecido,CR,dev,0
528aca245f9a,2,e1d06f8ba7eb,1,Desconhecido,CR,dev,1
528d756151f8,1,aebb52622517,1,Desconhecido,CR,test,-1
5292575d2789,0,0562dbbdf0f7,1,Desconhecido,DX,dev,3
52a07bdb51ad,1,cf4ed50a126a,1,Desconhecido,CR,dev,2
52b4996cd35d,1,71904ea734e6,1,Desconhecido,DX,dev,0
52ced5f7e2b3,0,79b315623278,1,Desconhecido,CR,dev,0
52dc05bd4381,2,7323c7864508,1,Desconhecido,DX,dev,4
52e53caba881,2,1d7aa00b00f5,1,Desconhecido,DX,test,-1
52e8c2d0de50,1,7e744b43dfa8,1,Desconhecido,CR,dev,4
52ed9d91bb19,1,a568a1fcf5ca,1,Desconhecido,CR,test,-1
5304d41ea0a6,2,ec3426e8a969,1,Desconhecido,DX,dev,4
5304dd253880,0,d214d93755d4,1,Desconhecido,DX,dev,0
5312293ed94e,3,14d514165464,1,Desconhecido,CR,test,-1
531c0554dc5d,0,a34bd8b0fcd7,1,Desconhecido,CR,dev,2
53234761691b,1,2cdc4fd15a6a,2,Desconhecido,CR,dev,2
53345381e15a,1,aafc6b74e78d,1,Desconhecido,DX,dev,3
5351cb9cc20c,1,efe946a721b2,1,Desconhecido,DX,test,-1
5359e47a53e0,1,a1afd12065c8,1,Desconhecido,CR,dev,1
535f8c7a5191,1,d58cfbb586da,1,Desconhecido,DX,dev,2
5362867f4e6f,2,58b8b67b947c,1,Desconhecido,CR,test,-1
5368a8bec11f,1,01873591bb92,1,Desconhecido,CR,dev,3
536ec36c3d62,0,8c393e088fd4,1,Desconhecido,CR,dev,3
537d1ce14277,0,36b2ba8f4095,1,Desconhecido,CR,dev,3
537f2065d631,0,cb7a49c235a8,1,Desconhecido,DX,dev,1
5380acab9ccf,1,d14e2834f8e2,1,Desconhecido,DX,dev,2
538dea1ffd18,1,dee5f191a907,1,Desconhecido,DX,test,-1
5392f3af1472,0,c0efc9005423,1,Desconhecido,DX,dev,1
53a94edc58d1,1,eb7874116873,1,Desconhecido,CR,dev,4
53a991898080,2,b83474a11af2,1,Desconhecido,CR,dev,4
53ab14d3aeff,1,fc1cd55e3dd5,1,Desconhecido,DX,dev,1
53ab7bc1ca97,2,411c8407e04a,1,Desconhecido,DX,dev,1
53aed14e6386,2,67d8bfcb0776,1,Desconhecido,DX,dev,4
53b2ff894bda,1,ea91249b8de5,1,Desconhecido,DX,dev,4
53b92c44a02e,1,d26f16b1b100,1,Desconhecido,DX,test,-1
53b974b2f19b,2,95f528ce6bf8,1,Desconhecido,DX,dev,3
53c9dc786907,2,2cdc4fd15a6a,1,Desconhecido,CR,dev,2
53d2e380669a,0,eac4a21146e4,1,Desconhecido,CR,test,-1
53d9917565d4,0,f74095c81909,1,Desconhecido,CR,test,-1
53e0e5340faf,0,efcd2099b781,1,Desconhecido,DX,test,-1
53e1772f0076,1,05fb8d735c77,1,Desconhecido,DX,test,-1
53e3f01fabe1,1,a2cdea4bd996,1,Desconhecido,DX,dev,2
53f3c8c16f5d,1,5b1408d22492,1,Desconhecido,DX,dev,3
53fefa2635de,2,270712cac519,1,Desconhecido,DX,dev,3
5400139d2bb4,1,9d2be379d62b,1,Desconhecido,DX,dev,2
5410626fc53a,1,551e2f609ae4,1,Desconhecido,DX,dev,3
54224713daae,0,c0d6f4dc806f,1,Desconhecido,DX,test,-1
5423b19fb38b,1,f10a5d8ee504,1,Desconhecido,DX,dev,2
54280121aef1,0,2585009c1858,1,Desconhecido,DX,test,-1
542ad25a3f63,1,93dca8fa3d84,1,Desconhecido,DX,test,-1
542d1e88c511,2,17b0b4ffd2b0,1,Desconhecido,DX,test,-1
5439043e0e1c,1,07e676aaa82c,1,Desconhecido,DX,test,-1
543ea3ce1275,1,44123c7b0cba,1,Desconhecido,DX,dev,0
5443c06f83e9,0,938871355e50,1,Desconhecido,CR,test,-1
544c5afc8628,1,9ec7f7ed065c,1,Desconhecido,DX,test,-1
54557f471880,0,4cd645238d3d,1,Desconhecido,CR,test,-1
54600e52f553,0,f906ad3c290c,1,Desconhecido,DX,dev,4
547aae81c04c,1,f812a089e01a,1,Desconhecido,DX,dev,2
547b1dd0ebcb,2,f150f16cc89f,1,Desconhecido,DX,dev,1
549205ed957c,0,dee28c884ddb,1,Desconhecido,DX,dev,2
54a1ff4452af,1,9fca3ac74f40,1,Desconhecido,CR,dev,2
54a27efa3410,1,23c6360f5b04,1,Desconhecido,CR,test,-1
54a72130e138,1,dda478d300fd,1,Desconhecido,CR,dev,3
54bcc360cc71,0,9c95e19c5e90,1,Desconhecido,CR,dev,2
54d2b19a59c4,0,74acc10ab061,1,Desconhecido,DX,dev,1
54d3bd418490,1,c0902c777852,1,Desconhecido,DX,dev,3
54d87992ebd1,0,e4447f71a3ae,1,Desconhecido,DX,dev,4
54d88dea1338,0,41fc911ee30a,1,Desconhecido,CR,test,-1
54d91a0ae31a,1,cbce301e34b2,1,Desconhecido,CR,test,-1
551461bc852e,0,55552929c69f,1,Desconhecido,CR,test,-1
55178967f39d,1,3c6db652d71e,1,Desconhecido,DX,dev,2
551ce2f497af,1,d170e1506b47,1,Desconhecido,DX,dev,1
5545ef49ebfc,0,8ebf1f83b933,1,Desconhecido,CR,dev,1
5553337f41b7,1,5bd2685a212b,1,Desconhecido,CR,dev,0
555aa3906759,1,ed2a5cbb5f42,1,Desconhecido,CR,dev,4
556b76b37e6e,2,055739137d44,1,Desconhecido,DX,dev,0
5590d0f84fb4,2,7ebbeb00360b,1,Desconhecido,DX,dev,0
55a1e614cd5d,2,abcc964cbc4b,1,Desconhecido,DX,dev,4
55a582ddecc2,1,9c5062dc954a,1,Desconhecido,DX,test,-1
55b4ef57b6d4,1,e6fb93bff283,1,Desconhecido,DX,test,-1
55bdad0b3d6a,0,f0f01d06fde9,1,Desconhecido,CR,dev,0
55bf89ae74ea,0,b367c2bf6c2a,1,Desconhecido,DX,dev,0
55f9624fef0e,3,f35967802e20,1,Desconhecido,DX,dev,1
55fb3303c057,0,c049735b4c9a,2,Desconhecido,DX,dev,3
560781b7c2d4,1,1f4a399122d7,1,Desconhecido,CR,test,-1
560f5765abfc,2,e84b778a28a8,1,Desconhecido,DX,test,-1
561871085c06,0,74e2b8dff844,1,Desconhecido,CR,dev,4
5618efab082e,0,5817106f3b47,1,Desconhecido,CR,dev,2
5621dfc80f12,1,063ee0ab562f,1,Desconhecido,DX,dev,4
5623a3a86114,1,605f64a791e0,1,Desconhecido,DX,dev,2
562b773e21da,1,e8e52981bbd0,1,Desconhecido,DX,dev,3
565cf7dfcce7,1,e67b37cf3f8a,1,Desconhecido,CR,dev,2
56688f5bde5c,1,8de39bc8be7e,1,Desconhecido,DX,dev,2
566c4bfc22a4,1,1c2eb2b12adc,1,Desconhecido,DX,dev,1
5670a4a4364f,1,2a815de0456f,1,Desconhecido,CR,test,-1
568691cc04c4,1,4b89a8564def,1,Desconhecido,CR,dev,1
56a69969ec4c,0,8600f0b54997,1,Desconhecido,CR,dev,1
56a6a370c80f,0,ace7f5a6155d,1,Desconhecido,CR,dev,2
56b13bf13955,2,5df011a7f97a,1,Desconhecido,CR,dev,3
56b6e4918d92,0,4da1cf674567,1,Desconhecido,CR,test,-1
56d12d33d79a,2,88daefcc5f8a,1,Desconhecido,DX,test,-1
56ec96b96a1c,1,bd60b87284a0,1,Desconhecido,DX,dev,3
56fe338adcca,0,cb55c8ac7ac9,1,Desconhecido,DX,dev,2
5706623a8069,1,fb7fbd39d51a,1,Desconhecido,DX,dev,3
57081e4ab3b1,0,566d1e386266,2,Desconhecido,CR,dev,2
570d6703b8bd,1,231d8a174f5b,1,Desconhecido,DX,dev,3
570e81ad62f3,2,71d6f50a3413,1,Desconhecido,DX,dev,3
570fd6af9eab,1,fba4a42c2991,1,Desconhecido,CR,dev,3
5713d12d8b1a,1,0d3b35ffc195,1,Desconhecido,CR,test,-1
57465ec1be57,2,9bd22744ceb6,1,Desconhecido,CR,test,-1
5753677905c4,0,b0a13eced51f,1,Desconhecido,DX,dev,1
5756aa070207,1,7ffcecf526f9,1,Desconhecido,DX,dev,3
5758d3fadf95,0,1b5d736cac50,1,Desconhecido,CR,dev,2
576f2da16c19,1,79f0ca145ee3,1,Desconhecido,CR,test,-1
5772159e2645,1,aff88ffde439,1,Desconhecido,CR,dev,4
5776db0cec75,1,dcc3fdf6426a,1,Desconhecido,DX,test,-1
57776e62829f,0,bd957a8ad161,1,Desconhecido,DX,dev,0
5782cc9e623e,0,be2d47c9a9d2,1,Desconhecido,CR,test,-1
57850405120c,1,a1afd12065c8,1,Desconhecido,CR,dev,1
57915fbd41fe,0,d32c46dfecc8,1,Desconhecido,DX,dev,1
57b5cc0c0645,1,9e25e552e86f,1,Desconhecido,CR,dev,3
57ca1820340c,0,c4e21ae444d2,1,Desconhecido,CR,dev,1
57d4f4a417d0,0,a38b1beb32fe,1,Desconhecido,DX,test,-1
57de5c3c19e7,1,93dca8fa3d84,1,Desconhecido,DX,test,-1
57de882902fc,1,ef7ff5241e5f,1,Desconhecido,CR,dev,4
57dfecfd86ff,2,17d7116f0288,1,Desconhecido,DX,dev,1
57f81b7f45cf,0,e434fa82a6dc,1,Desconhecido,CR,dev,4
58072ae8b0f0,1,040b2406c044,1,Desconhecido,CR,dev,2
582562f90e88,1,52552de44397,1,Desconhecido,CR,dev,0
583b8489646f,0,371b18536942,1,Desconhecido,CR,dev,1
583f34f5d5fc,0,b1dfaf2b7525,1,Desconhecido,DX,dev,3
5840fda24291,1,6ec474836dc8,1,Desconhecido,DX,dev,0
5846e5cc51a2,0,9ce87529582c,1,Desconhecido,DX,dev,1
58501082c63a,1,d6604947c9e6,1,Desconhecido,DX,dev,4
5861e8681425,1,6879f74cc1d7,1,Desconhecido,CR,dev,0
586d54b2a31a,0,261fcb694f28,1,Desconhecido,CR,dev,2
587699c00f43,2,d6cee6b6b300,1,Desconhecido,DX,dev,3
588b613b92af,0,e7d796b04c67,1,Desconhecido,CR,dev,4
58ad7c132f66,0,63436eacdd1c,1,Desconhecido,CR,dev,3
58bd213f054f,0,bd1a97560001,2,Desconhecido,CR,dev,2
58c8cb4271bf,1,8721af638f6e,1,Desconhecido,CR,dev,3
58cc074e38da,3,58c6821f4ceb,1,Desconhecido,CR,dev,3
58cdb064230f,1,e012ac2be4e4,1,Desconhecido,CR,test,-1
58d5ab9533de,0,7f160b9f649f,1,Desconhecido,DX,test,-1
58fd19f3e555,1,4c68a64b3c26,1,Desconhecido,DX,dev,1
58ff60a8bc71,1,f09e610064f0,1,Desconhecido,DX,dev,2
59227e05796e,0,cc9f3f265cf0,1,Desconhecido,CR,dev,2
59289712b7a7,1,67b977fa44cd,1,Desconhecido,DX,dev,4
5940fcdf4bd7,0,d13acbcceeec,1,Desconhecido,DX,test,-1
5947be3fea54,2,cf0161ba0c48,1,Desconhecido,DX,dev,3
594b6a49d2ea,3,81eb41b03f7b,1,Desconhecido,DX,dev,0
594b82058ccd,2,52edcbae5dfd,1,Desconhecido,CR,dev,4
5950302be053,0,0e27fe8e8550,1,Desconhecido,CR,test,-1
595bebeca884,1,969da237d3ce,1,Desconhecido,DX,test,-1
5970de40ff73,3,fcd0ad806faa,1,Desconhecido,DX,dev,3
597671ef6252,0,785237c0c9f1,1,Desconhecido,CR,dev,1
5979bc664c1d,3,c9cae90b43ed,1,Desconhecido,DX,dev,1
597c9cbb19c4,1,bbd8c5f86238,1,Desconhecido,CR,test,-1
597f5f3f8751,1,3b746404b150,1,Desconhecido,DX,dev,4
598b2841a3d5,1,d5bc9dbc3295,1,Desconhecido,DX,dev,1
599645fe1eb3,0,407b4fddd761,1,Desconhecido,DX,dev,2
59a91c5701e6,1,c9a36a2579d2,1,Desconhecido,CR,dev,4
59ab0bb7cd92,0,e7251bb07974,1,Desconhecido,DX,dev,4
59ae5885f26b,0,fdc0b937c9d6,1,Desconhecido,DX,test,-1
59be4450dac0,0,b94ba9ae3adb,1,Desconhecido,CR,dev,0
59cb862d37e1,1,cfd5c6796a30,1,Desconhecido,CR,dev,0
59d10129bc08,1,dfe0950719d7,2,Desconhecido,CR,dev,0
59e10fae4c81,1,d2fae0193a7f,1,Desconhecido,CR,dev,0
59e137176570,0,baa5f04c3ead,1,Desconhecido,DX,dev,4
59e43e0b66a9,0,543c26642e73,1,Desconhecido,DX,dev,3
59e4e0a44793,0,4a16f8a3534f,1,Desconhecido,CR,test,-1
59e919e7c9b9,3,07e676aaa82c,1,Desconhecido,DX,test,-1
59f38b6e1b6b,1,e15e95f68eb9,1,Desconhecido,CR,dev,2
5a0e35234db3,2,be167771bef5,1,Desconhecido,DX,dev,2
5a1b6052355e,1,2ec4f30503e7,1,Desconhecido,CR,dev,1
5a23fa5717a3,1,d0530b1d5252,1,Desconhecido,CR,dev,4
5a249578cf8e,0,df687a7edcb2,1,Desconhecido,DX,dev,1
5a37eccaeb4e,0,e11a820ff077,1,Desconhecido,DX,dev,1
5a40b5567ce8,2,d7a65f20d376,1,Desconhecido,CR,dev,3
5a642870b814,2,a1afd12065c8,1,Desconhecido,CR,dev,1
5a7ed16af4f1,2,f1eb548b0d4e,1,Desconhecido,CR,test,-1
5a8415bb7316,1,fcf7a3266b56,1,Desconhecido,CR,test,-1
5a869900cfef,1,d2ce2d02d88f,1,Desconhecido,CR,dev,4
5a8eabd0dfbd,1,a1afd12065c8,1,Desconhecido,CR,dev,1
5a9ef6342497,0,2e65b3d7c12c,1,Desconhecido,DX,dev,0
5aab89012cc2,1,b19b609f7011,1,Desconhecido,DX,dev,0
5ab0afad9234,0,b798c03a7bc0,1,Desconhecido,CR,dev,1
5ab46852e359,1,8ed6fd5d6cc4,1,Desconhecido,CR,dev,2
5abc0730eea5,1,ea41d3ab2c08,1,Desconhecido,CR,dev,1
5abe8ebed81b,0,6e30c774c0c5,1,Desconhecido,DX,test,-1
5ae77db07c44,2,758ee194ac9e,1,Desconhecido,CR,dev,0
5b059ef0f8ee,1,89e957d0100b,1,Desconhecido,CR,dev,0
5b0997becf49,3,f0bbfc2f1a9f,1,Desconhecido,DX,test,-1
5b09e5efc537,3,3370135974d4,1,Desconhecido,CR,dev,1
5b1912a3bd37,1,2bd3b9895dcc,1,Desconhecido,DX,test,-1
5b1ff168e29c,1,6817e87fae8b,1,Desconhecido,CR,test,-1
5b380012edfc,1,63a777c3f9ad,1,Desconhecido,DX,dev,1
5b399e31d07f,1,5f401b044581,1,Desconhecido,CR,dev,2
5b4320cfadc4,1,ed2a5cbb5f42,1,Desconhecido,CR,dev,4
5b5889f8e4b7,1,d7f79c5f677a,1,Desconhecido,CR,dev,4
5b65a69885b6,1,fabbc2d34526,1,Desconhecido,DX,dev,4
5b96a28a5ae7,1,7dd1c7e4f744,1,Desconhecido,CR,dev,4
5baf929549c6,1,14daee2203e6,1,Desconhecido,CR,dev,1
5bbc4574f4ac,1,edfd7d4fa095,1,Desconhecido,CR,dev,4
5bbefa3819bb,2,c7e5647679e6,1,Desconhecido,CR,dev,3
5bc2b00f611e,1,02cf6aa8b2b7,1,Desconhecido,CR,dev,4
5bcc368d5cf4,1,24fc1c392d7c,1,Desconhecido,CR,test,-1
5bd7e722e24f,1,7f79347b23e3,2,Desconhecido,CR,dev,1
5bdba76b41dc,1,0b06cd4aabcf,1,Desconhecido,CR,test,-1
5be2cf346b1e,1,d8efa815cd52,1,Desconhecido,DX,test,-1
5bea77df76eb,0,d350ae07ce1c,1,Desconhecido,DX,dev,0
5bf41934ee84,1,6fb79b900a39,1,Desconhecido,CR,test,-1
5c0600fb1828,1,703047a69db3,1,Desconhecido,CR,test,-1
5c20d46146b3,2,34c58626cc80,1,Desconhecido,DX,dev,4
5c3c9a303c13,0,f714f8eb7ef3,2,Desconhecido,DX,dev,2
5c49c043d4dc,0,4bfc504bafeb,1,Desconhecido,DX,test,-1
5c4a2ed04ff9,1,baa5b74a7511,1,Desconhecido,DX,dev,2
5c4e0bef2cc6,1,7219f0498e68,1,Desconhecido,DX,dev,2
5c552652df5b,1,0d3b35ffc195,1,Desconhecido,CR,test,-1
5c5a8fe1d563,0,7d8c306f0814,1,Desconhecido,DX,dev,0
5c63bdd7a0a7,1,d0bd8fe98fb9,1,Desconhecido,CR,dev,0
5c67abd0b49f,1,1c3d616b77cb,1,Desconhecido,DX,dev,1
5c6b722a9a82,1,f6bccd09dc3b,1,Desconhecido,CR,dev,2
5c723c3fbaaf,3,5770e096e802,1,Desconhecido,CR,test,-1
5c973dc7d507,0,37eb7d5b8026,1,Desconhecido,DX,test,-1
5c97fb42f06e,1,1705883b60c9,1,Desconhecido,CR,dev,3
5cb7b038e5fb,0,f721584043cc,1,Desconhecido,DX,test,-1
5cc093e8283c,2,7b88fa820751,1,Desconhecido,CR,test,-1
5cd6a7ebb37f,0,4c140a8aa842,1,Desconhecido,DX,dev,2
5cd760576bae,2,892b894f9d7f,2,Desconhecido,CR,test,-1
5cdce999597c,0,9af1068e4474,1,Desconhecido,CR,test,-1
5cf8c5e5aa23,2,e842dce93324,1,Desconhecido,CR,dev,3
5d09203da3ba,1,e69c9c7cf176,1,Desconhecido,DX,dev,1
5d0e25241be9,1,3b749c542357,1,Desconhecido,DX,test,-1
5d3619fd4540,2,dee28c884ddb,1,Desconhecido,DX,dev,2
5d5f5f5ec586,1,605f64a791e0,1,Desconhecido,CR,dev,2
5d66b2f4c8e0,1,043374e4a00c,1,Desconhecido,CR,dev,0
5d69d8191cf3,2,96afd462105b,1,Desconhecido,DX,test,-1
5d786634f354,1,52552de44397,1,Desconhecido,DX,dev,0
5d7a01890cb6,1,52552de44397,1,Desconhecido,DX,dev,0
5d8bf0fa1ec0,0,fc412fb2e468,1,Desconhecido,DX,dev,1
5da4d16b2360,1,17b0b4ffd2b0,1,Desconhecido,DX,test,-1
5dbe5d09d8b4,3,5356ccf08e15,1,Desconhecido,DX,dev,1
5dbf6c96a74f,0,f92b65a1dfe1,1,Desconhecido,CR,test,-1
5dcdd4c77f15,1,7655a9dadd65,1,Desconhecido,DX,dev,3
5de1720c253f,0,014930fc25d9,1,Desconhecido,CR,dev,0
5df3682bc713,0,80cf2f5a3046,1,Desconhecido,CR,dev,1
5df38a03c35b,0,b1755fa9419d,1,Desconhecido,CR,test,-1
5dfc819491fb,1,319f8b140d33,1,Desconhecido,CR,dev,3
5e0bd92365e0,1,6fb79b900a39,1,Desconhecido,CR,test,-1
5e15393e8483,0,5fd83f3f15c1,1,Desconhecido,DX,dev,2
5e1e833afeeb,0,b9ec2b05b2ac,1,Desconhecido,DX,dev,4
5e22d4f43674,1,33ff340c5cc8,1,Desconhecido,CR,dev,4
5e37afd04281,2,15553ae4f557,1,Desconhecido,CR,test,-1
5e3842ff3457,1,1cfc66ec23e5,1,Desconhecido,DX,dev,2
5e3a04aec6df,1,c383cbf78b2f,1,Desconhecido,CR,dev,2
5e49ef10d04e,2,8ea097baf508,1,Desconhecido,CR,test,-1
5e543578feff,2,cd764be4caf4,1,Desconhecido,CR,dev,2
5e5b8469395d,2,ce414b284299,1,Desconhecido,CR,dev,1
5e5bee2f9f08,2,a2924c96a73b,1,Desconhecido,CR,dev,4
5e64e42f9b10,0,e1c186424838,1,Desconhecido,CR,dev,0
5e7386e9b570,1,893b8dde2e7e,1,Desconhecido,DX,dev,3
5e7e2e3b20f3,2,a7f4ae3154ac,1,Desconhecido,DX,dev,1
5e811e5fa7a8,3,77b32ecb3f7e,1,Desconhecido,CR,dev,1
5e8554463272,3,58d0a357e54b,1,Desconhecido,DX,dev,1
5ea54f3cfdbb,3,3fd7e1382c79,1,Desconhecido,CR,dev,4
5eb39b25e6a2,1,f7ec05364018,2,Desconhecido,CR,dev,1
5ebc6a206211,0,89f51bb33053,1,Desconhecido,CR,dev,4
5ec612c367ed,0,b9c5ab49c1f5,1,Desconhecido,CR,dev,2
5eca9e1472e6,0,62a4c15f86f0,1,Desconhecido,CR,dev,1
5ee57e4e2a9a,2,aa7b530b3811,1,Desconhecido,CR,dev,2
5ef72546790a,3,fcd0ad806faa,1,Desconhecido,DX,dev,3
5f0bc1dfa0f3,2,0d6b8fb72ed7,2,Desconhecido,CR,dev,2
5f101534e80d,1,56f159901817,1,Desconhecido,CR,dev,3
5f159e65db5b,1,7108291094f0,1,Desconhecido,DX,dev,0
5f1d8846918f,0,86ad9a419e62,1,Desconhecido,DX,dev,1
5f214fc89978,1,95f528ce6bf8,1,Desconhecido,DX,dev,3
5f23e39538df,1,e640e7f15f8a,1,Desconhecido,DX,dev,2
5f262d843e38,1,89e957d0100b,1,Desconhecido,DX,dev,0
5f4a1c18f73a,1,040b2406c044,1,Desconhecido,CR,dev,2
5f68d62a53b2,3,e3511cf205c0,1,Desconhecido,CR,dev,4
5f71657bb13c,0,447923cdb967,1,Desconhecido,DX,dev,3
5f72cd51c9d9,1,e37618fd88da,2,Desconhecido,CR,dev,2
5f866897e480,2,eef13555a7d6,1,Desconhecido,CR,dev,3
5f893a168417,1,48d5567c518e,1,Desconhecido,CR,dev,1
5f9127732aa5,0,babb6476c148,1,Desconhecido,CR,dev,3
5f91c6b4a523,2,3fd806da1687,1,Desconhecido,CR,dev,3
5f9315239590,0,199545685cb4,1,Desconhecido,DX,dev,4
5f99c94e4596,1,f4930068154f,1,Desconhecido,DX,test,-1
5fcb8bc7513c,0,7d1db72ee120,1,Desconhecido,DX,dev,0
5feca335d13a,0,ea0df838d7c2,1,Desconhecido,DX,test,-1
5ffacabcbf60,1,fa6d923c6f18,1,Desconhecido,DX,dev,0
600ab69570f2,2,18581953a667,1,Desconhecido,CR,dev,0
601e2cbcc9f7,0,9dc027e15cc4,1,Desconhecido,CR,dev,4
6024ccb28c47,0,b22129c1aa27,1,Desconhecido,DX,dev,0
602ee70cb61a,1,7d6f3c598d18,1,Desconhecido,DX,dev,2
6039f7ffcc5a,1,e7a495b1e121,1,Desconhecido,DX,dev,3
604e3942c322,0,76ae9d45bda6,1,Desconhecido,DX,dev,2
604f2e522f10,0,481937660b40,1,Desconhecido,CR,test,-1
6051b9586e00,2,3681b3db3ecc,1,Desconhecido,DX,test,-1
60554eada6af,3,d003f3672881,1,Desconhecido,DX,dev,4
60582c2b6793,1,0a7e3ec792f9,1,Desconhecido,CR,dev,3
605a4e81d716,3,b69732827453,1,Desconhecido,CR,dev,2
605f27e6f20a,1,925e9253a722,1,Desconhecido,DX,dev,4
6065262d57c0,0,74ea48b40309,1,Desconhecido,CR,dev,0
606f749a9152,1,cebf14ff967e,1,Desconhecido,CR,dev,3
608311337d65,1,bd8a3988b053,1,Desconhecido,DX,dev,0
608c09cf07eb,2,decb19563101,1,Desconhecido,DX,dev,1
60b01c86e9c8,1,b367c2bf6c2a,1,Desconhecido,CR,dev,0
60b307a1d9c7,0,f9c2b55cfb33,1,Desconhecido,DX,dev,0
60b889344085,0,f24e3d0d53f0,1,Desconhecido,CR,dev,2
60b93b323c5b,1,ff57de455562,1,Desconhecido,DX,test,-1
60c01627cfff,1,6bcad66a9a8b,1,Desconhecido,CR,test,-1
60c48b8bbf79,0,ffcb74f2fae5,1,Desconhecido,CR,test,-1
60c6d93dbf6b,0,1c3d616b77cb,1,Desconhecido,DX,dev,1
60cdc5f41222,1,27ef98343527,1,Desconhecido,DX,dev,0
60e1338439e7,1,6ad38b698b65,1,Desconhecido,CR,dev,1
60ee48e72980,1,00b93bf28bd3,1,Desconhecido,CR,dev,2
60f2bf33d1b1,0,e884798e8c29,1,Desconhecido,DX,dev,1
60f874bde211,1,f321524858eb,1,Desconhecido,CR,dev,4
61007125e8a1,1,04e9e2793a90,1,Desconhecido,DX,dev,3
610b0e29d87a,0,8539786ccf90,1,Desconhecido,DX,dev,2
6126faf783af,1,fd69141fc637,1,Desconhecido,DX,dev,1
612b94363f39,2,0f543d0ff47e,1,Desconhecido,DX,test,-1
612db6880c2d,0,f7c757c4373b,1,Desconhecido,DX,dev,1
612ea5194007,0,73d0433935be,1,Desconhecido,CR,dev,0
612f28c33ac0,2,f3a1b7001b00,1,Desconhecido,CR,dev,2
6133f90e9453,2,e5a04613b0bc,1,Desconhecido,CR,dev,0
614be300927d,1,4c68a64b3c26,1,Desconhecido,DX,dev,1
616a679a7380,2,ff8df884027e,1,Desconhecido,CR,dev,3
616ec28bcb52,1,f2c6e2480fa2,1,Desconhecido,CR,dev,3
617fdae2aaa1,0,e884798e8c29,1,Desconhecido,DX,dev,1
618056db0875,0,1d6f02b7c508,1,Desconhecido,CR,dev,1
6188756af06d,1,0f1ebea3960e,1,Desconhecido,DX,dev,0
618e7671d9c2,1,1b0fe266a5a5,1,Desconhecido,DX,dev,0
619a6ab0ef11,0,dbc88e2f0c4b,1,Desconhecido,CR,dev,1
619a7e7565ff,1,03d6cf994a7b,1,Desconhecido,CR,dev,4
61a2545926a4,2,1b5d736cac50,1,Desconhecido,DX,dev,2
61bfc6b7b0a8,0,d5bc9dbc3295,1,Desconhecido,DX,dev,1
61ef666e618e,2,b29ead4a2c82,1,Desconhecido,CR,dev,3
61f2e71f6a8f,3,ebbb51f4dddd,1,Desconhecido,DX,dev,3
61f60b0f22a7,0,6eb9322c139c,1,Desconhecido,CR,dev,0
61f869d08130,1,e27e8bce600c,1,Desconhecido,DX,dev,1
61ff519046f4,1,86872a4d23b7,1,Desconhecido,DX,dev,1
620263ee0a6b,0,2e851e78453e,1,Desconhecido,CR,test,-1
620367287eaf,2,cc5c2ee2f7af,1,Desconhecido,CR,dev,3
620c3af8a678,2,42974169a22e,1,Desconhecido,DX,dev,0
6216290b4e0b,0,0590b30a75ab,1,Desconhecido,CR,dev,4
622b22589a30,2,31b31c5a387c,1,Desconhecido,CR,dev,2
623fd21cb286,0,f1fc4f6af8ca,1,Desconhecido,DX,dev,3
62416d8ec296,1,d889c8b0f43f,1,Desconhecido,DX,dev,2
62428c0ca6cb,1,2cdc4fd15a6a,1,Desconhecido,CR,dev,2
625715fb0b92,3,c37f8fc91914,1,Desconhecido,CR,test,-1
6262f05749d3,2,3946b136cceb,1,Desconhecido,CR,dev,2
6263c19334f8,0,d513311510c4,1,Desconhecido,CR,dev,2
626ee38b0f09,1,057ce34b5fca,1,Desconhecido,CR,test,-1
62754eaff473,1,0edc760b2b3f,1,Desconhecido,CR,dev,4
627a4fc2a0dc,0,ee8a9ac95432,1,Desconhecido,CR,dev,2
628ef26663bf,1,d6876a2c568b,1,Desconhecido,CR,dev,4
628fc5a824bb,2,8d10fdaaa177,1,Desconhecido,CR,dev,4
62afcd0adeea,1,e1bad407b5cc,1,Desconhecido,CR,dev,2
62c027794523,1,44123c7b0cba,1,Desconhecido,DX,dev,0
62d6d024bfe4,1,f74b75aa9ab7,1,Desconhecido,DX,dev,0
62ddc7a85907,3,1e2ad7ab7419,1,Desconhecido,DX,dev,3
62e395a60a64,2,6e0f4451e9be,1,Desconhecido,DX,test,-1
62eb85e2e37b,1,7013b4498815,1,Desconhecido,DX,dev,2
62f99ba1566f,0,b6b0061e6591,1,Desconhecido,CR,test,-1
6307a3323ce8,1,5fafbc5b7beb,1,Desconhecido,DX,test,-1
630d91f1b689,0,86ffdcd0ae78,1,Desconhecido,CR,test,-1
630e1c371a8b,1,4110940768a5,1,Desconhecido,DX,dev,0
631509ad3765,1,96328eb1dd02,1,Desconhecido,DX,dev,1
6317840e9b47,0,23dc6d4440c1,1,Desconhecido,DX,dev,3
6317ee51a84e,0,00e8c2fbb7fe,1,Desconhecido,DX,test,-1
6320290accf8,3,67054a44d746,1,Desconhecido,DX,test,-1
63313ccf753e,3,eb376745b279,1,Desconhecido,DX,dev,2
63343210e844,1,fe079469aa39,1,Desconhecido,DX,dev,1
633ad3666fe2,0,2a0baa5b80c3,1,Desconhecido,DX,dev,4
6354129bb2c3,1,9d5853b3e8e1,1,Desconhecido,CR,dev,2
635679335416,1,b2155ab1f2e1,1,Desconhecido,DX,dev,4
635afb883b30,2,70c847bdfe03,1,Desconhecido,DX,dev,3
635d2d618260,1,dbadd2ad032b,1,Desconhecido,CR,dev,4
637e273ff96d,1,1456cc807e93,1,Desconhecido,DX,dev,3
6381a181a92f,3,46be69fb7ff9,1,Desconhecido,CR,test,-1
638952ea0078,1,853cd4815445,1,Desconhecido,DX,test,-1
6395341ccdcf,0,4b1f6ac0d0fb,1,Desconhecido,DX,dev,4
63a1906b6403,0,d1823c11787d,1,Desconhecido,CR,dev,2
63a5cd71557d,1,27baf02a5111,1,Desconhecido,CR,dev,1
63a95293c73c,1,60c730e9d271,1,Desconhecido,CR,dev,0
63ba14ce106e,1,1b4c8715e5a9,1,Desconhecido,CR,dev,0
63ce3e6b048a,2,480078d65fbc,1,Desconhecido,CR,dev,0
63de1ceb55b8,1,0ea04c32796c,1,Desconhecido,CR,dev,3
63e0c8d32ca8,0,b13113e7fcb0,1,Desconhecido,CR,dev,2
63e24b10c016,1,de646608271b,1,Desconhecido,CR,test,-1
63efba9a923c,0,d7f6ff2a12e6,1,Desconhecido,DX,dev,2
63f0982859ed,1,53f310db13a6,1,Desconhecido,DX,dev,2
6407edd84e3d,1,1c2eb2b12adc,1,Desconhecido,CR,dev,1
64087d1a274d,1,9a14103dc730,1,Desconhecido,CR,test,-1
640fc90f4691,0,aafd9d92bd60,1,Desconhecido,CR,dev,0
642d8346f37a,1,3d67b79f767c,1,Desconhecido,CR,test,-1
642ffa5c3a59,0,e401e941f93b,1,Desconhecido,DX,dev,2
643670d4183c,0,036863ff08e7,1,Desconhecido,DX,test,-1
6441a00880e6,0,114d6bc94ffc,1,Desconhecido,DX,dev,2
644889784a23,0,7323c7864508,1,Desconhecido,CR,dev,4
64566b44c452,0,74047f0dad52,1,Desconhecido,DX,dev,1
645e83638252,0,f20b5a00d22a,1,Desconhecido,CR,dev,3
6461ec480223,0,b8afa3709110,1,Desconhecido,CR,test,-1
646a81833c37,1,742452a23086,1,Desconhecido,CR,dev,2
6480202c9a6a,0,9138ecfea597,1,Desconhecido,CR,dev,4
6482765c23b3,0,d1f25b2ab42f,1,Desconhecido,DX,dev,2
648d90c47364,2,37cdc7b034e3,1,Desconhecido,CR,dev,2
6493554b3069,3,ec3426e8a969,1,Desconhecido,DX,dev,4
64af5726691a,2,fdb087976b2f,1,Desconhecido,CR,dev,2
64c7b678ff33,3,7c52958ddbf0,1,Desconhecido,DX,dev,4
64c9a942dfac,1,8d10568171e9,1,Desconhecido,DX,dev,3
64ccc691d5b8,0,cced2b7cc080,1,Desconhecido,CR,dev,0
64def9970a5d,1,b69e5e9a1752,1,Desconhecido,DX,dev,4
64f0e6e828c0,2,78421badb14c,1,Desconhecido,CR,dev,3
64fe1afb0534,0,c46e832f0cde,1,Desconhecido,CR,dev,0
65113c3b3110,0,350c726368ca,1,Desconhecido,DX,test,-1
6517ef244d5c,1,5b8aaa936255,1,Desconhecido,DX,dev,4
653f6f5d4187,0,5a982dfb9702,1,Desconhecido,CR,test,-1
65442563a7ae,2,29a1cc33dad8,1,Desconhecido,CR,dev,3
6551dc773a4f,3,b3396b5842eb,1,Desconhecido,DX,dev,3
655298dad8ed,1,9d8fdd49c9ce,1,Desconhecido,CR,dev,1
6556bcef1015,1,9743a8cd1bb6,1,Desconhecido,CR,dev,1
6566073682bf,0,78ec1bbd784d,1,Desconhecido,DX,dev,0
6568580bafe6,1,2ba663d7d1b7,1,Desconhecido,CR,dev,0
6588e42c7051,2,cee591150c4a,1,Desconhecido,DX,dev,0
659e18eb801e,1,34ea97d7b411,1,Desconhecido,DX,dev,0
65a9ac85fb31,1,02cf6aa8b2b7,1,Desconhecido,CR,dev,4
65b2d542a83f,0,447923cdb967,1,Desconhecido,DX,dev,3
65b3a507767b,2,1cee09c54cde,1,Desconhecido,DX,test,-1
65b95a01d61c,0,e4a93cec744c,1,Desconhecido,DX,dev,2
65c91ba5fd2a,0,881e9faec6b2,1,Desconhecido,DX,dev,2
65e2a7b0905d,1,c1f34da91647,1,Desconhecido,DX,dev,0
65ead08a5f6b,2,5d069237840e,1,Desconhecido,CR,dev,1
65f08ae4ff13,0,2fb9c26831b0,1,Desconhecido,DX,test,-1
65f4bde8a785,0,840f59adc8cb,1,Desconhecido,CR,test,-1
66028624dad2,1,b6a899572ddd,1,Desconhecido,CR,dev,0
6618a84e2d7f,1,dafdda41456e,1,Desconhecido,CR,dev,3
6626a3e68101,1,ae4a8a957fcd,1,Desconhecido,CR,dev,1
664e9fb951a8,0,94cffbf88f3d,1,Desconhecido,CR,test,-1
66541affb82b,1,013bf5768ba6,1,Desconhecido,CR,dev,1
6677528753f7,3,3c8196aea2ed,1,Desconhecido,DX,dev,3
667fec5ebfa5,1,853cd4815445,1,Desconhecido,DX,test,-1
6681e5f3dd96,1,487d1d5a964e,1,Desconhecido,CR,test,-1
66a8b3010ac5,1,eb5a6898b902,1,Desconhecido,CR,dev,0
66b8524ee889,0,39b5241f62da,1,Desconhecido,CR,test,-1
66c34b9e2573,1,018226c47641,1,Desconhecido,CR,dev,0
66c8721f3b30,1,045fa90f978d,1,Desconhecido,DX,dev,0
66dd033c1bb2,1,ce20d782d6ed,1,Desconhecido,CR,dev,4
66de6285b672,1,745282febded,1,Desconhecido,CR,test,-1
66f126a8db9f,0,a6c7f4b9710e,1,Desconhecido,DX,dev,4
6703e8f113c4,1,2bebad4bf116,1,Desconhecido,CR,test,-1
670ad2fc8a1a,1,ba9d5644154c,1,Desconhecido,CR,dev,1
67196f1a10bd,1,80da6bfa77f3,1,Desconhecido,CR,dev,1
671c4ce69966,2,24fc1c392d7c,1,Desconhecido,DX,test,-1
671caa8e6113,1,853cd4815445,1,Desconhecido,DX,test,-1
6721bc35410d,2,c114a26a658e,1,Desconhecido,CR,dev,4
67248a9a20b2,1,ac472b72495e,1,Desconhecido,DX,dev,0
673aea73b37a,2,5a616457a0c6,1,Desconhecido,CR,test,-1
673e42f95093,3,cd827980e537,1,Desconhecido,CR,dev,0
673fa0edd187,3,2e54255ec3a8,1,Desconhecido,DX,dev,0
675662d319c7,2,a86b063436c8,1,Desconhecido,CR,test,-1
675cd455cdb8,1,f559f330761c,1,Desconhecido,CR,test,-1
675f6a17212d,2,bed0a0012eef,1,Desconhecido,CR,dev,1
6761361fb525,2,b794e6c540b9,1,Desconhecido,CR,dev,1
6764f0f90077,2,77bb27a56571,1,Desconhecido,CR,dev,4
678c19bc184b,0,4eeb1e8866d0,1,Desconhecido,CR,dev,3
678ff202ffd6,0,9e4e296197ba,1,Desconhecido,DX,dev,3
67b9fe4a0b03,0,8f5cd0698155,1,Desconhecido,CR,dev,3
67c1677a5fee,0,d6559c74aa93,1,Desconhecido,CR,test,-1
67c36705aa1d,0,fcb2ad0ff281,1,Desconhecido,DX,dev,4
67c47116767a,2,955f4a3db656,1,Desconhecido,CR,test,-1
67d55d17a48d,2,ec3426e8a969,1,Desconhecido,DX,dev,4
67d896636fe2,0,bfee767365cc,1,Desconhecido,DX,dev,1
67f18795f1c0,0,e782c13875d8,1,Desconhecido,DX,dev,4
67f888f04a67,0,f39b280de2ca,1,Desconhecido,DX,test,-1
681a1c6fa22d,1,e012ac2be4e4,1,Desconhecido,DX,test,-1
68370c4bcdc6,0,38e510db6e68,1,Desconhecido,CR,dev,0
6845d1fb4095,2,cd452e26bcb1,1,Desconhecido,DX,dev,4
686012381df9,0,6bf63466d9dd,1,Desconhecido,CR,dev,4
6863735553dd,1,fd05d4a71597,1,Desconhecido,CR,dev,2
686de7618a36,1,a35fc9da917b,1,Desconhecido,DX,dev,0
68711c5bfca0,0,519bf05b63d5,1,Desconhecido,DX,dev,2
6873d2c34118,3,14904643874d,1,Desconhecido,DX,dev,4
68797cbf2957,1,6fb79b900a39,1,Desconhecido,CR,test,-1
6884d06dc7dd,2,789adefce07f,1,Desconhecido,DX,dev,0
688b9316db30,1,4b89a8564def,1,Desconhecido,CR,dev,1
68912f28a690,0,7119c3afb7d4,1,Desconhecido,DX,dev,1
6891e96a910e,0,7db85e6b2af7,1,Desconhecido,DX,dev,1
6898ad24e154,1,9ec7f7ed065c,1,Desconhecido,DX,test,-1
689e8924cae3,0,fafd8e059ea7,1,Desconhecido,CR,dev,2
68a2f42e3800,1,1e128d5750e1,1,Desconhecido,DX,test,-1
68a7d37d581f,1,063ee0ab562f,2,Desconhecido,DX,dev,4
68a889e685a3,2,15c86a9e3c74,1,Desconhecido,DX,dev,2
68abb2be3ba4,1,80da6bfa77f3,1,Desconhecido,CR,dev,1
68ac87c18bf4,1,c186bcfeecdc,1,Desconhecido,CR,test,-1
68adf82510a6,2,e57566ab632e,1,Desconhecido,DX,dev,4
68b2e448f6ec,0,b01dd59f44d5,1,Desconhecido,DX,dev,4
68be8460c512,0,55a564259068,1,Desconhecido,DX,dev,3
68cfbb3d0757,0,c6c98751c8c6,1,Desconhecido,DX,test,-1
68d167b7ed15,1,e7e3746d18b8,2,Desconhecido,DX,dev,2
68d1b3e6d222,1,6bcad66a9a8b,1,Desconhecido,CR,test,-1
68d7d715efe4,0,7783bac653d7,1,Desconhecido,DX,dev,3
68d9575beb22,0,acb30f066edc,1,Desconhecido,CR,dev,1
68da89574353,2,c077f83d9969,1,Desconhecido,DX,dev,0
68ebe7eadfc2,3,3980b7d127d8,1,Desconhecido,CR,dev,4
68edcbacd401,0,a98a70ef1a9b,1,Desconhecido,CR,dev,3
6909e8b953a5,1,d58cfbb586da,1,Desconhecido,DX,dev,2
690a40dcd44c,3,112e8c966f47,1,Desconhecido,CR,test,-1
690cdb1d60c0,0,562950d0b704,1,Desconhecido,DX,test,-1
690e42810486,0,356d800a0a10,1,Desconhecido,CR,dev,2
690edf59a68d,1,24c7687b286c,1,Desconhecido,CR,dev,1
6915678cdfd0,1,bd60b87284a0,1,Desconhecido,DX,dev,3
691577f28973,2,b87d6105fc57,1,Desconhecido,CR,dev,4
691a323878a5,2,55026c13ad3d,1,Desconhecido,CR,dev,4
6936f4616519,1,8bc81d34a826,1,Desconhecido,CR,dev,1
6944c794a369,3,f8a23c24ed16,1,Desconhecido,DX,test,-1
69584c7bb3f0,0,12f49cab40a0,1,Desconhecido,DX,dev,4
695e7da261a2,1,ca6c3c26713d,1,Desconhecido,CR,dev,4
696814af65d5,1,f23c4d6576d1,1,Desconhecido,DX,dev,1
698b5252a00b,0,3d56d9af28b5,1,Desconhecido,DX,test,-1
698ec439ea71,2,e7bc764034d7,1,Desconhecido,CR,dev,0
69900354fd02,0,fd516b27bcca,1,Desconhecido,CR,dev,3
699611aaa3b0,0,81aed44ed66d,1,Desconhecido,DX,dev,0
6996bc393596,0,1ed5f39cd4c1,1,Desconhecido,CR,dev,3
699f119d8555,1,fb8dd5b4c308,1,Desconhecido,DX,dev,4
69a933e0ed96,1,de87d363c886,1,Desconhecido,CR,dev,2
69aa502599b5,0,7db85e6b2af7,1,Desconhecido,DX,dev,1
69c0923dac41,2,7154ac93bbd1,1,Desconhecido,DX,dev,2
69ce4e6043bb,1,4c6c2c0efccc,1,Desconhecido,DX,dev,3
69dbd3e7c471,1,9ec7f7ed065c,1,Desconhecido,CR,test,-1
69e33b894532,1,6dac067ad119,2,Desconhecido,DX,dev,0
69f1fef9ba01,1,1d418d099444,1,Desconhecido,CR,dev,4
69f2bd2ac9ae,1,c846fb8005a5,1,Desconhecido,DX,dev,3
69f765c5e52f,0,fd686297a5d3,1,Desconhecido,DX,dev,0
6a034051a411,1,7868ff2a2fd4,1,Desconhecido,DX,dev,4
6a11242aa493,3,f7ba5497f11c,1,Desconhecido,DX,dev,2
6a160adfe649,1,e6021ae9eae5,1,Desconhecido,DX,dev,1
6a280e4917c1,1,3a1f82266300,1,Desconhecido,DX,dev,0
6a3350b438d8,0,e5daed8e1e2f,1,Desconhecido,DX,dev,0
6a41fee76a05,3,dbabe250f409,1,Desconhecido,DX,dev,2
6a5a23f659e2,1,80da6bfa77f3,1,Desconhecido,CR,dev,1
6a6071a3d542,2,c8fe6868fdb9,1,Desconhecido,DX,dev,1
6a66d06811e5,2,f11a0b6986dc,1,Desconhecido,DX,test,-1
6a69771d343d,2,6f07e149a223,1,Desconhecido,CR,dev,2
6a80b8290f19,1,86872a4d23b7,1,Desconhecido,DX,dev,1
6a91cf79b14b,1,935fc3a081c3,1,Desconhecido,DX,dev,1
6a9fa7dbed7c,3,bed0a0012eef,1,Desconhecido,DX,dev,1
6aa32e76f998,1,aebb52622517,1,Desconhecido,DX,test,-1
6aa858b14f3a,0,ed69edd4801a,1,Desconhecido,CR,dev,0
6aaadabe4cce,0,d235702897dd,1,Desconhecido,DX,dev,3
6ab55b9459a0,1,ed86bf3c2d83,1,Desconhecido,CR,dev,2
6ab6283bd80f,2,123e587ecbbe,1,Desconhecido,DX,dev,1
6abd595dc9ac,3,c964f501505b,1,Desconhecido,CR,dev,2
6ac13e0b0083,1,7d291a2c1a81,1,Desconhecido,DX,dev,4
6ac2e9a9f5a8,1,bc3f62033fe8,1,Desconhecido,CR,test,-1
6acbdc6c8bf2,0,fd922119ecb5,1,Desconhecido,DX,test,-1
6adfb7a6ead6,2,b19b609f7011,1,Desconhecido,DX,dev,0
6ae0779efffd,0,5efe8be1597a,1,Desconhecido,CR,dev,1
6ae8a88c4b0c,0,77bb27a56571,1,Desconhecido,CR,dev,4
6af84ed188fa,1,8397ec20c7e6,1,Desconhecido,CR,dev,4
6afb4796f4d2,2,2144808c5f44,1,Desconhecido,DX,test,-1
6afb7e8af8b3,0,f5d597a3c42e,1,Desconhecido,DX,test,-1
6b02afdf2444,1,94689379ae38,1,Desconhecido,CR,dev,2
6b05dd27c879,3,e99abd9f5055,1,Desconhecido,DX,test,-1
6b08e639593c,2,513c80a0c122,1,Desconhecido,CR,dev,0
6b0d54803cbd,0,a25ac55a2898,1,Desconhecido,CR,test,-1
6b16f7f2065b,2,dc6e7bbf57a7,1,Desconhecido,CR,dev,3
6b2000b1b002,1,099353fc3f5d,1,Desconhecido,DX,test,-1
6b20523f5b0c,0,cdd83c4ddb59,1,Desconhecido,CR,dev,2
6b25cd407849,1,8a2a458399a6,1,Desconhecido,CR,dev,3
6b2ca1539348,1,d2f26991e122,1,Desconhecido,DX,dev,2
6b35b67f1608,0,eecf56102f4a,1,Desconhecido,DX,dev,0
6b3dd41dcac9,2,7a5e61129970,1,Desconhecido,CR,dev,4
6b50ada2cbef,0,a03014733bd1,1,Desconhecido,DX,dev,2
6b6fb3d09a4b,0,045e72d7761e,1,Desconhecido,DX,test,-1
6b79708051f2,3,ac9febca6d7b,1,Desconhecido,DX,test,-1
6b9b82594fcd,3,cd50db038170,1,Desconhecido,CR,dev,1
6ba3acc30c1a,2,bf7a35616fe7,1,Desconhecido,DX,dev,0
6ba5b0037757,0,d6fa1d181e54,1,Desconhecido,DX,dev,4
6bb07353d102,1,d0530b1d5252,1,Desconhecido,DX,dev,4
6bb38a2b98f0,1,fabbc2d34526,1,Desconhecido,DX,dev,4
6bc01f9a44a5,1,4c6c2c0efccc,1,Desconhecido,DX,dev,3
6bcbed37c98e,1,fc82c70bee4e,1,Desconhecido,CR,test,-1
6bcea66a71ed,1,f81fcb47cb44,2,Desconhecido,DX,dev,3
6bd25e34b9bf,2,84ab9b45ec35,1,Desconhecido,DX,dev,1
6be70540f49b,2,55c83dc192c3,1,Desconhecido,DX,test,-1
6be8198c605e,3,ff480e0e7928,1,Desconhecido,DX,dev,4
6bf7b5faae33,0,d6e033190fd6,1,Desconhecido,CR,test,-1
6c006803be4a,0,352af25a23b1,1,Desconhecido,DX,test,-1
6c24f49a9da0,0,b69e5e9a1752,1,Desconhecido,CR,dev,4
6c30f2ff1a9f,1,fabbc2d34526,1,Desconhecido,DX,dev,4
6c38af5d08ab,0,f5d542748a22,1,Desconhecido,CR,dev,2
6c38df41eb22,0,f25bdb42e402,1,Desconhecido,CR,test,-1
6c5894699b1b,2,e1d06f8ba7eb,1,Desconhecido,DX,dev,1
6c7342c4e585,0,0f9badaab900,1,Desconhecido,CR,dev,0
6c7422f3cd88,2,4f5fdf17e652,1,Desconhecido,DX,dev,1
6c78db9456a5,1,b10406eecc59,1,Desconhecido,CR,dev,4
6c8c491670c7,2,cd26c6ef21b1,1,Desconhecido,DX,test,-1
6c8f1d37069b,2,e21f81d7be19,1,Desconhecido,CR,dev,4
6c94a17753d5,0,abb713ea5760,1,Desconhecido,CR,dev,2
6c9bc782c2d2,1,3d67b79f767c,1,Desconhecido,CR,test,-1
6ca510d3e776,1,c5282a2cf845,1,Desconhecido,DX,dev,0
6cad5f4723bd,2,507cdefcfb12,1,Desconhecido,DX,dev,0
6cb62181e4d4,1,fbaf3fa69133,1,Desconhecido,DX,dev,0
6cd0d5caa9b0,1,226f0e834906,1,Desconhecido,CR,dev,0
6ce204b37e48,3,e8e079a67e19,1,Desconhecido,DX,dev,1
6ce223a86ce2,1,b1ec667d6bf6,1,Desconhecido,CR,test,-1
6ce2a9142829,2,14ecb495519a,1,Desconhecido,DX,dev,2
6ce61dcd9de9,2,fc82c70bee4e,1,Desconhecido,CR,test,-1
6ce6dde1c9a9,3,411c8407e04a,1,Desconhecido,DX,dev,1
6ce999aa308f,0,3755143dca01,1,Desconhecido,CR,dev,1
6ceafcc1bebd,1,03593f8c7228,1,Desconhecido,DX,dev,1
6cef85af3be3,1,79f3500991ce,1,Desconhecido,DX,dev,3
6cf1c5a113d2,1,c846fb8005a5,1,Desconhecido,DX,dev,3
6d0e33569c4c,1,d0edc97e96d8,1,Desconhecido,CR,dev,4
6d10dfb48a68,0,7ff52af29343,1,Desconhecido,CR,dev,2
6d172472504c,1,e4ee5e342640,1,Desconhecido,DX,dev,4
6d33149a9d27,2,17b0b4ffd2b0,1,Desconhecido,DX,test,-1
6d3dfbb13276,0,d4dc78a2221d,1,Desconhecido,DX,dev,3
6d4475d67eb8,2,42717068cd0c,1,Desconhecido,CR,test,-1
6d6965af3f63,3,da7bc56c7d97,1,Desconhecido,CR,dev,1
6d6c79e08f6f,2,112e8c966f47,1,Desconhecido,CR,test,-1
6d735565d5e8,2,a6204ae40d71,1,Desconhecido,CR,dev,1
6d7efd97265f,0,df08525daffc,1,Desconhecido,DX,dev,0
6d83b6774b0a,1,1b000c0d4ea0,1,Desconhecido,DX,dev,1
6d918a401365,1,e1bad407b5cc,1,Desconhecido,DX,dev,2
6da07da4db19,0,f9ddd5530443,1,Desconhecido,DX,dev,3
6de130752a73,2,4c75e17c0192,1,Desconhecido,DX,dev,0
6de88cb78697,2,7b40e359648a,1,Desconhecido,CR,dev,1
6df28558048b,1,b42cd76cf4ea,1,Desconhecido,DX,dev,0
6e0870a1ca6f,1,955f4a3db656,1,Desconhecido,CR,test,-1
6e1722a9f612,1,ec3426e8a969,1,Desconhecido,DX,dev,4
6e1af908f926,1,66f8a858b1ce,1,Desconhecido,DX,dev,1
6e1e6e1f06d8,0,0782f59df095,1,Desconhecido,CR,dev,0
6e2036e14c7f,0,e893e721d6a0,1,Desconhecido,CR,dev,0
6e2814381ad5,1,5bf4e7d25406,1,Desconhecido,DX,dev,2
6e397c1d4ad8,1,66f518087465,1,Desconhecido,CR,dev,4
6e3e83089363,0,54e4d641edb9,1,Desconhecido,DX,dev,1
6e4a0581cefe,1,27ef98343527,2,Desconhecido,DX,dev,0
6e550fa78c6d,3,fe72b523bbaa,2,Desconhecido,DX,dev,3
6e6134fd2558,0,fd922119ecb5,1,Desconhecido,DX,test,-1
6e63af9d6140,1,e6021ae9eae5,1,Desconhecido,DX,dev,1
6e7239f0b71e,2,a2924c96a73b,1,Desconhecido,CR,dev,4
6e8a357027d8,1,3d1929a58067,1,Desconhecido,CR,test,-1
6ea0dfcfa927,1,88daefcc5f8a,1,Desconhecido,DX,test,-1
6ea453b90c6c,0,51fdf51994e3,1,Desconhecido,DX,dev,4
6ea8cbf6da87,1,579d35a73910,1,Desconhecido,DX,dev,2
6ead8a34ec98,2,3ec1f7679541,1,Desconhecido,DX,dev,0
6ebb85e3ec55,1,d9c6c7ae9b33,1,Desconhecido,DX,dev,3
6ebc9d6383f7,1,57c35a49a0fb,1,Desconhecido,CR,dev,0
6ebfc762aa01,1,6a09e02ef875,1,Desconhecido,DX,dev,1
6eda099db8d0,1,9ec7f7ed065c,1,Desconhecido,DX,test,-1
6ee4d806e567,2,bcf3aaa7a3ad,1,Desconhecido,DX,dev,0
6eec41aa515e,0,579d35a73910,1,Desconhecido,DX,dev,2
6ef10ae3338c,1,58d430577e19,1,Desconhecido,CR,dev,4
6ef4623ec771,1,112e8c966f47,1,Desconhecido,CR,test,-1
6f080807353a,1,46d949f2bddf,1,Desconhecido,CR,dev,0
6f0a11450459,3,7b28df3da87c,1,Desconhecido,CR,dev,3
6f198e82e6e1,2,bc99c4cabeca,1,Desconhecido,DX,test,-1
6f29d576794f,1,d30527e7e646,1,Desconhecido,DX,dev,1
6f2af770938f,2,7929c91fd1bf,1,Desconhecido,DX,dev,1
6f2c498c1bc1,1,e67b37cf3f8a,1,Desconhecido,DX,dev,2
6f43b168f0c8,0,4c46c9ea4b20,2,Desconhecido,CR,dev,1
6f60cbbdff62,1,1d0a703f190c,1,Desconhecido,CR,dev,1
6f6170503ca8,2,4c6c2c0efccc,1,Desconhecido,DX,dev,3
6f640d05c3b9,1,045fa90f978d,1,Desconhecido,DX,dev,0
6f6999ed34a6,0,3f8c61e62691,1,Desconhecido,CR,test,-1
6f6b38f256fb,1,dac780282886,1,Desconhecido,DX,test,-1
6f6cf201e2e9,1,a20de80e39c2,2,Desconhecido,CR,dev,1
6f82787b77a9,1,d77d555edb8f,1,Desconhecido,DX,dev,4
6f88ee365a75,1,605f64a791e0,1,Desconhecido,CR,dev,2
6fa9fa493dd8,2,85c88354c47d,1,Desconhecido,DX,dev,0
6fb902bf498b,1,9138ecfea597,1,Desconhecido,CR,dev,4
6fbf52de1577,0,c1ecb5406257,1,Desconhecido,CR,test,-1
6fc05a848fc4,1,49a3b4465b7d,1,Desconhecido,CR,dev,0
6fc44d8b4e7f,0,2849a2a09d62,1,Desconhecido,DX,test,-1
6fc799b585bc,2,b41eb81622cd,1,Desconhecido,DX,test,-1
6fc7c54a65f0,1,2b8de5ff3122,1,Desconhecido,CR,dev,4
6fcd121e2158,0,55a564259068,1,Desconhecido,DX,dev,3
6fcfdb41c627,3,eb200c9601d5,1,Desconhecido,CR,dev,0
6fd699f5e287,1,ff8df884027e,1,Desconhecido,CR,dev,3
6fda1242f5e1,1,9bc40cf12fd6,1,Desconhecido,CR,dev,0
6fdb93227268,1,03593f8c7228,1,Desconhecido,DX,dev,1
6fddebe03b95,1,c1f34da91647,1,Desconhecido,CR,dev,0
6fe13adf23a8,1,03d6cf994a7b,1,Desconhecido,CR,dev,4
6fe5d9760641,3,bb4b3412c61a,1,Desconhecido,CR,dev,4
6fecf0039e87,1,b63eb0b1e09c,2,Desconhecido,CR,dev,4
6ff3619ba762,1,f764a36fb7fe,1,Desconhecido,CR,dev,2
6ffc47a55a89,1,0702a760cbde,1,Desconhecido,CR,dev,2
700f8b64c2b3,0,f4cea382d9d1,1,Desconhecido,DX,dev,4
7015d3f8ad97,0,dad5c9c3ce84,1,Desconhecido,DX,dev,0
70181e40a550,1,bffacf523842,1,Desconhecido,DX,dev,2
7026a1d06acd,0,e588bfd7e565,1,Desconhecido,CR,dev,1
703862f77abc,0,1c06fe0944fd,1,Desconhecido,DX,dev,4
70506829e724,2,f372ba238117,1,Desconhecido,CR,dev,4
705ef7c40475,1,e5c77db0794f,1,Desconhecido,DX,dev,2
705f6121d2bb,1,84eb08c12b7d,1,Desconhecido,CR,dev,2
70623a0fc6da,1,d4c1ee42a9dc,1,Desconhecido,DX,dev,1
706310d67811,0,2d7e5ee2ccae,1,Desconhecido,DX,test,-1
7064f1df2a5a,1,bda05d376bec,2,Desconhecido,DX,dev,1
707be9bc8351,2,fa0faf7bc3de,1,Desconhecido,DX,test,-1
7082bf0562c7,3,e8e079a67e19,1,Desconhecido,DX,dev,1
70885f674bb7,1,70b4399c71ca,1,Desconhecido,CR,dev,2
708fe734309c,1,9e63529b0924,1,Desconhecido,CR,dev,4
70946a30bc87,1,57464d91d60f,1,Desconhecido,CR,dev,2
70968f0162f7,3,f9319d151427,1,Desconhecido,CR,dev,2
70997208bbc3,0,2c8772e79096,1,Desconhecido,CR,dev,3
70a770a53304,1,dac6c4ef8953,1,Desconhecido,CR,dev,4
70b6d1d277c1,1,afa27b4ced0a,1,Desconhecido,CR,test,-1
70be99eea85c,0,654a3a241dc5,1,Desconhecido,DX,test,-1
70bf1155c5c4,1,d9aaab8884f8,1,Desconhecido,DX,dev,1
70c36a2a918d,1,26d9c6f8fc0e,1,Desconhecido,CR,dev,2
70c5a1b111b9,1,5f5909e1bad5,1,Desconhecido,DX,dev,4
70c618283981,1,eff59fa6a4af,1,Desconhecido,CR,test,-1
70db5f349b02,0,bc2d8726e2de,1,Desconhecido,CR,dev,3
70e4e4031f99,0,c8baa6d80690,1,Desconhecido,CR,dev,3
70f5cd25f41c,2,dc3a2aa0214d,1,Desconhecido,DX,test,-1
70ff97e1af81,3,bb4b3412c61a,1,Desconhecido,CR,dev,4
71043aaa32c1,1,a420c6ec21c2,1,Desconhecido,CR,dev,1
711e04fc0ec1,1,823567e5fa98,1,Desconhecido,DX,dev,2
712a74acd2da,0,18e650b4d03b,1,Desconhecido,DX,dev,1
713c1dacba37,0,0a087c4838b5,1,Desconhecido,DX,dev,0
7143ac3d6c02,0,c81a599fa930,1,Desconhecido,DX,dev,0
7145f6e09e86,0,1395933e22b3,1,Desconhecido,CR,dev,3
714f28824757,1,6f3cf24229a4,1,Desconhecido,CR,dev,3
7154fd5f147c,0,884ecc366cfa,1,Desconhecido,DX,dev,3
716d94e2d49c,3,36e492de9e13,1,Desconhecido,DX,dev,3
717649076168,1,a893a9715fa4,1,Desconhecido,DX,dev,1
718e884695bc,2,2cdc4fd15a6a,1,Desconhecido,CR,dev,2
71d1bdc6e89d,2,7807dc00fbfa,1,Desconhecido,CR,dev,3
71d38facca55,0,d1b012958f4d,1,Desconhecido,DX,test,-1
71d4e9b630fb,1,5b5d626bff0b,1,Desconhecido,CR,dev,2
71d83087844c,0,9b80d7fccf5d,1,Desconhecido,DX,dev,4
71dad6eccd07,1,0590b30a75ab,1,Desconhecido,CR,dev,4
71e052c9da68,3,ae91be1d718c,1,Desconhecido,CR,dev,0
71f56b6a5589,1,5bf4e7d25406,1,Desconhecido,DX,dev,2
71fb5ea71283,1,cdd9f17219ae,1,Desconhecido,CR,dev,3
72044bb44d41,1,44123c7b0cba,1,Desconhecido,DX,dev,0
72096a738cea,3,a9cf84ed0ad3,1,Desconhecido,DX,dev,0
720fb67abb1e,1,f63778df0346,1,Desconhecido,DX,dev,4
7213dcc54526,2,247b21940e16,2,Desconhecido,DX,dev,4
7222149ad319,1,2cdc4fd15a6a,1,Desconhecido,CR,dev,2
72307dd985e6,0,31d35cd05f74,1,Desconhecido,DX,dev,2
72425b393845,0,babb6476c148,1,Desconhecido,CR,dev,3
7249de10ed69,3,7d2d25154699,1,Desconhecido,DX,dev,4
724d6bc409ed,0,148d70fca16a,1,Desconhecido,DX,dev,4
72514d63484f,0,8539786ccf90,1,Desconhecido,DX,dev,2
726c53df6609,2,e216627601e0,1,Desconhecido,DX,dev,3
726e81c6c735,0,90299db246f4,1,Desconhecido,DX,dev,2
727cdd8777b6,1,6c8c4a9c6798,1,Desconhecido,DX,dev,3
7282d136726d,0,e193f0a63f61,1,Desconhecido,CR,dev,3
72844dad85ba,1,d350ae07ce1c,1,Desconhecido,CR,dev,0
729a96c67c8c,1,f49f0644429a,1,Desconhecido,CR,dev,3
72b5ff80fa42,2,fe0107906378,1,Desconhecido,CR,dev,1
72c48e3d0100,1,ea91249b8de5,1,Desconhecido,CR,dev,4
72d02af1f658,1,d77b25369857,1,Desconhecido,DX,dev,1
72f57941bed3,2,bfbb4c1f0aa8,1,Desconhecido,CR,dev,2
72fd9281e709,2,a337366e55d0,1,Desconhecido,CR,test,-1
73049129c53a,1,cc5c2ee2f7af,1,Desconhecido,CR,dev,3
73077ed6c5ca,1,70b4399c71ca,1,Desconhecido,CR,dev,2
730aca6abf73,2,c0671853504f,1,Desconhecido,CR,dev,1
730dde2edfc7,1,bdf90c57e666,1,Desconhecido,CR,dev,1
731f38a54d39,0,4b5d31360908,1,Desconhecido,CR,dev,0
7320a49281fb,3,a35fc9da917b,1,Desconhecido,DX,dev,0
7322960be0a9,1,14b34d1884d1,1,Desconhecido,DX,dev,4
732475ef8c2c,1,f81fcb47cb44,1,Desconhecido,DX,dev,3
733ed3e2cf92,0,f568d73ca181,1,Desconhecido,DX,dev,2
734b0ba2cd55,2,e2b24805f59b,1,Desconhecido,CR,test,-1
735523d1689e,0,79bebce2cc70,1,Desconhecido,CR,dev,0
7359a4fd6f06,1,f9cfa8f4daf8,1,Desconhecido,CR,dev,2
7367c35f74ba,0,d630f2a0abd9,1,Desconhecido,DX,dev,3
737a25e956f4,0,658a3c18c8be,1,Desconhecido,CR,dev,1
737fd5b31ea0,1,30638322a1f1,1,Desconhecido,DX,test,-1
7397c44412f2,2,46a0c6735bc7,1,Desconhecido,CR,dev,2
73a7ea88d1c5,3,6dac067ad119,1,Desconhecido,DX,dev,0
73be9646a914,2,773c5e2367fd,1,Desconhecido,DX,dev,0
73c1b1a24606,1,6bcad66a9a8b,1,Desconhecido,CR,test,-1
73c516bcab83,1,b10406eecc59,1,Desconhecido,CR,dev,4
73cc509a84f7,2,e20d41441c14,1,Desconhecido,CR,dev,4
73d30bf346b1,2,8f2a7d2c1bc9,1,Desconhecido,CR,test,-1
73daf4596bf7,1,e52866354156,1,Desconhecido,CR,dev,0
73e3912f1d29,1,4bd5b22db6f1,1,Desconhecido,CR,dev,4
73ea4f592cd7,1,d76c8ee9d522,1,Desconhecido,CR,test,-1
740b0dab33ca,0,e9e6fed1653c,1,Desconhecido,CR,dev,2
7416b5cbc531,0,26d9c6f8fc0e,3,Desconhecido,DX,dev,2
741b969bba80,1,2103565d5fce,1,Desconhecido,CR,dev,4
742a1e1fff0f,0,e5e8774bcd02,1,Desconhecido,CR,dev,1
7437ebff0c0c,1,c9a36a2579d2,1,Desconhecido,DX,dev,4
7442e4e2cbd1,0,07dfaf24794a,1,Desconhecido,DX,dev,1
7468e3ccba55,1,cc5c2ee2f7af,1,Desconhecido,CR,dev,3
747483509d0e,2,c8f23bfcde46,1,Desconhecido,CR,test,-1
7474d005a422,1,eb4c707a40c5,1,Desconhecido,CR,dev,3
7475f784d4a1,1,f0c20af4fe24,1,Desconhecido,DX,dev,4
7476f5857c35,2,f9cb93024ab2,1,Desconhecido,CR,dev,4
747702a0bbc0,1,a1f79355948c,1,Desconhecido,CR,dev,4
747af914db5f,0,8a830956b7a8,1,Desconhecido,DX,dev,1
7493e758bb52,1,e38e71deb040,1,Desconhecido,DX,dev,3
74968646f9cc,1,4b31b0961406,1,Desconhecido,CR,dev,1
74a340df754f,2,87a085594d1b,1,Desconhecido,CR,test,-1
74a87565a547,1,8c8414b55044,1,Desconhecido,DX,dev,1
74ac2e1f23bf,1,0bae7b2f6f57,1,Desconhecido,DX,dev,0
74b07ad32cf1,3,9102f74e60e3,1,Desconhecido,CR,dev,3
74ba8f2badcb,0,ea938de0e417,4,Desconhecido,CR,test,-1
74c18333918f,1,6fb79b900a39,1,Desconhecido,CR,test,-1
74d11c0c0ea6,2,0726aae47f92,1,Desconhecido,DX,dev,4
74dbd8125c6f,3,7ebbeb00360b,1,Desconhecido,DX,dev,0
74dc38d75151,0,de5ac5f8435b,1,Desconhecido,CR,dev,4
74ebe8edda5b,2,ff8df884027e,1,Desconhecido,CR,dev,3
74f757451b08,1,cf0303807179,1,Desconhecido,CR,dev,4
7521671b014e,1,e6fb93bff283,1,Desconhecido,DX,test,-1
753ee89d1fd6,2,dea14d54286a,1,Desconhecido,CR,dev,2
754759f9a637,2,55a564259068,1,Desconhecido,DX,dev,3
7551f066c7c1,1,f79314d7d0f6,1,Desconhecido,CR,test,-1
755467af701a,1,c4fd3bf071c1,2,Desconhecido,CR,test,-1
755469264a39,3,e7bc764034d7,1,Desconhecido,CR,dev,0
7572334cb314,0,c6d41ad13056,1,Desconhecido,DX,test,-1
757db9bd51a1,2,2f3ac17d31b2,1,Desconhecido,DX,dev,4
7585d5f73457,2,155c487c3933,1,Desconhecido,DX,dev,3
758eecca893c,1,741b7cca6b7e,1,Desconhecido,CR,dev,2
759a8e5cee9d,0,a2aa5c179a56,1,Desconhecido,CR,dev,3
759fdf1aaf08,0,5637b3dda9c8,1,Desconhecido,DX,dev,1
75a00272c6cb,0,e73cb6925f25,1,Desconhecido,CR,dev,0
75b33f606cf5,0,29a1cc33dad8,1,Desconhecido,DX,dev,3
75bb6e197bbb,1,3583e8ad1eb8,1,Desconhecido,DX,dev,3
75de22fce271,1,3681b3db3ecc,1,Desconhecido,CR,test,-1
75ec06ef924f,2,5115ec8ff88a,1,Desconhecido,DX,test,-1
75ed463d4ef0,2,f1eb548b0d4e,1,Desconhecido,DX,test,-1
75ed74f9f238,0,8366128e56f2,1,Desconhecido,DX,dev,3
75fc2de53d2b,2,3370135974d4,1,Desconhecido,DX,dev,1
75ff9d63f15b,0,04a9ca248f99,1,Desconhecido,CR,dev,2
76043e4a6ee3,1,6fb79b900a39,1,Desconhecido,CR,test,-1
7607adf7450a,1,e893e721d6a0,1,Desconhecido,CR,dev,0
7607d10ce737,0,69bc727c6940,1,Desconhecido,DX,test,-1
760a7a9bb2a1,0,dea14d54286a,1,Desconhecido,CR,dev,2
760bf6ad5ac8,2,f82435cdd7e3,1,Desconhecido,DX,test,-1
7610dab485fc,1,176413d0c2dc,1,Desconhecido,DX,dev,4
76122cbd97f4,1,dea14d54286a,1,Desconhecido,DX,dev,2
761d01ff68fb,2,eb9019408e77,1,Desconhecido,CR,dev,0
761f0f4ecc85,1,d235702897dd,1,Desconhecido,DX,dev,3
76358a70fd4a,0,17b0b4ffd2b0,1,Desconhecido,DX,test,-1
76519081a45f,1,965e3cf501fd,1,Desconhecido,DX,dev,0
7654fff4b24c,2,1eb0c6735def,1,Desconhecido,CR,dev,1
765d0ac06115,1,efcd2099b781,1,Desconhecido,DX,test,-1
7664ec8a8a19,1,0f3f6b142b8e,1,Desconhecido,DX,dev,2
766dc0e879de,1,e27c89116e32,1,Desconhecido,DX,dev,1
766f55c36003,0,35b3a28573de,1,Desconhecido,CR,test,-1
76916f737774,1,56d95fd6baaf,1,Desconhecido,CR,dev,3
76938243a97f,0,63c536f05c8d,1,Desconhecido,CR,dev,2
76a35cf1cea0,2,63f140de758a,1,Desconhecido,DX,dev,2
76ae6588e5b4,1,b19b609f7011,1,Desconhecido,DX,dev,0
76b5e2db22ba,3,fde2e622c5da,2,Desconhecido,DX,dev,4
76c9821a3d06,1,935fc3a081c3,1,Desconhecido,DX,dev,1
76d3ada42326,3,e52866354156,1,Desconhecido,CR,dev,0
76d8b00619fb,3,ca641104c21c,1,Desconhecido,DX,dev,0
76f44ffa4441,1,dcd8e7f29ff0,1,Desconhecido,DX,dev,2
76ff3ec3c022,1,c0902c777852,1,Desconhecido,DX,dev,3
7703e1787577,1,31b31c5a387c,1,Desconhecido,CR,dev,2
771832685b6a,1,dee5f191a907,1,Desconhecido,CR,test,-1
771997f40f43,3,784b02788271,1,Desconhecido,CR,test,-1
771a4add61c9,0,03e864af6ba6,1,Desconhecido,DX,dev,2
77217025615d,1,c5207c434f8b,1,Desconhecido,CR,dev,2
772dbd065c7d,1,276682ddedde,1,Desconhecido,CR,dev,1
773f243da328,0,2cdc4fd15a6a,1,Desconhecido,CR,dev,2
774720fb2a45,0,8e929859dcba,1,Desconhecido,DX,dev,1
77539184cdaf,2,7e8a8f509958,2,Desconhecido,DX,dev,2
775b359f53b6,3,9bac05549397,1,Desconhecido,CR,dev,3
776cb995a1fd,1,7807dc00fbfa,1,Desconhecido,CR,dev,3
7775226c7ce8,1,3681b3db3ecc,1,Desconhecido,CR,test,-1
7786df1d7d71,1,d0b048dd5d42,1,Desconhecido,DX,dev,3
77955e62e6c6,0,66bc7b5dc522,1,Desconhecido,DX,dev,0
77955e96a54c,2,b74aea22b26e,1,Desconhecido,CR,dev,0
77a0888b5ac1,1,6601d50ebf23,1,Desconhecido,CR,dev,2
77b272cdda9c,2,f74f999ec497,1,Desconhecido,CR,dev,4
77b4e0d0a49d,0,f49df2004d9a,1,Desconhecido,CR,dev,2
77c112789ea0,0,c62a89a67245,1,Desconhecido,CR,test,-1
77f901809e36,0,3d27d0edc7e4,1,Desconhecido,DX,dev,0
780ffa8abde3,0,e46a49daa730,1,Desconhecido,DX,dev,2
78258aa63d76,3,72c169074a8c,1,Desconhecido,DX,dev,2
782ab22207fc,0,ddf6fce71ba7,1,Desconhecido,CR,dev,4
782d728ee09c,0,484528778958,1,Desconhecido,CR,dev,1
7846f687646a,1,a03014733bd1,1,Desconhecido,DX,dev,2
784af90e8cac,0,07a85760be53,1,Desconhecido,CR,dev,1
784afbafee30,3,288622555fb8,2,Desconhecido,DX,dev,0
78509f1ae31c,1,41c614c7993c,1,Desconhecido,CR,dev,1
78543ff029b2,1,e518e61ef33e,1,Desconhecido,CR,dev,2
785e985b3a22,1,ff6c23eb5f57,1,Desconhecido,DX,dev,2
78661808d8d5,3,b39f5032594b,1,Desconhecido,CR,dev,3
78688bfcd441,0,d9cb94540166,1,Desconhecido,DX,dev,2
78777565b528,1,6fb79b900a39,1,Desconhecido,CR,test,-1
78791be84503,0,3d27d0edc7e4,1,Desconhecido,DX,dev,0
788eb199cbc8,1,06a48aa199b2,1,Desconhecido,CR,test,-1
78909b4d3179,1,edc634370391,1,Desconhecido,CR,dev,1
78e93504e04b,0,ec86c3d8b593,1,Desconhecido,DX,dev,0
78f1e3db654c,0,81c8ad630224,1,Desconhecido,CR,dev,4
78fbb30eb244,2,6fb79b900a39,1,Desconhecido,CR,test,-1
78fc07c1dd2e,0,1ab61ae738bb,1,Desconhecido,CR,dev,3
7902e534869e,2,c9cae90b43ed,1,Desconhecido,DX,dev,1
79140443c2e2,1,3e489912fd83,1,Desconhecido,DX,dev,3
79144883061c,2,f196198ac2c7,1,Desconhecido,DX,dev,3
791bd51ede54,1,24c5289f5ced,1,Desconhecido,DX,dev,4
7931e444dbc9,2,5f5909e1bad5,1,Desconhecido,DX,dev,4
794cfa848e12,0,cd12f077ea08,1,Desconhecido,CR,test,-1
7952c18c4664,1,3b749c542357,1,Desconhecido,CR,test,-1
79642d095252,1,92d99f5d1aa1,1,Desconhecido,CR,dev,2
7974c126e951,0,12dc04508708,1,Desconhecido,CR,dev,3
79774c9d6ec5,1,e51f7cc3fb85,1,Desconhecido,DX,dev,0
798c27690f1f,1,3a1f82266300,1,Desconhecido,DX,dev,0
798cdfa7890d,1,1b0fe266a5a5,2,Desconhecido,DX,dev,0
798f8e89c7a7,1,d89da9d14137,1,Desconhecido,DX,dev,2
799558b3a63b,1,26a79be8d87d,1,Desconhecido,DX,test,-1
79a8a08dac37,1,0d1d6c3f9bca,1,Desconhecido,DX,dev,1
79b0461d245a,3,80a76948d13c,1,Desconhecido,CR,dev,0
79c3bf957d49,1,e27e8bce600c,4,Desconhecido,DX,dev,1
79cd05c9c1f7,0,501cdf1d01cf,1,Desconhecido,CR,dev,0
79d205d0e7ae,0,fe187e49dafb,1,Desconhecido,CR,test,-1
79d4f7356c39,2,a2924c96a73b,1,Desconhecido,CR,dev,4
79d5d8448dca,1,8a006ad18b49,1,Desconhecido,DX,dev,2
79e2eafdb5cd,0,d9c6c7ae9b33,1,Desconhecido,DX,dev,3
79ec91f1194c,1,0a8952bc7e36,1,Desconhecido,CR,dev,1
7a06a32e54c9,2,9ad9fd4ff38a,2,Desconhecido,DX,dev,3
7a1023392e52,3,32b0f98ba993,1,Desconhecido,DX,dev,3
7a15889e036a,1,9b311616f566,1,Desconhecido,CR,dev,4
7a1934d2866f,3,2b879e1fadce,1,Desconhecido,DX,dev,1
7a222273085d,1,4d3779fe2d6c,1,Desconhecido,CR,dev,4
7a4341a6a2ee,2,26d8227b4188,1,Desconhecido,CR,dev,0
7a5105c66642,0,bd02343d2b14,1,Desconhecido,CR,dev,1
7a5df4446ce7,1,24fc1c392d7c,1,Desconhecido,CR,test,-1
7a69851883f3,1,31b31c5a387c,1,Desconhecido,CR,dev,2
7a8fb17a122b,0,7ef141de7bac,1,Desconhecido,DX,dev,0
7a9186d8ab3a,1,b19b609f7011,1,Desconhecido,DX,dev,0
7a9a5b3ed60c,1,d1cc7b47f25a,1,Desconhecido,DX,dev,3
7a9b2f9aa761,1,e149d415312d,1,Desconhecido,DX,dev,4
7a9e0a0b31a1,2,3d64ebedd2a7,1,Desconhecido,CR,dev,2
7aa4e85e5eb5,1,5fa76dcd03cf,1,Desconhecido,DX,dev,1
7ab1b20d8fe2,2,33bbc446c37d,1,Desconhecido,CR,dev,2
7ab568cc7d2c,1,cfe92541c915,1,Desconhecido,DX,dev,3
7accecff2bc8,1,7753996b402f,1,Desconhecido,DX,test,-1
7adea6f20461,1,6d4f63eb81e4,1,Desconhecido,CR,dev,1
7ae41bc8d8bf,0,e545f2b4efbd,1,Desconhecido,CR,dev,4
7ae544e53ea7,1,f20a5fd89b90,1,Desconhecido,CR,test,-1
7aeddba2094e,0,92e7d173709e,1,Desconhecido,CR,test,-1
7afa1e20a54e,1,94689379ae38,1,Desconhecido,CR,dev,2
7afb581299a8,1,26d4c9b3a19f,1,Desconhecido,CR,dev,3
7afee3a6d7e4,0,1007c7b41227,1,Desconhecido,CR,dev,0
7b00f77a1879,1,6bf63466d9dd,1,Desconhecido,DX,dev,4
7b10c52613de,1,1b000c0d4ea0,1,Desconhecido,CR,dev,1
7b20d3520e9c,1,eb981a5bc177,1,Desconhecido,DX,dev,4
7b276333034c,1,112e8c966f47,1,Desconhecido,CR,test,-1
7b36888e8eae,1,9ec7f7ed065c,1,Desconhecido,DX,test,-1
7b54de3984e8,0,0fcb230359f3,1,Desconhecido,DX,dev,4
7b5b31210030,1,b9b3be289ebe,1,Desconhecido,CR,dev,2
7b6c49da06db,1,57464d91d60f,1,Desconhecido,CR,dev,2
7b794c082812,0,fbbe932e9e26,1,Desconhecido,DX,dev,1
7b7ca73afc9d,1,d60d50440cd8,1,Desconhecido,CR,test,-1
7b86ae8017e5,1,43458b3f3907,1,Desconhecido,DX,test,-1
7b8c999b8505,0,75a31923e3b6,1,Desconhecido,CR,dev,4
7bab30555627,0,3b115135ff5d,1,Desconhecido,DX,dev,3
7bacc2783fa7,1,a032670dac11,1,Desconhecido,DX,dev,4
7bae3da7cc02,1,deed23acb0d1,1,Desconhecido,CR,dev,3
7bb06ca2150c,1,edc634370391,1,Desconhecido,CR,dev,1
7bc704a7b154,3,7b28df3da87c,1,Desconhecido,CR,dev,3
7bd39a169837,1,dda478d300fd,1,Desconhecido,CR,dev,3
7bdfad741d14,0,9e8c1f04943c,1,Desconhecido,CR,dev,0
7be73deb61a8,1,b55b334366cd,1,Desconhecido,CR,dev,2
7bf83b446661,2,22d37f9195e5,2,Desconhecido,DX,dev,4
7c0f86e9da94,0,338ca7436210,1,Desconhecido,CR,test,-1
7c1c89a066e5,0,312b6e43832a,1,Desconhecido,DX,dev,3
7c1dcb902f6d,2,123e587ecbbe,1,Desconhecido,DX,dev,1
7c3b534b7eca,0,b5e334f0071e,1,Desconhecido,DX,dev,4
7c4a1edebf20,1,6e0f4451e9be,1,Desconhecido,DX,test,-1
7c4bfbefede8,0,682edfb6b823,1,Desconhecido,CR,dev,1
7c4e845285e8,1,05b49a481b99,1,Desconhecido,CR,test,-1
7c5406d6328c,0,74ea48b40309,1,Desconhecido,DX,dev,0
7c656a0a1a65,1,3681b3db3ecc,1,Desconhecido,DX,test,-1
7c683e0b4100,1,5072e5739696,2,Desconhecido,DX,test,-1
7c6b51d6639e,0,14cb47485b32,1,Desconhecido,CR,dev,1
7c818f4cbdec,1,e62fafa63e08,1,Desconhecido,DX,dev,4
7c96d6d546d3,1,d0d26e80f51c,1,Desconhecido,DX,dev,2
7ca967363865,0,7005f3ad36f9,1,Desconhecido,DX,dev,4
7cb0d082d21b,1,4c68a64b3c26,1,Desconhecido,DX,dev,1
7cb0fdd18092,2,af5576760f97,1,Desconhecido,CR,dev,4
7cbbe81579da,0,eaf7cdfb5710,1,Desconhecido,DX,dev,3
7ccfe56da30b,1,7922686ed9c8,1,Desconhecido,CR,dev,3
7cd0bf7381c9,3,dd7a7bade6f2,1,Desconhecido,CR,test,-1
7ce1ebc880e0,1,b5c5a96e9c34,1,Desconhecido,DX,dev,1
7d00aecffe34,1,1626519ae01b,1,Desconhecido,DX,test,-1
7d04273b5886,1,d60d50440cd8,1,Desconhecido,CR,test,-1
7d1c99d9eca8,2,b61fbe2c59cb,1,Desconhecido,CR,dev,0
7d26435833cd,2,fe415dc0704f,1,Desconhecido,DX,dev,1
7d28b814a4d4,2,75a10adc04cb,1,Desconhecido,DX,dev,1
7d2b67f6357e,1,02cf6aa8b2b7,1,Desconhecido,CR,dev,4
7d2ca42f0906,1,2f24a7f110b0,1,Desconhecido,CR,dev,3
7d38fbf46bbf,3,eea61013435c,1,Desconhecido,DX,dev,4
7d3c837a7644,0,3207267fa837,1,Desconhecido,CR,dev,1
7d4971c1d0ca,2,b0cba3a7d262,1,Desconhecido,CR,dev,3
7d5282a52850,2,864b906ab0da,1,Desconhecido,CR,dev,3
7d64b5b28306,0,fb0430471e4e,1,Desconhecido,DX,dev,4
7d6d614eefb7,1,ed123c93e833,1,Desconhecido,CR,test,-1
7d70e90deb87,0,01873591bb92,1,Desconhecido,DX,dev,3
7d82d53204b8,1,9743a8cd1bb6,1,Desconhecido,CR,dev,1
7d9f72046513,1,d8bc92444798,1,Desconhecido,CR,dev,0
7da2b553b5ce,1,25ab7720a649,1,Desconhecido,DX,dev,1
7db18af1a9d1,0,74524d8c895c,1,Desconhecido,CR,dev,3
7dbc098b8eaf,2,f1eb548b0d4e,1,Desconhecido,DX,test,-1
7dc1629a0438,0,ccd0cdf6a96a,1,Desconhecido,DX,dev,4
7dcc972565e6,1,b35cdb98107b,1,Desconhecido,DX,dev,4
7dd3347b0d10,1,d931361a5489,1,Desconhecido,DX,dev,3
7dd6835dfc59,0,9b983ca0571f,1,Desconhecido,DX,dev,1
7dd880b043d6,1,dc6e7bbf57a7,1,Desconhecido,CR,dev,3
7ddb42c36bf7,1,e1b1165097fd,1,Desconhecido,DX,dev,0
7ddc4c9daa44,0,e5b0e637b3a4,1,Desconhecido,CR,dev,1
7ddcf63a332f,3,fe415dc0704f,1,Desconhecido,CR,dev,1
7df6ff1a1957,3,fb6d0ab0275e,1,Desconhecido,CR,test,-1
7dfd6afee3e9,0,7baacbcd3e5b,2,Desconhecido,CR,dev,3
7e24eea87ca5,1,f5ba42cba6de,1,Desconhecido,CR,dev,3
7e26e0963bac,3,599143dd60f8,1,Desconhecido,DX,dev,1
7e285573bf0f,1,4c68a64b3c26,1,Desconhecido,DX,dev,1
7e2fe165275e,2,2079dd80dfaa,1,Desconhecido,DX,dev,2
7e4059d6a0f9,0,4f07c51fd832,1,Desconhecido,DX,dev,3
7e4b2e28a241,0,f20b5a00d22a,1,Desconhecido,DX,dev,3
7e4d12c47e50,1,f20a5fd89b90,1,Desconhecido,CR,test,-1
7e4e45a6428c,2,de719b4b924e,1,Desconhecido,CR,test,-1
7e5785e7fda6,1,49a3b4465b7d,1,Desconhecido,CR,dev,0
7e5a7b6193ed,3,48d4612c6d88,1,Desconhecido,DX,test,-1
7e6c68462e06,0,71b5edab804b,1,Desconhecido,CR,dev,3
7e6e49e5eea7,0,8dab82bd2517,1,Desconhecido,DX,dev,0
7e7701fec9ef,0,766021a9f61b,1,Desconhecido,CR,dev,2
7e86ca47ec47,2,0597eef42dc4,1,Desconhecido,DX,dev,0
7e8be259013a,3,b4a02d3006be,1,Desconhecido,DX,dev,1
7e91e041c7d4,2,efcd2099b781,4,Desconhecido,DX,test,-1
7ea118331dfe,1,1b1666efea90,1,Desconhecido,DX,dev,0
7ea7f0ce6ba4,1,8de39bc8be7e,1,Desconhecido,CR,dev,2
7ea86dbc72ee,1,b8ac38a4f7bc,1,Desconhecido,DX,dev,2
7ea9b8b90bda,1,1f8557a4f9d1,1,Desconhecido,CR,dev,4
7eb0a56757c0,3,57d15d5c7d6f,1,Desconhecido,DX,dev,4
7ecdff541fd7,0,6b68d98192db,1,Desconhecido,DX,dev,2
7ed37feadd3f,1,6ef20139e26c,1,Desconhecido,CR,test,-1
7ed9fad978ce,1,a73521a56fb5,1,Desconhecido,CR,dev,2
7edd62b5ee2a,0,ebe99a9736db,1,Desconhecido,DX,test,-1
7ee5e08e45e4,1,7753996b402f,1,Desconhecido,DX,test,-1
7eed9af03814,1,19ca51007544,1,Desconhecido,DX,dev,2
7f00e5d4ac58,2,335d77a161b1,1,Desconhecido,DX,dev,2
7f0a5ea1b11b,1,f49df2004d9a,1,Desconhecido,CR,dev,2
7f18403a5a09,0,e6d42ff26a10,1,Desconhecido,CR,test,-1
7f3ba4a37c52,1,853cd4815445,1,Desconhecido,DX,test,-1
7f4b1a1e987e,2,742452a23086,1,Desconhecido,CR,dev,2
7f5a35344d25,3,72436f3ba7dc,1,Desconhecido,CR,dev,3
7f68921f1b58,0,3d2f7ca7a767,1,Desconhecido,DX,dev,1
7f73780cf1f4,0,b4c8df7d171b,1,Desconhecido,DX,dev,0
7f7379e733a2,0,bc61d712fde3,1,Desconhecido,CR,dev,3
7f773ab567dc,0,e6ed2ced1624,1,Desconhecido,CR,dev,1
7f7ef67844a4,1,d6559c74aa93,1,Desconhecido,CR,test,-1
7f84d57bc1cc,0,d21eb4c14def,1,Desconhecido,CR,dev,1
7f88c3e4abca,0,fa21c2467b3c,1,Desconhecido,DX,dev,4
7f9619af434c,0,162224e9abda,1,Desconhecido,CR,dev,4
7f9e2766281e,1,cf4ed50a126a,1,Desconhecido,CR,dev,2
7fa441d1dd32,0,b2d53caaa7e9,1,Desconhecido,DX,dev,0
7fac35c9e1f4,3,d816904289bc,1,Desconhecido,DX,dev,0
7fba08f9ba1e,1,eb9e1b64f7d3,1,Desconhecido,DX,dev,1
7fbc91fa08ad,1,3678e4220d0b,1,Desconhecido,DX,test,-1
7fc0becb14fa,1,1d418d099444,1,Desconhecido,CR,dev,4
7fc436f0300e,1,3b749c542357,1,Desconhecido,DX,test,-1
7fcd5a0e4eca,2,3d67b79f767c,1,Desconhecido,CR,test,-1
7fd0efde20b7,2,c53466430ed0,1,Desconhecido,DX,dev,3
7ffb3015dacb,1,e5c77db0794f,2,Desconhecido,DX,dev,2
800c22b13e4c,0,4b4f60f6e9f5,1,Desconhecido,DX,dev,4
80195e7d2700,2,6bf63466d9dd,1,Desconhecido,CR,dev,4
801ff0c146b7,0,ff480e0e7928,1,Desconhecido,DX,dev,4
8021320a355b,1,f1b3a06066e7,1,Desconhecido,DX,dev,1
80338e4bf528,2,d9cdc9f3256b,1,Desconhecido,CR,test,-1
804119f6c0a6,1,0edc760b2b3f,1,Desconhecido,CR,dev,4
80432401db2b,0,0a7e9da98422,1,Desconhecido,CR,dev,4
804c4dddff6d,0,beec7d0ea87f,1,Desconhecido,DX,test,-1
8052009f6e35,1,ff8df884027e,1,Desconhecido,CR,dev,3
805989876fee,1,deda669a5b7f,1,Desconhecido,CR,dev,0
805e6350549c,1,d5ae2f55b37f,1,Desconhecido,DX,test,-1
806161ff1e51,2,74c285e21f33,1,Desconhecido,DX,dev,4
8072ea43a9ef,1,a8635ac83aef,1,Desconhecido,CR,dev,0
8078a3f5012d,1,24675529ffb6,1,Desconhecido,CR,test,-1
8087e3bc0efe,3,deed23acb0d1,1,Desconhecido,DX,dev,3
8087ef52aff5,2,3583e8ad1eb8,1,Desconhecido,CR,dev,3
80a0658f585b,3,fa8e6984a9c2,1,Desconhecido,DX,dev,4
80a38757f6b5,0,641b0c506d50,1,Desconhecido,DX,dev,4
80a497a15df6,0,14b34d1884d1,1,Desconhecido,DX,dev,4
80a5f2f9ba0c,1,8dc3b5c17ecd,1,Desconhecido,DX,dev,1
80b74df174a9,1,067763c0e8dd,1,Desconhecido,DX,dev,1
80b798963819,1,982564a02da5,1,Desconhecido,CR,dev,2
80b943fa8ecf,1,01873591bb92,1,Desconhecido,DX,dev,3
80ba72c35938,1,a46935e0f0d6,1,Desconhecido,CR,dev,1
80c55ce81802,0,341061853152,1,Desconhecido,DX,dev,4
80e2360423f2,3,cd26c6ef21b1,1,Desconhecido,DX,test,-1
80e3f166ad2f,1,e56e013f88e7,1,Desconhecido,DX,dev,2
80ec7581b718,0,840330bf805c,1,Desconhecido,DX,dev,0
80f212c4109c,1,aa6a229ca125,1,Desconhecido,CR,dev,0
810cc5bdecaf,2,b8afa3709110,1,Desconhecido,CR,test,-1
812fbc20eda8,1,8a2a458399a6,1,Desconhecido,CR,dev,3
81493310c235,3,26cd03dcb4be,1,Desconhecido,DX,dev,4
814e0fdfde1e,1,1b0fe266a5a5,2,Desconhecido,DX,dev,0
815214972656,0,2dfeeaebb5a0,1,Desconhecido,CR,dev,4
815278b6c176,1,c12cf5b11153,1,Desconhecido,CR,dev,4
8160bfb420dc,1,df5286fac33a,1,Desconhecido,DX,dev,1
81651ff35cb8,1,2b8de5ff3122,1,Desconhecido,CR,dev,4
816ff8fa8f42,1,157911c595b0,1,Desconhecido,CR,dev,0
81711d215ec7,3,bb4b3412c61a,1,Desconhecido,CR,dev,4
81718ce513ca,1,84ab9b45ec35,1,Desconhecido,CR,dev,1
8176a9253108,2,47a318462103,1,Desconhecido,DX,dev,3
818bda3ca15d,0,76cef0d2949d,1,Desconhecido,CR,dev,4
818c3096a5c4,2,7340424f0372,1,Desconhecido,DX,dev,0
8195c077997b,1,7df7aaa667ad,1,Desconhecido,DX,dev,1
81a0dd29620e,3,4b106e5f1dd4,1,Desconhecido,DX,test,-1
81a3d149dcbf,0,5468976f6059,1,Desconhecido,DX,dev,3
81acc5470917,2,cc5c2ee2f7af,2,Desconhecido,CR,dev,3
81b0675331b4,0,e20d41441c14,1,Desconhecido,CR,dev,4
81c1e36bdcff,0,99d2b1e51e3e,1,Desconhecido,DX,dev,2
81d2c8305d95,2,ec881b6c2ce7,1,Desconhecido,CR,dev,0
81d4dbd5c6d4,2,99e7f1c266cf,1,Desconhecido,DX,dev,2
81e2d490e2dd,0,9a7f47aa888e,1,Desconhecido,CR,dev,1
81f6b4b343f7,1,0d6e5ed28127,3,Desconhecido,DX,dev,4
820fc489e682,2,bf6fe75d4d53,1,Desconhecido,DX,dev,1
8210fde8fa5b,1,ebe99a9736db,1,Desconhecido,DX,test,-1
82120a4eebc8,1,6741d8a6c6c5,1,Desconhecido,DX,dev,4
8221a4155cc0,3,c9f11ce09d76,1,Desconhecido,DX,dev,2
8222875f1a91,2,1ba115d4f940,1,Desconhecido,CR,dev,2
822b399fcc86,2,f715407240a9,1,Desconhecido,CR,dev,4
822e520f9538,1,f82435cdd7e3,1,Desconhecido,CR,test,-1
823201a39872,1,d0b9db5785ff,1,Desconhecido,CR,dev,0
8233f911c99f,0,72b502f087d1,1,Desconhecido,DX,test,-1
8234b8dc3a41,2,b4a02d3006be,1,Desconhecido,CR,dev,1
8237d25ed806,0,2cc208332d85,1,Desconhecido,DX,dev,0
8240e63ae3b1,1,761d73a2ad3b,1,Desconhecido,CR,dev,0
824374b82868,1,2fcba37512b7,1,Desconhecido,DX,dev,0
824aac4d4e6f,0,0d0b4857cfaf,1,Desconhecido,CR,dev,4
8252bce4e90c,1,e99d24dfb2b1,1,Desconhecido,DX,dev,3
825e493ca940,1,4025e16d53a4,1,Desconhecido,CR,dev,4
826272b8be99,1,f5577cddb1f8,1,Desconhecido,DX,dev,3
82647925ff05,0,d4ecb158cdb8,1,Desconhecido,CR,test,-1
8267fb6fc89f,1,aeb63e576ec2,1,Desconhecido,CR,dev,0
8276779107e0,1,3fd7e1382c79,1,Desconhecido,CR,dev,4
82868316ea05,1,a8c94e594d38,1,Desconhecido,CR,dev,2
82a47c1a9db1,1,c6c98751c8c6,1,Desconhecido,DX,test,-1
82bd4db9b87c,0,c2c6aa15ba98,1,Desconhecido,DX,dev,3
82d0600dbf57,1,8c8414b55044,1,Desconhecido,DX,dev,1
82dddce7c481,0,93dca8fa3d84,1,Desconhecido,CR,test,-1
82ed58c1b0db,0,5e89530020a4,1,Desconhecido,CR,dev,3
82fde36914bc,1,eb5472f77759,1,Desconhecido,DX,dev,4
83007940394a,2,b35cdb98107b,1,Desconhecido,DX,dev,4
8303825d6924,1,85547e4ce9ac,1,Desconhecido,CR,dev,3
83088a9ca2d2,1,de5baa3c397b,1,Desconhecido,CR,dev,0
830984d74452,1,b831c04f45f2,1,Desconhecido,CR,dev,0
830d41512494,1,f2613a58a6c7,1,Desconhecido,DX,dev,3
83127fd75313,1,d37b0c26d630,1,Desconhecido,CR,dev,1
8315467702a2,0,ccf14da76143,1,Desconhecido,DX,dev,1
8315b4f8b2c8,1,c7b761917044,1,Desconhecido,CR,dev,0
831cea12cf2a,2,a39d84caf95d,1,Desconhecido,DX,dev,2
8332bdaddb6e,0,41397b2c9d10,1,Desconhecido,DX,dev,0
834223220998,3,bf6fe75d4d53,1,Desconhecido,DX,dev,1
8351c991c7c2,0,60869d9cefc4,1,Desconhecido,DX,dev,0
835dd3c81c51,2,223e4fb109a2,1,Desconhecido,DX,dev,2
835e83150535,0,fc037a6fd694,1,Desconhecido,CR,dev,2
8362bdc5c7f5,0,1105afbab49f,1,Desconhecido,DX,dev,0
8367345da05a,0,f9b595e1520f,1,Desconhecido,DX,dev,0
83681c8b7743,1,2bed5a487243,1,Desconhecido,CR,dev,3
836ca5c35bbe,2,9933bbc04b3d,1,Desconhecido,DX,dev,2
837fc1ed550e,1,152410672541,1,Desconhecido,CR,dev,3
83831a99704c,0,d88cc55a3fd2,1,Desconhecido,CR,test,-1
8383c0dba9bb,0,cc5c2ee2f7af,1,Desconhecido,CR,dev,3
838e5a8c531d,1,44710e990a9c,1,Desconhecido,CR,test,-1
83a64f9d121a,0,9a91a5288d48,1,Desconhecido,CR,dev,2
83b424ef8bb1,1,4e84c1802974,1,Desconhecido,CR,dev,4
83b6679566b0,2,c22fb7da97a7,1,Desconhecido,DX,dev,2
83f637917a44,2,063ee0ab562f,1,Desconhecido,DX,dev,4
841519065bd1,0,ec86c3d8b593,1,Desconhecido,DX,dev,0
841dbb381261,1,474b7f4d163f,1,Desconhecido,DX,dev,0
841dfb2ad2ee,2,7b2288279f66,1,Desconhecido,CR,dev,0
8420a2430b65,1,e515a4aaa982,1,Desconhecido,CR,dev,1
8423d0d5c0b5,2,14084bbdcb12,1,Desconhecido,CR,dev,4
842eea3e3951,1,80da6bfa77f3,2,Desconhecido,CR,dev,1
843eebbcc0d2,2,7695a483540d,1,Desconhecido,DX,dev,1
84407a15756d,1,f7fc11f0530d,1,Desconhecido,DX,dev,3
8447b9e9ad00,1,507c21a73b31,1,Desconhecido,CR,dev,3
84494159f6f7,2,de719b4b924e,2,Desconhecido,CR,test,-1
8452bd412bba,1,b19b609f7011,1,Desconhecido,DX,dev,0
84543edc24c2,2,c86c786b2b8a,1,Desconhecido,DX,dev,3
8454851c5270,2,5293f676376b,1,Desconhecido,CR,dev,1
8463b94b29dd,0,e81f9f6bc953,1,Desconhecido,CR,test,-1
84657bfd51ee,0,e4977bdae66d,1,Desconhecido,DX,dev,3
847ae068d771,0,84ab9b45ec35,1,Desconhecido,CR,dev,1
847bfe455325,1,a166e7231801,1,Desconhecido,DX,test,-1
84a02fcffbe6,2,a9132e57295b,1,Desconhecido,CR,test,-1
84a72fcf010a,0,6e7f68863d99,1,Desconhecido,CR,dev,2
84b117cebcc5,0,27122ec6b923,1,Desconhecido,DX,dev,2
84b4d7b819cb,1,068e2a0a26df,1,Desconhecido,DX,dev,2
84b9878362e2,0,72f86fc72070,1,Desconhecido,CR,dev,1
84b9fb2a6744,1,6c50536fa532,1,Desconhecido,CR,test,-1
84cb858a8b18,2,1f95feec432d,1,Desconhecido,CR,dev,4
84ea93253e6a,0,50f44e80d070,1,Desconhecido,CR,dev,4
84f48ed1bafd,1,c605a87fbefb,1,Desconhecido,CR,dev,2
84f7aa8afdc9,2,8e031f63c64f,2,Desconhecido,CR,test,-1
8501ffeadc53,1,33a75a84d421,1,Desconhecido,CR,dev,0
850c52c535e1,3,93dca8fa3d84,1,Desconhecido,CR,test,-1
851e96562411,1,0b5c2124715d,1,Desconhecido,DX,test,-1
851fda48d245,0,53a667811a26,1,Desconhecido,DX,dev,4
8526a25964da,2,bc99c4cabeca,1,Desconhecido,DX,test,-1
852848545a6c,1,e5ef5735adb3,1,Desconhecido,CR,dev,2
853df92b47be,2,e4748a430fc8,1,Desconhecido,CR,dev,4
854d97049377,3,7b6c1a78c39a,1,Desconhecido,DX,dev,4
8557928e510e,1,045fa90f978d,1,Desconhecido,DX,dev,0
856020133090,2,34ee94368055,1,Desconhecido,DX,dev,3
857b9908a0aa,0,3dfbceb79b10,1,Desconhecido,CR,dev,3
857f22c031b7,0,e39b3e96ca4f,1,Desconhecido,CR,test,-1
858725b534d6,1,63a777c3f9ad,1,Desconhecido,DX,dev,1
858f01b51c3d,1,ebb1dc7a71d8,1,Desconhecido,DX,dev,2
85919d3889fd,0,892b894f9d7f,1,Desconhecido,CR,test,-1
85a651285b8e,3,4e477f258fde,1,Desconhecido,DX,dev,3
85da175299c4,0,05eba47b20e3,1,Desconhecido,CR,dev,3
85dc058820ab,1,2df1570d9fdf,1,Desconhecido,CR,dev,3
85e721c2c2f7,0,afc82220ad42,1,Desconhecido,DX,dev,2
85f8405ef40a,3,fea26e42a2d0,1,Desconhecido,CR,dev,2
860611cd1738,1,37007ea54c73,1,Desconhecido,DX,dev,0
86092024d731,2,276682ddedde,1,Desconhecido,DX,dev,1
8609ebfada9d,1,8bc81d34a826,1,Desconhecido,CR,dev,1
862500dd01a4,3,892b894f9d7f,1,Desconhecido,DX,test,-1
862cdc30fb27,0,0bf76f98710d,1,Desconhecido,DX,dev,0
86323e8815ce,1,e51f7cc3fb85,1,Desconhecido,CR,dev,0
865cee33719e,0,5e1ce955b7ed,1,Desconhecido,DX,dev,3
8661a2df18d2,2,e7e3746d18b8,1,Desconhecido,CR,dev,2
866879344af1,2,f6313825c315,1,Desconhecido,DX,dev,2
8672a27b3291,1,925e9253a722,1,Desconhecido,DX,dev,4
868ad6196144,1,8ea097baf508,1,Desconhecido,DX,test,-1
868b181bb303,2,af4580665a80,1,Desconhecido,CR,test,-1
8692c37fba6d,1,278316a7c5f6,1,Desconhecido,CR,dev,0
86aaf2215fd4,0,dee28c884ddb,1,Desconhecido,DX,dev,2
86ad90147e40,0,a86b43dd3898,1,Desconhecido,DX,dev,0
86b08ada55fa,3,d913217f9aab,1,Desconhecido,DX,dev,4
86b2cddc9a96,0,f0be1a1d330b,1,Desconhecido,CR,dev,1
86b3cc6ce217,0,5cc22366ab96,1,Desconhecido,DX,test,-1
86d7ce86d31c,1,e6021ae9eae5,1,Desconhecido,DX,dev,1
86e209c99853,1,5a77d312c022,1,Desconhecido,DX,dev,4
86e635af366b,1,80c910fc47e2,1,Desconhecido,CR,test,-1
86ea395dc8e2,2,0b06cd4aabcf,1,Desconhecido,CR,test,-1
86ecdad652bb,2,fe2cfa8edb6e,1,Desconhecido,DX,dev,2
86f0ced73df0,0,dafdda41456e,1,Desconhecido,CR,dev,3
86fbc6625250,0,e2103a7e1a1e,1,Desconhecido,DX,dev,4
8704605c8d78,1,1b0fe266a5a5,2,Desconhecido,DX,dev,0
8707f9b371b1,1,67b977fa44cd,1,Desconhecido,CR,dev,4
8716e2d245fd,1,3f6e2c92677e,1,Desconhecido,DX,test,-1
871805a76116,1,95680c66c89a,1,Desconhecido,CR,dev,3
8723fa61b4c9,1,a770e506664d,1,Desconhecido,DX,dev,1
87463d16a03c,1,eae13b0f90e1,1,Desconhecido,DX,dev,2
8762482fa9b6,0,a6dbad03c523,1,Desconhecido,DX,dev,2
87664803e3cd,1,69bb1a619ea0,1,Desconhecido,CR,dev,4
8771126854cb,0,c98d34565c7a,1,Desconhecido,CR,dev,0
8783ec3cb07a,1,29cd6be1ab22,1,Desconhecido,DX,test,-1
8797c00011a7,1,ee2c97369713,1,Desconhecido,CR,dev,3
8799f31db518,1,8e3ab57378e7,1,Desconhecido,CR,test,-1
87aac5a95951,1,6fb79b900a39,1,Desconhecido,CR,test,-1
87ad926c7cd5,2,87fd4b75021c,1,Desconhecido,DX,dev,2
87ba5ef70efe,1,a1afd12065c8,1,Desconhecido,CR,dev,1
87c599255c0e,0,7e6bde94bf35,1,Desconhecido,CR,test,-1
87d8d1d29655,1,8a920ad58821,1,Desconhecido,CR,dev,0
87e342354d85,0,e0649bc1745b,1,Desconhecido,DX,dev,3
87f4d0c6babd,1,4a124744f677,1,Desconhecido,DX,dev,4
8800f300982f,1,bc3f62033fe8,1,Desconhecido,CR,test,-1
8805b17f963a,1,ebf1212e86be,1,Desconhecido,CR,dev,2
880760598f51,2,5e33994e22d7,1,Desconhecido,DX,dev,1
880ef66733bf,0,eb5472f77759,1,Desconhecido,CR,dev,4
881057f737e0,0,968161edbe8e,1,Desconhecido,CR,dev,0
881fc5cfb469,3,fc8d9e90288c,1,Desconhecido,DX,dev,3
883ec957d088,1,8f1ef3b8e8cd,1,Desconhecido,CR,dev,2
8843524b8371,0,e02a4c1208ec,1,Desconhecido,DX,test,-1
884ae726c5fa,0,fbc01a7fabda,1,Desconhecido,DX,dev,4
8855be1da6d3,1,4e88550be813,1,Desconhecido,DX,dev,4
885dd0b39eb1,1,dc6f3ffe0d17,1,Desconhecido,CR,dev,2
8861d23685ef,2,fc412fb2e468,1,Desconhecido,CR,dev,1
88678531fd19,3,04fb402f45b9,1,Desconhecido,DX,dev,4
886d6aa11cfe,2,6c3f6af5a9f9,1,Desconhecido,DX,test,-1
88787efdd3d9,0,d6fa1d181e54,1,Desconhecido,DX,dev,4
8879adb07db4,0,8600f0b54997,1,Desconhecido,CR,dev,1
8888489ce27b,0,275e392ad223,1,Desconhecido,CR,test,-1
889b5893c83d,1,d06d971ebfa5,1,Desconhecido,DX,dev,1
88b7b5dcfd30,1,c12cf5b11153,1,Desconhecido,CR,dev,4
88cb519feae6,1,deed23acb0d1,1,Desconhecido,CR,dev,3
88dbdcdb59c6,2,bc07311788fb,1,Desconhecido,DX,dev,1
88dd320cfa0d,1,316fe7c8b07e,1,Desconhecido,CR,test,-1
88de39a40a62,2,ea0df838d7c2,1,Desconhecido,DX,test,-1
88eecc1b7e07,0,ea518a729565,1,Desconhecido,CR,test,-1
88f2e452d4b2,0,7703d75f99be,1,Desconhecido,DX,dev,2
88ff3858d82c,3,9455d4cd1843,1,Desconhecido,CR,dev,0
890bbfb62803,1,bbb10fb60b73,1,Desconhecido,DX,dev,2
89195455e6ff,2,b367c2bf6c2a,1,Desconhecido,DX,dev,0
891dccc7f408,2,c46e832f0cde,1,Desconhecido,CR,dev,0
8937a100c4b1,1,45d8977e77c7,1,Desconhecido,DX,dev,4
8943d1d85097,1,6a4a358a31c7,6,Desconhecido,CR,dev,4
8945d312af6a,1,1257a64e6a52,1,Desconhecido,CR,dev,4
894cf780d724,2,e398ad6e7a6a,1,Desconhecido,DX,dev,1
895c41c283cd,0,5311bcdb8aea,1,Desconhecido,DX,dev,3
896ab1acf6f2,1,b19b609f7011,1,Desconhecido,DX,dev,0
896ea179cbae,1,d7469dad80d1,1,Desconhecido,DX,dev,2
896ff6f04d0e,1,80da6bfa77f3,1,Desconhecido,CR,dev,1
8976a065ab10,0,579d35a73910,1,Desconhecido,DX,dev,2
897ab7243051,2,ca6c3c26713d,1,Desconhecido,CR,dev,4
89921b036cc3,0,13b74e8faadb,1,Desconhecido,DX,dev,2
89a16f9951f4,1,a183f0db4c74,2,Desconhecido,DX,test,-1
89ad8581ccaf,0,3d27d0edc7e4,1,Desconhecido,DX,dev,0
89b8af016a97,3,f7fd175c4eee,1,Desconhecido,CR,dev,4
89c6489e8df7,1,e0de3f467212,2,Desconhecido,DX,dev,0
89cb02de68a7,1,f94754a439e5,1,Desconhecido,CR,dev,1
89cc008ddabf,2,d1f25b2ab42f,1,Desconhecido,DX,dev,2
89cd18ca5f82,0,f1eb548b0d4e,1,Desconhecido,DX,test,-1
89cfe8497e68,1,605f64a791e0,1,Desconhecido,DX,dev,2
89d2589d197c,0,b0e94075671d,1,Desconhecido,DX,dev,3
8a0139211dd5,2,edf82e3f97f7,1,Desconhecido,DX,dev,4
8a0bb2abd955,0,965e3cf501fd,1,Desconhecido,CR,dev,0
8a0e92da8c69,1,95f528ce6bf8,1,Desconhecido,DX,dev,3
8a3b38dbc12d,2,e1bbd8332280,1,Desconhecido,DX,dev,4
8a435c339b1e,0,efb7936860a6,1,Desconhecido,DX,dev,2
8a4619a36d39,0,5115ec8ff88a,1,Desconhecido,CR,test,-1
8a606a964b1d,1,0d1d6c3f9bca,1,Desconhecido,DX,dev,1
8a6b5f89162a,1,79f3500991ce,1,Desconhecido,CR,dev,3
8a7c3c0d189c,2,70c847bdfe03,1,Desconhecido,CR,dev,3
8a94bebcad6e,0,562950d0b704,1,Desconhecido,DX,test,-1
8a9cbb7e5b10,0,6ea253bffbb8,1,Desconhecido,CR,test,-1
8aa4c1ae195d,1,b58f4e5a2b27,1,Desconhecido,CR,test,-1
8aa587a862e8,1,8c772545a449,1,Desconhecido,DX,dev,3
8ab2974732c8,0,87b3c648efb5,1,Desconhecido,DX,test,-1
8ac54cf70296,1,b9fc8f537a4b,1,Desconhecido,DX,test,-1
8aca32492ab8,0,dc063ab96f3a,1,Desconhecido,CR,test,-1
8ad88b978f87,1,e216627601e0,1,Desconhecido,DX,dev,3
8ae458411c33,0,f1fb266c0c3d,1,Desconhecido,DX,dev,0
8ae943cc3a16,1,b10406eecc59,1,Desconhecido,CR,dev,4
8afc6567147a,2,d060874b19cc,1,Desconhecido,CR,dev,1
8b059659257d,0,ea965c7d618f,1,Desconhecido,DX,dev,4
8b142bc65db2,2,f5e509db06e5,1,Desconhecido,DX,test,-1
8b18f1963aff,1,e2af423e23b6,2,Desconhecido,DX,dev,1
8b1b8b42cbd2,0,a1f79355948c,1,Desconhecido,CR,dev,4
8b2d041e7a32,0,cd7d6eda3e5c,1,Desconhecido,DX,test,-1
8b2ffd547ee8,1,d1838d7275d1,1,Desconhecido,DX,test,-1
8b41c96e9f63,1,b794e6c540b9,1,Desconhecido,CR,dev,1
8b4741c28384,1,c077f83d9969,1,Desconhecido,DX,dev,0
8b52cf335c4d,2,db2eb068d6cc,1,Desconhecido,DX,dev,1
8b5efcadabf9,2,b7f937186259,1,Desconhecido,CR,dev,0
8b5f06c0671d,1,8ceeabc913dc,1,Desconhecido,CR,dev,3
8b7d91225bc5,1,c5282a2cf845,1,Desconhecido,DX,dev,0
8b7e0c35fd8f,0,1d0b819ed78c,1,Desconhecido,DX,dev,4
8b823bbc32a8,0,0c51af723f54,1,Desconhecido,CR,test,-1
8b86c273f095,1,02cf6aa8b2b7,1,Desconhecido,CR,dev,4
8b8d05db440e,0,7b404c83ffe2,1,Desconhecido,DX,dev,2
8ba23886cfb4,1,edffda061d9c,1,Desconhecido,CR,test,-1
8bd4738d4f00,0,f9ddd5530443,1,Desconhecido,DX,dev,3
8bd62094ea13,2,ecf00e4277ba,1,Desconhecido,DX,dev,2
8c15768ece37,1,904e2e5a93a1,1,Desconhecido,CR,dev,4
8c1872520275,2,f641c5bfc522,1,Desconhecido,CR,dev,4
8c19695fed29,3,fa03ec643581,1,Desconhecido,CR,dev,0
8c1c165022b6,0,a93d272da930,1,Desconhecido,DX,dev,4
8c1c719d654b,1,112e8c966f47,1,Desconhecido,CR,test,-1
8c1f2172bcf0,1,e4447f71a3ae,1,Desconhecido,DX,dev,4
8c272c45e4bf,1,045fa90f978d,1,Desconhecido,DX,dev,0
8c273b4a9fa6,1,c0d6f4dc806f,1,Desconhecido,DX,test,-1
8c382f780705,0,f79f1f1f2cbf,1,Desconhecido,CR,dev,0
8c46388eee54,3,fdf7b0e6ec99,1,Desconhecido,CR,dev,0
8c5533597dc0,2,fbaf3fa69133,1,Desconhecido,CR,dev,0
8c7bb7271ef2,1,3bedd8b289cc,1,Desconhecido,DX,test,-1
8c81896e7e55,1,63118264532b,1,Desconhecido,CR,dev,4
8c8b558206fb,1,eb94d5130361,1,Desconhecido,DX,test,-1
8c908b6f01fe,1,6e0f4451e9be,1,Desconhecido,CR,test,-1
8c93b1d9363b,0,b92159d59609,2,Desconhecido,DX,dev,4
8c94a7329137,1,1a0f22a52fbd,1,Desconhecido,CR,dev,3
8c9bb70fac25,1,76ea186a9786,1,Desconhecido,DX,dev,3
8cc1d57b3142,0,b1b2baf1b361,1,Desconhecido,CR,dev,1
8cd25736a9e1,2,8ad759170a14,1,Desconhecido,CR,test,-1
8ce7315d04b1,3,d8bc92444798,1,Desconhecido,CR,dev,0
8ceba80333df,1,d21ff76682a8,1,Desconhecido,CR,dev,3
8cec64c8a30a,0,180240064746,1,Desconhecido,CR,dev,1
8cef368b3a7d,0,8366128e56f2,1,Desconhecido,DX,dev,3
8cf2f88c1831,0,1dd150de0001,1,Desconhecido,CR,dev,4
8cf5886a6526,0,4303bcd9da7b,1,Desconhecido,CR,dev,3
8cf883e963b2,0,dd2f46ea0265,1,Desconhecido,CR,dev,3
8cfd81b6304b,1,3d2f7ca7a767,1,Desconhecido,DX,dev,1
8d02fea832ad,1,6e30c774c0c5,1,Desconhecido,CR,test,-1
8d04e38ff3cc,2,6075b7f18ce9,1,Desconhecido,DX,dev,0
8d05f7a01571,1,1689f418535f,1,Desconhecido,CR,dev,0
8d0a46af75e9,2,f51965f7e2f4,1,Desconhecido,CR,test,-1
8d107e939496,1,c6dd78275bc9,1,Desconhecido,DX,dev,2
8d119ef46916,1,edf82e3f97f7,1,Desconhecido,DX,dev,4
8d1bb5055032,0,0b75bfc479f1,1,Desconhecido,CR,dev,4
8d1e97279e94,2,daf089ec5217,1,Desconhecido,CR,dev,4
8d262970d57c,0,17b0b4ffd2b0,1,Desconhecido,DX,test,-1
8d266ade4183,3,3794f97bb484,1,Desconhecido,DX,dev,0
8d2c21678869,1,204709f2defe,1,Desconhecido,CR,dev,1
8d370ba466cb,1,bbd8c5f86238,1,Desconhecido,CR,test,-1
8d3cf4f69a12,0,c0efc9005423,1,Desconhecido,DX,dev,1
8d4380e847cd,2,90299db246f4,1,Desconhecido,DX,dev,2
8d4af13cfe6e,1,6047ffb25741,1,Desconhecido,DX,dev,2
8d5526be4d5c,1,178930121816,1,Desconhecido,CR,test,-1
8d603dc4f0fc,1,fabbc2d34526,2,Desconhecido,DX,dev,4
8d6424e7fe13,1,0c5ecac3f4cf,1,Desconhecido,CR,dev,1
8d73ece7fea9,1,d76c8ee9d522,1,Desconhecido,CR,test,-1
8d858ba398ca,0,8c988277ab73,1,Desconhecido,CR,test,-1
8d98b1ffe5cc,1,cfff23a6930b,1,Desconhecido,CR,dev,1
8db3c6dd3bc8,1,ebb1dc7a71d8,1,Desconhecido,CR,dev,2
8dcafd2451f2,1,178930121816,1,Desconhecido,CR,test,-1
8dd03d75fbbc,2,f6313825c315,1,Desconhecido,DX,dev,2
8dd2336dc141,1,dd48b7257f32,1,Desconhecido,DX,dev,2
8dd9d392745c,1,b19b609f7011,1,Desconhecido,DX,dev,0
8de0328fef41,1,52552de44397,1,Desconhecido,CR,dev,0
8de8992ebe51,1,dc3a2aa0214d,1,Desconhecido,CR,test,-1
8dec4313cf31,3,ad964c2c5333,1,Desconhecido,DX,dev,3
8e0e8fb16772,2,121956335bd1,1,Desconhecido,DX,dev,0
8e207d306f5a,1,44123c7b0cba,1,Desconhecido,DX,dev,0
8e3028ee83b7,2,1456cc807e93,1,Desconhecido,DX,dev,3
8e303eb56993,1,a9cf84ed0ad3,1,Desconhecido,DX,dev,0
8e589a80dc42,2,e92c083ad502,1,Desconhecido,DX,dev,1
8e592ea3b990,1,e5f38859b395,1,Desconhecido,DX,dev,4
8e66608fcb8b,1,18fc7cb836f1,1,Desconhecido,DX,dev,2
8e696c58fe5a,0,fbd7a93b5b3b,1,Desconhecido,DX,dev,1
8e6f3fef011b,2,982564a02da5,1,Desconhecido,CR,dev,2
8e844d4f4027,0,e7e10bc8f1a4,1,Desconhecido,DX,dev,1
8e87c40ed05c,1,1af09f44436b,1,Desconhecido,CR,test,-1
8e88d7565396,1,0f58410afed9,2,Desconhecido,CR,dev,1
8ea4a61f36d5,1,cc5c2ee2f7af,1,Desconhecido,CR,dev,3
8eac27104552,1,19ca51007544,1,Desconhecido,DX,dev,2
8eb7415fd75d,0,1e170b7e1f63,1,Desconhecido,DX,dev,1
8ebfb520f2cc,1,ffff42c26e3e,1,Desconhecido,DX,dev,3
8eef90c9d718,1,77123ffe05b9,1,Desconhecido,DX,test,-1
8ef5384dc952,1,f745a98d595a,1,Desconhecido,CR,test,-1
8f08039e8b7f,1,9c7c17e561eb,3,Desconhecido,DX,dev,3
8f0cd3800684,1,03380e789336,1,Desconhecido,DX,dev,0
8f1242af7d14,2,04e9e2793a90,1,Desconhecido,CR,dev,3
8f152cdec38a,2,6bcad66a9a8b,1,Desconhecido,CR,test,-1
8f22d79a5ba0,1,fdb6e26dac57,2,Desconhecido,CR,dev,3
8f25ccd15213,1,6655dfb4e099,1,Desconhecido,DX,dev,4
8f3131f02439,0,3a1cd747e5ff,1,Desconhecido,CR,dev,4
8f3a2c63b390,1,0d1d6c3f9bca,1,Desconhecido,DX,dev,1
8f3f2c566e2e,1,89e957d0100b,1,Desconhecido,CR,dev,0
8f40087975d6,1,f883e3339bd4,1,Desconhecido,DX,dev,1
8f43952cb2e4,1,afdb092f4f88,1,Desconhecido,DX,dev,4
8f460f57d325,1,57464d91d60f,1,Desconhecido,DX,dev,2
8f59e4041fb3,2,f49fc2f3eba8,1,Desconhecido,DX,dev,2
8f668881cb15,1,49a3b4465b7d,1,Desconhecido,CR,dev,0
8f67031d69a9,3,dcc5394a718e,1,Desconhecido,CR,dev,4
8f67f991ed01,2,a893a9715fa4,1,Desconhecido,DX,dev,1
8f83ac5ef880,2,88daefcc5f8a,1,Desconhecido,DX,test,-1
8f8c93da549d,1,efccc44a7252,1,Desconhecido,CR,dev,0
8f969a767c03,1,dac6c4ef8953,1,Desconhecido,CR,dev,4
8f9900d6dd98,0,a1f5852b7478,1,Desconhecido,CR,dev,1
8f9f2fcd1101,1,0d2ad47cbc31,1,Desconhecido,DX,dev,3
8fa13c443211,1,79347e48b64b,1,Desconhecido,CR,dev,0
8fa4e73b7253,2,c8715f9148df,1,Desconhecido,CR,test,-1
8fb9240dd35b,3,5d061f453346,1,Desconhecido,CR,test,-1
8fc0ab15fbba,0,f673a3ea14bf,1,Desconhecido,CR,dev,4
8fc46a1ef7d6,0,0d2a8c08cbdb,1,Desconhecido,CR,dev,0
8fcb4fdefa9b,1,4df77458d988,1,Desconhecido,DX,dev,0
8fd26a99fddf,2,09ec51c994cc,1,Desconhecido,CR,dev,0
8fd6cbf80a60,3,aa9b37a48160,1,Desconhecido,DX,dev,4
8fde67c815d9,1,a2aa5c179a56,1,Desconhecido,CR,dev,3
8fe8e5f3d9f2,1,fe079469aa39,1,Desconhecido,CR,dev,1
8fece7358b68,0,a3b5007e6d63,1,Desconhecido,CR,dev,1
8ffea46ac1bc,1,05b49a481b99,2,Desconhecido,CR,test,-1
900f971c9d9d,2,cc0126d1c662,1,Desconhecido,CR,dev,1
901033aaf100,1,4aafe393bef8,1,Desconhecido,DX,dev,2
9010d82f158b,2,73c29fecb3cb,1,Desconhecido,CR,dev,1
90128165c011,2,193079b75fbf,1,Desconhecido,CR,dev,4
9027e97cec00,1,86872a4d23b7,1,Desconhecido,DX,dev,1
9032f7dfa5b7,1,a5702c5142a7,1,Desconhecido,CR,dev,3
9039045a41db,0,cd59426cf1a4,1,Desconhecido,CR,dev,1
9039323ef12d,3,0de199831523,1,Desconhecido,CR,dev,1
904b2fc4d66c,2,0702a760cbde,1,Desconhecido,CR,dev,2
9052d0b6f07e,1,34a245d3de2e,1,Desconhecido,DX,test,-1
90563a9f1f5c,1,f1b3a06066e7,1,Desconhecido,DX,dev,1
905f6de7b537,1,7b48e44dbcb3,1,Desconhecido,CR,test,-1
906b1c0633c1,0,e17d163be9f3,2,Desconhecido,DX,dev,1
90857afa360f,3,e5a7c01fc276,1,Desconhecido,CR,dev,1
9092b76fd394,1,f98ad3d3efa4,1,Desconhecido,CR,dev,4
9099a377b0ba,0,f94754a439e5,1,Desconhecido,CR,dev,1
909b093ebd7b,1,f51830d634a4,1,Desconhecido,CR,dev,3
90bbbbe42dcf,0,a18dbb9ce563,1,Desconhecido,CR,dev,2
90d2406651aa,2,bc793bb78222,1,Desconhecido,DX,dev,4
90e2e92afe33,3,17b0b4ffd2b0,1,Desconhecido,DX,test,-1
90ebb1c07f60,0,e35ed9590570,1,Desconhecido,CR,dev,3
90f926079a8b,0,5ac526377017,1,Desconhecido,CR,dev,1
91052d91573d,1,112e8c966f47,1,Desconhecido,CR,test,-1
910fd590ada8,1,84a56b3fa153,1,Desconhecido,DX,dev,4
91107b116bec,1,43458b3f3907,1,Desconhecido,DX,test,-1
9113eb5c46c2,1,f22e6707b89b,1,Desconhecido,CR,dev,1
9115e6b5aef1,0,7ef3de7ea15e,1,Desconhecido,CR,dev,1
911de1f9cbc8,1,f98ad3d3efa4,1,Desconhecido,CR,dev,4
912c5491499a,1,d8d8dfeb7573,1,Desconhecido,DX,dev,3
912f0bf73b2c,1,fab699711fea,1,Desconhecido,CR,dev,2
913182869146,1,9743a8cd1bb6,1,Desconhecido,CR,dev,1
914fd6a59eb7,1,52552de44397,1,Desconhecido,CR,dev,0
915043edcbdd,0,30b9f9e946f4,1,Desconhecido,CR,test,-1
9168248b2ad7,1,d0530b1d5252,1,Desconhecido,DX,dev,4
9168dcefe508,1,88daefcc5f8a,3,Desconhecido,DX,test,-1
916911dbc503,1,db103df30430,1,Desconhecido,CR,dev,0
916e496c7276,1,f92b65a1dfe1,1,Desconhecido,CR,test,-1
9178d88ead3c,1,b3c256b42201,1,Desconhecido,DX,test,-1
9185f141a3c9,1,f791862e26f0,1,Desconhecido,CR,dev,1
919d121c32c5,1,f98ad3d3efa4,1,Desconhecido,CR,dev,4
91a2860aecda,1,86872a4d23b7,1,Desconhecido,DX,dev,1
91a2f86aff44,0,a86b063436c8,1,Desconhecido,CR,test,-1
91a5b9eda347,1,c0e5f08ccedf,1,Desconhecido,CR,dev,3
91bd57a2c56d,2,cc5c2ee2f7af,1,Desconhecido,CR,dev,3
91ced42c375c,3,d83e8eaa5e42,1,Desconhecido,DX,dev,4
91dcfcaf5ee0,1,4c68a64b3c26,1,Desconhecido,DX,dev,1
91e00c3ee94b,1,b42cd76cf4ea,1,Desconhecido,DX,dev,0
91ffc27224b8,2,b7cfeb9a0276,1,Desconhecido,DX,test,-1
920248f0e483,1,dcd8e7f29ff0,1,Desconhecido,CR,dev,2
920a0f6c743f,1,44710e990a9c,1,Desconhecido,CR,test,-1
9225830ff6e8,1,359042149283,1,Desconhecido,CR,dev,1
922ecebef0a6,2,d350ae07ce1c,1,Desconhecido,CR,dev,0
92416d4670b5,0,14d514165464,1,Desconhecido,CR,test,-1
924f402e5f21,2,4b1f6ac0d0fb,1,Desconhecido,DX,dev,4
9250de4a08c0,0,2b8de2b3b29f,1,Desconhecido,DX,test,-1
926375b034e2,2,2b0147e8df77,1,Desconhecido,CR,dev,4
9273fc8c7085,1,925e9253a722,1,Desconhecido,DX,dev,4
9276f2d48294,0,d88cc23057e0,1,Desconhecido,DX,dev,0
9283b3ca7c42,1,9ad7bb573a38,1,Desconhecido,CR,dev,0
928e54bf8b2c,3,55957d2167ab,1,Desconhecido,CR,dev,2
9291a5debee0,0,1257fb6161f5,1,Desconhecido,CR,dev,0
9298dad2b9d5,1,7929c91fd1bf,1,Desconhecido,DX,dev,1
92a134ec6693,0,df18b520c0de,1,Desconhecido,CR,dev,0
92a2802a224d,2,c6dd78275bc9,2,Desconhecido,DX,dev,2
92aacc2910ce,0,4dfc51b34167,1,Desconhecido,DX,dev,0
92aad2d01be8,1,dcc3fdf6426a,1,Desconhecido,DX,test,-1
92aae4899047,0,368df9ffb034,1,Desconhecido,DX,dev,1
92cc20c21651,0,2abe0187826e,1,Desconhecido,CR,test,-1
92db40d7a773,0,fcfb44a0b010,1,Desconhecido,DX,dev,2
92e2158a09b7,1,45d8977e77c7,1,Desconhecido,DX,dev,4
92e8920ef425,2,62ad555e9946,2,Desconhecido,CR,test,-1
92f12dfc9ba1,0,2e15b413241b,1,Desconhecido,CR,test,-1
930457b2b7fc,3,0aa7778d9b36,1,Desconhecido,DX,dev,1
93137dfd6a8b,1,4a124744f677,1,Desconhecido,DX,dev,4
9315df5edab8,0,b470a60e56e9,1,Desconhecido,CR,dev,4
9323ad96ee81,2,88daefcc5f8a,1,Desconhecido,DX,test,-1
932c6343566e,0,09b538bfbe8e,1,Desconhecido,CR,dev,3
9330e8848d54,1,a3b62434c694,1,Desconhecido,CR,dev,3
9345d903a235,1,fae81a6f5e35,1,Desconhecido,CR,dev,2
9348d63bc024,0,5ce5d49bf22d,1,Desconhecido,DX,dev,3
936046fa7b66,0,e4748a430fc8,1,Desconhecido,CR,dev,4
936679c7b27c,2,4ecea2f83348,1,Desconhecido,CR,dev,1
936867da7b98,1,03ed25571071,1,Desconhecido,CR,dev,3
9376fced310c,1,b855886464bd,1,Desconhecido,DX,dev,3
93882c2250e5,1,0a7e9da98422,1,Desconhecido,DX,dev,4
93915d2e405c,0,a69270550346,1,Desconhecido,CR,dev,0
9392e6a8e272,2,f81405a70b89,1,Desconhecido,DX,dev,4
93b2c01193e9,0,b55b334366cd,1,Desconhecido,CR,dev,2
93c6a74d9ef2,1,e67b37cf3f8a,2,Desconhecido,DX,dev,2
93c9ce299102,2,b881d8f56f70,1,Desconhecido,CR,dev,1
93d96a02c3f9,0,e8365e72f810,1,Desconhecido,CR,test,-1
93e8a7d28f91,0,c162cba502bd,1,Desconhecido,CR,dev,2
93eaff86bff6,0,ac3bc1b0166f,1,Desconhecido,DX,dev,2
940927eb98cc,0,b947d0314c7e,1,Desconhecido,DX,dev,1
9416410a5b04,0,b9fc8f537a4b,1,Desconhecido,DX,test,-1
941bf7ac39f3,0,5cafb9c2f7e3,1,Desconhecido,CR,test,-1
9424c80e0448,2,436b63c3a991,1,Desconhecido,CR,dev,1
943486bb3aac,1,e7a495b1e121,1,Desconhecido,DX,dev,3
943d27c0247b,1,ff8df884027e,1,Desconhecido,CR,dev,3
943eaf84ee7e,3,4cb44b85fc17,1,Desconhecido,DX,dev,3
944341248373,1,dda478d300fd,1,Desconhecido,CR,dev,3
944ad5bd7a02,1,17f530f9c797,1,Desconhecido,CR,test,-1
94540d5e5767,1,1e128d5750e1,1,Desconhecido,DX,test,-1
94550ef7a70e,1,853cd4815445,1,Desconhecido,DX,test,-1
945d11f79ea4,1,a9f59bd3e630,1,Desconhecido,CR,dev,4
94708a574bf1,2,0ea04c32796c,1,Desconhecido,CR,dev,3
947af0140d33,1,a032670dac11,1,Desconhecido,DX,dev,4
947bec537575,1,10b638990229,1,Desconhecido,CR,dev,4
948a3520b1f3,0,d5dddc542edd,1,Desconhecido,CR,dev,2
948b59d6a856,1,0d1d6c3f9bca,1,Desconhecido,DX,dev,1
948cbaad29d8,1,8f3947c04165,1,Desconhecido,CR,dev,2
949ec5954702,1,3681b3db3ecc,1,Desconhecido,CR,test,-1
94a3a166d2e6,2,3344071379fb,1,Desconhecido,DX,dev,2
94a65a60dd0f,0,94689379ae38,1,Desconhecido,CR,dev,2
94df074651a2,2,dac3599fed11,1,Desconhecido,CR,dev,2
94dfb50b5b37,1,6fb79b900a39,1,Desconhecido,CR,test,-1
94e318e3c980,1,f7fc11f0530d,1,Desconhecido,DX,dev,3
94eda787df5b,1,013bf5768ba6,1,Desconhecido,CR,dev,1
9506596cb1ab,0,c96dca11b532,1,Desconhecido,DX,dev,3
951400899440,1,879afc5f912b,1,Desconhecido,CR,dev,3
951b8755c772,1,a04f9bd3685b,1,Desconhecido,DX,dev,4
952077ae882b,0,37169a83c252,1,Desconhecido,DX,dev,2
9524452c1d3c,1,ea0df838d7c2,1,Desconhecido,DX,test,-1
9526218fe33d,1,fbaf3fa69133,1,Desconhecido,DX,dev,0
952f04d9cfcc,1,42c50e795727,1,Desconhecido,DX,dev,1
9533d6931fc7,1,2cdc4fd15a6a,1,Desconhecido,CR,dev,2
953e5e477eaa,0,f2bbc28c18b4,1,Desconhecido,DX,dev,4
954f8acb98dd,0,2c772aa2719c,1,Desconhecido,CR,dev,1
9554527fd4a5,1,5f137f396214,1,Desconhecido,CR,dev,0
95566106ef97,1,c2ed574e9ce1,1,Desconhecido,DX,dev,4
955c9a911fd0,3,e893e721d6a0,1,Desconhecido,DX,dev,0
955e9f43b034,0,e1e7678da8de,1,Desconhecido,DX,dev,0
956888a7378d,0,8c468b2cc95b,1,Desconhecido,CR,test,-1
956d5ff78f91,1,ee2a15fd32c9,1,Desconhecido,CR,dev,3
95728086046a,1,760fb6fc434d,1,Desconhecido,CR,dev,4
9575884bee6b,3,f33ee32b21c0,1,Desconhecido,DX,dev,0
95796dc2eced,1,853cd4815445,2,Desconhecido,DX,test,-1
95843bf24ddf,1,9743a8cd1bb6,1,Desconhecido,DX,dev,1
95857167b435,1,6a3d68b27e91,1,Desconhecido,DX,dev,2
95940c3f283a,0,42c49af3fa87,1,Desconhecido,DX,dev,2
959a145fac73,1,99311a06803d,1,Desconhecido,CR,test,-1
959d3d0d8199,1,f63778df0346,1,Desconhecido,DX,dev,4
959ee59f6a71,0,de646608271b,1,Desconhecido,DX,test,-1
95ad3f9aa671,1,fcd0c9946103,1,Desconhecido,CR,dev,4
95bdaffbc7a2,2,4d7078eba83a,1,Desconhecido,CR,dev,4
95c2b109d0d4,2,3583e8ad1eb8,1,Desconhecido,DX,dev,3
95c3cd8b0bba,0,f977a96b7329,1,Desconhecido,CR,dev,1
95da43e095d3,1,e3f295cba706,1,Desconhecido,CR,dev,1
95dba116ccd2,2,55a564259068,1,Desconhecido,DX,dev,3
95eb56f807cf,0,82a8cdbe510d,1,Desconhecido,CR,dev,3
95fb8be641af,1,853cd4815445,1,Desconhecido,DX,test,-1
95fbf4e69a21,1,6fb79b900a39,1,Desconhecido,CR,test,-1
95fcf5433b40,1,c5ef95510399,1,Desconhecido,DX,dev,0
95fd7cfafd10,2,b19b609f7011,1,Desconhecido,CR,dev,0
96067887a106,0,e75df18a04b7,1,Desconhecido,DX,dev,3
960d37415757,1,def0db53876e,1,Desconhecido,DX,dev,3
961761c43308,1,54888b99807f,1,Desconhecido,CR,dev,3
9618c3ca410e,1,883ff3a0043e,1,Desconhecido,DX,dev,0
9624ffcd114a,1,411c8407e04a,1,Desconhecido,DX,dev,1
962b514336b7,1,c846fb8005a5,1,Desconhecido,DX,dev,3
9639e228b628,1,a2cdea4bd996,1,Desconhecido,DX,dev,2
96427109f6d1,2,db73cdb33bf5,1,Desconhecido,CR,dev,2
96448f229e67,2,b794e6c540b9,1,Desconhecido,CR,dev,1
96533d9801a9,0,49d65df029fc,1,Desconhecido,CR,dev,3
965aa8281388,1,1cfc66ec23e5,1,Desconhecido,DX,dev,2
966247fbd8dc,0,aed9ace32868,1,Desconhecido,DX,dev,0
966b3f33b181,1,80da6bfa77f3,1,Desconhecido,CR,dev,1
966cf034dd4c,1,2d406ec0da63,1,Desconhecido,CR,dev,0
9672beea2200,1,36de310c5aa9,1,Desconhecido,CR,dev,2
967c057bb8f5,0,c4260a822242,1,Desconhecido,CR,test,-1
9680b6bc8e55,2,2953acf9e586,1,Desconhecido,CR,dev,4
96847884be69,2,a0ff67029f3e,1,Desconhecido,DX,dev,2
9685362f9920,1,1af09f44436b,1,Desconhecido,CR,test,-1
96991f19b1f9,0,44b9c3f8b134,1,Desconhecido,CR,dev,2
96b52adeeca5,3,b42cd76cf4ea,1,Desconhecido,DX,dev,0
96d1f9ad6e80,1,e33c39c8d3ed,1,Desconhecido,DX,dev,1
96d6988dafa4,1,f9115ecb11ab,1,Desconhecido,CR,dev,2
96d9d0f47cbd,0,f90555ce150b,1,Desconhecido,DX,dev,0
96dfa1261098,0,f0e55544f32d,1,Desconhecido,DX,dev,4
96e0daba7ca8,1,605f64a791e0,2,Desconhecido,DX,dev,2
96fa47f2b83f,0,5637b3dda9c8,1,Desconhecido,CR,dev,1
97020cda085f,0,d82493d15f8a,1,Desconhecido,CR,dev,3
9704fd5364eb,0,7323c7864508,1,Desconhecido,CR,dev,4
970c96c9fa5d,1,e2af423e23b6,5,Desconhecido,DX,dev,1
970e477a229f,0,e9de661f8227,1,Desconhecido,CR,dev,3
972ffc42f524,3,6fb79b900a39,1,Desconhecido,CR,test,-1
973c7216c8d4,0,60188e7a6952,1,Desconhecido,DX,dev,3
97621dde2dd7,0,e2363a56c97c,1,Desconhecido,CR,test,-1
97674ac9caab,1,f673a3ea14bf,1,Desconhecido,CR,dev,4
97692c000b63,1,dc10d3cf91a6,1,Desconhecido,CR,dev,4
9776469ed2a5,0,c00653dbe562,1,Desconhecido,DX,dev,4
977af8f945cf,0,36b2ba8f4095,1,Desconhecido,CR,dev,3
9785b5d2ce37,1,d035537a0373,1,Desconhecido,CR,dev,3
9788d6db5ccf,0,c98d34565c7a,1,Desconhecido,CR,dev,0
9793d59830f1,2,07dfaf24794a,1,Desconhecido,DX,dev,1
979f302a2fef,1,1e400eccc0bb,1,Desconhecido,DX,dev,4
97a4dc6f1f5f,2,f715407240a9,1,Desconhecido,CR,dev,4
97d942de179b,1,ba5c0a2ef817,1,Desconhecido,DX,test,-1
97e16d0a1e67,1,3b567b5f59a4,1,Desconhecido,CR,test,-1
97ef8dddd102,2,a66dba7d222a,1,Desconhecido,CR,dev,2
97f397ffb11b,3,badaec87297a,1,Desconhecido,CR,test,-1
97f7b3de1e6c,2,ecdbabf3e57c,1,Desconhecido,DX,test,-1
98023f79d14d,1,b32bfc3fef56,1,Desconhecido,CR,dev,1
980351f05de0,1,a770e506664d,1,Desconhecido,DX,dev,1
980a690320eb,1,7695a483540d,1,Desconhecido,DX,dev,1
981094f34e9a,1,a16ba9d9eb2b,1,Desconhecido,CR,test,-1
98177d6d0db0,1,d060874b19cc,2,Desconhecido,DX,dev,1
9817859ffa87,3,0702a760cbde,1,Desconhecido,CR,dev,2
982b445c0d1b,1,ff496180fc60,1,Desconhecido,DX,dev,0
983579cf7e1a,1,4025e16d53a4,1,Desconhecido,CR,dev,4
983673fbc3e3,1,1150aa5c5105,2,Desconhecido,DX,dev,1
9842ee31aee8,1,2012a6bfc745,1,Desconhecido,CR,dev,0
9847df53f2f7,0,eb0747cbca44,1,Desconhecido,DX,dev,4
984ce6dfbc51,3,2b21df8d68ae,1,Desconhecido,CR,dev,1
985183d8e424,1,6c50536fa532,1,Desconhecido,CR,test,-1
9855cbfdcb71,0,f7ca4301d91f,2,Desconhecido,CR,dev,2
985b26811cf7,1,e766f3ccfcda,1,Desconhecido,CR,dev,0
9862e4094231,0,73f2173a355e,1,Desconhecido,CR,dev,4
98696039f5a0,2,3f68c390b745,1,Desconhecido,DX,dev,1
9872417abeed,2,c4638c69c169,1,Desconhecido,DX,dev,4
9878f8b090bd,0,7fad2ad26adc,1,Desconhecido,CR,dev,2
98868469e23c,1,7695a483540d,1,Desconhecido,CR,dev,1
98a3f60e39a1,0,a1f79355948c,1,Desconhecido,CR,dev,4
98bbbab1a415,1,ffcc2ae70c34,1,Desconhecido,CR,dev,3
98c6965e9185,1,15c86a9e3c74,1,Desconhecido,CR,dev,2
98ca208a6e43,2,8f1ef3b8e8cd,1,Desconhecido,CR,dev,2
98cd48a41756,2,dba42fc60d9d,1,Desconhecido,DX,dev,1
98cd793644aa,1,916b2bd444af,1,Desconhecido,DX,dev,0
98d13a3c4060,1,f2c4dfc9be6f,1,Desconhecido,CR,dev,1
98d246dec8db,2,e7579cb525db,1,Desconhecido,CR,dev,3
98e5ea7a176d,2,debb582c909f,1,Desconhecido,DX,dev,0
98e86888141f,1,fccb73272784,1,Desconhecido,DX,dev,3
98f14a54fa31,1,8107823e72af,1,Desconhecido,CR,dev,1
98f702bb9649,1,b3396b5842eb,1,Desconhecido,DX,dev,3
990599c35260,0,fae5f9836c5d,1,Desconhecido,DX,test,-1
990642807f68,0,f75436213699,1,Desconhecido,CR,dev,1
990da56b9183,1,6b825ddbcc55,1,Desconhecido,DX,dev,2
990fc38a16ae,1,30aec1ad90b0,1,Desconhecido,CR,dev,4
9911a3ab56c2,0,e35ed9590570,1,Desconhecido,CR,dev,3
9915d9038245,1,e6021ae9eae5,1,Desconhecido,DX,dev,1
991c7282e91c,1,bd1a97560001,1,Desconhecido,CR,dev,2
991e39f747a1,0,f6b678634ee8,1,Desconhecido,CR,dev,1
9927fbe86982,0,a2924c96a73b,1,Desconhecido,CR,dev,4
9930f422e63a,0,db7b9925b6d6,1,Desconhecido,CR,test,-1
9934fb324443,1,6fb79b900a39,1,Desconhecido,CR,test,-1
993b749f6c8c,1,fcf7a3266b56,1,Desconhecido,CR,test,-1
9945a45c802e,3,f6c959d461a1,1,Desconhecido,CR,dev,0
994885f06db4,1,3183fcf5ced4,1,Desconhecido,DX,dev,1
99499db74741,1,e893e721d6a0,1,Desconhecido,DX,dev,0
995b90d044b3,1,def0db53876e,1,Desconhecido,DX,dev,3
99606cd849bc,2,dbed233c614f,1,Desconhecido,DX,dev,1
996e865f85d2,1,e0de3f467212,1,Desconhecido,DX,dev,0
997985cf7142,1,7805ba187bb9,1,Desconhecido,CR,dev,2
997b769bd2bd,0,571640dcda46,1,Desconhecido,CR,dev,2
99a33da42b9f,1,625c548c7931,1,Desconhecido,DX,dev,3
99aa2bb52d7e,0,e379e6327935,1,Desconhecido,CR,dev,0
99ba95380399,0,f23c4d6576d1,1,Desconhecido,CR,dev,1
99c1585d12cb,1,dff7795d7c91,1,Desconhecido,CR,dev,2
99c38d2b32b3,1,edf82e3f97f7,1,Desconhecido,DX,dev,4
99cb21faf18a,1,dcc3fdf6426a,1,Desconhecido,DX,test,-1
99cb5766690f,1,2cdc4fd15a6a,1,Desconhecido,CR,dev,2
99cf4e630194,0,a4d76a9a795c,1,Desconhecido,DX,test,-1
99f38c618539,0,f7b35834caa1,1,Desconhecido,DX,test,-1
9a0b8204400b,3,7006ae167c0b,1,Desconhecido,DX,dev,4
9a14755ecb62,1,e2b24805f59b,1,Desconhecido,DX,test,-1
9a19d3c19232,0,89435d28bf31,1,Desconhecido,CR,dev,4
9a28b92792aa,1,ab379b591c14,1,Desconhecido,CR,test,-1
9a2ad069cce4,1,0d2ad47cbc31,1,Desconhecido,DX,dev,3
9a493656953a,1,3e489912fd83,1,Desconhecido,DX,dev,3
9a4a6abdf776,2,f22e6707b89b,1,Desconhecido,DX,dev,1
9a55a2828b28,0,94cffbf88f3d,1,Desconhecido,CR,test,-1
9a7558f7afc1,0,84a45ff5d79e,1,Desconhecido,CR,test,-1
9a769075f534,0,fd6c51707c04,1,Desconhecido,DX,dev,2
9a7b51f98ab5,2,e28594ecb373,1,Desconhecido,DX,dev,2
9a815fbcc84a,2,de719b4b924e,1,Desconhecido,CR,test,-1
9a929fff0d10,1,d6559c74aa93,1,Desconhecido,CR,test,-1
9a9306122b73,1,ff31b8ec6f08,1,Desconhecido,CR,dev,1
9aa19b9ab337,1,c846fb8005a5,1,Desconhecido,DX,dev,3
9aaf7f37753d,0,126ae65a5c46,1,Desconhecido,DX,test,-1
9ab36af82642,0,2103565d5fce,1,Desconhecido,DX,dev,4
9ac50f02c18c,0,2025d8df89f8,1,Desconhecido,DX,dev,0
9acd72663429,1,4240c13d77ec,1,Desconhecido,CR,dev,1
9ad40e851b44,1,057ce34b5fca,1,Desconhecido,CR,test,-1
9ad7aec257e6,1,8c8414b55044,1,Desconhecido,DX,dev,1
9b0a69e3220d,3,12bfd8129d8b,1,Desconhecido,CR,test,-1
9b1d142bd9a9,1,c383cbf78b2f,1,Desconhecido,CR,dev,2
9b1e813ea349,2,eb7874116873,1,Desconhecido,CR,dev,4
9b23056b4965,1,e1f603f0e590,1,Desconhecido,DX,test,-1
9b350fdf9d64,0,e1be9a1b3934,1,Desconhecido,CR,dev,4
9b3748a1c634,0,41c1fa457b38,1,Desconhecido,DX,dev,4
9b4bd818dd00,1,437eb3469085,1,Desconhecido,DX,dev,3
9b5b8816a625,2,01873591bb92,1,Desconhecido,DX,dev,3
9b645ac3442b,1,cf85c2a49b40,1,Desconhecido,CR,dev,4
9b6ddea1d71e,1,e20d41441c14,1,Desconhecido,CR,dev,4
9b74cea0d6b1,0,cda479527966,1,Desconhecido,CR,test,-1
9b74d9ad3f2c,3,306a7995b479,1,Desconhecido,CR,test,-1
9b7abbb52fe9,1,ac9f656d4990,2,Desconhecido,DX,dev,2
9b82de27b7da,1,fb9f7af27c15,1,Desconhecido,CR,test,-1
9b84e9c337df,1,112e8c966f47,1,Desconhecido,CR,test,-1
9b978a92670c,0,b5e334f0071e,1,Desconhecido,DX,dev,4
9ba12eba8ede,1,52552de44397,1,Desconhecido,CR,dev,0
9bc0baeae132,3,8fc9ab0f66d6,1,Desconhecido,CR,dev,0
9bc1a2bcd4b7,1,c8d298ce5d58,1,Desconhecido,CR,dev,0
9bcdbf81ef2a,1,30638322a1f1,1,Desconhecido,DX,test,-1
9bd0adfaf794,1,dcc3fdf6426a,1,Desconhecido,DX,test,-1
9be73d4b7339,1,40b6fd9870a0,1,Desconhecido,CR,test,-1
9bea3f653677,3,99af43c0ff68,1,Desconhecido,DX,test,-1
9bee391e272c,1,5f5909e1bad5,1,Desconhecido,DX,dev,4
9bfc747353b9,1,4ffb00234b9a,1,Desconhecido,CR,dev,1
9c03092ea533,2,ee2c97369713,1,Desconhecido,CR,dev,3
9c1f5a410926,2,c67572649818,1,Desconhecido,DX,dev,0
9c7647d1c27a,0,ea73c9c321e2,1,Desconhecido,CR,dev,3
9c9195463881,1,d7f6ff2a12e6,1,Desconhecido,DX,dev,2
9c95946da400,2,f27c641f0a6a,3,Desconhecido,DX,dev,3
9cb94320645e,1,f6362cf209a2,1,Desconhecido,CR,dev,3
9cc2f64f0c58,1,8ad759170a14,1,Desconhecido,DX,test,-1
9cceed954b94,1,e20d41441c14,1,Desconhecido,DX,dev,4
9cd0c4ada41f,0,dd0e93ca480d,1,Desconhecido,DX,test,-1
9cd8791681aa,1,e1703aaff024,1,Desconhecido,CR,test,-1
9cdcb56eaaae,2,2a6a8aee1d15,1,Desconhecido,CR,dev,2
9cdd781b61ab,3,b01dd59f44d5,1,Desconhecido,DX,dev,4
9cdeca924178,0,a5bc0d4f4db4,1,Desconhecido,CR,dev,1
9cece086de6f,0,66908a429999,1,Desconhecido,CR,dev,0
9cef4ea2d3e6,0,fc037a6fd694,1,Desconhecido,DX,dev,2
9cf41cd052f7,0,1afb9c64e6d9,1,Desconhecido,CR,dev,0
9cfda4a0d375,2,f8aca579ebd1,1,Desconhecido,CR,test,-1
9d0157caf088,2,55a564259068,2,Desconhecido,CR,dev,3
9d07514a1023,1,3ad8ebb23efd,1,Desconhecido,CR,dev,1
9d17eb56c1ab,1,5bf4e7d25406,1,Desconhecido,DX,dev,2
9d1c6d0be5b2,2,d59c1a45b588,1,Desconhecido,DX,dev,3
9d2251392b2d,1,fb7fbd39d51a,1,Desconhecido,DX,dev,3
9d2c1cb6203f,1,7f39beab42ab,1,Desconhecido,CR,dev,0
9d398b995734,2,fb6d0ab0275e,1,Desconhecido,DX,test,-1
9d41436ab64b,2,f0e55544f32d,1,Desconhecido,DX,dev,4
9d458fcc8594,0,5a5d34db1b0d,1,Desconhecido,CR,test,-1
9d46d14396b9,2,26cd03dcb4be,1,Desconhecido,DX,dev,4
9d514ce429a7,1,6a02c0731039,1,Desconhecido,DX,dev,0
9d553ab91801,0,727bd4be539f,1,Desconhecido,DX,dev,1
9d55b43150e5,2,2df5329a6f47,1,Desconhecido,CR,dev,1
9d577463e64c,0,f84a2a0995e0,1,Desconhecido,DX,test,-1
9d5a724952f4,0,2f74a944e623,1,Desconhecido,CR,dev,0
9d5fb048b2e3,1,fadf8c00d35f,1,Desconhecido,DX,dev,0
9d6647847383,1,f94754a439e5,1,Desconhecido,CR,dev,1
9d66cc2c906f,0,5941b0593dd3,1,Desconhecido,CR,dev,2
9d692d81efb8,2,f92b65a1dfe1,1,Desconhecido,CR,test,-1
9d7e20c01f99,1,5cf96951c724,1,Desconhecido,CR,test,-1
9d85cfba99ae,1,247b21940e16,1,Desconhecido,DX,dev,4
9d8fb5abccc3,1,fdd943862f9a,1,Desconhecido,DX,dev,0
9da3efcced2e,1,045fa90f978d,1,Desconhecido,DX,dev,0
9dc2ebecf986,2,cbabfc6c389a,1,Desconhecido,CR,dev,4
9dcc529a7a34,3,a400a62e3419,1,Desconhecido,CR,test,-1
9ddd0027433b,2,2fa120ad49be,1,Desconhecido,DX,dev,2
9deb368bf67e,0,9a13f2d79110,1,Desconhecido,CR,dev,3
9df4a907f7f5,3,ce81a801f38e,1,Desconhecido,DX,test,-1
9e128d1afcf9,1,08efc5aa0dd7,1,Desconhecido,CR,test,-1
9e1b05a7acb8,1,ad2fca991a54,1,Desconhecido,CR,dev,0
9e203aeed99f,1,fa8e6984a9c2,1,Desconhecido,DX,dev,4
9e2ce8e735ab,0,2fa9f9c24eaa,1,Desconhecido,DX,dev,3
9e344b8a4fdf,3,93576f9bbfc0,1,Desconhecido,DX,dev,2
9e3727c8eb64,1,98aba0782e92,1,Desconhecido,CR,dev,1
9e49c8e24623,0,5311bcdb8aea,1,Desconhecido,DX,dev,3
9e4d14c0491a,1,5aaed7baa925,1,Desconhecido,DX,dev,1
9e54c4048c29,0,1395933e22b3,1,Desconhecido,CR,dev,3
9e5cb858ff8a,0,7a750c5beb47,1,Desconhecido,CR,dev,2
9e5cdeb53c06,0,f7d98c3a2b04,1,Desconhecido,CR,dev,0
9e61d18ded2f,1,ee9b92717fae,1,Desconhecido,CR,dev,1
9e649215f5a8,0,85c88354c47d,1,Desconhecido,DX,dev,0
9e6e8142ca4f,2,d72c20de9b35,1,Desconhecido,DX,dev,1
9e70afac2591,2,bd2d67b0d4d6,1,Desconhecido,CR,dev,4
9e764db71b31,3,350d1aba7354,1,Desconhecido,CR,test,-1
9e99231860d5,1,0590b30a75ab,1,Desconhecido,CR,dev,4
9eabf871003c,2,aedf65f6b56b,1,Desconhecido,DX,dev,1
9eee6113cbea,0,07829aec0eae,1,Desconhecido,DX,test,-1
9ef4fd7b2557,1,86eb9beeea0b,1,Desconhecido,CR,dev,3
9f08bfb28f37,1,efcd2099b781,1,Desconhecido,DX,test,-1
9f0ec4c9eba3,2,eea9d6943aef,1,Desconhecido,DX,dev,1
9f18402a0625,2,fe9d57c6208c,1,Desconhecido,DX,dev,1
9f1a9ff51098,2,38e162717474,1,Desconhecido,DX,test,-1
9f2c8b935d12,1,fc1c1ccc734f,1,Desconhecido,DX,dev,3
9f46e9ceed53,0,b5a7ec51b89d,1,Desconhecido,CR,dev,3
9f61fffd8a09,0,c7fde547fca2,1,Desconhecido,DX,dev,4
9f8d8f947beb,1,b47d10dfc28e,2,Desconhecido,CR,test,-1
9f91689f9177,1,9ec7f7ed065c,1,Desconhecido,CR,test,-1
9f95066c5136,1,c7b761917044,1,Desconhecido,CR,dev,0
9f980fd8cfa2,1,e2af423e23b6,1,Desconhecido,DX,dev,1
9fa10c15f544,1,1af09f44436b,1,Desconhecido,CR,test,-1
9fa2ca50548e,1,4ddcc15eebc5,1,Desconhecido,DX,dev,3
9faedba4b8f9,1,dc6f3ffe0d17,1,Desconhecido,CR,dev,2
9fcd343ef67b,3,e1f603f0e590,1,Desconhecido,DX,test,-1
9fd6d2ef1078,1,ebf1212e86be,1,Desconhecido,DX,dev,2
9fdc942fef5a,0,248882e24032,1,Desconhecido,DX,dev,3
9fe59641da0d,1,9ec7f7ed065c,1,Desconhecido,DX,test,-1
9fe9b5770dcb,2,8cf3009cec6b,1,Desconhecido,CR,dev,2
9ff049a6b395,1,f4bce9f9ada5,1,Desconhecido,DX,dev,2
9ffca298e56d,2,72c169074a8c,1,Desconhecido,DX,dev,2
a00e889aef1b,0,d2558b2ebf50,1,Desconhecido,DX,dev,3
a00ea9526864,1,6cd6b50b8751,1,Desconhecido,CR,dev,4
a010493089f1,3,71d6f50a3413,1,Desconhecido,DX,dev,3
a01635a34416,2,376c43b27b03,1,Desconhecido,CR,dev,2
a0254bf8a96e,0,b2f34db2eda2,5,Desconhecido,CR,dev,2
a03475617868,1,73c29fecb3cb,1,Desconhecido,CR,dev,1
a039c3e66fe8,1,74ea48b40309,1,Desconhecido,CR,dev,0
a03daefd7f50,1,5f0d5f9e78fe,1,Desconhecido,CR,dev,0
a049406d1973,2,3aa5e98f20ef,1,Desconhecido,CR,dev,3
a059024800d5,0,eb376745b279,1,Desconhecido,DX,dev,2
a05e3567f7f8,1,a6f754dcfdbd,1,Desconhecido,CR,dev,3
a0627abab45a,1,3b303dd63a5d,1,Desconhecido,CR,dev,0
a067f7763b96,2,7753996b402f,1,Desconhecido,DX,test,-1
a072ab44ba69,1,09ec51c994cc,1,Desconhecido,CR,dev,0
a0927e51897c,1,507c21a73b31,1,Desconhecido,CR,dev,3
a09a654ac934,1,2bd3b9895dcc,1,Desconhecido,DX,test,-1
a0a788258015,0,d0810623b9ca,1,Desconhecido,DX,test,-1
a0aeed6297e4,2,e64a699c2096,1,Desconhecido,CR,dev,2
a0c909dffbff,2,7f160b9f649f,1,Desconhecido,DX,test,-1
a0cb0b96fb3d,1,eb981a5bc177,1,Desconhecido,DX,dev,4
a0e4e4803252,1,0b06cd4aabcf,1,Desconhecido,CR,test,-1
a0ee0882a1af,2,dde898685d02,1,Desconhecido,CR,dev,0
a0f781c851b5,0,fb883bc7538d,1,Desconhecido,DX,dev,1
a0fa0c688236,2,a3f946f9ad10,1,Desconhecido,DX,dev,4
a0fa7251455a,1,25e50e323e79,1,Desconhecido,CR,dev,0
a1052bbfc9b1,2,1e4071d35294,1,Desconhecido,CR,dev,3
a11b33c50c84,3,7f0c4bf17dea,1,Desconhecido,DX,test,-1
a12376c1eb75,2,30d3dbd460d9,1,Desconhecido,CR,dev,2
a12656e39aaa,1,e7a495b1e121,1,Desconhecido,DX,dev,3
a129df480e7f,0,09dcdadeba58,1,Desconhecido,DX,dev,2
a12f0ab3d7ed,1,e3080ed63f0a,1,Desconhecido,CR,dev,0
a15ae5112312,2,07dfaf24794a,1,Desconhecido,CR,dev,1
a16bd2ab79c3,0,b303bb32def7,1,Desconhecido,CR,test,-1
a170d9c2a410,1,f11463c62305,1,Desconhecido,DX,dev,3
a173eb366e83,1,1257a64e6a52,1,Desconhecido,CR,dev,4
a17c8a3c6416,2,a42a346c8eff,1,Desconhecido,DX,dev,2
a17dffb1dcf9,3,802670509225,1,Desconhecido,CR,dev,0
a180e392df12,0,1f95feec432d,1,Desconhecido,CR,dev,4
a1844a4ba6f2,1,934ac6692e3a,1,Desconhecido,CR,dev,1
a1864aaf556e,1,cb59d538ca99,1,Desconhecido,CR,dev,0
a19272b73379,0,728f178e9cf8,1,Desconhecido,CR,test,-1
a19382e3cce5,1,eb5a6898b902,1,Desconhecido,CR,dev,0
a1a0ff86b50f,1,6595681fdcee,1,Desconhecido,CR,dev,1
a1a4fa99ef5d,2,aebb52622517,1,Desconhecido,DX,test,-1
a1adb406b342,1,8a006ad18b49,1,Desconhecido,DX,dev,2
a1ae5f6f0d47,1,ea91249b8de5,1,Desconhecido,DX,dev,4
a1cc057809db,1,83d8a923389b,1,Desconhecido,CR,dev,2
a1d3defcc10e,3,8f1ef3b8e8cd,1,Desconhecido,CR,dev,2
a1d3ecf7c3d7,0,5e4743344da9,1,Desconhecido,DX,dev,4
a1df5617626b,1,4c6c2c0efccc,1,Desconhecido,DX,dev,3
a1e38936bfff,2,e6fb93bff283,1,Desconhecido,DX,test,-1
a1f9e53e9270,2,ff6804d7c0e3,1,Desconhecido,DX,dev,4
a1fca1702255,0,f7ba0f93bb2b,1,Desconhecido,CR,dev,4
a2040274d57b,1,ebbb51f4dddd,1,Desconhecido,DX,dev,3
a20916a9f4fe,2,ebb1dc7a71d8,1,Desconhecido,DX,dev,2
a20c8c388d36,1,e66989ff6771,1,Desconhecido,DX,dev,3
a20f42a2f5b0,1,9b1b13c24ad4,1,Desconhecido,CR,dev,2
a2172305e7ba,0,e2d9933c612e,1,Desconhecido,DX,test,-1
a21b244030e1,0,b0fa80d62b33,1,Desconhecido,CR,dev,3
a21d04e8fbe1,0,1b4c8715e5a9,1,Desconhecido,DX,dev,0
a22fdbc3266e,1,f3f60bb93c59,1,Desconhecido,CR,test,-1
a231f3b0d9a1,1,112e8c966f47,1,Desconhecido,CR,test,-1
a241b8b55623,1,44123c7b0cba,1,Desconhecido,CR,dev,0
a2503ebcfbd6,1,eff59fa6a4af,1,Desconhecido,CR,test,-1
a25113d5cb14,0,55a564259068,1,Desconhecido,CR,dev,3
a2534013634c,0,a60f629d98da,1,Desconhecido,DX,test,-1
a26315a4a01f,2,d0530b1d5252,1,Desconhecido,CR,dev,4
a26c23e61853,2,e5a7c01fc276,1,Desconhecido,CR,dev,1
a273942175e8,3,9bedfa9115bd,1,Desconhecido,DX,test,-1
a27ab5ca843e,3,3aa5e98f20ef,1,Desconhecido,DX,dev,3
a282ce9c0b8b,1,2bd3b9895dcc,1,Desconhecido,DX,test,-1
a286861ce88f,0,f83ab27692cc,1,Desconhecido,DX,dev,1
a286afd80fbe,0,f0fff120eead,1,Desconhecido,DX,dev,2
a292b1d0cce3,1,1bab3bad889c,1,Desconhecido,CR,dev,2
a29b6e721a2d,0,1d9672471761,1,Desconhecido,CR,dev,2
a29dd9b40ef0,1,df08525daffc,1,Desconhecido,DX,dev,0
a2b155b28828,1,df08525daffc,1,Desconhecido,DX,dev,0
a2c18811ac63,0,8725ca303dce,1,Desconhecido,CR,dev,4
a2c441a9a2fa,0,95583996ea4f,1,Desconhecido,CR,dev,1
a2ca59370337,2,84257ea3bb30,1,Desconhecido,CR,dev,4
a2dab8d548ca,3,93e8df402247,1,Desconhecido,DX,dev,0
a2e68abf134c,1,0fa8280fec3c,1,Desconhecido,DX,dev,2
a2ea009b52fd,1,eea90b5b12a8,1,Desconhecido,CR,dev,2
a2f3fa59d0cf,0,2079dd80dfaa,1,Desconhecido,DX,dev,2
a2fd15d23a65,0,5293f676376b,1,Desconhecido,DX,dev,1
a2fd48c105c1,2,0ea04c32796c,1,Desconhecido,CR,dev,3
a30df02de39d,0,ecb9ea4ab798,1,Desconhecido,DX,dev,2
a312d66f0f1c,1,42c2a066bfc4,1,Desconhecido,DX,dev,2
a31551d81bec,1,892b894f9d7f,1,Desconhecido,CR,test,-1
a3262ea06be3,1,03ed25571071,1,Desconhecido,CR,dev,3
a32acecb1060,1,e635e74da571,1,Desconhecido,CR,test,-1
a335674d8416,0,3ba7541096e7,1,Desconhecido,CR,dev,1
a33697e797cc,2,e06df1f38b3b,1,Desconhecido,DX,dev,2
a336bfc009da,2,d12601427af6,1,Desconhecido,DX,dev,4
a3385095361e,1,899fff166497,1,Desconhecido,CR,dev,1
a33a10fc3288,0,2d7e5ee2ccae,1,Desconhecido,DX,test,-1
a33d67387cbb,0,df983bb9cf37,1,Desconhecido,DX,dev,3
a34bfa3e0298,1,02cf6aa8b2b7,1,Desconhecido,DX,dev,4
a34c88047a71,1,3681b3db3ecc,1,Desconhecido,DX,test,-1
a34fefe62a8c,1,c2ed574e9ce1,1,Desconhecido,DX,dev,4
a375e7272183,1,5457054bbd4b,1,Desconhecido,CR,dev,2
a3816b3911d8,0,095deb3bf355,1,Desconhecido,CR,dev,2
a39c8877e5f3,3,5e86457f58ce,1,Desconhecido,DX,dev,0
a3a1bd42e1d9,1,853cd4815445,1,Desconhecido,DX,test,-1
a3a97e9826f2,1,e679992eb4c3,1,Desconhecido,CR,dev,0
a3b3e87e80c5,3,e1e7678da8de,1,Desconhecido,CR,dev,0
a3ca77fe7d3e,0,67df9ba6e326,1,Desconhecido,DX,dev,0
a3e0a4f98acf,1,2d406ec0da63,1,Desconhecido,DX,dev,0
a3f6bc388702,0,b89280debefa,1,Desconhecido,DX,dev,0
a3f959cfb652,0,56d95fd6baaf,1,Desconhecido,DX,dev,3
a40024c82acc,0,77bb27a56571,1,Desconhecido,CR,dev,4
a40158c68404,3,1d61f856404a,1,Desconhecido,CR,dev,0
a417b008dd8c,1,eb200c9601d5,1,Desconhecido,CR,dev,0
a41ae95d5d0f,1,edc9a4fb1dd9,1,Desconhecido,DX,dev,2
a421f856fe02,1,e7a495b1e121,1,Desconhecido,DX,dev,3
a42ae62f7181,1,8620b61806bd,1,Desconhecido,CR,dev,4
a435175b518a,1,fe3094038eae,1,Desconhecido,CR,dev,2
a4398fd61dca,1,e88bb44c27ac,1,Desconhecido,CR,test,-1
a4429932fae7,0,f09e961596e7,1,Desconhecido,DX,dev,3
a44afa4fa73d,0,cc4242ad508c,1,Desconhecido,DX,dev,0
a45728df9fa0,1,ecaa835c96f4,1,Desconhecido,CR,dev,1
a45b8266678e,2,dd81c19bef93,1,Desconhecido,DX,dev,2
a45cba2a479b,0,f11a0b6986dc,1,Desconhecido,DX,test,-1
a45fbd22e4b2,2,445d9a755e3e,1,Desconhecido,CR,dev,1
a47390d298a2,2,a2d5e6c655ed,2,Desconhecido,DX,dev,1
a47b48392e9d,1,e893e721d6a0,1,Desconhecido,CR,dev,0
a4856003f5c1,1,7ffcecf526f9,2,Desconhecido,DX,dev,3
a48a2da30373,1,5fe9d9a7ea42,1,Desconhecido,CR,test,-1
a4a423ac8d91,3,51aea11bb8b9,1,Desconhecido,CR,dev,2
a4a51116a876,0,77bb27a56571,1,Desconhecido,DX,dev,4
a4afefa6dc77,2,fa0faf7bc3de,1,Desconhecido,CR,test,-1
a4b311d1dc4b,0,ee767f62bdef,1,Desconhecido,CR,dev,4
a4b8c6113a28,3,e72f2fac9812,1,Desconhecido,DX,test,-1
a4b902e30c61,0,e05460a5a216,1,Desconhecido,CR,dev,4
a4bd8a5f8b60,0,b27684c980bc,1,Desconhecido,DX,test,-1
a4be1f6bd25c,1,c997f46b2446,1,Desconhecido,DX,test,-1
a4bf95ce9c17,1,f641c5bfc522,1,Desconhecido,CR,dev,4
a4c2231544cb,1,deed23acb0d1,1,Desconhecido,CR,dev,3
a4c81006c600,2,521a99a8a662,1,Desconhecido,DX,dev,4
a4cb6223131e,2,055739137d44,1,Desconhecido,DX,dev,0
a4cc472d2a30,0,a4a057ac1fcf,1,Desconhecido,CR,dev,1
a4db0d4869c5,1,c0671853504f,1,Desconhecido,CR,dev,1
a4e94133d95a,1,544900f30303,5,Desconhecido,CR,dev,0
a4fa1a3f4931,0,d5d1cd0a9e76,1,Desconhecido,CR,dev,3
a50b43f24453,1,cf4ed50a126a,2,Desconhecido,CR,dev,2
a516d0dd7c9e,1,0873f2c7a963,1,Desconhecido,CR,dev,3
a5203b903444,3,605f64a791e0,1,Desconhecido,DX,dev,2
a52265dec2ad,0,30704e6935ae,1,Desconhecido,DX,dev,4
a52862899ae4,0,448f27476152,2,Desconhecido,CR,dev,1
a5303f2a4c73,1,16dbab422bd5,1,Desconhecido,DX,dev,1
a5305e516c54,3,6a2748084751,1,Desconhecido,CR,dev,3
a53784deddfe,3,88daefcc5f8a,1,Desconhecido,DX,test,-1
a53b397be0b5,2,2d0ab6d87900,2,Desconhecido,CR,test,-1
a5400b659f7f,1,9743a8cd1bb6,1,Desconhecido,CR,dev,1
a541ccade574,2,babb6476c148,1,Desconhecido,DX,dev,3
a54e0662895a,0,f56d887101d8,1,Desconhecido,DX,dev,0
a5591a2fd5d8,1,fc1cd55e3dd5,1,Desconhecido,DX,dev,1
a562e6aaeed3,1,64f9097d4092,1,Desconhecido,DX,dev,4
a5656b78cc0e,1,b19b609f7011,1,Desconhecido,CR,dev,0
a567703dcd4c,1,62ad555e9946,1,Desconhecido,CR,test,-1
a56a373f11f7,0,97e0b3df1128,1,Desconhecido,DX,dev,0
a57441f93f98,2,cc5c2ee2f7af,1,Desconhecido,CR,dev,3
a5810f9d2099,0,76171a8e94c9,1,Desconhecido,CR,dev,3
a588a2d63baa,1,2a8de4396a98,1,Desconhecido,CR,dev,4
a5958238aa4f,0,e1fe9181e8a7,1,Desconhecido,CR,dev,2
a5af28176585,1,74ea48b40309,1,Desconhecido,DX,dev,0
a5b9482cfa77,1,d0530b1d5252,1,Desconhecido,CR,dev,4
a5c349de688d,1,e515a4aaa982,1,Desconhecido,CR,dev,1
a5cb6aa21cfa,1,32addbe2ce8f,1,Desconhecido,CR,test,-1
a5cbe7d78172,1,299189de8e0a,1,Desconhecido,DX,dev,0
a5cd73b4850d,2,e22eac9481fd,1,Desconhecido,DX,dev,2
a5e58b48fde6,1,343d0810ca0f,1,Desconhecido,CR,dev,2
a6053c14099b,1,efe756cfd06e,1,Desconhecido,CR,dev,2
a606d1cb54cf,1,fe613d663b2d,1,Desconhecido,CR,dev,4
a6393aff012f,2,6b825ddbcc55,1,Desconhecido,CR,dev,2
a642231f2c63,0,745282febded,1,Desconhecido,CR,test,-1
a65bcb6bbd21,1,b881d8f56f70,1,Desconhecido,CR,dev,1
a67f882788f7,2,c5ef95510399,1,Desconhecido,CR,dev,0
a68885796918,3,e7bc764034d7,1,Desconhecido,CR,dev,0
a68ac3632126,2,f1aa77743a63,1,Desconhecido,DX,dev,0
a6c79f136694,0,f79104e1506e,1,Desconhecido,CR,dev,4
a6d79e0bfb02,0,238aab1a2e3b,1,Desconhecido,DX,test,-1
a6e088644d5d,0,fea39ddd6ff3,1,Desconhecido,DX,dev,3
a6ee878fe655,1,0a98c39d2490,1,Desconhecido,CR,dev,0
a7030c1f5a47,1,91eb6e8b487c,1,Desconhecido,CR,dev,2
a706d8ac9dbd,2,df8192c3d37c,1,Desconhecido,CR,dev,4
a70bc81f81c0,1,e893e721d6a0,1,Desconhecido,CR,dev,0
a70d50759dfb,1,8a5f1863c9b1,1,Desconhecido,CR,dev,1
a71df1f07bde,1,606c1f722a96,1,Desconhecido,CR,dev,1
a7289f35fab3,0,8cf3009cec6b,1,Desconhecido,CR,dev,2
a7335b2f9815,2,9b59e920338f,7,Desconhecido,CR,dev,1
a73389a6c2a7,2,8f84d3acbdc3,1,Desconhecido,DX,test,-1
a73d9e158691,1,18e650b4d03b,1,Desconhecido,CR,dev,1
a74fe5607fb8,1,e27e8bce600c,1,Desconhecido,DX,dev,1
a767a45f0161,1,f11a0b6986dc,1,Desconhecido,DX,test,-1
a76a593c467d,0,79e5a123941c,1,Desconhecido,DX,dev,2
a76ce630b714,1,6fb79b900a39,1,Desconhecido,CR,test,-1
a791b775061f,1,052f8105e66b,1,Desconhecido,DX,dev,0
a7931ddb1010,3,f9f99b79a356,1,Desconhecido,CR,dev,1
a7ae3f0243d2,1,1b9bcaa1cce8,1,Desconhecido,CR,test,-1
a7b4d14caf36,1,d350ae07ce1c,1,Desconhecido,CR,dev,0
a7c0ee2766f9,1,90d1724ba1aa,1,Desconhecido,CR,dev,3
a7c66f4267fd,1,605f64a791e0,1,Desconhecido,DX,dev,2
a7c82c7debc3,0,745282febded,1,Desconhecido,DX,test,-1
a7d2a7380ba6,1,3d0cfa2e60ee,1,Desconhecido,DX,dev,4
a7e94066fbf8,2,f563fc12921c,1,Desconhecido,CR,dev,1
a7f1ea850ad8,1,30aec1ad90b0,1,Desconhecido,DX,dev,4
a803abc3bd58,0,dc79274ad914,1,Desconhecido,DX,dev,0
a80f1386b01b,0,36ae919301f8,1,Desconhecido,CR,dev,2
a81050391441,1,2bd3b9895dcc,1,Desconhecido,DX,test,-1
a81e1c6fc22e,0,a74742b15fcb,1,Desconhecido,DX,dev,3
a820390aef69,0,d81ffca0188d,1,Desconhecido,DX,dev,1
a8351982c575,0,76171a8e94c9,1,Desconhecido,CR,dev,3
a842d9e96828,2,71b5edab804b,1,Desconhecido,CR,dev,3
a84d1f0c2ea2,0,d6ba9076dcba,1,Desconhecido,DX,dev,1
a8539cb5d071,1,924c24e59770,1,Desconhecido,CR,test,-1
a85adc24df0a,0,004e219560ea,1,Desconhecido,DX,dev,2
a85f570c0d58,1,e1f603f0e590,1,Desconhecido,DX,test,-1
a862fd88bd49,2,d6163627efcf,1,Desconhecido,DX,dev,2
a86697ca60f2,1,8b1345e42c4f,1,Desconhecido,DX,dev,4
a87414206bcf,0,f1a83661d186,1,Desconhecido,CR,dev,1
a874435f5b2d,1,2cda386910a9,1,Desconhecido,CR,dev,2
a87879343eb4,1,1b0fe266a5a5,1,Desconhecido,DX,dev,0
a880ba760a7f,1,ac9f656d4990,2,Desconhecido,DX,dev,2
a88363cb1f70,0,b01dd59f44d5,1,Desconhecido,DX,dev,4
a891e4625f8f,0,d39ca2034f0f,1,Desconhecido,CR,dev,4
a89c1f3470e1,2,5f137f396214,1,Desconhecido,CR,dev,0
a89d9679bdf0,1,dd67f5bdbccf,1,Desconhecido,DX,dev,1
a89dac81f0b7,1,e67df835b17d,2,Desconhecido,DX,test,-1
a89df9ce879b,1,d0b10cb4eb7d,1,Desconhecido,CR,dev,1
a8a91d572566,1,661a1385a6a6,1,Desconhecido,DX,dev,2
a8aa15852dfa,1,01d591883b63,2,Desconhecido,DX,dev,2
a8ad69453683,1,405a2674f564,1,Desconhecido,CR,dev,3
a8b36d06c030,1,95f528ce6bf8,1,Desconhecido,DX,dev,3
a8c60c0ef43e,2,a745a018ba29,1,Desconhecido,DX,dev,2
a8f1280e52ba,0,a79c75d2a9b9,1,Desconhecido,CR,dev,3
a8f1c2912768,2,359c83c1e2c8,1,Desconhecido,DX,dev,3
a907108f72e7,0,dce4e3c16673,1,Desconhecido,DX,dev,1
a90de7edd9b7,2,661a1385a6a6,2,Desconhecido,DX,dev,2
a91f96dac3cd,1,5bf4e7d25406,1,Desconhecido,DX,dev,2
a93183bb781c,0,da1c8e9de972,1,Desconhecido,DX,dev,0
a93443c47808,1,dee5f191a907,1,Desconhecido,DX,test,-1
a937614104e3,0,d22c917c38ac,1,Desconhecido,CR,dev,4
a93e81387ffa,1,34a245d3de2e,1,Desconhecido,DX,test,-1
a93eef7b3676,0,eabfa334880a,1,Desconhecido,CR,dev,1
a9414722ad35,2,58049e27b0c6,1,Desconhecido,CR,dev,0
a94358cbd9f3,2,f10a5d8ee504,1,Desconhecido,DX,dev,2
a94e15ea47c9,0,79f3500991ce,1,Desconhecido,DX,dev,3
a95bcd8ba9ad,0,b85674285b67,1,Desconhecido,CR,dev,3
a96e94314925,1,2b879e1fadce,1,Desconhecido,DX,dev,1
a96f2b221dd0,0,bed0a0012eef,1,Desconhecido,CR,dev,1
a9734406aa90,0,f3ca160a041f,1,Desconhecido,CR,dev,2
a97f1cd45b2b,0,4a2870705e1d,1,Desconhecido,DX,dev,0
a98995d04eb3,2,0f3f6b142b8e,1,Desconhecido,DX,dev,2
a98a217fe57c,3,b69732827453,1,Desconhecido,CR,dev,2
a99534146bde,0,ec0a4b51dab9,1,Desconhecido,CR,dev,3
a9a8f500fea0,2,61d66276de9a,1,Desconhecido,DX,dev,1
a9b76ab23b0b,1,e0f5a7a27762,1,Desconhecido,DX,test,-1
a9ba9da7582a,1,d1cc7b47f25a,1,Desconhecido,DX,dev,3
a9c7b47af882,1,fd0e8d1e8e0c,1,Desconhecido,CR,test,-1
a9d37ebfe0e8,1,5d34daadfcc9,1,Desconhecido,CR,dev,3
a9df86ee71d5,1,4b31b0961406,1,Desconhecido,CR,dev,1
a9ef2636d4ac,0,d7a8857d98e8,1,Desconhecido,CR,dev,1
a9fcf78c3469,1,914e7f670bc4,1,Desconhecido,DX,dev,3
aa01253a3226,1,045fa90f978d,1,Desconhecido,DX,dev,0
aa0420c82f8e,1,41b2f76fe11d,1,Desconhecido,DX,dev,2
aa1cc09c4f1f,0,18256f7a0773,1,Desconhecido,DX,test,-1
aa20aaac8504,3,dee28c884ddb,1,Desconhecido,DX,dev,2
aa2765d02403,1,b614109e6e52,1,Desconhecido,DX,test,-1
aa4b16d18061,2,66464b97888a,1,Desconhecido,DX,test,-1
aa6bbda8865b,1,edfd7d4fa095,1,Desconhecido,CR,dev,4
aa6deaffe9ca,1,2bd3b9895dcc,1,Desconhecido,CR,test,-1
aa6f4d3e11d9,1,593e0e77bc97,1,Desconhecido,DX,dev,0
aa6f86d26781,2,50a8b871fe2b,1,Desconhecido,DX,dev,2
aa749b4d6cdd,1,dc6ac13f03eb,1,Desconhecido,CR,dev,0
aa7cea654180,0,eaa13a2b62b9,1,Desconhecido,CR,dev,0
aa7dce7556b0,2,f6e2afafad7d,1,Desconhecido,DX,dev,1
aab3267c0c17,2,d8af07cb3943,1,Desconhecido,CR,dev,2
aab84245d034,0,f77bf35fd5d3,1,Desconhecido,DX,dev,0
aab8b7e093e2,0,5a982dfb9702,1,Desconhecido,CR,test,-1
aabe07602051,1,2d406ec0da63,1,Desconhecido,CR,dev,0
aac325aaa28c,0,e4a93cec744c,1,Desconhecido,DX,dev,2
aacd7ff3bbae,1,3fd7e1382c79,1,Desconhecido,DX,dev,4
aaf19284ce23,1,01873591bb92,1,Desconhecido,DX,dev,3
aaf4645886fc,1,309a2f875f93,1,Desconhecido,CR,dev,3
ab22e9457bfe,0,93ec10d3cc53,1,Desconhecido,DX,dev,3
ab2560a15171,1,c1bf38f15d91,1,Desconhecido,CR,dev,1
ab2b4ff9c9e8,3,ea8e29b89852,1,Desconhecido,DX,dev,0
ab325bee36de,3,e0e88e0c7ffe,1,Desconhecido,DX,dev,1
ab3a9cde6e06,2,2cdc4fd15a6a,1,Desconhecido,CR,dev,2
ab6b9ca82d90,1,5dbf391d4ab8,2,Desconhecido,DX,test,-1
ab6ef957fd8c,1,f1b0b7e58d55,1,Desconhecido,CR,dev,4
ab772a1acdbf,1,eeea6c8909fb,1,Desconhecido,CR,test,-1
ab8205541661,1,a04f9bd3685b,1,Desconhecido,DX,dev,4
ab9eba906025,2,6bcad66a9a8b,1,Desconhecido,CR,test,-1
abb899fcafc6,1,9d2be379d62b,1,Desconhecido,DX,dev,2
abcffc36ff79,1,055d608e3b20,1,Desconhecido,DX,dev,1
abd0c3d9c5f6,1,f3d1ff7bf148,3,Desconhecido,DX,dev,3
abd538cb3362,1,f82ea7bdb05f,1,Desconhecido,CR,test,-1
abdaeba121f8,1,8f1ef3b8e8cd,1,Desconhecido,CR,dev,2
abdb858bbb81,2,f4ff1a28a2ae,1,Desconhecido,CR,dev,4
abe76d6fc929,1,7013b4498815,1,Desconhecido,DX,dev,2
abf7cffb3176,3,e209a35dd26a,1,Desconhecido,CR,dev,3
abfcd1e7c6d0,1,fe2cfa8edb6e,3,Desconhecido,CR,dev,2
ac150a3b291d,1,dda478d300fd,1,Desconhecido,CR,dev,3
ac3004ea0405,1,8a2a458399a6,1,Desconhecido,CR,dev,3
ac3b6700f822,1,6fb79b900a39,1,Desconhecido,CR,test,-1
ac3d554867d0,1,f4b6d2b7d0ba,1,Desconhecido,DX,test,-1
ac46cbde0e0e,2,b014831b432d,2,Desconhecido,DX,dev,4
ac49b132f2fb,1,32addbe2ce8f,1,Desconhecido,CR,test,-1
ac55dc119f5a,1,3df4133f0d86,1,Desconhecido,CR,dev,4
ac7371d8b321,1,51412467a170,1,Desconhecido,CR,test,-1
ac8a1bc0fd7c,1,eb94d5130361,2,Desconhecido,CR,test,-1
ac91c4c4a63e,0,e782c13875d8,1,Desconhecido,DX,dev,4
ac9fa71e33c8,2,b2932caa77fe,1,Desconhecido,CR,dev,4
aca4d52c2f82,0,abcc964cbc4b,1,Desconhecido,DX,dev,4
acacf54e2e13,1,0d1d6c3f9bca,1,Desconhecido,DX,dev,1
acc1d221470b,1,0cb44efc4b97,1,Desconhecido,CR,dev,3
accb3f0a6276,2,dda478d300fd,1,Desconhecido,CR,dev,3
acd13733a711,1,630682159596,1,Desconhecido,CR,dev,4
acdc669b1e06,0,1fb5864db8f7,1,Desconhecido,CR,dev,1
aceb84a579e9,2,359042149283,1,Desconhecido,CR,dev,1
acec33076f73,1,02cf6aa8b2b7,1,Desconhecido,CR,dev,4
acec4f0cbd17,1,aedf65f6b56b,1,Desconhecido,DX,dev,1
acf13f7ab5d7,0,30de41becbd7,1,Desconhecido,CR,dev,0
acf8c450efb2,1,edc634370391,1,Desconhecido,CR,dev,1
ad057569e00c,1,e3cc8b78498d,1,Desconhecido,CR,dev,3
ad23cbda5b1c,1,62d866e1eb5d,1,Desconhecido,CR,dev,0
ad2e47a1a1f4,2,32a1d59263a0,1,Desconhecido,DX,dev,1
ad3ec5a0e7c9,0,f6b69953e686,1,Desconhecido,CR,dev,4
ad40119bb875,1,ed2a5cbb5f42,1,Desconhecido,CR,dev,4
ad4e4f09c5f2,2,63118264532b,1,Desconhecido,CR,dev,4
ad5c640225b4,1,c383cbf78b2f,1,Desconhecido,CR,dev,2
ad5ff8dc5e00,3,def2403ea1f2,1,Desconhecido,CR,dev,3
ad6bc3c59891,0,e38e71deb040,1,Desconhecido,DX,dev,3
ad6fb71d384a,0,2c2208dd4ba7,1,Desconhecido,DX,dev,2
ad8277764b0f,0,dc6b906fe89f,1,Desconhecido,CR,test,-1
ad97fa89b0b5,2,2079dd80dfaa,1,Desconhecido,CR,dev,2
ad98b8875f75,3,55957d2167ab,1,Desconhecido,CR,dev,2
ada4737c1d3f,1,930620daed97,1,Desconhecido,DX,dev,0
ada8a0dc8b11,2,00384c29467b,1,Desconhecido,DX,test,-1
adab64281f5e,1,fec05c196884,1,Desconhecido,DX,test,-1
adbc10bde10e,3,f78cb5fa6586,1,Desconhecido,DX,dev,3
adbfed2da701,1,cf5825d3ffcf,2,Desconhecido,DX,test,-1
adc53823a49f,1,7e8a8f509958,2,Desconhecido,DX,dev,2
ade84200b83a,2,fbaf3fa69133,1,Desconhecido,CR,dev,0
adee0c7ec155,1,7013b4498815,1,Desconhecido,DX,dev,2
ae0e6e83c6df,1,88daefcc5f8a,1,Desconhecido,DX,test,-1
ae12c55d7e47,0,f860e530322d,1,Desconhecido,DX,dev,0
ae3a97ad1c07,0,c0b433067841,1,Desconhecido,CR,dev,3
ae3c8cba22ec,0,c8c235516b09,1,Desconhecido,CR,dev,4
ae3e63d94c13,0,42eb77c05914,1,Desconhecido,CR,test,-1
ae439b24ddc3,1,44123c7b0cba,1,Desconhecido,DX,dev,0
ae4794cc0fab,1,9ec7f7ed065c,1,Desconhecido,DX,test,-1
ae5b75e08fe8,1,df08525daffc,1,Desconhecido,DX,dev,0
ae601aa924ea,0,cffe6f9f1d4b,1,Desconhecido,CR,dev,2
ae6fdbc90bf6,0,80a6ac60a6a0,1,Desconhecido,CR,dev,3
ae70fa66b983,2,f49fc2f3eba8,1,Desconhecido,CR,dev,2
ae7519c9d04c,1,ecfe8d7f8857,1,Desconhecido,DX,dev,1
ae9ae4deef75,2,c4937a2001d6,1,Desconhecido,DX,dev,0
ae9ecf9bbc72,3,19edab7003d3,1,Desconhecido,CR,test,-1
aeb8b1d755ab,2,b80f24119140,1,Desconhecido,CR,dev,3
aec0c258907d,3,fabbc2d34526,1,Desconhecido,DX,dev,4
aed115d939ff,2,ed4c2d59e03a,1,Desconhecido,CR,dev,4
aed885bf91c3,1,a032670dac11,1,Desconhecido,DX,dev,4
aee6f16805c5,3,faedfdde0116,1,Desconhecido,DX,dev,4
aef234262d84,1,fbaf3fa69133,1,Desconhecido,DX,dev,0
aef7218aa071,1,8620b61806bd,1,Desconhecido,CR,dev,4
af0e1211b9c6,0,64902b225c46,1,Desconhecido,DX,dev,0
af0f0c129645,0,8c627aae3a7b,1,Desconhecido,CR,dev,4
af481c1cf248,3,009ff27a3150,1,Desconhecido,CR,dev,4
af4e1dfa2f63,2,2bd3b9895dcc,1,Desconhecido,CR,test,-1
af571ffc5313,0,dd5967d0f077,1,Desconhecido,CR,dev,4
af673042804f,2,e15f8f56bf73,1,Desconhecido,CR,test,-1
af7f93704ff3,0,d510d543fcc6,1,Desconhecido,CR,dev,2
af8e8feb4b52,1,9a14103dc730,1,Desconhecido,CR,test,-1
af93e125375c,1,cc77ea4fb337,1,Desconhecido,CR,dev,1
af986679340b,1,c4bb706ec129,1,Desconhecido,DX,dev,4
afbb7840bab0,1,ea91249b8de5,1,Desconhecido,DX,dev,4
afc2b295485b,3,474ddf9a10e0,1,Desconhecido,CR,dev,1
afc40988867b,3,3fd806da1687,1,Desconhecido,CR,dev,3
afc9c3c9aaec,1,ecb7109df738,1,Desconhecido,CR,test,-1
afd34e28aba2,0,1085dc596ab3,1,Desconhecido,CR,dev,1
afdda33a1265,2,efad13ddf302,1,Desconhecido,CR,dev,1
afe34bf97c4a,1,d4978068a2e7,2,Desconhecido,CR,dev,4
b00ba0933543,1,3d67b79f767c,1,Desconhecido,CR,test,-1
b00d45ea85f4,1,8f1ef3b8e8cd,1,Desconhecido,CR,dev,2
b031bc52f736,0,fa9a70938b5f,1,Desconhecido,CR,dev,1
b032c22da2f7,0,697d950bfe10,1,Desconhecido,CR,dev,2
b049465ccefb,3,12bfd8129d8b,1,Desconhecido,DX,test,-1
b04cbb8b7815,0,edd589e134ba,1,Desconhecido,CR,dev,0
b06c31c60c7e,0,e398ad6e7a6a,1,Desconhecido,DX,dev,1
b07b1a96e24c,1,33bffdff5cc9,1,Desconhecido,CR,dev,3
b08ae0efd88e,1,9c7c17e561eb,1,Desconhecido,DX,dev,3
b08f573ccdf4,3,7b28df3da87c,1,Desconhecido,CR,dev,3
b09b0258b2ae,1,d0bd8fe98fb9,1,Desconhecido,CR,dev,0
b0b4d4ae4e0a,1,b55b334366cd,1,Desconhecido,CR,dev,2
b0be172528e7,1,76ea186a9786,1,Desconhecido,DX,dev,3
b0c72167073c,0,d7c6993ffb02,1,Desconhecido,CR,dev,3
b0c942f7403e,0,7e9751541cb8,1,Desconhecido,DX,dev,4
b0d86dd860de,1,64f9097d4092,1,Desconhecido,DX,dev,4
b0df85f3153e,1,1af09f44436b,1,Desconhecido,CR,test,-1
b0e043232ff9,1,28c51824391b,1,Desconhecido,DX,dev,4
b0e4f3d07735,0,f90555ce150b,1,Desconhecido,DX,dev,0
b0e8205dc1ca,1,89e957d0100b,1,Desconhecido,DX,dev,0
b0ed9f24e855,0,459f98bbf8f8,1,Desconhecido,DX,dev,4
b117715cbf64,1,feebe0a5b697,1,Desconhecido,DX,dev,4
b119ef635297,2,3c71c49ad5c3,1,Desconhecido,DX,dev,2
b121e6f58d1e,1,5bf4e7d25406,1,Desconhecido,DX,dev,2
b12798f33ac5,1,e43fdb581a30,1,Desconhecido,DX,dev,0
b127e8b39bcc,0,fddc596b37ba,1,Desconhecido,CR,dev,4
b134a98f78d7,2,e06a0c0295d8,1,Desconhecido,CR,dev,4
b13d71d1edde,2,2edd88eb9b66,1,Desconhecido,CR,dev,1
b13f18dfaa08,1,9c7c17e561eb,1,Desconhecido,DX,dev,3
b14d98b9ac8a,1,9e63529b0924,1,Desconhecido,DX,dev,4
b15381a960f3,0,fcf814ed3eeb,1,Desconhecido,CR,test,-1
b1678815a5be,2,3183fcf5ced4,1,Desconhecido,CR,dev,1
b167fbe5e1a6,2,08a26e7ed0db,1,Desconhecido,DX,dev,4
b171d813782b,2,1e128d5750e1,1,Desconhecido,DX,test,-1
b172a04e7bd1,0,14564706c212,1,Desconhecido,DX,dev,2
b185438c915c,0,1b05823afbe7,2,Desconhecido,DX,dev,2
b19d188bd240,2,dc6f3ffe0d17,1,Desconhecido,CR,dev,2
b1a4fd2a22fd,2,c67572649818,1,Desconhecido,DX,dev,0
b1a9bd35559d,0,df0d8dc7d6e6,1,Desconhecido,CR,dev,1
b1afd60f2d1d,3,e7a07238aa5b,1,Desconhecido,CR,dev,4
b1c31c1e103a,1,bd317c28186c,1,Desconhecido,CR,dev,1
b1ca7dd14da1,1,8ff0ffa09936,1,Desconhecido,DX,dev,4
b1dd1ed88f54,2,66f8a858b1ce,1,Desconhecido,DX,dev,1
b1dd8130cbf3,2,d4377ab6a259,1,Desconhecido,DX,dev,2
b1e69eab91d4,1,853cd4815445,1,Desconhecido,DX,test,-1
b1e74e9f7555,1,ccc8eaf89537,1,Desconhecido,CR,dev,3
b1edc75f25bd,2,f5bcadbfbccf,1,Desconhecido,DX,dev,2
b1f21c64a26c,1,88f9fed4cdae,1,Desconhecido,CR,dev,4
b20646e12fbe,2,9e49981d2c49,2,Desconhecido,DX,dev,2
b206fa11bca7,0,82cd8b50fd13,1,Desconhecido,CR,dev,2
b227864cd72e,0,bdd96500c0ed,1,Desconhecido,DX,dev,1
b22e2537daa0,1,eb94d5130361,1,Desconhecido,CR,test,-1
b23a892a29d8,0,6e2a259f0dbc,1,Desconhecido,CR,dev,3
b23bb8a0f779,0,71cc2ab38db6,1,Desconhecido,DX,test,-1
b242d9b6f327,2,ecbea6fd22fe,1,Desconhecido,DX,dev,3
b25319f83286,2,e0f5a7a27762,1,Desconhecido,DX,test,-1
b25c193b3b44,1,468fd52694e3,1,Desconhecido,CR,test,-1
b260d2903dec,0,44710e990a9c,1,Desconhecido,DX,test,-1
b2626fe919b8,3,e5a04613b0bc,1,Desconhecido,CR,dev,0
b266d836e091,1,d5919930f6b4,1,Desconhecido,CR,dev,2
b27172e0b2f1,2,03593f8c7228,2,Desconhecido,DX,dev,1
b27e356820f7,1,557bd57781c8,1,Desconhecido,DX,dev,0
b27fe12f2fc0,0,8ab67bfcf5c0,1,Desconhecido,DX,dev,1
b2800f2ce13b,1,4ae9e7b1c57e,1,Desconhecido,DX,test,-1
b28ad4ebc3f5,1,5b3c51feb54a,1,Desconhecido,CR,dev,0
b28ce384008f,1,ba218565ec33,1,Desconhecido,CR,dev,0
b291fa8c6b02,2,ff8df884027e,1,Desconhecido,CR,dev,3
b29bffb0d4a3,3,f9332ba413c3,1,Desconhecido,DX,dev,0
b2a4e8f61e3b,1,e43e250b2d74,1,Desconhecido,CR,test,-1
b2ad788bfc3b,1,fd65ffafb0aa,1,Desconhecido,DX,dev,4
b2b5feb9f989,1,d6f0fe0695a0,1,Desconhecido,DX,test,-1
b2b9fffd2865,1,d59c1a45b588,1,Desconhecido,DX,dev,3
b2bac61abbe2,0,ae190a0be13f,1,Desconhecido,CR,dev,1
b2e1d9261b55,0,6edfb8f712ff,1,Desconhecido,CR,dev,1
b2ea554a013a,1,a032670dac11,1,Desconhecido,DX,dev,4
b2f9dac34d2b,0,8af335924b8f,1,Desconhecido,DX,test,-1
b3034a39ab25,1,af00c4c9e2b0,1,Desconhecido,DX,dev,2
b305c5275633,1,13767f2b6562,1,Desconhecido,DX,test,-1
b30c87707a75,1,6d4f63eb81e4,2,Desconhecido,CR,dev,1
b32c3695dd40,3,1141a3446fb1,1,Desconhecido,DX,dev,2
b35b5e223ed1,1,f22e6707b89b,1,Desconhecido,CR,dev,1
b36a47fb5f1f,0,1b5d736cac50,1,Desconhecido,CR,dev,2
b3715ae5290f,0,934ac6692e3a,1,Desconhecido,DX,dev,1
b372f33f1017,1,faa541c75901,1,Desconhecido,DX,test,-1
b389d4881747,1,198d964b9ae9,1,Desconhecido,CR,dev,1
b394cd076dc9,1,bf6fe75d4d53,1,Desconhecido,DX,dev,1
b39b524d798f,0,db8be4aa7f4f,1,Desconhecido,DX,dev,3
b3b132033127,0,f295c13e59e6,1,Desconhecido,CR,test,-1
b3bd261046bf,1,3b567b5f59a4,1,Desconhecido,CR,test,-1
b3c39c1ee6c2,2,39e00a372bde,1,Desconhecido,DX,test,-1
b3c5eea8f3b6,1,95f528ce6bf8,1,Desconhecido,DX,dev,3
b3cf474bee3b,0,1150aa5c5105,1,Desconhecido,CR,dev,1
b3d2c3f6ba5c,1,884ecc366cfa,1,Desconhecido,DX,dev,3
b3deb3160a5f,1,112e8c966f47,1,Desconhecido,CR,test,-1
b3e4687e4793,3,ff388007332c,1,Desconhecido,DX,dev,2
b3edf8aefb70,0,3bd9238e323a,1,Desconhecido,DX,test,-1
b40c57c36cbf,1,5ecce75c202b,1,Desconhecido,DX,dev,3
b40f174f19a6,2,0a98c39d2490,2,Desconhecido,DX,dev,0
b41f3ff4504e,0,8112ac56be26,1,Desconhecido,DX,dev,3
b42816bae790,2,9bd22744ceb6,1,Desconhecido,CR,test,-1
b42cb3072150,1,efcd2099b781,1,Desconhecido,DX,test,-1
b4319d15ad1c,1,6e0f4451e9be,1,Desconhecido,DX,test,-1
b437cb4c577e,0,29991da0fbb6,1,Desconhecido,DX,dev,2
b446d79ee8f1,1,2cdc4fd15a6a,1,Desconhecido,CR,dev,2
b447179f34cf,2,5817106f3b47,1,Desconhecido,CR,dev,2
b449b8c43f5c,1,df687a7edcb2,1,Desconhecido,CR,dev,1
b44d74635de5,1,d9cdc9f3256b,1,Desconhecido,CR,test,-1
b45b05909f01,1,ea41d3ab2c08,1,Desconhecido,CR,dev,1
b47a01dbca0f,3,b42cd76cf4ea,1,Desconhecido,DX,dev,0
b47eddfa9bcf,1,eb94d5130361,1,Desconhecido,DX,test,-1
b483cc9a1fb0,0,e81f9f6bc953,1,Desconhecido,CR,test,-1
b48e0bc5582e,0,7e7983ef56dc,1,Desconhecido,CR,test,-1
b49952dcdb83,3,dbabe250f409,1,Desconhecido,DX,dev,2
b4a42ccec888,1,eff59fa6a4af,1,Desconhecido,CR,test,-1
b4d03504c9de,0,481937660b40,1,Desconhecido,CR,test,-1
b4d310d30409,2,d9912f36ae39,1,Desconhecido,DX,test,-1
b4dc310fc95f,0,b6f46271d0bd,1,Desconhecido,CR,dev,1
b4dcf0375a27,0,32dbda5d2ce7,1,Desconhecido,DX,dev,4
b4f16c10bd10,1,a73521a56fb5,1,Desconhecido,CR,dev,2
b4ffce3b60b9,2,a2c70df8eaa4,1,Desconhecido,CR,dev,4
b50ffb872dd3,1,a1afd12065c8,1,Desconhecido,CR,dev,1
b513d80ebe7e,1,e1f603f0e590,1,Desconhecido,DX,test,-1
b522753ecc9a,3,5df9b4e8b6f6,1,Desconhecido,DX,dev,2
b524c80e729a,0,a66dba7d222a,1,Desconhecido,CR,dev,2
b54b96343f1d,1,a20de80e39c2,1,Desconhecido,CR,dev,1
b54bbad84888,3,345983d19aa2,1,Desconhecido,DX,dev,0
b5582e7bcb41,0,0d924f2c23a7,1,Desconhecido,DX,dev,1
b562944eb64a,1,e518e61ef33e,1,Desconhecido,DX,dev,2
b568a6326154,1,8c8414b55044,1,Desconhecido,DX,dev,1
b569148041f7,0,d06f259b1e51,1,Desconhecido,DX,dev,0
b57abcba61a3,2,7910d94814fb,1,Desconhecido,DX,dev,4
b58d8a8771c4,1,f8668ad7fe5e,1,Desconhecido,CR,dev,4
b5962d47cea2,1,eb5472f77759,1,Desconhecido,DX,dev,4
b59f90739827,2,965e3cf501fd,1,Desconhecido,CR,dev,0
b5a166179242,2,8f1ef3b8e8cd,1,Desconhecido,CR,dev,2
b5a1a36a6a17,2,fe2cfa8edb6e,1,Desconhecido,DX,dev,2
b5bc8aa87423,1,13b74e8faadb,1,Desconhecido,CR,dev,2
b5c9316de211,1,3e57d66ad5da,1,Desconhecido,CR,dev,4
b5ced8a554bc,1,44123c7b0cba,1,Desconhecido,DX,dev,0
b5de64e83583,1,8af335924b8f,1,Desconhecido,CR,test,-1
b5e30871622c,1,dcc3fdf6426a,1,Desconhecido,DX,test,-1
b5e67f04dd09,0,daa08a3affee,1,Desconhecido,CR,dev,1
b5e8188b8e79,0,5fa34ba8439a,1,Desconhecido,DX,dev,2
b5f01573743d,1,e15f8f56bf73,1,Desconhecido,DX,test,-1
b5ff93f0314b,0,50244f9b839b,1,Desconhecido,CR,test,-1
b60883354843,1,45fb2d60ffa5,1,Desconhecido,CR,test,-1
b60f2d2cc642,1,f0c6af11c0bb,1,Desconhecido,DX,test,-1
b611e772ca7e,1,95f528ce6bf8,1,Desconhecido,DX,dev,3
b616aba4c37f,1,e766f3ccfcda,1,Desconhecido,CR,dev,0
b61bfb1fdb36,1,47a318462103,1,Desconhecido,DX,dev,3
b6219d540374,3,7c2813de5803,1,Desconhecido,CR,dev,1
b6278022ae0b,0,345b3af1bd4b,1,Desconhecido,CR,dev,1
b6282272490f,3,788ccd13bb53,1,Desconhecido,CR,test,-1
b63076e4c6e9,1,ac85e9efe81a,1,Desconhecido,DX,dev,0
b64ca770e9de,0,fa6d923c6f18,1,Desconhecido,CR,dev,0
b65443c55896,0,204a73477147,1,Desconhecido,CR,dev,4
b65b351871ed,1,cd4523483d85,1,Desconhecido,CR,dev,3
b65e52a96289,3,5115ec8ff88a,1,Desconhecido,DX,test,-1
b665f2996ab9,3,d7a8857d98e8,1,Desconhecido,CR,dev,1
b66a03d385b2,3,ef0de61f6ecf,1,Desconhecido,CR,dev,1
b66ff916214c,1,77df48014352,1,Desconhecido,DX,dev,0
b677082ee199,1,048740818a28,1,Desconhecido,CR,dev,4
b6790a84cee2,1,6364827d9f43,1,Desconhecido,DX,test,-1
b69c11090417,2,6c0d4ddb6cd3,1,Desconhecido,CR,dev,3
b6a175212044,2,e8e52981bbd0,1,Desconhecido,DX,dev,3
b6a1aa419995,1,124b20ec516b,1,Desconhecido,CR,dev,2
b6ad09d871e9,3,1edf63ab26ca,1,Desconhecido,DX,test,-1
b6ad22a7487e,1,4db411f73788,1,Desconhecido,DX,dev,2
b6b4bdf92b3f,1,cb55c8ac7ac9,1,Desconhecido,CR,dev,2
b6b6ccce4a2b,0,fe0107906378,1,Desconhecido,CR,dev,1
b6d5e818679f,1,440d742b37d5,1,Desconhecido,CR,dev,0
b6dd2dfbfe52,1,2f74a944e623,1,Desconhecido,CR,dev,0
b6e467a93579,1,80da6bfa77f3,1,Desconhecido,CR,dev,1
b6eab0a3cd1b,3,f9377b9544a3,1,Desconhecido,DX,dev,3
b6ecf28b52f8,1,e67df835b17d,2,Desconhecido,DX,test,-1
b7065c7e72dd,2,1150aa5c5105,1,Desconhecido,CR,dev,1
b70bd267f91d,0,15cb08fd6435,1,Desconhecido,DX,test,-1
b70f41a05b87,0,f396f2e0da98,1,Desconhecido,DX,dev,1
b714907cbdc7,3,fe9a60ae376d,1,Desconhecido,DX,dev,4
b7159866a9ad,3,538e47b028e2,1,Desconhecido,DX,dev,2
b7202d32dc09,0,3d56d9af28b5,1,Desconhecido,DX,test,-1
b72a1d6732d8,2,2bed5a487243,1,Desconhecido,DX,dev,3
b7378896c37c,3,4f37783dad15,1,Desconhecido,DX,dev,2
b73f2014a696,1,0a53cb4fbee0,1,Desconhecido,DX,dev,1
b744c6f3c22e,1,530ab67d9098,1,Desconhecido,CR,dev,2
b74b3d2dd83d,3,00ddfe4c6f9c,1,Desconhecido,CR,dev,3
b74f12b5ba5f,2,3ac66c0f33c6,1,Desconhecido,DX,dev,0
b7543bd8af0c,1,7d09cd69e130,1,Desconhecido,DX,dev,1
b767262e17d8,1,955f4a3db656,1,Desconhecido,CR,test,-1
b770e72feae8,1,f81405a70b89,1,Desconhecido,CR,dev,4
b7756ed17f51,1,3681b3db3ecc,1,Desconhecido,DX,test,-1
b776a1192e48,1,3c6ea693e25a,1,Desconhecido,CR,dev,0
b784b2a79c27,1,26a79be8d87d,1,Desconhecido,DX,test,-1
b790bca0f34c,3,5dc623f5e8fc,1,Desconhecido,CR,dev,2
b792f371d0e0,2,e00efea27da7,1,Desconhecido,DX,dev,4
b7a31943f6b6,0,bcf3aaa7a3ad,1,Desconhecido,DX,dev,0
b7a4443ddd3e,2,71d6f50a3413,1,Desconhecido,DX,dev,3
b7a8295b6531,1,c6894d5eaa82,1,Desconhecido,DX,dev,1
b7aa622b8381,1,da0af14a1c94,2,Desconhecido,DX,test,-1
b7ab5977dc47,0,a09371ecd6ab,1,Desconhecido,CR,dev,0
b7b44d65e1e0,1,d38a8fcca56c,2,Desconhecido,CR,dev,3
b7bad61f1aed,0,f860e530322d,1,Desconhecido,CR,dev,0
b7bc624cf296,2,f37e7f1c6059,1,Desconhecido,DX,dev,0
b7c96dfb1284,2,e7a07238aa5b,1,Desconhecido,DX,dev,4
b7d22144ac7c,1,538e47b028e2,1,Desconhecido,DX,dev,2
b7f9c144c199,0,fe6e9dfdc38b,1,Desconhecido,CR,test,-1
b80099ffac81,1,37727bd9e33b,1,Desconhecido,CR,test,-1
b80302d5de11,0,1bab3bad889c,1,Desconhecido,DX,dev,2
b807413abe93,0,80781a5125fa,1,Desconhecido,CR,dev,4
b80f219a0a8b,1,cd37da46086a,1,Desconhecido,CR,dev,4
b81cbac55d0d,1,9c7c17e561eb,1,Desconhecido,DX,dev,3
b82dd18307b0,1,fb0e14317d9e,1,Desconhecido,DX,dev,1
b835688d7cc6,2,f70013fa14fb,1,Desconhecido,DX,dev,4
b840c460b426,0,a1f5852b7478,1,Desconhecido,CR,dev,1
b84c4b17a655,3,dabc3b0a2ccd,1,Desconhecido,CR,dev,1
b8544e55f55e,1,63118264532b,1,Desconhecido,DX,dev,4
b85454dbd9b1,2,77bb27a56571,1,Desconhecido,CR,dev,4
b85545dd720f,0,e1445d8f06fa,1,Desconhecido,CR,test,-1
b86b6912b970,1,67b977fa44cd,1,Desconhecido,DX,dev,4
b8727a84ded6,0,fb3a5a7ba8fd,1,Desconhecido,DX,dev,2
b878791caa1a,1,45544d6b3973,1,Desconhecido,DX,dev,4
b87d30f0afbd,0,875af132b1c7,1,Desconhecido,CR,dev,2
b8885f1f6625,1,0bf6d24f9987,1,Desconhecido,DX,test,-1
b88a5fb42602,1,9ae5cc1528c6,1,Desconhecido,DX,test,-1
b89d2e52d790,0,52843884dd6a,1,Desconhecido,CR,dev,3
b89d40fe2918,0,ed7dbfc8557b,1,Desconhecido,CR,dev,2
b8a9bf2fa391,1,92b1510b689a,1,Desconhecido,CR,dev,1
b8d8091e78cc,2,eff59fa6a4af,1,Desconhecido,CR,test,-1
b8e15549c0f4,1,e80b9b61824a,1,Desconhecido,CR,dev,3
b8e8e84eaafa,1,4c6c2c0efccc,1,Desconhecido,DX,dev,3
b8f4e76bbd2f,1,667c2fe709b0,1,Desconhecido,DX,dev,4
b8f791857162,1,a64588182320,1,Desconhecido,DX,test,-1
b8fafbc2ad5c,1,e1e7678da8de,1,Desconhecido,DX,dev,0
b904adfb37e6,1,fe187e49dafb,1,Desconhecido,DX,test,-1
b92eb37d3456,1,e7a495b1e121,1,Desconhecido,DX,dev,3
b93fcd443349,1,e8547ae27572,1,Desconhecido,CR,dev,0
b949689a9ef1,2,886af697d9da,1,Desconhecido,DX,dev,4
b94e0c41bcee,2,ecbb2e8f55b9,1,Desconhecido,DX,dev,3
b961251588f6,1,43458b3f3907,1,Desconhecido,DX,test,-1
b972189fc63f,1,2cb05c5d011e,1,Desconhecido,CR,dev,4
b97ba5f9676e,0,dbd5ac445449,1,Desconhecido,DX,dev,2
b9835e921f4a,0,dcf63dff339e,1,Desconhecido,CR,dev,2
b999a7493ffc,0,9b39bc34967a,1,Desconhecido,DX,dev,3
b99ab479998f,1,c9a36a2579d2,1,Desconhecido,DX,dev,4
b9a4725804c9,2,82e72bfee3ee,2,Desconhecido,CR,test,-1
b9a84edbb4d7,0,db80f50c7771,1,Desconhecido,DX,dev,4
b9aa4efa289f,2,8de39bc8be7e,1,Desconhecido,DX,dev,2
b9b701be58a3,0,f7220b645b3f,1,Desconhecido,CR,dev,4
b9b8a810f2d0,2,606c1f722a96,1,Desconhecido,DX,dev,1
b9c1352710b4,1,f81fb6e15587,1,Desconhecido,CR,test,-1
b9d06459c6e4,1,f3f60bb93c59,1,Desconhecido,DX,test,-1
b9eeafea5c41,1,129f6fbaebbb,1,Desconhecido,DX,dev,0
b9fe266cadad,1,6933944fad6d,1,Desconhecido,CR,test,-1
ba01c7ed330f,1,fce15d99605e,1,Desconhecido,DX,dev,3
ba062d45f13f,3,de3b77b8f1fc,1,Desconhecido,CR,test,-1
ba07cc459be2,1,4e92e2a0fad2,1,Desconhecido,DX,dev,2
ba0d3ee90ce9,1,538e47b028e2,1,Desconhecido,DX,dev,2
ba27bcbd6881,0,1c3b373e7492,2,Desconhecido,DX,test,-1
ba29ba23321b,1,489552abcc95,1,Desconhecido,DX,dev,0
ba2b03725d21,0,34c58626cc80,1,Desconhecido,CR,dev,4
ba359fc9666f,1,fcf040501079,1,Desconhecido,DX,dev,0
ba382e0d8931,1,aa7b530b3811,1,Desconhecido,CR,dev,2
ba401a51fdee,0,fe1b01eabd7b,1,Desconhecido,CR,dev,2
ba463f69de41,1,f673a3ea14bf,1,Desconhecido,CR,dev,4
ba482ec6743a,1,129f6fbaebbb,1,Desconhecido,DX,dev,0
ba4f73c2aff2,2,cc5c2ee2f7af,1,Desconhecido,CR,dev,3
ba50bfcf4757,3,d59c1a45b588,1,Desconhecido,DX,dev,3
ba54f0062738,1,32a1d59263a0,1,Desconhecido,DX,dev,1
ba5b31cb8520,1,a337366e55d0,1,Desconhecido,CR,test,-1
ba641ed9827c,1,3f6e2c92677e,1,Desconhecido,DX,test,-1
ba72d9d6b562,0,7220d58abf91,1,Desconhecido,DX,dev,4
ba7e0977f38b,0,bb12d31374e5,1,Desconhecido,DX,dev,3
ba7e67ba6f98,1,ff6d65fc9b21,1,Desconhecido,DX,dev,4
ba8f9647f1ca,1,eb2e5e69c449,1,Desconhecido,DX,dev,1
ba9b76091461,1,605693f36f43,1,Desconhecido,CR,test,-1
ba9d4dc44619,2,f727359bdecf,1,Desconhecido,CR,test,-1
bab9f823eb40,3,e7bc764034d7,1,Desconhecido,CR,dev,0
babc74e64174,0,ee67147aa3a6,1,Desconhecido,CR,dev,4
babd2d68bb87,3,bd3e03067d85,1,Desconhecido,DX,dev,2
badb8a6379ac,1,b2985903eedc,1,Desconhecido,DX,dev,2
bae29add20cf,1,d76b6d7d0264,1,Desconhecido,DX,dev,0
bae502afd0c2,0,f2adab62b404,1,Desconhecido,DX,dev,3
bae643d12bd6,1,b19b609f7011,1,Desconhecido,CR,dev,0
baf7f4d4a312,1,278316a7c5f6,1,Desconhecido,CR,dev,0
bafb7e87a1b9,0,638f926223a3,2,Desconhecido,DX,dev,3
bb13daafdbac,0,23186d31cfc5,1,Desconhecido,CR,test,-1
bb22c9af5073,1,2433d0f3dd9a,1,Desconhecido,CR,test,-1
bb251f790a9d,1,e2777d5756eb,1,Desconhecido,DX,dev,3
bb268ee80de6,0,83ce21da1c89,1,Desconhecido,DX,dev,1
bb316c570dea,1,c7b761917044,1,Desconhecido,CR,dev,0
bb3f9f4b0519,0,53f43e1080a8,1,Desconhecido,CR,test,-1
bb4e52abc3e7,1,dbc88e2f0c4b,1,Desconhecido,DX,dev,1
bb5d71cc0b7c,0,acfec5ee22f5,1,Desconhecido,CR,dev,1
bb64d0bf6912,0,f9a915f469ab,1,Desconhecido,CR,test,-1
bb676fbfcf2f,1,785237c0c9f1,1,Desconhecido,DX,dev,1
bb74de6c12d6,2,5b011159d5a3,1,Desconhecido,CR,dev,3
bb765720c618,1,c12cf5b11153,1,Desconhecido,CR,dev,4
bb8a2eded898,3,e76297ee512c,1,Desconhecido,CR,dev,1
bb8d7ff318fd,0,468e393fff65,2,Desconhecido,CR,dev,3
bb8f28b5c369,0,6acc509f1e42,1,Desconhecido,CR,dev,3
bba84cc338c3,2,baa5b74a7511,1,Desconhecido,DX,dev,2
bbbe5dd7eaff,1,7af475e3912b,1,Desconhecido,CR,test,-1
bbc14136a5cf,1,e80b9b61824a,1,Desconhecido,CR,dev,3
bbca377a9bed,0,5c9cb4054b16,1,Desconhecido,DX,dev,3
bbcd0389e257,2,9d0769e1c736,1,Desconhecido,DX,test,-1
bbd9439c6bac,1,d204f623b0c5,1,Desconhecido,DX,dev,0
bbe2678852f9,1,70b4399c71ca,1,Desconhecido,DX,dev,2
bbebf4a7d2df,0,c5282a2cf845,1,Desconhecido,DX,dev,0
bbecf7f6c880,1,b4a02d3006be,1,Desconhecido,CR,dev,1
bbfcab526b80,2,ff388007332c,1,Desconhecido,DX,dev,2
bc086ebcfdd4,1,7b40e359648a,1,Desconhecido,CR,dev,1
bc129d5dbba7,3,d863bc69540b,1,Desconhecido,DX,test,-1
bc1596dfd0ec,1,02cf6aa8b2b7,1,Desconhecido,CR,dev,4
bc18de2898c2,0,f53a277e05d1,1,Desconhecido,CR,dev,0
bc27460a2859,0,e99d24dfb2b1,1,Desconhecido,DX,dev,3
bc2b65a2e0e0,1,d64088692f36,1,Desconhecido,DX,dev,4
bc3e009078ca,1,9c7c17e561eb,1,Desconhecido,DX,dev,3
bc3e2b05a7f1,1,7af475e3912b,2,Desconhecido,CR,test,-1
bc4409bf79d2,1,c6c98751c8c6,1,Desconhecido,DX,test,-1
bc4f1a8bd241,0,1dc13b567ce7,1,Desconhecido,CR,dev,3
bc5169937093,0,7c6986052b70,1,Desconhecido,CR,test,-1
bc5b0adc8653,1,4768ed60cb21,1,Desconhecido,DX,test,-1
bc5d38c88259,1,c1f34da91647,1,Desconhecido,DX,dev,0
bc641c321681,1,e7a495b1e121,1,Desconhecido,DX,dev,3
bc717a04ec56,1,35b3a28573de,1,Desconhecido,CR,test,-1
bc78728ff8a2,1,f94754a439e5,1,Desconhecido,CR,dev,1
bc7b9c7f6db0,2,fd510e0da002,1,Desconhecido,DX,dev,1
bc84d476388e,0,27c3caf1f119,1,Desconhecido,CR,dev,4
bcc7cc108014,2,16dbab422bd5,1,Desconhecido,DX,dev,1
bcd4b22a208f,0,1350d58efcb0,1,Desconhecido,CR,dev,1
bcdfafac68b7,3,24110af4bb92,1,Desconhecido,CR,dev,1
bce35dd6fafd,0,4670069a3372,1,Desconhecido,CR,dev,2
bcee64e12aa2,1,834f0c441142,1,Desconhecido,DX,dev,1
bcfb73eb7ad5,1,2cda386910a9,1,Desconhecido,CR,dev,2
bcfeb0f76b80,0,d7b6402ac0bf,1,Desconhecido,DX,dev,1
bd0695952ade,2,ac5e98b8bb11,1,Desconhecido,CR,dev,3
bd0783c01abc,1,ca01740df240,1,Desconhecido,DX,dev,2
bd078a3621f7,1,db50c70cb9d9,1,Desconhecido,CR,test,-1
bd07eaf2191a,1,b4a02d3006be,1,Desconhecido,CR,dev,1
bd1003a23104,2,7472460e0fdb,1,Desconhecido,DX,dev,0
bd1f563cd973,0,7da6ad07632d,1,Desconhecido,DX,test,-1
bd54f3c6faa5,0,c8f23bfcde46,1,Desconhecido,DX,test,-1
bd65f1e9450d,1,299189de8e0a,1,Desconhecido,DX,dev,0
bd7354e80f27,0,d174132e4048,1,Desconhecido,CR,dev,1
bd91582f909a,0,84a45ff5d79e,1,Desconhecido,CR,test,-1
bd9c555b3306,0,945ae2c07526,1,Desconhecido,CR,dev,1
bda053990c9b,1,d15319f7a15c,1,Desconhecido,DX,dev,1
bda0602c708b,3,7b28df3da87c,1,Desconhecido,DX,dev,3
bdaa322433dc,1,247b21940e16,1,Desconhecido,DX,dev,4
bdb1576e18f7,1,a74243804a19,1,Desconhecido,CR,test,-1
bdb9c7c83922,3,a8e43ec6fbb3,1,Desconhecido,DX,dev,0
bdc6b580adb7,3,f883b1554ea2,1,Desconhecido,DX,dev,0
bdd6949b330c,1,b947d0314c7e,1,Desconhecido,DX,dev,1
bdd87dcce3de,0,a032670dac11,1,Desconhecido,CR,dev,4
bddc88dfb40f,0,9bbabe2ae053,2,Desconhecido,DX,dev,3
bde318b15e1e,1,dea14d54286a,1,Desconhecido,CR,dev,2
bde751bb247f,0,83e5b6653364,1,Desconhecido,DX,test,-1
bdf2bb90f74d,2,91939af87682,1,Desconhecido,DX,test,-1
be0ebd3113b1,0,7621c778c246,1,Desconhecido,DX,dev,2
be10f1ab3655,1,3583e8ad1eb8,1,Desconhecido,DX,dev,3
be16979f2071,3,8fc9ab0f66d6,1,Desconhecido,CR,dev,0
be1a7ddcc19d,1,e9886a4ecf4f,1,Desconhecido,CR,dev,0
be27e91fa4a7,2,5457054bbd4b,1,Desconhecido,CR,dev,2
be27ee4c4df3,2,d4e07f0ae0de,1,Desconhecido,CR,dev,0
be3713bb7bdf,1,691d381bebf7,1,Desconhecido,DX,dev,3
be64cd408bf7,1,edcf74ccca0a,1,Desconhecido,DX,dev,1
be71112b8c0e,2,89e957d0100b,1,Desconhecido,DX,dev,0
be71d3607cf2,2,f2352b65e23b,1,Desconhecido,DX,dev,2
be7bfd0b2237,1,a032670dac11,1,Desconhecido,DX,dev,4
be7ff7307411,1,3cd93c787d79,1,Desconhecido,DX,dev,3
be8295a3e3f1,1,760fb6fc434d,1,Desconhecido,CR,dev,4
be86e0fdf9f3,1,f51830d634a4,1,Desconhecido,CR,dev,3
be8966fdac91,0,ed5cb099c4c0,1,Desconhecido,CR,dev,1
be920463ac73,1,fdd943862f9a,1,Desconhecido,CR,dev,0
beb058ee419b,0,330163f32de1,1,Desconhecido,CR,dev,0
beb148677aba,1,71fc1aa7ca48,1,Desconhecido,DX,dev,1
beb39eada193,0,d5d1cd0a9e76,1,Desconhecido,DX,dev,3
bebaafc7bfbe,2,a2d5e6c655ed,1,Desconhecido,DX,dev,1
bebea45ef7ee,0,178930121816,1,Desconhecido,DX,test,-1
bec6fb240456,1,d913217f9aab,1,Desconhecido,DX,dev,4
bed3caae7486,0,f2c5824c16f1,1,Desconhecido,CR,test,-1
bedd74e98d2e,0,7cf9cb306fc5,1,Desconhecido,DX,dev,0
beeb9195fe52,1,f94754a439e5,1,Desconhecido,CR,dev,1
bef9268e8897,1,d72c20de9b35,1,Desconhecido,DX,dev,1
befd9a5119eb,1,f8668ad7fe5e,1,Desconhecido,CR,dev,4
bf0f4d0e3474,1,231d8a174f5b,1,Desconhecido,DX,dev,3
bf1a41bf2a35,1,86872a4d23b7,1,Desconhecido,DX,dev,1
bf21ae96901c,2,14b34d1884d1,1,Desconhecido,DX,dev,4
bf35d36cf961,3,92346fa8c71f,1,Desconhecido,DX,dev,2
bf3653da2444,1,58b817fcaad1,1,Desconhecido,DX,dev,2
bf3ba5075cab,1,f98ad3d3efa4,1,Desconhecido,CR,dev,4
bf443fd8264c,2,42974169a22e,1,Desconhecido,CR,dev,0
bf503a60ff23,0,1b05823afbe7,1,Desconhecido,DX,dev,2
bf529579241b,0,7ae6069c1665,1,Desconhecido,CR,dev,2
bf6bb812ec63,0,29d9bbad4927,1,Desconhecido,DX,dev,3
bf6f81be0705,0,e0649bc1745b,2,Desconhecido,DX,dev,3
bf6f84cba47f,2,415f7e1d1db4,1,Desconhecido,DX,dev,4
bf718904b796,1,f09e610064f0,1,Desconhecido,DX,dev,2
bf88ddc2621c,1,54888b99807f,1,Desconhecido,DX,dev,3
bf89768fd788,1,8084cf15e47b,1,Desconhecido,DX,dev,4
bf912917376f,1,ffa45ca37173,1,Desconhecido,CR,dev,4
bf94ba28a2e0,3,9ae5cc1528c6,1,Desconhecido,DX,test,-1
bf9ae4f2c898,0,95b9d2b07204,1,Desconhecido,DX,test,-1
bf9f49c46709,1,fae81a6f5e35,1,Desconhecido,CR,dev,2
bfb004fb2bb7,0,d64ac8fc882f,1,Desconhecido,DX,dev,1
bfd9d34295ba,0,6a160b01439e,1,Desconhecido,CR,dev,2
bfea52f3ba2e,1,7c52958ddbf0,1,Desconhecido,DX,dev,4
bff5c52b5fdc,0,5311bcdb8aea,1,Desconhecido,DX,dev,3
c0101bf708f1,3,bc4b7c3452c8,1,Desconhecido,CR,dev,3
c010f88a494b,0,9b39bc34967a,1,Desconhecido,DX,dev,3
c016cf84b2ab,1,a16ba9d9eb2b,1,Desconhecido,CR,test,-1
c01889462e54,3,694858e402f6,1,Desconhecido,DX,dev,3
c01c4998eddd,0,a47635a683de,1,Desconhecido,CR,dev,0
c0229edbdbf3,1,d7b1ca329483,1,Desconhecido,DX,test,-1
c0319257bdb1,1,d2f26991e122,1,Desconhecido,DX,dev,2
c0527255e849,1,2da63703185f,1,Desconhecido,CR,dev,3
c05506118d89,2,70c847bdfe03,1,Desconhecido,DX,dev,3
c065c89e797e,0,0cc7ebad30a6,1,Desconhecido,CR,dev,0
c07c11205aab,1,112e8c966f47,1,Desconhecido,DX,test,-1
c08ddce7c535,1,ca8177b1a00f,1,Desconhecido,DX,dev,3
c08deac36ae6,3,7d3c2b6777ec,1,Desconhecido,DX,dev,4
c08f28069408,1,157911c595b0,1,Desconhecido,CR,dev,0
c0a5c404506f,1,ac9f656d4990,1,Desconhecido,DX,dev,2
c0b31c4ca617,2,fe9a60ae376d,1,Desconhecido,CR,dev,4
c0b33e0e70f2,1,856eef0a502c,1,Desconhecido,CR,test,-1
c0b825a70867,2,879afc5f912b,1,Desconhecido,CR,dev,3
c0be57645ef7,1,bf6fe75d4d53,1,Desconhecido,DX,dev,1
c0cdfcb1dc3a,1,1bc37e76a2ed,1,Desconhecido,CR,test,-1
c0d6283aba70,2,6d671eb67f41,1,Desconhecido,CR,dev,3
c0e02c0cd817,0,8b8c5f48e51c,1,Desconhecido,DX,dev,4
c11804d10775,1,a04f9bd3685b,1,Desconhecido,DX,dev,4
c13f13201af8,2,f4fb143e7647,1,Desconhecido,CR,dev,0
c140fcf4dbce,0,197aa1d609de,1,Desconhecido,CR,dev,0
c158be090c57,1,7c52958ddbf0,1,Desconhecido,DX,dev,4
c15c667317d8,0,e7e3746d18b8,1,Desconhecido,CR,dev,2
c15db163ce39,1,4d7078eba83a,2,Desconhecido,CR,dev,4
c176c69d5939,0,90733568b180,1,Desconhecido,CR,test,-1
c18032eb94ec,1,ed7ee02bf841,1,Desconhecido,CR,test,-1
c18d22653598,1,6ae40a4925bf,1,Desconhecido,DX,dev,4
c194eef4058d,2,36b82dfeca66,1,Desconhecido,CR,dev,4
c1a4593e3210,0,144a8c8aa603,1,Desconhecido,DX,dev,1
c1b4cc5a3d82,2,261fcb694f28,1,Desconhecido,CR,dev,2
c1ba276f8ca1,0,8c150f5f0581,1,Desconhecido,DX,dev,3
c1ba4d912111,1,f385eceae714,1,Desconhecido,CR,dev,4
c1d61c52bdfd,2,45024ba5cc0b,1,Desconhecido,CR,dev,1
c1d724ba4d21,2,0f1ebea3960e,1,Desconhecido,DX,dev,0
c1da0e5b5e7f,1,e7a495b1e121,1,Desconhecido,DX,dev,3
c1df24ed831a,2,7f160b9f649f,1,Desconhecido,DX,test,-1
c1e64803761d,2,05b49a481b99,1,Desconhecido,CR,test,-1
c1ecb74c1260,1,de198731768d,1,Desconhecido,DX,dev,2
c1f2fb51a794,1,4ffb00234b9a,1,Desconhecido,CR,dev,1
c2168febb64d,0,1fb5864db8f7,1,Desconhecido,CR,dev,1
c21b75627e3b,2,41542b2a28d7,1,Desconhecido,DX,dev,3
c22387a717a0,2,5ea22d555fbf,1,Desconhecido,CR,dev,0
c229eccad476,1,2f74a944e623,1,Desconhecido,CR,dev,0
c22a8be2bba4,2,18256f7a0773,1,Desconhecido,CR,test,-1
c22d3ee72d3f,2,3f67fb4537e5,1,Desconhecido,DX,dev,2
c23033b658e0,1,71d6f50a3413,1,Desconhecido,DX,dev,3
c2317b1e87a8,1,121956335bd1,1,Desconhecido,DX,dev,0
c23478b39058,2,18256f7a0773,1,Desconhecido,CR,test,-1
c2349438eb7d,2,2772b7d5c735,1,Desconhecido,CR,dev,1
c23f590fff4f,1,1b0fe266a5a5,2,Desconhecido,DX,dev,0
c24d4d4534d4,0,558b2e76467c,1,Desconhecido,DX,dev,1
c24d9ce8858f,1,a81b5f3f5168,1,Desconhecido,DX,dev,4
c25107e62d1e,1,f7a026fb5758,1,Desconhecido,DX,dev,1
c251f8956347,1,1cfc66ec23e5,1,Desconhecido,DX,dev,2
c256d52076a4,1,918a6cb58c04,1,Desconhecido,CR,dev,4
c25d9133b16e,1,46d949f2bddf,1,Desconhecido,CR,dev,0
c26bc0272129,0,f9affad16e5f,1,Desconhecido,CR,dev,1
c27577f295b8,2,d003f3672881,1,Desconhecido,DX,dev,4
c27f7fb9e1db,0,79e5a123941c,1,Desconhecido,CR,dev,2
c29970048923,1,1b0fe266a5a5,2,Desconhecido,DX,dev,0
c2adb9afbb5f,0,01c54c169017,1,Desconhecido,DX,dev,1
c2c53475d6c8,2,ff6d65fc9b21,1,Desconhecido,DX,dev,4
c2d117c7b9fc,1,66f518087465,1,Desconhecido,CR,dev,4
c2f0b61fa035,0,d3472a4d48e9,1,Desconhecido,CR,test,-1
c2f15c46828d,1,f0cda739919c,1,Desconhecido,CR,test,-1
c2f87da261ed,1,140e034aea3b,1,Desconhecido,DX,dev,0
c3009b38115d,1,cb601f72e7ec,1,Desconhecido,DX,dev,1
c3104be06049,1,88daefcc5f8a,1,Desconhecido,DX,test,-1
c3107aac6a7d,1,f27c641f0a6a,1,Desconhecido,DX,dev,3
c3200a1427a8,2,bd60b87284a0,1,Desconhecido,DX,dev,3
c32b58cf3fcf,1,d931361a5489,1,Desconhecido,DX,dev,3
c33551d1160d,2,e5daed8e1e2f,1,Desconhecido,DX,dev,0
c336b6ddd31e,1,0b0db33b6912,1,Desconhecido,CR,dev,3
c346c7718800,3,72436f3ba7dc,1,Desconhecido,CR,dev,3
c34c3d0cb965,1,88ea1d12b241,1,Desconhecido,DX,dev,1
c35596515b04,0,c93f0c1e0bdf,1,Desconhecido,CR,dev,3
c36730438f84,0,470cd91012f6,1,Desconhecido,DX,dev,1
c36802596bf8,2,605f64a791e0,1,Desconhecido,CR,dev,2
c36cde17cd04,0,aedf65f6b56b,2,Desconhecido,DX,dev,1
c36fc16ffb95,0,d8f8c3e7282d,1,Desconhecido,DX,test,-1
c378ed31249d,1,e67df835b17d,2,Desconhecido,CR,test,-1
c3835f6d361a,2,7dd1c7e4f744,1,Desconhecido,CR,dev,4
c38afaf25923,0,da8b66955672,1,Desconhecido,DX,dev,0
c39d68397d84,1,e2af423e23b6,4,Desconhecido,DX,dev,1
c3a48893191e,0,a8e43ec6fbb3,1,Desconhecido,DX,dev,0
c3b236f3b68d,0,8c627aae3a7b,1,Desconhecido,CR,dev,4
c3b54c0f1f3a,1,fae81a6f5e35,1,Desconhecido,CR,dev,2
c3c51d97acf5,1,a093e8c76530,1,Desconhecido,CR,dev,3
c3c8292e31e4,0,e9eaec1db3a6,1,Desconhecido,CR,dev,3
c3cd6826fd20,2,8e513944d27d,1,Desconhecido,CR,dev,4
c3cedc9aabd2,0,edffda061d9c,1,Desconhecido,CR,test,-1
c3d5876a73a1,2,d6d12f37a99a,1,Desconhecido,DX,dev,2
c3da9334b162,3,0d1d6c3f9bca,1,Desconhecido,DX,dev,1
c3f453d9e744,1,b19b609f7011,1,Desconhecido,DX,dev,0
c40ab2057c7f,0,981df6999951,1,Desconhecido,DX,test,-1
c410870ee506,0,d51abc6ec17a,1,Desconhecido,DX,dev,4
c410b79afd8e,1,db50c70cb9d9,1,Desconhecido,CR,test,-1
c41c937123f7,1,e5c77db0794f,2,Desconhecido,DX,dev,2
c4201775db63,0,e78dfe8f233c,1,Desconhecido,DX,dev,0
c4272626019e,0,51fdf51994e3,1,Desconhecido,DX,dev,4
c42bf9c1becb,0,677943c81dcb,1,Desconhecido,DX,dev,4
c4328d32e545,1,fab699711fea,1,Desconhecido,CR,dev,2
c445c6365449,2,5c9cb4054b16,1,Desconhecido,DX,dev,3
c45123ecdd71,1,955f4a3db656,1,Desconhecido,DX,test,-1
c45d664b2d3b,2,0f1ebea3960e,1,Desconhecido,CR,dev,0
c471f279da8d,0,04e9e2793a90,1,Desconhecido,DX,dev,3
c4749d8f848a,2,9724462b5378,1,Desconhecido,CR,dev,2
c474e013e0af,1,7c76e2ad88b4,1,Desconhecido,DX,dev,3
c4870e289de7,1,b6a899572ddd,1,Desconhecido,DX,dev,0
c48aac4f37c3,1,98954c6d5910,1,Desconhecido,CR,dev,3
c49d0be32a21,3,cd12f077ea08,1,Desconhecido,CR,test,-1
c4a1e07b68b8,0,b129e98e8526,1,Desconhecido,CR,dev,4
c4ac6f824edf,3,055d608e3b20,1,Desconhecido,DX,dev,1
c4b86ed06eba,1,7dd1c7e4f744,1,Desconhecido,CR,dev,4
c4bc22f2003f,0,12dc04508708,1,Desconhecido,DX,dev,3
c4bf43fc8fe2,1,dd05b423026c,1,Desconhecido,CR,test,-1
c4c50ab45ec0,1,5cf96951c724,1,Desconhecido,CR,test,-1
c4c9da010bb7,0,d0cd525e0398,1,Desconhecido,DX,dev,0
c4d84d5f4fdf,1,81e76380f2b6,1,Desconhecido,CR,test,-1
c4dceddea945,2,fd0bd1f51df2,1,Desconhecido,DX,dev,2
c4de7c5901ce,0,9de479f5aad5,1,Desconhecido,DX,dev,3
c4ded198c3f1,1,db78a4f9d6ab,1,Desconhecido,CR,dev,3
c4ec48bb8a70,0,3d1929a58067,1,Desconhecido,DX,test,-1
c4fab7c2a354,2,a2924c96a73b,1,Desconhecido,CR,dev,4
c50020785833,0,5d01854dd8e6,1,Desconhecido,CR,dev,0
c50278df84d0,0,d9adadcc0fa4,1,Desconhecido,CR,dev,3
c508e7ff4063,2,56d95fd6baaf,1,Desconhecido,CR,dev,3
c50ade6786c1,1,ef7ff5241e5f,1,Desconhecido,DX,dev,4
c51701835609,2,71d6f50a3413,1,Desconhecido,DX,dev,3
c52f27b9bff5,3,411c8407e04a,1,Desconhecido,DX,dev,1
c539ad81cc2b,1,d0bd8fe98fb9,1,Desconhecido,CR,dev,0
c544a46adac8,1,1a50fe71098b,1,Desconhecido,DX,dev,1
c55216589fef,2,208fba83eb40,1,Desconhecido,CR,test,-1
c553748e7049,2,605f64a791e0,1,Desconhecido,DX,dev,2
c55dcf172e5b,1,0c9e3701678b,1,Desconhecido,DX,dev,4
c5634cea013f,1,3583e8ad1eb8,1,Desconhecido,DX,dev,3
c567ec7748b3,0,b514c800b7d0,1,Desconhecido,DX,test,-1
c56bbac149cc,1,a04f9bd3685b,1,Desconhecido,DX,dev,4
c57c345cc6a1,2,f83ab27692cc,1,Desconhecido,DX,dev,1
c58d3494fd01,1,8f1ef3b8e8cd,1,Desconhecido,CR,dev,2
c58f890db01a,0,00ae01f77e13,2,Desconhecido,DX,dev,4
c5a5dd5ecc62,0,ee1a7eeec8f8,1,Desconhecido,DX,dev,2
c5ae5513399f,1,c81a599fa930,1,Desconhecido,DX,dev,0
c5af2a9953f1,1,fe135dc37053,1,Desconhecido,DX,dev,1
c5bed0d55643,1,d6ef48e0e5d4,1,Desconhecido,CR,dev,3
c5c7c1b15da4,1,8dc3b5c17ecd,1,Desconhecido,CR,dev,1
c5d96f929646,3,43458b3f3907,1,Desconhecido,DX,test,-1
c5de8eb728f7,1,eb94d5130361,1,Desconhecido,DX,test,-1
c5f847a87bd2,0,4faf56a3cd9b,1,Desconhecido,CR,dev,3
c5fe36aa9757,0,892b894f9d7f,1,Desconhecido,DX,test,-1
c612fea06981,2,5d34daadfcc9,1,Desconhecido,CR,dev,3
c61ce24f4011,1,f0c5a7f28b56,1,Desconhecido,DX,dev,1
c631e5f031a9,1,89e957d0100b,2,Desconhecido,DX,dev,0
c63c77cebf53,1,66f8a858b1ce,1,Desconhecido,DX,dev,1
c640c29623c8,2,2791eddfe232,1,Desconhecido,CR,dev,0
c640e58f2c3e,0,2953acf9e586,1,Desconhecido,CR,dev,4
c64a6fceed0e,1,58d0a357e54b,1,Desconhecido,DX,dev,1
c64f37e2ef20,2,e2dbb0ae5e50,1,Desconhecido,DX,test,-1
c6583ca18178,1,a2aa5c179a56,1,Desconhecido,DX,dev,3
c65a84ca019d,0,6d527f05e3c1,1,Desconhecido,DX,test,-1
c65ed6750934,1,9c7c17e561eb,1,Desconhecido,DX,dev,3
c6621edbc480,1,883a47dc4bae,1,Desconhecido,DX,dev,4
c662e2746cbf,1,e515a4aaa982,1,Desconhecido,CR,dev,1
c671c042f2c2,1,0d6b8fb72ed7,1,Desconhecido,DX,dev,2
c67a9e39ade5,1,6763e60b5a2f,1,Desconhecido,DX,dev,3
c69bf860eb88,0,d51db70403ed,1,Desconhecido,CR,dev,0
c6a376032cfd,2,ec881b6c2ce7,1,Desconhecido,CR,dev,0
c6a5e29975eb,1,74c285e21f33,1,Desconhecido,CR,dev,4
c6ab9c7ba459,3,b7afad67d7d2,1,Desconhecido,DX,dev,4
c6af19161721,0,45fb2d60ffa5,2,Desconhecido,CR,test,-1
c6b1e11a8f4e,1,a1bb58207b0e,1,Desconhecido,CR,dev,0
c6c5e04f3a24,3,0282056eb407,1,Desconhecido,CR,dev,2
c6d8c8e90ab4,1,c6dd78275bc9,1,Desconhecido,DX,dev,2
c6db7683f622,2,261fcb694f28,1,Desconhecido,DX,dev,2
c6deeff2bd56,2,52991f7ab16e,1,Desconhecido,CR,dev,0
c6e15cb1f2a8,1,4f0166de8a10,1,Desconhecido,DX,dev,4
c6e1b0f07d2b,1,b19b609f7011,1,Desconhecido,DX,dev,0
c6e9ee8fbf4e,2,79f3500991ce,1,Desconhecido,DX,dev,3
c6ed4ed3f93c,3,7ab22a5dc0b8,1,Desconhecido,DX,dev,4
c6f036281ae4,1,77df48014352,1,Desconhecido,DX,dev,0
c6f8052c3084,2,448e856261e4,1,Desconhecido,DX,dev,4
c6fd58768e03,2,8120d0abafd7,1,Desconhecido,CR,dev,0
c70369caef91,2,fe415dc0704f,1,Desconhecido,DX,dev,1
c712a4ef7476,2,6684dfc1be55,1,Desconhecido,CR,dev,1
c71c8eb2df69,1,dbc88e2f0c4b,1,Desconhecido,DX,dev,1
c7291b008baf,2,cb59d538ca99,1,Desconhecido,CR,dev,0
c732dd163d0d,1,1d7b6dfa89c3,1,Desconhecido,DX,dev,1
c73ff36eb002,0,88d7a03b4f29,1,Desconhecido,DX,test,-1
c7426be07170,1,f27c3f6275ec,1,Desconhecido,CR,dev,4
c74b100b835f,0,9466330920d7,1,Desconhecido,DX,dev,4
c74ee3da0583,1,fc6440947eb7,1,Desconhecido,CR,test,-1
c74f9b3910a5,0,d56554e59a06,1,Desconhecido,DX,dev,4
c75957219940,1,883a47dc4bae,1,Desconhecido,DX,dev,4
c76676090cdc,1,56de0bc6b79e,1,Desconhecido,CR,dev,4
c766fc255651,2,e7e3746d18b8,1,Desconhecido,CR,dev,2
c76b8d3f1402,0,76b236e7e5fc,1,Desconhecido,CR,dev,3
c77364a32ea4,0,6fff04bfa007,1,Desconhecido,CR,dev,2
c7781bc9cbc7,1,924c24e59770,1,Desconhecido,CR,test,-1
c77ad8c72093,1,aafc6b74e78d,1,Desconhecido,CR,dev,3
c78431df8576,2,64127a2870cf,1,Desconhecido,DX,test,-1
c784b6dfdf63,1,2bd3b9895dcc,1,Desconhecido,DX,test,-1
c79e944eb6ae,2,cc5c2ee2f7af,1,Desconhecido,CR,dev,3
c7be24e7b7c0,3,aa7b530b3811,1,Desconhecido,CR,dev,2
c7c00de9cb9f,3,8d3669fac12a,1,Desconhecido,DX,dev,0
c7c53a0fcccc,1,e7a495b1e121,1,Desconhecido,DX,dev,3
c7cb4bb07b69,0,f9115ecb11ab,1,Desconhecido,CR,dev,2
c7d21e91ecb8,0,ed4c3f4ea89e,1,Desconhecido,CR,dev,0
c7d9660daaa5,0,e76297ee512c,1,Desconhecido,DX,dev,1
c7da9786faff,1,e5a7c01fc276,1,Desconhecido,CR,dev,1
c7e9092567b9,1,db5d89213973,1,Desconhecido,DX,test,-1
c7f9cb4677dd,0,707dfeff9e68,1,Desconhecido,CR,dev,1
c7ff315a07d2,2,c0056118dcf1,1,Desconhecido,DX,dev,4
c804cb63b917,1,27ef98343527,2,Desconhecido,DX,dev,0
c805bfb98923,1,298acd570650,1,Desconhecido,CR,dev,2
c806bfda328f,0,17d7116f0288,1,Desconhecido,DX,dev,1
c806e55aadeb,0,ea92a2bb619e,1,Desconhecido,CR,dev,1
c8113e6ba961,1,e7e10bc8f1a4,1,Desconhecido,CR,dev,1
c85b74b2f14d,2,711d88ba4853,1,Desconhecido,CR,dev,3
c860f58d8e70,2,51412467a170,1,Desconhecido,CR,test,-1
c87797d3e4a4,0,52093bd3416a,1,Desconhecido,CR,dev,3
c8787f51904f,1,918a6cb58c04,1,Desconhecido,CR,dev,4
c878e9f77705,0,f8eef7a5bd72,1,Desconhecido,DX,dev,3
c87a812df3e3,0,a848bcbc209f,1,Desconhecido,DX,dev,0
c87fc2d62863,0,9189ea294de6,1,Desconhecido,DX,dev,0
c889f01b32c4,2,6684dfc1be55,1,Desconhecido,CR,dev,1
c8939c198758,0,f456ffa6bd83,1,Desconhecido,CR,dev,4
c8970add821a,1,c0671853504f,1,Desconhecido,CR,dev,1
c8a262f4d593,3,25ac84ed6447,1,Desconhecido,CR,dev,3
c8b578ee523f,2,459f98bbf8f8,1,Desconhecido,DX,dev,4
c8d0b3531ba0,3,cc0126d1c662,1,Desconhecido,CR,dev,1
c8d8bdcc5ca6,2,4f8296c53df3,1,Desconhecido,CR,test,-1
c8de4d9c339c,1,18256f7a0773,1,Desconhecido,CR,test,-1
c8e30f650ea7,1,ec6535811fa0,1,Desconhecido,DX,test,-1
c8ec0362eb1d,1,e2af423e23b6,1,Desconhecido,DX,dev,1
c8ece2a8d2b4,0,d40161af0f1d,1,Desconhecido,DX,dev,0
c8fba581da8b,2,3b126eec7d3e,1,Desconhecido,DX,dev,2
c9171bcfd1f9,0,e47d1e9816d1,1,Desconhecido,DX,dev,1
c9197421b36a,2,e72f2fac9812,1,Desconhecido,DX,test,-1
c922f744785f,2,ea938de0e417,1,Desconhecido,CR,test,-1
c925ca312688,0,f897dc9b90b0,1,Desconhecido,CR,dev,3
c92965e46fe3,2,f7455556e103,1,Desconhecido,DX,dev,3
c9377445d2c5,3,bc50a0234217,1,Desconhecido,CR,dev,4
c942b7beb3c8,3,d83e8eaa5e42,1,Desconhecido,DX,dev,4
c94877c70601,3,912ec7561e41,1,Desconhecido,DX,test,-1
c94e9f51c8bf,1,9ec7f7ed065c,1,Desconhecido,DX,test,-1
c963416e4f73,0,2e9fb5c23b4c,1,Desconhecido,CR,dev,4
c9684f69b06c,0,efe946a721b2,1,Desconhecido,DX,test,-1
c97d2c7b66e8,1,fd0e8d1e8e0c,1,Desconhecido,CR,test,-1
c9a187b33acc,1,debb582c909f,1,Desconhecido,DX,dev,0
c9b48db00217,1,e4db8a0f3c14,1,Desconhecido,DX,dev,3
c9bf4ff8d7e8,1,2a6a8aee1d15,1,Desconhecido,CR,dev,2
c9cbca627e30,1,bf6fe75d4d53,1,Desconhecido,DX,dev,1
c9d1979eae31,1,9b48b002f521,1,Desconhecido,DX,test,-1
c9dfce6a3b7f,1,d1cc7b47f25a,1,Desconhecido,DX,dev,3
c9e4975d5ae8,2,73f66da35a42,1,Desconhecido,DX,dev,3
c9fb827e89a4,3,7b6c1a78c39a,1,Desconhecido,CR,dev,4
c9ffe6312921,1,8c8414b55044,1,Desconhecido,DX,dev,1
ca0faad019c5,1,f6913c997c82,2,Desconhecido,DX,dev,0
ca12997e60a4,1,906655df68c3,1,Desconhecido,DX,dev,0
ca161dc3fc3f,1,d6ad9438a996,1,Desconhecido,CR,test,-1
ca1c191b5af2,3,0a8952bc7e36,1,Desconhecido,CR,dev,1
ca306996a98d,1,c846fb8005a5,1,Desconhecido,DX,dev,3
ca37589b5766,0,0dfbb7026072,1,Desconhecido,DX,dev,0
ca436c68f046,1,eaf7cdfb5710,1,Desconhecido,DX,dev,3
ca4ae1f8356a,2,f15768cd3d48,1,Desconhecido,DX,dev,4
ca4bd49ea348,2,7bc4814118a7,1,Desconhecido,CR,dev,0
ca54d15e5311,1,699970e36059,1,Desconhecido,DX,dev,1
ca924360a2ec,2,99311a06803d,1,Desconhecido,CR,test,-1
ca9a5e9b9961,1,2bd3b9895dcc,1,Desconhecido,CR,test,-1
caa1a1861fab,2,8c8414b55044,1,Desconhecido,DX,dev,1
caae1729c701,2,3dcfa1be9297,1,Desconhecido,DX,dev,3
cab686c551eb,0,d9c6c7ae9b33,1,Desconhecido,CR,dev,3
cac4d4c92312,2,4e88550be813,1,Desconhecido,CR,dev,4
cac903938518,1,247b21940e16,1,Desconhecido,DX,dev,4
cacc8f5f2c2e,2,e9b4b4991153,1,Desconhecido,CR,dev,2
cad148eadb25,1,853cd4815445,1,Desconhecido,DX,test,-1
cad19e55e9f8,1,2d406ec0da63,1,Desconhecido,DX,dev,0
caddddc54d47,0,5cc22366ab96,1,Desconhecido,DX,test,-1
cb03bff9dfc6,1,955f4a3db656,1,Desconhecido,DX,test,-1
cb04434a6c7e,1,d19aea63e954,1,Desconhecido,DX,dev,2
cb04fc09221b,1,d7c797012c8b,1,Desconhecido,CR,test,-1
cb0d6854e691,1,22766d67dce2,1,Desconhecido,CR,dev,4
cb1e730745aa,1,3b749c542357,1,Desconhecido,DX,test,-1
cb2949b1aa32,1,49a3b4465b7d,1,Desconhecido,CR,dev,0
cb4d8159a8bf,3,f80f522adb51,1,Desconhecido,CR,dev,0
cb542a3e1086,1,a9a7cabcc10e,1,Desconhecido,DX,dev,2
cb6618d86e34,1,9ec7f7ed065c,1,Desconhecido,DX,test,-1
cb6673ee6433,2,56de0bc6b79e,1,Desconhecido,CR,dev,4
cb8d01dc0d0b,1,9fca3ac74f40,1,Desconhecido,CR,dev,2
cb9e68a7ddc6,0,03ed25571071,1,Desconhecido,CR,dev,3
cba1253c6b09,1,bc99c4cabeca,1,Desconhecido,DX,test,-1
cba6e524747c,2,e673774c4753,1,Desconhecido,CR,test,-1
cba7dd0a06d2,3,eb7874116873,1,Desconhecido,CR,dev,4
cbaee64f9d29,1,ce0244fa162a,1,Desconhecido,CR,dev,3
cbb7b764ca87,0,af4e9503dfe1,1,Desconhecido,CR,dev,3
cbbc6e5e7141,0,41c1fa457b38,1,Desconhecido,DX,dev,4
cbc5b788ab7d,2,d1f25b2ab42f,1,Desconhecido,DX,dev,2
cbcc9c2bfaa3,1,86872a4d23b7,1,Desconhecido,CR,dev,1
cbe28b52b282,2,c6dd78275bc9,1,Desconhecido,DX,dev,2
cbe5d39a75bd,3,6f90a1708604,1,Desconhecido,CR,dev,3
cbf3b338fae0,2,ffa9d2bf8e9e,1,Desconhecido,DX,dev,2
cc127cda72f8,2,ebd0829cb3bc,1,Desconhecido,DX,dev,4
cc214df24ffd,2,0d608120ccb9,1,Desconhecido,CR,dev,3
cc2ec61e3cce,0,6377e907cbfa,1,Desconhecido,DX,test,-1
cc4d29e2b176,0,dbe29a8a2acb,2,Desconhecido,CR,test,-1
cc4e5235357b,1,dca36e59a268,1,Desconhecido,CR,dev,3
cc4f74e87040,1,e8778373300e,1,Desconhecido,DX,dev,1
cc5dac252ddf,1,f09e610064f0,1,Desconhecido,DX,dev,2
cc5ff5b6356f,1,f22e6707b89b,1,Desconhecido,CR,dev,1
cc7cafd867f1,1,d2fae0193a7f,1,Desconhecido,CR,dev,0
cc7fff1668bc,1,359042149283,1,Desconhecido,CR,dev,1
ccb2bb7d0986,3,f1fc4f6af8ca,1,Desconhecido,CR,dev,3
ccb8df9dddce,1,db103df30430,1,Desconhecido,CR,dev,0
ccd2dee9eaf9,2,c8c235516b09,1,Desconhecido,CR,dev,4
cceb9796da02,0,dfa973e42949,1,Desconhecido,DX,dev,1
ccf4402a880e,2,f5b6c4c719d5,1,Desconhecido,CR,dev,4
ccfff1b2ca61,3,74aad1135490,1,Desconhecido,DX,test,-1
cd009edaae20,2,504c7fa5d1b2,1,Desconhecido,CR,dev,3
cd082bbb2799,0,ce8ce992fcde,2,Desconhecido,CR,dev,4
cd184a74c205,0,b4e19ee0a1d0,1,Desconhecido,CR,test,-1
cd22baf7bb69,0,ebeb1e8cef26,1,Desconhecido,DX,dev,1
cd26a806db43,2,4c75e17c0192,1,Desconhecido,DX,dev,0
cd31be2c08a8,1,d3f4303a376e,1,Desconhecido,DX,test,-1
cd3829a517ea,0,4c6d652ad1d8,1,Desconhecido,DX,dev,4
cd3f1572832b,1,70b4399c71ca,1,Desconhecido,DX,dev,2
cd430a024263,1,e1adb6b5e584,1,Desconhecido,CR,dev,4
cd4526f0c63a,1,86eb9beeea0b,1,Desconhecido,CR,dev,3
cd50cfa54f6d,0,9101284a994d,1,Desconhecido,DX,dev,2
cd5dd5e6f3f5,0,cc5e0ad1a536,1,Desconhecido,DX,dev,0
cd6d6e960d3d,1,4a124744f677,1,Desconhecido,DX,dev,4
cd7b8745e046,0,4e923189d34c,1,Desconhecido,DX,dev,1
cd8dc0c789ae,1,f9cfa8f4daf8,1,Desconhecido,CR,dev,2
cd97a120b1e0,1,26cd03dcb4be,1,Desconhecido,DX,dev,4
cd9eb8ab35bb,0,6e12200a57b4,1,Desconhecido,CR,dev,0
cda5e1b301f0,2,ca4868e96980,1,Desconhecido,DX,test,-1
cda63d7fef2c,1,a9346bd8884c,1,Desconhecido,CR,dev,1
cdbd8e529c4f,3,21f235e74927,1,Desconhecido,DX,dev,1
cdbe08f51795,2,aedf65f6b56b,1,Desconhecido,DX,dev,1
cdd15519ddb1,1,e2103a7e1a1e,1,Desconhecido,DX,dev,4
cdd75add0930,2,d18ce1db2e6a,1,Desconhecido,DX,dev,3
cdda51ee9f0f,1,3f67fb4537e5,1,Desconhecido,DX,dev,2
cde0ab9526da,1,b9b3be289ebe,1,Desconhecido,CR,dev,2
cdea7e206121,0,cf3e7a23246a,1,Desconhecido,CR,dev,0
ce01ddac68ce,1,7c6986052b70,1,Desconhecido,DX,test,-1
ce193df4c0fa,1,ea41d3ab2c08,1,Desconhecido,CR,dev,1
ce1bc101c635,1,e7a495b1e121,1,Desconhecido,DX,dev,3
ce20472bb087,1,2953acf9e586,1,Desconhecido,DX,dev,4
ce2295d3b39e,2,f7e855589aae,1,Desconhecido,CR,test,-1
ce2cb41ebc7c,2,ffa45ca37173,1,Desconhecido,DX,dev,4
ce33c16a49fc,1,6c50536fa532,1,Desconhecido,CR,test,-1
ce55217f14e9,2,9b39bc34967a,1,Desconhecido,CR,dev,3
ce5c24b1bb3a,1,5ba94a04c3a4,1,Desconhecido,CR,dev,3
ce61060be9c9,1,1a334ec80387,1,Desconhecido,CR,dev,0
ce63acbfe9b9,1,9e0aacc4d912,1,Desconhecido,CR,dev,4
ce65f4a0c584,0,dd171e49b542,1,Desconhecido,CR,dev,4
ce67c56d3bf0,1,ec3426e8a969,1,Desconhecido,DX,dev,4
ce7450de80f5,0,8366128e56f2,1,Desconhecido,DX,dev,3
ce9c6941be72,1,3b746404b150,1,Desconhecido,DX,dev,4
ce9fab84f90b,2,dbadd2ad032b,1,Desconhecido,CR,dev,4
ceab7a50d7fa,0,76b896f69ff7,1,Desconhecido,CR,test,-1
ceb622d6d291,1,b54b5259722a,1,Desconhecido,DX,test,-1
ceb994683b51,2,5ff101db2265,1,Desconhecido,DX,dev,0
cec0cef8568d,0,89435d28bf31,1,Desconhecido,DX,dev,4
cec6e9fb134a,2,2c81a788f3b3,1,Desconhecido,DX,dev,2
cec70a25ea45,0,0340779348ea,1,Desconhecido,DX,test,-1
cef54b9f9536,1,07e676aaa82c,1,Desconhecido,CR,test,-1
cf002a39bb2d,1,f44e62644aa8,1,Desconhecido,DX,dev,3
cf03351eb58e,1,eae13b0f90e1,1,Desconhecido,CR,dev,2
cf14bc7095a1,1,73b71ff281be,1,Desconhecido,CR,dev,3
cf1a94eeef5d,1,88b720143ff7,1,Desconhecido,DX,dev,0
cf1a9a75cff1,1,79f0ca145ee3,1,Desconhecido,CR,test,-1
cf201551aaec,0,4b2e9b09074e,1,Desconhecido,CR,dev,0
cf2bccfe763c,0,06163109c8bf,1,Desconhecido,CR,dev,4
cf2eb7ad3004,1,55c83dc192c3,1,Desconhecido,CR,test,-1
cf6018adf8b8,2,71b5edab804b,1,Desconhecido,CR,dev,3
cf62b87ad83f,2,067763c0e8dd,1,Desconhecido,DX,dev,1
cf6b1f181849,1,8f1ef3b8e8cd,1,Desconhecido,CR,dev,2
cf70a03d178c,3,e1e7678da8de,1,Desconhecido,CR,dev,0
cf7676dce2ad,1,605f64a791e0,1,Desconhecido,CR,dev,2
cf7914085784,0,1e128d5750e1,1,Desconhecido,DX,test,-1
cf7ca67c9c68,1,06358950dfb5,1,Desconhecido,CR,dev,1
cf7d48ef27a2,0,2a815de0456f,1,Desconhecido,CR,test,-1
cf89efb74c74,1,e6522f40dc20,1,Desconhecido,CR,test,-1
cf8bd93493f0,1,fcf7a3266b56,1,Desconhecido,CR,test,-1
cfa126dc4fe9,1,e1bbd8332280,1,Desconhecido,DX,dev,4
cfba05e7880c,0,677943c81dcb,1,Desconhecido,DX,dev,4
cfc48a3e03b9,1,4c68a64b3c26,1,Desconhecido,DX,dev,1
cfc8a4c873ea,1,605693f36f43,1,Desconhecido,CR,test,-1
cfccf6cf66a1,1,dc3700f41dd9,1,Desconhecido,CR,dev,1
cff920a92b58,0,a182f34beb56,1,Desconhecido,DX,dev,1
d00803e34bd5,1,e99d24dfb2b1,1,Desconhecido,DX,dev,3
d00ba06748c5,2,d88f38c5d558,1,Desconhecido,CR,dev,1
d00f5621947f,3,815c2cc4e9e2,1,Desconhecido,CR,dev,4
d02dc4dbc13a,1,2794dee4ec3d,2,Desconhecido,CR,dev,3
d02f7a78a972,1,f81fcb47cb44,1,Desconhecido,DX,dev,3
d030fc74ae1a,3,73bc087594ee,1,Desconhecido,DX,dev,4
d036460bb847,3,23fa425bf85a,1,Desconhecido,DX,dev,4
d03988d6ee6a,0,6c4daf246f40,1,Desconhecido,CR,dev,2
d0696b014aca,0,ab120fefec0c,1,Desconhecido,DX,dev,1
d07ea6d8fcd8,0,dc6f3ffe0d17,1,Desconhecido,DX,dev,2
d07f235fa353,2,3a1f82266300,1,Desconhecido,DX,dev,0
d0906bce2ac6,1,471a205761ab,1,Desconhecido,CR,dev,4
d0bdcd1a721d,2,3f05bceb913c,1,Desconhecido,DX,dev,1
d0e43623f62e,1,343d0810ca0f,1,Desconhecido,CR,dev,2
d0e855bbced0,1,4b6d672aabdb,1,Desconhecido,DX,dev,3
d0ed8a552c10,0,c2d9d3c0fdee,1,Desconhecido,DX,test,-1
d0fb37d9aeb8,1,489552abcc95,1,Desconhecido,DX,dev,0
d0fdb5a98cb9,0,3c0d9078acdd,1,Desconhecido,DX,dev,3
d0ffd118611e,0,8ee221552c2c,1,Desconhecido,DX,dev,4
d0ffd8ac78ea,1,b9b3be289ebe,2,Desconhecido,CR,dev,2
d104cfbe1544,1,e9886a4ecf4f,1,Desconhecido,CR,dev,0
d120a0459e17,1,92d99f5d1aa1,1,Desconhecido,CR,dev,2
d129ac8188d6,0,0e354d916ad4,1,Desconhecido,CR,dev,1
d12e087e9621,0,2025d8df89f8,1,Desconhecido,DX,dev,0
d13424245af7,1,8e3ab57378e7,1,Desconhecido,CR,test,-1
d14080fd6f2a,1,e88bb44c27ac,1,Desconhecido,CR,test,-1
d14a2b12e580,0,c7e5647679e6,1,Desconhecido,CR,dev,3
d16a188feaf1,1,8c8414b55044,1,Desconhecido,DX,dev,1
d172b5d65314,0,ec61ece454eb,2,Desconhecido,CR,dev,4
d17a6c6eccdb,1,e4211984422c,1,Desconhecido,CR,dev,0
d18ee0cc36c9,0,19d31a48bbc4,1,Desconhecido,DX,dev,2
d191addc1610,2,ec9c4234f769,1,Desconhecido,DX,dev,1
d195eac8f7c5,0,efd4fcfbe704,1,Desconhecido,CR,dev,2
d19d0011c3cd,0,b8b7b3352ffa,1,Desconhecido,CR,dev,0
d1b3ad13fb12,3,4303bcd9da7b,1,Desconhecido,CR,dev,3
d1b3fa229418,1,f7ec05364018,1,Desconhecido,CR,dev,1
d1b8da8b457b,3,84f22bad3748,1,Desconhecido,CR,dev,2
d1c8ceed5f67,2,99311a06803d,1,Desconhecido,CR,test,-1
d1d5510f37cd,2,a03014733bd1,1,Desconhecido,CR,dev,2
d1df45f6463e,0,dc3700f41dd9,1,Desconhecido,DX,dev,1
d1e8cfaae748,1,f09e610064f0,1,Desconhecido,DX,dev,2
d1e9e0136254,0,60f0177796f6,1,Desconhecido,CR,dev,3
d1f080b7cba8,1,7929c91fd1bf,1,Desconhecido,DX,dev,1
d2052a4c69f7,1,a74243804a19,1,Desconhecido,CR,test,-1
d21c4a44ca5d,1,3338ab0431ee,1,Desconhecido,DX,test,-1
d220d8aa68c4,1,a032670dac11,1,Desconhecido,DX,dev,4
d22cb5396003,0,a429aca085eb,1,Desconhecido,CR,dev,0
d2381fceb7ba,1,6a3d68b27e91,1,Desconhecido,CR,dev,2
d25eb664a30b,3,9fb077654383,1,Desconhecido,DX,dev,4
d261ac4d6627,2,aa93f52f3277,1,Desconhecido,CR,dev,4
d274f8bf60e5,0,9dec486ea224,1,Desconhecido,CR,test,-1
d27919d385f8,1,f764a36fb7fe,1,Desconhecido,CR,dev,2
d290c990efc9,0,e7a0f36139a6,1,Desconhecido,DX,dev,2
d29124676611,3,9e1cd9f40b4e,1,Desconhecido,DX,test,-1
d29dcb216021,0,dded86d04705,1,Desconhecido,DX,dev,3
d2a68aa4dd49,1,04e07d940a7a,1,Desconhecido,DX,test,-1
d2be5fe90e29,0,6717eb9d27ac,1,Desconhecido,CR,dev,3
d2c013dd8ce4,1,cc21a6a38834,1,Desconhecido,CR,dev,4
d2c1d0cb3f1b,2,fa8e6984a9c2,1,Desconhecido,DX,dev,4
d2cc49d90758,2,d58cfbb586da,1,Desconhecido,DX,dev,2
d2cf237688a4,0,74ea48b40309,1,Desconhecido,DX,dev,0
d2d2c00ec212,1,853cd4815445,1,Desconhecido,DX,test,-1
d2d3cdb4272e,0,e96ac3d54f91,1,Desconhecido,DX,dev,3
d2ddeca64f16,1,cc5c2ee2f7af,1,Desconhecido,CR,dev,3
d2f74c94238a,1,fd6e847c69eb,1,Desconhecido,DX,dev,4
d30474806223,2,e893e721d6a0,1,Desconhecido,DX,dev,0
d310c1e8d212,0,5a982dfb9702,1,Desconhecido,CR,test,-1
d3253e0cdc4b,2,daf089ec5217,1,Desconhecido,CR,dev,4
d32d755c49d7,1,557bd57781c8,1,Desconhecido,DX,dev,0
d33d1bebf066,0,27a3c0722573,1,Desconhecido,DX,test,-1
d34ad0ebb757,1,30f2a6158856,1,Desconhecido,CR,dev,3
d3539d3b0022,0,df8296b060b7,1,Desconhecido,DX,dev,1
d35441c203d8,1,de198731768d,1,Desconhecido,DX,dev,2
d35ec785b6d9,0,69ae0957aa06,1,Desconhecido,CR,dev,0
d36aa5a1b5ac,1,7c6986052b70,1,Desconhecido,DX,test,-1
d36dea12224c,1,ac273b2a3f0e,1,Desconhecido,CR,test,-1
d3746284b4db,2,d68b7bb0d56d,1,Desconhecido,CR,dev,1
d3751dde942a,1,e67b37cf3f8a,1,Desconhecido,CR,dev,2
d380c0640d52,2,1eb0c6735def,1,Desconhecido,CR,dev,1
d390bbdb6eae,1,d0edc97e96d8,1,Desconhecido,DX,dev,4
d393eb921fce,0,f5be415df70e,1,Desconhecido,DX,dev,0
d3a27b41cfcd,1,3681b3db3ecc,1,Desconhecido,DX,test,-1
d3a94080741c,2,1e128d5750e1,1,Desconhecido,DX,test,-1
d3b32d6522e6,1,a032670dac11,1,Desconhecido,DX,dev,4
d3c58aec7ef5,0,9fd25ab28113,1,Desconhecido,CR,dev,1
d3cf46c2aa95,0,92959f6b57cd,1,Desconhecido,CR,dev,1
d3d092d9884a,1,3e2bbaf0d572,1,Desconhecido,DX,dev,4
d3d711842329,0,cf03559eedd6,1,Desconhecido,CR,test,-1
d3da34d7982c,1,cf4ed50a126a,1,Desconhecido,CR,dev,2
d3e83031ebea,1,86a55a442a59,1,Desconhecido,CR,dev,2
d40a26be9a1f,1,4e88550be813,1,Desconhecido,CR,dev,4
d40b3798bbaf,1,cf4ed50a126a,1,Desconhecido,CR,dev,2
d41577cf0009,0,24d8a5a5c769,1,Desconhecido,CR,dev,2
d419cd169212,0,657bfaecc0b5,1,Desconhecido,CR,dev,3
d41cace53f70,0,c2254e65eb60,1,Desconhecido,CR,dev,3
d422862db292,2,c6e3f405e9b4,2,Desconhecido,CR,dev,3
d42be282a595,0,240a11ac07c6,1,Desconhecido,DX,dev,0
d4335c32ac91,1,edf82e3f97f7,1,Desconhecido,DX,dev,4
d435148e61a4,1,226228b84dc7,1,Desconhecido,CR,dev,3
d435f55c6879,1,bc3f62033fe8,1,Desconhecido,CR,test,-1
d45764216b95,3,debb582c909f,1,Desconhecido,DX,dev,0
d45793c3466b,1,1b0fe266a5a5,2,Desconhecido,DX,dev,0
d46dc030a427,0,80e76142a561,1,Desconhecido,DX,dev,3
d4891fb41daf,1,0e76343ab051,1,Desconhecido,CR,dev,0
d493a19fdc27,1,fabbc2d34526,1,Desconhecido,DX,dev,4
d49e6327fe15,2,76838579a824,1,Desconhecido,CR,test,-1
d4a13c7d0be6,2,697d950bfe10,1,Desconhecido,CR,dev,2
d4ab797396b4,0,be556f141d4f,1,Desconhecido,DX,dev,2
d4ba14d5248e,2,a39d84caf95d,1,Desconhecido,DX,dev,2
d4cad0ca79a4,0,79043ad7a7a7,1,Desconhecido,CR,test,-1
d4d230450196,0,1e077bc9075d,1,Desconhecido,CR,dev,2
d4d4ad4ecf8a,1,c383cbf78b2f,1,Desconhecido,CR,dev,2
d4e34301adad,2,4509b4cbef25,1,Desconhecido,CR,test,-1
d4fd13f5456d,2,930620daed97,1,Desconhecido,DX,dev,0
d4fe511721c0,1,ed25e2c58ff2,1,Desconhecido,CR,dev,3
d50c91728f09,0,661a1385a6a6,1,Desconhecido,DX,dev,2
d51b5cef170b,1,6af6aa79586d,1,Desconhecido,CR,dev,0
d522ef41a34e,1,d9d744c34b01,2,Desconhecido,DX,dev,2
d52a34a2589e,1,9743a8cd1bb6,1,Desconhecido,CR,dev,1
d52d402b2246,2,dee5f191a907,1,Desconhecido,DX,test,-1
d52f1544921e,1,e893e721d6a0,1,Desconhecido,DX,dev,0
d53147ecb090,0,ecb9ea4ab798,1,Desconhecido,DX,dev,2
d54473917e53,1,804ab2f4bd30,1,Desconhecido,DX,test,-1
d55d019b0687,1,af86498715bb,1,Desconhecido,DX,dev,3
d56292884e0e,0,b7cfeb9a0276,1,Desconhecido,DX,test,-1
d569759613ad,1,24c5289f5ced,1,Desconhecido,DX,dev,4
d57d1c13a875,0,1a4c321fa3a3,1,Desconhecido,CR,dev,2
d5b987cc8efd,0,7b4cf153af57,1,Desconhecido,DX,dev,4
d5bb57326bd2,2,174b9e612830,1,Desconhecido,DX,test,-1
d5c12a5ebb06,1,067763c0e8dd,1,Desconhecido,DX,dev,1
d5c20d6a24bc,1,760e1ba09f3d,1,Desconhecido,DX,dev,1
d5dd9cdb375a,0,1391ab0c32fb,1,Desconhecido,CR,dev,2
d5e940685d00,2,ea702bb90279,1,Desconhecido,CR,dev,2
d5f194b6bff4,2,6e949bb450aa,1,Desconhecido,CR,dev,1
d601d93c351c,1,c4aef4fc15a2,1,Desconhecido,DX,dev,0
d602b556cb9d,1,fabbc2d34526,1,Desconhecido,DX,dev,4
d603bdeca20e,0,15a6c885ee36,1,Desconhecido,CR,dev,0
d604aae86dd4,2,ebdaeaa1fd8c,1,Desconhecido,DX,dev,3
d61e065cdab0,0,3325be38c4eb,1,Desconhecido,CR,dev,1
d6338ff2cfd8,2,34c9bbb1f96a,1,Desconhecido,DX,dev,1
d64f793908fa,2,19ca51007544,1,Desconhecido,DX,dev,2
d65c634447c4,1,ea38e850c2fb,1,Desconhecido,DX,dev,4
d662a384288c,2,fa7bdc9e9d19,1,Desconhecido,DX,dev,3
d668a99691f6,0,724071f6480d,1,Desconhecido,DX,dev,1
d66df386831f,1,a4a057ac1fcf,1,Desconhecido,CR,dev,1
d670149083bf,0,f791862e26f0,1,Desconhecido,CR,dev,1
d68217d20b03,1,f22e6707b89b,1,Desconhecido,CR,dev,1
d6a591a5b3fc,2,261fcb694f28,1,Desconhecido,CR,dev,2
d6a6bdffccf1,0,676d86121120,1,Desconhecido,CR,test,-1
d6ce804409dd,3,566ad6aee03b,1,Desconhecido,CR,dev,2
d6d45608c97a,1,4d7078eba83a,1,Desconhecido,CR,dev,4
d6fe234594ab,0,d0b22d724557,1,Desconhecido,DX,dev,3
d70105c6fe3e,3,9ff3cd6b4630,1,Desconhecido,CR,test,-1
d70a1e0863fc,1,1ac49a30d27d,1,Desconhecido,CR,dev,4
d715b966355d,0,e068728c9787,1,Desconhecido,CR,dev,3
d72d10b54d44,3,a166e7231801,1,Desconhecido,CR,test,-1
d745f58d5aff,1,d2f26991e122,1,Desconhecido,DX,dev,2
d748c31b4063,1,77123ffe05b9,1,Desconhecido,CR,test,-1
d74b6ea0d497,1,fcd5add6fd11,1,Desconhecido,DX,dev,0
d74c849b795b,2,debb582c909f,2,Desconhecido,CR,dev,0
d74dcd7ef5ff,2,49860c6988c9,1,Desconhecido,CR,dev,4
d7561eaf0b7d,0,5aaed7baa925,1,Desconhecido,CR,dev,1
d757af907e33,1,f9cfa8f4daf8,1,Desconhecido,CR,dev,2
d771211c7c97,1,f0c6af11c0bb,1,Desconhecido,DX,test,-1
d7775f0cace2,1,f641c5bfc522,1,Desconhecido,CR,dev,4
d7942d6c2d17,2,e4a93cec744c,1,Desconhecido,DX,dev,2
d79d38bcd191,1,d77b25369857,1,Desconhecido,DX,dev,1
d7ab3582e476,2,0f3f6b142b8e,1,Desconhecido,DX,dev,2
d7c0a0524f8f,1,b080cb6e9653,1,Desconhecido,DX,dev,0
d7c21278a0ae,2,1c2eb2b12adc,1,Desconhecido,CR,dev,1
d7c37316355d,0,9812289ad989,1,Desconhecido,DX,dev,0
d7c6e17080cf,1,dcae0e1ff5f0,1,Desconhecido,DX,dev,0
d7c81bbc92aa,1,d6559c74aa93,1,Desconhecido,CR,test,-1
d7cbe5e26ec0,0,c81a599fa930,1,Desconhecido,DX,dev,0
d7cd1349ab41,1,2856648c21a1,1,Desconhecido,DX,dev,3
d7dcd6e0f47a,3,097dedf74382,1,Desconhecido,DX,dev,0
d7e7c43dcb97,0,e8074f7a5970,1,Desconhecido,CR,test,-1
d7ef8f508b5a,1,1b7182573bfd,1,Desconhecido,CR,dev,2
d7f43d6f034b,0,fe187e49dafb,1,Desconhecido,CR,test,-1
d7f739cf4bb1,1,226f0e834906,1,Desconhecido,CR,dev,0
d7f85b6dc2ea,1,e27c89116e32,1,Desconhecido,DX,dev,1
d7faada10efb,2,4c75e17c0192,1,Desconhecido,CR,dev,0
d7ffb2752706,0,642eeb4ba0c6,1,Desconhecido,DX,test,-1
d809db32456b,0,155c487c3933,1,Desconhecido,CR,dev,3
d81666456423,3,3ec1f7679541,1,Desconhecido,DX,dev,0
d82241b7d468,1,75b1a2d3a3c8,1,Desconhecido,CR,dev,4
d82f8ac5c3aa,1,e6b76d087531,1,Desconhecido,DX,dev,3
d834dd0bb45b,0,e299c0711685,1,Desconhecido,CR,test,-1
d83df000b7a6,1,ac3bc1b0166f,1,Desconhecido,DX,dev,2
d8476a95f6c5,0,ff8f11139501,1,Desconhecido,CR,dev,1
d8540a1856e2,1,ebb3f0e33759,1,Desconhecido,DX,test,-1
d85acc1d0bb8,1,3b567b5f59a4,1,Desconhecido,CR,test,-1
d8699872c8bf,1,7c6986052b70,1,Desconhecido,DX,test,-1
d86be7c7defa,3,75d67969f956,1,Desconhecido,CR,dev,1
d89b45121c84,1,6e0f4451e9be,1,Desconhecido,DX,test,-1
d89e6a53c322,2,cdd9f17219ae,1,Desconhecido,DX,dev,3
d8a361473402,2,e97c449337b8,1,Desconhecido,DX,dev,4
d8a982947210,0,47ee55b07eb9,1,Desconhecido,CR,dev,0
d8af57a024ed,2,e67df835b17d,1,Desconhecido,DX,test,-1
d8b2815cc382,3,6dc4688a3fd0,1,Desconhecido,DX,dev,1
d8ba78ed0420,1,e2af423e23b6,1,Desconhecido,DX,dev,1
d8c69cd001b1,1,cc21a6a38834,1,Desconhecido,CR,dev,4
d8d5a42411d1,1,ad1222e15e36,2,Desconhecido,DX,dev,3
d8e18f22e6a6,1,20c295dacc66,1,Desconhecido,CR,dev,3
d8e2a27237c2,1,ab8c45430402,1,Desconhecido,DX,test,-1
d8e2fa906f30,2,0f3f6b142b8e,1,Desconhecido,DX,dev,2
d8f2c08dd86a,0,cb9b85a37052,1,Desconhecido,CR,dev,2
d8f567817b2d,0,2e65b3d7c12c,2,Desconhecido,DX,dev,0
d8f6fee0e95e,0,f2bbc28c18b4,1,Desconhecido,DX,dev,4
d8fa04c1d853,2,864b906ab0da,3,Desconhecido,CR,dev,3
d8fbcfc37ef6,0,b42cd76cf4ea,1,Desconhecido,DX,dev,0
d8fd9bb19828,0,de46c6745bc0,1,Desconhecido,CR,dev,1
d90748e85b6b,1,51174b0d9efd,1,Desconhecido,DX,dev,3
d928ebcc2528,2,1354be56e32a,1,Desconhecido,CR,dev,0
d93242ee3944,1,18e650b4d03b,1,Desconhecido,CR,dev,1
d932662b13ea,3,0fa8280fec3c,1,Desconhecido,DX,dev,2
d9539ac29614,2,1ff09c47394e,1,Desconhecido,CR,test,-1
d95d173b60c4,0,c4ab3eab6f97,1,Desconhecido,DX,dev,4
d96d66c8f1a0,0,275e392ad223,1,Desconhecido,CR,test,-1
d97364c9384a,1,2f65c82aace5,1,Desconhecido,CR,dev,2
d97dffd12359,0,12d1067296f6,1,Desconhecido,DX,dev,1
d9869f667b54,1,f98ad3d3efa4,1,Desconhecido,CR,dev,4
d9956a1f9320,0,176fc230276f,1,Desconhecido,CR,test,-1
d996de7dbaf3,1,df8192c3d37c,1,Desconhecido,DX,dev,4
d9a638d70bce,1,7c52958ddbf0,1,Desconhecido,DX,dev,4
d9a899cb5686,0,00aa58c7b791,1,Desconhecido,DX,dev,0
d9c139995f71,3,a87c3a65c223,1,Desconhecido,CR,dev,0
d9c245fb1e90,2,9743a8cd1bb6,1,Desconhecido,DX,dev,1
d9c3624b9ca6,0,decb19563101,1,Desconhecido,CR,dev,1
d9ccda507d0d,1,760e1ba09f3d,1,Desconhecido,DX,dev,1
d9ed94436325,0,14b34d1884d1,1,Desconhecido,DX,dev,4
da0412fab70b,1,dda478d300fd,1,Desconhecido,CR,dev,3
da08e385dcb7,2,e2bc6f4408cd,1,Desconhecido,DX,dev,3
da0d817b69fe,1,97334496576e,1,Desconhecido,DX,dev,1
da286c1597b0,0,f460888f4e90,1,Desconhecido,CR,dev,0
da30dbd6033a,0,de2805810639,1,Desconhecido,CR,dev,2
da418ab5c65a,2,e20d41441c14,1,Desconhecido,DX,dev,4
da45c7393783,2,ea03a41368ec,1,Desconhecido,DX,dev,0
da507be5f7be,1,462d45069593,1,Desconhecido,CR,dev,1
da535a527858,1,ee6833aa4fdf,1,Desconhecido,CR,dev,3
da5783a467ea,1,e515a4aaa982,1,Desconhecido,CR,dev,1
da63a5ea2b12,1,56f159901817,1,Desconhecido,CR,dev,3
da879ffcc1f9,1,2cdc4fd15a6a,1,Desconhecido,CR,dev,2
da8f3c459ad1,1,14a31c07d3ff,1,Desconhecido,CR,test,-1
da9b63d2f697,2,2cdc4fd15a6a,1,Desconhecido,CR,dev,2
daa2aba8e7b0,1,b19b609f7011,1,Desconhecido,DX,dev,0
daacf4460a62,0,5a1100bea3b8,1,Desconhecido,CR,dev,4
dacea3ad99e0,0,91b79eac3ddb,1,Desconhecido,CR,dev,1
dad2c0ee2607,2,5cb78c5c4c82,1,Desconhecido,CR,dev,1
dad30bc7ff47,1,e12ffcccf2a8,1,Desconhecido,DX,dev,2
dadc2e3842e5,1,3f2cf112e2cf,1,Desconhecido,CR,test,-1
db06909d6c78,2,f954513dc690,1,Desconhecido,CR,dev,4
db14e640e037,0,0c81420ffbc5,1,Desconhecido,CR,dev,1
db1bb68655fc,1,86872a4d23b7,1,Desconhecido,DX,dev,1
db29f6ed9d3a,0,e7fa1b7f213c,1,Desconhecido,CR,dev,0
db2c984ad877,2,3a58e2a20b8f,1,Desconhecido,CR,dev,2
db33e376f3ef,3,3a675c708680,1,Desconhecido,DX,test,-1
db406f865d2c,0,54eecb959aee,1,Desconhecido,DX,dev,4
db473268e678,1,12e951d1b6f6,1,Desconhecido,CR,test,-1
db48ecc61b3d,0,433ae7cdb2fe,1,Desconhecido,CR,dev,3
db4d0ddc1235,2,809a0971faea,1,Desconhecido,CR,dev,0
db5be2895a72,1,298acd570650,1,Desconhecido,CR,dev,2
db70f01df58b,2,ecedd2c017ea,1,Desconhecido,CR,dev,0
db7bacaad1ca,1,507c21a73b31,1,Desconhecido,CR,dev,3
db7e1c572d15,1,5b3c51feb54a,1,Desconhecido,DX,dev,0
db8cedff9337,1,125268968e10,1,Desconhecido,DX,test,-1
db8d0318b5af,2,b69e5e9a1752,1,Desconhecido,DX,dev,4
db8d31baa642,0,fbb2735b425f,1,Desconhecido,DX,test,-1
db9298d9ded8,1,b3ed15211909,1,Desconhecido,CR,dev,2
db97eeddf9ef,1,6d29b838c70e,1,Desconhecido,DX,dev,4
db9f9c62dc00,0,d0bf12f2daeb,1,Desconhecido,CR,dev,2
dba658c69988,1,f4bce9f9ada5,1,Desconhecido,DX,dev,2
dba690393e1b,0,a60bbfa896aa,1,Desconhecido,DX,dev,2
dbb6d75304ef,0,754fa7a1be7d,1,Desconhecido,CR,dev,3
dbd685b67f18,1,6fb79b900a39,1,Desconhecido,CR,test,-1
dbea96e9380e,3,50a83d30352e,1,Desconhecido,DX,test,-1
dbf005c67f42,0,0f6a198c0f54,1,Desconhecido,DX,dev,3
dbf24d77289c,1,9ec7f7ed065c,1,Desconhecido,DX,test,-1
dbfb54d68d5c,0,47ee55b07eb9,1,Desconhecido,CR,dev,0
dc074c261a90,0,f1fee5081c55,1,Desconhecido,CR,dev,1
dc0fed8c8737,1,538e47b028e2,1,Desconhecido,CR,dev,2
dc2115b5198d,1,231d8a174f5b,1,Desconhecido,DX,dev,3
dc290fedef27,0,272f3b9e1863,1,Desconhecido,DX,dev,4
dc2b14b11aaf,1,31b31c5a387c,1,Desconhecido,CR,dev,2
dc3c2c613d0c,3,f98ad3d3efa4,1,Desconhecido,CR,dev,4
dc5ad30410e4,1,8f1ef3b8e8cd,1,Desconhecido,CR,dev,2
dc5e5ab68387,0,8b7cdb475e5d,1,Desconhecido,CR,dev,2
dc632437d7c9,0,03593f8c7228,1,Desconhecido,DX,dev,1
dc6ce7c92fe6,3,cf85c2a49b40,1,Desconhecido,DX,dev,4
dc7ddcf65b4c,1,2cdc4fd15a6a,1,Desconhecido,CR,dev,2
dc8dd6a3ae7d,0,c65b978b76f0,1,Desconhecido,DX,dev,3
dca6c57b7ec9,1,a4dd37a0bb52,1,Desconhecido,DX,test,-1
dcaa76ec8d44,2,1bb2e1ac3139,1,Desconhecido,DX,dev,0
dcb3c09636ef,1,bc3f62033fe8,1,Desconhecido,CR,test,-1
dcc6632b56b4,1,deed23acb0d1,1,Desconhecido,CR,dev,3
dcd5cc87f977,1,e1498bf17a8a,1,Desconhecido,DX,dev,3
dcd9d77c6ac6,1,b2e76185280f,1,Desconhecido,CR,dev,1
dcea6c3e62bb,1,040b2406c044,1,Desconhecido,CR,dev,2
dcfa7752bde9,0,d6559c74aa93,1,Desconhecido,DX,test,-1
dd08a4d54544,1,a52624127ac4,1,Desconhecido,DX,dev,4
dd148f46bf1d,1,3074355ee7dd,1,Desconhecido,CR,dev,0
dd31f8f3d087,1,8b628cd20941,1,Desconhecido,CR,dev,2
dd39287d4cdf,1,0edc760b2b3f,1,Desconhecido,CR,dev,4
dd47f215e92a,0,17b0fdc86e32,1,Desconhecido,DX,dev,2
dd4ce54aef62,2,baa5b74a7511,1,Desconhecido,DX,dev,2
dd50b4d48244,2,71d6f50a3413,1,Desconhecido,DX,dev,3
dd55cdedbede,1,d19aea63e954,1,Desconhecido,DX,dev,2
dd5ef45dde4b,1,d26f16b1b100,1,Desconhecido,DX,test,-1
dd60b8bfb2d2,2,fcd5add6fd11,1,Desconhecido,DX,dev,0
dd6dd433ca8c,3,9038fbb2ce41,1,Desconhecido,DX,test,-1
dd7ae61dc7e5,3,5eae83c2e68c,1,Desconhecido,DX,dev,4
dd7aeb805eef,1,45cf2b8a3338,1,Desconhecido,CR,dev,4
dd8b8a5c9307,2,beea7953a979,1,Desconhecido,DX,dev,3
dda0d73e068c,0,bff923ce0870,1,Desconhecido,CR,dev,1
dda1563c0620,1,fe079469aa39,1,Desconhecido,DX,dev,1
dda68db29fdd,0,b71c18751abf,1,Desconhecido,CR,dev,3
dda7e9290f64,1,8372c8f7af9b,1,Desconhecido,DX,dev,0
ddb8e432479a,1,0a98c39d2490,1,Desconhecido,DX,dev,0
ddbe636ad06c,2,e29973996e07,1,Desconhecido,CR,dev,0
ddc659c2e59c,0,70c847bdfe03,1,Desconhecido,CR,dev,3
ddc87971f87e,2,463523b64dc9,1,Desconhecido,CR,dev,0
ddd30a3355ab,1,f94754a439e5,2,Desconhecido,CR,dev,1
dddc5467ff7a,0,7435cb3f1394,1,Desconhecido,DX,dev,3
ddf3fe7c08d2,0,cc0466a3e227,1,Desconhecido,CR,test,-1
ddf50c05459b,0,55a56addbf7c,1,Desconhecido,CR,dev,1
de049a3614fc,1,f79314d7d0f6,1,Desconhecido,DX,test,-1
de1f16eadd95,2,241ef06f296b,1,Desconhecido,DX,dev,3
de2d1a60c2af,0,c55644bb5b1b,1,Desconhecido,DX,dev,2
de333ed072c8,0,560910e82290,1,Desconhecido,DX,dev,3
de33d3a51e83,0,e746c9c7e297,2,Desconhecido,CR,dev,2
de44f6af8b10,1,d0530b1d5252,1,Desconhecido,CR,dev,4
de45f6ea152e,1,0e27fe8e8550,1,Desconhecido,CR,test,-1
de4ad8d40fdf,2,f7220b645b3f,1,Desconhecido,CR,dev,4
de4e4acfa7ea,1,6e0f4451e9be,1,Desconhecido,DX,test,-1
de53947e43b9,1,cb59d538ca99,1,Desconhecido,CR,dev,0
de76a012b637,1,447923cdb967,1,Desconhecido,DX,dev,3
de7934b835ca,0,0d0b4857cfaf,1,Desconhecido,CR,dev,4
de81caee7374,3,8fb944f33eb4,1,Desconhecido,DX,dev,4
de975d080334,1,d79f5381aa32,1,Desconhecido,CR,dev,4
dea5608c3e0a,1,1f1390c3edf2,1,Desconhecido,DX,dev,2
deca3972c352,1,bda05d376bec,1,Desconhecido,DX,dev,1
decc8130c6bf,0,4c68a64b3c26,1,Desconhecido,DX,dev,1
ded38a5051da,3,5264c39fc9b1,1,Desconhecido,DX,dev,4
ded489f168bc,0,c96dca11b532,1,Desconhecido,DX,dev,3
deee69329e9b,1,f8668ad7fe5e,1,Desconhecido,CR,dev,4
def37f7cd713,0,fbf14b1b791b,1,Desconhecido,CR,dev,3
df07c0223107,0,d18e22f8763f,2,Desconhecido,CR,dev,4
df1750048937,1,df08525daffc,1,Desconhecido,DX,dev,0
df21842cfe5e,1,db20fd981473,1,Desconhecido,CR,dev,2
df37fe53632e,0,241ef06f296b,1,Desconhecido,CR,dev,3
df453764e19c,2,31d35cd05f74,1,Desconhecido,DX,dev,2
df45b695ea21,1,99cbb4b5723a,1,Desconhecido,CR,dev,4
df4722bbd29a,2,7807dc00fbfa,1,Desconhecido,CR,dev,3
df4a3d3d27ba,0,323e84280f4d,1,Desconhecido,CR,dev,0
df68e31da347,2,f428816321f3,1,Desconhecido,DX,dev,0
df6b420aaa31,0,f396f2e0da98,1,Desconhecido,CR,dev,1
df6b45073c39,1,3aa5e98f20ef,1,Desconhecido,DX,dev,3
df74415b31d9,1,cf4ed50a126a,1,Desconhecido,CR,dev,2
df89af5f42ef,1,1b0fe266a5a5,1,Desconhecido,DX,dev,0
df89f8a12033,0,8323d44a1c55,1,Desconhecido,DX,dev,0
df8a4edfd64a,0,4ac13178f8c3,1,Desconhecido,DX,test,-1
df924511c439,0,1f0e3a6c3562,1,Desconhecido,CR,dev,0
df9a5d944d3e,0,8873b35c8b5c,1,Desconhecido,DX,test,-1
dfb6127e91ca,0,a2aa5c179a56,1,Desconhecido,DX,dev,3
dfbe54ad1d85,0,0e354d916ad4,1,Desconhecido,CR,dev,1
dfc0decef09f,1,49cbb9dd6c76,1,Desconhecido,DX,dev,2
dfd673001c50,2,d885dd07911e,1,Desconhecido,DX,dev,3
dfd9fdd85a3e,1,605693f36f43,1,Desconhecido,DX,test,-1
dfdf3913f6eb,1,d96a49282250,1,Desconhecido,CR,dev,0
dfe556626958,3,cdd9f17219ae,1,Desconhecido,DX,dev,3
dffe7deb873f,1,8c8414b55044,1,Desconhecido,DX,dev,1
e00eb01eab38,1,37544a945e3e,1,Desconhecido,DX,dev,0
e02bbb13a371,2,095deb3bf355,1,Desconhecido,CR,dev,2
e02f99a44c18,0,85e14c0398b1,1,Desconhecido,DX,dev,2
e033c4a5100b,1,79f3500991ce,1,Desconhecido,DX,dev,3
e03476810a2d,1,4e477f258fde,1,Desconhecido,CR,dev,3
e03fb79d272e,1,d0285b873789,1,Desconhecido,CR,dev,2
e057d156dc1b,3,edc452026070,1,Desconhecido,DX,test,-1
e07aaf945c40,2,9feee68fc219,1,Desconhecido,CR,test,-1
e07b4073b58e,2,9ff3cd6b4630,1,Desconhecido,CR,test,-1
e092291d0802,1,477d6584f6c1,1,Desconhecido,DX,dev,4
e0944b64b80c,0,9b8cbaae3709,1,Desconhecido,CR,dev,4
e094984999c2,1,f196198ac2c7,1,Desconhecido,DX,dev,3
e0b5009d6492,1,ff6c23eb5f57,1,Desconhecido,DX,dev,2
e0d90a4de0c6,1,80da6bfa77f3,1,Desconhecido,CR,dev,1
e0ec9d5120a5,0,7b48e44dbcb3,1,Desconhecido,CR,test,-1
e0ee01a012f0,0,eee0610b3af9,1,Desconhecido,DX,dev,4
e105b07fb9a8,1,cd452e26bcb1,1,Desconhecido,DX,dev,4
e10ad2e7182d,1,64f9097d4092,1,Desconhecido,DX,dev,4
e10ae9dd5000,2,3215db85fdd9,1,Desconhecido,CR,dev,0
e11d6e9affa1,1,e5c77db0794f,1,Desconhecido,DX,dev,2
e126d9d23457,0,c68c35bcf2f9,2,Desconhecido,CR,dev,2
e12de19718d2,2,d59832e0f6e7,1,Desconhecido,DX,dev,2
e13400ee01a1,2,aa71de054f5a,1,Desconhecido,DX,test,-1
e13e117a8d82,1,6e01c1a1a5fa,1,Desconhecido,CR,dev,2
e13f252bf83c,1,0cb594f77ae4,1,Desconhecido,DX,test,-1
e144ecd69c0d,0,c8715f9148df,1,Desconhecido,DX,test,-1
e156dd640b9c,1,359042149283,1,Desconhecido,CR,dev,1
e15b98946bf7,0,71d6f50a3413,1,Desconhecido,DX,dev,3
e164f3b294e9,1,4c6c2c0efccc,1,Desconhecido,DX,dev,3
e171596e4b75,1,84257ea3bb30,1,Desconhecido,CR,dev,4
e17921c991eb,2,b55b334366cd,1,Desconhecido,CR,dev,2
e17a546bc355,3,92346fa8c71f,1,Desconhecido,DX,dev,2
e18155c4762b,0,733361a764aa,1,Desconhecido,CR,dev,0
e19121eb93f0,2,f321524858eb,1,Desconhecido,DX,dev,4
e19849e1c8ae,0,f680aaf95960,1,Desconhecido,CR,dev,2
e1a37ecaabfe,1,38e162717474,1,Desconhecido,DX,test,-1
e1c1ad4b1e61,1,883a47dc4bae,1,Desconhecido,CR,dev,4
e1c473641416,3,824907802bed,1,Desconhecido,DX,dev,4
e1f5682712bd,1,6bb375f31e87,1,Desconhecido,CR,dev,1
e20a1e0b539e,1,3834f742f790,1,Desconhecido,CR,dev,3
e21989eb3b6c,2,ccd0cdf6a96a,1,Desconhecido,DX,dev,4
e244ddadc4e6,1,eb94d5130361,1,Desconhecido,DX,test,-1
e24e639f39a9,1,2cdc4fd15a6a,1,Desconhecido,CR,dev,2
e25f6e723ded,0,d75608318663,1,Desconhecido,DX,dev,4
e27dbf267565,1,88e9cfc9b2b7,1,Desconhecido,DX,dev,1
e28208b7c58e,1,a4dd37a0bb52,1,Desconhecido,DX,test,-1
e2822dd69c4b,2,23bc7b76eaaf,1,Desconhecido,DX,dev,1
e284cafd4bdb,2,ecd4f7da0616,1,Desconhecido,DX,dev,4
e28655aad4a9,1,f0982875583b,1,Desconhecido,DX,dev,0
e29617323fef,1,6a8cb934bc2b,1,Desconhecido,DX,dev,0
e2998bb6695c,1,85573be04e82,1,Desconhecido,DX,dev,4
e2a9723236ca,1,66f8a858b1ce,1,Desconhecido,DX,dev,1
e2adde6885e0,1,cfe92541c915,1,Desconhecido,DX,dev,3
e2afeb565737,2,c1bfef0fb8ee,1,Desconhecido,DX,dev,1
e2c18c715bb7,1,27ef98343527,2,Desconhecido,DX,dev,0
e2cbe011b94d,1,4025e16d53a4,1,Desconhecido,CR,dev,4
e2d20a5c9d8f,2,a1afd12065c8,1,Desconhecido,CR,dev,1
e2d38e9bf5e4,2,eb94d5130361,1,Desconhecido,DX,test,-1
e2e852552b7f,2,9812289ad989,1,Desconhecido,DX,dev,0
e2ed430a8646,0,eeea6c8909fb,1,Desconhecido,DX,test,-1
e2fcaa885ce5,0,da863bb4303b,1,Desconhecido,CR,test,-1
e300a4e86207,3,ebbb51f4dddd,1,Desconhecido,DX,dev,3
e3209b62ec59,1,71d6f50a3413,1,Desconhecido,DX,dev,3
e32e5c4bb5c2,1,43c7cec0bdd6,1,Desconhecido,DX,dev,2
e34c6533b5d2,3,d22f10b3acb6,1,Desconhecido,DX,dev,4
e3508efe3bb8,0,11f4aad5ab9c,1,Desconhecido,CR,dev,3
e3628650afa3,1,5bd2685a212b,1,Desconhecido,CR,dev,0
e368da456e3c,0,6ef20139e26c,1,Desconhecido,CR,test,-1
e36dac4d5aca,1,ef8c2f0540ee,1,Desconhecido,DX,dev,1
e37291d60bf5,1,9fca3ac74f40,1,Desconhecido,CR,dev,2
e389cb066bd8,0,26f497bc93e8,1,Desconhecido,CR,dev,0
e38bf848a4b2,2,fd044860ab2d,1,Desconhecido,DX,dev,4
e395615a9a0d,1,38294c28a745,1,Desconhecido,CR,dev,4
e39daf2d9636,2,5d069237840e,1,Desconhecido,CR,dev,1
e39f4a252cb5,0,d931361a5489,1,Desconhecido,DX,dev,3
e3a350da2859,1,44123c7b0cba,1,Desconhecido,DX,dev,0
e3a355a01aac,1,8c8414b55044,1,Desconhecido,DX,dev,1
e3a68b6c54b5,1,d818dfb73ac6,1,Desconhecido,CR,dev,2
e3a9b892e7c1,0,1e26cab55e4e,1,Desconhecido,CR,dev,1
e3ae8e6b19bd,1,5a616457a0c6,1,Desconhecido,DX,test,-1
e3b546093b7c,1,8de39bc8be7e,1,Desconhecido,DX,dev,2
e3e0b34968ad,0,004e219560ea,1,Desconhecido,DX,dev,2
e3efcee5464d,1,4a124744f677,1,Desconhecido,CR,dev,4
e416f944cb42,0,d37aa99b8d05,1,Desconhecido,CR,dev,0
e427306ddc9a,1,22d37f9195e5,1,Desconhecido,DX,dev,4
e43ad5b5e137,1,e145c5beadc3,1,Desconhecido,DX,dev,2
e43c10ce7933,2,41f5e408f5df,2,Desconhecido,CR,dev,0
e44b34582ead,0,be9fbbd78880,1,Desconhecido,DX,test,-1
e44d13263cba,0,ce8ce992fcde,1,Desconhecido,CR,dev,4
e44d1faedace,2,046abeb8b877,1,Desconhecido,CR,dev,3
e45231baa93f,1,d19aea63e954,1,Desconhecido,DX,dev,2
e462b50ef489,1,4c6c2c0efccc,1,Desconhecido,DX,dev,3
e4645a71f19b,0,37169a83c252,1,Desconhecido,CR,dev,2
e479851df410,1,f4f24aa502f3,1,Desconhecido,DX,dev,3
e487f7e3b6a5,3,35a49e7e1795,1,Desconhecido,DX,dev,4
e48cc454acd6,1,eae13b0f90e1,1,Desconhecido,CR,dev,2
e48f5bb05a15,0,914fa0152c03,1,Desconhecido,CR,test,-1
e49338eaae4d,1,9ec7f7ed065c,1,Desconhecido,DX,test,-1
e4a4248cf6fc,1,e893e721d6a0,1,Desconhecido,DX,dev,0
e4a6e7346156,3,b1ec667d6bf6,1,Desconhecido,CR,test,-1
e4aa7df34266,2,2df1570d9fdf,1,Desconhecido,DX,dev,3
e4b2c5f23e08,0,e45c09f7244f,2,Desconhecido,CR,dev,1
e4b50e7402c3,0,babb02055d89,2,Desconhecido,CR,dev,3
e4d2811fe284,1,56e1f93bba95,1,Desconhecido,DX,test,-1
e4d47cc836a1,2,fd4d1381c852,1,Desconhecido,DX,dev,0
e4dfbdf45a9b,2,f11a0b6986dc,1,Desconhecido,DX,test,-1
e4e62d4e8849,1,022efce6a095,1,Desconhecido,CR,test,-1
e4f280b01af5,0,aa833bb3a2d4,1,Desconhecido,DX,dev,2
e4f441fea405,1,d60d50440cd8,1,Desconhecido,CR,test,-1
e4fd12eef363,1,d28f7cae2509,1,Desconhecido,DX,dev,0
e5053384a8be,1,f337d167c0af,1,Desconhecido,CR,test,-1
e509fde57a70,1,36ae919301f8,1,Desconhecido,DX,dev,2
e50d56f75dc9,1,95680c66c89a,1,Desconhecido,DX,dev,3
e51850dddb1d,3,22d85ff8005c,1,Desconhecido,DX,dev,0
e51b2fc7f149,0,dea14d54286a,1,Desconhecido,CR,dev,2
e51c3f2307f8,1,45a5376f8283,1,Desconhecido,CR,dev,0
e52bdc15086a,3,4f6b876f1c99,1,Desconhecido,DX,dev,0
e53355bac9ce,2,42a173cd8de9,1,Desconhecido,CR,dev,0
e550c0ee9fc4,2,cb59d538ca99,1,Desconhecido,CR,dev,0
e562c9ac6268,1,124b20ec516b,1,Desconhecido,DX,dev,2
e56e71389ba2,1,d8f33455b72d,1,Desconhecido,DX,dev,0
e577f12fbe4d,0,e194aa1230cb,1,Desconhecido,CR,test,-1
e578212ad3a6,1,d1e9570859d0,1,Desconhecido,DX,dev,0
e58718f4aa74,1,4ffb00234b9a,2,Desconhecido,DX,dev,1
e598f9bfe550,0,cfccd29ef841,1,Desconhecido,DX,dev,2
e59ac8552f60,2,1d11a1499d67,1,Desconhecido,CR,dev,3
e5a7aeedd323,1,4b2e9b09074e,1,Desconhecido,CR,dev,0
e5e19b32a270,0,0f1ebea3960e,1,Desconhecido,DX,dev,0
e5e2dbcbd9d2,1,41542b2a28d7,1,Desconhecido,DX,dev,3
e5f1860bc360,0,e66c66177b5d,1,Desconhecido,CR,dev,3
e5f97fa3f2d0,2,1279271ac062,1,Desconhecido,CR,dev,3
e5ffc5baa978,2,148381408d8b,1,Desconhecido,DX,dev,0
e6069f2cab57,0,23bc7b76eaaf,1,Desconhecido,DX,dev,1
e60a0bcf8160,0,493c3a5465a5,1,Desconhecido,CR,dev,2
e61140a68866,2,86c85960a9f2,1,Desconhecido,CR,dev,3
e615b95130a4,0,821c3f795338,1,Desconhecido,DX,dev,1
e619787c1a07,1,0f1ebea3960e,1,Desconhecido,CR,dev,0
e63929e6add1,1,1085dc596ab3,1,Desconhecido,DX,dev,1
e63cd8a6d04d,2,bd60b87284a0,1,Desconhecido,DX,dev,3
e63e246debfd,0,a66dba7d222a,1,Desconhecido,CR,dev,2
e6505c104184,0,973e88617c12,1,Desconhecido,CR,dev,2
e65207f12ea2,1,297de47542eb,1,Desconhecido,DX,dev,1
e65ece5190bc,0,d82d11f5ae16,1,Desconhecido,CR,test,-1
e67619d00b58,1,834f0c441142,1,Desconhecido,CR,dev,1
e6822cd9cd0b,1,52378b8f8a20,1,Desconhecido,CR,test,-1
e68608c5886d,2,6bcad66a9a8b,1,Desconhecido,CR,test,-1
e687b28d3864,1,397d8e12c016,1,Desconhecido,DX,dev,0
e6961147acfd,0,f90700e66f8a,1,Desconhecido,CR,dev,2
e696904df3be,1,1e06ce8341bf,1,Desconhecido,DX,dev,0
e699535e65da,0,440d742b37d5,1,Desconhecido,CR,dev,0
e6ade0ee672e,1,0782f59df095,1,Desconhecido,CR,dev,0
e6b17f92eac9,1,a05eaf4666c8,1,Desconhecido,DX,test,-1
e6c1062e3d34,2,90733568b180,1,Desconhecido,CR,test,-1
e6dd6efb3de0,3,5a77d312c022,1,Desconhecido,DX,dev,4
e6de6fbdcd67,1,f8e2e137d4c4,1,Desconhecido,DX,dev,0
e6dee26bd12c,2,2ea14c5919fe,1,Desconhecido,DX,test,-1
e6e361d6a84e,1,c5ef95510399,1,Desconhecido,DX,dev,0
e6e404e7db47,1,cf4ed50a126a,1,Desconhecido,CR,dev,2
e6e920ea0609,1,9c7c17e561eb,1,Desconhecido,DX,dev,3
e6ee4827951b,1,040b2406c044,1,Desconhecido,CR,dev,2
e6f3ba0b25c5,2,1bab3bad889c,1,Desconhecido,CR,dev,2
e6f748dd52bf,0,fcfdc3aa6ad5,1,Desconhecido,DX,test,-1
e7023f74bd6d,1,52378b8f8a20,1,Desconhecido,CR,test,-1
e705df6bf622,1,ec3426e8a969,1,Desconhecido,DX,dev,4
e7108595fb09,1,7fc4384f2601,1,Desconhecido,CR,dev,3
e713de5fa2f1,0,4354caa1147b,1,Desconhecido,CR,dev,4
e714c61cedb5,1,cce3fa0fb0a0,1,Desconhecido,CR,dev,0
e719973c92fb,0,c56d5ffa2466,1,Desconhecido,CR,dev,3
e721b74641bd,1,c7ccd0831d67,1,Desconhecido,DX,test,-1
e72c3641aff5,0,8fc9ab0f66d6,1,Desconhecido,CR,dev,0
e737a74a9830,1,a98ba4655c63,1,Desconhecido,CR,dev,4
e740a2577d7c,0,2c684ad9f927,1,Desconhecido,CR,dev,0
e750ed589351,0,b0eebd64bfac,1,Desconhecido,CR,dev,1
e751ae5d2da4,0,bc4b7c3452c8,1,Desconhecido,DX,dev,3
e752b12382d1,3,afc82220ad42,1,Desconhecido,DX,dev,2
e764f1cb364c,0,e746c9c7e297,3,Desconhecido,CR,dev,2
e7652a255494,3,5a77d312c022,1,Desconhecido,CR,dev,4
e770c3c0df1a,2,d30527e7e646,1,Desconhecido,CR,dev,1
e773dcdd7200,1,298acd570650,1,Desconhecido,CR,dev,2
e77b9191a19b,1,2bd3b9895dcc,1,Desconhecido,DX,test,-1
e78731870e9a,1,e7a495b1e121,1,Desconhecido,DX,dev,3
e798540bbd79,1,a4dd37a0bb52,1,Desconhecido,DX,test,-1
e798c7da0eac,1,fec05c196884,1,Desconhecido,CR,test,-1
e7991479fcde,0,6ed5bd2862e8,1,Desconhecido,CR,dev,2
e79c119e4b53,1,d0350bb99bdf,1,Desconhecido,DX,test,-1
e7b519c4b318,0,c3d54d734565,1,Desconhecido,DX,dev,3
e7bc5f198df7,1,27ef98343527,1,Desconhecido,DX,dev,0
e7c4f060e6d4,1,ea38e850c2fb,1,Desconhecido,DX,dev,4
e7c75b329ac7,0,cd452e26bcb1,1,Desconhecido,DX,dev,4
e7d7d4212f4d,2,9dec486ea224,1,Desconhecido,CR,test,-1
e805aa5e9f9d,3,ad1222e15e36,1,Desconhecido,DX,dev,3
e80a00183db9,1,87da9663d790,1,Desconhecido,CR,dev,2
e81975072f7a,1,3ac66c0f33c6,1,Desconhecido,DX,dev,0
e819b40ded3a,1,d33960a01db6,1,Desconhecido,CR,test,-1
e82dabeb2c01,0,a2c70df8eaa4,1,Desconhecido,CR,dev,4
e82e8c609e01,1,07dfaf24794a,1,Desconhecido,CR,dev,1
e830bd4572bc,0,e8074f7a5970,1,Desconhecido,CR,test,-1
e832781629fd,1,4aafe393bef8,1,Desconhecido,CR,dev,2
e83599857d12,1,eb7874116873,1,Desconhecido,CR,dev,4
e867ef0d690a,1,c6ff2629ed45,2,Desconhecido,CR,dev,1
e868a5e0ef2d,1,17b0b4ffd2b0,1,Desconhecido,DX,test,-1
e86da5ced3d9,1,56d95fd6baaf,1,Desconhecido,CR,dev,3
e8738bc58dca,0,9e9a663017a7,1,Desconhecido,DX,dev,4
e8752745d466,1,6e7f68863d99,1,Desconhecido,DX,dev,2
e87937446df8,2,e27e8bce600c,1,Desconhecido,DX,dev,1
e87a9de37972,0,8742b4c9a887,1,Desconhecido,DX,dev,1
e87c1dfe1c1f,0,46d672432de9,1,Desconhecido,DX,dev,2
e88557d8a0cc,3,ca4868e96980,1,Desconhecido,DX,test,-1
e8956cd9117c,2,41c614c7993c,2,Desconhecido,CR,dev,1
e8ad62a8f5d4,1,7ffcecf526f9,1,Desconhecido,DX,dev,3
e8b4637a1396,2,5f5909e1bad5,1,Desconhecido,DX,dev,4
e8c39fbf94ea,2,44710e990a9c,1,Desconhecido,DX,test,-1
e8c51d752dc3,2,a64588182320,1,Desconhecido,DX,test,-1
e8ca5a4146ab,1,17c30caa8495,1,Desconhecido,DX,dev,0
e8cd174b1e73,1,9743a8cd1bb6,1,Desconhecido,CR,dev,1
e8cdd5d7becb,0,f12d2a50bbb9,1,Desconhecido,DX,dev,0
e8da31ab0da5,1,f51830d634a4,1,Desconhecido,CR,dev,3
e909ea79d4aa,1,9c5062dc954a,1,Desconhecido,CR,test,-1
e90d4db7ddd4,0,2f74a944e623,1,Desconhecido,DX,dev,0
e90dd06ea8a1,1,fc1cd55e3dd5,1,Desconhecido,DX,dev,1
e9268097a0d1,2,2e4229e97619,1,Desconhecido,CR,dev,1
e92f9170e242,3,fbc096184d47,1,Desconhecido,CR,test,-1
e93a46774f00,1,9743a8cd1bb6,1,Desconhecido,DX,dev,1
e93b8361bfd0,2,97fb61c69f93,1,Desconhecido,CR,dev,4
e93f8509541c,0,562950d0b704,1,Desconhecido,DX,test,-1
e94ccb56b277,1,226228b84dc7,1,Desconhecido,CR,dev,3
e96f12697ca3,0,d163a42bc646,1,Desconhecido,DX,dev,0
e970643a7310,2,4e55034692c0,1,Desconhecido,CR,test,-1
e97d25d7e522,0,f448af0bce91,1,Desconhecido,CR,dev,2
e97d79485202,1,055739137d44,1,Desconhecido,DX,dev,0
e9875afe7532,1,d060874b19cc,1,Desconhecido,CR,dev,1
e9ae8b770478,1,9bedfa9115bd,1,Desconhecido,DX,test,-1
e9ce880f2202,3,c6c8fd70dc52,1,Desconhecido,DX,dev,1
e9d5e9c6fd14,1,e3cc8b78498d,1,Desconhecido,DX,dev,3
e9ede9640810,0,91eb6e8b487c,1,Desconhecido,CR,dev,2
e9f977bc280f,1,64f9097d4092,1,Desconhecido,DX,dev,4
ea095c5991c3,0,dee28c884ddb,1,Desconhecido,CR,dev,2
ea1b70752c62,1,4ffb00234b9a,1,Desconhecido,CR,dev,1
ea1bf78bc0ee,1,eb5472f77759,1,Desconhecido,DX,dev,4
ea237cebcc0d,2,866e5c9e2335,1,Desconhecido,CR,test,-1
ea2d09b4a59f,1,27ef98343527,1,Desconhecido,DX,dev,0
ea30231175be,2,3f0d890b779b,1,Desconhecido,CR,test,-1
ea3aaa187640,1,6817e87fae8b,1,Desconhecido,DX,test,-1
ea44061da219,1,883ff3a0043e,1,Desconhecido,DX,dev,0
ea4e755480da,2,e56e013f88e7,1,Desconhecido,CR,dev,2
ea5d6356d21d,1,853cd4815445,1,Desconhecido,DX,test,-1
ea71dbbcf2ab,1,1279271ac062,1,Desconhecido,CR,dev,3
ea77b94ea210,3,d1b012958f4d,1,Desconhecido,DX,test,-1
ea8d3bdb207f,1,b3c256b42201,1,Desconhecido,CR,test,-1
eaac01660339,1,c5e5676b88ef,2,Desconhecido,CR,dev,1
eab43c22f6e3,2,89e9bd65d4fe,1,Desconhecido,CR,dev,1
eadbd008393b,1,e51f7cc3fb85,1,Desconhecido,DX,dev,0
eae003afb999,0,5311bcdb8aea,1,Desconhecido,DX,dev,3
eaf7e92ddbd6,0,140e034aea3b,1,Desconhecido,CR,dev,0
eb17643599fd,0,616457440121,1,Desconhecido,DX,dev,4
eb1e40c40c88,3,e7bc764034d7,1,Desconhecido,CR,dev,0
eb25647982fe,1,44123c7b0cba,1,Desconhecido,DX,dev,0
eb28eda6261a,0,5c8b2071a1dd,1,Desconhecido,DX,dev,4
eb30f3452fc6,3,7f2f66a77cd9,1,Desconhecido,CR,dev,3
eb3e488b900d,0,5c4a4966d71d,1,Desconhecido,CR,dev,0
eb3f608c965d,1,d1d43509b9fb,1,Desconhecido,CR,dev,4
eb41a8fdece4,0,c98d34565c7a,1,Desconhecido,DX,dev,0
eb4f7a7c46c7,0,18b86952bf5f,1,Desconhecido,CR,dev,3
eb5090e6fdc2,1,5a1100bea3b8,1,Desconhecido,CR,dev,4
eb6c62925d9c,0,476fde5257e7,1,Desconhecido,DX,dev,2
eb76ebad1c23,1,9b9e5887e35b,1,Desconhecido,CR,dev,0
eb8b05df8563,0,458a0863b550,1,Desconhecido,DX,dev,0
eb9dc561833d,1,8fc9ab0f66d6,1,Desconhecido,CR,dev,0
eba05ee2d7da,1,3fd7e1382c79,1,Desconhecido,CR,dev,4
ebb0b75bd4de,1,c0740013f204,1,Desconhecido,DX,dev,4
ebbd78acb0e0,1,2cb05c5d011e,1,Desconhecido,CR,dev,4
ebc4cd9e41d5,2,ab379b591c14,1,Desconhecido,CR,test,-1
ebd126be46e8,0,f01a3159d934,1,Desconhecido,DX,dev,4
ebeef5106bdb,3,93dca8fa3d84,1,Desconhecido,DX,test,-1
ebf4d14f8094,1,f94754a439e5,1,Desconhecido,CR,dev,1
ec11b230a48e,0,afee9cd54e64,1,Desconhecido,CR,test,-1
ec14ca35f6d8,1,d9d018603a6d,1,Desconhecido,CR,dev,4
ec2491ff28f2,2,0c9e3701678b,1,Desconhecido,DX,dev,4
ec43b49013d3,1,d77b25369857,1,Desconhecido,DX,dev,1
ec459b9efc52,0,3f2962993cf6,1,Desconhecido,DX,dev,2
ec466227e594,0,5b614a1d6914,1,Desconhecido,CR,test,-1
ec60a9077385,1,2cb05c5d011e,1,Desconhecido,CR,dev,4
ec614c61cdc1,3,e145c5beadc3,1,Desconhecido,CR,dev,2
ec69b2c23b7a,0,790f449bea2d,1,Desconhecido,CR,dev,2
ec6e91420f3a,1,7b701fef8ab2,1,Desconhecido,DX,dev,2
ec732355f3f1,1,aa4eaf6d540a,1,Desconhecido,DX,test,-1
ec7686c519bf,0,f59928f54779,1,Desconhecido,DX,test,-1
ec969fa94baa,2,1b05823afbe7,1,Desconhecido,DX,dev,2
ec99ea1e7890,1,e1adb6b5e584,1,Desconhecido,DX,dev,4
ecb369802701,2,e9343e59b89f,1,Desconhecido,DX,dev,2
ecb8f4c2606c,3,201ec782cd4b,1,Desconhecido,DX,dev,2
ecbdb9821385,1,ef93f45ffd6d,1,Desconhecido,CR,test,-1
ecc8f5b0842b,0,f42ce136aefb,1,Desconhecido,DX,dev,3
eccebc4009a0,1,74ea48b40309,1,Desconhecido,CR,dev,0
ecd0dea97eef,2,d7b34a486056,1,Desconhecido,CR,dev,0
ecd883ed5c12,1,36ae919301f8,1,Desconhecido,DX,dev,2
ecdfc29912ee,1,f94754a439e5,1,Desconhecido,CR,dev,1
ecf019f00e3d,0,8d2e771d6395,1,Desconhecido,CR,dev,3
ed0825c7df20,1,e43fdb581a30,1,Desconhecido,DX,dev,0
ed3b58539066,1,112e8c966f47,1,Desconhecido,CR,test,-1
ed49428432a7,2,7d1db72ee120,1,Desconhecido,DX,dev,0
ed513f058147,1,045fa90f978d,1,Desconhecido,DX,dev,0
ed5c290105e0,2,2168089a5879,1,Desconhecido,CR,dev,1
ed5d94f5100d,2,b03480aa5f04,1,Desconhecido,CR,dev,0
ed6218993ed0,0,a70fa8ee0298,1,Desconhecido,CR,dev,0
ed74ae8a5fd2,0,ad2348f87e3c,1,Desconhecido,DX,test,-1
ed7af0f6cc7f,1,36b82dfeca66,1,Desconhecido,CR,dev,4
ed7cc735db6c,1,187135789033,1,Desconhecido,CR,dev,2
ed849e809c1c,0,89651ed568de,1,Desconhecido,DX,dev,0
ed855d09ffd4,2,dba42fc60d9d,1,Desconhecido,DX,dev,1
ed8cc5fd07f1,2,cc5c2ee2f7af,1,Desconhecido,CR,dev,3
ed9792ecb546,1,5f0d5f9e78fe,1,Desconhecido,CR,dev,0
ed9def80f463,1,a337366e55d0,1,Desconhecido,CR,test,-1
ed9fc7d10eba,1,c9cae90b43ed,1,Desconhecido,DX,dev,1
eda00b808607,2,f715407240a9,1,Desconhecido,CR,dev,4
edaf69ec10f6,0,6dac067ad119,1,Desconhecido,DX,dev,0
edb5e43491c4,1,7e8a8f509958,1,Desconhecido,CR,dev,2
edb7232a2fab,3,e536324b8948,1,Desconhecido,CR,test,-1
edcd962d41ef,0,62ad555e9946,1,Desconhecido,CR,test,-1
edd21ee3c460,1,fc412fb2e468,1,Desconhecido,DX,dev,1
ede7ec4aeea7,0,ca8e388ba326,1,Desconhecido,DX,test,-1
edeb9688bff3,0,96b0db4fa960,1,Desconhecido,DX,test,-1
edff2028722a,0,d060874b19cc,1,Desconhecido,DX,dev,1
ee18a08e02d1,2,ef3fc9bdd68d,1,Desconhecido,CR,dev,2
ee22d804e868,3,7f2f66a77cd9,1,Desconhecido,DX,dev,3
ee4155767b5f,3,9550acb6a599,1,Desconhecido,DX,dev,2
ee4440d41ee6,3,5202f3edaf30,1,Desconhecido,DX,dev,2
ee5291818b77,3,c59d54c833e9,1,Desconhecido,CR,test,-1
ee59b3ab54f1,1,61d66276de9a,1,Desconhecido,DX,dev,1
ee5af3809557,1,1ca3d4a6d5a5,1,Desconhecido,DX,dev,0
ee5ea1ff9f13,0,96edef02415c,1,Desconhecido,DX,dev,4
ee5f0438b183,2,e0e88e0c7ffe,1,Desconhecido,DX,dev,1
ee65eee3a327,3,cc7a6d63fa65,1,Desconhecido,DX,dev,3
ee783fcfed40,0,115c1ee731f4,1,Desconhecido,DX,dev,4
ee8920d4faeb,1,9c7c17e561eb,1,Desconhecido,DX,dev,3
ee8c14899dfa,1,24c7687b286c,1,Desconhecido,CR,dev,1
ee8cf2f50c90,1,3b1e696993fe,1,Desconhecido,DX,dev,1
ee946ca9c50d,0,daa08a3affee,1,Desconhecido,CR,dev,1
ee980e0dc7d1,0,999a6515d443,1,Desconhecido,DX,dev,0
eea9ab1e6c53,0,cf3e7a23246a,1,Desconhecido,CR,dev,0
eeab05ccb1a5,0,36faddbce3a8,1,Desconhecido,CR,dev,3
eebaa7b747e2,1,07dfaf24794a,1,Desconhecido,CR,dev,1
eec887520172,1,99af43c0ff68,1,Desconhecido,DX,test,-1
eed043f0a603,1,6601d50ebf23,1,Desconhecido,CR,dev,2
eed14e2db88a,1,52378b8f8a20,1,Desconhecido,CR,test,-1
eed9b6596e6d,1,b63eb0b1e09c,1,Desconhecido,DX,dev,4
eee88e3f416d,1,99166a56e27b,1,Desconhecido,CR,dev,4
eeecfd50b220,1,e5c77db0794f,1,Desconhecido,DX,dev,2
eef237fc67b9,1,f9a08cd4301c,1,Desconhecido,DX,dev,2
eef6300c5540,2,e27e8bce600c,1,Desconhecido,DX,dev,1
ef2903498dc5,1,cb59d538ca99,1,Desconhecido,CR,dev,0
ef303ca23c79,2,5f263c0fdf5b,1,Desconhecido,DX,dev,2
ef3e7ae6e700,1,9a7109b3ecd2,1,Desconhecido,DX,dev,1
ef45370d19a4,0,ee1a7eeec8f8,1,Desconhecido,DX,dev,2
ef45c1184249,2,ca6c3c26713d,1,Desconhecido,CR,dev,4
ef5d9d72d05b,1,8af335924b8f,1,Desconhecido,CR,test,-1
ef6713d49378,2,297de47542eb,1,Desconhecido,DX,dev,1
ef7ce3ae39ac,0,d75860421c8f,1,Desconhecido,DX,test,-1
ef8fedf0d644,1,934d508f73c6,1,Desconhecido,CR,dev,2
ef90d5cec0ec,2,0778cc7fec6e,1,Desconhecido,DX,dev,3
ef984f6fa70c,2,1257a64e6a52,1,Desconhecido,CR,dev,4
efb9bc675820,2,74047f0dad52,1,Desconhecido,CR,dev,1
efd4278840ce,3,c0740013f204,1,Desconhecido,DX,dev,4
efefa03de088,2,e518e61ef33e,1,Desconhecido,CR,dev,2
eff72b9f6efe,0,62e727f47261,1,Desconhecido,CR,dev,2
effcdb73627e,1,5f23fbdf2ab2,2,Desconhecido,DX,test,-1
efff0a2821eb,1,72c8c4d8143b,1,Desconhecido,CR,dev,2
f00a7f15f367,1,f1a83661d186,1,Desconhecido,DX,dev,1
f00ed1bca2c4,1,968161edbe8e,1,Desconhecido,CR,dev,0
f0156675755a,0,e47d7663e6f9,1,Desconhecido,CR,dev,2
f01b33e3ce9d,1,6879f74cc1d7,1,Desconhecido,CR,dev,0
f025d675b893,2,b349cc57f275,1,Desconhecido,CR,dev,4
f028f4a45ccd,3,afe19b877309,1,Desconhecido,DX,dev,0
f03775859209,0,596e7394c90c,1,Desconhecido,CR,test,-1
f03cec43a0c6,0,0d6b8fb72ed7,1,Desconhecido,DX,dev,2
f0441aaec791,1,af4580665a80,1,Desconhecido,CR,test,-1
f04ff90a3dd9,0,3a96d799d0eb,1,Desconhecido,CR,dev,4
f0512f3b3a6e,1,e2b9c0b2421d,1,Desconhecido,CR,dev,2
f05fc3dd7653,2,7eb58cd2e093,1,Desconhecido,DX,dev,3
f0637f0d7719,1,d9d744c34b01,1,Desconhecido,DX,dev,2
f0644c47ebfc,1,f20a5fd89b90,1,Desconhecido,CR,test,-1
f07ec852f8c2,0,1f95feec432d,2,Desconhecido,CR,dev,4
f08ec6272e48,0,edd1aaa503fa,1,Desconhecido,CR,dev,0
f092d53e0083,2,7f27d15e28a6,1,Desconhecido,CR,test,-1
f0a6b49a3ad1,3,7507e5210cc7,1,Desconhecido,DX,test,-1
f0a6dc99b78a,1,c846fb8005a5,1,Desconhecido,DX,dev,3
f0a7a52f661c,0,0dc3c3f6b79d,1,Desconhecido,CR,dev,0
f0b673ef64e1,3,9f8a84a7165a,1,Desconhecido,CR,test,-1
f0bee4584261,2,5ea22d555fbf,1,Desconhecido,DX,dev,0
f0bfb67c18bc,1,3c6db652d71e,1,Desconhecido,DX,dev,2
f0c392e356aa,0,6ef20139e26c,1,Desconhecido,DX,test,-1
f0c4dc3b247c,1,b4e569ee6c70,1,Desconhecido,DX,dev,1
f0c5e85b5e86,0,c56d5ffa2466,1,Desconhecido,CR,dev,3
f0dfde16feec,2,d510d543fcc6,1,Desconhecido,CR,dev,2
f0e023959894,2,e2af423e23b6,1,Desconhecido,DX,dev,1
f0e40c184d36,1,22d040824b73,1,Desconhecido,CR,dev,3
f0e99a9fd724,1,f96faa585f67,1,Desconhecido,DX,dev,0
f0f8ccd8b0a0,0,226f0e834906,1,Desconhecido,DX,dev,0
f1043ac7271b,2,0c857574a161,1,Desconhecido,CR,dev,3
f1063f4acf08,1,d19aea63e954,1,Desconhecido,DX,dev,2
f108d58e9f51,2,cc5e0ad1a536,1,Desconhecido,DX,dev,0
f1096fe9fd74,1,f92b65a1dfe1,1,Desconhecido,CR,test,-1
f109811743c5,0,b8656017b2e5,2,Desconhecido,CR,dev,0
f10d919f319b,1,881e1e96bea7,1,Desconhecido,CR,dev,1
f11ab7648eb2,1,30aec1ad90b0,1,Desconhecido,CR,dev,4
f1236049dc34,1,a6afedabbea9,1,Desconhecido,DX,dev,3
f134eb1b9f3e,0,6cc23a8aa1ce,1,Desconhecido,DX,dev,0
f13c5fb56a73,1,4bfe033f2ff4,1,Desconhecido,CR,dev,0
f14cc84c4e69,2,bcf3aaa7a3ad,1,Desconhecido,DX,dev,0
f154086bd7b9,1,178930121816,1,Desconhecido,DX,test,-1
f15583c5d579,1,19d31a48bbc4,1,Desconhecido,CR,dev,2
f15cf4fdbbfb,1,853cd4815445,1,Desconhecido,DX,test,-1
f165b4c4c8f9,2,e60146940cb3,1,Desconhecido,DX,test,-1
f17037e3c5a5,1,c8f0d8fcfef4,1,Desconhecido,CR,dev,1
f171762263b3,0,679690820252,1,Desconhecido,DX,dev,3
f1734dee9c55,1,7753996b402f,1,Desconhecido,DX,test,-1
f17665afc4c2,0,d9226040ddf3,1,Desconhecido,DX,dev,4
f1788303c669,0,db1219deaa9c,1,Desconhecido,DX,dev,1
f17f7d44b959,2,ec3426e8a969,1,Desconhecido,DX,dev,4
f18fc8dcef6d,3,477d6584f6c1,1,Desconhecido,DX,dev,4
f1a16c95082b,0,ad58b976ff3b,1,Desconhecido,DX,test,-1
f1a643119e8d,1,8a006ad18b49,1,Desconhecido,DX,dev,2
f1ab0d2dcd7b,1,045fa90f978d,1,Desconhecido,CR,dev,0
f1bf16aa4bb7,1,4d7078eba83a,1,Desconhecido,CR,dev,4
f1d8d7ca8477,2,605f64a791e0,1,Desconhecido,DX,dev,2
f1f663bb5ba6,1,da2511940ae6,1,Desconhecido,DX,dev,2
f1fe317fb379,1,eb94d5130361,2,Desconhecido,DX,test,-1
f20576257dc2,1,f715407240a9,1,Desconhecido,CR,dev,4
f206c90d6bf9,1,677943c81dcb,1,Desconhecido,DX,dev,4
f20d2ff64006,1,7655a9dadd65,1,Desconhecido,DX,dev,3
f20ea4a7e55d,2,55957d2167ab,1,Desconhecido,CR,dev,2
f21f4dd7e3b5,1,ea75e4d6e6ce,1,Desconhecido,CR,dev,0
f2241ca2d0ff,3,27ecb9a704b9,1,Desconhecido,DX,dev,1
f22c7457cef3,0,9b48b002f521,1,Desconhecido,DX,test,-1
f24671b314db,1,112e8c966f47,1,Desconhecido,CR,test,-1
f254d359e0ef,0,3b1e696993fe,1,Desconhecido,DX,dev,1
f26c50ef1bd0,3,0f3f6b142b8e,1,Desconhecido,DX,dev,2
f29d4d4eb110,1,e60146940cb3,1,Desconhecido,DX,test,-1
f2a899251da3,1,fb3b713bb09e,1,Desconhecido,DX,dev,0
f2a9e6e67eda,1,758ee194ac9e,1,Desconhecido,CR,dev,0
f2b77c3c70c5,0,dc517ac932f9,2,Desconhecido,CR,dev,4
f2bf2f65fe68,1,81375fa2a6c5,1,Desconhecido,DX,dev,0
f2d30ac37f7b,3,55957d2167ab,1,Desconhecido,CR,dev,2
f2d5dd65d7d2,2,cd37da46086a,1,Desconhecido,CR,dev,4
f2d890d8bea3,2,199fc4fbbd47,1,Desconhecido,CR,dev,4
f2e430c3888c,0,298acd570650,1,Desconhecido,CR,dev,2
f2e5da098e85,1,9fca3ac74f40,1,Desconhecido,CR,dev,2
f2ee15af6c4d,1,477d6584f6c1,1,Desconhecido,DX,dev,4
f317383c5831,2,cc1d86ca0560,1,Desconhecido,DX,dev,2
f32c2b029aca,1,b83cc9159b2e,1,Desconhecido,DX,test,-1
f32dd337bd1a,0,bee88b46a198,1,Desconhecido,DX,dev,4
f333eadeca7f,0,cfff23a6930b,1,Desconhecido,CR,dev,1
f338a2ae96bb,0,30de41becbd7,1,Desconhecido,CR,dev,0
f36b9bbd21ed,2,95b49f5b1725,1,Desconhecido,CR,dev,4
f36bc38a2660,1,eec2481fd50d,1,Desconhecido,DX,dev,3
f36ed95de256,0,a1f5852b7478,1,Desconhecido,CR,dev,1
f371fa5e17ee,1,a1afd12065c8,1,Desconhecido,CR,dev,1
f375191afe2d,1,cdb603ac9036,1,Desconhecido,CR,dev,3
f37b61c25b36,1,aa4eaf6d540a,1,Desconhecido,DX,test,-1
f383a0b4d02a,2,fe694d1dccb3,1,Desconhecido,DX,dev,3
f3927dfb62a5,1,752b4ea615d9,1,Desconhecido,CR,test,-1
f3968991ea72,1,b794e6c540b9,1,Desconhecido,CR,dev,1
f39f4119d62b,2,7db85e6b2af7,1,Desconhecido,DX,dev,1
f3a123432445,1,dabc3b0a2ccd,1,Desconhecido,DX,dev,1
f3a8abfb7d5a,1,14a31c07d3ff,1,Desconhecido,CR,test,-1
f3a9bde37ea8,0,b3c49e1a5917,1,Desconhecido,CR,dev,3
f3c36d0f9736,0,f67714c4d8f4,1,Desconhecido,DX,dev,3
f3cab48d1e7c,1,e1bbd8332280,1,Desconhecido,DX,dev,4
f3d1eeb66284,1,dac6c4ef8953,1,Desconhecido,CR,dev,4
f3df81aafa5b,1,7013b4498815,1,Desconhecido,DX,dev,2
f3eb906bdb01,0,93260c8d4f44,1,Desconhecido,DX,dev,4
f400c9a139bb,1,ca6c3c26713d,1,Desconhecido,CR,dev,4
f40b5a31d1f4,1,86872a4d23b7,1,Desconhecido,DX,dev,1
f40f145b6d3a,1,ea91249b8de5,1,Desconhecido,DX,dev,4
f41cd477af21,2,bd1148a1253d,1,Desconhecido,CR,test,-1
f41d7c33e0fb,1,840e4f8f5684,1,Desconhecido,DX,dev,3
f42ff739afee,2,68231044e449,1,Desconhecido,CR,dev,4
f43480fc62cf,2,fea48dd9e6e5,1,Desconhecido,DX,test,-1
f44b14970f3a,0,4a54118e36be,1,Desconhecido,CR,dev,1
f45612bd7e0b,2,ac9f656d4990,2,Desconhecido,DX,dev,2
f457ac57e4f6,1,1cfc66ec23e5,1,Desconhecido,DX,dev,2
f46cb3c9593d,0,460eb6df69dd,1,Desconhecido,CR,dev,0
f472abdca5e0,1,45d8977e77c7,1,Desconhecido,DX,dev,4
f4833c3311e2,1,b367c2bf6c2a,1,Desconhecido,DX,dev,0
f49511663558,1,7f79347b23e3,1,Desconhecido,DX,dev,1
f49a276f76f2,1,e515a4aaa982,1,Desconhecido,CR,dev,1
f4a638dc3304,3,4ecea2f83348,1,Desconhecido,CR,dev,1
f4b2c6d0edca,1,88e9cfc9b2b7,1,Desconhecido,DX,dev,1
f4be1e2350a2,1,862b030433b2,2,Desconhecido,CR,test,-1
f4c4177e4ca9,2,055d608e3b20,1,Desconhecido,DX,dev,1
f4d7fcaa12a0,1,dcc3fdf6426a,1,Desconhecido,DX,test,-1
f4d945c3ccd7,1,c8c0e78a7821,1,Desconhecido,CR,test,-1
f4e21bf210a3,1,6601d50ebf23,1,Desconhecido,CR,dev,2
f4ead5d70ba6,3,e24dfdbd90e6,1,Desconhecido,DX,test,-1
f4ef01a6e0f1,3,a66dba7d222a,1,Desconhecido,CR,dev,2
f4f08a1bbea9,1,9c7c17e561eb,1,Desconhecido,DX,dev,3
f4f46fb7a346,3,39e00a372bde,1,Desconhecido,DX,test,-1
f4f5bbdf7a00,1,782e4ae2eb09,1,Desconhecido,CR,dev,1
f518654dc20e,1,7a8e1cc4915e,1,Desconhecido,CR,dev,0
f5239c4023a0,1,7bc4fb676ac4,1,Desconhecido,CR,dev,0
f5293dfeedda,1,d5e517d43950,1,Desconhecido,CR,dev,2
f54734c3df30,2,099353fc3f5d,1,Desconhecido,CR,test,-1
f556a329c873,2,9c3316250dd1,1,Desconhecido,DX,dev,0
f55866b3c793,1,fbaf3fa69133,1,Desconhecido,DX,dev,0
f5658ffaf0d3,1,a093e8c76530,1,Desconhecido,CR,dev,3
f56638b54fa1,1,2d406ec0da63,1,Desconhecido,CR,dev,0
f57e0c92aa87,2,19edab7003d3,1,Desconhecido,CR,test,-1
f58cb6670e91,0,3ac66c0f33c6,1,Desconhecido,DX,dev,0
f5a635890da2,3,5bf4e7d25406,1,Desconhecido,DX,dev,2
f5a76ea09507,1,52843884dd6a,1,Desconhecido,CR,dev,3
f5b4675f5f11,1,be648f559099,1,Desconhecido,DX,dev,3
f5babfb67083,1,7db85e6b2af7,1,Desconhecido,DX,dev,1
f5bc6b85d2b1,1,0bf6d24f9987,1,Desconhecido,DX,test,-1
f5c6fe88e0c4,0,b0484e3e0a2c,1,Desconhecido,CR,test,-1
f5c94b5db0cd,1,055d608e3b20,2,Desconhecido,DX,dev,1
f5cd2d815be9,1,fae81a6f5e35,1,Desconhecido,DX,dev,2
f5d1abcf5693,1,f63778df0346,1,Desconhecido,CR,dev,4
f5d2f5175421,1,043374e4a00c,1,Desconhecido,DX,dev,0
f5f8f43fece0,2,eb2e5e69c449,1,Desconhecido,DX,dev,1
f5fd72a88ab9,3,e1bad407b5cc,1,Desconhecido,DX,dev,2
f604af7af626,1,ec3426e8a969,1,Desconhecido,DX,dev,4
f6286092ca27,1,e535e2062e2c,1,Desconhecido,DX,dev,4
f62d1a0df3c2,1,dba008c07590,1,Desconhecido,DX,test,-1
f62e2ef04aee,0,654a3a241dc5,1,Desconhecido,DX,test,-1
f632b46fa980,1,7655a9dadd65,1,Desconhecido,DX,dev,3
f64c3d12ddd7,1,1d67361f9c7a,1,Desconhecido,CR,dev,1
f65a185b5aaa,1,14564706c212,1,Desconhecido,DX,dev,2
f65b67d0fae5,2,0d2a8c08cbdb,1,Desconhecido,CR,dev,0
f674b3cf60f7,1,045fa90f978d,1,Desconhecido,DX,dev,0
f689f3fba17a,1,07834bae0b2e,2,Desconhecido,CR,dev,3
f6c14c65ff4f,3,d350ae07ce1c,1,Desconhecido,CR,dev,0
f6c80f2e8d91,1,8af335924b8f,1,Desconhecido,CR,test,-1
f6e480fe97af,1,c2c6aa15ba98,1,Desconhecido,CR,dev,3
f6ea0674baa8,1,11289be24558,1,Desconhecido,CR,test,-1
f6ee6d94f030,1,e3cc8b78498d,1,Desconhecido,DX,dev,3
f6ffe212deeb,0,bfd59a52de39,2,Desconhecido,CR,dev,3
f7087535a63a,3,24c5289f5ced,1,Desconhecido,DX,dev,4
f73ff8c2182d,0,d9ad898e95b2,1,Desconhecido,CR,dev,2
f744da386f96,1,b03480aa5f04,1,Desconhecido,DX,dev,0
f747a0ab20b3,2,d6eecfd2cb3e,1,Desconhecido,CR,dev,3
f74f0c0db300,2,27ef98343527,2,Desconhecido,DX,dev,0
f75774536369,1,b63bd29e676f,1,Desconhecido,DX,dev,1
f76c899a8e19,1,8f1ef3b8e8cd,1,Desconhecido,CR,dev,2
f779ee1077cb,1,c1f34da91647,1,Desconhecido,DX,dev,0
f7859a6e1ae1,0,dc0f3e81247f,1,Desconhecido,DX,dev,3
f7974b5d939e,2,bc50a0234217,1,Desconhecido,CR,dev,4
f7a24c01093c,0,d5bc9dbc3295,1,Desconhecido,DX,dev,1
f7ae051fa2f4,1,ba9d5644154c,1,Desconhecido,CR,dev,1
f7b664c64cb3,1,88daefcc5f8a,1,Desconhecido,DX,test,-1
f7baa94b8333,1,276682ddedde,1,Desconhecido,CR,dev,1
f7bef9f1161a,2,be832c6d2849,1,Desconhecido,CR,dev,0
f7c01c47e966,0,f7b2ed4942e6,1,Desconhecido,DX,dev,3
f7d8873478ac,0,f2522fc67e19,1,Desconhecido,CR,dev,1
f7e60ddc0f80,0,3583e8ad1eb8,1,Desconhecido,CR,dev,3
f80048310b29,2,58793a3e3c38,1,Desconhecido,DX,dev,2
f8038bf5a049,0,ff666aa2bc7c,1,Desconhecido,CR,dev,3
f807cd855d31,3,1d67361f9c7a,1,Desconhecido,CR,dev,1
f80bc96be841,1,14d514165464,1,Desconhecido,DX,test,-1
f83b4b1d4a28,1,e5ed4d0799b7,1,Desconhecido,CR,dev,0
f83e25510eb9,1,1f0acacf1df1,1,Desconhecido,CR,dev,2
f83e9b4ac488,1,2fb74451fb23,1,Desconhecido,DX,test,-1
f8483372c4ff,0,8f339bc8e8b4,1,Desconhecido,CR,dev,3
f84e46c75e24,2,fcd0ad806faa,1,Desconhecido,DX,dev,3
f8567c73e039,1,e51c6a40cbad,1,Desconhecido,CR,dev,4
f85e11da3a46,0,bf2a5c4baee9,1,Desconhecido,DX,test,-1
f865b83af346,1,dffc29997f13,1,Desconhecido,DX,dev,2
f86b1c64bf80,0,bfbb4c1f0aa8,1,Desconhecido,CR,dev,2
f871e115903e,3,d0f8785b3bf8,1,Desconhecido,CR,dev,3
f87baaa34bec,3,c6ff2629ed45,1,Desconhecido,CR,dev,1
f88994c368d4,0,66b1cb2aea4b,1,Desconhecido,CR,test,-1
f8a3d75d02bc,0,62e727f47261,1,Desconhecido,DX,dev,2
f8aea676f0a6,1,ac85e9efe81a,1,Desconhecido,DX,dev,0
f8bdffa59cc1,1,d77b25369857,1,Desconhecido,DX,dev,1
f8c006d79bd7,1,d7137b71ee01,1,Desconhecido,DX,dev,0
f8c0c4c6a036,2,3a42f9cfaf9c,1,Desconhecido,CR,dev,1
f8c0c6d203ad,0,69dca5764889,1,Desconhecido,DX,dev,2
f8c4ab58e090,1,9ec7f7ed065c,1,Desconhecido,DX,test,-1
f8d8e382f2e6,1,9d2be379d62b,1,Desconhecido,DX,dev,2
f91af3605e48,1,fb9f7af27c15,1,Desconhecido,CR,test,-1
f922ad35b0fc,1,a5c7365134fd,1,Desconhecido,CR,test,-1
f938e8a612a8,2,b4a02d3006be,1,Desconhecido,DX,dev,1
f947db14b9ee,1,6bf63466d9dd,1,Desconhecido,DX,dev,4
f95e25cb4206,0,0d0b4857cfaf,1,Desconhecido,CR,dev,4
f964e5d4a8ea,0,d13acbcceeec,1,Desconhecido,DX,test,-1
f975ce4319f4,1,f0982875583b,1,Desconhecido,DX,dev,0
f98073cda3e1,2,6bcad66a9a8b,1,Desconhecido,CR,test,-1
f98438a1cf12,1,1922a42ba426,1,Desconhecido,DX,dev,4
f9883095da5d,2,4c1e740d45c5,1,Desconhecido,CR,test,-1
f99cfe0bbe0c,2,e6ed2ced1624,1,Desconhecido,CR,dev,1
f9ad24c6c692,0,42974169a22e,1,Desconhecido,DX,dev,0
f9ae4b6ea638,1,77aee6242add,1,Desconhecido,DX,test,-1
f9b47fe9bcb5,1,cc0126d1c662,1,Desconhecido,CR,dev,1
f9b6922fda66,1,f4f24aa502f3,1,Desconhecido,DX,dev,3
f9cc68d54cb4,0,bfd59a52de39,1,Desconhecido,CR,dev,3
f9d95dc20962,1,f321524858eb,1,Desconhecido,CR,dev,4
f9e4fc65f2ea,0,5311bcdb8aea,1,Desconhecido,DX,dev,3
f9f022de357f,1,a9cf84ed0ad3,1,Desconhecido,DX,dev,0
f9fb22b532d6,1,7adde6f1d3cc,1,Desconhecido,CR,test,-1
fa146053ba25,0,1fab5f2e4369,1,Desconhecido,DX,dev,0
fa1c23bc4d54,1,5a1100bea3b8,1,Desconhecido,CR,dev,4
fa27a6b3551a,0,d2768720db5a,1,Desconhecido,DX,dev,4
fa2e157f2acc,3,dbc6bf584456,1,Desconhecido,DX,dev,0
fa41c6bf6cd3,2,3d2f7ca7a767,1,Desconhecido,DX,dev,1
fa57c8fc7906,0,aa93f52f3277,1,Desconhecido,CR,dev,4
fa58b6e83e6c,2,7c52958ddbf0,1,Desconhecido,DX,dev,4
fa6d3b56e333,1,cc5c2ee2f7af,1,Desconhecido,CR,dev,3
fa749cb9895e,3,0f6a198c0f54,1,Desconhecido,CR,dev,3
fa79b1765773,1,925e9253a722,1,Desconhecido,DX,dev,4
fa8a5228f38b,0,140e034aea3b,1,Desconhecido,CR,dev,0
fa8e92ee028e,2,efe756cfd06e,1,Desconhecido,DX,dev,2
fa9766f49a25,2,02cf6aa8b2b7,1,Desconhecido,CR,dev,4
fa9ea207e240,1,76171a8e94c9,2,Desconhecido,CR,dev,3
faa6a62e025c,0,a5702c5142a7,1,Desconhecido,CR,dev,3
faaf89353e32,2,d77b25369857,1,Desconhecido,CR,dev,1
fab641b3ce7c,3,df08525daffc,1,Desconhecido,DX,dev,0
fabeecea5a9f,2,6dc4688a3fd0,1,Desconhecido,DX,dev,1
fabf4198357c,1,f945f6dca26b,1,Desconhecido,DX,test,-1
fadecb25202a,0,fc4c0f304452,1,Desconhecido,CR,test,-1
fae06a05819a,1,3a1f82266300,2,Desconhecido,DX,dev,0
fae99afb074d,1,4c68a64b3c26,1,Desconhecido,DX,dev,1
fb18563e2a98,2,e19698f8bbc6,1,Desconhecido,CR,dev,3
fb24a702b87b,1,b7f1c07b7f0c,1,Desconhecido,DX,dev,4
fb255b926b51,1,b881d8f56f70,1,Desconhecido,CR,dev,1
fb2654cffc9e,0,ef365975fcd1,1,Desconhecido,DX,dev,0
fb4399c644e0,1,7219f0498e68,1,Desconhecido,CR,dev,2
fb47f989bbcb,1,52552de44397,1,Desconhecido,CR,dev,0
fb4ddcf7f9d6,1,6e949bb450aa,1,Desconhecido,DX,dev,1
fb5044f382e3,0,425ea8f54d1d,1,Desconhecido,CR,dev,4
fb5a3285aaa8,1,cd452e26bcb1,1,Desconhecido,CR,dev,4
fb5cab52ee31,1,f20a5fd89b90,1,Desconhecido,CR,test,-1
fb63912b1f85,0,ac8945b29d6c,1,Desconhecido,DX,test,-1
fb6a47691101,1,fccb73272784,1,Desconhecido,CR,dev,3
fb6b862b6145,0,f7455556e103,1,Desconhecido,DX,dev,3
fb7b50cfe86f,3,853cd4815445,1,Desconhecido,DX,test,-1
fb8430889b41,1,a093e8c76530,1,Desconhecido,CR,dev,3
fb8c469d8dfa,1,9743a8cd1bb6,1,Desconhecido,CR,dev,1
fb913c5f28a1,2,9743a8cd1bb6,1,Desconhecido,DX,dev,1
fba292caa45e,1,79f3500991ce,1,Desconhecido,DX,dev,3
fbcb95b52844,0,f715407240a9,1,Desconhecido,DX,dev,4
fbd455553776,1,1e128d5750e1,1,Desconhecido,DX,test,-1
fbe9974ec5b3,1,e80b9b61824a,1,Desconhecido,CR,dev,3
fbf0289c2fde,1,58b8b67b947c,1,Desconhecido,CR,test,-1
fc01bbfefaee,0,1d7744aa0d05,1,Desconhecido,DX,dev,1
fc1a3a2c2e77,0,79f3500991ce,1,Desconhecido,DX,dev,3
fc3caa4d9eec,0,baa5b74a7511,1,Desconhecido,DX,dev,2
fc3cffe11b17,1,af4580665a80,1,Desconhecido,CR,test,-1
fc42a9c84eb5,1,cc5c2ee2f7af,1,Desconhecido,CR,dev,3
fc45007f145a,1,605693f36f43,2,Desconhecido,CR,test,-1
fc4a3e5f80d5,1,ba72d8b1cf4c,1,Desconhecido,DX,test,-1
fc63422eca1c,0,6f3f66eca311,1,Desconhecido,CR,dev,4
fc6b2aa453eb,2,ec3426e8a969,1,Desconhecido,DX,dev,4
fc76d65f316a,1,08334af30745,1,Desconhecido,CR,dev,2
fc7b87a31179,0,219c7b80247a,1,Desconhecido,CR,dev,3
fc86da3ecf75,1,dcc3fdf6426a,1,Desconhecido,CR,test,-1
fc96b65aa265,0,407036f8a8a1,1,Desconhecido,CR,dev,1
fc9a57e4f583,1,2b42c81efdc9,1,Desconhecido,CR,dev,0
fcaa54dda5f3,2,b42cd76cf4ea,1,Desconhecido,DX,dev,0
fcb2e43ec0fb,1,f49df2004d9a,1,Desconhecido,DX,dev,2
fcb3ecf7568a,1,56d95fd6baaf,1,Desconhecido,CR,dev,3
fcbe8b4eed91,2,e1d06f8ba7eb,1,Desconhecido,DX,dev,1
fcccabab2b47,1,77123ffe05b9,1,Desconhecido,DX,test,-1
fcda620cd4ab,2,b19b609f7011,1,Desconhecido,DX,dev,0
fcf51aeb5fab,3,415f7e1d1db4,1,Desconhecido,DX,dev,4
fcfeb11ce6e1,1,6bcad66a9a8b,1,Desconhecido,CR,test,-1
fcfef81a42ba,2,7d0e1626449f,1,Desconhecido,CR,dev,1
fd079976e62b,2,3b749c542357,1,Desconhecido,DX,test,-1
fd0cd3ed85bd,1,f23c61f2e54d,1,Desconhecido,CR,dev,0
fd2947c154c2,0,5db79c606da1,1,Desconhecido,CR,dev,2
fd2acdca6a22,0,bff923ce0870,1,Desconhecido,CR,dev,1
fd2baad9080b,0,1c76e42c4f19,1,Desconhecido,DX,test,-1
fd2d4f0fedfe,1,805afa520812,1,Desconhecido,DX,test,-1
fd33d1e13711,0,b7c2bccfe6d4,1,Desconhecido,DX,dev,2
fd34648eeaca,0,51fdf51994e3,1,Desconhecido,DX,dev,4
fd62a2e871fb,1,5bf4e7d25406,1,Desconhecido,DX,dev,2
fd657558f339,3,e6b76d087531,1,Desconhecido,DX,dev,3
fd712fae87c0,1,7b6c1a78c39a,1,Desconhecido,DX,dev,4
fd8c61575a7d,1,52552de44397,1,Desconhecido,CR,dev,0
fd8f50efba72,1,2f74a944e623,1,Desconhecido,CR,dev,0
fd90f27b813a,0,74ef142ebc46,1,Desconhecido,DX,dev,1
fd92c6f2b2e6,0,a88994bcbd50,2,Desconhecido,CR,dev,3
fd9bc8ec9c4b,1,5bf4e7d25406,1,Desconhecido,DX,dev,2
fd9c3bbeea06,1,112e8c966f47,1,Desconhecido,CR,test,-1
fd9d8a24f167,0,2b3a5cdf79bc,1,Desconhecido,CR,dev,1
fda0b9b218cc,1,6817e87fae8b,1,Desconhecido,CR,test,-1
fda24ef37907,1,7219f0498e68,1,Desconhecido,DX,dev,2
fda2cd74ad14,1,e79feb769704,1,Desconhecido,DX,dev,4
fda355408eda,1,e50932fc0ad0,1,Desconhecido,DX,test,-1
fdb3f0146f58,2,df8192c3d37c,1,Desconhecido,DX,dev,4
fdb830b6745f,0,41397b2c9d10,1,Desconhecido,CR,dev,0
fdbf84b3fd88,1,06358950dfb5,1,Desconhecido,DX,dev,1
fdc5e14139d7,1,e10fbde1ee9e,1,Desconhecido,CR,dev,0
fdcc6f504d49,1,c0671853504f,1,Desconhecido,CR,dev,1
fde3d0b58a6e,1,88daefcc5f8a,1,Desconhecido,DX,test,-1
fde8d14e4c31,3,0840325e69bf,1,Desconhecido,CR,dev,4
fdebd250bb1b,0,26d16efedc89,1,Desconhecido,DX,test,-1
fdf9cb6b052d,1,ac9f656d4990,1,Desconhecido,DX,dev,2
fdfd07901483,0,de7230cdd134,1,Desconhecido,DX,dev,0
fe0a3b895abf,0,f9df76f40327,1,Desconhecido,DX,test,-1
fe0b9c37645b,3,6e1d4d856df4,1,Desconhecido,CR,dev,0
fe0be2315bf0,0,30aec1ad90b0,1,Desconhecido,DX,dev,4
fe139f2b6429,3,6a3d68b27e91,1,Desconhecido,CR,dev,2
fe1d8ff109c1,0,d5dddc542edd,1,Desconhecido,CR,dev,2
fe3dec8d0403,2,0b03f51b4825,1,Desconhecido,DX,test,-1
fe4db0232dad,0,e1da8b2bb856,1,Desconhecido,DX,dev,2
fe50ad40c0d7,1,f0c63354c873,1,Desconhecido,CR,test,-1
fe6b58e8499f,2,e170f0e90a24,1,Desconhecido,CR,dev,2
fe6b9118cf57,1,54888b99807f,1,Desconhecido,CR,dev,3
fe7b14312526,1,98ecb5a0953c,1,Desconhecido,CR,dev,1
fe7e6015560d,2,f6587fe79ff1,1,Desconhecido,DX,test,-1
febe2f7e76a0,2,af8714d9f3db,1,Desconhecido,CR,test,-1
fecb27d2edca,0,7a38064b9b5f,1,Desconhecido,DX,dev,1
fecddac318f7,0,2fa9f9c24eaa,1,Desconhecido,DX,dev,3
fee1b3d702a5,0,f6a24cbff2aa,1,Desconhecido,CR,dev,1
fefbd0c403c1,2,ed036eaf66e8,1,Desconhecido,CR,dev,3
feffa20fac13,2,cf548d22c9c8,1,Desconhecido,DX,dev,3
ff0879eb20ed,0,f09ff9b7dab3,1,Desconhecido,CR,dev,4
ff0bf9cae3b3,1,4190cb7b6153,1,Desconhecido,DX,dev,2
ff19b8e99b4b,0,0e6ca5729265,1,Desconhecido,DX,dev,2
ff3bc8d91f5b,1,7807dc00fbfa,1,Desconhecido,CR,dev,3
ff3e6f379834,1,26cd03dcb4be,1,Desconhecido,CR,dev,4
ff3fc3faf1ca,2,9562d55e31fb,1,Desconhecido,CR,dev,2
ff4c1c2444fa,2,aa6a229ca125,1,Desconhecido,CR,dev,0
ff4d28f1b11e,1,c1880cf0b032,1,Desconhecido,CR,dev,0
ff57fee8f557,2,b3c256b42201,1,Desconhecido,DX,test,-1
ff5948fb8ea9,1,86872a4d23b7,1,Desconhecido,DX,dev,1
ff631db5f6d4,2,28dd2d6dd674,1,Desconhecido,DX,dev,0
ff7ffd9c6c80,0,e594f2c75acb,1,Desconhecido,CR,dev,4
ff8c65c0cb53,3,dc10d3cf91a6,1,Desconhecido,CR,dev,4
ff9f78aa56a3,0,f94754a439e5,1,Desconhecido,CR,dev,1
ffa332785df4,1,dd9fdaf8d4ff,1,Desconhecido,CR,dev,0
ffc3fa3a1911,3,e20d41441c14,1,Desconhecido,CR,dev,4
ffc6679e82d6,1,c22fb7da97a7,1,Desconhecido,CR,dev,2
ffcb4630f46f,1,e67df835b17d,2,Desconhecido,DX,test,-1
ffe4d6e8fbb0,1,a66dba7d222a,1,Desconhecido,DX,dev,2
ffe94fcb14fa,1,1af09f44436b,1,Desconhecido,CR,test,-1
ffebf1ef4a9c,1,95680c66c89a,1,Desconhecido,CR,dev,3
fff649d65f62,1,eac4a21146e4,1,Desconhecido,CR,test,-1
